 
  kpoint:       1             coordinate:     0.0000    0.0000    0.0000
 
    n           k   ϵ_nk^DFT (eV)     Σ^c_nk (eV)     Σ^x_nk (eV)    v_nk^xc (eV)   ϵ_nk^G0W0 (eV)
 
    1 (occ)     1         -21.343           9.095         -26.924         -16.188          -22.985
    2 (occ)     1          -8.927           3.932         -18.648         -13.174          -10.469
    3 (occ)     1          -5.159           2.908         -22.489         -18.271           -6.470
    4 (occ)     1          -5.155           2.907         -22.488         -18.271           -6.465
    5 (vir)     1           2.487          -2.393          -2.935          -6.812            3.971
    6 (vir)     1           3.692          -2.141          -2.773          -6.431            5.210
    7 (vir)     1           7.792          -4.227          -7.313         -14.422           10.674
    8 (vir)     1           7.797          -4.229          -7.311         -14.422           10.679
    9 (vir)     1           9.402          -4.505          -6.445         -13.139           11.591
   10 (vir)     1          10.227          -6.841          -5.102         -14.212           12.497
   11 (vir)     1          24.714          -3.138          -2.470          -9.997           29.103
   12 (vir)     1          28.068          -6.511          -3.493         -11.690           29.754
   13 (vir)     1          28.070          -6.511          -3.492         -11.689           29.756
   14 (vir)     1          37.908          -8.067          -3.954         -13.236           39.122
   15 (vir)     1          37.913          -8.064          -3.953         -13.235           39.131
   16 (vir)     1          42.640         -11.424          -3.382         -14.840           42.674
   17 (vir)     1          43.590          -7.684          -3.713         -16.007           48.201
   18 (vir)     1          43.594           3.692          -3.927         -16.006           59.365
   19 (vir)     1          52.725           2.490          -1.540          -8.762           62.437
   20 (vir)     1          70.429           1.478          -3.426         -16.498           84.980
   21 (vir)     1          70.436           3.137          -1.961         -16.495           88.107
   22 (vir)     1          74.575           2.142          -1.215         -14.809           90.310
   23 (vir)     1          74.586           1.342          -2.710         -14.805           88.023
   24 (vir)     1         192.216           0.025          29.408         -12.915          234.564
   25 (vir)     1         192.267           5.925         142.050         -12.916          353.158
   26 (vir)     1         210.890           0.972          -1.761         -17.731          227.832
 
 
  kpoint:       2             coordinate:     0.0068    0.0068    0.0000
 
    n           k   ϵ_nk^DFT (eV)     Σ^c_nk (eV)     Σ^x_nk (eV)    v_nk^xc (eV)   ϵ_nk^G0W0 (eV)
 
    1 (occ)     2         -21.341           9.086         -26.924         -16.189          -22.990
    2 (occ)     2          -8.923           3.931         -18.647         -13.175          -10.465
    3 (occ)     2          -5.171           2.910         -22.488         -18.265           -6.483
    4 (occ)     2          -5.161           2.908         -22.487         -18.268           -6.471
    5 (vir)     2           2.487          -2.392          -2.923          -6.802            3.974
    6 (vir)     2           3.695          -2.141          -2.775          -6.435            5.214
    7 (vir)     2           7.796          -4.229          -7.310         -14.419           10.676
    8 (vir)     2           7.804          -4.230          -7.312         -14.426           10.687
    9 (vir)     2           9.408          -4.507          -6.449         -13.142           11.594
   10 (vir)     2          10.219          -6.835          -5.100         -14.205           12.489
   11 (vir)     2          24.714          -3.165          -2.455         -10.003           29.098
   12 (vir)     2          28.051          -6.506          -3.495         -11.690           29.740
   13 (vir)     2          28.053          -6.511          -3.492         -11.691           29.741
   14 (vir)     2          37.924          -8.076          -3.957         -13.243           39.135
   15 (vir)     2          37.941          -8.079          -3.951         -13.236           39.147
   16 (vir)     2          42.656         -11.421          -3.379         -14.834           42.690
   17 (vir)     2          43.535          -7.073          -3.709         -15.957           48.711
   18 (vir)     2          43.588           3.508          -3.920         -16.005           59.181
   19 (vir)     2          52.681           1.386          -1.543          -8.861           61.384
   20 (vir)     2          70.413           1.566          -3.358         -16.497           85.118
   21 (vir)     2          70.504           3.075          -2.223         -16.502           87.859
   22 (vir)     2          74.560           1.419          -2.652         -14.807           88.135
   23 (vir)     2          74.696           2.189          -1.366         -14.753           90.272
   24 (vir)     2         181.669           8.830         130.056         -13.451          334.006
   25 (vir)     2         192.203           3.605         -16.647         -12.911          192.073
   26 (vir)     2         217.178           2.522          31.422         -17.174          268.296
 
 
  kpoint:       3             coordinate:     0.0136    0.0136    0.0000
 
    n           k   ϵ_nk^DFT (eV)     Σ^c_nk (eV)     Σ^x_nk (eV)    v_nk^xc (eV)   ϵ_nk^G0W0 (eV)
 
    1 (occ)     3         -21.335           9.076         -26.924         -16.193          -22.990
    2 (occ)     3          -8.913           3.927         -18.646         -13.178          -10.453
    3 (occ)     3          -5.206           2.919         -22.483         -18.249           -6.521
    4 (occ)     3          -5.177           2.911         -22.483         -18.260           -6.489
    5 (vir)     3           2.488          -2.383          -2.899          -6.775            3.981
    6 (vir)     3           3.704          -2.143          -2.784          -6.447            5.224
    7 (vir)     3           7.794          -4.227          -7.307         -14.410           10.669
    8 (vir)     3           7.840          -4.239          -7.312         -14.435           10.725
    9 (vir)     3           9.426          -4.520          -6.460         -13.152           11.598
   10 (vir)     3          10.194          -6.819          -5.095         -14.185           12.465
   11 (vir)     3          24.715          -3.532          -2.428         -10.021           28.775
   12 (vir)     3          27.992          -6.488          -3.503         -11.693           29.693
   13 (vir)     3          28.010          -6.509          -3.491         -11.694           29.704
   14 (vir)     3          37.958          -8.111          -3.967         -13.265           39.144
   15 (vir)     3          38.040          -8.113          -3.942         -13.236           39.221
   16 (vir)     3          42.704         -11.411          -3.370         -14.816           42.740
   17 (vir)     3          43.372           4.410          -3.711         -15.813           59.884
   18 (vir)     3          43.569           2.604          -3.898         -16.002           58.277
   19 (vir)     3          52.556           2.302          -1.591          -9.138           62.405
   20 (vir)     3          70.366           1.863          -3.192         -16.494           85.531
   21 (vir)     3          70.680           2.958          -2.874         -16.522           87.286
   22 (vir)     3          74.488           1.674          -2.497         -14.814           88.479
   23 (vir)     3          75.069           2.472          -1.803         -14.595           90.333
   24 (vir)     3         162.871          -2.775          58.545         -13.313          231.954
   25 (vir)     3         192.090           6.084           6.445         -12.899          217.518
   26 (vir)     3         224.735           0.867          23.563         -17.257          266.423
 
 
  kpoint:       4             coordinate:     0.0204    0.0204    0.0000
 
    n           k   ϵ_nk^DFT (eV)     Σ^c_nk (eV)     Σ^x_nk (eV)    v_nk^xc (eV)   ϵ_nk^G0W0 (eV)
 
    1 (occ)     4         -21.324           9.095         -26.927         -16.199          -22.956
    2 (occ)     4          -8.895           3.920         -18.643         -13.183          -10.435
    3 (occ)     4          -5.263           2.933         -22.476         -18.221           -6.585
    4 (occ)     4          -5.204           2.917         -22.477         -18.246           -6.518
    5 (vir)     4           2.490          -2.358          -2.882          -6.733            3.983
    6 (vir)     4           3.720          -2.147          -2.797          -6.466            5.242
    7 (vir)     4           7.790          -4.225          -7.304         -14.396           10.657
    8 (vir)     4           7.899          -4.253          -7.310         -14.450           10.785
    9 (vir)     4           9.456          -4.555          -6.473         -13.169           11.598
   10 (vir)     4          10.153          -6.792          -5.087         -14.151           12.425
   11 (vir)     4          24.717          -5.449          -2.431         -10.050           26.888
   12 (vir)     4          27.892          -6.461          -3.514         -11.695           29.612
   13 (vir)     4          27.942          -6.505          -3.490         -11.700           29.647
   14 (vir)     4          38.012          -8.167          -3.983         -13.301           39.162
   15 (vir)     4          38.204          -8.171          -3.927         -13.236           39.343
   16 (vir)     4          42.783         -11.397          -3.356         -14.788           42.818
   17 (vir)     4          43.107          -3.392          -3.747         -15.592           51.560
   18 (vir)     4          43.538          -2.012          -3.875         -15.997           53.647
   19 (vir)     4          52.376           3.255          -1.743          -9.550           63.438
   20 (vir)     4          70.292           2.410          -3.035         -16.491           86.159
   21 (vir)     4          70.885           2.733          -3.602         -16.541           86.557
   22 (vir)     4          74.381           2.141          -2.322         -14.836           89.036
   23 (vir)     4          75.708           2.523          -2.454         -14.369           90.147
   24 (vir)     4         143.109          -7.144          -1.751         -12.997          147.211
   25 (vir)     4         191.771          -1.623          32.315         -12.871          235.335
   26 (vir)     4         229.922          -0.757           4.577         -17.497          251.239
 
 
  kpoint:       5             coordinate:     0.0272    0.0272    0.0000
 
    n           k   ϵ_nk^DFT (eV)     Σ^c_nk (eV)     Σ^x_nk (eV)    v_nk^xc (eV)   ϵ_nk^G0W0 (eV)
 
    1 (occ)     5         -21.308           9.149         -26.931         -16.208          -22.882
    2 (occ)     5          -8.870           3.911         -18.640         -13.191          -10.408
    3 (occ)     5          -5.342           2.952         -22.467         -18.185           -6.672
    4 (occ)     5          -5.242           2.926         -22.468         -18.227           -6.558
    5 (vir)     5           2.496          -2.323          -2.878          -6.680            3.975
    6 (vir)     5           3.742          -2.152          -2.817          -6.493            5.266
    7 (vir)     5           7.786          -4.222          -7.301         -14.378           10.642
    8 (vir)     5           7.980          -4.273          -7.306         -14.466           10.867
    9 (vir)     5           9.501          -4.614          -6.480         -13.194           11.600
   10 (vir)     5          10.096          -6.754          -5.075         -14.102           12.369
   11 (vir)     5          24.722          -6.542          -2.483         -10.092           25.789
   12 (vir)     5          27.750          -6.423          -3.526         -11.696           29.496
   13 (vir)     5          27.857          -6.502          -3.491         -11.709           29.573
   14 (vir)     5          38.084          -8.239          -4.004         -13.348           39.189
   15 (vir)     5          38.428          -8.251          -3.907         -13.240           39.510
   16 (vir)     5          42.750          -6.731          -3.829         -15.321           47.512
   17 (vir)     5          42.895         -11.383          -3.337         -14.749           42.924
   18 (vir)     5          43.496         -12.853          -3.865         -15.989           42.767
   19 (vir)     5          52.169           3.487          -1.986         -10.037           63.708
   20 (vir)     5          70.197           3.060          -2.981         -16.492           86.769
   21 (vir)     5          71.030           3.137          -4.159         -16.521           86.529
   22 (vir)     5          74.261           2.748          -2.244         -14.887           89.652
   23 (vir)     5          76.606          -1.314          -3.175         -14.126           86.243
   24 (vir)     5         125.096          -3.525         -36.681         -12.703           97.594
   25 (vir)     5         191.037          -4.780          47.270         -12.819          246.346
   26 (vir)     5         233.282          -1.177          -8.021         -17.702          241.786
 
 
  kpoint:       6             coordinate:     0.0340    0.0340    0.0000
 
    n           k   ϵ_nk^DFT (eV)     Σ^c_nk (eV)     Σ^x_nk (eV)    v_nk^xc (eV)   ϵ_nk^G0W0 (eV)
 
    1 (occ)     6         -21.287           9.204         -26.935         -16.217          -22.801
    2 (occ)     6          -8.838           3.899         -18.636         -13.200          -10.374
    3 (occ)     6          -5.442           2.977         -22.458         -18.140           -6.783
    4 (occ)     6          -5.291           2.936         -22.457         -18.202           -6.610
    5 (vir)     6           2.508          -2.300          -2.872          -6.621            3.957
    6 (vir)     6           3.770          -2.160          -2.843          -6.530            5.297
    7 (vir)     6           7.783          -4.219          -7.297         -14.358           10.625
    8 (vir)     6           8.080          -4.299          -7.297         -14.481           10.965
    9 (vir)     6           9.560          -4.678          -6.479         -13.229           11.632
   10 (vir)     6          10.024          -6.706          -5.059         -14.040           12.298
   11 (vir)     6          24.733          -6.665          -2.564         -10.145           25.649
   12 (vir)     6          27.567          -6.376          -3.540         -11.695           29.345
   13 (vir)     6          27.758          -6.500          -3.493         -11.722           29.487
   14 (vir)     6          38.174          -8.324          -4.028         -13.405           39.226
   15 (vir)     6          38.709          -8.353          -3.884         -13.247           39.720
   16 (vir)     6          42.316         -12.028          -3.932         -15.030           41.387
   17 (vir)     6          43.038         -11.371          -3.315         -14.701           43.054
   18 (vir)     6          43.442          -5.727          -3.875         -15.979           49.819
   19 (vir)     6          51.964           3.869          -2.232         -10.546           64.147
   20 (vir)     6          70.087           3.430          -3.065         -16.500           86.952
   21 (vir)     6          71.039           3.420          -4.459         -16.430           86.430
   22 (vir)     6          74.150           3.256          -2.396         -14.977           89.988
   23 (vir)     6          77.705          -0.513          -3.844         -13.916           87.264
   24 (vir)     6         110.034          -2.914         -44.063         -12.452           75.509
   25 (vir)     6         189.571          -2.145          41.920         -12.729          242.075
   26 (vir)     6         235.473          -0.479         -11.795         -17.847          241.046
 
 
  kpoint:       7             coordinate:     0.0408    0.0408    0.0000
 
    n           k   ϵ_nk^DFT (eV)     Σ^c_nk (eV)     Σ^x_nk (eV)    v_nk^xc (eV)   ϵ_nk^G0W0 (eV)
 
    1 (occ)     7         -21.262           9.214         -26.937         -16.228          -22.756
    2 (occ)     7          -8.799           3.885         -18.631         -13.212          -10.333
    3 (occ)     7          -5.560           3.007         -22.449         -18.088           -6.914
    4 (occ)     7          -5.349           2.949         -22.444         -18.172           -6.672
    5 (vir)     7           2.528          -2.308          -2.845          -6.561            3.935
    6 (vir)     7           3.804          -2.169          -2.876          -6.576            5.335
    7 (vir)     7           7.782          -4.216          -7.293         -14.336           10.608
    8 (vir)     7           8.195          -4.329          -7.281         -14.490           11.075
    9 (vir)     7           9.637          -4.730          -6.478         -13.278           11.706
   10 (vir)     7           9.937          -6.648          -5.038         -13.962           12.213
   11 (vir)     7          24.752          -6.661          -2.630         -10.208           25.670
   12 (vir)     7          27.345          -6.321          -3.555         -11.690           29.159
   13 (vir)     7          27.653          -6.501          -3.495         -11.738           29.394
   14 (vir)     7          38.278          -8.419          -4.055         -13.470           39.273
   15 (vir)     7          39.042          -8.476          -3.857         -13.261           39.969
   16 (vir)     7          41.822           6.077          -3.996         -14.748           58.651
   17 (vir)     7          43.213         -11.359          -3.290         -14.645           43.209
   18 (vir)     7          43.378          -2.760          -3.903         -15.966           52.681
   19 (vir)     7          51.780           4.148          -2.403         -11.034           64.559
   20 (vir)     7          69.963           3.285          -3.255         -16.521           86.514
   21 (vir)     7          70.855           3.220          -4.540         -16.262           85.798
   22 (vir)     7          74.050           3.033          -2.851         -15.078           89.310
   23 (vir)     7          78.859          -1.995          -4.595         -13.788           86.057
   24 (vir)     7          98.213          -3.252         -34.165         -12.222           73.018
   25 (vir)     7         186.947          -0.681          17.477         -12.578          216.321
   26 (vir)     7         236.930          -0.074          -9.617         -17.942          245.181
 
 
  kpoint:       8             coordinate:     0.0476    0.0476    0.0000
 
    n           k   ϵ_nk^DFT (eV)     Σ^c_nk (eV)     Σ^x_nk (eV)    v_nk^xc (eV)   ϵ_nk^G0W0 (eV)
 
    1 (occ)     8         -21.230           9.160         -26.937         -16.240          -22.768
    2 (occ)     8          -8.752           3.868         -18.625         -13.226          -10.283
    3 (occ)     8          -5.696           3.042         -22.441         -18.030           -7.065
    4 (occ)     8          -5.418           2.965         -22.430         -18.137           -6.745
    5 (vir)     8           2.558          -2.342          -2.801          -6.506            3.921
    6 (vir)     8           3.843          -2.180          -2.916          -6.632            5.380
    7 (vir)     8           7.783          -4.212          -7.289         -14.313           10.595
    8 (vir)     8           8.323          -4.362          -7.254         -14.485           11.192
    9 (vir)     8           9.734          -4.740          -6.495         -13.345           11.843
   10 (vir)     8           9.836          -6.579          -5.012         -13.869           12.113
   11 (vir)     8          24.782          -6.544          -2.655         -10.282           25.865
   12 (vir)     8          27.086          -6.258          -3.570         -11.682           28.940
   13 (vir)     8          27.544          -6.506          -3.499         -11.758           29.297
   14 (vir)     8          38.393          -8.521          -4.084         -13.541           39.328
   15 (vir)     8          39.420          -8.619          -3.828         -13.281           40.253
   16 (vir)     8          41.286           6.033          -3.981         -14.495           57.833
   17 (vir)     8          43.305          -1.756          -3.938         -15.950           53.561
   18 (vir)     8          43.421         -11.346          -3.265         -14.582           43.392
   19 (vir)     8          51.629           4.309          -2.496         -11.472           64.915
   20 (vir)     8          69.826           2.973          -3.510         -16.571           85.860
   21 (vir)     8          70.424           3.239          -4.562         -16.023           85.125
   22 (vir)     8          73.885           2.425          -3.602         -15.070           87.778
   23 (vir)     8          79.635           3.906          -6.403         -13.828           90.966
   24 (vir)     8          89.799           7.665         -18.924         -12.007           90.547
   25 (vir)     8         182.651           0.186         -13.091         -12.342          182.088
   26 (vir)     8         237.904           3.591          -5.521         -17.999          253.972
 
 
  kpoint:       9             coordinate:     0.0544    0.0544    0.0000
 
    n           k   ϵ_nk^DFT (eV)     Σ^c_nk (eV)     Σ^x_nk (eV)    v_nk^xc (eV)   ϵ_nk^G0W0 (eV)
 
    1 (occ)     9         -21.194           9.063         -26.934         -16.252          -22.813
    2 (occ)     9          -8.699           3.848         -18.618         -13.242          -10.227
    3 (occ)     9          -5.847           3.082         -22.435         -17.968           -7.232
    4 (occ)     9          -5.496           2.982         -22.413         -18.098           -6.829
    5 (vir)     9           2.601          -2.368          -2.761          -6.461            3.934
    6 (vir)     9           3.888          -2.194          -2.965          -6.701            5.430
    7 (vir)     9           7.787          -4.208          -7.285         -14.292           10.586
    8 (vir)     9           8.458          -4.389          -7.218         -14.463           11.315
    9 (vir)     9           9.721          -6.501          -4.979         -13.759           12.000
   10 (vir)     9           9.853          -4.634          -6.546         -13.433           12.106
   11 (vir)     9          24.823          -5.188          -2.651         -10.366           27.349
   12 (vir)     9          26.794          -6.188          -3.586         -11.670           28.690
   13 (vir)     9          27.437          -6.516          -3.502         -11.781           29.199
   14 (vir)     9          38.519          -8.628          -4.113         -13.615           39.393
   15 (vir)     9          39.835          -8.780          -3.797         -13.309           40.567
   16 (vir)     9          40.726           3.243          -3.913         -14.284           54.339
   17 (vir)     9          43.223          -2.124          -3.965         -15.931           53.065
   18 (vir)     9          43.663         -11.328          -3.242         -14.513           43.606
   19 (vir)     9          51.517           2.218          -2.561         -11.846           63.021
   20 (vir)     9          69.548           2.556          -5.492         -16.190           82.803
   21 (vir)     9          69.737           4.090          -3.409         -16.089           86.508
   22 (vir)     9          73.359           2.108          -4.728         -14.643           85.382
   23 (vir)     9          78.731           5.357          -9.145         -14.127           89.069
   24 (vir)     9          85.982           3.630          -6.016         -12.088           95.684
   25 (vir)     9         176.155           0.518         -32.076         -11.995          156.591
   26 (vir)     9         238.527           2.288          -2.453         -18.029          256.392
 
 
  kpoint:      10             coordinate:     0.0612    0.0612    0.0000
 
    n           k   ϵ_nk^DFT (eV)     Σ^c_nk (eV)     Σ^x_nk (eV)    v_nk^xc (eV)   ϵ_nk^G0W0 (eV)
 
    1 (occ)    10         -21.152           8.980         -26.930         -16.264          -22.838
    2 (occ)    10          -8.639           3.826         -18.610         -13.261          -10.163
    3 (occ)    10          -6.013           3.127         -22.432         -17.903           -7.415
    4 (occ)    10          -5.583           3.002         -22.395         -18.054           -6.922
    5 (vir)    10           2.658          -2.350          -2.744          -6.430            3.995
    6 (vir)    10           3.937          -2.211          -3.023          -6.783            5.486
    7 (vir)    10           7.796          -4.204          -7.281         -14.271           10.582
    8 (vir)    10           8.597          -4.406          -7.173         -14.420           11.437
    9 (vir)    10           9.596          -6.413          -4.938         -13.631           11.875
   10 (vir)    10           9.999          -4.520          -6.622         -13.544           12.401
   11 (vir)    10          24.877          -3.655          -2.654         -10.457           29.025
   12 (vir)    10          26.472          -6.113          -3.601         -11.653           28.411
   13 (vir)    10          27.334          -6.530          -3.506         -11.807           29.104
   14 (vir)    10          38.652          -8.736          -4.141         -13.691           39.466
   15 (vir)    10          40.156           3.501          -3.852         -14.118           53.924
   16 (vir)    10          40.280          -8.957          -3.762         -13.346           40.907
   17 (vir)    10          43.133          -2.387          -3.975         -15.909           52.680
   18 (vir)    10          43.941         -11.305          -3.222         -14.439           43.853
   19 (vir)    10          51.443           3.287          -2.630         -12.151           64.251
   20 (vir)    10          67.952           2.844          -8.291         -14.781           77.287
   21 (vir)    10          69.538           3.522          -3.510         -16.587           86.138
   22 (vir)    10          72.057           1.564          -5.105         -14.030           82.547
   23 (vir)    10          77.064           2.022          -6.892         -15.043           87.238
   24 (vir)    10          86.157           1.359          -2.393         -12.323           97.446
   25 (vir)    10         167.063          -0.177         -29.241         -11.521          149.167
   26 (vir)    10         238.869           1.566          -1.300         -18.043          257.178
 
 
  kpoint:      11             coordinate:     0.0680    0.0680    0.0000
 
    n           k   ϵ_nk^DFT (eV)     Σ^c_nk (eV)     Σ^x_nk (eV)    v_nk^xc (eV)   ϵ_nk^G0W0 (eV)
 
    1 (occ)    11         -21.104           8.948         -26.925         -16.277          -22.804
    2 (occ)    11          -8.572           3.801         -18.602         -13.281          -10.091
    3 (occ)    11          -6.191           3.175         -22.432         -17.835           -7.612
    4 (occ)    11          -5.679           3.024         -22.376         -18.006           -7.025
    5 (vir)    11           2.732          -2.289          -2.748          -6.416            4.111
    6 (vir)    11           3.990          -2.231          -3.093          -6.881            5.547
    7 (vir)    11           7.810          -4.201          -7.277         -14.252           10.584
    8 (vir)    11           8.735          -4.426          -7.124         -14.356           11.541
    9 (vir)    11           9.459          -6.315          -4.887         -13.483           11.739
   10 (vir)    11          10.174          -4.666          -6.689         -13.676           12.495
   11 (vir)    11          24.943          -5.303          -2.690         -10.556           27.507
   12 (vir)    11          26.125          -6.033          -3.617         -11.633           28.108
   13 (vir)    11          27.237          -6.550          -3.510         -11.836           29.013
   14 (vir)    11          38.793          -8.845          -4.168         -13.767           39.548
   15 (vir)    11          39.589           0.826          -3.806         -13.995           50.603
   16 (vir)    11          40.745          -9.145          -3.723         -13.391           41.269
   17 (vir)    11          43.035         -11.668          -3.972         -15.883           43.277
   18 (vir)    11          44.259         -11.278          -3.207         -14.361           44.135
   19 (vir)    11          51.399           2.043          -2.681         -12.391           63.151
   20 (vir)    11          65.243          -0.087         -11.784         -13.385           66.757
   21 (vir)    11          69.341           2.075          -3.739         -16.733           84.412
   22 (vir)    11          70.773           0.755          -3.447         -14.274           82.356
   23 (vir)    11          76.557           0.325          -5.253         -15.630           87.258
   24 (vir)    11          87.409           1.388          -1.751         -12.339           99.384
   25 (vir)    11         155.327          -5.042         -10.081         -10.930          151.134
   26 (vir)    11         238.974           1.135          -1.336         -18.047          256.821
 
 
  kpoint:      12             coordinate:     0.0748    0.0748    0.0000
 
    n           k   ϵ_nk^DFT (eV)     Σ^c_nk (eV)     Σ^x_nk (eV)    v_nk^xc (eV)   ϵ_nk^G0W0 (eV)
 
    1 (occ)    12         -21.050           8.949         -26.918         -16.290          -22.729
    2 (occ)    12          -8.498           3.773         -18.593         -13.305          -10.013
    3 (occ)    12          -6.379           3.228         -22.435         -17.767           -7.820
    4 (occ)    12          -5.783           3.048         -22.357         -17.955           -7.137
    5 (vir)    12           2.823          -2.243          -2.748          -6.422            4.254
    6 (vir)    12           4.047          -2.257          -3.174          -6.998            5.613
    7 (vir)    12           7.829          -4.199          -7.273         -14.234           10.591
    8 (vir)    12           8.870          -4.469          -7.063         -14.276           11.615
    9 (vir)    12           9.314          -6.208          -4.825         -13.312           11.593
   10 (vir)    12          10.379          -4.890          -6.711         -13.823           12.601
   11 (vir)    12          25.021          -6.853          -2.750         -10.661           26.079
   12 (vir)    12          25.755          -5.949          -3.632         -11.609           27.782
   13 (vir)    12          27.150          -6.576          -3.514         -11.868           28.929
   14 (vir)    12          38.940          -8.952          -4.192         -13.842           39.638
   15 (vir)    12          39.028           3.380          -3.699         -13.903           52.612
   16 (vir)    12          41.222          -9.339          -3.677         -13.444           41.650
   17 (vir)    12          42.929          -9.873          -3.974         -15.851           44.934
   18 (vir)    12          44.620         -11.253          -3.201         -14.282           44.448
   19 (vir)    12          51.372           5.988          -2.702         -12.572           67.230
   20 (vir)    12          62.209           6.707         -11.879         -12.485           69.523
   21 (vir)    12          69.040           1.945          -4.069         -16.755           83.672
   22 (vir)    12          69.968           5.019          -2.175         -14.566           87.378
   23 (vir)    12          76.582           0.165          -4.354         -15.842           88.235
   24 (vir)    12          88.786           3.005          -1.498         -12.250          102.543
   25 (vir)    12         141.443          -8.569           8.103         -10.269          151.246
   26 (vir)    12         238.892          -4.206          -1.485         -18.044          251.246
 
 
  kpoint:      13             coordinate:     0.0816    0.0816    0.0000
 
    n           k   ϵ_nk^DFT (eV)     Σ^c_nk (eV)     Σ^x_nk (eV)    v_nk^xc (eV)   ϵ_nk^G0W0 (eV)
 
    1 (occ)    13         -20.991           8.938         -26.908         -16.303          -22.659
    2 (occ)    13          -8.417           3.743         -18.583         -13.331           -9.927
    3 (occ)    13          -6.577           3.284         -22.442         -17.697           -8.037
    4 (occ)    13          -5.896           3.074         -22.336         -17.900           -7.258
    5 (vir)    13           2.933          -2.258          -2.722          -6.449            4.401
    6 (vir)    13           4.106          -2.287          -3.271          -7.136            5.683
    7 (vir)    13           7.854          -4.197          -7.269         -14.218           10.606
    8 (vir)    13           9.001          -4.526          -6.981         -14.189           11.684
    9 (vir)    13           9.161          -6.090          -4.750         -13.117           11.438
   10 (vir)    13          10.613          -5.044          -6.679         -13.975           12.866
   11 (vir)    13          25.108          -7.100          -2.805         -10.771           25.975
   12 (vir)    13          25.367          -5.863          -3.647         -11.581           27.437
   13 (vir)    13          27.073          -6.606          -3.517         -11.903           28.853
   14 (vir)    13          38.475          -8.134          -3.449         -13.832           40.724
   15 (vir)    13          39.091          -9.057          -4.214         -13.916           39.736
   16 (vir)    13          41.699          -9.532          -3.624         -13.501           42.043
   17 (vir)    13          42.814          -5.552          -3.998         -15.812           49.076
   18 (vir)    13          45.028         -11.239          -3.203         -14.205           44.791
   19 (vir)    13          51.338          -5.200          -2.755         -12.699           56.083
   20 (vir)    13          59.353          12.867          -7.579         -11.866           76.507
   21 (vir)    13          68.518           1.820          -3.894         -16.344           82.788
   22 (vir)    13          69.537          -4.347          -2.064         -15.116           78.243
   23 (vir)    13          76.780           1.015          -3.589         -15.936           90.142
   24 (vir)    13          89.859          -0.055          -1.155         -12.053          100.702
   25 (vir)    13         126.572          -2.737          10.442          -9.664          143.941
   26 (vir)    13         238.680          -0.827          -1.277         -18.039          254.615
 
 
  kpoint:      14             coordinate:     0.0884    0.0884    0.0000
 
    n           k   ϵ_nk^DFT (eV)     Σ^c_nk (eV)     Σ^x_nk (eV)    v_nk^xc (eV)   ϵ_nk^G0W0 (eV)
 
    1 (occ)    14         -20.927           8.890         -26.898         -16.317          -22.618
    2 (occ)    14          -8.330           3.711         -18.573         -13.359           -9.833
    3 (occ)    14          -6.782           3.343         -22.452         -17.627           -8.263
    4 (occ)    14          -6.015           3.102         -22.316         -17.842           -7.386
    5 (vir)    14           3.061          -2.334          -2.676          -6.497            4.548
    6 (vir)    14           4.166          -2.325          -3.384          -7.300            5.757
    7 (vir)    14           7.886          -4.196          -7.265         -14.203           10.628
    8 (vir)    14           9.003          -5.962          -4.659         -12.894           11.276
    9 (vir)    14           9.129          -4.559          -6.875         -14.101           11.796
   10 (vir)    14          10.875          -5.099          -6.620         -14.124           13.281
   11 (vir)    14          24.963          -5.775          -3.662         -11.549           27.075
   12 (vir)    14          25.203          -7.129          -2.835         -10.885           26.124
   13 (vir)    14          27.008          -6.642          -3.520         -11.940           28.786
   14 (vir)    14          37.923          -8.372          -3.086         -13.767           40.231
   15 (vir)    14          39.247          -9.162          -4.233         -13.987           39.839
   16 (vir)    14          42.167          -9.720          -3.564         -13.559           42.442
   17 (vir)    14          42.688          -3.190          -4.052         -15.759           51.205
   18 (vir)    14          45.490         -11.245          -3.216         -14.132           45.161
   19 (vir)    14          51.248           3.506          -2.911         -12.758           64.601
   20 (vir)    14          56.766          -1.266          -0.820         -11.371           66.052
   21 (vir)    14          67.837           1.081          -3.604         -15.989           81.303
   22 (vir)    14          69.316           3.301          -2.518         -15.520           85.619
   23 (vir)    14          77.037           4.481          -2.986         -15.979           94.510
   24 (vir)    14          89.755           0.192          -1.411         -11.482          100.018
   25 (vir)    14         112.760           8.057          -2.853          -9.490          127.453
   26 (vir)    14         238.406          -2.098          -0.947         -18.033          253.395
 
 
  kpoint:      15             coordinate:     0.0952    0.0952    0.0000
 
    n           k   ϵ_nk^DFT (eV)     Σ^c_nk (eV)     Σ^x_nk (eV)    v_nk^xc (eV)   ϵ_nk^G0W0 (eV)
 
    1 (occ)    15         -20.857           8.826         -26.887         -16.331          -22.587
    2 (occ)    15          -8.236           3.676         -18.563         -13.390           -9.733
    3 (occ)    15          -6.993           3.405         -22.465         -17.558           -8.495
    4 (occ)    15          -6.141           3.133         -22.295         -17.781           -7.523
    5 (vir)    15           3.207          -2.431          -2.646          -6.567            4.696
    6 (vir)    15           4.226          -2.370          -3.517          -7.494            5.832
    7 (vir)    15           7.924          -4.196          -7.260         -14.188           10.656
    8 (vir)    15           8.842          -5.822          -4.549         -12.638           11.109
    9 (vir)    15           9.255          -4.512          -6.763         -14.016           11.996
   10 (vir)    15          11.162          -4.732          -6.580         -14.265           14.116
   11 (vir)    15          24.546          -5.685          -3.677         -11.514           26.699
   12 (vir)    15          25.301          -6.854          -2.845         -11.002           26.604
   13 (vir)    15          26.956          -6.682          -3.523         -11.979           28.730
   14 (vir)    15          37.364         -10.123          -2.781         -13.692           38.151
   15 (vir)    15          39.407          -9.266          -4.250         -14.055           39.947
   16 (vir)    15          42.542          -3.666          -4.135         -15.678           50.419
   17 (vir)    15          42.618          -9.899          -3.498         -13.613           42.834
   18 (vir)    15          46.006         -11.281          -3.236         -14.070           45.559
   19 (vir)    15          50.958           2.102          -2.750         -12.601           62.911
   20 (vir)    15          54.519          -7.615           4.112         -11.107           62.123
   21 (vir)    15          67.075           1.568          -3.723         -15.752           80.673
   22 (vir)    15          69.169           2.644          -2.896         -15.705           84.622
   23 (vir)    15          77.287           3.900          -2.657         -15.946           94.476
   24 (vir)    15          85.811           0.335          -9.567          -9.892           86.472
   25 (vir)    15         103.869           0.435         -12.376         -10.570          102.498
   26 (vir)    15         238.135           4.739          -0.918         -18.029          259.986
 
 
  kpoint:      16             coordinate:     0.1020    0.1020    0.0000
 
    n           k   ϵ_nk^DFT (eV)     Σ^c_nk (eV)     Σ^x_nk (eV)    v_nk^xc (eV)   ϵ_nk^G0W0 (eV)
 
    1 (occ)    16         -20.783           8.779         -26.876         -16.347          -22.533
    2 (occ)    16          -8.135           3.638         -18.552         -13.424           -9.625
    3 (occ)    16          -7.209           3.469         -22.480         -17.489           -8.732
    4 (occ)    16          -6.274           3.165         -22.275         -17.718           -7.666
    5 (vir)    16           3.369          -2.491          -2.664          -6.656            4.870
    6 (vir)    16           4.285          -2.426          -3.673          -7.723            5.909
    7 (vir)    16           7.968          -4.197          -7.253         -14.174           10.692
    8 (vir)    16           8.681          -5.669          -4.416         -12.344           10.939
    9 (vir)    16           9.380          -4.343          -6.677         -13.935           12.296
   10 (vir)    16          11.471          -3.747          -6.587         -14.395           15.532
   11 (vir)    16          24.120          -5.594          -3.692         -11.477           26.311
   12 (vir)    16          25.399          -4.906          -2.866         -11.119           28.746
   13 (vir)    16          26.916          -6.727          -3.525         -12.020           28.684
   14 (vir)    16          36.786         -12.409          -2.736         -13.590           35.230
   15 (vir)    16          39.570          -9.368          -4.264         -14.120           40.059
   16 (vir)    16          42.359           3.318          -4.260         -15.530           56.947
   17 (vir)    16          43.047         -10.066          -3.428         -13.657           43.210
   18 (vir)    16          46.579         -11.347          -3.263         -14.023           45.991
   19 (vir)    16          50.016          -4.548          -0.817         -11.703           56.353
   20 (vir)    16          52.981          -3.773           2.598         -11.621           63.426
   21 (vir)    16          66.126           0.830          -4.773         -15.257           77.440
   22 (vir)    16          69.056           2.684          -3.055         -15.776           84.462
   23 (vir)    16          76.509           0.152         -12.866         -11.068           74.862
   24 (vir)    16          78.292          -0.061         -10.997         -13.742           80.975
   25 (vir)    16         101.612           0.028          -8.952         -11.580          104.268
   26 (vir)    16         237.925           1.391          -1.291         -18.028          256.053
 
 
  kpoint:      17             coordinate:     0.1088    0.1088    0.0000
 
    n           k   ϵ_nk^DFT (eV)     Σ^c_nk (eV)     Σ^x_nk (eV)    v_nk^xc (eV)   ϵ_nk^G0W0 (eV)
 
    1 (occ)    17         -20.703           8.766         -26.867         -16.364          -22.440
    2 (occ)    17          -8.028           3.599         -18.542         -13.461           -9.510
    3 (occ)    17          -7.429           3.534         -22.498         -17.420           -8.973
    4 (occ)    17          -6.412           3.198         -22.256         -17.654           -7.815
    5 (vir)    17           3.547          -2.493          -2.740          -6.763            5.077
    6 (vir)    17           4.340          -2.493          -3.856          -7.994            5.985
    7 (vir)    17           8.020          -4.198          -7.246         -14.160           10.736
    8 (vir)    17           8.522          -5.502          -4.258         -12.006           10.768
    9 (vir)    17           9.506          -4.230          -6.632         -13.859           12.503
   10 (vir)    17          11.798          -3.586          -6.633         -14.511           16.090
   11 (vir)    17          23.686          -5.502          -3.706         -11.436           25.914
   12 (vir)    17          25.490          -2.802          -2.921         -11.234           31.001
   13 (vir)    17          26.890          -6.775          -3.527         -12.062           28.650
   14 (vir)    17          36.179           4.179          -3.024         -13.446           50.779
   15 (vir)    17          39.736          -9.468          -4.276         -14.183           40.175
   16 (vir)    17          42.093          -8.448          -4.521         -15.183           44.307
   17 (vir)    17          43.453         -10.218          -3.360         -13.689           43.564
   18 (vir)    17          47.205         -11.441          -3.292         -13.993           46.465
   19 (vir)    17          48.143          12.060          -1.490         -10.739           69.452
   20 (vir)    17          52.374         -11.504          -1.054         -12.347           52.163
   21 (vir)    17          63.984           0.524         -11.041         -11.990           65.456
   22 (vir)    17          68.900           2.586          -2.817         -14.799           83.468
   23 (vir)    17          69.372           0.393         -14.221         -12.422           67.966
   24 (vir)    17          78.016           1.477          -3.601         -16.115           92.008
   25 (vir)    17         101.998           0.469          -5.501         -11.886          108.852
   26 (vir)    17         237.818           0.881          -1.778         -18.030          254.951
 
 
  kpoint:      18             coordinate:     0.1156    0.1156    0.0000
 
    n           k   ϵ_nk^DFT (eV)     Σ^c_nk (eV)     Σ^x_nk (eV)    v_nk^xc (eV)   ϵ_nk^G0W0 (eV)
 
    1 (occ)    18         -20.618           8.770         -26.857         -16.382          -22.323
    2 (occ)    18          -7.915           3.557         -18.531         -13.501           -9.388
    3 (occ)    18          -7.652           3.600         -22.517         -17.352           -9.216
    4 (occ)    18          -6.555           3.234         -22.237         -17.588           -7.971
    5 (vir)    18           3.738          -2.481          -2.846          -6.884            5.295
    6 (vir)    18           4.389          -2.575          -4.068          -8.312            6.058
    7 (vir)    18           8.078          -4.199          -7.236         -14.146           10.789
    8 (vir)    18           8.369          -5.320          -4.070         -11.620           10.600
    9 (vir)    18           9.634          -4.383          -6.615         -13.786           12.421
   10 (vir)    18          12.139          -4.547          -6.685         -14.615           15.522
   11 (vir)    18          23.248          -5.410          -3.720         -11.393           25.510
   12 (vir)    18          25.570          -2.786          -3.008         -11.338           31.113
   13 (vir)    18          26.878          -6.827          -3.529         -12.107           28.627
   14 (vir)    18          35.528           2.110          -3.498         -13.242           47.382
   15 (vir)    18          39.905          -9.564          -4.286         -14.242           40.296
   16 (vir)    18          41.591           5.361          -5.287         -14.124           55.790
   17 (vir)    18          43.834         -10.351          -3.294         -13.707           43.896
   18 (vir)    18          45.931           6.058          -5.151         -10.796           57.634
   19 (vir)    18          47.879         -11.549          -3.321         -13.982           46.991
   20 (vir)    18          52.150           3.192          -2.650         -12.676           65.368
   21 (vir)    18          58.534           0.544         -11.484          -8.099           55.693
   22 (vir)    18          66.573           1.047          -4.562         -15.125           78.183
   23 (vir)    18          68.908           3.274          -3.379         -15.922           84.725
   24 (vir)    18          78.253           1.418          -3.537         -16.162           92.296
   25 (vir)    18         103.066           0.904          -3.246         -12.000          112.723
   26 (vir)    18         237.835           0.842          -2.009         -18.033          254.701
 
 
  kpoint:      19             coordinate:     0.1224    0.1224    0.0000
 
    n           k   ϵ_nk^DFT (eV)     Σ^c_nk (eV)     Σ^x_nk (eV)    v_nk^xc (eV)   ϵ_nk^G0W0 (eV)
 
    1 (occ)    19         -20.530           8.766         -26.847         -16.402          -22.208
    2 (occ)    19          -7.876           3.668         -22.537         -17.285           -9.461
    3 (occ)    19          -7.795           3.512         -18.521         -13.545           -9.260
    4 (occ)    19          -6.702           3.271         -22.220         -17.521           -8.131
    5 (vir)    19           3.940          -2.493          -2.948          -7.018            5.516
    6 (vir)    19           4.429          -2.672          -4.311          -8.681            6.126
    7 (vir)    19           8.143          -4.201          -7.225         -14.132           10.849
    8 (vir)    19           8.226          -5.121          -3.851         -11.182           10.436
    9 (vir)    19           9.763          -4.598          -6.590         -13.714           12.289
   10 (vir)    19          12.492          -5.398          -6.703         -14.706           15.096
   11 (vir)    19          22.807          -5.319          -3.734         -11.347           25.101
   12 (vir)    19          25.626          -2.858          -3.094         -11.420           31.093
   13 (vir)    19          26.878          -6.883          -3.531         -12.152           28.616
   14 (vir)    19          34.823           1.622          -3.872         -12.959           45.532
   15 (vir)    19          40.076          -9.655          -4.294         -14.298           40.425
   16 (vir)    19          40.383           4.230          -6.792         -11.276           49.097
   17 (vir)    19          44.108           3.009          -5.686         -12.742           54.173
   18 (vir)    19          44.195         -10.464          -3.233         -13.712           44.210
   19 (vir)    19          48.597         -11.647          -3.348         -13.987           47.590
   20 (vir)    19          51.897           0.650          -3.156         -12.456           61.848
   21 (vir)    19          53.429           0.592          -4.761          -8.250           57.510
   22 (vir)    19          65.641           2.706          -3.700         -15.685           80.332
   23 (vir)    19          68.846           4.090          -3.099         -15.911           85.749
   24 (vir)    19          78.500           1.275          -3.545         -16.194           92.424
   25 (vir)    19         104.315           1.909          -1.882         -12.068          116.410
   26 (vir)    19         237.977           1.315          -1.885         -18.038          255.444
 
 
  kpoint:      20             coordinate:     0.1293    0.1293    0.0000
 
    n           k   ϵ_nk^DFT (eV)     Σ^c_nk (eV)     Σ^x_nk (eV)    v_nk^xc (eV)   ϵ_nk^G0W0 (eV)
 
    1 (occ)    20         -20.437           8.743         -26.837         -16.425          -22.106
    2 (occ)    20          -8.101           3.736         -22.559         -17.219           -9.705
    3 (occ)    20          -7.670           3.466         -18.512         -13.591           -9.124
    4 (occ)    20          -6.854           3.309         -22.204         -17.453           -8.296
    5 (vir)    20           4.151          -2.539          -3.025          -7.159            5.746
    6 (vir)    20           4.456          -2.787          -4.584          -9.102            6.186
    7 (vir)    20           8.097          -4.904          -3.602         -10.690           10.282
    8 (vir)    20           8.216          -4.204          -7.212         -14.117           10.916
    9 (vir)    20           9.896          -4.716          -6.525         -13.641           12.295
   10 (vir)    20          12.854          -5.732          -6.675         -14.784           15.232
   11 (vir)    20          22.365          -5.228          -3.747         -11.299           24.690
   12 (vir)    20          25.643          -2.739          -3.136         -11.454           31.222
   13 (vir)    20          26.892          -6.942          -3.533         -12.199           28.617
   14 (vir)    20          34.046           1.824          -3.937         -12.557           44.491
   15 (vir)    20          38.192           1.512          -5.981          -8.682           42.405
   16 (vir)    20          40.248          -9.740          -4.298         -14.351           40.561
   17 (vir)    20          43.202         -10.173          -4.495         -14.662           43.196
   18 (vir)    20          44.537         -10.554          -3.177         -13.706           44.511
   19 (vir)    20          49.296          -3.689          -2.415          -8.573           51.765
   20 (vir)    20          49.352         -11.672          -3.371         -14.007           48.315
   21 (vir)    20          52.136           2.587          -3.244         -12.594           64.074
   22 (vir)    20          64.993           2.802          -3.615         -15.812           79.992
   23 (vir)    20          68.796           4.177          -2.906         -15.901           85.968
   24 (vir)    20          78.745           1.654          -3.501         -16.224           93.122
   25 (vir)    20         105.587           6.230          -1.282         -12.128          122.663
   26 (vir)    20         238.230           3.799          -1.652         -18.043          258.420
 
 
  kpoint:      21             coordinate:     0.1361    0.1361    0.0000
 
    n           k   ϵ_nk^DFT (eV)     Σ^c_nk (eV)     Σ^x_nk (eV)    v_nk^xc (eV)   ϵ_nk^G0W0 (eV)
 
    1 (occ)    21         -20.340           8.703         -26.827         -16.449          -22.015
    2 (occ)    21          -8.325           3.804         -22.580         -17.153           -9.949
    3 (occ)    21          -7.539           3.418         -18.504         -13.642           -8.983
    4 (occ)    21          -7.008           3.349         -22.190         -17.385           -8.465
    5 (vir)    21           4.369          -2.606          -3.080          -7.306            5.990
    6 (vir)    21           4.466          -2.919          -4.883          -9.569            6.234
    7 (vir)    21           7.987          -4.672          -3.326         -10.151           10.140
    8 (vir)    21           8.295          -4.213          -7.196         -14.101           10.987
    9 (vir)    21          10.030          -4.767          -6.416         -13.566           12.414
   10 (vir)    21          13.220          -5.872          -6.610         -14.850           15.588
   11 (vir)    21          21.924          -5.137          -3.760         -11.249           24.276
   12 (vir)    21          25.597          -4.108          -3.118         -11.391           29.762
   13 (vir)    21          26.919          -7.003          -3.535         -12.248           28.629
   14 (vir)    21          33.165          -6.409          -3.815         -11.898           34.839
   15 (vir)    21          35.814           0.770          -3.605          -7.905           40.883
   16 (vir)    21          40.420          -9.819          -4.300         -14.400           40.702
   17 (vir)    21          42.789          -1.672          -4.115         -15.278           52.279
   18 (vir)    21          44.863         -10.626          -3.126         -13.690           44.801
   19 (vir)    21          46.605          -0.313          -2.694          -8.800           52.399
   20 (vir)    21          50.136           5.821          -3.392         -14.038           66.604
   21 (vir)    21          52.042           3.433          -3.091         -12.884           65.267
   22 (vir)    21          64.436           3.026          -3.594         -15.856           79.724
   23 (vir)    21          68.752           4.557          -2.796         -15.887           86.400
   24 (vir)    21          78.986           1.748          -3.444         -16.255           93.546
   25 (vir)    21         106.816           2.951          -1.245         -12.191          120.713
   26 (vir)    21         238.567           8.857          -1.663         -18.048          263.809
 
 
  kpoint:      22             coordinate:     0.1429    0.1429    0.0000
 
    n           k   ϵ_nk^DFT (eV)     Σ^c_nk (eV)     Σ^x_nk (eV)    v_nk^xc (eV)   ϵ_nk^G0W0 (eV)
 
    1 (occ)    22         -20.239           8.656         -26.819         -16.477          -21.926
    2 (occ)    22          -8.549           3.871         -22.602         -17.088          -10.191
    3 (occ)    22          -7.402           3.368         -18.496         -13.696           -8.834
    4 (occ)    22          -7.166           3.391         -22.178         -17.317           -8.637
    5 (vir)    22           4.457          -3.064          -5.198         -10.070            6.266
    6 (vir)    22           4.593          -2.674          -3.128          -7.457            6.247
    7 (vir)    22           7.899          -4.427          -3.033          -9.578           10.017
    8 (vir)    22           8.382          -4.224          -7.177         -14.085           11.066
    9 (vir)    22          10.167          -4.760          -6.288         -13.488           12.607
   10 (vir)    22          13.589          -5.871          -6.535         -14.901           16.084
   11 (vir)    22          21.487          -5.048          -3.773         -11.197           23.864
   12 (vir)    22          25.451          -6.884          -3.078         -11.150           26.639
   13 (vir)    22          26.958          -7.067          -3.536         -12.297           28.652
   14 (vir)    22          32.117          -6.650          -3.974         -10.702           32.194
   15 (vir)    22          33.896          -5.445          -2.011          -8.485           34.925
   16 (vir)    22          40.593          -9.895          -4.300         -14.447           40.845
   17 (vir)    22          42.500         -10.331          -4.082         -15.228           43.315
   18 (vir)    22          44.604          -1.311          -2.810          -9.358           49.841
   19 (vir)    22          45.174         -10.683          -3.080         -13.667           45.078
   20 (vir)    22          50.945           5.579          -3.409         -14.078           67.194
   21 (vir)    22          51.984           3.556          -3.002         -13.011           65.548
   22 (vir)    22          63.926           3.240          -3.565         -15.874           79.475
   23 (vir)    22          68.708           4.268          -2.778         -15.871           86.068
   24 (vir)    22          79.226           1.904          -3.410         -16.286           94.005
   25 (vir)    22         107.972           1.497          -1.471         -12.259          120.257
   26 (vir)    22         238.957           4.438          -2.054         -18.053          259.393
 
 
  kpoint:      23             coordinate:     0.1497    0.1497    0.0000
 
    n           k   ϵ_nk^DFT (eV)     Σ^c_nk (eV)     Σ^x_nk (eV)    v_nk^xc (eV)   ϵ_nk^G0W0 (eV)
 
    1 (occ)    23         -20.135           8.608         -26.814         -16.507          -21.834
    2 (occ)    23          -8.771           3.939         -22.622         -17.023          -10.431
    3 (occ)    23          -7.326           3.433         -22.167         -17.249           -8.811
    4 (occ)    23          -7.260           3.316         -18.490         -13.754           -8.680
    5 (vir)    23           4.426          -3.216          -5.516         -10.582            6.276
    6 (vir)    23           4.820          -2.734          -3.185          -7.608            6.509
    7 (vir)    23           7.838          -4.177          -2.737          -8.992            9.916
    8 (vir)    23           8.476          -4.236          -7.155         -14.069           11.154
    9 (vir)    23          10.305          -4.677          -6.173         -13.405           12.861
   10 (vir)    23          13.956          -5.675          -6.467         -14.938           16.752
   11 (vir)    23          21.054          -4.959          -3.784         -11.142           23.453
   12 (vir)    23          25.163          -6.992          -3.074         -10.636           25.733
   13 (vir)    23          27.010          -7.135          -3.538         -12.348           28.686
   14 (vir)    23          30.969          -6.985          -4.286          -9.634           29.332
   15 (vir)    23          32.579          -5.225          -1.298          -9.502           35.557
   16 (vir)    23          40.765          -9.969          -4.298         -14.491           40.989
   17 (vir)    23          42.074         -12.138          -3.739         -13.512           39.710
   18 (vir)    23          43.231          -8.921          -2.821         -11.431           42.920
   19 (vir)    23          45.472         -10.733          -3.037         -13.637           45.339
   20 (vir)    23          51.774           5.351          -3.423         -14.125           67.827
   21 (vir)    23          51.931           3.889          -3.015         -13.110           65.914
   22 (vir)    23          63.445           4.198          -3.553         -15.882           79.971
   23 (vir)    23          68.660           4.221          -2.824         -15.854           85.911
   24 (vir)    23          79.466           2.818          -3.405         -16.316           95.195
   25 (vir)    23         109.043           1.121          -1.673         -12.331          120.822
   26 (vir)    23         239.369           1.833          -2.602         -18.057          256.656
 
 
  kpoint:      24             coordinate:     0.1565    0.1565    0.0000
 
    n           k   ϵ_nk^DFT (eV)     Σ^c_nk (eV)     Σ^x_nk (eV)    v_nk^xc (eV)   ϵ_nk^G0W0 (eV)
 
    1 (occ)    24         -20.029           8.561         -26.810         -16.539          -21.737
    2 (occ)    24          -8.990           4.005         -22.641         -16.959          -10.668
    3 (occ)    24          -7.488           3.476         -22.159         -17.182           -8.989
    4 (occ)    24          -7.113           3.263         -18.486         -13.816           -8.520
    5 (vir)    24           4.369          -3.367          -5.819         -11.078            6.262
    6 (vir)    24           5.050          -2.787          -3.252          -7.759            6.770
    7 (vir)    24           7.807          -3.933          -2.454          -8.422            9.842
    8 (vir)    24           8.576          -4.247          -7.130         -14.051           11.251
    9 (vir)    24          10.445          -4.564          -6.088         -13.318           13.110
   10 (vir)    24          14.319          -5.490          -6.406         -14.956           17.379
   11 (vir)    24          20.627          -4.872          -3.795         -11.086           23.046
   12 (vir)    24          24.706          -6.283          -3.055          -9.864           25.231
   13 (vir)    24          27.073          -7.204          -3.540         -12.400           28.730
   14 (vir)    24          30.012           4.221          -4.119          -9.614           39.728
   15 (vir)    24          31.602          -5.786          -1.377          -9.917           34.356
   16 (vir)    24          40.935         -10.043          -4.295         -14.532           41.128
   17 (vir)    24          41.166           2.898          -2.590         -10.788           52.263
   18 (vir)    24          42.667           4.052          -3.620         -14.427           57.527
   19 (vir)    24          45.757         -10.780          -2.998         -13.602           45.582
   20 (vir)    24          51.874           4.417          -3.093         -13.198           66.395
   21 (vir)    24          52.616         -10.252          -3.434         -14.177           53.107
   22 (vir)    24          62.982          -6.565          -3.577         -15.884           68.725
   23 (vir)    24          68.607           4.704          -2.878         -15.835           86.268
   24 (vir)    24          79.706          -0.201          -3.410         -16.345           92.439
   25 (vir)    24         110.024           2.868          -1.697         -12.407          123.603
   26 (vir)    24         239.777           1.226          -2.871         -18.061          256.193
 
 
  kpoint:      25             coordinate:     0.1633    0.1633    0.0000
 
    n           k   ϵ_nk^DFT (eV)     Σ^c_nk (eV)     Σ^x_nk (eV)    v_nk^xc (eV)   ϵ_nk^G0W0 (eV)
 
    1 (occ)    25         -19.919           8.515         -26.807         -16.575          -21.636
    2 (occ)    25          -9.206           4.070         -22.659         -16.895          -10.901
    3 (occ)    25          -7.651           3.521         -22.152         -17.115           -9.168
    4 (occ)    25          -6.961           3.207         -18.484         -13.883           -8.354
    5 (vir)    25           4.288          -3.507          -6.092         -11.530            6.219
    6 (vir)    25           5.283          -2.841          -3.324          -7.909            7.026
    7 (vir)    25           7.806          -3.703          -2.199          -7.895            9.800
    8 (vir)    25           8.683          -4.257          -7.105         -14.032           11.354
    9 (vir)    25          10.584          -4.527          -6.024         -13.226           13.259
   10 (vir)    25          14.673          -5.623          -6.337         -14.953           17.666
   11 (vir)    25          20.208          -4.786          -3.805         -11.027           22.645
   12 (vir)    25          24.112          -5.199          -2.828          -9.040           25.126
   13 (vir)    25          27.148          -7.276          -3.542         -12.454           28.784
   14 (vir)    25          29.365          -6.237          -3.554         -10.117           29.691
   15 (vir)    25          30.776          -5.026          -1.955         -10.016           33.811
   16 (vir)    25          40.124           2.304          -2.114         -10.190           50.505
   17 (vir)    25          41.102         -10.116          -4.292         -14.569           41.263
   18 (vir)    25          42.470           2.764          -3.998         -15.226           56.462
   19 (vir)    25          46.030         -10.827          -2.961         -13.562           45.805
   20 (vir)    25          51.809           4.826          -3.180         -13.280           66.736
   21 (vir)    25          53.467           4.944          -3.443         -14.232           69.200
   22 (vir)    25          62.534          -2.317          -3.617         -15.885           72.486
   23 (vir)    25          68.544           3.579          -2.889         -15.818           85.051
   24 (vir)    25          79.948          -3.022          -3.411         -16.371           89.886
   25 (vir)    25         110.915           1.192          -1.560         -12.484          123.032
   26 (vir)    25         240.159           1.226          -2.551         -18.064          256.898
 
 
  kpoint:      26             coordinate:     0.1701    0.1701    0.0000
 
    n           k   ϵ_nk^DFT (eV)     Σ^c_nk (eV)     Σ^x_nk (eV)    v_nk^xc (eV)   ϵ_nk^G0W0 (eV)
 
    1 (occ)    26         -19.806           8.469         -26.807         -16.613          -21.531
    2 (occ)    26          -9.419           4.134         -22.674         -16.831          -11.128
    3 (occ)    26          -7.815           3.566         -22.148         -17.049           -9.348
    4 (occ)    26          -6.804           3.151         -18.485         -13.955           -8.183
    5 (vir)    26           4.182          -3.627          -6.326         -11.918            6.147
    6 (vir)    26           5.517          -2.898          -3.394          -8.057            7.281
    7 (vir)    26           7.836          -3.495          -1.982          -7.433            9.790
    8 (vir)    26           8.796          -4.269          -7.079         -14.011           11.460
    9 (vir)    26          10.724          -4.573          -5.957         -13.129           13.322
   10 (vir)    26          15.016          -5.909          -6.248         -14.923           17.782
   11 (vir)    26          19.798          -4.701          -3.813         -10.966           22.250
   12 (vir)    26          23.457          -4.091          -2.350          -8.383           25.399
   13 (vir)    26          27.233          -7.351          -3.544         -12.509           28.847
   14 (vir)    26          28.950          -5.950          -3.011         -10.557           30.545
   15 (vir)    26          30.054           2.002          -2.643         -10.156           39.569
   16 (vir)    26          39.176          -4.242          -2.093         -10.082           42.923
   17 (vir)    26          41.266         -10.187          -4.287         -14.604           41.395
   18 (vir)    26          42.360         -10.469          -4.156         -15.464           43.199
   19 (vir)    26          46.290         -10.870          -2.926         -13.518           46.012
   20 (vir)    26          51.732          -3.225          -3.244         -13.358           58.620
   21 (vir)    26          54.323           4.764          -3.451         -14.288           69.924
   22 (vir)    26          62.097          -5.170          -3.637         -15.884           69.175
   23 (vir)    26          68.469           4.065          -2.840         -15.801           85.495
   24 (vir)    26          80.189           2.780          -3.401         -16.396           95.964
   25 (vir)    26         111.723           1.545          -1.391         -12.561          124.437
   26 (vir)    26         240.498           2.176          -1.717         -18.066          259.024
 
 
  kpoint:      27             coordinate:     0.1769    0.1769    0.0000
 
    n           k   ϵ_nk^DFT (eV)     Σ^c_nk (eV)     Σ^x_nk (eV)    v_nk^xc (eV)   ϵ_nk^G0W0 (eV)
 
    1 (occ)    27         -19.692           8.424         -26.809         -16.654          -21.423
    2 (occ)    27          -9.626           4.196         -22.687         -16.767          -11.351
    3 (occ)    27          -7.980           3.612         -22.145         -16.984           -9.528
    4 (occ)    27          -6.643           3.094         -18.490         -14.033           -8.007
    5 (vir)    27           4.054          -3.722          -6.514         -12.230            6.048
    6 (vir)    27           5.752          -2.958          -3.460          -8.204            7.538
    7 (vir)    27           7.894          -3.316          -1.808          -7.045            9.815
    8 (vir)    27           8.915          -4.285          -7.050         -13.987           11.566
    9 (vir)    27          10.863          -4.632          -5.869         -13.026           13.388
   10 (vir)    27          15.342          -6.083          -6.136         -14.859           17.982
   11 (vir)    27          19.399          -4.618          -3.820         -10.903           21.864
   12 (vir)    27          22.810          -3.372          -1.843          -7.955           25.550
   13 (vir)    27          27.328          -7.427          -3.547         -12.565           28.919
   14 (vir)    27          28.627          -5.278          -2.794         -10.531           31.086
   15 (vir)    27          29.456          -7.179          -3.063         -10.673           29.886
   16 (vir)    27          38.338           2.364          -2.223         -10.040           48.518
   17 (vir)    27          41.424         -10.252          -4.281         -14.635           41.526
   18 (vir)    27          42.285          -4.054          -4.237         -15.567           49.561
   19 (vir)    27          46.536         -10.907          -2.891         -13.469           46.207
   20 (vir)    27          51.640         -10.185          -3.289         -13.430           51.596
   21 (vir)    27          55.177           4.599          -3.457         -14.343           70.662
   22 (vir)    27          61.666         -11.163          -3.619         -15.884           62.769
   23 (vir)    27          68.381           3.775          -2.758         -15.786           85.185
   24 (vir)    27          80.428           2.223          -3.385         -16.419           95.684
   25 (vir)    27         112.454           2.231          -1.316         -12.636          126.006
   26 (vir)    27         240.784          -2.782          -0.808         -18.069          255.263
 
 
  kpoint:      28             coordinate:     0.1837    0.1837    0.0000
 
    n           k   ϵ_nk^DFT (eV)     Σ^c_nk (eV)     Σ^x_nk (eV)    v_nk^xc (eV)   ϵ_nk^G0W0 (eV)
 
    1 (occ)    28         -19.575           8.381         -26.813         -16.697          -21.310
    2 (occ)    28          -9.829           4.255         -22.697         -16.703          -11.567
    3 (occ)    28          -8.144           3.659         -22.145         -16.921           -9.709
    4 (occ)    28          -6.479           3.036         -18.498         -14.115           -7.826
    5 (vir)    28           3.908          -3.792          -6.657         -12.465            5.923
    6 (vir)    28           5.988          -3.019          -3.522          -8.349            7.797
    7 (vir)    28           7.979          -3.166          -1.676          -6.734            9.871
    8 (vir)    28           9.037          -4.305          -7.014         -13.957           11.675
    9 (vir)    28          11.001          -4.661          -5.756         -12.919           13.503
   10 (vir)    28          15.646          -6.073          -6.008         -14.751           18.316
   11 (vir)    28          19.012          -4.536          -3.826         -10.837           21.487
   12 (vir)    28          22.211          -3.304          -1.526          -7.726           25.106
   13 (vir)    28          27.433          -7.506          -3.551         -12.624           28.999
   14 (vir)    28          28.254          -4.982          -2.924          -9.946           30.293
   15 (vir)    28          29.044          -7.794          -3.102         -11.686           29.834
   16 (vir)    28          37.602          -6.158          -2.309          -9.983           39.117
   17 (vir)    28          41.577         -10.305          -4.274         -14.662           41.660
   18 (vir)    28          42.233          -3.372          -4.295         -15.621           50.186
   19 (vir)    28          46.765         -10.933          -2.857         -13.415           46.391
   20 (vir)    28          51.529          -9.752          -3.330         -13.498           51.945
   21 (vir)    28          56.024           4.446          -3.461         -14.396           71.405
   22 (vir)    28          61.241           7.244          -3.582         -15.883           80.786
   23 (vir)    28          68.279           5.807          -2.687         -15.772           87.172
   24 (vir)    28          80.662           2.135          -3.374         -16.440           95.864
   25 (vir)    28         113.120           2.629          -1.372         -12.708          127.085
   26 (vir)    28         241.010          -2.655          -0.336         -18.071          256.090
 
 
  kpoint:      29             coordinate:     0.1905    0.1905    0.0000
 
    n           k   ϵ_nk^DFT (eV)     Σ^c_nk (eV)     Σ^x_nk (eV)    v_nk^xc (eV)   ϵ_nk^G0W0 (eV)
 
    1 (occ)    29         -19.457           8.339         -26.820         -16.744          -21.194
    2 (occ)    29         -10.025           4.313         -22.703         -16.639          -11.777
    3 (occ)    29          -8.308           3.706         -22.146         -16.859           -9.890
    4 (occ)    29          -6.311           2.977         -18.511         -14.204           -7.641
    5 (vir)    29           3.747          -3.837          -6.761         -12.629            5.778
    6 (vir)    29           6.226          -3.080          -3.582          -8.494            8.057
    7 (vir)    29           8.088          -3.044          -1.580          -6.493            9.958
    8 (vir)    29           9.164          -4.325          -6.970         -13.922           11.791
    9 (vir)    29          11.139          -4.656          -5.631         -12.809           13.661
   10 (vir)    29          15.923          -5.841          -5.867         -14.582           18.797
   11 (vir)    29          18.637          -4.456          -3.829         -10.768           21.120
   12 (vir)    29          21.676          -3.703          -1.454          -7.658           24.176
   13 (vir)    29          27.546          -7.588          -3.555         -12.684           29.087
   14 (vir)    29          27.795          -6.157          -2.983          -9.534           28.188
   15 (vir)    29          28.800          -8.333          -3.170         -12.498           29.795
   16 (vir)    29          36.962          -8.112          -2.276          -9.895           36.469
   17 (vir)    29          41.723         -10.346          -4.265         -14.686           41.798
   18 (vir)    29          42.201         -11.020          -4.357         -15.652           42.476
   19 (vir)    29          46.976         -10.948          -2.823         -13.357           46.563
   20 (vir)    29          51.400          -9.628          -3.375         -13.559           51.956
   21 (vir)    29          56.857           4.306          -3.462         -14.445           72.145
   22 (vir)    29          60.818           5.973          -3.567         -15.881           79.105
   23 (vir)    29          68.163           5.005          -2.660         -15.761           86.269
   24 (vir)    29          80.890           2.199          -3.376         -16.458           96.171
   25 (vir)    29         113.732           2.590          -1.504         -12.776          127.595
   26 (vir)    29         241.172          -6.467          -0.535         -18.072          252.242
 
 
  kpoint:      30             coordinate:     0.1973    0.1973    0.0000
 
    n           k   ϵ_nk^DFT (eV)     Σ^c_nk (eV)     Σ^x_nk (eV)    v_nk^xc (eV)   ϵ_nk^G0W0 (eV)
 
    1 (occ)    30         -19.338           8.298         -26.829         -16.793          -21.076
    2 (occ)    30         -10.216           4.367         -22.705         -16.574          -11.980
    3 (occ)    30          -8.471           3.753         -22.150         -16.798          -10.071
    4 (occ)    30          -6.141           2.919         -18.529         -14.299           -7.453
    5 (vir)    30           3.574          -3.860          -6.831         -12.733            5.615
    6 (vir)    30           6.463          -3.142          -3.642          -8.639            8.317
    7 (vir)    30           8.218          -2.946          -1.514          -6.314           10.072
    8 (vir)    30           9.293          -4.341          -6.916         -13.876           11.912
    9 (vir)    30          11.275          -4.624          -5.507         -12.696           13.840
   10 (vir)    30          16.167          -5.412          -5.707         -14.335           19.383
   11 (vir)    30          18.277          -4.377          -3.829         -10.695           20.766
   12 (vir)    30          21.212          -4.040          -1.557          -7.730           23.343
   13 (vir)    30          27.321          -3.729          -2.873          -9.442           30.161
   14 (vir)    30          27.666          -7.671          -3.561         -12.747           29.181
   15 (vir)    30          28.620          -8.332          -3.412         -12.979           29.855
   16 (vir)    30          36.412          -7.643          -2.155          -9.783           36.396
   17 (vir)    30          41.861         -10.373          -4.256         -14.706           41.938
   18 (vir)    30          42.188          -4.704          -4.423         -15.672           48.733
   19 (vir)    30          47.166         -10.955          -2.787         -13.293           46.717
   20 (vir)    30          51.250          -9.226          -3.420         -13.614           52.218
   21 (vir)    30          57.667           4.178          -3.459         -14.486           72.872
   22 (vir)    30          60.394          -3.507          -3.598         -15.879           69.169
   23 (vir)    30          68.031           4.887          -2.679         -15.752           85.991
   24 (vir)    30          81.109           2.678          -3.393         -16.473           96.867
   25 (vir)    30         114.303           1.933          -1.623         -12.840          127.453
   26 (vir)    30         241.272           3.907          -1.209         -18.073          262.042
 
 
  kpoint:      31             coordinate:     0.2041    0.2041    0.0000
 
    n           k   ϵ_nk^DFT (eV)     Σ^c_nk (eV)     Σ^x_nk (eV)    v_nk^xc (eV)   ϵ_nk^G0W0 (eV)
 
    1 (occ)    31         -19.218           8.258         -26.841         -16.844          -20.956
    2 (occ)    31         -10.398           4.419         -22.704         -16.509          -12.174
    3 (occ)    31          -8.634           3.801         -22.156         -16.738          -10.250
    4 (occ)    31          -5.968           2.860         -18.554         -14.401           -7.262
    5 (vir)    31           3.392          -3.866          -6.872         -12.785            5.438
    6 (vir)    31           6.701          -3.206          -3.702          -8.784            8.577
    7 (vir)    31           8.366          -2.870          -1.474          -6.187           10.210
    8 (vir)    31           9.424          -4.352          -6.856         -13.819           12.036
    9 (vir)    31          11.411          -4.585          -5.395         -12.582           14.013
   10 (vir)    31          16.369          -5.103          -5.504         -13.988           19.750
   11 (vir)    31          17.932          -4.299          -3.827         -10.618           20.425
   12 (vir)    31          20.818          -4.151          -1.754          -7.938           22.851
   13 (vir)    31          26.872          -4.146          -2.766          -9.506           29.465
   14 (vir)    31          27.793          -7.757          -3.567         -12.813           29.281
   15 (vir)    31          28.436          -7.597          -3.688         -13.298           30.449
   16 (vir)    31          35.950          -7.945          -2.025          -9.661           35.640
   17 (vir)    31          41.990         -10.393          -4.247         -14.723           42.073
   18 (vir)    31          42.194          -2.956          -4.480         -15.684           50.443
   19 (vir)    31          47.330         -10.956          -2.751         -13.224           46.847
   20 (vir)    31          51.080         -11.996          -3.458         -13.662           49.288
   21 (vir)    31          58.444           4.064          -3.453         -14.518           73.574
   22 (vir)    31          59.968         -12.557          -3.663         -15.875           59.623
   23 (vir)    31          67.884           5.108          -2.721         -15.745           86.017
   24 (vir)    31          81.314          -4.975          -3.416         -16.486           89.409
   25 (vir)    31         114.845           1.689          -1.672         -12.899          127.761
   26 (vir)    31         241.311           1.597          -1.874         -18.074          259.108
 
 
  kpoint:      32             coordinate:     0.2109    0.2109    0.0000
 
    n           k   ϵ_nk^DFT (eV)     Σ^c_nk (eV)     Σ^x_nk (eV)    v_nk^xc (eV)   ϵ_nk^G0W0 (eV)
 
    1 (occ)    32         -19.098           8.219         -26.856         -16.899          -20.837
    2 (occ)    32         -10.573           4.467         -22.697         -16.444          -12.359
    3 (occ)    32          -8.794           3.849         -22.163         -16.680          -10.428
    4 (occ)    32          -5.794           2.802         -18.585         -14.509           -7.068
    5 (vir)    32           3.205          -3.857          -6.890         -12.795            5.253
    6 (vir)    32           6.939          -3.271          -3.763          -8.932            8.837
    7 (vir)    32           8.533          -2.812          -1.453          -6.104           10.372
    8 (vir)    32           9.556          -4.356          -6.789         -13.747           12.157
    9 (vir)    32          11.546          -4.559          -5.292         -12.469           14.164
   10 (vir)    32          16.520          -5.149          -5.234         -13.523           19.661
   11 (vir)    32          17.604          -4.221          -3.821         -10.536           20.098
   12 (vir)    32          20.496          -3.971          -2.002          -8.283           22.806
   13 (vir)    32          26.462           1.792          -2.758          -9.660           35.156
   14 (vir)    32          27.925          -7.846          -3.575         -12.881           29.385
   15 (vir)    32          28.221          -6.770          -3.904         -13.511           31.058
   16 (vir)    32          35.575           4.584          -1.946          -9.548           47.761
   17 (vir)    32          42.110         -10.410          -4.238         -14.734           42.196
   18 (vir)    32          42.221          -4.857          -4.514         -15.693           48.543
   19 (vir)    32          47.465         -10.954          -2.713         -13.148           46.946
   20 (vir)    32          50.893          -9.064          -3.485         -13.703           52.047
   21 (vir)    32          59.176           3.964          -3.441         -14.537           74.237
   22 (vir)    32          59.539          -2.472          -3.725         -15.869           69.212
   23 (vir)    32          67.722           6.722          -2.757         -15.741           87.428
   24 (vir)    32          81.505          -0.679          -3.428         -16.496           93.894
   25 (vir)    32         115.369           1.574          -1.653         -12.953          128.242
   26 (vir)    32         241.294           1.314          -2.090         -18.074          258.592
 
 
  kpoint:      33             coordinate:     0.2177    0.2177    0.0000
 
    n           k   ϵ_nk^DFT (eV)     Σ^c_nk (eV)     Σ^x_nk (eV)    v_nk^xc (eV)   ϵ_nk^G0W0 (eV)
 
    1 (occ)    33         -18.979           8.180         -26.874         -16.955          -20.718
    2 (occ)    33         -10.739           4.512         -22.686         -16.379          -12.534
    3 (occ)    33          -8.953           3.897         -22.172         -16.624          -10.604
    4 (occ)    33          -5.620           2.746         -18.625         -14.626           -6.873
    5 (vir)    33           3.015          -3.839          -6.886         -12.770            5.061
    6 (vir)    33           7.176          -3.338          -3.825          -9.083            9.096
    7 (vir)    33           8.715          -2.770          -1.448          -6.057           10.554
    8 (vir)    33           9.687          -4.356          -6.714         -13.655           12.272
    9 (vir)    33          11.682          -4.546          -5.194         -12.361           14.302
   10 (vir)    33          16.614          -5.269          -4.892         -12.940           19.394
   11 (vir)    33          17.293          -4.145          -3.809         -10.448           19.787
   12 (vir)    33          20.246          -2.987          -2.291          -8.755           23.722
   13 (vir)    33          26.092           0.080          -2.854          -9.885           33.204
   14 (vir)    33          27.963          -6.808          -4.042         -13.630           30.744
   15 (vir)    33          28.061          -7.936          -3.584         -12.952           29.493
   16 (vir)    33          35.283           2.833          -1.924          -9.459           45.651
   17 (vir)    33          42.219         -10.432          -4.230         -14.742           42.299
   18 (vir)    33          42.269          -8.615          -4.523         -15.700           44.831
   19 (vir)    33          47.565         -10.947          -2.673         -13.065           47.009
   20 (vir)    33          50.690          -6.868          -3.506         -13.737           54.052
   21 (vir)    33          59.105         -12.097          -3.750         -15.860           59.119
   22 (vir)    33          59.850           3.877          -3.423         -14.539           74.843
   23 (vir)    33          67.547         -10.909          -2.777         -15.739           69.600
   24 (vir)    33          81.677          -1.944          -3.414         -16.503           92.822
   25 (vir)    33         115.884           1.543          -1.611         -13.003          128.818
   26 (vir)    33         241.225           1.759          -1.745         -18.075          259.313
 
 
  kpoint:      34             coordinate:     0.2245    0.2245    0.0000
 
    n           k   ϵ_nk^DFT (eV)     Σ^c_nk (eV)     Σ^x_nk (eV)    v_nk^xc (eV)   ϵ_nk^G0W0 (eV)
 
    1 (occ)    34         -18.861           8.142         -26.895         -17.014          -20.600
    2 (occ)    34         -10.896           4.553         -22.670         -16.314          -12.699
    3 (occ)    34          -9.110           3.945         -22.183         -16.569          -10.779
    4 (occ)    34          -5.445           2.690         -18.673         -14.750           -6.678
    5 (vir)    34           2.825          -3.812          -6.865         -12.718            4.865
    6 (vir)    34           7.413          -3.407          -3.891          -9.240            9.356
    7 (vir)    34           8.912          -2.741          -1.458          -6.042           10.755
    8 (vir)    34           9.818          -4.351          -6.624         -13.538           12.381
    9 (vir)    34          11.817          -4.538          -5.096         -12.258           14.442
   10 (vir)    34          16.647          -5.173          -4.509         -12.271           19.235
   11 (vir)    34          17.000          -4.068          -3.792         -10.351           19.491
   12 (vir)    34          20.063          -2.737          -2.604          -9.315           24.037
   13 (vir)    34          25.763          -6.150          -3.017         -10.174           26.770
   14 (vir)    34          27.661          -7.331          -4.126         -13.659           29.863
   15 (vir)    34          28.200          -8.029          -3.595         -13.027           29.603
   16 (vir)    34          35.065          -8.313          -1.930          -9.402           34.224
   17 (vir)    34          42.317         -10.459          -4.223         -14.744           42.380
   18 (vir)    34          42.339         -10.970          -4.522         -15.706           42.553
   19 (vir)    34          47.624         -10.930          -2.632         -12.974           47.037
   20 (vir)    34          50.473          -6.857          -3.529         -13.765           53.852
   21 (vir)    34          58.666         -12.001          -3.737         -15.848           58.776
   22 (vir)    34          60.447           3.802          -3.397         -14.520           75.372
   23 (vir)    34          67.360         -12.516          -2.787         -15.739           67.795
   24 (vir)    34          81.831           4.115          -3.374         -16.508           99.079
   25 (vir)    34         116.398           1.591          -1.588         -13.048          129.448
   26 (vir)    34         241.112           5.239          -1.105         -18.074          263.321
 
 
  kpoint:      35             coordinate:     0.2313    0.2313    0.0000
 
    n           k   ϵ_nk^DFT (eV)     Σ^c_nk (eV)     Σ^x_nk (eV)    v_nk^xc (eV)   ϵ_nk^G0W0 (eV)
 
    1 (occ)    35         -18.744           8.106         -26.920         -17.074          -20.483
    2 (occ)    35         -11.042           4.590         -22.649         -16.249          -12.852
    3 (occ)    35          -9.265           3.993         -22.195         -16.516          -10.951
    4 (occ)    35          -5.271           2.637         -18.731         -14.882           -6.483
    5 (vir)    35           2.636          -3.781          -6.828         -12.642            4.669
    6 (vir)    35           7.648          -3.478          -3.962          -9.405            9.613
    7 (vir)    35           9.124          -2.724          -1.480          -6.056           10.976
    8 (vir)    35           9.945          -4.340          -6.513         -13.393           12.484
    9 (vir)    35          11.954          -4.526          -4.997         -12.163           14.594
   10 (vir)    35          16.619          -4.887          -4.143         -11.581           19.170
   11 (vir)    35          16.726          -3.992          -3.767         -10.244           19.212
   12 (vir)    35          19.940          -3.563          -2.905          -9.894           23.367
   13 (vir)    35          25.473          -6.154          -3.208         -10.522           26.633
   14 (vir)    35          27.319          -7.630          -4.185         -13.603           29.107
   15 (vir)    35          28.338          -8.124          -3.608         -13.106           29.712
   16 (vir)    35          34.913          -7.768          -1.934          -9.377           34.589
   17 (vir)    35          42.404         -10.488          -4.215         -14.742           42.442
   18 (vir)    35          42.432         -11.451          -4.525         -15.712           42.168
   19 (vir)    35          47.636         -10.897          -2.588         -12.876           47.027
   20 (vir)    35          50.248          -9.659          -3.554         -13.786           50.821
   21 (vir)    35          58.223         -10.382          -3.722         -15.833           59.952
   22 (vir)    35          60.951           3.737          -3.363         -14.476           75.801
   23 (vir)    35          67.161           6.785          -2.803         -15.741           86.884
   24 (vir)    35          81.964           2.530          -3.324         -16.510           97.680
   25 (vir)    35         116.915           1.630          -1.600         -13.089          130.035
   26 (vir)    35         240.962          -9.188          -0.611         -18.074          249.237
 
 
  kpoint:      36             coordinate:     0.2381    0.2381    0.0000
 
    n           k   ϵ_nk^DFT (eV)     Σ^c_nk (eV)     Σ^x_nk (eV)    v_nk^xc (eV)   ϵ_nk^G0W0 (eV)
 
    1 (occ)    36         -18.630           8.071         -26.947         -17.136          -20.370
    2 (occ)    36         -11.177           4.622         -22.623         -16.185          -12.994
    3 (occ)    36          -9.416           4.041         -22.209         -16.464          -11.120
    4 (occ)    36          -5.100           2.587         -18.800         -15.022           -6.290
    5 (vir)    36           2.450          -3.747          -6.775         -12.546            4.474
    6 (vir)    36           7.881          -3.554          -4.040          -9.580            9.868
    7 (vir)    36           9.350          -2.718          -1.514          -6.097           11.216
    8 (vir)    36          10.070          -4.320          -6.378         -13.213           12.585
    9 (vir)    36          12.092          -4.510          -4.904         -12.078           14.757
   10 (vir)    36          16.472          -3.914          -3.732         -10.124           18.950
   11 (vir)    36          16.538          -4.529          -3.841         -10.948           19.116
   12 (vir)    36          19.863          -4.485          -3.161         -10.417           22.635
   13 (vir)    36          25.219          -6.460          -3.402         -10.927           26.283
   14 (vir)    36          26.947          -7.543          -4.228         -13.471           28.647
   15 (vir)    36          28.475          -8.221          -3.624         -13.190           29.820
   16 (vir)    36          34.815          -8.006          -1.927          -9.377           34.260
   17 (vir)    36          42.478         -10.512          -4.208         -14.733           42.492
   18 (vir)    36          42.549         -10.933          -4.545         -15.720           42.792
   19 (vir)    36          47.595         -10.843          -2.543         -12.769           46.978
   20 (vir)    36          50.018          -9.618          -3.578         -13.802           50.624
   21 (vir)    36          57.776          -6.219          -3.744         -15.813           63.626
   22 (vir)    36          61.343           3.681          -3.318         -14.403           76.108
   23 (vir)    36          66.954           5.792          -2.833         -15.745           85.657
   24 (vir)    36          82.076           2.238          -3.282         -16.509           97.541
   25 (vir)    36         117.438           1.640          -1.633         -13.127          130.572
   26 (vir)    36         240.782          -9.175          -0.581         -18.074          249.101
 
 
  kpoint:      37             coordinate:     0.2449    0.2449    0.0000
 
    n           k   ϵ_nk^DFT (eV)     Σ^c_nk (eV)     Σ^x_nk (eV)    v_nk^xc (eV)   ϵ_nk^G0W0 (eV)
 
    1 (occ)    37         -18.520           8.038         -26.977         -17.199          -20.259
    2 (occ)    37         -11.301           4.650         -22.592         -16.121          -13.121
    3 (occ)    37          -9.565           4.089         -22.225         -16.414          -11.287
    4 (occ)    37          -4.931           2.540         -18.880         -15.170           -6.101
    5 (vir)    37           2.269          -3.713          -6.707         -12.434            4.283
    6 (vir)    37           8.111          -3.634          -4.127          -9.769           10.120
    7 (vir)    37           9.593          -2.723          -1.562          -6.167           11.475
    8 (vir)    37          10.190          -4.287          -6.217         -12.995           12.682
    9 (vir)    37          12.231          -4.491          -4.819         -12.004           14.924
   10 (vir)    37          16.238          -3.835          -3.685          -9.987           18.705
   11 (vir)    37          16.416          -4.225          -3.619         -10.428           18.999
   12 (vir)    37          19.816          -4.944          -3.362         -10.833           22.344
   13 (vir)    37          24.999          -6.620          -3.594         -11.382           26.167
   14 (vir)    37          26.557          -7.115          -4.248         -13.272           28.467
   15 (vir)    37          28.607          -8.319          -3.643         -13.279           29.924
   16 (vir)    37          34.759          -8.419          -1.921          -9.394           33.813
   17 (vir)    37          42.540         -10.522          -4.199         -14.717           42.536
   18 (vir)    37          42.690         -10.096          -4.576         -15.730           43.747
   19 (vir)    37          47.494         -10.768          -2.496         -12.654           46.884
   20 (vir)    37          49.786           4.522          -3.592         -13.814           64.529
   21 (vir)    37          57.329          -2.998          -3.819         -15.789           66.301
   22 (vir)    37          61.603           3.636          -3.262         -14.296           76.273
   23 (vir)    37          66.739           5.627          -2.875         -15.751           85.242
   24 (vir)    37          82.168           2.160          -3.261         -16.507           97.573
   25 (vir)    37         117.966           1.596          -1.665         -13.161          131.057
   26 (vir)    37         240.579           7.008          -1.019         -18.074          264.642
 
 
  kpoint:      38             coordinate:     0.2517    0.2517    0.0000
 
    n           k   ϵ_nk^DFT (eV)     Σ^c_nk (eV)     Σ^x_nk (eV)    v_nk^xc (eV)   ϵ_nk^G0W0 (eV)
 
    1 (occ)    38         -18.414           8.007         -27.009         -17.262          -20.153
    2 (occ)    38         -11.411           4.672         -22.556         -16.059          -13.235
    3 (occ)    38          -9.711           4.137         -22.242         -16.366          -11.450
    4 (occ)    38          -4.767           2.497         -18.971         -15.326           -5.916
    5 (vir)    38           2.095          -3.679          -6.626         -12.309            4.098
    6 (vir)    38           8.337          -3.719          -4.226          -9.976           10.367
    7 (vir)    38           9.851          -2.739          -1.626          -6.268           11.754
    8 (vir)    38          10.306          -4.238          -6.030         -12.734           12.772
    9 (vir)    38          12.372          -4.474          -4.745         -11.940           15.093
   10 (vir)    38          16.026          -3.753          -3.621          -9.827           18.479
   11 (vir)    38          16.265          -4.072          -3.466         -10.042           18.769
   12 (vir)    38          19.782          -5.103          -3.518         -11.126           22.287
   13 (vir)    38          24.811          -6.137          -3.785         -11.881           26.770
   14 (vir)    38          26.162          -6.470          -4.234         -13.016           28.474
   15 (vir)    38          28.731          -8.418          -3.666         -13.374           30.021
   16 (vir)    38          34.734          -7.580          -1.929          -9.419           34.645
   17 (vir)    38          42.589         -10.514          -4.188         -14.693           42.580
   18 (vir)    38          42.853          -9.629          -4.609         -15.742           44.357
   19 (vir)    38          47.328         -10.673          -2.450         -12.532           46.737
   20 (vir)    38          49.557           4.518          -3.594         -13.821           64.301
   21 (vir)    38          56.883          -3.424          -3.926         -15.761           65.294
   22 (vir)    38          61.716           3.603          -3.192         -14.155           76.282
   23 (vir)    38          66.521           5.904          -2.918         -15.758           85.265
   24 (vir)    38          82.241           2.225          -3.260         -16.503           97.709
   25 (vir)    38         118.495           1.522          -1.686         -13.191          131.522
   26 (vir)    38         240.362           2.458          -1.647         -18.074          259.247
 
 
  kpoint:      39             coordinate:     0.2585    0.2585    0.0000
 
    n           k   ϵ_nk^DFT (eV)     Σ^c_nk (eV)     Σ^x_nk (eV)    v_nk^xc (eV)   ϵ_nk^G0W0 (eV)
 
    1 (occ)    39         -18.313           7.978         -27.042         -17.325          -20.052
    2 (occ)    39         -11.508           4.690         -22.515         -16.000          -13.334
    3 (occ)    39          -9.853           4.184         -22.261         -16.320          -11.610
    4 (occ)    39          -4.609           2.458         -19.075         -15.489           -5.737
    5 (vir)    39           1.929          -3.648          -6.531         -12.171            3.921
    6 (vir)    39           8.556          -3.813          -4.337         -10.203           10.609
    7 (vir)    39          10.126          -2.766          -1.709          -6.405           12.055
    8 (vir)    39          10.418          -4.173          -5.818         -12.427           12.855
    9 (vir)    39          12.514          -4.458          -4.677         -11.882           15.260
   10 (vir)    39          15.835          -3.666          -3.537          -9.639           18.270
   11 (vir)    39          16.096          -4.040          -3.365          -9.789           18.480
   12 (vir)    39          19.747          -5.103          -3.642         -11.309           22.311
   13 (vir)    39          24.653          -5.756          -3.983         -12.415           27.328
   14 (vir)    39          25.773          -5.951          -4.182         -12.709           28.348
   15 (vir)    39          28.844          -8.517          -3.694         -13.475           30.109
   16 (vir)    39          34.731          -3.667          -1.949          -9.447           38.561
   17 (vir)    39          42.625         -10.487          -4.173         -14.657           42.622
   18 (vir)    39          43.038          -9.707          -4.632         -15.758           44.457
   19 (vir)    39          47.093         -10.564          -2.404         -12.403           46.528
   20 (vir)    39          49.334          -9.806          -3.585         -13.825           49.767
   21 (vir)    39          56.441          -9.102          -4.021         -15.730           59.048
   22 (vir)    39          61.673           3.585          -3.110         -13.977           76.124
   23 (vir)    39          66.301           6.697          -2.954         -15.767           85.812
   24 (vir)    39          82.297           2.501          -3.266         -16.497           98.029
   25 (vir)    39         119.020           1.467          -1.694         -13.219          132.012
   26 (vir)    39         240.138           1.628          -2.106         -18.074          257.734
 
 
  kpoint:      40             coordinate:     0.2653    0.2653    0.0000
 
    n           k   ϵ_nk^DFT (eV)     Σ^c_nk (eV)     Σ^x_nk (eV)    v_nk^xc (eV)   ϵ_nk^G0W0 (eV)
 
    1 (occ)    40         -18.219           7.952         -27.077         -17.387          -19.957
    2 (occ)    40         -11.590           4.702         -22.471         -15.943          -13.416
    3 (occ)    40          -9.992           4.231         -22.282         -16.275          -11.767
    4 (occ)    40          -4.458           2.424         -19.190         -15.657           -5.566
    5 (vir)    40           1.773          -3.621          -6.424         -12.025            3.754
    6 (vir)    40           8.768          -3.915          -4.462         -10.455           10.845
    7 (vir)    40          10.418          -2.807          -1.817          -6.584           12.378
    8 (vir)    40          10.525          -4.089          -5.580         -12.074           12.930
    9 (vir)    40          12.656          -4.443          -4.612         -11.827           15.428
   10 (vir)    40          15.666          -3.574          -3.425          -9.411           18.078
   11 (vir)    40          15.918          -4.047          -3.306          -9.658           18.223
   12 (vir)    40          19.699          -5.047          -3.739         -11.406           22.319
   13 (vir)    40          24.521          -6.016          -4.191         -12.973           27.287
   14 (vir)    40          25.401          -5.782          -4.098         -12.356           27.876
   15 (vir)    40          28.941          -8.615          -3.726         -13.584           30.183
   16 (vir)    40          34.743          -4.438          -1.972          -9.472           37.805
   17 (vir)    40          42.647         -10.447          -4.152         -14.607           42.655
   18 (vir)    40          43.243          -9.988          -4.639         -15.778           44.394
   19 (vir)    40          46.789         -10.447          -2.363         -12.273           46.253
   20 (vir)    40          49.121         -11.295          -3.573         -13.826           48.079
   21 (vir)    40          56.007          -3.879          -4.067         -15.694           63.754
   22 (vir)    40          61.470           3.584          -3.016         -13.765           75.803
   23 (vir)    40          66.083           7.714          -2.979         -15.776           86.595
   24 (vir)    40          82.337           3.602          -3.267         -16.491           99.163
   25 (vir)    40         119.534           1.523          -1.694         -13.243          132.607
   26 (vir)    40         239.913           1.508          -2.181         -18.074          257.314
 
 
  kpoint:      41             coordinate:     0.2721    0.2721    0.0000
 
    n           k   ϵ_nk^DFT (eV)     Σ^c_nk (eV)     Σ^x_nk (eV)    v_nk^xc (eV)   ϵ_nk^G0W0 (eV)
 
    1 (occ)    41         -18.131           7.928         -27.111         -17.446          -19.869
    2 (occ)    41         -11.658           4.708         -22.423         -15.891          -13.482
    3 (occ)    41         -10.126           4.278         -22.304         -16.233          -11.919
    4 (occ)    41          -4.315           2.395         -19.314         -15.828           -5.406
    5 (vir)    41           1.628          -3.597          -6.307         -11.874            3.598
    6 (vir)    41           8.969          -4.026          -4.600         -10.731           11.073
    7 (vir)    41          10.629          -3.987          -5.318         -11.677           13.002
    8 (vir)    41          10.726          -2.863          -1.958          -6.817           12.723
    9 (vir)    41          12.798          -4.427          -4.544         -11.766           15.593
   10 (vir)    41          15.522          -3.474          -3.277          -9.132           17.903
   11 (vir)    41          15.739          -4.060          -3.291          -9.637           18.025
   12 (vir)    41          19.630          -4.992          -3.811         -11.444           22.271
   13 (vir)    41          24.414          -6.381          -4.408         -13.546           27.170
   14 (vir)    41          25.056          -5.739          -3.985         -11.959           27.291
   15 (vir)    41          29.019          -8.712          -3.765         -13.700           30.242
   16 (vir)    41          34.763          -6.883          -1.981          -9.492           35.392
   17 (vir)    41          42.655         -10.397          -4.121         -14.535           42.673
   18 (vir)    41          43.466         -10.120          -4.635         -15.802           44.513
   19 (vir)    41          46.420         -10.325          -2.329         -12.149           45.914
   20 (vir)    41          48.920          -8.527          -3.561         -13.824           50.656
   21 (vir)    41          55.585           4.332          -4.058         -15.655           71.513
   22 (vir)    41          61.117           3.600          -2.912         -13.524           75.329
   23 (vir)    41          65.871           7.665          -2.998         -15.787           86.324
   24 (vir)    41          82.364          -1.300          -3.255         -16.484           94.292
   25 (vir)    41         120.030           1.457          -1.686         -13.265          133.066
   26 (vir)    41         239.694           1.866          -1.903         -18.075          257.732
 
 
  kpoint:      42             coordinate:     0.2789    0.2789    0.0000
 
    n           k   ϵ_nk^DFT (eV)     Σ^c_nk (eV)     Σ^x_nk (eV)    v_nk^xc (eV)   ϵ_nk^G0W0 (eV)
 
    1 (occ)    42         -18.052           7.907         -27.145         -17.502          -19.788
    2 (occ)    42         -11.710           4.709         -22.373         -15.843          -13.530
    3 (occ)    42         -10.255           4.324         -22.329         -16.192          -12.068
    4 (occ)    42          -4.184           2.372         -19.444         -15.999           -5.257
    5 (vir)    42           1.496          -3.577          -6.182         -11.720            3.456
    6 (vir)    42           9.157          -4.143          -4.751         -11.028           11.291
    7 (vir)    42          10.731          -3.869          -5.033         -11.242           13.071
    8 (vir)    42          11.046          -2.936          -2.141          -7.118           13.087
    9 (vir)    42          12.937          -4.405          -4.471         -11.691           15.752
   10 (vir)    42          15.403          -3.363          -3.080          -8.786           17.745
   11 (vir)    42          15.562          -4.086          -3.322          -9.718           17.871
   12 (vir)    42          19.539          -4.930          -3.861         -11.441           22.189
   13 (vir)    42          24.326          -6.600          -4.631         -14.133           27.229
   14 (vir)    42          24.745          -5.503          -3.842         -11.515           26.915
   15 (vir)    42          29.073          -8.806          -3.810         -13.824           30.281
   16 (vir)    42          34.787          -7.544          -1.970          -9.508           34.780
   17 (vir)    42          42.650         -10.338          -4.073         -14.434           42.672
   18 (vir)    42          43.702         -10.012          -4.628         -15.831           44.893
   19 (vir)    42          45.996         -10.203          -2.311         -12.044           45.525
   20 (vir)    42          48.734          -8.075          -3.552         -13.820           50.926
   21 (vir)    42          55.178           4.156          -4.018         -15.613           70.930
   22 (vir)    42          60.636           3.630          -2.802         -13.262           74.725
   23 (vir)    42          65.667           6.824          -3.018         -15.797           85.270
   24 (vir)    42          82.380           1.111          -3.235         -16.477           96.734
   25 (vir)    42         120.500           1.544          -1.666         -13.284          133.661
   26 (vir)    42         239.486           2.979          -1.492         -18.076          259.049
 
 
  kpoint:      43             coordinate:     0.2857    0.2857    0.0000
 
    n           k   ϵ_nk^DFT (eV)     Σ^c_nk (eV)     Σ^x_nk (eV)    v_nk^xc (eV)   ϵ_nk^G0W0 (eV)
 
    1 (occ)    43         -17.981           7.890         -27.178         -17.553          -19.716
    2 (occ)    43         -11.746           4.705         -22.321         -15.802          -13.561
    3 (occ)    43         -10.379           4.370         -22.356         -16.154          -12.211
    4 (occ)    43          -4.064           2.354         -19.578         -16.167           -5.122
    5 (vir)    43           1.377          -3.563          -6.055         -11.569            3.329
    6 (vir)    43           9.328          -4.262          -4.909         -11.338           11.495
    7 (vir)    43          10.832          -3.741          -4.734         -10.785           13.141
    8 (vir)    43          11.371          -3.028          -2.378          -7.501           13.466
    9 (vir)    43          13.071          -4.375          -4.386         -11.588           15.898
   10 (vir)    43          15.312          -3.239          -2.824          -8.355           17.604
   11 (vir)    43          15.393          -4.144          -3.404          -9.896           17.741
   12 (vir)    43          19.426          -4.849          -3.896         -11.410           22.091
   13 (vir)    43          24.256          -6.804          -4.875         -14.776           27.353
   14 (vir)    43          24.475          -4.881          -3.651         -10.983           26.928
   15 (vir)    43          29.101          -8.895          -3.862         -13.954           30.298
   16 (vir)    43          34.812          -6.658          -1.944          -9.518           35.729
   17 (vir)    43          42.631         -10.264          -3.999         -14.289           42.657
   18 (vir)    43          43.949          -9.769          -4.627         -15.867           45.419
   19 (vir)    43          45.539         -10.087          -2.319         -11.976           45.109
   20 (vir)    43          48.562          -9.477          -3.539         -13.812           49.358
   21 (vir)    43          54.793           4.713          -3.983         -15.569           71.092
   22 (vir)    43          60.059           3.671          -2.689         -12.988           74.028
   23 (vir)    43          65.475           6.194          -3.041         -15.808           84.436
   24 (vir)    43          82.387           1.459          -3.213         -16.471           97.103
   25 (vir)    43         120.935           1.695          -1.634         -13.299          134.296
   26 (vir)    43         239.295           4.979          -1.186         -18.077          261.165
 
 
  kpoint:      44             coordinate:     0.2925    0.2925    0.0000
 
    n           k   ϵ_nk^DFT (eV)     Σ^c_nk (eV)     Σ^x_nk (eV)    v_nk^xc (eV)   ϵ_nk^G0W0 (eV)
 
    1 (occ)    44         -17.919           7.875         -27.207         -17.599          -19.653
    2 (occ)    44         -11.767           4.694         -22.267         -15.767          -13.573
    3 (occ)    44         -10.497           4.416         -22.386         -16.118          -12.350
    4 (occ)    44          -3.959           2.340         -19.709         -16.326           -5.002
    5 (vir)    44           1.274          -3.552          -5.930         -11.425            3.218
    6 (vir)    44           9.480          -4.377          -5.068         -11.644           11.679
    7 (vir)    44          10.931          -3.612          -4.435         -10.327           13.210
    8 (vir)    44          11.689          -3.141          -2.678          -7.977           13.848
    9 (vir)    44          13.196          -4.329          -4.284         -11.447           16.030
   10 (vir)    44          15.236          -4.250          -3.539         -10.168           17.614
   11 (vir)    44          15.251          -3.100          -2.499          -7.827           17.479
   12 (vir)    44          19.296          -4.755          -3.923         -11.356           21.974
   13 (vir)    44          24.190          -7.097          -5.117         -15.292           27.267
   14 (vir)    44          24.258          -3.910          -3.432         -10.550           27.465
   15 (vir)    44          29.101          -8.976          -3.919         -14.089           30.294
   16 (vir)    44          34.836          -3.820          -1.916          -9.525           38.624
   17 (vir)    44          42.604         -10.165          -3.890         -14.088           42.636
   18 (vir)    44          44.201          -9.549          -4.634         -15.909           45.927
   19 (vir)    44          45.076          -9.986          -2.364         -11.970           44.696
   20 (vir)    44          48.405         -11.307          -3.518         -13.801           47.380
   21 (vir)    44          54.435         -11.411          -3.979         -15.523           54.568
   22 (vir)    44          59.427           3.717          -2.578         -12.714           73.281
   23 (vir)    44          65.299           5.869          -3.067         -15.818           83.918
   24 (vir)    44          82.387           1.529          -3.198         -16.465           97.182
   25 (vir)    44         121.328           1.849          -1.598         -13.313          134.891
   26 (vir)    44         239.124           5.754          -1.108         -18.078          261.847
 
 
  kpoint:      45             coordinate:     0.2993    0.2993    0.0000
 
    n           k   ϵ_nk^DFT (eV)     Σ^c_nk (eV)     Σ^x_nk (eV)    v_nk^xc (eV)   ϵ_nk^G0W0 (eV)
 
    1 (occ)    45         -17.867           7.863         -27.233         -17.638          -19.600
    2 (occ)    45         -11.773           4.679         -22.213         -15.740          -13.568
    3 (occ)    45         -10.608           4.461         -22.420         -16.085          -12.482
    4 (occ)    45          -3.868           2.330         -19.832         -16.471           -4.900
    5 (vir)    45           1.188          -3.546          -5.813         -11.295            3.124
    6 (vir)    45           9.610          -4.482          -5.215         -11.923           11.836
    7 (vir)    45          11.029          -3.491          -4.155          -9.897           13.279
    8 (vir)    45          11.985          -3.270          -3.040          -8.541           14.216
    9 (vir)    45          13.309          -4.260          -4.160         -11.258           16.147
   10 (vir)    45          15.093          -4.408          -3.724         -10.528           17.489
   11 (vir)    45          15.222          -2.950          -2.105          -7.207           17.373
   12 (vir)    45          19.156          -4.661          -3.944         -11.283           21.833
   13 (vir)    45          24.048          -4.601          -3.896         -11.654           27.205
   14 (vir)    45          24.171          -6.340          -4.659         -14.248           27.420
   15 (vir)    45          29.078          -9.048          -3.980         -14.222           30.272
   16 (vir)    45          34.856          -2.515          -1.902          -9.529           39.968
   17 (vir)    45          42.576         -10.039          -3.738         -13.824           42.624
   18 (vir)    45          44.451          -9.455          -4.651         -15.959           46.305
   19 (vir)    45          44.637          -9.909          -2.456         -12.046           44.317
   20 (vir)    45          48.263         -12.159          -3.485         -13.783           46.401
   21 (vir)    45          54.112         -10.630          -4.008         -15.477           54.949
   22 (vir)    45          58.788           3.764          -2.473         -12.452           72.530
   23 (vir)    45          65.142          -4.845          -3.092         -15.828           73.032
   24 (vir)    45          82.383           1.397          -3.193         -16.459           97.046
   25 (vir)    45         121.671           1.930          -1.574         -13.323          135.351
   26 (vir)    45         238.976           4.616          -1.222         -18.079          260.449
 
 
  kpoint:      46             coordinate:     0.3061    0.3061    0.0000
 
    n           k   ϵ_nk^DFT (eV)     Σ^c_nk (eV)     Σ^x_nk (eV)    v_nk^xc (eV)   ϵ_nk^G0W0 (eV)
 
    1 (occ)    46         -17.826           7.854         -27.255         -17.670          -19.557
    2 (occ)    46         -11.766           4.658         -22.158         -15.720          -13.546
    3 (occ)    46         -10.710           4.505         -22.457         -16.055          -12.606
    4 (occ)    46          -3.794           2.324         -19.941         -16.596           -4.816
    5 (vir)    46           1.118          -3.542          -5.710         -11.184            3.049
    6 (vir)    46           9.716          -4.569          -5.341         -12.153           11.959
    7 (vir)    46          11.122          -3.388          -3.912          -9.523           13.345
    8 (vir)    46          12.238          -3.406          -3.440          -9.153           14.546
    9 (vir)    46          13.407          -4.165          -4.015         -11.021           16.248
   10 (vir)    46          14.969          -4.601          -3.948         -10.956           17.376
   11 (vir)    46          15.225          -2.800          -1.671          -6.536           17.290
   12 (vir)    46          19.017          -4.576          -3.959         -11.194           21.676
   13 (vir)    46          23.905          -4.260          -3.595         -10.839           26.890
   14 (vir)    46          24.135          -7.030          -4.966         -15.108           27.247
   15 (vir)    46          29.040          -9.109          -4.041         -14.350           30.239
   16 (vir)    46          34.873          -3.192          -1.909          -9.530           39.303
   17 (vir)    46          42.566          -9.898          -3.551         -13.515           42.631
   18 (vir)    46          44.246          -9.862          -2.592         -12.201           43.992
   19 (vir)    46          44.691          -9.522          -4.676         -16.018           46.512
   20 (vir)    46          48.135         -11.865          -3.440         -13.756           46.586
   21 (vir)    46          53.830         -10.676          -4.056         -15.432           54.531
   22 (vir)    46          58.187           3.804          -2.380         -12.211           71.822
   23 (vir)    46          65.008          -5.067          -3.114         -15.836           72.663
   24 (vir)    46          82.376           0.295          -3.194         -16.454           95.932
   25 (vir)    46         121.960           1.912          -1.574         -13.332          135.630
   26 (vir)    46         238.854           3.534          -1.399         -18.080          259.070
 
 
  kpoint:      47             coordinate:     0.3129    0.3129    0.0000
 
    n           k   ϵ_nk^DFT (eV)     Σ^c_nk (eV)     Σ^x_nk (eV)    v_nk^xc (eV)   ϵ_nk^G0W0 (eV)
 
    1 (occ)    47         -17.794           7.847         -27.272         -17.695          -19.524
    2 (occ)    47         -11.750           4.634         -22.104         -15.707          -13.512
    3 (occ)    47         -10.799           4.548         -22.497         -16.030          -12.718
    4 (occ)    47          -3.737           2.320         -20.030         -16.696           -4.751
    5 (vir)    47           1.066          -3.541          -5.627         -11.095            2.993
    6 (vir)    47           9.797          -4.635          -5.435         -12.320           12.048
    7 (vir)    47          11.207          -3.310          -3.720          -9.228           13.405
    8 (vir)    47          12.433          -3.529          -3.824          -9.733           14.813
    9 (vir)    47          13.485          -4.053          -3.861         -10.756           16.328
   10 (vir)    47          14.866          -4.803          -4.188         -11.411           17.287
   11 (vir)    47          15.252          -2.667          -1.252          -5.900           17.233
   12 (vir)    47          18.891          -4.502          -3.966         -11.100           21.524
   13 (vir)    47          23.798          -4.661          -3.467         -10.465           26.136
   14 (vir)    47          24.109          -7.354          -5.110         -15.517           27.162
   15 (vir)    47          28.997          -9.160          -4.096         -14.462           30.203
   16 (vir)    47          34.886          -6.245          -1.938          -9.530           36.233
   17 (vir)    47          42.598          -9.777          -3.356         -13.207           42.671
   18 (vir)    47          43.912          -9.842          -2.749         -12.399           43.721
   19 (vir)    47          44.909          -9.735          -4.708         -16.086           46.553
   20 (vir)    47          48.022         -10.900          -3.386         -13.719           47.454
   21 (vir)    47          53.599          -5.393          -4.100         -15.392           59.498
   22 (vir)    47          57.667           3.832          -2.302         -12.002           71.198
   23 (vir)    47          64.899          -4.697          -3.131         -15.843           72.915
   24 (vir)    47          82.368           3.384          -3.198         -16.451           99.005
   25 (vir)    47         122.188           1.844          -1.601         -13.338          135.769
   26 (vir)    47         238.759           2.950          -1.521         -18.081          258.270
 
 
  kpoint:      48             coordinate:     0.3197    0.3197    0.0000
 
    n           k   ϵ_nk^DFT (eV)     Σ^c_nk (eV)     Σ^x_nk (eV)    v_nk^xc (eV)   ϵ_nk^G0W0 (eV)
 
    1 (occ)    48         -17.771           7.842         -27.284         -17.712          -19.501
    2 (occ)    48         -11.728           4.608         -22.053         -15.701          -13.472
    3 (occ)    48         -10.872           4.586         -22.538         -16.010          -12.814
    4 (occ)    48          -3.697           2.318         -20.094         -16.767           -4.706
    5 (vir)    48           1.030          -3.541          -5.567         -11.033            2.955
    6 (vir)    48           9.855          -4.675          -5.495         -12.423           12.107
    7 (vir)    48          11.276          -3.258          -3.586          -9.022           13.455
    8 (vir)    48          12.563          -3.623          -4.132         -10.190           14.998
    9 (vir)    48          13.543          -3.945          -3.722         -10.507           16.383
   10 (vir)    48          14.788          -4.982          -4.405         -11.824           17.225
   11 (vir)    48          15.289          -2.567          -0.916          -5.395           17.201
   12 (vir)    48          18.791          -4.443          -3.965         -11.014           21.397
   13 (vir)    48          23.726          -5.042          -3.406         -10.230           25.507
   14 (vir)    48          24.090          -7.515          -5.201         -15.779           27.153
   15 (vir)    48          28.964          -9.198          -4.139         -14.549           30.176
   16 (vir)    48          34.894          -8.040          -1.979          -9.530           34.405
   17 (vir)    48          42.697          -9.709          -3.188         -12.954           42.755
   18 (vir)    48          43.626          -9.835          -2.894         -12.589           43.486
   19 (vir)    48          45.091         -10.014          -4.746         -16.158           46.489
   20 (vir)    48          47.927          -9.873          -3.331         -13.674           48.397
   21 (vir)    48          53.426           5.053          -4.129         -15.359           69.711
   22 (vir)    48          57.266           3.842          -2.243         -11.837           70.702
   23 (vir)    48          64.819           5.715          -3.144         -15.848           83.239
   24 (vir)    48          82.361           2.539          -3.196         -16.448           98.152
   25 (vir)    48         122.354           1.822          -1.645         -13.342          135.873
   26 (vir)    48         238.692           2.733          -1.544         -18.082          257.964
 
 
  kpoint:      49             coordinate:     0.3265    0.3265    0.0000
 
    n           k   ϵ_nk^DFT (eV)     Σ^c_nk (eV)     Σ^x_nk (eV)    v_nk^xc (eV)   ϵ_nk^G0W0 (eV)
 
    1 (occ)    49         -17.759           7.839         -27.290         -17.722          -19.488
    2 (occ)    49         -11.708           4.587         -22.014         -15.699          -13.436
    3 (occ)    49         -10.922           4.615         -22.571         -15.996          -12.882
    4 (occ)    49          -3.674           2.316         -20.131         -16.809           -4.680
    5 (vir)    49           1.010          -3.542          -5.532         -10.997            2.934
    6 (vir)    49           9.888          -4.694          -5.525         -12.472           12.142
    7 (vir)    49          11.322          -3.228          -3.510          -8.906           13.491
    8 (vir)    49          12.632          -3.677          -4.319         -10.465           15.100
    9 (vir)    49          13.578          -3.872          -3.628         -10.333           16.411
   10 (vir)    49          14.739          -5.107          -4.557         -12.110           17.184
   11 (vir)    49          15.320          -2.511          -0.710          -5.089           17.189
   12 (vir)    49          18.726          -4.402          -3.959         -10.953           21.317
   13 (vir)    49          23.685          -5.155          -3.386         -10.087           25.232
   14 (vir)    49          24.078          -7.585          -5.256         -15.939           27.176
   15 (vir)    49          28.946          -9.223          -4.166         -14.604           30.161
   16 (vir)    49          34.899          -8.299          -2.015          -9.530           34.114
   17 (vir)    49          42.872          -9.703          -3.065         -12.784           42.888
   18 (vir)    49          43.367          -9.827          -3.007         -12.736           43.269
   19 (vir)    49          45.216         -10.197          -4.779         -16.219           46.458
   20 (vir)    49          47.861          -9.108          -3.288         -13.630           49.096
   21 (vir)    49          53.320           4.079          -4.138         -15.338           68.598
   22 (vir)    49          57.013           3.840          -2.206         -11.728           70.376
   23 (vir)    49          64.770          -4.567          -3.153         -15.852           72.901
   24 (vir)    49          82.356           2.417          -3.189         -16.447           98.031
   25 (vir)    49         122.453          -3.355          -1.684         -13.345          130.758
   26 (vir)    49         238.653           2.741          -1.500         -18.083          257.976
 
 
  kpoint:      50             coordinate:     0.3333    0.3333    0.0000
 
    n           k   ϵ_nk^DFT (eV)     Σ^c_nk (eV)     Σ^x_nk (eV)    v_nk^xc (eV)   ϵ_nk^G0W0 (eV)
 
    1 (occ)    50         -17.754           7.838         -27.293         -17.725          -19.484
    2 (occ)    50         -11.699           4.578         -21.998         -15.698          -13.421
    3 (occ)    50         -10.940           4.627         -22.585         -15.991          -12.908
    4 (occ)    50          -3.666           2.316         -20.143         -16.823           -4.671
    5 (vir)    50           1.004          -3.542          -5.521         -10.986            2.928
    6 (vir)    50           9.899          -4.697          -5.532         -12.485           12.154
    7 (vir)    50          11.338          -3.216          -3.486          -8.870           13.507
    8 (vir)    50          12.651          -3.693          -4.379         -10.551           15.130
    9 (vir)    50          13.589          -3.850          -3.597         -10.274           16.415
   10 (vir)    50          14.721          -5.155          -4.611         -12.208           17.163
   11 (vir)    50          15.332          -2.493          -0.644          -4.992           17.187
   12 (vir)    50          18.703          -4.379          -3.955         -10.931           21.301
   13 (vir)    50          23.672          -5.060          -3.387         -10.032           25.258
   14 (vir)    50          24.073          -7.604          -5.277         -16.001           27.193
   15 (vir)    50          28.942          -9.232          -4.175         -14.622           30.158
   16 (vir)    50          34.900          -7.800          -2.033          -9.530           34.598
   17 (vir)    50          43.107          -8.932          -1.739         -10.843           43.278
   18 (vir)    50          43.116          -9.900          -4.331         -14.674           43.558
   19 (vir)    50          45.262         -10.115          -4.794         -16.245           46.599
   20 (vir)    50          47.836          -8.590          -3.274         -13.611           49.583
   21 (vir)    50          53.283           3.625          -4.132         -15.330           68.106
   22 (vir)    50          56.928           3.835          -2.193         -11.690           70.260
   23 (vir)    50          64.753           5.629          -3.157         -15.853           83.077
   24 (vir)    50          82.354           2.458          -3.178         -16.446           98.080
   25 (vir)    50         122.486           0.738          -1.702         -13.345          134.867
   26 (vir)    50         238.640           2.808          -1.447         -18.083          258.084
 
 
  kpoint:      51             coordinate:     0.3265    0.3367    0.0000
 
    n           k   ϵ_nk^DFT (eV)     Σ^c_nk (eV)     Σ^x_nk (eV)    v_nk^xc (eV)   ϵ_nk^G0W0 (eV)
 
    1 (occ)    51         -17.755           7.838         -27.292         -17.724          -19.485
    2 (occ)    51         -11.702           4.581         -22.002         -15.698          -13.425
    3 (occ)    51         -10.936           4.624         -22.582         -15.992          -12.901
    4 (occ)    51          -3.668           2.316         -20.141         -16.820           -4.673
    5 (vir)    51           1.006          -3.542          -5.523         -10.989            2.929
    6 (vir)    51           9.897          -4.697          -5.532         -12.483           12.151
    7 (vir)    51          11.334          -3.218          -3.491          -8.878           13.502
    8 (vir)    51          12.647          -3.689          -4.366         -10.532           15.124
    9 (vir)    51          13.586          -3.854          -3.604         -10.286           16.414
   10 (vir)    51          14.726          -5.143          -4.599         -12.186           17.169
   11 (vir)    51          15.329          -2.497          -0.659          -5.014           17.187
   12 (vir)    51          18.709          -4.386          -3.956         -10.937           21.304
   13 (vir)    51          23.675          -5.091          -3.388         -10.048           25.244
   14 (vir)    51          24.074          -7.600          -5.271         -15.984           27.186
   15 (vir)    51          28.942          -9.230          -4.173         -14.618           30.158
   16 (vir)    51          34.900          -8.031          -2.030          -9.530           34.369
   17 (vir)    51          42.978          -9.711          -2.999         -12.696           42.963
   18 (vir)    51          43.246          -9.823          -3.071         -12.820           43.172
   19 (vir)    51          45.250         -10.176          -4.790         -16.237           46.521
   20 (vir)    51          47.843          -8.769          -3.278         -13.616           49.412
   21 (vir)    51          53.292           3.757          -4.134         -15.332           68.247
   22 (vir)    51          56.949           3.837          -2.196         -11.700           70.289
   23 (vir)    51          64.757           5.661          -3.156         -15.853           83.115
   24 (vir)    51          82.355           2.460          -3.181         -16.446           98.080
   25 (vir)    51         122.478          -0.047          -1.700         -13.345          134.076
   26 (vir)    51         238.643           2.799          -1.460         -18.083          258.064
 
 
  kpoint:      52             coordinate:     0.3197    0.3401    0.0000
 
    n           k   ϵ_nk^DFT (eV)     Σ^c_nk (eV)     Σ^x_nk (eV)    v_nk^xc (eV)   ϵ_nk^G0W0 (eV)
 
    1 (occ)    52         -17.758           7.839         -27.291         -17.722          -19.488
    2 (occ)    52         -11.710           4.588         -22.015         -15.698          -13.438
    3 (occ)    52         -10.921           4.615         -22.571         -15.997          -12.880
    4 (occ)    52          -3.673           2.316         -20.133         -16.811           -4.679
    5 (vir)    52           1.010          -3.542          -5.530         -10.996            2.933
    6 (vir)    52           9.888          -4.695          -5.530         -12.479           12.142
    7 (vir)    52          11.321          -3.224          -3.506          -8.900           13.491
    8 (vir)    52          12.637          -3.680          -4.327         -10.477           15.107
    9 (vir)    52          13.577          -3.867          -3.621         -10.317           16.407
   10 (vir)    52          14.740          -5.114          -4.566         -12.125           17.184
   11 (vir)    52          15.321          -2.508          -0.701          -5.076           17.188
   12 (vir)    52          18.726          -4.400          -3.959         -10.954           21.322
   13 (vir)    52          23.684          -5.109          -3.399         -10.092           25.269
   14 (vir)    52          24.078          -7.585          -5.254         -15.933           27.172
   15 (vir)    52          28.942          -9.222          -4.167         -14.605           30.157
   16 (vir)    52          34.899          -8.208          -2.025          -9.530           34.197
   17 (vir)    52          42.838          -9.676          -3.016         -12.710           42.856
   18 (vir)    52          43.384          -9.838          -3.054         -12.802           43.294
   19 (vir)    52          45.212         -10.226          -4.778         -16.215           46.424
   20 (vir)    52          47.863          -9.039          -3.292         -13.634           49.166
   21 (vir)    52          53.319           3.995          -4.136         -15.338           68.517
   22 (vir)    52          57.010           3.843          -2.206         -11.730           70.378
   23 (vir)    52          64.770           5.748          -3.153         -15.852           83.216
   24 (vir)    52          82.356           2.527          -3.183         -16.447           98.147
   25 (vir)    52         122.453           0.368          -1.697         -13.345          134.468
   26 (vir)    52         238.652           2.777          -1.482         -18.083          258.031
 
 
  kpoint:      53             coordinate:     0.3129    0.3435    0.0000
 
    n           k   ϵ_nk^DFT (eV)     Σ^c_nk (eV)     Σ^x_nk (eV)    v_nk^xc (eV)   ϵ_nk^G0W0 (eV)
 
    1 (occ)    53         -17.763           7.840         -27.288         -17.719          -19.493
    2 (occ)    53         -11.722           4.600         -22.033         -15.696          -13.460
    3 (occ)    53         -10.896           4.600         -22.554         -16.004          -12.846
    4 (occ)    53          -3.682           2.317         -20.120         -16.796           -4.688
    5 (vir)    53           1.016          -3.541          -5.542         -11.007            2.940
    6 (vir)    53           9.874          -4.692          -5.530         -12.475           12.127
    7 (vir)    53          11.300          -3.233          -3.527          -8.933           13.473
    8 (vir)    53          12.622          -3.666          -4.268         -10.393           15.081
    9 (vir)    53          13.563          -3.883          -3.645         -10.358           16.393
   10 (vir)    53          14.764          -5.073          -4.520         -12.037           17.208
   11 (vir)    53          15.308          -2.525          -0.767          -5.173           17.188
   12 (vir)    53          18.755          -4.419          -3.963         -10.983           21.356
   13 (vir)    53          23.699          -5.127          -3.421         -10.172           25.323
   14 (vir)    53          24.086          -7.554          -5.224         -15.842           27.149
   15 (vir)    53          28.938          -9.210          -4.159         -14.585           30.154
   16 (vir)    53          34.898          -8.345          -2.018          -9.530           34.065
   17 (vir)    53          42.690          -9.623          -3.009         -12.687           42.746
   18 (vir)    53          43.523          -9.853          -3.060         -12.816           43.425
   19 (vir)    53          45.149         -10.246          -4.759         -16.180           46.325
   20 (vir)    53          47.897          -9.303          -3.317         -13.661           48.939
   21 (vir)    53          53.364           4.304          -4.136         -15.348           68.880
   22 (vir)    53          57.108           3.855          -2.221         -11.780           70.522
   23 (vir)    53          64.792           5.889          -3.149         -15.850           83.382
   24 (vir)    53          82.359           2.705          -3.184         -16.447           98.327
   25 (vir)    53         122.412           1.492          -1.693         -13.344          135.554
   26 (vir)    53         238.668           2.722          -1.512         -18.082          257.960
 
 
  kpoint:      54             coordinate:     0.3061    0.3469    0.0000
 
    n           k   ϵ_nk^DFT (eV)     Σ^c_nk (eV)     Σ^x_nk (eV)    v_nk^xc (eV)   ϵ_nk^G0W0 (eV)
 
    1 (occ)    54         -17.769           7.841         -27.285         -17.714          -19.499
    2 (occ)    54         -11.740           4.615         -22.057         -15.693          -13.488
    3 (occ)    54         -10.863           4.581         -22.534         -16.015          -12.801
    4 (occ)    54          -3.693           2.318         -20.104         -16.777           -4.701
    5 (vir)    54           1.024          -3.540          -5.556         -11.021            2.948
    6 (vir)    54           9.854          -4.689          -5.533         -12.474           12.106
    7 (vir)    54          11.271          -3.244          -3.554          -8.975           13.447
    8 (vir)    54          12.603          -3.648          -4.190         -10.284           15.050
    9 (vir)    54          13.542          -3.898          -3.668         -10.396           16.372
   10 (vir)    54          14.799          -5.027          -4.466         -11.936           17.242
   11 (vir)    54          15.291          -2.547          -0.854          -5.299           17.190
   12 (vir)    54          18.795          -4.445          -3.968         -11.022           21.404
   13 (vir)    54          23.718          -5.158          -3.457         -10.294           25.398
   14 (vir)    54          24.097          -7.505          -5.177         -15.704           27.118
   15 (vir)    54          28.930          -9.192          -4.148         -14.558           30.148
   16 (vir)    54          34.896          -8.447          -2.010          -9.530           33.969
   17 (vir)    54          42.532          -9.556          -2.989         -12.645           42.631
   18 (vir)    54          43.658          -9.856          -3.078         -12.843           43.568
   19 (vir)    54          45.061         -10.230          -4.735         -16.135           46.232
   20 (vir)    54          47.944          -9.479          -3.348         -13.695           48.812
   21 (vir)    54          53.427           4.619          -4.135         -15.361           69.271
   22 (vir)    54          57.238           3.873          -2.243         -11.848           70.717
   23 (vir)    54          64.822           6.075          -3.143         -15.848           83.602
   24 (vir)    54          82.363           3.193          -3.184         -16.448           98.820
   25 (vir)    54         122.354           1.525          -1.689         -13.343          135.533
   26 (vir)    54         238.689           2.624          -1.551         -18.082          257.844
 
 
  kpoint:      55             coordinate:     0.2993    0.3503    0.0000
 
    n           k   ϵ_nk^DFT (eV)     Σ^c_nk (eV)     Σ^x_nk (eV)    v_nk^xc (eV)   ϵ_nk^G0W0 (eV)
 
    1 (occ)    55         -17.777           7.843         -27.281         -17.708          -19.507
    2 (occ)    55         -11.761           4.632         -22.082         -15.690          -13.522
    3 (occ)    55         -10.821           4.559         -22.512         -16.029          -12.745
    4 (occ)    55          -3.707           2.320         -20.084         -16.754           -4.717
    5 (vir)    55           1.033          -3.539          -5.574         -11.037            2.958
    6 (vir)    55           9.829          -4.686          -5.539         -12.477           12.080
    7 (vir)    55          11.234          -3.257          -3.584          -9.020           13.414
    8 (vir)    55          12.584          -3.628          -4.097         -10.155           15.014
    9 (vir)    55          13.516          -3.908          -3.688         -10.422           16.343
   10 (vir)    55          14.843          -4.982          -4.411         -11.834           17.284
   11 (vir)    55          15.273          -2.574          -0.956          -5.449           17.191
   12 (vir)    55          18.845          -4.476          -3.974         -11.071           21.466
   13 (vir)    55          23.742          -5.213          -3.510         -10.466           25.486
   14 (vir)    55          24.112          -7.432          -5.112         -15.511           27.080
   15 (vir)    55          28.916          -9.170          -4.135         -14.525           30.136
   16 (vir)    55          34.895          -8.512          -2.002          -9.529           33.910
   17 (vir)    55          42.363          -9.479          -2.961         -12.587           42.511
   18 (vir)    55          43.788          -9.840          -3.102         -12.877           43.723
   19 (vir)    55          44.950         -10.182          -4.709         -16.083           46.142
   20 (vir)    55          48.001          -9.522          -3.384         -13.734           48.829
   21 (vir)    55          53.506           4.857          -4.133         -15.377           69.607
   22 (vir)    55          57.394           3.897          -2.269         -11.933           70.955
   23 (vir)    55          64.862           6.274          -3.137         -15.845           83.844
   24 (vir)    55          82.369           5.956          -3.183         -16.449          101.591
   25 (vir)    55         122.281           1.515          -1.685         -13.341          135.451
   26 (vir)    55         238.715           2.488          -1.597         -18.081          257.687
 
 
  kpoint:      56             coordinate:     0.2925    0.3537    0.0000
 
    n           k   ϵ_nk^DFT (eV)     Σ^c_nk (eV)     Σ^x_nk (eV)    v_nk^xc (eV)   ϵ_nk^G0W0 (eV)
 
    1 (occ)    56         -17.786           7.845         -27.277         -17.702          -19.517
    2 (occ)    56         -11.786           4.650         -22.108         -15.685          -13.560
    3 (occ)    56         -10.773           4.534         -22.490         -16.046          -12.682
    4 (occ)    56          -3.723           2.321         -20.061         -16.727           -4.735
    5 (vir)    56           1.044          -3.537          -5.593         -11.055            2.969
    6 (vir)    56           9.797          -4.682          -5.551         -12.485           12.049
    7 (vir)    56          11.192          -3.271          -3.614          -9.067           13.374
    8 (vir)    56          12.563          -3.605          -3.991         -10.009           14.976
    9 (vir)    56          13.486          -3.910          -3.700         -10.431           16.308
   10 (vir)    56          14.897          -4.944          -4.361         -11.742           17.333
   11 (vir)    56          15.253          -2.606          -1.072          -5.619           17.194
   12 (vir)    56          18.905          -4.513          -3.982         -11.128           21.537
   13 (vir)    56          23.770          -5.295          -3.582         -10.694           25.587
   14 (vir)    56          24.133          -7.328          -5.024         -15.256           27.036
   15 (vir)    56          28.895          -9.142          -4.122         -14.487           30.118
   16 (vir)    56          34.893          -8.534          -1.994          -9.529           33.894
   17 (vir)    56          42.183          -9.391          -2.926         -12.517           42.384
   18 (vir)    56          43.911          -9.798          -3.131         -12.916           43.898
   19 (vir)    56          44.818         -10.116          -4.682         -16.027           46.046
   20 (vir)    56          48.068          -9.431          -3.423         -13.773           48.988
   21 (vir)    56          53.601           4.976          -4.130         -15.396           69.844
   22 (vir)    56          57.570           3.926          -2.300         -12.032           71.228
   23 (vir)    56          64.910           6.424          -3.130         -15.842           84.046
   24 (vir)    56          82.376          -1.638          -3.182         -16.450           94.007
   25 (vir)    56         122.192           1.497          -1.681         -13.340          135.347
   26 (vir)    56         238.747           2.328          -1.646         -18.081          257.510
 
 
  kpoint:      57             coordinate:     0.2857    0.3571    0.0000
 
    n           k   ϵ_nk^DFT (eV)     Σ^c_nk (eV)     Σ^x_nk (eV)    v_nk^xc (eV)   ϵ_nk^G0W0 (eV)
 
    1 (occ)    57         -17.797           7.847         -27.272         -17.694          -19.528
    2 (occ)    57         -11.814           4.669         -22.134         -15.679          -13.600
    3 (occ)    57         -10.717           4.508         -22.469         -16.066          -12.612
    4 (occ)    57          -3.742           2.324         -20.036         -16.698           -4.756
    5 (vir)    57           1.056          -3.535          -5.614         -11.075            2.981
    6 (vir)    57           9.758          -4.677          -5.569         -12.500           12.012
    7 (vir)    57          11.144          -3.286          -3.643          -9.112           13.326
    8 (vir)    57          12.544          -3.581          -3.876          -9.850           14.937
    9 (vir)    57          13.451          -3.902          -3.701         -10.419           16.266
   10 (vir)    57          14.959          -4.917          -4.320         -11.667           17.388
   11 (vir)    57          15.233          -2.641          -1.199          -5.806           17.199
   12 (vir)    57          18.973          -4.560          -3.990         -11.191           21.615
   13 (vir)    57          23.802          -5.403          -3.676         -10.982           25.705
   14 (vir)    57          24.160          -7.191          -4.913         -14.933           26.989
   15 (vir)    57          28.865          -9.109          -4.108         -14.445           30.093
   16 (vir)    57          34.891          -8.492          -1.985          -9.528           33.941
   17 (vir)    57          41.992          -9.294          -2.887         -12.439           42.250
   18 (vir)    57          44.026          -9.718          -3.162         -12.957           44.103
   19 (vir)    57          44.667         -10.045          -4.657         -15.969           45.934
   20 (vir)    57          48.141          -9.252          -3.462         -13.813           49.240
   21 (vir)    57          53.712           5.017          -4.125         -15.418           70.022
   22 (vir)    57          57.758           3.959          -2.334         -12.141           71.524
   23 (vir)    57          64.967           6.448          -3.122         -15.838           84.131
   24 (vir)    57          82.384           0.381          -3.181         -16.452           96.036
   25 (vir)    57         122.087           1.482          -1.677         -13.338          135.230
   26 (vir)    57         238.784           2.166          -1.693         -18.080          257.336
 
 
  kpoint:      58             coordinate:     0.2789    0.3605    0.0000
 
    n           k   ϵ_nk^DFT (eV)     Σ^c_nk (eV)     Σ^x_nk (eV)    v_nk^xc (eV)   ϵ_nk^G0W0 (eV)
 
    1 (occ)    58         -17.809           7.850         -27.267         -17.686          -19.540
    2 (occ)    58         -11.843           4.687         -22.158         -15.673          -13.641
    3 (occ)    58         -10.656           4.482         -22.449         -16.088          -12.536
    4 (occ)    58          -3.762           2.327         -20.010         -16.666           -4.780
    5 (vir)    58           1.068          -3.533          -5.637         -11.095            2.994
    6 (vir)    58           9.712          -4.671          -5.593         -12.521           11.969
    7 (vir)    58          11.092          -3.302          -3.668          -9.152           13.274
    8 (vir)    58          12.527          -3.557          -3.752          -9.681           14.899
    9 (vir)    58          13.414          -3.886          -3.693         -10.386           16.220
   10 (vir)    58          15.029          -4.905          -4.289         -11.613           17.449
   11 (vir)    58          15.215          -2.680          -1.334          -6.005           17.206
   12 (vir)    58          19.050          -4.617          -3.999         -11.261           21.695
   13 (vir)    58          23.837          -5.526          -3.791         -11.327           25.848
   14 (vir)    58          24.194          -7.017          -4.778         -14.546           26.945
   15 (vir)    58          28.825          -9.070          -4.094         -14.400           30.060
   16 (vir)    58          34.889          -8.344          -1.977          -9.527           34.095
   17 (vir)    58          41.790          -9.190          -2.846         -12.354           42.109
   18 (vir)    58          44.133          -9.575          -3.195         -12.999           44.362
   19 (vir)    58          44.498          -9.977          -4.634         -15.913           45.799
   20 (vir)    58          48.220          -9.057          -3.501         -13.849           49.511
   21 (vir)    58          53.837           5.079          -4.118         -15.442           70.239
   22 (vir)    58          57.951           3.995          -2.370         -12.258           71.834
   23 (vir)    58          65.033           6.311          -3.114         -15.833           84.063
   24 (vir)    58          82.394           0.615          -3.181         -16.453           96.281
   25 (vir)    58         121.968           1.474          -1.673         -13.336          135.105
   26 (vir)    58         238.825           2.019          -1.734         -18.079          257.189
 
 
  kpoint:      59             coordinate:     0.2721    0.3639    0.0000
 
    n           k   ϵ_nk^DFT (eV)     Σ^c_nk (eV)     Σ^x_nk (eV)    v_nk^xc (eV)   ϵ_nk^G0W0 (eV)
 
    1 (occ)    59         -17.822           7.853         -27.261         -17.677          -19.553
    2 (occ)    59         -11.874           4.706         -22.181         -15.666          -13.683
    3 (occ)    59         -10.591           4.454         -22.432         -16.113          -12.456
    4 (occ)    59          -3.785           2.330         -19.983         -16.633           -4.805
    5 (vir)    59           1.081          -3.530          -5.660         -11.115            3.006
    6 (vir)    59           9.659          -4.664          -5.624         -12.550           11.921
    7 (vir)    59          11.038          -3.318          -3.688          -9.184           13.216
    8 (vir)    59          12.512          -3.531          -3.622          -9.504           14.862
    9 (vir)    59          13.373          -3.860          -3.676         -10.334           16.171
   10 (vir)    59          15.107          -4.905          -4.269         -11.582           17.514
   11 (vir)    59          15.199          -2.722          -1.476          -6.215           17.216
   12 (vir)    59          19.133          -4.684          -4.008         -11.335           21.777
   13 (vir)    59          23.875          -5.648          -3.922         -11.716           26.021
   14 (vir)    59          24.236          -6.802          -4.624         -14.108           26.918
   15 (vir)    59          28.775          -9.027          -4.080         -14.351           30.019
   16 (vir)    59          34.887          -7.974          -1.968          -9.526           34.470
   17 (vir)    59          41.578          -9.081          -2.802         -12.264           41.959
   18 (vir)    59          44.232          -9.280          -3.228         -13.041           44.766
   19 (vir)    59          44.315          -9.914          -4.614         -15.858           45.644
   20 (vir)    59          48.303          -8.924          -3.538         -13.883           49.724
   21 (vir)    59          53.976          -4.021          -4.107         -15.467           61.315
   22 (vir)    59          58.144           4.033          -2.409         -12.380           72.148
   23 (vir)    59          65.107           6.059          -3.106         -15.827           83.888
   24 (vir)    59          82.405           0.267          -3.183         -16.455           95.945
   25 (vir)    59         121.834           1.476          -1.668         -13.333          134.975
   26 (vir)    59         238.871           1.903          -1.764         -18.077          257.087
 
 
  kpoint:      60             coordinate:     0.2653    0.3673    0.0000
 
    n           k   ϵ_nk^DFT (eV)     Σ^c_nk (eV)     Σ^x_nk (eV)    v_nk^xc (eV)   ϵ_nk^G0W0 (eV)
 
    1 (occ)    60         -17.836           7.857         -27.255         -17.667          -19.567
    2 (occ)    60         -11.906           4.724         -22.202         -15.658          -13.726
    3 (occ)    60         -10.521           4.426         -22.416         -16.139          -12.372
    4 (occ)    60          -3.808           2.334         -19.955         -16.598           -4.832
    5 (vir)    60           1.093          -3.527          -5.683         -11.135            3.019
    6 (vir)    60           9.598          -4.655          -5.661         -12.585           11.866
    7 (vir)    60          10.982          -3.333          -3.702          -9.208           13.155
    8 (vir)    60          12.500          -3.506          -3.487          -9.320           14.827
    9 (vir)    60          13.331          -3.828          -3.651         -10.266           16.118
   10 (vir)    60          15.185          -2.767          -1.623          -6.434           17.230
   11 (vir)    60          15.190          -4.919          -4.260         -11.575           17.586
   12 (vir)    60          19.223          -4.761          -4.018         -11.414           21.858
   13 (vir)    60          23.916          -5.754          -4.062         -12.126           26.225
   14 (vir)    60          24.288          -6.541          -4.458         -13.640           26.928
   15 (vir)    60          28.715          -8.980          -4.067         -14.301           29.969
   16 (vir)    60          34.886          -7.061          -1.960          -9.523           35.389
   17 (vir)    60          41.356          -8.968          -2.758         -12.171           41.801
   18 (vir)    60          44.117          -9.848          -4.597         -15.805           45.477
   19 (vir)    60          44.325           5.534          -3.260         -13.082           59.681
   20 (vir)    60          48.388          -8.904          -3.575         -13.914           49.824
   21 (vir)    60          54.128          -3.261          -4.092         -15.493           62.267
   22 (vir)    60          58.330           4.073          -2.448         -12.503           72.458
   23 (vir)    60          65.190           5.779          -3.097         -15.821           83.693
   24 (vir)    60          82.418          -1.913          -3.187         -16.457           93.774
   25 (vir)    60         121.686           1.519          -1.663         -13.330          134.872
   26 (vir)    60         238.921           1.824          -1.781         -18.076          257.040
 
 
  kpoint:      61             coordinate:     0.2585    0.3707    0.0000
 
    n           k   ϵ_nk^DFT (eV)     Σ^c_nk (eV)     Σ^x_nk (eV)    v_nk^xc (eV)   ϵ_nk^G0W0 (eV)
 
    1 (occ)    61         -17.851           7.861         -27.249         -17.657          -19.581
    2 (occ)    61         -11.938           4.742         -22.222         -15.650          -13.768
    3 (occ)    61         -10.448           4.398         -22.403         -16.168          -12.285
    4 (occ)    61          -3.834           2.338         -19.926         -16.562           -4.860
    5 (vir)    61           1.106          -3.523          -5.705         -11.155            3.032
    6 (vir)    61           9.529          -4.645          -5.704         -12.625           11.805
    7 (vir)    61          10.926          -3.348          -3.710          -9.223           13.092
    8 (vir)    61          12.491          -3.479          -3.349          -9.131           14.794
    9 (vir)    61          13.288          -3.790          -3.619         -10.185           16.064
   10 (vir)    61          15.176          -2.816          -1.773          -6.660           17.247
   11 (vir)    61          15.279          -4.942          -4.261         -11.590           17.666
   12 (vir)    61          19.318          -4.845          -4.028         -11.496           21.941
   13 (vir)    61          23.959          -5.832          -4.202         -12.529           26.455
   14 (vir)    61          24.348          -6.219          -4.289         -13.170           27.010
   15 (vir)    61          28.644          -8.927          -4.055         -14.248           29.910
   16 (vir)    61          34.885          -5.027          -1.950          -9.521           37.429
   17 (vir)    61          41.126          -8.852          -2.714         -12.077           41.636
   18 (vir)    61          43.908          -9.767          -4.582         -15.754           45.313
   19 (vir)    61          44.411           5.469          -3.290         -13.123           59.713
   20 (vir)    61          48.473          -9.012          -3.610         -13.943           49.793
   21 (vir)    61          54.291         -10.966          -4.074         -15.520           54.772
   22 (vir)    61          58.506           4.112          -2.488         -12.626           72.757
   23 (vir)    61          65.282           5.538          -3.087         -15.814           83.547
   24 (vir)    61          82.432         -12.465          -3.193         -16.459           83.232
   25 (vir)    61         121.524           1.604          -1.658         -13.328          134.798
   26 (vir)    61         238.975           1.788          -1.784         -18.074          257.053
 
 
  kpoint:      62             coordinate:     0.2517    0.3741    0.0000
 
    n           k   ϵ_nk^DFT (eV)     Σ^c_nk (eV)     Σ^x_nk (eV)    v_nk^xc (eV)   ϵ_nk^G0W0 (eV)
 
    1 (occ)    62         -17.866           7.865         -27.242         -17.647          -19.597
    2 (occ)    62         -11.970           4.759         -22.240         -15.642          -13.810
    3 (occ)    62         -10.371           4.369         -22.391         -16.198          -12.195
    4 (occ)    62          -3.860           2.343         -19.898         -16.525           -4.890
    5 (vir)    62           1.119          -3.519          -5.728         -11.173            3.044
    6 (vir)    62           9.452          -4.632          -5.753         -12.670           11.736
    7 (vir)    62          10.871          -3.361          -3.711          -9.229           13.028
    8 (vir)    62          12.486          -3.453          -3.207          -8.938           14.765
    9 (vir)    62          13.244          -3.748          -3.583         -10.096           16.009
   10 (vir)    62          15.171          -2.868          -1.926          -6.892           17.270
   11 (vir)    62          15.373          -4.973          -4.271         -11.626           17.755
   12 (vir)    62          19.417          -4.931          -4.038         -11.580           22.027
   13 (vir)    62          24.006          -5.878          -4.332         -12.902           26.699
   14 (vir)    62          24.419          -5.810          -4.125         -12.722           27.204
   15 (vir)    62          28.562          -8.870          -4.043         -14.194           29.842
   16 (vir)    62          34.885          -2.893          -1.939          -9.518           39.571
   17 (vir)    62          40.889          -8.736          -2.671         -11.983           41.464
   18 (vir)    62          43.688          -9.659          -4.570         -15.705           45.165
   19 (vir)    62          44.492           5.411          -3.319         -13.163           59.747
   20 (vir)    62          48.559          -9.229          -3.644         -13.968           49.654
   21 (vir)    62          54.465         -11.445          -4.051         -15.548           54.517
   22 (vir)    62          58.667           4.151          -2.527         -12.747           73.038
   23 (vir)    62          65.382           5.370          -3.076         -15.807           83.483
   24 (vir)    62          82.446           3.870          -3.201         -16.461           99.576
   25 (vir)    62         121.350           1.611          -1.653         -13.325          134.633
   26 (vir)    62         239.032           1.795          -1.774         -18.072          257.126
 
 
  kpoint:      63             coordinate:     0.2449    0.3776    0.0000
 
    n           k   ϵ_nk^DFT (eV)     Σ^c_nk (eV)     Σ^x_nk (eV)    v_nk^xc (eV)   ϵ_nk^G0W0 (eV)
 
    1 (occ)    63         -17.882           7.869         -27.236         -17.636          -19.613
    2 (occ)    63         -12.003           4.775         -22.257         -15.633          -13.851
    3 (occ)    63         -10.292           4.341         -22.381         -16.230          -12.102
    4 (occ)    63          -3.887           2.348         -19.870         -16.489           -4.921
    5 (vir)    63           1.131          -3.515          -5.749         -11.190            3.056
    6 (vir)    63           9.367          -4.618          -5.805         -12.716           11.660
    7 (vir)    63          10.818          -3.373          -3.706          -9.227           12.966
    8 (vir)    63          12.484          -3.425          -3.063          -8.742           14.739
    9 (vir)    63          13.199          -3.704          -3.543         -10.001           15.953
   10 (vir)    63          15.172          -2.923          -2.080          -7.129           17.297
   11 (vir)    63          15.470          -5.008          -4.289         -11.683           17.856
   12 (vir)    63          19.519          -5.015          -4.048         -11.667           22.122
   13 (vir)    63          24.058          -5.900          -4.447         -13.227           26.938
   14 (vir)    63          24.499          -5.273          -3.973         -12.312           27.565
   15 (vir)    63          28.470          -8.809          -4.033         -14.138           29.765
   16 (vir)    63          34.886          -1.278          -1.927          -9.513           41.194
   17 (vir)    63          40.646          -8.620          -2.630         -11.890           41.286
   18 (vir)    63          43.459          -9.517          -4.560         -15.658           45.040
   19 (vir)    63          44.569           5.361          -3.345         -13.201           59.786
   20 (vir)    63          48.644          -9.506          -3.677         -13.992           49.452
   21 (vir)    63          54.650          -8.951          -4.026         -15.576           57.249
   22 (vir)    63          58.812           4.189          -2.566         -12.864           73.298
   23 (vir)    63          65.490           5.288          -3.064         -15.799           83.513
   24 (vir)    63          82.462           3.274          -3.210         -16.462           98.988
   25 (vir)    63         121.164           1.663          -1.648         -13.321          134.500
   26 (vir)    63         239.093           1.843          -1.752         -18.070          257.253
 
 
  kpoint:      64             coordinate:     0.2381    0.3810    0.0000
 
    n           k   ϵ_nk^DFT (eV)     Σ^c_nk (eV)     Σ^x_nk (eV)    v_nk^xc (eV)   ϵ_nk^G0W0 (eV)
 
    1 (occ)    64         -17.899           7.873         -27.229         -17.626          -19.629
    2 (occ)    64         -12.035           4.791         -22.273         -15.625          -13.892
    3 (occ)    64         -10.210           4.312         -22.372         -16.262          -12.008
    4 (occ)    64          -3.915           2.353         -19.843         -16.452           -4.952
    5 (vir)    64           1.142          -3.510          -5.770         -11.206            3.067
    6 (vir)    64           9.275          -4.602          -5.860         -12.762           11.575
    7 (vir)    64          10.767          -3.383          -3.696          -9.217           12.905
    8 (vir)    64          12.485          -3.398          -2.917          -8.544           14.715
    9 (vir)    64          13.155          -3.659          -3.502          -9.903           15.897
   10 (vir)    64          15.178          -2.982          -2.236          -7.370           17.330
   11 (vir)    64          15.570          -5.047          -4.314         -11.758           17.967
   12 (vir)    64          19.623          -5.092          -4.058         -11.756           22.228
   13 (vir)    64          24.114          -5.911          -4.543         -13.495           27.155
   14 (vir)    64          24.590          -4.567          -3.835         -11.949           28.137
   15 (vir)    64          28.367          -8.744          -4.024         -14.080           29.680
   16 (vir)    64          34.888           0.432          -1.914          -9.508           42.915
   17 (vir)    64          40.399          -8.505          -2.590         -11.798           41.102
   18 (vir)    64          43.221          -9.341          -4.551         -15.613           44.941
   19 (vir)    64          44.642           5.317          -3.369         -13.239           59.829
   20 (vir)    64          48.727          -9.787          -3.709         -14.014           49.244
   21 (vir)    64          54.843          -6.293          -3.997         -15.603           60.157
   22 (vir)    64          58.938           4.226          -2.604         -12.975           73.535
   23 (vir)    64          65.607           5.300          -3.050         -15.790           83.646
   24 (vir)    64          82.479           3.234          -3.221         -16.465           98.957
   25 (vir)    64         120.966           1.723          -1.644         -13.318          134.363
   26 (vir)    64         239.156           1.926          -1.722         -18.068          257.429
 
 
  kpoint:      65             coordinate:     0.2313    0.3844    0.0000
 
    n           k   ϵ_nk^DFT (eV)     Σ^c_nk (eV)     Σ^x_nk (eV)    v_nk^xc (eV)   ϵ_nk^G0W0 (eV)
 
    1 (occ)    65         -17.916           7.878         -27.223         -17.615          -19.646
    2 (occ)    65         -12.067           4.807         -22.288         -15.616          -13.931
    3 (occ)    65         -10.126           4.284         -22.365         -16.296          -11.911
    4 (occ)    65          -3.943           2.359         -19.816         -16.415           -4.984
    5 (vir)    65           1.153          -3.505          -5.790         -11.220            3.078
    6 (vir)    65           9.176          -4.585          -5.917         -12.807           11.481
    7 (vir)    65          10.718          -3.391          -3.682          -9.202           12.847
    8 (vir)    65          12.489          -3.369          -2.771          -8.344           14.694
    9 (vir)    65          13.111          -3.614          -3.461          -9.805           15.841
   10 (vir)    65          15.190          -3.045          -2.391          -7.615           17.369
   11 (vir)    65          15.673          -5.087          -4.347         -11.850           18.089
   12 (vir)    65          19.728          -5.159          -4.068         -11.846           22.347
   13 (vir)    65          24.176          -5.928          -4.622         -13.708           27.334
   14 (vir)    65          24.691          -3.711          -3.711         -11.633           28.902
   15 (vir)    65          28.253          -8.674          -4.016         -14.022           29.585
   16 (vir)    65          34.890           1.921          -1.900          -9.502           44.414
   17 (vir)    65          40.150          -8.391          -2.552         -11.709           40.915
   18 (vir)    65          42.975          -9.142          -4.544         -15.570           44.859
   19 (vir)    65          44.711           5.281          -3.391         -13.275           59.877
   20 (vir)    65          48.808         -10.027          -3.740         -14.034           49.075
   21 (vir)    65          55.045          -4.247          -3.968         -15.631           62.462
   22 (vir)    65          59.047           4.261          -2.642         -13.081           73.747
   23 (vir)    65          65.731           5.427          -3.035         -15.780           83.903
   24 (vir)    65          82.497           3.745          -3.231         -16.467           99.478
   25 (vir)    65         120.758           1.781          -1.641         -13.314          134.213
   26 (vir)    65         239.222           2.041          -1.687         -18.066          257.641
 
 
  kpoint:      66             coordinate:     0.2245    0.3878    0.0000
 
    n           k   ϵ_nk^DFT (eV)     Σ^c_nk (eV)     Σ^x_nk (eV)    v_nk^xc (eV)   ϵ_nk^G0W0 (eV)
 
    1 (occ)    66         -17.934           7.883         -27.216         -17.604          -19.664
    2 (occ)    66         -12.099           4.822         -22.301         -15.608          -13.970
    3 (occ)    66         -10.041           4.255         -22.359         -16.331          -11.814
    4 (occ)    66          -3.972           2.366         -19.790         -16.379           -5.017
    5 (vir)    66           1.163          -3.500          -5.809         -11.233            3.087
    6 (vir)    66           9.070          -4.567          -5.973         -12.850           11.380
    7 (vir)    66          10.673          -3.398          -3.664          -9.182           12.793
    8 (vir)    66          12.496          -3.339          -2.625          -8.144           14.675
    9 (vir)    66          13.068          -3.571          -3.420          -9.709           15.786
   10 (vir)    66          15.210          -3.111          -2.546          -7.862           17.414
   11 (vir)    66          15.777          -5.129          -4.386         -11.959           18.220
   12 (vir)    66          19.834          -5.214          -4.078         -11.938           22.479
   13 (vir)    66          24.244          -5.961          -4.684         -13.870           27.468
   14 (vir)    66          24.804          -2.850          -3.601         -11.359           29.712
   15 (vir)    66          28.130          -8.601          -4.008         -13.962           29.482
   16 (vir)    66          34.894           2.829          -1.886          -9.495           45.333
   17 (vir)    66          39.899          -8.280          -2.516         -11.622           40.725
   18 (vir)    66          42.722          -8.933          -4.539         -15.527           44.777
   19 (vir)    66          44.779           5.251          -3.410         -13.311           59.930
   20 (vir)    66          48.886         -10.205          -3.769         -14.053           48.965
   21 (vir)    66          55.254          -3.128          -3.937         -15.658           63.847
   22 (vir)    66          59.137           4.293          -2.678         -13.181           73.934
   23 (vir)    66          65.863           5.722          -3.019         -15.770           84.336
   24 (vir)    66          82.515          -1.658          -3.240         -16.469           94.086
   25 (vir)    66         120.539           1.831          -1.640         -13.311          134.041
   26 (vir)    66         239.291           2.175          -1.652         -18.063          257.878
 
 
  kpoint:      67             coordinate:     0.2177    0.3912    0.0000
 
    n           k   ϵ_nk^DFT (eV)     Σ^c_nk (eV)     Σ^x_nk (eV)    v_nk^xc (eV)   ϵ_nk^G0W0 (eV)
 
    1 (occ)    67         -17.952           7.888         -27.210         -17.593          -19.681
    2 (occ)    67         -12.130           4.836         -22.314         -15.600          -14.008
    3 (occ)    67          -9.954           4.226         -22.354         -16.367          -11.715
    4 (occ)    67          -4.001           2.372         -19.765         -16.344           -5.050
    5 (vir)    67           1.172          -3.495          -5.826         -11.244            3.096
    6 (vir)    67           8.958          -4.547          -6.029         -12.890           11.272
    7 (vir)    67          10.630          -3.402          -3.645          -9.159           12.742
    8 (vir)    67          12.505          -3.308          -2.480          -7.943           14.659
    9 (vir)    67          13.025          -3.529          -3.380          -9.614           15.731
   10 (vir)    67          15.236          -3.181          -2.698          -8.110           17.466
   11 (vir)    67          15.883          -5.176          -4.432         -12.082           18.356
   12 (vir)    67          19.939          -5.261          -4.089         -12.030           22.620
   13 (vir)    67          24.321          -6.016          -4.732         -13.986           27.559
   14 (vir)    67          24.927          -2.161          -3.504         -11.121           30.383
   15 (vir)    67          27.996          -8.524          -4.003         -13.902           29.371
   16 (vir)    67          34.899           3.337          -1.872          -9.487           45.850
   17 (vir)    67          39.648          -8.172          -2.482         -11.539           40.533
   18 (vir)    67          42.463          -8.738          -4.534         -15.485           44.676
   19 (vir)    67          44.844           5.228          -3.427         -13.345           59.989
   20 (vir)    67          48.962         -10.330          -3.798         -14.071           48.905
   21 (vir)    67          55.469          -2.738          -3.907         -15.685           64.509
   22 (vir)    67          59.209           4.323          -2.712         -13.275           74.095
   23 (vir)    67          66.003          -2.325          -3.002         -15.759           76.435
   24 (vir)    67          82.533          -0.610          -3.247         -16.470           95.146
   25 (vir)    67         120.312           1.863          -1.640         -13.307          133.842
   26 (vir)    67         239.362           2.318          -1.618         -18.061          258.122
 
 
  kpoint:      68             coordinate:     0.2109    0.3946    0.0000
 
    n           k   ϵ_nk^DFT (eV)     Σ^c_nk (eV)     Σ^x_nk (eV)    v_nk^xc (eV)   ϵ_nk^G0W0 (eV)
 
    1 (occ)    68         -17.970           7.893         -27.203         -17.582          -19.699
    2 (occ)    68         -12.160           4.850         -22.326         -15.591          -14.045
    3 (occ)    68          -9.867           4.198         -22.350         -16.404          -11.615
    4 (occ)    68          -4.031           2.379         -19.741         -16.309           -5.083
    5 (vir)    68           1.181          -3.489          -5.842         -11.254            3.103
    6 (vir)    68           8.841          -4.526          -6.083         -12.925           11.157
    7 (vir)    68          10.591          -3.406          -3.623          -9.132           12.694
    8 (vir)    68          12.515          -3.277          -2.338          -7.744           14.645
    9 (vir)    68          12.984          -3.489          -3.342          -9.524           15.677
   10 (vir)    68          15.271          -3.255          -2.848          -8.357           17.525
   11 (vir)    68          15.989          -5.229          -4.485         -12.218           18.493
   12 (vir)    68          20.044          -5.307          -4.099         -12.123           22.761
   13 (vir)    68          24.405          -6.088          -4.767         -14.065           27.615
   14 (vir)    68          25.062          -1.718          -3.417         -10.914           30.840
   15 (vir)    68          27.854          -8.444          -3.998         -13.841           29.252
   16 (vir)    68          34.906           3.576          -1.861          -9.477           46.099
   17 (vir)    68          39.399          -8.067          -2.450         -11.459           40.341
   18 (vir)    68          42.199          -8.575          -4.531         -15.444           44.536
   19 (vir)    68          44.907           5.211          -3.442         -13.378           60.053
   20 (vir)    68          49.034         -10.431          -3.825         -14.088           48.866
   21 (vir)    68          55.689          -2.909          -3.878         -15.711           64.614
   22 (vir)    68          59.266           4.350          -2.746         -13.362           74.232
   23 (vir)    68          66.150           7.622          -2.986         -15.748           86.534
   24 (vir)    68          82.550           0.823          -3.253         -16.472           96.594
   25 (vir)    68         120.076           1.875          -1.643         -13.303          133.611
   26 (vir)    68         239.434           2.451          -1.589         -18.058          258.353
 
 
  kpoint:      69             coordinate:     0.2041    0.3980    0.0000
 
    n           k   ϵ_nk^DFT (eV)     Σ^c_nk (eV)     Σ^x_nk (eV)    v_nk^xc (eV)   ϵ_nk^G0W0 (eV)
 
    1 (occ)    69         -17.988           7.898         -27.197         -17.571          -19.717
    2 (occ)    69         -12.190           4.864         -22.337         -15.583          -14.080
    3 (occ)    69          -9.778           4.170         -22.348         -16.441          -11.515
    4 (occ)    69          -4.060           2.386         -19.718         -16.276           -5.116
    5 (vir)    69           1.188          -3.483          -5.857         -11.262            3.110
    6 (vir)    69           8.720          -4.504          -6.135         -12.956           11.037
    7 (vir)    69          10.554          -3.408          -3.600          -9.104           12.649
    8 (vir)    69          12.526          -3.244          -2.199          -7.548           14.631
    9 (vir)    69          12.944          -3.450          -3.306          -9.437           15.625
   10 (vir)    69          15.314          -3.332          -2.993          -8.604           17.592
   11 (vir)    69          16.096          -5.294          -4.544         -12.367           18.625
   12 (vir)    69          20.146          -5.362          -4.111         -12.216           22.889
   13 (vir)    69          24.499          -6.169          -4.791         -14.113           27.652
   14 (vir)    69          25.209          -1.503          -3.341         -10.729           31.095
   15 (vir)    69          27.702          -8.361          -3.994         -13.778           29.126
   16 (vir)    69          34.914           3.581          -1.852          -9.465           46.109
   17 (vir)    69          39.151          -7.965          -2.420         -11.383           40.148
   18 (vir)    69          41.930          -8.463          -4.529         -15.403           44.340
   19 (vir)    69          44.968           5.199          -3.455         -13.410           60.122
   20 (vir)    69          49.102         -10.543          -3.852         -14.105           48.813
   21 (vir)    69          55.914          -3.587          -3.849         -15.737           64.215
   22 (vir)    69          59.307           4.374          -2.779         -13.443           74.347
   23 (vir)    69          66.305         -11.592          -2.971         -15.736           67.478
   24 (vir)    69          82.567           1.163          -3.256         -16.474           96.949
   25 (vir)    69         119.833           1.865          -1.648         -13.298          133.349
   26 (vir)    69         239.508           2.556          -1.566         -18.055          258.552
 
 
  kpoint:      70             coordinate:     0.1973    0.4014    0.0000
 
    n           k   ϵ_nk^DFT (eV)     Σ^c_nk (eV)     Σ^x_nk (eV)    v_nk^xc (eV)   ϵ_nk^G0W0 (eV)
 
    1 (occ)    70         -18.006           7.903         -27.191         -17.560          -19.734
    2 (occ)    70         -12.219           4.877         -22.348         -15.575          -14.115
    3 (occ)    70          -9.689           4.141         -22.346         -16.479          -11.414
    4 (occ)    70          -4.089           2.394         -19.696         -16.243           -5.149
    5 (vir)    70           1.195          -3.476          -5.871         -11.268            3.116
    6 (vir)    70           8.596          -4.481          -6.185         -12.983           10.913
    7 (vir)    70          10.519          -3.410          -3.576          -9.073           12.606
    8 (vir)    70          12.538          -3.211          -2.064          -7.357           14.620
    9 (vir)    70          12.904          -3.414          -3.272          -9.355           15.574
   10 (vir)    70          15.365          -3.413          -3.134          -8.847           17.665
   11 (vir)    70          16.203          -5.372          -4.610         -12.527           18.749
   12 (vir)    70          20.246          -5.438          -4.123         -12.308           22.992
   13 (vir)    70          24.602          -6.247          -4.808         -14.137           27.685
   14 (vir)    70          25.369          -1.495          -3.274         -10.564           31.164
   15 (vir)    70          27.541          -8.274          -3.991         -13.716           28.992
   16 (vir)    70          34.925           3.298          -1.845          -9.452           45.829
   17 (vir)    70          38.907          -7.868          -2.392         -11.310           39.957
   18 (vir)    70          41.656          -8.413          -4.528         -15.362           44.078
   19 (vir)    70          45.028           5.192          -3.465         -13.442           60.196
   20 (vir)    70          49.167         -10.686          -3.877         -14.121           48.725
   21 (vir)    70          56.141          -4.738          -3.823         -15.763           63.343
   22 (vir)    70          59.336           4.395          -2.810         -13.519           74.440
   23 (vir)    70          66.467         -10.610          -2.957         -15.723           68.622
   24 (vir)    70          82.584           1.268          -3.257         -16.476           97.070
   25 (vir)    70         119.584           1.834          -1.655         -13.294          133.057
   26 (vir)    70         239.582           2.615          -1.549         -18.052          258.700
 
 
  kpoint:      71             coordinate:     0.1905    0.4048    0.0000
 
    n           k   ϵ_nk^DFT (eV)     Σ^c_nk (eV)     Σ^x_nk (eV)    v_nk^xc (eV)   ϵ_nk^G0W0 (eV)
 
    1 (occ)    71         -18.024           7.909         -27.185         -17.549          -19.752
    2 (occ)    71         -12.248           4.889         -22.358         -15.567          -14.149
    3 (occ)    71          -9.599           4.114         -22.345         -16.517          -11.313
    4 (occ)    71          -4.118           2.401         -19.676         -16.211           -5.182
    5 (vir)    71           1.201          -3.470          -5.884         -11.273            3.120
    6 (vir)    71           8.470          -4.458          -6.232         -13.006           10.786
    7 (vir)    71          10.487          -3.411          -3.552          -9.042           12.565
    8 (vir)    71          12.550          -3.177          -1.935          -7.171           14.608
    9 (vir)    71          12.867          -3.379          -3.241          -9.278           15.525
   10 (vir)    71          15.425          -3.497          -3.268          -9.086           17.746
   11 (vir)    71          16.309          -5.465          -4.681         -12.698           18.861
   12 (vir)    71          20.344          -5.545          -4.137         -12.398           23.059
   13 (vir)    71          24.715          -6.313          -4.817         -14.143           27.727
   14 (vir)    71          25.544          -1.771          -3.216         -10.412           30.970
   15 (vir)    71          27.373          -8.184          -3.990         -13.652           28.850
   16 (vir)    71          34.938           2.498          -1.843          -9.436           45.029
   17 (vir)    71          38.667          -7.774          -2.365         -11.240           39.768
   18 (vir)    71          41.378          -8.427          -4.527         -15.321           43.745
   19 (vir)    71          45.086           5.190          -3.474         -13.472           60.273
   20 (vir)    71          49.229         -10.857          -3.900         -14.136           48.607
   21 (vir)    71          56.371          -6.223          -3.797         -15.788           62.139
   22 (vir)    71          59.353           4.412          -2.840         -13.588           74.513
   23 (vir)    71          66.637         -10.925          -2.946         -15.710           68.476
   24 (vir)    71          82.598           1.250          -3.256         -16.477           97.069
   25 (vir)    71         119.330           1.788          -1.664         -13.289          132.743
   26 (vir)    71         239.658           2.619          -1.539         -18.048          258.786
 
 
  kpoint:      72             coordinate:     0.1837    0.4082    0.0000
 
    n           k   ϵ_nk^DFT (eV)     Σ^c_nk (eV)     Σ^x_nk (eV)    v_nk^xc (eV)   ϵ_nk^G0W0 (eV)
 
    1 (occ)    72         -18.042           7.914         -27.180         -17.539          -19.769
    2 (occ)    72         -12.275           4.901         -22.367         -15.560          -14.181
    3 (occ)    72          -9.510           4.086         -22.345         -16.556          -11.212
    4 (occ)    72          -4.147           2.409         -19.656         -16.180           -5.214
    5 (vir)    72           1.206          -3.463          -5.896         -11.277            3.124
    6 (vir)    72           8.341          -4.433          -6.277         -13.024           10.656
    7 (vir)    72          10.457          -3.413          -3.528          -9.010           12.526
    8 (vir)    72          12.562          -3.143          -1.813          -6.993           14.598
    9 (vir)    72          12.830          -3.346          -3.212          -9.205           15.477
   10 (vir)    72          15.494          -3.584          -3.394          -9.318           17.834
   11 (vir)    72          16.415          -5.573          -4.757         -12.879           18.964
   12 (vir)    72          20.438          -5.683          -4.152         -12.485           23.089
   13 (vir)    72          24.838          -6.363          -4.821         -14.136           27.789
   14 (vir)    72          25.733          -2.650          -3.166         -10.272           30.189
   15 (vir)    72          27.196          -8.092          -3.989         -13.588           28.703
   16 (vir)    72          34.953           0.500          -1.844          -9.418           43.027
   17 (vir)    72          38.432          -7.685          -2.340         -11.175           39.582
   18 (vir)    72          41.097          -8.503          -4.527         -15.280           43.347
   19 (vir)    72          45.143           5.192          -3.482         -13.502           60.354
   20 (vir)    72          49.286         -11.016          -3.923         -14.150           48.498
   21 (vir)    72          56.603          -7.817          -3.773         -15.812           60.825
   22 (vir)    72          59.360           4.426          -2.869         -13.652           74.570
   23 (vir)    72          66.813           7.895          -2.936         -15.697           87.470
   24 (vir)    72          82.611           1.093          -3.254         -16.478           96.928
   25 (vir)    72         119.072           1.733          -1.674         -13.284          132.415
   26 (vir)    72         239.734           2.566          -1.534         -18.045          258.811
 
 
  kpoint:      73             coordinate:     0.1769    0.4116    0.0000
 
    n           k   ϵ_nk^DFT (eV)     Σ^c_nk (eV)     Σ^x_nk (eV)    v_nk^xc (eV)   ϵ_nk^G0W0 (eV)
 
    1 (occ)    73         -18.060           7.919         -27.174         -17.529          -19.787
    2 (occ)    73         -12.302           4.913         -22.376         -15.552          -14.213
    3 (occ)    73          -9.420           4.059         -22.345         -16.595          -11.112
    4 (occ)    73          -4.175           2.416         -19.638         -16.150           -5.246
    5 (vir)    73           1.210          -3.456          -5.906         -11.280            3.127
    6 (vir)    73           8.212          -4.409          -6.318         -13.038           10.524
    7 (vir)    73          10.429          -3.415          -3.504          -8.978           12.488
    8 (vir)    73          12.572          -3.109          -1.698          -6.823           14.588
    9 (vir)    73          12.795          -3.315          -3.186          -9.137           15.431
   10 (vir)    73          15.573          -3.673          -3.513          -9.542           17.930
   11 (vir)    73          16.519          -5.690          -4.838         -13.068           19.059
   12 (vir)    73          20.530          -5.842          -4.168         -12.569           23.090
   13 (vir)    73          24.971          -6.395          -4.822         -14.120           27.874
   14 (vir)    73          25.940          -4.445          -3.123         -10.140           28.511
   15 (vir)    73          27.012          -7.997          -3.990         -13.523           28.548
   16 (vir)    73          34.971          -2.012          -1.848          -9.396           40.507
   17 (vir)    73          38.203          -7.600          -2.317         -11.112           39.399
   18 (vir)    73          40.813          -8.631          -4.528         -15.239           42.893
   19 (vir)    73          45.198           5.198          -3.487         -13.530           60.439
   20 (vir)    73          49.340         -11.092          -3.943         -14.164           48.470
   21 (vir)    73          56.834          -9.399          -3.750         -15.836           59.521
   22 (vir)    73          59.360           4.436          -2.897         -13.712           74.611
   23 (vir)    73          66.998           5.900          -2.927         -15.683           85.654
   24 (vir)    73          82.621           0.551          -3.252         -16.479           96.399
   25 (vir)    73         118.811           1.675          -1.685         -13.279          132.080
   26 (vir)    73         239.811           2.470          -1.534         -18.041          258.787
 
 
  kpoint:      74             coordinate:     0.1701    0.4150    0.0000
 
    n           k   ϵ_nk^DFT (eV)     Σ^c_nk (eV)     Σ^x_nk (eV)    v_nk^xc (eV)   ϵ_nk^G0W0 (eV)
 
    1 (occ)    74         -18.078           7.925         -27.169         -17.519          -19.804
    2 (occ)    74         -12.328           4.924         -22.384         -15.545          -14.243
    3 (occ)    74          -9.332           4.032         -22.347         -16.634          -11.012
    4 (occ)    74          -4.203           2.424         -19.620         -16.122           -5.277
    5 (vir)    74           1.213          -3.450          -5.916         -11.281            3.129
    6 (vir)    74           8.082          -4.384          -6.356         -13.049           10.391
    7 (vir)    74          10.403          -3.416          -3.480          -8.946           12.452
    8 (vir)    74          12.582          -3.076          -1.592          -6.664           14.579
    9 (vir)    74          12.762          -3.287          -3.162          -9.074           15.387
   10 (vir)    74          15.660          -3.764          -3.622          -9.758           18.032
   11 (vir)    74          16.622          -5.812          -4.922         -13.265           19.153
   12 (vir)    74          20.619          -6.006          -4.184         -12.650           23.078
   13 (vir)    74          25.114          -6.414          -4.819         -14.100           27.981
   14 (vir)    74          26.164          -5.780          -3.086         -10.016           27.313
   15 (vir)    74          26.821          -7.900          -3.991         -13.458           28.388
   16 (vir)    74          34.994          -6.587          -1.854          -9.370           35.923
   17 (vir)    74          37.981          -7.520          -2.295         -11.053           39.219
   18 (vir)    74          40.526          -8.797          -4.528         -15.196           42.397
   19 (vir)    74          45.251           5.208          -3.492         -13.558           60.526
   20 (vir)    74          49.391         -10.978          -3.961         -14.176           48.628
   21 (vir)    74          57.064         -11.027          -3.727         -15.859           58.170
   22 (vir)    74          59.353           4.443          -2.924         -13.766           74.638
   23 (vir)    74          67.189           5.045          -2.918         -15.668           84.984
   24 (vir)    74          82.627          -5.333          -3.248         -16.480           90.527
   25 (vir)    74         118.548           1.623          -1.695         -13.274          131.750
   26 (vir)    74         239.887           2.348          -1.538         -18.037          258.734
 
 
  kpoint:      75             coordinate:     0.1633    0.4184    0.0000
 
    n           k   ϵ_nk^DFT (eV)     Σ^c_nk (eV)     Σ^x_nk (eV)    v_nk^xc (eV)   ϵ_nk^G0W0 (eV)
 
    1 (occ)    75         -18.095           7.930         -27.164         -17.509          -19.820
    2 (occ)    75         -12.353           4.935         -22.392         -15.538          -14.272
    3 (occ)    75          -9.243           4.006         -22.349         -16.674          -10.913
    4 (occ)    75          -4.230           2.432         -19.604         -16.094           -5.308
    5 (vir)    75           1.216          -3.443          -5.924         -11.281            3.130
    6 (vir)    75           7.953          -4.359          -6.392         -13.056           10.258
    7 (vir)    75          10.379          -3.417          -3.457          -8.914           12.418
    8 (vir)    75          12.591          -3.043          -1.494          -6.516           14.569
    9 (vir)    75          12.729          -3.261          -3.140          -9.016           15.345
   10 (vir)    75          15.757          -3.857          -3.721          -9.963           18.142
   11 (vir)    75          16.723          -5.933          -5.007         -13.468           19.251
   12 (vir)    75          20.705          -6.157          -4.201         -12.725           23.072
   13 (vir)    75          25.267          -6.424          -4.813         -14.077           28.107
   14 (vir)    75          26.408          -6.207          -3.052          -9.899           27.047
   15 (vir)    75          26.623          -7.801          -3.993         -13.392           28.222
   16 (vir)    75          35.020          -8.410          -1.860          -9.340           34.090
   17 (vir)    75          37.765          -7.444          -2.274         -10.998           39.044
   18 (vir)    75          40.236          -8.984          -4.529         -15.153           41.876
   19 (vir)    75          45.303           5.221          -3.495         -13.585           60.614
   20 (vir)    75          49.438         -10.526          -3.976         -14.188           49.124
   21 (vir)    75          57.293         -12.864          -3.705         -15.882           56.606
   22 (vir)    75          59.341           4.446          -2.951         -13.817           74.654
   23 (vir)    75          67.388           4.588          -2.910         -15.654           84.721
   24 (vir)    75          82.630           3.575          -3.245         -16.481           99.441
   25 (vir)    75         118.286           1.593          -1.704         -13.269          131.444
   26 (vir)    75         239.963           2.221          -1.543         -18.033          258.673
 
 
  kpoint:      76             coordinate:     0.1565    0.4218    0.0000
 
    n           k   ϵ_nk^DFT (eV)     Σ^c_nk (eV)     Σ^x_nk (eV)    v_nk^xc (eV)   ϵ_nk^G0W0 (eV)
 
    1 (occ)    76         -18.112           7.935         -27.159         -17.500          -19.837
    2 (occ)    76         -12.377           4.945         -22.400         -15.531          -14.300
    3 (occ)    76          -9.156           3.980         -22.352         -16.713          -10.815
    4 (occ)    76          -4.257           2.439         -19.589         -16.068           -5.338
    5 (vir)    76           1.218          -3.436          -5.932         -11.281            3.131
    6 (vir)    76           7.825          -4.334          -6.425         -13.060           10.126
    7 (vir)    76          10.356          -3.418          -3.434          -8.882           12.387
    8 (vir)    76          12.598          -3.012          -1.406          -6.379           14.560
    9 (vir)    76          12.699          -3.237          -3.120          -8.963           15.304
   10 (vir)    76          15.863          -3.950          -3.811         -10.157           18.259
   11 (vir)    76          16.822          -6.046          -5.094         -13.676           19.359
   12 (vir)    76          20.788          -6.280          -4.217         -12.796           23.086
   13 (vir)    76          25.430          -6.434          -4.806         -14.054           28.244
   14 (vir)    76          26.420          -7.699          -3.996         -13.325           28.050
   15 (vir)    76          26.674          -6.236          -3.017          -9.788           27.210
   16 (vir)    76          35.052          -8.583          -1.864          -9.304           33.910
   17 (vir)    76          37.557          -7.373          -2.255         -10.945           38.874
   18 (vir)    76          39.945          -9.175          -4.530         -15.109           41.349
   19 (vir)    76          45.354           5.236          -3.497         -13.611           60.704
   20 (vir)    76          49.481           5.816          -3.989         -14.198           65.507
   21 (vir)    76          57.519          -2.031          -3.684         -15.904           67.708
   22 (vir)    76          59.326           4.446          -2.976         -13.863           74.660
   23 (vir)    76          67.595           4.307          -2.899         -15.639           84.642
   24 (vir)    76          82.628           2.666          -3.241         -16.481           98.535
   25 (vir)    76         118.025           2.784          -1.711         -13.263          132.361
   26 (vir)    76         240.037           2.104          -1.548         -18.029          258.623
 
 
  kpoint:      77             coordinate:     0.1497    0.4252    0.0000
 
    n           k   ϵ_nk^DFT (eV)     Σ^c_nk (eV)     Σ^x_nk (eV)    v_nk^xc (eV)   ϵ_nk^G0W0 (eV)
 
    1 (occ)    77         -18.129           7.940         -27.155         -17.491          -19.853
    2 (occ)    77         -12.400           4.955         -22.407         -15.525          -14.327
    3 (occ)    77          -9.070           3.955         -22.356         -16.752          -10.718
    4 (occ)    77          -4.282           2.447         -19.574         -16.043           -5.367
    5 (vir)    77           1.219          -3.429          -5.939         -11.280            3.131
    6 (vir)    77           7.698          -4.310          -6.454         -13.061            9.995
    7 (vir)    77          10.335          -3.418          -3.412          -8.852           12.357
    8 (vir)    77          12.604          -2.982          -1.326          -6.255           14.551
    9 (vir)    77          12.670          -3.215          -3.103          -8.914           15.266
   10 (vir)    77          15.978          -4.045          -3.891         -10.341           18.383
   11 (vir)    77          16.919          -6.147          -5.179         -13.888           19.481
   12 (vir)    77          20.870          -6.367          -4.232         -12.861           23.133
   13 (vir)    77          25.602          -6.450          -4.798         -14.034           28.387
   14 (vir)    77          26.210          -7.595          -4.000         -13.259           27.874
   15 (vir)    77          26.965          -6.061          -2.976          -9.686           27.615
   16 (vir)    77          35.091          -8.519          -1.863          -9.261           33.969
   17 (vir)    77          37.357          -7.307          -2.236         -10.896           38.710
   18 (vir)    77          39.652          -9.355          -4.530         -15.063           40.830
   19 (vir)    77          45.402           5.254          -3.498         -13.636           60.794
   20 (vir)    77          49.522          -8.363          -3.998         -14.207           51.369
   21 (vir)    77          57.740         -11.461          -3.662         -15.925           58.542
   22 (vir)    77          59.308           4.444          -3.001         -13.906           74.658
   23 (vir)    77          67.809           4.123          -2.886         -15.624           84.670
   24 (vir)    77          82.621           2.427          -3.236         -16.481           98.292
   25 (vir)    77         117.768           1.481          -1.715         -13.257          130.791
   26 (vir)    77         240.111           2.011          -1.551         -18.025          258.595
 
 
  kpoint:      78             coordinate:     0.1429    0.4286    0.0000
 
    n           k   ϵ_nk^DFT (eV)     Σ^c_nk (eV)     Σ^x_nk (eV)    v_nk^xc (eV)   ϵ_nk^G0W0 (eV)
 
    1 (occ)    78         -18.145           7.945         -27.150         -17.482          -19.869
    2 (occ)    78         -12.422           4.964         -22.413         -15.519          -14.353
    3 (occ)    78          -8.985           3.931         -22.360         -16.791          -10.623
    4 (occ)    78          -4.307           2.454         -19.561         -16.019           -5.395
    5 (vir)    78           1.220          -3.423          -5.945         -11.278            3.130
    6 (vir)    78           7.573          -4.286          -6.481         -13.059            9.865
    7 (vir)    78          10.315          -3.416          -3.390          -8.822           12.330
    8 (vir)    78          12.609          -2.953          -1.255          -6.142           14.542
    9 (vir)    78          12.642          -3.195          -3.087          -8.869           15.229
   10 (vir)    78          16.101          -4.141          -3.962         -10.514           18.512
   11 (vir)    78          17.014          -6.233          -5.263         -14.103           19.620
   12 (vir)    78          20.951          -6.409          -4.245         -12.922           23.220
   13 (vir)    78          25.783          -6.478          -4.790         -14.017           28.531
   14 (vir)    78          25.996          -7.490          -4.005         -13.191           27.693
   15 (vir)    78          27.283          -5.663          -2.924          -9.595           28.291
   16 (vir)    78          35.137          -8.332          -1.853          -9.208           34.161
   17 (vir)    78          37.165          -7.245          -2.219         -10.850           38.550
   18 (vir)    78          39.358          -9.510          -4.530         -15.015           40.334
   19 (vir)    78          45.449           5.273          -3.498         -13.661           60.885
   20 (vir)    78          49.560          -8.321          -4.003         -14.215           51.450
   21 (vir)    78          57.958          -3.081          -3.639         -15.945           67.182
   22 (vir)    78          59.289           4.439          -3.024         -13.946           74.649
   23 (vir)    78          68.030           4.009          -2.869         -15.610           84.780
   24 (vir)    78          82.608           2.349          -3.232         -16.481           98.207
   25 (vir)    78         117.514           1.450          -1.716         -13.251          130.499
   26 (vir)    78         240.183           1.949          -1.551         -18.020          258.601
 
 
  kpoint:      79             coordinate:     0.1361    0.4320    0.0000
 
    n           k   ϵ_nk^DFT (eV)     Σ^c_nk (eV)     Σ^x_nk (eV)    v_nk^xc (eV)   ϵ_nk^G0W0 (eV)
 
    1 (occ)    79         -18.161           7.949         -27.146         -17.474          -19.884
    2 (occ)    79         -12.443           4.973         -22.420         -15.513          -14.377
    3 (occ)    79          -8.903           3.907         -22.365         -16.830          -10.530
    4 (occ)    79          -4.332           2.461         -19.549         -15.997           -5.423
    5 (vir)    79           1.220          -3.416          -5.951         -11.275            3.129
    6 (vir)    79           7.451          -4.263          -6.505         -13.055            9.738
    7 (vir)    79          10.296          -3.414          -3.369          -8.793           12.306
    8 (vir)    79          12.612          -2.926          -1.192          -6.040           14.533
    9 (vir)    79          12.617          -3.177          -3.074          -8.829           15.195
   10 (vir)    79          16.232          -4.237          -4.023         -10.676           18.648
   11 (vir)    79          17.106          -6.303          -5.345         -14.318           19.775
   12 (vir)    79          21.031          -6.399          -4.255         -12.979           23.356
   13 (vir)    79          25.777          -7.383          -4.010         -13.123           27.507
   14 (vir)    79          25.971          -6.521          -4.781         -14.005           28.674
   15 (vir)    79          27.631           3.832          -2.857          -9.519           38.125
   16 (vir)    79          35.195          -7.903          -1.831          -9.143           34.605
   17 (vir)    79          36.982          -7.188          -2.203         -10.806           38.397
   18 (vir)    79          39.064          -9.630          -4.528         -14.966           39.871
   19 (vir)    79          45.494           5.294          -3.498         -13.684           60.975
   20 (vir)    79          49.595          -7.688          -4.005         -14.220           52.122
   21 (vir)    79          58.170           6.006          -3.616         -15.963           76.522
   22 (vir)    79          59.269           4.432          -3.047         -13.983           74.636
   23 (vir)    79          68.260           3.965          -2.848         -15.595           84.972
   24 (vir)    79          82.588           2.354          -3.226         -16.481           98.197
   25 (vir)    79         117.267           1.435          -1.713         -13.244          130.233
   26 (vir)    79         240.252           1.924          -1.545         -18.016          258.648
 
 
  kpoint:      80             coordinate:     0.1293    0.4354    0.0000
 
    n           k   ϵ_nk^DFT (eV)     Σ^c_nk (eV)     Σ^x_nk (eV)    v_nk^xc (eV)   ϵ_nk^G0W0 (eV)
 
    1 (occ)    80         -18.176           7.954         -27.143         -17.466          -19.898
    2 (occ)    80         -12.463           4.981         -22.425         -15.507          -14.400
    3 (occ)    80          -8.822           3.884         -22.370         -16.868          -10.439
    4 (occ)    80          -4.355           2.468         -19.537         -15.975           -5.449
    5 (vir)    80           1.220          -3.410          -5.956         -11.272            3.127
    6 (vir)    80           7.332          -4.240          -6.527         -13.049            9.614
    7 (vir)    80          10.279          -3.411          -3.350          -8.766           12.284
    8 (vir)    80          12.593          -3.161          -3.063          -8.794           15.162
    9 (vir)    80          12.614          -2.901          -1.138          -5.950           14.524
   10 (vir)    80          16.372          -4.334          -4.076         -10.828           18.790
   11 (vir)    80          17.194          -6.359          -5.424         -14.533           19.944
   12 (vir)    80          21.111          -6.333          -4.264         -13.032           23.547
   13 (vir)    80          25.554          -7.274          -4.016         -13.055           27.318
   14 (vir)    80          26.167          -6.577          -4.772         -13.997           28.814
   15 (vir)    80          28.012           3.688          -2.770          -9.462           38.392
   16 (vir)    80          35.266           3.954          -1.789          -9.063           46.494
   17 (vir)    80          36.807          -7.135          -2.188         -10.766           38.250
   18 (vir)    80          38.769          -9.708          -4.525         -14.914           39.450
   19 (vir)    80          45.537           5.316          -3.497         -13.707           61.063
   20 (vir)    80          49.628          -6.841          -4.002         -14.223           53.007
   21 (vir)    80          58.376           5.860          -3.593         -15.980           76.623
   22 (vir)    80          59.249           4.423          -3.069         -14.017           74.620
   23 (vir)    80          68.497           4.016          -2.821         -15.581           85.273
   24 (vir)    80          82.560           2.423          -3.218         -16.480           98.245
   25 (vir)    80         117.027           1.429          -1.709         -13.238          129.985
   26 (vir)    80         240.320           1.945          -1.532         -18.011          258.744
 
 
  kpoint:      81             coordinate:     0.1224    0.4388    0.0000
 
    n           k   ϵ_nk^DFT (eV)     Σ^c_nk (eV)     Σ^x_nk (eV)    v_nk^xc (eV)   ϵ_nk^G0W0 (eV)
 
    1 (occ)    81         -18.190           7.958         -27.139         -17.458          -19.913
    2 (occ)    81         -12.482           4.989         -22.431         -15.502          -14.422
    3 (occ)    81          -8.743           3.862         -22.376         -16.906          -10.351
    4 (occ)    81          -4.377           2.475         -19.527         -15.955           -5.474
    5 (vir)    81           1.219          -3.403          -5.960         -11.269            3.125
    6 (vir)    81           7.216          -4.218          -6.546         -13.041            9.493
    7 (vir)    81          10.263          -3.408          -3.332          -8.740           12.264
    8 (vir)    81          12.571          -3.147          -3.054          -8.762           15.132
    9 (vir)    81          12.614          -2.878          -1.090          -5.870           14.516
   10 (vir)    81          16.518          -4.431          -4.122         -10.972           18.937
   11 (vir)    81          17.279          -6.405          -5.500         -14.745           20.119
   12 (vir)    81          21.193          -6.215          -4.271         -13.082           23.789
   13 (vir)    81          25.327          -7.164          -4.023         -12.986           27.126
   14 (vir)    81          26.369          -6.644          -4.763         -13.993           28.955
   15 (vir)    81          28.429           3.865          -2.661          -9.434           39.066
   16 (vir)    81          35.355           3.731          -1.720          -8.961           46.327
   17 (vir)    81          36.641          -7.086          -2.174         -10.728           38.109
   18 (vir)    81          38.474          -9.740          -4.521         -14.860           39.074
   19 (vir)    81          45.578           5.339          -3.495         -13.729           61.150
   20 (vir)    81          49.660          -5.907          -3.996         -14.222           53.979
   21 (vir)    81          58.576           5.881          -3.568         -15.995           76.884
   22 (vir)    81          59.230           4.413          -3.091         -14.048           74.600
   23 (vir)    81          68.741           4.271          -2.790         -15.567           85.790
   24 (vir)    81          82.524           2.558          -3.209         -16.480           98.353
   25 (vir)    81         116.796           1.428          -1.703         -13.231          129.752
   26 (vir)    81         240.384           1.975          -1.510         -18.007          258.856
 
 
  kpoint:      82             coordinate:     0.1156    0.4422    0.0000
 
    n           k   ϵ_nk^DFT (eV)     Σ^c_nk (eV)     Σ^x_nk (eV)    v_nk^xc (eV)   ϵ_nk^G0W0 (eV)
 
    1 (occ)    82         -18.204           7.962         -27.136         -17.451          -19.926
    2 (occ)    82         -12.500           4.997         -22.436         -15.497          -14.443
    3 (occ)    82          -8.666           3.841         -22.383         -16.943          -10.265
    4 (occ)    82          -4.399           2.482         -19.517         -15.936           -5.498
    5 (vir)    82           1.218          -3.397          -5.964         -11.265            3.122
    6 (vir)    82           7.104          -4.197          -6.562         -13.031            9.377
    7 (vir)    82          10.249          -3.404          -3.314          -8.716           12.246
    8 (vir)    82          12.551          -3.135          -3.047          -8.736           15.104
    9 (vir)    82          12.614          -2.857          -1.049          -5.799           14.507
   10 (vir)    82          16.672          -4.529          -4.160         -11.106           19.089
   11 (vir)    82          17.361          -6.451          -5.573         -14.952           20.288
   12 (vir)    82          21.276          -6.072          -4.278         -13.130           24.056
   13 (vir)    82          25.097          -7.052          -4.030         -12.915           26.931
   14 (vir)    82          26.576          -6.716          -4.753         -13.994           29.101
   15 (vir)    82          28.883          -6.644          -2.536          -9.442           29.146
   16 (vir)    82          35.470           3.607          -1.615          -8.831           46.292
   17 (vir)    82          36.485          -7.041          -2.161         -10.693           37.976
   18 (vir)    82          38.181          -9.724          -4.514         -14.803           38.746
   19 (vir)    82          45.616           5.362          -3.492         -13.749           61.235
   20 (vir)    82          49.690          -5.078          -3.985         -14.218           54.846
   21 (vir)    82          58.769           6.083          -3.543         -16.008           77.318
   22 (vir)    82          59.212           4.402          -3.111         -14.077           74.580
   23 (vir)    82          68.994          -8.488          -2.754         -15.553           73.305
   24 (vir)    82          82.480           2.755          -3.198         -16.479           98.516
   25 (vir)    82         116.575           1.431          -1.696         -13.225          129.534
   26 (vir)    82         240.445           2.094          -1.479         -18.002          259.062
 
 
  kpoint:      83             coordinate:     0.1088    0.4456    0.0000
 
    n           k   ϵ_nk^DFT (eV)     Σ^c_nk (eV)     Σ^x_nk (eV)    v_nk^xc (eV)   ϵ_nk^G0W0 (eV)
 
    1 (occ)    83         -18.218           7.966         -27.133         -17.444          -19.939
    2 (occ)    83         -12.518           5.004         -22.441         -15.492          -14.463
    3 (occ)    83          -8.593           3.821         -22.390         -16.979          -10.182
    4 (occ)    83          -4.419           2.488         -19.508         -15.918           -5.521
    5 (vir)    83           1.217          -3.392          -5.967         -11.261            3.120
    6 (vir)    83           6.996          -4.176          -6.577         -13.021            9.264
    7 (vir)    83          10.236          -3.400          -3.299          -8.693           12.230
    8 (vir)    83          12.533          -3.125          -3.043          -8.713           15.078
    9 (vir)    83          12.612          -2.837          -1.013          -5.737           14.498
   10 (vir)    83          16.832          -4.628          -4.191         -11.234           19.246
   11 (vir)    83          17.439          -6.510          -5.644         -15.152           20.437
   12 (vir)    83          21.361          -5.960          -4.287         -13.177           24.291
   13 (vir)    83          24.865          -6.938          -4.038         -12.844           26.734
   14 (vir)    83          26.789          -6.788          -4.743         -13.998           29.256
   15 (vir)    83          29.376          -6.179          -2.407          -9.502           30.293
   16 (vir)    83          35.620           3.627          -1.462          -8.663           46.448
   17 (vir)    83          36.337          -7.000          -2.149         -10.660           37.849
   18 (vir)    83          37.889          -9.659          -4.506         -14.743           38.466
   19 (vir)    83          45.653           5.385          -3.490         -13.769           61.317
   20 (vir)    83          49.721          -4.580          -3.970         -14.210           55.381
   21 (vir)    83          58.957         -12.840          -3.515         -16.018           58.620
   22 (vir)    83          59.195           4.390          -3.131         -14.104           74.559
   23 (vir)    83          69.254          -0.995          -2.715         -15.540           81.084
   24 (vir)    83          82.427           2.964          -3.185         -16.478           98.684
   25 (vir)    83         116.365           1.436          -1.690         -13.218          129.330
   26 (vir)    83         240.502           2.259          -1.438         -17.997          259.320
 
 
  kpoint:      84             coordinate:     0.1020    0.4490    0.0000
 
    n           k   ϵ_nk^DFT (eV)     Σ^c_nk (eV)     Σ^x_nk (eV)    v_nk^xc (eV)   ϵ_nk^G0W0 (eV)
 
    1 (occ)    84         -18.230           7.970         -27.130         -17.438          -19.952
    2 (occ)    84         -12.534           5.011         -22.446         -15.487          -14.482
    3 (occ)    84          -8.522           3.802         -22.397         -17.014          -10.103
    4 (occ)    84          -4.438           2.494         -19.499         -15.901           -5.543
    5 (vir)    84           1.215          -3.386          -5.970         -11.257            3.117
    6 (vir)    84           6.894          -4.157          -6.589         -13.009            9.157
    7 (vir)    84          10.224          -3.396          -3.285          -8.672           12.215
    8 (vir)    84          12.517          -3.117          -3.041          -8.695           15.054
    9 (vir)    84          12.610          -2.820          -0.983          -5.683           14.490
   10 (vir)    84          16.998          -4.729          -4.217         -11.355           19.407
   11 (vir)    84          17.512          -6.590          -5.711         -15.344           20.554
   12 (vir)    84          21.449          -5.948          -4.300         -13.223           24.424
   13 (vir)    84          24.631          -6.823          -4.046         -12.772           26.535
   14 (vir)    84          27.005          -6.853          -4.732         -14.005           29.426
   15 (vir)    84          29.905          -1.178          -2.295          -9.627           36.058
   16 (vir)    84          35.822          -8.154          -1.244          -8.447           34.870
   17 (vir)    84          36.199          -6.963          -2.137         -10.630           37.729
   18 (vir)    84          37.599          -9.542          -4.496         -14.679           38.240
   19 (vir)    84          45.687           5.408          -3.487         -13.787           61.396
   20 (vir)    84          49.752          -4.662          -3.949         -14.195           55.336
   21 (vir)    84          59.141         -10.374          -3.485         -16.024           61.306
   22 (vir)    84          59.180           4.378          -3.149         -14.129           74.537
   23 (vir)    84          69.522           1.997          -2.674         -15.527           84.372
   24 (vir)    84          82.364           3.063          -3.170         -16.477           98.735
   25 (vir)    84         116.168           1.444          -1.685         -13.212          129.138
   26 (vir)    84         240.555           2.481          -1.388         -17.992          259.639
 
 
  kpoint:      85             coordinate:     0.0952    0.4524    0.0000
 
    n           k   ϵ_nk^DFT (eV)     Σ^c_nk (eV)     Σ^x_nk (eV)    v_nk^xc (eV)   ϵ_nk^G0W0 (eV)
 
    1 (occ)    85         -18.242           7.974         -27.127         -17.432          -19.963
    2 (occ)    85         -12.549           5.017         -22.450         -15.483          -14.499
    3 (occ)    85          -8.454           3.784         -22.404         -17.048          -10.027
    4 (occ)    85          -4.457           2.500         -19.492         -15.885           -5.563
    5 (vir)    85           1.213          -3.381          -5.972         -11.253            3.114
    6 (vir)    85           6.796          -4.138          -6.600         -12.996            9.054
    7 (vir)    85          10.213          -3.393          -3.272          -8.652           12.201
    8 (vir)    85          12.504          -3.112          -3.042          -8.682           15.032
    9 (vir)    85          12.607          -2.804          -0.957          -5.636           14.482
   10 (vir)    85          17.169          -4.831          -4.238         -11.471           19.571
   11 (vir)    85          17.580          -6.695          -5.776         -15.525           20.635
   12 (vir)    85          21.540          -6.079          -4.319         -13.269           24.411
   13 (vir)    85          24.396          -6.706          -4.054         -12.699           26.335
   14 (vir)    85          27.224          -6.907          -4.720         -14.015           29.613
   15 (vir)    85          30.461           0.080          -2.235          -9.832           38.138
   16 (vir)    85          36.070          -6.928          -2.127         -10.602           37.617
   17 (vir)    85          36.096          -8.110          -0.944          -8.171           35.214
   18 (vir)    85          37.312          -9.348          -4.486         -14.615           38.093
   19 (vir)    85          45.720           5.431          -3.484         -13.805           61.472
   20 (vir)    85          49.785          -5.700          -3.924         -14.173           54.334
   21 (vir)    85          59.167           4.365          -3.167         -14.152           74.517
   22 (vir)    85          59.321         -12.294          -3.452         -16.025           59.601
   23 (vir)    85          69.797           2.368          -2.633         -15.514           85.046
   24 (vir)    85          82.293           2.986          -3.153         -16.476           98.602
   25 (vir)    85         115.985           1.452          -1.683         -13.206          128.959
   26 (vir)    85         240.602           2.756          -1.330         -17.987          260.016
 
 
  kpoint:      86             coordinate:     0.0884    0.4558    0.0000
 
    n           k   ϵ_nk^DFT (eV)     Σ^c_nk (eV)     Σ^x_nk (eV)    v_nk^xc (eV)   ϵ_nk^G0W0 (eV)
 
    1 (occ)    86         -18.254           7.977         -27.125         -17.427          -19.975
    2 (occ)    86         -12.563           5.023         -22.454         -15.479          -14.515
    3 (occ)    86          -8.390           3.767         -22.412         -17.080           -9.955
    4 (occ)    86          -4.474           2.505         -19.485         -15.871           -5.582
    5 (vir)    86           1.211          -3.376          -5.974         -11.249            3.111
    6 (vir)    86           6.703          -4.121          -6.609         -12.983            8.957
    7 (vir)    86          10.204          -3.390          -3.261          -8.635           12.188
    8 (vir)    86          12.492          -3.110          -3.044          -8.673           15.011
    9 (vir)    86          12.604          -2.789          -0.935          -5.595           14.474
   10 (vir)    86          17.344          -4.935          -4.254         -11.582           19.737
   11 (vir)    86          17.644          -6.817          -5.838         -15.693           20.683
   12 (vir)    86          21.633          -6.332          -4.345         -13.315           24.271
   13 (vir)    86          24.161          -6.587          -4.063         -12.624           26.135
   14 (vir)    86          27.444          -6.946          -4.706         -14.027           29.819
   15 (vir)    86          31.026           0.079          -2.263         -10.124           38.967
   16 (vir)    86          35.950          -6.898          -2.117         -10.577           37.512
   17 (vir)    86          36.476          -5.344          -0.551          -7.848           38.429
   18 (vir)    86          37.033          -8.829          -4.481         -14.539           38.262
   19 (vir)    86          45.750           5.453          -3.481         -13.821           61.543
   20 (vir)    86          49.822           5.358          -3.893         -14.139           65.426
   21 (vir)    86          59.155           4.352          -3.184         -14.173           74.497
   22 (vir)    86          59.501          -7.288          -3.416         -16.019           64.817
   23 (vir)    86          70.081           2.276          -2.595         -15.501           85.264
   24 (vir)    86          82.212           2.826          -3.134         -16.475           98.379
   25 (vir)    86         115.815           1.462          -1.684         -13.200          128.793
   26 (vir)    86         240.644           3.075          -1.263         -17.982          260.437
 
 
  kpoint:      87             coordinate:     0.0816    0.4592    0.0000
 
    n           k   ϵ_nk^DFT (eV)     Σ^c_nk (eV)     Σ^x_nk (eV)    v_nk^xc (eV)   ϵ_nk^G0W0 (eV)
 
    1 (occ)    87         -18.264           7.980         -27.122         -17.421          -19.985
    2 (occ)    87         -12.576           5.028         -22.458         -15.475          -14.530
    3 (occ)    87          -8.329           3.751         -22.420         -17.111           -9.887
    4 (occ)    87          -4.490           2.510         -19.478         -15.857           -5.600
    5 (vir)    87           1.209          -3.371          -5.976         -11.245            3.108
    6 (vir)    87           6.617          -4.105          -6.617         -12.970            8.865
    7 (vir)    87          10.196          -3.388          -3.251          -8.619           12.176
    8 (vir)    87          12.483          -3.110          -3.049          -8.669           14.992
    9 (vir)    87          12.600          -2.776          -0.917          -5.560           14.467
   10 (vir)    87          17.523          -5.041          -4.266         -11.690           19.906
   11 (vir)    87          17.703          -6.946          -5.896         -15.848           20.709
   12 (vir)    87          21.729          -6.634          -4.378         -13.361           24.078
   13 (vir)    87          23.926          -6.466          -4.072         -12.547           25.935
   14 (vir)    87          27.664          -6.970          -4.692         -14.040           30.043
   15 (vir)    87          31.574          -1.693          -2.397         -10.485           37.970
   16 (vir)    87          35.839          -6.870          -2.108         -10.553           37.415
   17 (vir)    87          36.731          -9.292          -3.955         -13.766           37.250
   18 (vir)    87          37.036          -5.388          -0.617          -8.193           39.224
   19 (vir)    87          45.777           5.475          -3.477         -13.836           61.611
   20 (vir)    87          49.864           3.603          -3.855         -14.091           63.703
   21 (vir)    87          59.145           4.340          -3.199         -14.193           74.478
   22 (vir)    87          59.684          -4.187          -3.375         -16.004           68.127
   23 (vir)    87          70.374           0.787          -2.561         -15.487           84.087
   24 (vir)    87          82.123           2.695          -3.115         -16.475           98.178
   25 (vir)    87         115.659           1.474          -1.687         -13.195          128.641
   26 (vir)    87         240.679           2.499          -1.191         -17.976          259.963
 
 
  kpoint:      88             coordinate:     0.0748    0.4626    0.0000
 
    n           k   ϵ_nk^DFT (eV)     Σ^c_nk (eV)     Σ^x_nk (eV)    v_nk^xc (eV)   ϵ_nk^G0W0 (eV)
 
    1 (occ)    88         -18.274           7.983         -27.120         -17.417          -19.994
    2 (occ)    88         -12.588           5.033         -22.461         -15.472          -14.544
    3 (occ)    88          -8.273           3.736         -22.427         -17.141           -9.823
    4 (occ)    88          -4.504           2.515         -19.473         -15.845           -5.617
    5 (vir)    88           1.208          -3.366          -5.978         -11.241            3.105
    6 (vir)    88           6.536          -4.090          -6.623         -12.957            8.779
    7 (vir)    88          10.189          -3.387          -3.243          -8.605           12.165
    8 (vir)    88          12.477          -3.113          -3.056          -8.669           14.976
    9 (vir)    88          12.596          -2.764          -0.902          -5.529           14.460
   10 (vir)    88          17.705          -5.150          -4.275         -11.796           20.076
   11 (vir)    88          17.756          -7.068          -5.951         -15.988           20.725
   12 (vir)    88          21.827          -6.908          -4.419         -13.405           23.906
   13 (vir)    88          23.692          -6.342          -4.082         -12.467           25.736
   14 (vir)    88          27.884          -6.980          -4.675         -14.053           30.282
   15 (vir)    88          32.072          -7.611          -2.617         -10.866           32.709
   16 (vir)    88          35.738          -6.845          -2.100         -10.532           37.325
   17 (vir)    88          36.470          -9.179          -4.273         -14.187           37.205
   18 (vir)    88          37.764          -2.687           0.149          -7.377           42.602
   19 (vir)    88          45.803           5.495          -3.474         -13.850           61.674
   20 (vir)    88          49.916           2.533          -3.809         -14.019           62.660
   21 (vir)    88          59.137           4.328          -3.214         -14.210           74.461
   22 (vir)    88          59.877          -5.090          -3.330         -15.976           67.433
   23 (vir)    88          70.676           4.264          -2.534         -15.472           87.878
   24 (vir)    88          82.026           2.629          -3.095         -16.474           98.034
   25 (vir)    88         115.517           1.488          -1.691         -13.191          128.504
   26 (vir)    88         240.707           3.641          -1.115         -17.971          261.203
 
 
  kpoint:      89             coordinate:     0.0680    0.4660    0.0000
 
    n           k   ϵ_nk^DFT (eV)     Σ^c_nk (eV)     Σ^x_nk (eV)    v_nk^xc (eV)   ϵ_nk^G0W0 (eV)
 
    1 (occ)    89         -18.283           7.986         -27.118         -17.412          -20.003
    2 (occ)    89         -12.599           5.037         -22.464         -15.469          -14.557
    3 (occ)    89          -8.220           3.722         -22.434         -17.168           -9.764
    4 (occ)    89          -4.518           2.519         -19.467         -15.834           -5.632
    5 (vir)    89           1.206          -3.362          -5.979         -11.238            3.102
    6 (vir)    89           6.461          -4.076          -6.629         -12.944            8.700
    7 (vir)    89          10.184          -3.386          -3.235          -8.593           12.155
    8 (vir)    89          12.472          -3.116          -3.065          -8.672           14.963
    9 (vir)    89          12.592          -2.754          -0.889          -5.503           14.453
   10 (vir)    89          17.804          -7.173          -6.001         -16.112           20.742
   11 (vir)    89          17.889          -5.263          -4.281         -11.901           20.246
   12 (vir)    89          21.925          -7.115          -4.462         -13.448           23.795
   13 (vir)    89          23.462          -6.215          -4.091         -12.385           25.541
   14 (vir)    89          28.100          -6.979          -4.657         -14.067           30.531
   15 (vir)    89          32.493          -8.972          -2.867         -11.208           31.861
   16 (vir)    89          35.645          -6.822          -2.093         -10.513           37.243
   17 (vir)    89          36.206          -8.919          -4.252         -14.108           37.142
   18 (vir)    89          38.745          -1.943           0.435          -7.179           44.416
   19 (vir)    89          45.826           5.514          -3.471         -13.863           61.732
   20 (vir)    89          49.984           2.025          -3.754         -13.913           62.169
   21 (vir)    89          59.130           4.316          -3.227         -14.226           74.446
   22 (vir)    89          60.088         -11.476          -3.282         -15.928           61.258
   23 (vir)    89          70.991           3.510          -2.520         -15.454           87.435
   24 (vir)    89          81.923           2.630          -3.076         -16.474           97.952
   25 (vir)    89         115.388           1.507          -1.696         -13.188          128.386
   26 (vir)    89         240.727           3.874          -1.038         -17.965          261.528
 
 
  kpoint:      90             coordinate:     0.0612    0.4694    0.0000
 
    n           k   ϵ_nk^DFT (eV)     Σ^c_nk (eV)     Σ^x_nk (eV)    v_nk^xc (eV)   ϵ_nk^G0W0 (eV)
 
    1 (occ)    90         -18.291           7.988         -27.117         -17.409          -20.011
    2 (occ)    90         -12.609           5.041         -22.467         -15.466          -14.569
    3 (occ)    90          -8.172           3.710         -22.442         -17.194           -9.710
    4 (occ)    90          -4.530           2.523         -19.463         -15.824           -5.646
    5 (vir)    90           1.204          -3.359          -5.980         -11.234            3.099
    6 (vir)    90           6.393          -4.063          -6.634         -12.931            8.627
    7 (vir)    90          10.179          -3.385          -3.229          -8.582           12.147
    8 (vir)    90          12.470          -3.120          -3.075          -8.679           14.955
    9 (vir)    90          12.588          -2.745          -0.878          -5.481           14.447
   10 (vir)    90          17.846          -7.256          -6.046         -16.221           20.766
   11 (vir)    90          18.072          -5.379          -4.285         -12.005           20.414
   12 (vir)    90          22.023          -7.249          -4.506         -13.487           23.754
   13 (vir)    90          23.235          -6.085          -4.101         -12.300           25.349
   14 (vir)    90          28.312          -6.971          -4.636         -14.079           30.783
   15 (vir)    90          32.828          -9.304          -3.094         -11.485           31.915
   16 (vir)    90          35.562          -6.802          -2.086         -10.496           37.169
   17 (vir)    90          35.950          -8.663          -4.192         -13.975           37.070
   18 (vir)    90          39.982          -1.326           0.420          -7.213           46.290
   19 (vir)    90          45.847           5.531          -3.468         -13.875           61.785
   20 (vir)    90          50.077           1.763          -3.686         -13.751           61.905
   21 (vir)    90          59.125           4.305          -3.239         -14.241           74.431
   22 (vir)    90          60.329           6.257          -3.233         -15.850           79.203
   23 (vir)    90          71.321           3.244          -2.522         -15.431           87.474
   24 (vir)    90          81.816           2.704          -3.057         -16.474           97.937
   25 (vir)    90         115.270           1.535          -1.701         -13.187          128.290
   26 (vir)    90         240.738           4.021          -0.960         -17.959          261.757
 
 
  kpoint:      91             coordinate:     0.0544    0.4728    0.0000
 
    n           k   ϵ_nk^DFT (eV)     Σ^c_nk (eV)     Σ^x_nk (eV)    v_nk^xc (eV)   ϵ_nk^G0W0 (eV)
 
    1 (occ)    91         -18.298           7.990         -27.115         -17.405          -20.018
    2 (occ)    91         -12.618           5.045         -22.469         -15.464          -14.579
    3 (occ)    91          -8.128           3.699         -22.448         -17.217           -9.661
    4 (occ)    91          -4.541           2.527         -19.459         -15.815           -5.658
    5 (vir)    91           1.202          -3.355          -5.981         -11.231            3.096
    6 (vir)    91           6.332          -4.052          -6.638         -12.919            8.561
    7 (vir)    91          10.175          -3.383          -3.223          -8.573           12.142
    8 (vir)    91          12.470          -3.123          -3.085          -8.689           14.951
    9 (vir)    91          12.584          -2.737          -0.869          -5.463           14.441
   10 (vir)    91          17.883          -7.313          -6.084         -16.315           20.802
   11 (vir)    91          18.255          -5.500          -4.286         -12.111           20.579
   12 (vir)    91          22.118          -7.312          -4.546         -13.523           23.782
   13 (vir)    91          23.013          -5.951          -4.110         -12.211           25.163
   14 (vir)    91          28.516          -6.962          -4.614         -14.089           31.030
   15 (vir)    91          33.085          -9.534          -3.284         -11.713           31.980
   16 (vir)    91          35.487          -6.785          -2.080         -10.481           37.103
   17 (vir)    91          35.706          -8.385          -4.106         -13.807           37.022
   18 (vir)    91          41.450          -6.635           0.036          -7.511           42.362
   19 (vir)    91          45.865           5.546          -3.465         -13.886           61.832
   20 (vir)    91          50.211           1.625          -3.604         -13.494           61.726
   21 (vir)    91          59.121           4.295          -3.251         -14.254           74.419
   22 (vir)    91          60.618           5.214          -3.190         -15.723           78.365
   23 (vir)    91          71.673           3.053          -2.550         -15.398           87.574
   24 (vir)    91          81.707           2.893          -3.039         -16.475           98.036
   25 (vir)    91         115.163           1.592          -1.706         -13.188          128.237
   26 (vir)    91         240.739           4.093          -0.885         -17.952          261.899
 
 
  kpoint:      92             coordinate:     0.0476    0.4762    0.0000
 
    n           k   ϵ_nk^DFT (eV)     Σ^c_nk (eV)     Σ^x_nk (eV)    v_nk^xc (eV)   ϵ_nk^G0W0 (eV)
 
    1 (occ)    92         -18.305           7.993         -27.114         -17.402          -20.024
    2 (occ)    92         -12.626           5.048         -22.471         -15.462          -14.588
    3 (occ)    92          -8.089           3.689         -22.455         -17.238           -9.617
    4 (occ)    92          -4.551           2.530         -19.455         -15.807           -5.669
    5 (vir)    92           1.200          -3.352          -5.982         -11.228            3.094
    6 (vir)    92           6.278          -4.042          -6.641         -12.907            8.502
    7 (vir)    92          10.173          -3.381          -3.218          -8.565           12.139
    8 (vir)    92          12.471          -3.125          -3.094          -8.702           14.953
    9 (vir)    92          12.581          -2.730          -0.862          -5.447           14.436
   10 (vir)    92          17.915          -7.346          -6.117         -16.394           20.847
   11 (vir)    92          18.434          -5.626          -4.286         -12.217           20.740
   12 (vir)    92          22.208          -7.308          -4.577         -13.554           23.876
   13 (vir)    92          22.800          -5.813          -4.120         -12.117           24.985
   14 (vir)    92          28.711          -6.956          -4.589         -14.098           31.264
   15 (vir)    92          33.279          -9.692          -3.450         -11.928           32.065
   16 (vir)    92          35.422          -6.770          -2.075         -10.467           37.045
   17 (vir)    92          35.475          -8.065          -3.991         -13.599           37.018
   18 (vir)    92          43.073           2.831          -0.735          -8.145           53.315
   19 (vir)    92          45.882           5.560          -3.463         -13.895           61.874
   20 (vir)    92          50.418           1.573          -3.509         -13.072           61.555
   21 (vir)    92          59.118           4.286          -3.260         -14.265           74.408
   22 (vir)    92          60.981           4.659          -3.169         -15.522           77.993
   23 (vir)    92          72.058           2.870          -2.618         -15.348           87.658
   24 (vir)    92          81.598           3.468          -3.023         -16.475           98.519
   25 (vir)    92         115.065           1.923          -1.709         -13.191          128.470
   26 (vir)    92         240.729           4.115          -0.815         -17.945          261.976
 
 
  kpoint:      93             coordinate:     0.0408    0.4796    0.0000
 
    n           k   ϵ_nk^DFT (eV)     Σ^c_nk (eV)     Σ^x_nk (eV)    v_nk^xc (eV)   ϵ_nk^G0W0 (eV)
 
    1 (occ)    93         -18.310           7.994         -27.113         -17.400          -20.029
    2 (occ)    93         -12.633           5.051         -22.473         -15.460          -14.596
    3 (occ)    93          -8.055           3.680         -22.460         -17.256           -9.578
    4 (occ)    93          -4.559           2.533         -19.452         -15.800           -5.679
    5 (vir)    93           1.199          -3.350          -5.983         -11.226            3.092
    6 (vir)    93           6.231          -4.034          -6.643         -12.897            8.451
    7 (vir)    93          10.171          -3.377          -3.213          -8.558           12.139
    8 (vir)    93          12.474          -3.126          -3.103          -8.715           14.959
    9 (vir)    93          12.578          -2.724          -0.856          -5.434           14.431
   10 (vir)    93          17.942          -7.358          -6.143         -16.460           20.900
   11 (vir)    93          18.607          -5.756          -4.285         -12.326           20.892
   12 (vir)    93          22.292          -7.239          -4.598         -13.580           24.035
   13 (vir)    93          22.597          -5.671          -4.128         -12.020           24.817
   14 (vir)    93          28.892          -6.956          -4.562         -14.104           31.477
   15 (vir)    93          33.425          -9.580          -3.618         -12.165           32.391
   16 (vir)    93          35.261          -7.684          -3.840         -13.345           37.082
   17 (vir)    93          35.365          -6.757          -2.071         -10.456           36.994
   18 (vir)    93          44.713           1.948          -1.814          -9.233           54.080
   19 (vir)    93          45.896           5.571          -3.461         -13.903           61.910
   20 (vir)    93          50.753           1.636          -3.431         -12.390           61.348
   21 (vir)    93          59.116           4.277          -3.269         -14.275           74.399
   22 (vir)    93          61.451           4.259          -3.202         -15.207           77.715
   23 (vir)    93          72.490           2.697          -2.752         -15.269           87.704
   24 (vir)    93          81.493          -0.369          -3.008         -16.476           94.592
   25 (vir)    93         114.972           2.048          -1.711         -13.198          128.508
   26 (vir)    93         240.709           4.113          -0.750         -17.938          262.010
 
 
  kpoint:      94             coordinate:     0.0340    0.4830    0.0000
 
    n           k   ϵ_nk^DFT (eV)     Σ^c_nk (eV)     Σ^x_nk (eV)    v_nk^xc (eV)   ϵ_nk^G0W0 (eV)
 
    1 (occ)    94         -18.315           7.996         -27.112         -17.397          -20.034
    2 (occ)    94         -12.639           5.053         -22.475         -15.458          -14.602
    3 (occ)    94          -8.025           3.673         -22.465         -17.272           -9.546
    4 (occ)    94          -4.567           2.535         -19.450         -15.794           -5.687
    5 (vir)    94           1.197          -3.348          -5.983         -11.223            3.090
    6 (vir)    94           6.191          -4.026          -6.644         -12.888            8.408
    7 (vir)    94          10.170          -3.374          -3.209          -8.553           12.141
    8 (vir)    94          12.477          -3.127          -3.110          -8.729           14.969
    9 (vir)    94          12.575          -2.719          -0.852          -5.423           14.427
   10 (vir)    94          17.963          -7.356          -6.164         -16.513           20.957
   11 (vir)    94          18.771          -5.890          -4.283         -12.436           21.034
   12 (vir)    94          22.367          -7.109          -4.608         -13.601           24.251
   13 (vir)    94          22.408          -5.527          -4.137         -11.919           24.663
   14 (vir)    94          29.056          -6.966          -4.535         -14.107           31.663
   15 (vir)    94          33.534          -9.027          -3.811         -12.447           33.144
   16 (vir)    94          35.067          -7.218          -3.647         -13.037           37.238
   17 (vir)    94          35.318          -6.746          -2.067         -10.446           36.951
   18 (vir)    94          45.908           5.581          -3.459         -13.910           61.941
   19 (vir)    94          46.154           1.726          -2.951         -10.803           55.732
   20 (vir)    94          51.291           2.024          -3.482         -11.455           61.288
   21 (vir)    94          59.114           4.270          -3.277         -14.283           74.391
   22 (vir)    94          62.061          -1.364          -3.344         -14.747           72.100
   23 (vir)    94          72.989           2.816          -2.996         -15.141           87.950
   24 (vir)    94          81.395           1.316          -2.995         -16.476           96.191
   25 (vir)    94         114.885           1.660          -1.711         -13.209          128.043
   26 (vir)    94         240.680           4.105          -0.694         -17.931          262.021
 
 
  kpoint:      95             coordinate:     0.0272    0.4864    0.0000
 
    n           k   ϵ_nk^DFT (eV)     Σ^c_nk (eV)     Σ^x_nk (eV)    v_nk^xc (eV)   ϵ_nk^G0W0 (eV)
 
    1 (occ)    95         -18.319           7.997         -27.112         -17.396          -20.037
    2 (occ)    95         -12.643           5.055         -22.476         -15.457          -14.608
    3 (occ)    95          -8.001           3.667         -22.469         -17.285           -9.519
    4 (occ)    95          -4.573           2.537         -19.448         -15.789           -5.694
    5 (vir)    95           1.196          -3.346          -5.984         -11.222            3.088
    6 (vir)    95           6.158          -4.020          -6.645         -12.880            8.373
    7 (vir)    95          10.169          -3.369          -3.204          -8.549           12.144
    8 (vir)    95          12.480          -3.127          -3.116          -8.742           14.980
    9 (vir)    95          12.572          -2.715          -0.848          -5.415           14.424
   10 (vir)    95          17.981          -7.344          -6.180         -16.555           21.012
   11 (vir)    95          18.920          -6.024          -4.280         -12.545           21.160
   12 (vir)    95          22.239          -5.384          -4.144         -11.816           24.527
   13 (vir)    95          22.432          -6.941          -4.609         -13.617           24.500
   14 (vir)    95          29.200          -6.984          -4.508         -14.108           31.816
   15 (vir)    95          33.616          -8.120          -4.041         -12.788           34.243
   16 (vir)    95          34.898          -6.647          -3.409         -12.670           37.512
   17 (vir)    95          35.279          -6.737          -2.064         -10.438           36.916
   18 (vir)    95          45.918           5.589          -3.457         -13.916           61.966
   19 (vir)    95          47.198           1.489          -3.763         -12.433           57.356
   20 (vir)    95          52.053           1.433          -3.816         -10.681           60.352
   21 (vir)    95          59.113           4.264          -3.283         -14.290           74.384
   22 (vir)    95          62.819           2.424          -3.646         -14.158           75.755
   23 (vir)    95          73.575           1.873          -3.409         -14.936           86.975
   24 (vir)    95          81.306           1.887          -2.985         -16.476           96.684
   25 (vir)    95         114.802           1.661          -1.710         -13.224          127.977
   26 (vir)    95         240.642           4.105          -0.647         -17.923          262.024
 
 
  kpoint:      96             coordinate:     0.0204    0.4898    0.0000
 
    n           k   ϵ_nk^DFT (eV)     Σ^c_nk (eV)     Σ^x_nk (eV)    v_nk^xc (eV)   ϵ_nk^G0W0 (eV)
 
    1 (occ)    96         -18.322           7.999         -27.111         -17.394          -20.040
    2 (occ)    96         -12.647           5.056         -22.477         -15.456          -14.612
    3 (occ)    96          -7.982           3.662         -22.473         -17.296           -9.497
    4 (occ)    96          -4.577           2.539         -19.446         -15.786           -5.699
    5 (vir)    96           1.195          -3.344          -5.984         -11.220            3.087
    6 (vir)    96           6.132          -4.015          -6.645         -12.874            8.345
    7 (vir)    96          10.168          -3.365          -3.201          -8.546           12.149
    8 (vir)    96          12.484          -3.127          -3.120          -8.754           14.990
    9 (vir)    96          12.570          -2.712          -0.845          -5.409           14.421
   10 (vir)    96          17.994          -7.328          -6.191         -16.586           21.060
   11 (vir)    96          19.048          -6.152          -4.277         -12.648           21.267
   12 (vir)    96          22.095          -5.248          -4.151         -11.718           24.414
   13 (vir)    96          22.484          -6.768          -4.603         -13.629           24.743
   14 (vir)    96          29.318          -7.009          -4.482         -14.106           31.933
   15 (vir)    96          33.677          -7.257          -4.309         -13.180           35.291
   16 (vir)    96          34.758          -5.962          -3.132         -12.257           37.921
   17 (vir)    96          35.248          -6.730          -2.061         -10.432           36.889
   18 (vir)    96          45.925           5.595          -3.456         -13.920           61.985
   19 (vir)    96          47.824           1.179          -4.129         -13.540           58.414
   20 (vir)    96          52.893           2.187          -4.329         -10.535           61.286
   21 (vir)    96          59.112           4.259          -3.288         -14.295           74.379
   22 (vir)    96          63.661           2.266          -4.083         -13.562           75.405
   23 (vir)    96          74.243           1.903          -4.038         -14.640           86.748
   24 (vir)    96          81.231           2.090          -2.976         -16.476           96.820
   25 (vir)    96         114.724           1.692          -1.706         -13.241          127.950
   26 (vir)    96         240.602           4.118          -0.609         -17.917          262.027
 
 
  kpoint:      97             coordinate:     0.0136    0.4932    0.0000
 
    n           k   ϵ_nk^DFT (eV)     Σ^c_nk (eV)     Σ^x_nk (eV)    v_nk^xc (eV)   ϵ_nk^G0W0 (eV)
 
    1 (occ)    97         -18.324           7.999         -27.111         -17.393          -20.042
    2 (occ)    97         -12.650           5.058         -22.478         -15.455          -14.615
    3 (occ)    97          -7.969           3.659         -22.475         -17.303           -9.482
    4 (occ)    97          -4.581           2.540         -19.445         -15.783           -5.703
    5 (vir)    97           1.195          -3.343          -5.984         -11.219            3.086
    6 (vir)    97           6.114          -4.012          -6.645         -12.869            8.326
    7 (vir)    97          10.168          -3.361          -3.198          -8.544           12.153
    8 (vir)    97          12.487          -3.128          -3.122          -8.762           14.999
    9 (vir)    97          12.569          -2.710          -0.843          -5.404           14.420
   10 (vir)    97          18.003          -7.314          -6.199         -16.608           21.097
   11 (vir)    97          19.147          -6.262          -4.275         -12.737           21.348
   12 (vir)    97          21.983          -5.132          -4.156         -11.633           24.329
   13 (vir)    97          22.522          -6.626          -4.594         -13.637           24.939
   14 (vir)    97          29.406          -7.034          -4.462         -14.104           32.015
   15 (vir)    97          33.720          -6.727          -4.587         -13.581           35.987
   16 (vir)    97          34.652          -5.210          -2.847         -11.842           38.437
   17 (vir)    97          35.227          -6.725          -2.060         -10.428           36.870
   18 (vir)    97          45.931           5.600          -3.455         -13.923           61.999
   19 (vir)    97          48.161           0.686          -4.243         -14.097           58.701
   20 (vir)    97          53.591           2.545          -4.742         -10.829           62.222
   21 (vir)    97          59.112           4.256          -3.291         -14.299           74.376
   22 (vir)    97          64.438           2.162          -4.512         -13.120           75.208
   23 (vir)    97          74.925           1.926          -4.822         -14.289           86.318
   24 (vir)    97          81.172           2.194          -2.968         -16.476           96.873
   25 (vir)    97         114.659           1.727          -1.701         -13.258          127.943
   26 (vir)    97         240.564           4.140          -0.582         -17.911          262.033
 
 
  kpoint:      98             coordinate:     0.0068    0.4966    0.0000
 
    n           k   ϵ_nk^DFT (eV)     Σ^c_nk (eV)     Σ^x_nk (eV)    v_nk^xc (eV)   ϵ_nk^G0W0 (eV)
 
    1 (occ)    98         -18.325           8.000         -27.111         -17.393          -20.043
    2 (occ)    98         -12.651           5.058         -22.478         -15.455          -14.616
    3 (occ)    98          -7.961           3.657         -22.477         -17.307           -9.473
    4 (occ)    98          -4.583           2.541         -19.444         -15.782           -5.705
    5 (vir)    98           1.194          -3.343          -5.984         -11.219            3.086
    6 (vir)    98           6.103          -4.010          -6.645         -12.866            8.314
    7 (vir)    98          10.168          -3.358          -3.196          -8.542           12.156
    8 (vir)    98          12.488          -3.129          -3.123          -8.768           15.005
    9 (vir)    98          12.568          -2.709          -0.842          -5.402           14.419
   10 (vir)    98          18.008          -7.304          -6.204         -16.620           21.121
   11 (vir)    98          19.212          -6.338          -4.273         -12.798           21.399
   12 (vir)    98          21.912          -5.051          -4.159         -11.574           24.276
   13 (vir)    98          22.546          -6.537          -4.588         -13.642           25.063
   14 (vir)    98          29.461          -7.053          -4.448         -14.102           32.062
   15 (vir)    98          33.746          -6.503          -4.812         -13.901           36.331
   16 (vir)    98          34.586          -4.569          -2.618         -11.514           38.913
   17 (vir)    98          35.214          -6.722          -2.059         -10.425           36.858
   18 (vir)    98          45.934           5.602          -3.454         -13.925           62.007
   19 (vir)    98          48.324          -0.477          -4.270         -14.336           57.912
   20 (vir)    98          54.025           2.736          -4.961         -11.152           62.951
   21 (vir)    98          59.112           4.253          -3.293         -14.301           74.373
   22 (vir)    98          64.980           2.125          -4.790         -12.893           75.209
   23 (vir)    98          75.463           1.988          -5.519         -13.993           85.926
   24 (vir)    98          81.133           2.248          -2.961         -16.476           96.896
   25 (vir)    98         114.614           1.756          -1.695         -13.271          127.945
   26 (vir)    98         240.538           4.161          -0.565         -17.907          262.040
 
 
  kpoint:      99             coordinate:     0.0000    0.5000    0.0000
 
    n           k   ϵ_nk^DFT (eV)     Σ^c_nk (eV)     Σ^x_nk (eV)    v_nk^xc (eV)   ϵ_nk^G0W0 (eV)
 
    1 (occ)    99         -18.326           8.000         -27.111         -17.393          -20.044
    2 (occ)    99         -12.652           5.058         -22.478         -15.455          -14.617
    3 (occ)    99          -7.958           3.656         -22.477         -17.309           -9.470
    4 (occ)    99          -4.583           2.541         -19.444         -15.781           -5.705
    5 (vir)    99           1.194          -3.342          -5.985         -11.218            3.086
    6 (vir)    99           6.099          -4.009          -6.645         -12.865            8.310
    7 (vir)    99          10.168          -3.357          -3.195          -8.542           12.157
    8 (vir)    99          12.489          -3.129          -3.123          -8.770           15.007
    9 (vir)    99          12.568          -2.709          -0.842          -5.401           14.418
   10 (vir)    99          18.010          -7.301          -6.205         -16.625           21.129
   11 (vir)    99          19.234          -6.365          -4.273         -12.821           21.417
   12 (vir)    99          21.888          -5.022          -4.160         -11.552           24.258
   13 (vir)    99          22.554          -6.508          -4.585         -13.643           25.104
   14 (vir)    99          29.480          -7.061          -4.443         -14.102           32.077
   15 (vir)    99          33.754          -6.450          -4.900         -14.026           36.430
   16 (vir)    99          34.563          -4.310          -2.528         -11.386           39.111
   17 (vir)    99          35.209          -6.721          -2.058         -10.425           36.854
   18 (vir)    99          45.935           5.603          -3.454         -13.926           62.010
   19 (vir)    99          48.372          -1.984          -4.274         -14.401           56.516
   20 (vir)    99          54.170           2.795          -5.026         -11.278           63.218
   21 (vir)    99          59.112           4.253          -3.294         -14.302           74.373
   22 (vir)    99          65.172           2.117          -4.879         -12.831           75.240
   23 (vir)    99          75.671           2.022          -5.802         -13.876           85.767
   24 (vir)    99          81.119           2.266          -2.958         -16.477           96.904
   25 (vir)    99         114.597           1.767          -1.692         -13.276          127.948
   26 (vir)    99         240.528           4.169          -0.559         -17.906          262.044
 
 
  kpoint:     100             coordinate:     0.0000    0.4898    0.0000
 
    n           k   ϵ_nk^DFT (eV)     Σ^c_nk (eV)     Σ^x_nk (eV)    v_nk^xc (eV)   ϵ_nk^G0W0 (eV)
 
    1 (occ)   100         -18.332           8.001         -27.108         -17.388          -20.050
    2 (occ)   100         -12.642           5.056         -22.480         -15.460          -14.607
    3 (occ)   100          -7.956           3.655         -22.477         -17.309           -9.468
    4 (occ)   100          -4.593           2.542         -19.432         -15.766           -5.717
    5 (vir)   100           1.208          -3.345          -5.997         -11.235            3.100
    6 (vir)   100           6.098          -4.008          -6.641         -12.859            8.308
    7 (vir)   100          10.150          -3.356          -3.205          -8.546           12.135
    8 (vir)   100          12.495          -2.714          -0.867          -5.434           14.347
    9 (vir)   100          12.506          -3.138          -3.129          -8.783           15.022
   10 (vir)   100          17.995          -7.300          -6.204         -16.620           21.110
   11 (vir)   100          19.283          -6.354          -4.241         -12.776           21.464
   12 (vir)   100          21.891          -5.023          -4.159         -11.553           24.262
   13 (vir)   100          22.546          -6.585          -4.587         -13.623           24.998
   14 (vir)   100          29.493          -7.165          -4.443         -14.110           31.995
   15 (vir)   100          33.772          -6.536          -4.894         -14.031           36.373
   16 (vir)   100          34.556          -5.649          -2.548         -11.383           37.742
   17 (vir)   100          35.339          -6.795          -2.087         -10.505           36.963
   18 (vir)   100          45.986           5.575          -3.444         -13.899           62.016
   19 (vir)   100          48.394          -3.478          -4.261         -14.402           55.056
   20 (vir)   100          54.203           2.791          -4.497         -11.302           63.799
   21 (vir)   100          59.085           4.256          -3.294         -14.300           74.347
   22 (vir)   100          65.192           2.129          -4.432         -12.824           75.713
   23 (vir)   100          75.691           1.966          -5.207         -13.862           86.313
   24 (vir)   100          81.104           2.166          -3.002         -16.477           96.745
   25 (vir)   100         114.587           1.706          -1.726         -13.274          127.841
   26 (vir)   100         240.536           4.049          -0.755         -17.906          261.736
 
 
  kpoint:     101             coordinate:     0.0000    0.4796    0.0000
 
    n           k   ϵ_nk^DFT (eV)     Σ^c_nk (eV)     Σ^x_nk (eV)    v_nk^xc (eV)   ϵ_nk^G0W0 (eV)
 
    1 (occ)   101         -18.349           8.006         -27.099         -17.375          -20.068
    2 (occ)   101         -12.614           5.049         -22.487         -15.476          -14.576
    3 (occ)   101          -7.949           3.654         -22.476         -17.311           -9.461
    4 (occ)   101          -4.623           2.545         -19.395         -15.723           -5.750
    5 (vir)   101           1.248          -3.352          -6.034         -11.282            3.144
    6 (vir)   101           6.095          -4.005          -6.630         -12.842            8.302
    7 (vir)   101          10.096          -3.350          -3.232          -8.561           12.075
    8 (vir)   101          12.291          -2.725          -0.933          -5.517           14.149
    9 (vir)   101          12.554          -3.167          -3.144          -8.821           15.063
   10 (vir)   101          17.948          -7.294          -6.202         -16.606           21.058
   11 (vir)   101          19.419          -6.324          -4.160         -12.658           21.593
   12 (vir)   101          21.903          -5.025          -4.158         -11.553           24.272
   13 (vir)   101          22.522          -6.755          -4.589         -13.563           24.742
   14 (vir)   101          29.531          -7.423          -4.439         -14.132           31.802
   15 (vir)   101          33.825          -6.767          -4.877         -14.045           36.225
   16 (vir)   101          34.536          -8.318          -2.599         -11.375           34.994
   17 (vir)   101          35.713          -7.013          -2.170         -10.742           37.272
   18 (vir)   101          46.140           5.492          -3.414         -13.821           62.039
   19 (vir)   101          48.457         -10.517          -4.230         -14.402           48.113
   20 (vir)   101          54.301           3.338          -3.116         -11.372           65.895
   21 (vir)   101          59.006           4.264          -3.295         -14.295           74.270
   22 (vir)   101          65.255           2.532          -3.237         -12.802           77.351
   23 (vir)   101          75.753           2.111          -3.585         -13.820           88.099
   24 (vir)   101          81.060           1.276          -3.116         -16.478           95.697
   25 (vir)   101         114.555           1.604          -1.810         -13.270          127.619
   26 (vir)   101         240.559           3.659          -1.250         -17.907          260.875
 
 
  kpoint:     102             coordinate:     0.0000    0.4694    0.0000
 
    n           k   ϵ_nk^DFT (eV)     Σ^c_nk (eV)     Σ^x_nk (eV)    v_nk^xc (eV)   ϵ_nk^G0W0 (eV)
 
    1 (occ)   102         -18.378           8.013         -27.086         -17.353          -20.098
    2 (occ)   102         -12.568           5.038         -22.497         -15.501          -14.526
    3 (occ)   102          -7.939           3.650         -22.474         -17.313           -9.449
    4 (occ)   102          -4.671           2.551         -19.339         -15.655           -5.805
    5 (vir)   102           1.313          -3.364          -6.090         -11.358            3.216
    6 (vir)   102           6.089          -3.999          -6.610         -12.812            8.293
    7 (vir)   102          10.012          -3.337          -3.272          -8.586           11.989
    8 (vir)   102          11.991          -2.736          -1.016          -5.615           13.855
    9 (vir)   102          12.629          -3.222          -3.172          -8.884           15.120
   10 (vir)   102          17.871          -7.272          -6.202         -16.584           20.981
   11 (vir)   102          19.610          -6.287          -4.054         -12.507           21.777
   12 (vir)   102          21.921          -5.029          -4.157         -11.554           24.290
   13 (vir)   102          22.485          -6.899          -4.583         -13.465           24.469
   14 (vir)   102          29.592          -7.713          -4.431         -14.166           31.614
   15 (vir)   102          33.912          -7.067          -4.854         -14.069           36.060
   16 (vir)   102          34.505          -9.369          -2.659         -11.364           33.841
   17 (vir)   102          36.281          -7.361          -2.303         -11.119           37.736
   18 (vir)   102          46.404           5.356          -3.364         -13.695           62.091
   19 (vir)   102          48.561           3.402          -4.191         -14.403           62.175
   20 (vir)   102          54.461          -3.480          -1.406         -11.490           61.065
   21 (vir)   102          58.874           4.279          -3.297         -14.287           74.143
   22 (vir)   102          65.360          -3.702          -1.692         -12.768           72.734
   23 (vir)   102          75.859          -1.685          -1.388         -13.748           86.533
   24 (vir)   102          80.985           2.765          -3.248         -16.479           96.982
   25 (vir)   102         114.503           1.446          -1.906         -13.263          127.306
   26 (vir)   102         240.597           3.100          -1.813         -17.908          259.791
 
 
  kpoint:     103             coordinate:     0.0000    0.4592    0.0000
 
    n           k   ϵ_nk^DFT (eV)     Σ^c_nk (eV)     Σ^x_nk (eV)    v_nk^xc (eV)   ϵ_nk^G0W0 (eV)
 
    1 (occ)   103         -18.418           8.023         -27.069         -17.324          -20.140
    2 (occ)   103         -12.504           5.022         -22.510         -15.536          -14.457
    3 (occ)   103          -7.923           3.646         -22.472         -17.317           -9.433
    4 (occ)   103          -4.737           2.559         -19.268         -15.566           -5.879
    5 (vir)   103           1.402          -3.382          -6.162         -11.455            3.313
    6 (vir)   103           6.080          -3.990          -6.580         -12.770            8.281
    7 (vir)   103           9.904          -3.315          -3.322          -8.622           11.888
    8 (vir)   103          11.636          -2.740          -1.097          -5.705           13.503
    9 (vir)   103          12.725          -3.296          -3.210          -8.972           15.190
   10 (vir)   103          17.764          -7.226          -6.208         -16.554           20.885
   11 (vir)   103          19.827          -6.250          -3.944         -12.353           21.986
   12 (vir)   103          21.947          -5.035          -4.154         -11.556           24.314
   13 (vir)   103          22.437          -6.925          -4.559         -13.330           24.284
   14 (vir)   103          29.670          -7.926          -4.415         -14.205           31.534
   15 (vir)   103          34.032          -7.324          -4.830         -14.102           35.979
   16 (vir)   103          34.467          -9.582          -2.706         -11.352           33.531
   17 (vir)   103          36.971          -7.809          -2.476         -11.605           38.291
   18 (vir)   103          46.787           5.176          -3.298         -13.534           62.199
   19 (vir)   103          48.702           2.845          -4.158         -14.404           61.793
   20 (vir)   103          54.682          -0.638          -0.004         -11.654           65.694
   21 (vir)   103          58.692           4.299          -3.299         -14.275           73.967
   22 (vir)   103          65.510          -0.606          -0.317         -12.724           77.311
   23 (vir)   103          76.013          -0.148           0.751         -13.643           90.259
   24 (vir)   103          80.882           2.441          -3.337         -16.481           96.466
   25 (vir)   103         114.432           1.334          -1.968         -13.254          127.052
   26 (vir)   103         240.647           2.643          -2.184         -17.910          259.016
 
 
  kpoint:     104             coordinate:     0.0000    0.4490    0.0000
 
    n           k   ϵ_nk^DFT (eV)     Σ^c_nk (eV)     Σ^x_nk (eV)    v_nk^xc (eV)   ϵ_nk^G0W0 (eV)
 
    1 (occ)   104         -18.468           8.036         -27.048         -17.289          -20.191
    2 (occ)   104         -12.424           5.001         -22.525         -15.578          -14.370
    3 (occ)   104          -7.904           3.640         -22.470         -17.321           -9.412
    4 (occ)   104          -4.818           2.572         -19.187         -15.463           -5.971
    5 (vir)   104           1.512          -3.404          -6.243         -11.569            3.434
    6 (vir)   104           6.069          -3.978          -6.540         -12.714            8.265
    7 (vir)   104           9.776          -3.290          -3.381          -8.672           11.778
    8 (vir)   104          11.259          -2.739          -1.168          -5.775           13.127
    9 (vir)   104          12.834          -3.380          -3.259          -9.086           15.281
   10 (vir)   104          17.631          -7.155          -6.222         -16.516           20.769
   11 (vir)   104          20.047          -6.217          -3.844         -12.214           22.200
   12 (vir)   104          21.981          -5.042          -4.151         -11.558           24.346
   13 (vir)   104          22.382          -6.789          -4.506         -13.162           24.248
   14 (vir)   104          29.760          -7.993          -4.387         -14.241           31.621
   15 (vir)   104          34.183          -7.429          -4.810         -14.142           36.086
   16 (vir)   104          34.428          -9.334          -2.730         -11.346           33.709
   17 (vir)   104          37.702          -8.316          -2.674         -12.155           38.867
   18 (vir)   104          47.290           4.976          -3.221         -13.359           62.404
   19 (vir)   104          48.876           2.923          -4.139         -14.404           62.065
   20 (vir)   104          54.959          -0.689           0.603         -11.865           66.738
   21 (vir)   104          58.459           4.326          -3.301         -14.261           73.744
   22 (vir)   104          65.704          -0.477           0.422         -12.678           78.327
   23 (vir)   104          76.223          -0.075           2.180         -13.499           91.827
   24 (vir)   104          80.749           2.428          -3.346         -16.482           96.313
   25 (vir)   104         114.344           1.307          -1.970         -13.241          126.923
   26 (vir)   104         240.706           2.321          -2.191         -17.912          258.748
 
 
  kpoint:     105             coordinate:     0.0000    0.4388    0.0000
 
    n           k   ϵ_nk^DFT (eV)     Σ^c_nk (eV)     Σ^x_nk (eV)    v_nk^xc (eV)   ϵ_nk^G0W0 (eV)
 
    1 (occ)   105         -18.527           8.052         -27.025         -17.249          -20.251
    2 (occ)   105         -12.328           4.975         -22.541         -15.627          -14.267
    3 (occ)   105          -7.881           3.633         -22.467         -17.327           -9.387
    4 (occ)   105          -4.913           2.589         -19.102         -15.349           -6.078
    5 (vir)   105           1.640          -3.431          -6.328         -11.692            3.574
    6 (vir)   105           6.055          -3.963          -6.488         -12.643            8.246
    7 (vir)   105           9.636          -3.265          -3.449          -8.737           11.659
    8 (vir)   105          10.882          -2.735          -1.225          -5.827           12.749
    9 (vir)   105          12.951          -3.462          -3.318          -9.227           15.399
   10 (vir)   105          17.471          -7.068          -6.246         -16.473           20.629
   11 (vir)   105          20.258          -6.190          -3.757         -12.096           22.407
   12 (vir)   105          22.022          -5.051          -4.148         -11.561           24.384
   13 (vir)   105          22.324          -6.455          -4.419         -12.961           24.412
   14 (vir)   105          29.855          -7.864          -4.342         -14.264           31.913
   15 (vir)   105          34.364          -7.314          -4.795         -14.187           36.443
   16 (vir)   105          34.393          -7.919          -2.737         -11.353           35.089
   17 (vir)   105          38.401          -8.829          -2.879         -12.711           39.404
   18 (vir)   105          47.903          -8.615          -3.148         -13.207           49.347
   19 (vir)   105          49.080           3.760          -4.130         -14.403           63.113
   20 (vir)   105          55.287          -2.343           0.262         -12.120           65.326
   21 (vir)   105          58.180           4.359          -3.305         -14.243           73.477
   22 (vir)   105          65.946          -1.611           0.281         -12.636           77.252
   23 (vir)   105          76.498          -0.436           2.401         -13.312           91.776
   24 (vir)   105          80.588           3.026          -3.273         -16.485           96.825
   25 (vir)   105         114.239           1.370          -1.909         -13.226          126.926
   26 (vir)   105         240.770           2.233          -1.834         -17.914          259.084
 
 
  kpoint:     106             coordinate:     0.0000    0.4286    0.0000
 
    n           k   ϵ_nk^DFT (eV)     Σ^c_nk (eV)     Σ^x_nk (eV)    v_nk^xc (eV)   ϵ_nk^G0W0 (eV)
 
    1 (occ)   106         -18.594           8.071         -27.001         -17.204          -20.320
    2 (occ)   106         -12.217           4.945         -22.557         -15.682          -14.147
    3 (occ)   106          -7.853           3.625         -22.463         -17.333           -9.357
    4 (occ)   106          -5.020           2.610         -19.017         -15.230           -6.197
    5 (vir)   106           1.785          -3.463          -6.412         -11.820            3.730
    6 (vir)   106           6.038          -3.944          -6.424         -12.555            8.223
    7 (vir)   106           9.486          -3.246          -3.529          -8.818           11.530
    8 (vir)   106          10.520          -2.730          -1.271          -5.864           12.383
    9 (vir)   106          13.071          -3.535          -3.387          -9.394           15.544
   10 (vir)   106          17.287          -6.979          -6.278         -16.425           20.454
   11 (vir)   106          20.455          -6.168          -3.686         -12.000           22.601
   12 (vir)   106          22.071          -5.062          -4.143         -11.564           24.429
   13 (vir)   106          22.268          -5.907          -4.298         -12.731           24.794
   14 (vir)   106          29.944          -7.504          -4.274         -14.263           32.429
   15 (vir)   106          34.371          -4.893          -2.746         -11.375           38.107
   16 (vir)   106          34.572          -6.993          -4.787         -14.242           37.034
   17 (vir)   106          39.016          -9.298          -3.072         -13.219           39.865
   18 (vir)   106          48.595          -8.525          -3.089         -13.109           50.090
   19 (vir)   106          49.307          -8.895          -4.121         -14.399           50.691
   20 (vir)   106          55.658         -12.492          -0.801         -12.415           54.780
   21 (vir)   106          57.855           4.398          -3.309         -14.223           73.167
   22 (vir)   106          66.234          -4.718          -0.661         -12.610           73.465
   23 (vir)   106          76.853          -6.352           1.242         -13.075           84.818
   24 (vir)   106          80.399           1.669          -3.156         -16.487           95.398
   25 (vir)   106         114.119           1.465          -1.813         -13.209          126.980
   26 (vir)   106         240.836           2.338          -1.283         -17.917          259.808
 
 
  kpoint:     107             coordinate:     0.0000    0.4184    0.0000
 
    n           k   ϵ_nk^DFT (eV)     Σ^c_nk (eV)     Σ^x_nk (eV)    v_nk^xc (eV)   ϵ_nk^G0W0 (eV)
 
    1 (occ)   107         -18.668           8.092         -26.977         -17.157          -20.396
    2 (occ)   107         -12.092           4.911         -22.573         -15.741          -14.013
    3 (occ)   107          -7.821           3.616         -22.459         -17.341           -9.323
    4 (occ)   107          -5.136           2.635         -18.936         -15.108           -6.328
    5 (vir)   107           1.943          -3.498          -6.491         -11.947            3.901
    6 (vir)   107           6.016          -3.922          -6.348         -12.448            8.195
    7 (vir)   107           9.330          -3.235          -3.622          -8.917           11.391
    8 (vir)   107          10.180          -2.727          -1.308          -5.892           12.038
    9 (vir)   107          13.189          -3.602          -3.471          -9.589           15.705
   10 (vir)   107          17.083          -6.901          -6.315         -16.372           20.239
   11 (vir)   107          20.641          -6.152          -3.628         -11.923           22.784
   12 (vir)   107          22.126          -5.073          -4.138         -11.567           24.482
   13 (vir)   107          22.218          -5.299          -4.156         -12.474           25.237
   14 (vir)   107          30.021          -7.002          -4.182         -14.226           33.064
   15 (vir)   107          34.370          -3.655          -2.785         -11.428           39.359
   16 (vir)   107          34.804          -6.625          -4.779         -14.300           37.701
   17 (vir)   107          39.527          -9.694          -3.239         -13.645           40.240
   18 (vir)   107          49.318          -8.546          -3.053         -13.082           50.801
   19 (vir)   107          49.551          -2.401          -4.099         -14.393           57.444
   20 (vir)   107          56.065           5.106          -2.112         -12.743           71.802
   21 (vir)   107          57.488           4.444          -3.314         -14.200           72.817
   22 (vir)   107          66.569           3.269          -2.009         -12.612           80.440
   23 (vir)   107          77.303           4.462          -1.037         -12.781           93.510
   24 (vir)   107          80.184           2.112          -3.056         -16.488           95.728
   25 (vir)   107         113.985           1.621          -1.719         -13.189          127.075
   26 (vir)   107         240.899           2.834          -0.792         -17.921          260.863
 
 
  kpoint:     108             coordinate:     0.0000    0.4082    0.0000
 
    n           k   ϵ_nk^DFT (eV)     Σ^c_nk (eV)     Σ^x_nk (eV)    v_nk^xc (eV)   ϵ_nk^G0W0 (eV)
 
    1 (occ)   108         -18.748           8.115         -26.953         -17.109          -20.478
    2 (occ)   108         -11.955           4.873         -22.587         -15.803          -13.866
    3 (occ)   108          -7.785           3.605         -22.454         -17.349           -9.284
    4 (occ)   108          -5.260           2.665         -18.861         -14.988           -6.467
    5 (vir)   108           2.111          -3.535          -6.562         -12.069            4.082
    6 (vir)   108           5.991          -3.894          -6.258         -12.321            8.159
    7 (vir)   108           9.172          -3.233          -3.732          -9.037           11.244
    8 (vir)   108           9.864          -2.727          -1.337          -5.917           11.717
    9 (vir)   108          13.300          -3.681          -3.577          -9.812           15.853
   10 (vir)   108          16.858          -6.836          -6.354         -16.317           19.985
   11 (vir)   108          20.816          -6.141          -3.581         -11.863           22.957
   12 (vir)   108          22.180          -5.025          -4.010         -12.192           25.337
   13 (vir)   108          22.190          -5.087          -4.133         -11.571           24.541
   14 (vir)   108          30.077          -6.720          -4.069         -14.145           33.432
   15 (vir)   108          34.398          -4.672          -2.865         -11.517           38.377
   16 (vir)   108          35.059          -6.482          -4.765         -14.361           38.173
   17 (vir)   108          39.934         -10.005          -3.375         -13.979           40.532
   18 (vir)   108          49.808          -1.316          -4.058         -14.382           58.816
   19 (vir)   108          50.017          -8.638          -3.041         -13.122           51.460
   20 (vir)   108          56.498           3.754          -3.174         -13.096           70.174
   21 (vir)   108          57.080           4.496          -3.319         -14.174           72.432
   22 (vir)   108          66.945           2.310          -3.214         -12.658           78.698
   23 (vir)   108          77.873           3.179          -3.735         -12.426           89.743
   24 (vir)   108          79.943           2.248          -3.026         -16.490           95.656
   25 (vir)   108         113.837           1.736          -1.663         -13.166          127.075
   26 (vir)   108         240.955           4.268          -0.581         -17.924          262.566
 
 
  kpoint:     109             coordinate:     0.0000    0.3980    0.0000
 
    n           k   ϵ_nk^DFT (eV)     Σ^c_nk (eV)     Σ^x_nk (eV)    v_nk^xc (eV)   ϵ_nk^G0W0 (eV)
 
    1 (occ)   109         -18.833           8.140         -26.930         -17.059          -20.564
    2 (occ)   109         -11.806           4.831         -22.599         -15.868          -13.706
    3 (occ)   109          -7.745           3.594         -22.449         -17.359           -9.242
    4 (occ)   109          -5.390           2.698         -18.793         -14.871           -6.614
    5 (vir)   109           2.288          -3.574          -6.624         -12.182            4.272
    6 (vir)   109           5.960          -3.862          -6.153         -12.170            8.116
    7 (vir)   109           9.014          -3.238          -3.858          -9.178           11.096
    8 (vir)   109           9.574          -2.733          -1.361          -5.943           11.422
    9 (vir)   109          13.401          -3.797          -3.708         -10.060           15.955
   10 (vir)   109          16.617          -6.778          -6.391         -16.259           19.707
   11 (vir)   109          20.984          -6.134          -3.544         -11.816           23.123
   12 (vir)   109          22.158          -5.322          -3.879         -11.890           24.848
   13 (vir)   109          22.260          -5.102          -4.126         -11.575           24.607
   14 (vir)   109          30.105          -7.106          -3.947         -14.015           33.067
   15 (vir)   109          34.461          -7.294          -2.981         -11.642           35.828
   16 (vir)   109          35.334          -6.801          -4.742         -14.426           38.216
   17 (vir)   109          40.248         -10.240          -3.484         -14.230           40.755
   18 (vir)   109          50.071          -2.723          -3.999         -14.368           57.717
   19 (vir)   109          50.645          -8.395          -3.049         -13.210           52.411
   20 (vir)   109          56.636           4.555          -3.325         -14.147           72.012
   21 (vir)   109          56.947           2.699          -3.687         -13.460           69.419
   22 (vir)   109          67.356           1.479          -3.814         -12.760           77.781
   23 (vir)   109          78.589           1.803          -5.846         -12.011           86.557
   24 (vir)   109          79.679           2.094          -3.084         -16.491           95.180
   25 (vir)   109         113.675           1.752          -1.661         -13.140          126.905
   26 (vir)   109         240.997           7.959          -0.734         -17.928          266.149
 
 
  kpoint:     110             coordinate:     0.0000    0.3878    0.0000
 
    n           k   ϵ_nk^DFT (eV)     Σ^c_nk (eV)     Σ^x_nk (eV)    v_nk^xc (eV)   ϵ_nk^G0W0 (eV)
 
    1 (occ)   110         -18.923           8.168         -26.909         -17.010          -20.654
    2 (occ)   110         -11.647           4.786         -22.608         -15.934          -13.535
    3 (occ)   110          -7.701           3.581         -22.444         -17.370           -9.194
    4 (occ)   110          -5.525           2.735         -18.732         -14.757           -6.765
    5 (vir)   110           2.472          -3.614          -6.674         -12.282            4.466
    6 (vir)   110           5.924          -3.824          -6.031         -11.995            8.064
    7 (vir)   110           8.858          -3.249          -4.001          -9.343           10.951
    8 (vir)   110           9.308          -2.745          -1.383          -5.973           11.153
    9 (vir)   110          13.488          -3.954          -3.866         -10.333           16.002
   10 (vir)   110          16.360          -6.714          -6.426         -16.199           19.420
   11 (vir)   110          21.149          -6.131          -3.514         -11.781           23.285
   12 (vir)   110          22.158          -5.829          -3.772         -11.571           24.128
   13 (vir)   110          22.338          -5.119          -4.119         -11.580           24.680
   14 (vir)   110          30.101          -8.000          -3.825         -13.838           32.113
   15 (vir)   110          34.563          -9.036          -3.111         -11.800           34.217
   16 (vir)   110          35.625          -7.600          -4.708         -14.492           37.810
   17 (vir)   110          40.488         -10.412          -3.569         -14.414           40.921
   18 (vir)   110          50.334          -9.978          -3.929         -14.348           50.775
   19 (vir)   110          51.165          -9.041          -3.070         -13.324           52.377
   20 (vir)   110          56.159           4.619          -3.332         -14.117           71.563
   21 (vir)   110          57.404           2.705          -3.642         -13.821           70.289
   22 (vir)   110          67.790           1.050          -3.659         -12.923           78.103
   23 (vir)   110          79.394           6.869          -3.209         -16.491           99.544
   24 (vir)   110          79.484           0.320          -6.354         -11.545           84.995
   25 (vir)   110         113.496           1.657          -1.708         -13.112          126.557
   26 (vir)   110         241.020          10.335          -1.163         -17.932          268.124
 
 
  kpoint:     111             coordinate:     0.0000    0.3776    0.0000
 
    n           k   ϵ_nk^DFT (eV)     Σ^c_nk (eV)     Σ^x_nk (eV)    v_nk^xc (eV)   ϵ_nk^G0W0 (eV)
 
    1 (occ)   111         -19.015           8.198         -26.890         -16.961          -20.747
    2 (occ)   111         -11.478           4.737         -22.615         -16.002          -13.354
    3 (occ)   111          -7.653           3.567         -22.438         -17.381           -9.143
    4 (occ)   111          -5.664           2.775         -18.680         -14.649           -6.920
    5 (vir)   111           2.660          -3.651          -6.712         -12.368            4.664
    6 (vir)   111           5.881          -3.779          -5.892         -11.792            8.003
    7 (vir)   111           8.705          -3.265          -4.160          -9.534           10.815
    8 (vir)   111           9.065          -2.764          -1.405          -6.012           10.908
    9 (vir)   111          13.558          -4.127          -4.042         -10.625           16.014
   10 (vir)   111          16.091          -6.633          -6.459         -16.139           19.137
   11 (vir)   111          21.312          -6.131          -3.491         -11.756           23.445
   12 (vir)   111          22.183          -6.060          -3.687         -11.242           23.678
   13 (vir)   111          22.423          -5.137          -4.112         -11.585           24.759
   14 (vir)   111          30.066          -8.642          -3.711         -13.623           31.335
   15 (vir)   111          34.705          -9.640          -3.229         -11.981           33.818
   16 (vir)   111          35.931          -8.567          -4.665         -14.561           37.260
   17 (vir)   111          40.666         -10.533          -3.638         -14.548           41.043
   18 (vir)   111          50.592           4.119          -3.861         -14.323           65.173
   19 (vir)   111          51.557           4.678          -3.096         -13.445           66.584
   20 (vir)   111          55.651           4.690          -3.339         -14.086           71.087
   21 (vir)   111          57.860           2.440          -3.256         -14.167           71.211
   22 (vir)   111          68.234           0.480          -2.977         -13.143           78.880
   23 (vir)   111          79.090           2.925          -3.346         -16.493           95.161
   24 (vir)   111          80.594           0.958          -4.648         -11.044           87.948
   25 (vir)   111         113.297           1.586          -1.776         -13.081          126.189
   26 (vir)   111         241.020           6.325          -1.654         -17.936          263.627
 
 
  kpoint:     112             coordinate:     0.0000    0.3673    0.0000
 
    n           k   ϵ_nk^DFT (eV)     Σ^c_nk (eV)     Σ^x_nk (eV)    v_nk^xc (eV)   ϵ_nk^G0W0 (eV)
 
    1 (occ)   112         -19.111           8.229         -26.872         -16.912          -20.842
    2 (occ)   112         -11.301           4.686         -22.619         -16.071          -13.164
    3 (occ)   112          -7.601           3.552         -22.433         -17.394           -9.088
    4 (occ)   112          -5.805           2.818         -18.636         -14.546           -7.078
    5 (vir)   112           2.849          -3.685          -6.737         -12.434            4.861
    6 (vir)   112           5.831          -3.726          -5.735         -11.561            7.931
    7 (vir)   112           8.559          -3.287          -4.335          -9.752           10.689
    8 (vir)   112           8.844          -2.793          -1.428          -6.064           10.687
    9 (vir)   112          13.608          -4.290          -4.226         -10.932           16.024
   10 (vir)   112          15.810          -6.532          -6.493         -16.077           18.863
   11 (vir)   112          21.476          -6.134          -3.473         -11.737           23.607
   12 (vir)   112          22.240          -6.038          -3.604         -10.911           23.508
   13 (vir)   112          22.515          -5.156          -4.103         -11.590           24.845
   14 (vir)   112          30.001          -8.821          -3.599         -13.381           30.962
   15 (vir)   112          34.886          -9.726          -3.321         -12.171           34.010
   16 (vir)   112          36.250          -9.282          -4.618         -14.630           36.980
   17 (vir)   112          40.796         -10.614          -3.693         -14.643           41.132
   18 (vir)   112          50.839           3.467          -3.802         -14.291           64.795
   19 (vir)   112          51.816           4.765          -3.123         -13.561           67.020
   20 (vir)   112          55.116           4.767          -3.347         -14.053           70.588
   21 (vir)   112          58.310           2.872          -2.815         -14.484           72.851
   22 (vir)   112          68.672          -0.121          -2.200         -13.406           79.757
   23 (vir)   112          78.769           2.663          -3.439         -16.493           94.486
   24 (vir)   112          81.955          -9.805          -0.880         -10.541           81.810
   25 (vir)   112         113.076           1.423          -1.832         -13.047          125.714
   26 (vir)   112         240.992           3.786          -1.975         -17.940          260.742
 
 
  kpoint:     113             coordinate:     0.0000    0.3571    0.0000
 
    n           k   ϵ_nk^DFT (eV)     Σ^c_nk (eV)     Σ^x_nk (eV)    v_nk^xc (eV)   ϵ_nk^G0W0 (eV)
 
    1 (occ)   113         -19.208           8.261         -26.857         -16.865          -20.938
    2 (occ)   113         -11.117           4.631         -22.620         -16.141          -12.965
    3 (occ)   113          -7.546           3.536         -22.426         -17.408           -9.028
    4 (occ)   113          -5.948           2.862         -18.599         -14.448           -7.237
    5 (vir)   113           3.038          -3.714          -6.746         -12.477            5.056
    6 (vir)   113           5.773          -3.667          -5.560         -11.302            7.849
    7 (vir)   113           8.420          -3.316          -4.524          -9.996           10.576
    8 (vir)   113           8.645          -2.832          -1.456          -6.133           10.490
    9 (vir)   113          13.635          -4.423          -4.409         -11.246           16.050
   10 (vir)   113          15.521          -6.415          -6.528         -16.016           18.594
   11 (vir)   113          21.643          -6.139          -3.459         -11.724           23.770
   12 (vir)   113          22.331          -5.885          -3.492         -10.587           23.541
   13 (vir)   113          22.614          -5.178          -4.095         -11.596           24.938
   14 (vir)   113          29.911          -8.677          -3.475         -13.122           30.881
   15 (vir)   113          35.103          -9.427          -3.384         -12.357           34.649
   16 (vir)   113          36.578          -9.511          -4.573         -14.699           37.193
   17 (vir)   113          40.886         -10.664          -3.740         -14.711           41.194
   18 (vir)   113          51.072           3.507          -3.755         -14.253           65.077
   19 (vir)   113          51.947           4.862          -3.147         -13.665           67.327
   20 (vir)   113          54.557           4.850          -3.356         -14.018           70.070
   21 (vir)   113          58.748           3.445          -2.526         -14.764           74.431
   22 (vir)   113          69.090           1.199          -1.698         -13.689           82.280
   23 (vir)   113          78.435           2.629          -3.453         -16.493           94.104
   24 (vir)   113          83.598          -9.658           3.973         -10.064           87.977
   25 (vir)   113         112.827           1.329          -1.845         -13.011          125.321
   26 (vir)   113         240.929           2.762          -1.983         -17.944          259.653
 
 
  kpoint:     114             coordinate:     0.0000    0.3469    0.0000
 
    n           k   ϵ_nk^DFT (eV)     Σ^c_nk (eV)     Σ^x_nk (eV)    v_nk^xc (eV)   ϵ_nk^G0W0 (eV)
 
    1 (occ)   114         -19.306           8.294         -26.844         -16.820          -21.036
    2 (occ)   114         -10.925           4.574         -22.619         -16.210          -12.760
    3 (occ)   114          -7.487           3.519         -22.420         -17.423           -8.965
    4 (occ)   114          -6.091           2.909         -18.569         -14.355           -7.396
    5 (vir)   114           3.225          -3.734          -6.738         -12.492            5.245
    6 (vir)   114           5.706          -3.600          -5.369         -11.018            7.755
    7 (vir)   114           8.290          -3.353          -4.725         -10.264           10.476
    8 (vir)   114           8.465          -2.882          -1.492          -6.226           10.317
    9 (vir)   114          13.638          -4.517          -4.583         -11.559           16.097
   10 (vir)   114          15.223          -6.289          -6.566         -15.955           18.324
   11 (vir)   114          21.814          -6.146          -3.448         -11.716           23.937
   12 (vir)   114          22.461          -5.396          -3.325         -10.283           24.023
   13 (vir)   114          22.720          -5.200          -4.085         -11.601           25.037
   14 (vir)   114          29.803          -7.984          -3.331         -12.853           31.341
   15 (vir)   114          35.350          -8.707          -3.426         -12.531           35.748
   16 (vir)   114          36.914          -9.105          -4.535         -14.769           38.042
   17 (vir)   114          40.945         -10.691          -3.780         -14.759           41.233
   18 (vir)   114          51.286           4.180          -3.715         -14.209           65.960
   19 (vir)   114          51.960           4.969          -3.168         -13.752           67.513
   20 (vir)   114          53.978           4.939          -3.365         -13.983           69.534
   21 (vir)   114          59.173           3.684          -2.453         -15.004           75.407
   22 (vir)   114          69.478           1.406          -1.594         -13.967           83.256
   23 (vir)   114          78.090           3.170          -3.395         -16.493           94.359
   24 (vir)   114          85.553          -6.838           8.487          -9.643           96.844
   25 (vir)   114         112.543           1.306          -1.800         -12.972          125.021
   26 (vir)   114         240.828           2.398          -1.687         -17.948          259.487
 
 
  kpoint:     115             coordinate:     0.0000    0.3367    0.0000
 
    n           k   ϵ_nk^DFT (eV)     Σ^c_nk (eV)     Σ^x_nk (eV)    v_nk^xc (eV)   ϵ_nk^G0W0 (eV)
 
    1 (occ)   115         -19.405           8.328         -26.833         -16.776          -21.134
    2 (occ)   115         -10.727           4.515         -22.615         -16.281          -12.547
    3 (occ)   115          -7.424           3.501         -22.414         -17.440           -8.898
    4 (occ)   115          -6.234           2.956         -18.545         -14.268           -7.554
    5 (vir)   115           3.407          -3.743          -6.712         -12.473            5.426
    6 (vir)   115           5.628          -3.526          -5.166         -10.711            7.648
    7 (vir)   115           8.171          -3.398          -4.936         -10.551           10.388
    8 (vir)   115           8.306          -2.948          -1.540          -6.348           10.167
    9 (vir)   115          13.616          -4.576          -4.750         -11.863           16.153
   10 (vir)   115          14.920          -6.165          -6.606         -15.894           18.043
   11 (vir)   115          21.990          -6.155          -3.439         -11.712           24.108
   12 (vir)   115          22.631          -3.135          -3.096         -10.010           26.412
   13 (vir)   115          22.834          -5.224          -4.075         -11.608           25.142
   14 (vir)   115          29.685          -5.154          -3.165         -12.577           33.942
   15 (vir)   115          35.623          -7.498          -3.452         -12.684           37.356
   16 (vir)   115          37.255          -7.942          -4.505         -14.838           39.646
   17 (vir)   115          40.976         -10.699          -3.816         -14.790           41.252
   18 (vir)   115          51.478         -11.652          -3.674         -14.158           50.311
   19 (vir)   115          51.870           5.088          -3.185         -13.823           67.596
   20 (vir)   115          53.381           5.033          -3.375         -13.947           68.985
   21 (vir)   115          59.584           3.756          -2.549         -15.204           75.996
   22 (vir)   115          69.830           1.523          -1.786         -14.224           83.790
   23 (vir)   115          77.739           0.634          -3.304         -16.494           91.562
   24 (vir)   115          87.841          -0.557          11.486          -9.296          108.066
   25 (vir)   115         112.218           1.629          -1.704         -12.930          125.073
   26 (vir)   115         240.684           2.389          -1.237         -17.951          259.788
 
 
  kpoint:     116             coordinate:     0.0000    0.3265    0.0000
 
    n           k   ϵ_nk^DFT (eV)     Σ^c_nk (eV)     Σ^x_nk (eV)    v_nk^xc (eV)   ϵ_nk^G0W0 (eV)
 
    1 (occ)   116         -19.504           8.362         -26.825         -16.734          -21.233
    2 (occ)   116         -10.524           4.453         -22.609         -16.351          -12.329
    3 (occ)   116          -7.359           3.482         -22.407         -17.457           -8.827
    4 (occ)   116          -6.376           3.004         -18.526         -14.186           -7.712
    5 (vir)   116           3.582          -3.738          -6.662         -12.413            5.595
    6 (vir)   116           5.541          -3.447          -4.954         -10.390            7.529
    7 (vir)   116           8.063          -3.449          -5.152         -10.851           10.313
    8 (vir)   116           8.168          -3.030          -1.603          -6.507           10.042
    9 (vir)   116          13.568          -4.622          -4.917         -12.151           16.180
   10 (vir)   116          14.612          -6.054          -6.648         -15.833           17.743
   11 (vir)   116          22.172          -6.165          -3.432         -11.710           24.285
   12 (vir)   116          22.844          -1.175          -2.837          -9.784           28.615
   13 (vir)   116          22.954          -5.250          -4.064         -11.614           25.254
   14 (vir)   116          29.564          -1.830          -2.990         -12.291           37.036
   15 (vir)   116          35.918          -5.845          -3.467         -12.814           39.421
   16 (vir)   116          37.599          -6.436          -4.478         -14.907           41.591
   17 (vir)   116          40.984         -10.693          -3.848         -14.810           41.253
   18 (vir)   116          51.647          -3.703          -3.623         -14.102           58.422
   19 (vir)   116          51.694           5.220          -3.197         -13.877           67.593
   20 (vir)   116          52.770           5.131          -3.386         -13.910           68.426
   21 (vir)   116          59.984           3.964          -2.717         -15.366           76.597
   22 (vir)   116          70.146           1.688          -2.083         -14.449           84.200
   23 (vir)   116          77.384           1.674          -3.234         -16.494           92.317
   24 (vir)   116          90.476           0.032          12.638          -9.032          112.179
   25 (vir)   116         111.845           1.554          -1.588         -12.887          124.698
   26 (vir)   116         240.494           2.774          -0.840         -17.955          260.383
 
 
  kpoint:     117             coordinate:     0.0000    0.3163    0.0000
 
    n           k   ϵ_nk^DFT (eV)     Σ^c_nk (eV)     Σ^x_nk (eV)    v_nk^xc (eV)   ϵ_nk^G0W0 (eV)
 
    1 (occ)   117         -19.603           8.396         -26.818         -16.694          -21.331
    2 (occ)   117         -10.316           4.391         -22.601         -16.421          -12.106
    3 (occ)   117          -7.290           3.462         -22.401         -17.475           -8.753
    4 (occ)   117          -6.517           3.052         -18.511         -14.109           -7.867
    5 (vir)   117           3.746          -3.715          -6.586         -12.305            5.750
    6 (vir)   117           5.442          -3.365          -4.741         -10.060            7.397
    7 (vir)   117           7.967          -3.505          -5.368         -11.157           10.250
    8 (vir)   117           8.050          -3.132          -1.686          -6.710            9.942
    9 (vir)   117          13.495          -4.690          -5.089         -12.416           16.133
   10 (vir)   117          14.301          -5.959          -6.690         -15.773           17.425
   11 (vir)   117          22.360          -6.178          -3.426         -11.710           24.467
   12 (vir)   117          23.081          -5.277          -4.052         -11.621           25.371
   13 (vir)   117          23.099          -2.032          -2.615          -9.617           28.069
   14 (vir)   117          29.451          -1.804          -2.827         -11.992           36.812
   15 (vir)   117          36.233          -4.244          -3.469         -12.918           41.438
   16 (vir)   117          37.944          -5.561          -4.452         -14.975           42.905
   17 (vir)   117          40.973         -10.676          -3.879         -14.820           41.236
   18 (vir)   117          51.447           5.364          -3.205         -13.917           67.524
   19 (vir)   117          51.791          -0.983          -3.558         -14.040           61.290
   20 (vir)   117          52.148           5.235          -3.397         -13.872           67.858
   21 (vir)   117          60.374           4.099          -2.881         -15.495           77.087
   22 (vir)   117          70.426           1.837          -2.335         -14.639           84.567
   23 (vir)   117          77.028           1.661          -3.225         -16.495           91.959
   24 (vir)   117          93.469           0.849          12.597          -8.851          115.766
   25 (vir)   117         111.416           1.792          -1.493         -12.842          124.557
   26 (vir)   117         240.255           3.846          -0.659         -17.958          261.400
 
 
  kpoint:     118             coordinate:     0.0000    0.3061    0.0000
 
    n           k   ϵ_nk^DFT (eV)     Σ^c_nk (eV)     Σ^x_nk (eV)    v_nk^xc (eV)   ϵ_nk^G0W0 (eV)
 
    1 (occ)   118         -19.701           8.430         -26.812         -16.656          -21.427
    2 (occ)   118         -10.104           4.326         -22.591         -16.491          -11.877
    3 (occ)   118          -7.217           3.442         -22.395         -17.495           -8.675
    4 (occ)   118          -6.657           3.101         -18.501         -14.037           -8.021
    5 (vir)   118           3.898          -3.674          -6.480         -12.142            5.887
    6 (vir)   118           5.334          -3.281          -4.530          -9.731            7.253
    7 (vir)   118           7.883          -3.564          -5.581         -11.459           10.197
    8 (vir)   118           7.955          -3.255          -1.794          -6.965            9.870
    9 (vir)   118          13.398          -4.793          -5.267         -12.655           15.993
   10 (vir)   118          13.988          -5.876          -6.732         -15.714           17.094
   11 (vir)   118          22.554          -6.191          -3.422         -11.712           24.654
   12 (vir)   118          23.214          -5.306          -4.040         -11.627           25.495
   13 (vir)   118          23.395          -2.829          -2.509          -9.525           27.583
   14 (vir)   118          29.356          -3.509          -2.699         -11.671           34.819
   15 (vir)   118          36.565          -3.439          -3.457         -12.994           42.663
   16 (vir)   118          38.288          -5.952          -4.422         -15.041           42.956
   17 (vir)   118          40.943         -10.650          -3.909         -14.821           41.204
   18 (vir)   118          51.145           5.520          -3.209         -13.946           67.402
   19 (vir)   118          51.517           5.343          -3.408         -13.835           67.286
   20 (vir)   118          51.909          -0.804          -3.481         -13.974           61.597
   21 (vir)   118          60.758           4.063          -3.001         -15.595           77.415
   22 (vir)   118          70.674           1.967          -2.485         -14.796           84.952
   23 (vir)   118          76.675          -0.989          -3.285         -16.496           88.896
   24 (vir)   118          96.825           3.710          12.602          -8.747          121.885
   25 (vir)   118         110.924           1.998          -1.459         -12.796          124.259
   26 (vir)   118         239.964           6.056          -0.741         -17.961          263.241
 
 
  kpoint:     119             coordinate:     0.0000    0.2959    0.0000
 
    n           k   ϵ_nk^DFT (eV)     Σ^c_nk (eV)     Σ^x_nk (eV)    v_nk^xc (eV)   ϵ_nk^G0W0 (eV)
 
    1 (occ)   119         -19.798           8.465         -26.809         -16.619          -21.522
    2 (occ)   119          -9.889           4.261         -22.579         -16.562          -11.645
    3 (occ)   119          -7.142           3.420         -22.389         -17.516           -8.595
    4 (occ)   119          -6.794           3.149         -18.495         -13.969           -8.171
    5 (vir)   119           4.035          -3.610          -6.340         -11.918            6.003
    6 (vir)   119           5.215          -3.197          -4.328          -9.409            7.100
    7 (vir)   119           7.811          -3.623          -5.784         -11.750           10.155
    8 (vir)   119           7.883          -3.402          -1.933          -7.278            9.826
    9 (vir)   119          13.278          -4.915          -5.445         -12.865           15.784
   10 (vir)   119          13.674          -5.798          -6.773         -15.655           16.758
   11 (vir)   119          22.755          -6.205          -3.418         -11.715           24.847
   12 (vir)   119          23.354          -5.336          -4.028         -11.634           25.625
   13 (vir)   119          23.726          -2.274          -2.569          -9.525           28.408
   14 (vir)   119          29.293          -3.993          -2.626         -11.318           33.992
   15 (vir)   119          36.912          -4.307          -3.437         -13.040           42.208
   16 (vir)   119          38.630          -7.707          -4.385         -15.107           41.644
   17 (vir)   119          40.898         -10.616          -3.938         -14.815           41.159
   18 (vir)   119          50.800           5.683          -3.210         -13.966           67.239
   19 (vir)   119          50.880           5.456          -3.420         -13.797           66.713
   20 (vir)   119          52.002          -3.151          -3.397         -13.903           59.358
   21 (vir)   119          61.138           2.271          -3.077         -15.673           76.004
   22 (vir)   119          70.893           1.654          -2.545         -14.923           84.925
   23 (vir)   119          76.327           3.755          -3.391         -16.497           93.188
   24 (vir)   119         100.545          -0.125          13.753          -8.712          122.885
   25 (vir)   119         110.362           2.030          -1.500         -12.749          123.642
   26 (vir)   119         239.622           8.193          -1.003         -17.964          264.776
 
 
  kpoint:     120             coordinate:     0.0000    0.2857    0.0000
 
    n           k   ϵ_nk^DFT (eV)     Σ^c_nk (eV)     Σ^x_nk (eV)    v_nk^xc (eV)   ϵ_nk^G0W0 (eV)
 
    1 (occ)   120         -19.894           8.502         -26.807         -16.585          -21.614
    2 (occ)   120          -9.671           4.195         -22.566         -16.632          -11.410
    3 (occ)   120          -7.065           3.398         -22.383         -17.538           -8.511
    4 (occ)   120          -6.928           3.197         -18.491         -13.905           -8.318
    5 (vir)   120           4.154          -3.525          -6.162         -11.630            6.096
    6 (vir)   120           5.086          -3.114          -4.137          -9.101            6.937
    7 (vir)   120           7.751          -3.679          -5.974         -12.025           10.122
    8 (vir)   120           7.835          -3.572          -2.104          -7.651            9.810
    9 (vir)   120          13.138          -5.024          -5.611         -13.045           15.548
   10 (vir)   120          13.361          -5.718          -6.812         -15.597           16.427
   11 (vir)   120          22.962          -6.220          -3.416         -11.719           25.045
   12 (vir)   120          23.501          -5.368          -4.014         -11.641           25.760
   13 (vir)   120          24.081          -5.180          -2.779          -9.633           25.755
   14 (vir)   120          29.282          -7.144          -2.612         -10.922           30.448
   15 (vir)   120          37.277          -8.123          -3.421         -13.055           38.788
   16 (vir)   120          38.968          -9.898          -4.345         -15.171           39.896
   17 (vir)   120          40.839         -10.572          -3.966         -14.802           41.104
   18 (vir)   120          50.240         -10.269          -3.434         -13.759           50.296
   19 (vir)   120          50.423           5.852          -3.207         -13.979           67.047
   20 (vir)   120          52.071         -11.410          -3.314         -13.830           51.176
   21 (vir)   120          61.517           4.532          -3.127         -15.732           78.655
   22 (vir)   120          71.088           2.508          -2.556         -15.025           86.064
   23 (vir)   120          75.988           3.079          -3.504         -16.499           92.062
   24 (vir)   120         104.624          -0.774          16.361          -8.737          128.947
   25 (vir)   120         109.724           2.029          -1.598         -12.703          122.858
   26 (vir)   120         239.229           7.737          -1.290         -17.966          263.642
 
 
  kpoint:     121             coordinate:     0.0000    0.2755    0.0000
 
    n           k   ϵ_nk^DFT (eV)     Σ^c_nk (eV)     Σ^x_nk (eV)    v_nk^xc (eV)   ϵ_nk^G0W0 (eV)
 
    1 (occ)   121         -19.988           8.539         -26.807         -16.553          -21.703
    2 (occ)   121          -9.450           4.128         -22.552         -16.703          -11.172
    3 (occ)   121          -7.060           3.244         -18.490         -13.844           -8.462
    4 (occ)   121          -6.985           3.376         -22.378         -17.561           -8.425
    5 (vir)   121           4.253          -3.421          -5.950         -11.282            6.165
    6 (vir)   121           4.949          -3.034          -3.960          -8.811            6.766
    7 (vir)   121           7.701          -3.734          -6.147         -12.278           10.099
    8 (vir)   121           7.814          -3.764          -2.308          -8.082            9.824
    9 (vir)   121          12.979          -5.104          -5.753         -13.197           15.320
   10 (vir)   121          13.048          -5.631          -6.852         -15.539           16.104
   11 (vir)   121          23.175          -6.236          -3.413         -11.723           25.248
   12 (vir)   121          23.654          -5.401          -4.000         -11.648           25.901
   13 (vir)   121          24.444          -5.687          -3.042          -9.858           25.574
   14 (vir)   121          29.348          -7.061          -2.638         -10.481           30.130
   15 (vir)   121          37.661         -11.060          -3.416         -13.034           36.218
   16 (vir)   121          39.299         -11.308          -4.305         -15.233           38.918
   17 (vir)   121          40.768         -10.519          -3.993         -14.784           41.040
   18 (vir)   121          49.598          -9.446          -3.447         -13.722           50.427
   19 (vir)   121          50.024           6.023          -3.201         -13.987           66.832
   20 (vir)   121          52.118           4.820          -3.241         -13.754           67.451
   21 (vir)   121          61.898           4.209          -3.166         -15.776           78.718
   22 (vir)   121          71.261           2.569          -2.554         -15.106           86.382
   23 (vir)   121          75.659           2.890          -3.584         -16.500           91.466
   24 (vir)   121         109.002           2.086          -0.835         -12.571          122.825
   25 (vir)   121         109.052          -3.488          18.848          -8.903          133.314
   26 (vir)   121         238.787           6.449          -1.461         -17.968          261.744
 
 
  kpoint:     122             coordinate:     0.0000    0.2653    0.0000
 
    n           k   ϵ_nk^DFT (eV)     Σ^c_nk (eV)     Σ^x_nk (eV)    v_nk^xc (eV)   ϵ_nk^G0W0 (eV)
 
    1 (occ)   122         -20.080           8.577         -26.809         -16.522          -21.790
    2 (occ)   122          -9.228           4.060         -22.538         -16.774          -10.932
    3 (occ)   122          -7.188           3.290         -18.492         -13.788           -8.602
    4 (occ)   122          -6.902           3.353         -22.373         -17.586           -8.337
    5 (vir)   122           4.331          -3.301          -5.706         -10.885            6.209
    6 (vir)   122           4.805          -2.957          -3.799          -8.540            6.589
    7 (vir)   122           7.662          -3.784          -6.299         -12.507           10.086
    8 (vir)   122           7.819          -3.973          -2.540          -8.560            9.866
    9 (vir)   122          12.737          -5.538          -6.891         -15.481           15.790
   10 (vir)   122          12.805          -5.147          -5.865         -13.322           15.115
   11 (vir)   122          23.394          -6.253          -3.412         -11.727           25.457
   12 (vir)   122          23.813          -5.436          -3.985         -11.655           26.047
   13 (vir)   122          24.790          -6.161          -3.225         -10.187           25.591
   14 (vir)   122          29.524          -6.896          -2.642         -10.016           30.002
   15 (vir)   122          38.069         -11.567          -3.417         -12.972           36.057
   16 (vir)   122          39.623         -11.913          -4.270         -15.293           38.733
   17 (vir)   122          40.685         -10.457          -4.019         -14.759           40.969
   18 (vir)   122          48.957         -11.651          -3.462         -13.685           47.530
   19 (vir)   122          49.610         -11.475          -3.194         -13.992           48.933
   20 (vir)   122          52.145           4.102          -3.182         -13.678           66.743
   21 (vir)   122          62.284           4.112          -3.204         -15.810           79.002
   22 (vir)   122          71.418           2.589          -2.557         -15.170           86.620
   23 (vir)   122          75.344           2.915          -3.616         -16.502           91.145
   24 (vir)   122         108.196           1.423          -1.750         -12.616          120.484
   25 (vir)   122         113.807          -9.239          22.450          -8.939          135.958
   26 (vir)   122         238.303           5.722          -1.453         -17.970          260.542
 
 
  kpoint:     123             coordinate:     0.0000    0.2551    0.0000
 
    n           k   ϵ_nk^DFT (eV)     Σ^c_nk (eV)     Σ^x_nk (eV)    v_nk^xc (eV)   ϵ_nk^G0W0 (eV)
 
    1 (occ)   123         -20.170           8.614         -26.812         -16.494          -21.874
    2 (occ)   123          -9.005           3.992         -22.522         -16.845          -10.690
    3 (occ)   123          -7.313           3.336         -18.495         -13.735           -8.738
    4 (occ)   123          -6.818           3.329         -22.369         -17.612           -8.246
    5 (vir)   123           4.387          -3.173          -5.440         -10.455            6.228
    6 (vir)   123           4.654          -2.883          -3.653          -8.289            6.406
    7 (vir)   123           7.631          -3.831          -6.431         -12.713           10.083
    8 (vir)   123           7.849          -4.193          -2.791          -9.068            9.933
    9 (vir)   123          12.430          -5.441          -6.930         -15.425           15.484
   10 (vir)   123          12.617          -5.154          -5.947         -13.422           14.939
   11 (vir)   123          23.617          -6.269          -3.410         -11.732           25.669
   12 (vir)   123          23.978          -5.472          -3.970         -11.663           26.199
   13 (vir)   123          25.089          -6.687          -3.246         -10.569           25.725
   14 (vir)   123          29.848           3.489          -2.515          -9.590           40.411
   15 (vir)   123          38.510           4.609          -3.388         -12.860           52.591
   16 (vir)   123          39.938         -11.872          -4.241         -15.351           39.176
   17 (vir)   123          40.592         -10.387          -4.044         -14.730           40.891
   18 (vir)   123          48.320         -11.490          -3.477         -13.649           47.001
   19 (vir)   123          49.187         -11.606          -3.186         -13.997           48.392
   20 (vir)   123          52.155           3.901          -3.138         -13.600           66.519
   21 (vir)   123          62.676           4.457          -3.243         -15.836           79.726
   22 (vir)   123          71.560           2.670          -2.567         -15.220           86.883
   23 (vir)   123          75.045           3.452          -3.606         -16.502           91.393
   24 (vir)   123         107.298           1.271          -1.711         -12.577          119.434
   25 (vir)   123         118.865          -1.790          23.326          -9.101          149.502
   26 (vir)   123         237.784           5.301          -1.310         -17.972          259.747
 
 
  kpoint:     124             coordinate:     0.0000    0.2449    0.0000
 
    n           k   ϵ_nk^DFT (eV)     Σ^c_nk (eV)     Σ^x_nk (eV)    v_nk^xc (eV)   ϵ_nk^G0W0 (eV)
 
    1 (occ)   124         -20.258           8.650         -26.816         -16.467          -21.956
    2 (occ)   124          -8.782           3.925         -22.507         -16.917          -10.447
    3 (occ)   124          -7.434           3.380         -18.500         -13.685           -8.869
    4 (occ)   124          -6.731           3.305         -22.365         -17.638           -8.153
    5 (vir)   124           4.422          -3.043          -5.164         -10.012            6.227
    6 (vir)   124           4.498          -2.812          -3.520          -8.055            6.221
    7 (vir)   124           7.609          -3.873          -6.544         -12.897           10.088
    8 (vir)   124           7.904          -4.416          -3.052          -9.587           10.023
    9 (vir)   124          12.126          -5.345          -6.968         -15.369           15.181
   10 (vir)   124          12.419          -5.118          -6.010         -13.501           14.792
   11 (vir)   124          23.845          -6.286          -3.409         -11.736           25.886
   12 (vir)   124          24.149          -5.509          -3.954         -11.670           26.355
   13 (vir)   124          25.316          -7.266          -3.137         -10.921           25.834
   14 (vir)   124          30.347           2.125          -2.156          -9.301           39.618
   15 (vir)   124          38.998           4.037          -3.266         -12.685           52.455
   16 (vir)   124          40.243         -10.769          -4.218         -15.407           40.663
   17 (vir)   124          40.491         -10.312          -4.067         -14.694           40.806
   18 (vir)   124          47.686         -11.311          -3.493         -13.613           46.496
   19 (vir)   124          48.760         -11.630          -3.177         -14.002           47.955
   20 (vir)   124          52.150           4.009          -3.102         -13.524           66.581
   21 (vir)   124          63.075           0.426          -3.278         -15.856           76.079
   22 (vir)   124          71.689           1.995          -2.579         -15.257           86.363
   23 (vir)   124          74.763          -1.578          -3.578         -16.502           86.109
   24 (vir)   124         106.307           1.244          -1.574         -12.542          118.519
   25 (vir)   124         124.184          12.260          21.979          -9.297          167.721
   26 (vir)   124         237.242           4.672          -1.137         -17.973          258.750
 
 
  kpoint:     125             coordinate:     0.0000    0.2347    0.0000
 
    n           k   ϵ_nk^DFT (eV)     Σ^c_nk (eV)     Σ^x_nk (eV)    v_nk^xc (eV)   ϵ_nk^G0W0 (eV)
 
    1 (occ)   125         -20.344           8.683         -26.821         -16.443          -22.040
    2 (occ)   125          -8.558           3.857         -22.492         -16.989          -10.204
    3 (occ)   125          -7.551           3.423         -18.506         -13.638           -8.996
    4 (occ)   125          -6.643           3.281         -22.363         -17.666           -8.059
    5 (vir)   125           4.337          -2.745          -3.397          -7.838            6.034
    6 (vir)   125           4.437          -2.918          -4.889          -9.576            6.207
    7 (vir)   125           7.593          -3.911          -6.642         -13.060           10.101
    8 (vir)   125           7.980          -4.635          -3.310         -10.097           10.131
    9 (vir)   125          11.826          -5.254          -7.005         -15.313           14.881
   10 (vir)   125          12.214          -5.030          -6.066         -13.561           14.678
   11 (vir)   125          24.078          -6.304          -3.408         -11.740           26.105
   12 (vir)   125          24.325          -5.549          -3.937         -11.676           26.515
   13 (vir)   125          25.463          -5.945          -2.997         -11.174           27.695
   14 (vir)   125          31.030           1.730          -1.610          -9.241           40.391
   15 (vir)   125          39.554         -11.492          -2.978         -12.433           37.517
   16 (vir)   125          40.381         -10.231          -4.089         -14.654           40.714
   17 (vir)   125          40.536          -7.707          -4.197         -15.460           44.092
   18 (vir)   125          47.060         -11.123          -3.509         -13.579           46.006
   19 (vir)   125          48.334         -11.613          -3.169         -14.009           47.561
   20 (vir)   125          52.133           4.770          -3.065         -13.448           67.286
   21 (vir)   125          63.483           2.784          -3.306         -15.873           78.834
   22 (vir)   125          71.809           2.355          -2.593         -15.285           86.857
   23 (vir)   125          74.502          -1.082          -3.557         -16.499           86.362
   24 (vir)   125         105.222           1.479          -1.384         -12.513          117.830
   25 (vir)   125         129.714           3.376          19.293          -9.519          161.903
   26 (vir)   125         236.694           3.649          -1.040         -17.975          257.277
 
 
  kpoint:     126             coordinate:     0.0000    0.2245    0.0000
 
    n           k   ϵ_nk^DFT (eV)     Σ^c_nk (eV)     Σ^x_nk (eV)    v_nk^xc (eV)   ϵ_nk^G0W0 (eV)
 
    1 (occ)   126         -20.427           8.709         -26.828         -16.420          -22.125
    2 (occ)   126          -8.335           3.790         -22.478         -17.061           -9.962
    3 (occ)   126          -7.664           3.464         -18.513         -13.595           -9.118
    4 (occ)   126          -6.554           3.256         -22.361         -17.695           -7.963
    5 (vir)   126           4.174          -2.682          -3.282          -7.636            5.846
    6 (vir)   126           4.436          -2.803          -4.625          -9.164            6.172
    7 (vir)   126           7.584          -3.944          -6.727         -13.205           10.118
    8 (vir)   126           8.075          -4.846          -3.555         -10.581           10.254
    9 (vir)   126          11.532          -5.170          -7.040         -15.257           14.580
   10 (vir)   126          12.003          -4.878          -6.129         -13.604           14.599
   11 (vir)   126          24.313          -6.321          -3.408         -11.743           26.327
   12 (vir)   126          24.506          -5.589          -3.920         -11.683           26.680
   13 (vir)   126          25.537          -2.074          -2.898         -11.310           31.874
   14 (vir)   126          31.876          -1.716          -1.169          -9.449           38.440
   15 (vir)   126          40.213          -9.606          -2.494         -12.084           40.197
   16 (vir)   126          40.264         -10.146          -4.110         -14.608           40.616
   17 (vir)   126          40.817          -4.104          -4.174         -15.511           48.051
   18 (vir)   126          46.441         -10.929          -3.527         -13.545           45.530
   19 (vir)   126          47.911         -11.578          -3.161         -14.018           47.191
   20 (vir)   126          52.106           2.050          -3.016         -13.372           64.512
   21 (vir)   126          63.900           2.947          -3.324         -15.887           79.410
   22 (vir)   126          71.921           2.452          -2.607         -15.305           87.071
   23 (vir)   126          74.263          -0.114          -3.558         -16.495           87.085
   24 (vir)   126         104.044           2.028          -1.225         -12.489          117.337
   25 (vir)   126         135.391           0.753          17.014          -9.764          162.922
   26 (vir)   126         236.162           2.678          -1.065         -17.975          255.751
 
 
  kpoint:     127             coordinate:     0.0000    0.2143    0.0000
 
    n           k   ϵ_nk^DFT (eV)     Σ^c_nk (eV)     Σ^x_nk (eV)    v_nk^xc (eV)   ϵ_nk^G0W0 (eV)
 
    1 (occ)   127         -20.507           8.729         -26.835         -16.400          -22.213
    2 (occ)   127          -8.114           3.724         -22.464         -17.133           -9.721
    3 (occ)   127          -7.773           3.504         -18.521         -13.554           -9.236
    4 (occ)   127          -6.464           3.232         -22.360         -17.725           -7.867
    5 (vir)   127           4.009          -2.628          -3.176          -7.447            5.651
    6 (vir)   127           4.420          -2.699          -4.380          -8.786            6.127
    7 (vir)   127           7.580          -3.973          -6.802         -13.333           10.137
    8 (vir)   127           8.186          -5.044          -3.781         -11.028           10.389
    9 (vir)   127          11.244          -5.092          -7.072         -15.203           14.282
   10 (vir)   127          11.790          -4.674          -6.204         -13.632           14.545
   11 (vir)   127          24.551          -6.338          -3.408         -11.746           26.551
   12 (vir)   127          24.693          -5.631          -3.902         -11.690           26.849
   13 (vir)   127          25.554          -5.101          -2.860         -11.350           28.943
   14 (vir)   127          32.839          -1.849          -1.249          -9.919           39.660
   15 (vir)   127          40.141         -10.056          -4.129         -14.557           40.513
   16 (vir)   127          41.022          -5.336          -1.922         -11.635           45.398
   17 (vir)   127          41.086          -2.208          -4.146         -15.558           50.290
   18 (vir)   127          45.831         -10.733          -3.544         -13.513           45.066
   19 (vir)   127          47.495         -11.536          -3.154         -14.031           46.837
   20 (vir)   127          52.072           4.040          -2.954         -13.298           66.456
   21 (vir)   127          64.326           2.922          -3.331         -15.901           79.818
   22 (vir)   127          72.027           2.534          -2.623         -15.316           87.254
   23 (vir)   127          74.050          -0.274          -3.578         -16.486           86.685
   24 (vir)   127         102.774           2.949          -1.176         -12.473          117.019
   25 (vir)   127         141.139           0.045          16.763         -10.024          167.971
   26 (vir)   127         235.673           2.098          -1.184         -17.976          254.562
 
 
  kpoint:     128             coordinate:     0.0000    0.2041    0.0000
 
    n           k   ϵ_nk^DFT (eV)     Σ^c_nk (eV)     Σ^x_nk (eV)    v_nk^xc (eV)   ϵ_nk^G0W0 (eV)
 
    1 (occ)   128         -20.585           8.748         -26.843         -16.381          -22.299
    2 (occ)   128          -7.894           3.658         -22.451         -17.206           -9.481
    3 (occ)   128          -7.878           3.543         -18.529         -13.515           -9.348
    4 (occ)   128          -6.374           3.208         -22.360         -17.757           -7.769
    5 (vir)   128           3.843          -2.584          -3.083          -7.270            5.447
    6 (vir)   128           4.393          -2.609          -4.158          -8.447            6.073
    7 (vir)   128           7.580          -4.000          -6.871         -13.448           10.157
    8 (vir)   128           8.308          -5.228          -3.984         -11.435           10.531
    9 (vir)   128          10.963          -5.021          -7.103         -15.148           13.987
   10 (vir)   128          11.577          -4.516          -6.289         -13.649           14.422
   11 (vir)   128          24.790          -6.354          -3.409         -11.748           26.775
   12 (vir)   128          24.883          -5.675          -3.883         -11.696           27.021
   13 (vir)   128          25.531          -5.434          -2.866         -11.327           28.559
   14 (vir)   128          33.855          -4.225          -2.059         -10.599           38.171
   15 (vir)   128          40.013          -9.959          -4.146         -14.500           40.408
   16 (vir)   128          41.340          -2.334          -4.116         -15.606           50.496
   17 (vir)   128          42.046          -4.512          -1.611         -11.105           47.029
   18 (vir)   128          45.233         -10.537          -3.563         -13.481           44.614
   19 (vir)   128          47.087         -11.492          -3.148         -14.049           46.496
   20 (vir)   128          52.033           4.815          -2.892         -13.223           67.178
   21 (vir)   128          64.760           2.724          -3.329         -15.917           80.072
   22 (vir)   128          72.128           2.585          -2.639         -15.320           87.394
   23 (vir)   128          73.864          -0.786          -3.600         -16.474           85.951
   24 (vir)   128         101.415           3.232          -1.282         -12.463          115.829
   25 (vir)   128         146.874           0.078          18.920         -10.295          176.167
   26 (vir)   128         235.256           1.887          -1.339         -17.976          253.779
 
 
  kpoint:     129             coordinate:     0.0000    0.1939    0.0000
 
    n           k   ϵ_nk^DFT (eV)     Σ^c_nk (eV)     Σ^x_nk (eV)    v_nk^xc (eV)   ϵ_nk^G0W0 (eV)
 
    1 (occ)   129         -20.659           8.771         -26.853         -16.364          -22.377
    2 (occ)   129          -7.978           3.580         -18.538         -13.479           -9.456
    3 (occ)   129          -7.677           3.594         -22.440         -17.278           -9.245
    4 (occ)   129          -6.283           3.183         -22.361         -17.788           -7.672
    5 (vir)   129           3.680          -2.548          -3.006          -7.107            5.234
    6 (vir)   129           4.356          -2.532          -3.960          -8.149            6.013
    7 (vir)   129           7.585          -4.027          -6.932         -13.550           10.176
    8 (vir)   129           8.440          -5.398          -4.162         -11.799           10.678
    9 (vir)   129          10.689          -4.952          -7.131         -15.094           13.699
   10 (vir)   129          11.368          -4.577          -6.374         -13.654           14.072
   11 (vir)   129          25.030          -6.371          -3.410         -11.750           26.999
   12 (vir)   129          25.078          -5.720          -3.864         -11.702           27.196
   13 (vir)   129          25.482          -4.196          -2.891         -11.266           29.662
   14 (vir)   129          34.849          -8.143          -3.322         -11.385           34.769
   15 (vir)   129          39.880          -9.855          -4.160         -14.438           40.304
   16 (vir)   129          41.581          -4.277          -4.085         -15.650           48.868
   17 (vir)   129          43.358          -8.081          -2.118         -10.587           43.746
   18 (vir)   129          44.647         -10.343          -3.582         -13.452           44.173
   19 (vir)   129          46.690         -11.450          -3.143         -14.071           46.168
   20 (vir)   129          51.992           5.066          -2.860         -13.145           67.342
   21 (vir)   129          65.201           1.633          -3.320         -15.934           79.448
   22 (vir)   129          72.227           2.551          -2.655         -15.317           87.441
   23 (vir)   129          73.709          -2.425          -3.614         -16.456           84.126
   24 (vir)   129          99.973           2.609          -1.516         -12.462          113.528
   25 (vir)   129         152.505          -0.042          22.042         -10.571          185.076
   26 (vir)   129         234.945           1.951          -1.485         -17.976          253.386
 
 
  kpoint:     130             coordinate:     0.0000    0.1837    0.0000
 
    n           k   ϵ_nk^DFT (eV)     Σ^c_nk (eV)     Σ^x_nk (eV)    v_nk^xc (eV)   ϵ_nk^G0W0 (eV)
 
    1 (occ)   130         -20.731           8.809         -26.863         -16.349          -22.436
    2 (occ)   130          -8.073           3.615         -18.547         -13.446           -9.558
    3 (occ)   130          -7.464           3.532         -22.430         -17.351           -9.011
    4 (occ)   130          -6.193           3.159         -22.363         -17.821           -7.575
    5 (vir)   130           3.521          -2.510          -2.943          -6.958            5.026
    6 (vir)   130           4.313          -2.466          -3.785          -7.889            5.950
    7 (vir)   130           7.592          -4.056          -6.985         -13.643           10.195
    8 (vir)   130           8.577          -5.555          -4.316         -12.122           10.828
    9 (vir)   130          10.423          -4.886          -7.158         -15.041           13.420
   10 (vir)   130          11.163          -4.845          -6.447         -13.650           13.522
   11 (vir)   130          25.269          -6.382          -3.413         -11.750           27.223
   12 (vir)   130          25.277          -5.770          -3.841         -11.707           27.373
   13 (vir)   130          25.417          -2.971          -2.914         -11.183           30.714
   14 (vir)   130          35.758           5.153          -4.415         -12.132           48.629
   15 (vir)   130          39.744          -9.743          -4.171         -14.372           40.202
   16 (vir)   130          41.807          -7.646          -4.059         -15.690           45.792
   17 (vir)   130          44.074         -10.151          -3.602         -13.423           43.744
   18 (vir)   130          45.007          -6.324          -3.767         -10.214           45.130
   19 (vir)   130          46.305         -11.411          -3.140         -14.098           45.851
   20 (vir)   130          51.955           4.289          -2.904         -13.056           66.396
   21 (vir)   130          65.647         -11.717          -3.312         -15.954           66.572
   22 (vir)   130          72.325           2.075          -2.667         -15.308           87.041
   23 (vir)   130          73.586           5.246          -3.619         -16.432           91.645
   24 (vir)   130          98.457           1.953          -1.786         -12.469          111.092
   25 (vir)   130         157.941          -0.047          23.247         -10.845          191.985
   26 (vir)   130         234.769           2.212          -1.626         -17.976          253.331
 
 
  kpoint:     131             coordinate:     0.0000    0.1735    0.0000
 
    n           k   ϵ_nk^DFT (eV)     Σ^c_nk (eV)     Σ^x_nk (eV)    v_nk^xc (eV)   ϵ_nk^G0W0 (eV)
 
    1 (occ)   131         -20.799           8.866         -26.874         -16.335          -22.472
    2 (occ)   131          -8.164           3.649         -18.556         -13.415           -9.656
    3 (occ)   131          -7.254           3.471         -22.422         -17.424           -8.781
    4 (occ)   131          -6.103           3.136         -22.366         -17.855           -7.479
    5 (vir)   131           3.369          -2.460          -2.891          -6.825            4.842
    6 (vir)   131           4.266          -2.411          -3.633          -7.663            5.886
    7 (vir)   131           7.603          -4.084          -7.030         -13.727           10.216
    8 (vir)   131           8.718          -5.699          -4.449         -12.409           10.978
    9 (vir)   131          10.166          -4.820          -7.182         -14.989           13.152
   10 (vir)   131          10.966          -5.060          -6.496         -13.637           13.048
   11 (vir)   131          25.343          -6.731          -2.920         -11.089           26.780
   12 (vir)   131          25.478          -5.814          -3.823         -11.712           27.554
   13 (vir)   131          25.507          -6.401          -3.413         -11.750           27.444
   14 (vir)   131          36.554          -6.570          -4.877         -12.731           37.838
   15 (vir)   131          39.606          -9.627          -4.178         -14.300           40.102
   16 (vir)   131          42.018         -10.235          -4.040         -15.728           43.471
   17 (vir)   131          43.515          -9.963          -3.623         -13.397           43.326
   18 (vir)   131          45.933         -11.376          -3.140         -14.130           45.548
   19 (vir)   131          46.996           2.798          -6.014         -10.104           53.885
   20 (vir)   131          51.940           3.933          -3.104         -12.933           65.702
   21 (vir)   131          66.096           4.520          -3.313         -15.978           83.281
   22 (vir)   131          72.424           3.169          -2.676         -15.292           88.209
   23 (vir)   131          73.498           2.533          -3.633         -16.400           88.798
   24 (vir)   131          96.878           1.583          -1.969         -12.483          108.974
   25 (vir)   131         163.093           0.003          19.552         -11.112          193.760
   26 (vir)   131         234.750           2.556          -1.781         -17.978          253.502
 
 
  kpoint:     132             coordinate:     0.0000    0.1633    0.0000
 
    n           k   ϵ_nk^DFT (eV)     Σ^c_nk (eV)     Σ^x_nk (eV)    v_nk^xc (eV)   ϵ_nk^G0W0 (eV)
 
    1 (occ)   132         -20.863           8.936         -26.886         -16.323          -22.491
    2 (occ)   132          -8.250           3.681         -18.565         -13.386           -9.748
    3 (occ)   132          -7.050           3.412         -22.416         -17.497           -8.557
    4 (occ)   132          -6.014           3.113         -22.371         -17.888           -7.384
    5 (vir)   132           3.225          -2.394          -2.842          -6.709            4.699
    6 (vir)   132           4.216          -2.364          -3.500          -7.469            5.820
    7 (vir)   132           7.617          -4.109          -7.067         -13.804           10.244
    8 (vir)   132           8.859          -5.833          -4.562         -12.662           11.127
    9 (vir)   132           9.918          -4.756          -7.205         -14.937           12.894
   10 (vir)   132          10.779          -5.108          -6.516         -13.617           12.771
   11 (vir)   132          25.264          -7.158          -2.900         -10.990           26.196
   12 (vir)   132          25.682          -5.862          -3.802         -11.716           27.734
   13 (vir)   132          25.743          -6.415          -3.415         -11.750           27.662
   14 (vir)   132          37.242           2.757          -4.695         -13.154           48.459
   15 (vir)   132          39.465          -9.506          -4.181         -14.225           40.003
   16 (vir)   132          42.214         -10.889          -4.031         -15.763           43.058
   17 (vir)   132          42.973          -9.780          -3.644         -13.372           42.921
   18 (vir)   132          45.577         -11.345          -3.143         -14.168           45.257
   19 (vir)   132          49.232           0.270          -7.128         -10.411           52.785
   20 (vir)   132          52.020           1.775          -3.802         -12.632           62.625
   21 (vir)   132          66.543           4.752          -3.329         -16.007           83.973
   22 (vir)   132          72.525           3.445          -2.684         -15.269           88.555
   23 (vir)   132          73.446           2.101          -3.674         -16.359           88.233
   24 (vir)   132          95.248           1.323          -1.966         -12.505          107.111
   25 (vir)   132         167.884           0.400           9.566         -11.368          189.218
   26 (vir)   132         234.895           2.911          -1.921         -17.981          253.866
 
 
  kpoint:     133             coordinate:     0.0000    0.1531    0.0000
 
    n           k   ϵ_nk^DFT (eV)     Σ^c_nk (eV)     Σ^x_nk (eV)    v_nk^xc (eV)   ϵ_nk^G0W0 (eV)
 
    1 (occ)   133         -20.924           8.995         -26.895         -16.311          -22.513
    2 (occ)   133          -8.331           3.711         -18.573         -13.359           -9.834
    3 (occ)   133          -6.851           3.355         -22.411         -17.569           -8.338
    4 (occ)   133          -5.927           3.091         -22.376         -17.923           -7.290
    5 (vir)   133           3.093          -2.325          -2.787          -6.614            4.594
    6 (vir)   133           4.164          -2.325          -3.385          -7.301            5.756
    7 (vir)   133           7.632          -4.129          -7.098         -13.875           10.281
    8 (vir)   133           9.000          -5.956          -4.657         -12.886           11.273
    9 (vir)   133           9.681          -4.694          -7.225         -14.886           12.648
   10 (vir)   133          10.602          -5.054          -6.508         -13.589           12.629
   11 (vir)   133          25.184          -7.142          -2.851         -10.889           26.080
   12 (vir)   133          25.888          -5.912          -3.780         -11.720           27.916
   13 (vir)   133          25.974          -6.428          -3.418         -11.748           27.876
   14 (vir)   133          37.846           2.248          -4.128         -13.436           49.402
   15 (vir)   133          39.324          -9.385          -4.181         -14.145           39.904
   16 (vir)   133          42.396          -9.415          -4.028         -15.796           44.749
   17 (vir)   133          42.448          -9.603          -3.666         -13.349           42.529
   18 (vir)   133          45.238         -11.321          -3.149         -14.211           44.979
   19 (vir)   133          51.027           0.441          -3.969         -12.043           59.542
   20 (vir)   133          52.848           0.730          -6.499         -11.193           58.272
   21 (vir)   133          66.986           1.860          -3.364         -16.041           81.522
   22 (vir)   133          72.631           2.202          -2.693         -15.240           87.379
   23 (vir)   133          73.433           1.832          -3.734         -16.305           87.837
   24 (vir)   133          93.586           1.289          -1.747         -12.533          105.661
   25 (vir)   133         172.250          -0.096          -5.339         -11.607          178.422
   26 (vir)   133         235.189           3.472          -1.921         -17.988          254.728
 
 
  kpoint:     134             coordinate:     0.0000    0.1429    0.0000
 
    n           k   ϵ_nk^DFT (eV)     Σ^c_nk (eV)     Σ^x_nk (eV)    v_nk^xc (eV)   ϵ_nk^G0W0 (eV)
 
    1 (occ)   134         -20.981           9.021         -26.904         -16.300          -22.563
    2 (occ)   134          -8.407           3.739         -18.582         -13.334           -9.915
    3 (occ)   134          -6.659           3.301         -22.409         -17.640           -8.127
    4 (occ)   134          -5.842           3.069         -22.383         -17.957           -7.199
    5 (vir)   134           2.973          -2.275          -2.724          -6.539            4.514
    6 (vir)   134           4.112          -2.292          -3.285          -7.157            5.692
    7 (vir)   134           7.648          -4.141          -7.125         -13.942           10.324
    8 (vir)   134           9.139          -6.070          -4.738         -13.085           11.415
    9 (vir)   134           9.454          -4.634          -7.243         -14.837           12.414
   10 (vir)   134          10.436          -4.961          -6.479         -13.556           12.552
   11 (vir)   134          25.106          -6.985          -2.780         -10.790           26.130
   12 (vir)   134          26.094          -5.963          -3.757         -11.722           28.096
   13 (vir)   134          26.201          -6.440          -3.422         -11.746           28.085
   14 (vir)   134          38.394           3.122          -3.473         -13.625           51.668
   15 (vir)   134          39.183          -9.263          -4.177         -14.063           39.806
   16 (vir)   134          41.942          -9.432          -3.688         -13.328           42.150
   17 (vir)   134          42.563          -4.911          -4.027         -15.826           49.450
   18 (vir)   134          44.915         -11.302          -3.159         -14.258           44.713
   19 (vir)   134          51.398           6.157          -2.779         -12.694           67.469
   20 (vir)   134          55.374         -11.210          -3.976         -10.856           51.045
   21 (vir)   134          67.419           2.461          -3.410         -16.080           82.550
   22 (vir)   134          72.743           2.243          -2.702         -15.204           87.488
   23 (vir)   134          73.466           1.668          -3.735         -16.230           87.629
   24 (vir)   134          91.912           2.002          -1.371         -12.567          105.110
   25 (vir)   134         176.146          -0.005         -21.074         -11.827          166.894
   26 (vir)   134         235.597           2.945          -1.605         -17.998          254.935
 
 
  kpoint:     135             coordinate:     0.0000    0.1327    0.0000
 
    n           k   ϵ_nk^DFT (eV)     Σ^c_nk (eV)     Σ^x_nk (eV)    v_nk^xc (eV)   ϵ_nk^G0W0 (eV)
 
    1 (occ)   135         -21.034           8.998         -26.910         -16.290          -22.655
    2 (occ)   135          -8.478           3.766         -18.590         -13.311           -9.991
    3 (occ)   135          -6.474           3.249         -22.409         -17.710           -7.923
    4 (occ)   135          -5.760           3.048         -22.391         -17.991           -7.111
    5 (vir)   135           2.868          -2.265          -2.661          -6.487            4.429
    6 (vir)   135           4.061          -2.264          -3.198          -7.032            5.631
    7 (vir)   135           7.666          -4.148          -7.150         -14.004           10.372
    8 (vir)   135           9.240          -4.578          -7.259         -14.788           12.191
    9 (vir)   135           9.273          -6.175          -4.806         -13.260           11.552
   10 (vir)   135          10.283          -4.782          -6.439         -13.517           12.580
   11 (vir)   135          25.033          -5.374          -2.702         -10.693           27.649
   12 (vir)   135          26.299          -6.015          -3.734         -11.724           28.275
   13 (vir)   135          26.422          -6.450          -3.426         -11.742           28.287
   14 (vir)   135          38.908          -9.270          -2.946         -13.764           40.457
   15 (vir)   135          39.043          -9.142          -4.169         -13.978           39.711
   16 (vir)   135          41.456          -9.268          -3.712         -13.309           41.785
   17 (vir)   135          42.716          -0.168          -4.023         -15.853           54.378
   18 (vir)   135          44.612         -11.292          -3.171         -14.309           44.458
   19 (vir)   135          51.441         -12.974          -2.705         -12.641           48.403
   20 (vir)   135          58.489          -3.451           2.528         -11.304           68.870
   21 (vir)   135          67.837           2.398          -3.453         -16.125           82.907
   22 (vir)   135          72.864           2.245          -2.704         -15.162           87.568
   23 (vir)   135          73.566           2.158          -3.476         -16.111           88.359
   24 (vir)   135          90.251          -3.792          -0.938         -12.601           98.122
   25 (vir)   135         179.547           0.162         -32.206         -12.025          159.527
   26 (vir)   135         236.064          -0.620          -0.872         -18.009          252.580
 
 
  kpoint:     136             coordinate:     0.0000    0.1224    0.0000
 
    n           k   ϵ_nk^DFT (eV)     Σ^c_nk (eV)     Σ^x_nk (eV)    v_nk^xc (eV)   ϵ_nk^G0W0 (eV)
 
    1 (occ)   136         -21.082           8.932         -26.914         -16.279          -22.784
    2 (occ)   136          -8.544           3.790         -18.598         -13.290          -10.062
    3 (occ)   136          -6.297           3.201         -22.410         -17.778           -7.729
    4 (occ)   136          -5.680           3.029         -22.399         -18.025           -7.026
    5 (vir)   136           2.778          -2.310          -2.612          -6.456            4.313
    6 (vir)   136           4.012          -2.241          -3.123          -6.925            5.573
    7 (vir)   136           7.683          -4.153          -7.175         -14.063           10.418
    8 (vir)   136           9.037          -4.527          -7.271         -14.742           11.981
    9 (vir)   136           9.402          -6.272          -4.864         -13.416           11.682
   10 (vir)   136          10.143          -4.249          -6.398         -13.475           12.970
   11 (vir)   136          24.965          -4.087          -2.634         -10.599           28.844
   12 (vir)   136          26.503          -6.067          -3.710         -11.725           28.452
   13 (vir)   136          26.635          -6.460          -3.431         -11.739           28.482
   14 (vir)   136          38.906          -9.021          -4.157         -13.893           39.620
   15 (vir)   136          39.406          -9.429          -2.664         -13.883           41.195
   16 (vir)   136          40.991          -9.112          -3.735         -13.292           41.436
   17 (vir)   136          42.855           1.924          -4.010         -15.878           56.646
   18 (vir)   136          44.327         -11.290          -3.186         -14.364           44.215
   19 (vir)   136          51.447           3.950          -2.597         -12.500           65.299
   20 (vir)   136          61.883          -0.349           9.735         -11.938           83.206
   21 (vir)   136          68.235           2.355          -3.471         -16.173           83.292
   22 (vir)   136          72.995           2.275          -2.688         -15.115           87.697
   23 (vir)   136          73.791          -4.796          -2.498         -15.889           82.386
   24 (vir)   136          88.640          -1.580          -0.527         -12.631           99.164
   25 (vir)   136         182.448           0.284         -34.092         -12.199          160.839
   26 (vir)   136         236.521           1.630           0.149         -18.021          256.322
 
 
  kpoint:     137             coordinate:     0.0000    0.1122    0.0000
 
    n           k   ϵ_nk^DFT (eV)     Σ^c_nk (eV)     Σ^x_nk (eV)    v_nk^xc (eV)   ϵ_nk^G0W0 (eV)
 
    1 (occ)   137         -21.126           8.860         -26.918         -16.269          -22.915
    2 (occ)   137          -8.604           3.813         -18.606         -13.271          -10.126
    3 (occ)   137          -6.130           3.155         -22.414         -17.844           -7.544
    4 (occ)   137          -5.605           3.010         -22.408         -18.058           -6.945
    5 (vir)   137           2.703          -2.392          -2.593          -6.446            4.164
    6 (vir)   137           3.964          -2.221          -3.059          -6.833            5.518
    7 (vir)   137           7.701          -4.161          -7.199         -14.118           10.459
    8 (vir)   137           8.848          -4.479          -7.282         -14.697           11.783
    9 (vir)   137           9.524          -6.362          -4.912         -13.554           11.804
   10 (vir)   137          10.016          -3.403          -6.369         -13.431           13.675
   11 (vir)   137          24.905          -5.717          -2.592         -10.510           27.107
   12 (vir)   137          26.704          -6.119          -3.686         -11.725           28.624
   13 (vir)   137          26.839          -6.469          -3.437         -11.734           28.667
   14 (vir)   137          38.772          -8.901          -4.142         -13.807           39.536
   15 (vir)   137          39.897         -10.821          -2.658         -14.005           40.422
   16 (vir)   137          40.550          -8.964          -3.760         -13.277           41.103
   17 (vir)   137          42.980           2.725          -3.988         -15.900           57.617
   18 (vir)   137          44.063         -11.295          -3.203         -14.420           43.985
   19 (vir)   137          51.459           4.642          -2.447         -12.310           65.963
   20 (vir)   137          65.393          -1.153          13.521         -12.870           90.631
   21 (vir)   137          68.607           2.414          -3.449         -16.225           83.797
   22 (vir)   137          73.138           2.328          -2.649         -15.066           87.883
   23 (vir)   137          74.323          -4.067           0.329         -15.394           85.979
   24 (vir)   137          87.150          -2.381          -0.077         -12.635           97.327
   25 (vir)   137         184.865           0.223         -24.796         -12.350          172.642
   26 (vir)   137         236.901           1.362           1.045         -18.030          257.338
 
 
  kpoint:     138             coordinate:     0.0000    0.1020    0.0000
 
    n           k   ϵ_nk^DFT (eV)     Σ^c_nk (eV)     Σ^x_nk (eV)    v_nk^xc (eV)   ϵ_nk^G0W0 (eV)
 
    1 (occ)   138         -21.166           8.835         -26.922         -16.259          -22.995
    2 (occ)   138          -8.660           3.833         -18.613         -13.254          -10.186
    3 (occ)   138          -5.973           3.113         -22.419         -17.908           -7.371
    4 (occ)   138          -5.533           2.993         -22.418         -18.090           -6.868
    5 (vir)   138           2.642          -2.441          -2.613          -6.454            4.041
    6 (vir)   138           3.920          -2.205          -3.002          -6.754            5.466
    7 (vir)   138           7.717          -4.172          -7.222         -14.170           10.492
    8 (vir)   138           8.672          -4.436          -7.290         -14.654           11.599
    9 (vir)   138           9.639          -6.443          -4.952         -13.675           11.919
   10 (vir)   138           9.902          -3.258          -6.360         -13.386           13.671
   11 (vir)   138          24.854          -5.885          -2.581         -10.426           26.814
   12 (vir)   138          26.900          -6.171          -3.661         -11.724           28.791
   13 (vir)   138          27.032          -6.477          -3.443         -11.729           28.841
   14 (vir)   138          38.642          -8.781          -4.124         -13.723           39.461
   15 (vir)   138          40.133          -8.824          -3.784         -13.265           40.790
   16 (vir)   138          40.385           5.960          -2.877         -14.143           57.611
   17 (vir)   138          43.092           2.984          -3.958         -15.919           58.037
   18 (vir)   138          43.820         -11.306          -3.223         -14.478           43.769
   19 (vir)   138          51.492           4.655          -2.321         -12.074           65.900
   20 (vir)   138          68.493          -4.106           8.783         -14.399           87.569
   21 (vir)   138          68.948           2.588          -3.382         -16.277           84.430
   22 (vir)   138          73.293           2.396          -2.585         -15.015           88.119
   23 (vir)   138          75.674          -2.478           6.301         -14.368           93.864
   24 (vir)   138          85.974         -12.703           0.867         -12.551           86.689
   25 (vir)   138         186.828          -0.063          -5.928         -12.478          193.316
   26 (vir)   138         237.140           1.458           1.216         -18.032          257.846
 
 
  kpoint:     139             coordinate:     0.0000    0.0918    0.0000
 
    n           k   ϵ_nk^DFT (eV)     Σ^c_nk (eV)     Σ^x_nk (eV)    v_nk^xc (eV)   ϵ_nk^G0W0 (eV)
 
    1 (occ)   139         -21.201           8.888         -26.927         -16.248          -22.992
    2 (occ)   139          -8.711           3.852         -18.619         -13.239          -10.239
    3 (occ)   139          -5.827           3.075         -22.426         -17.969           -7.209
    4 (occ)   139          -5.466           2.977         -22.428         -18.120           -6.797
    5 (vir)   139           2.593          -2.442          -2.670          -6.478            3.959
    6 (vir)   139           3.878          -2.191          -2.954          -6.686            5.419
    7 (vir)   139           7.733          -4.186          -7.244         -14.217           10.520
    8 (vir)   139           8.510          -4.398          -7.296         -14.614           11.430
    9 (vir)   139           9.746          -6.518          -4.986         -13.782           12.025
   10 (vir)   139           9.801          -3.899          -6.373         -13.342           12.871
   11 (vir)   139          24.811          -5.344          -2.594         -10.349           27.223
   12 (vir)   139          27.089          -6.223          -3.637         -11.722           28.951
   13 (vir)   139          27.214          -6.484          -3.449         -11.724           29.004
   14 (vir)   139          38.519          -8.664          -4.103         -13.642           39.394
   15 (vir)   139          39.745          -8.693          -3.809         -13.255           40.498
   16 (vir)   139          40.870          -9.223          -3.218         -14.308           42.736
   17 (vir)   139          43.192           2.888          -3.925         -15.937           58.092
   18 (vir)   139          43.599         -11.321          -3.244         -14.535           43.569
   19 (vir)   139          51.554           4.309          -2.266         -11.788           65.385
   20 (vir)   139          69.254           2.900          -3.265         -16.327           85.215
   21 (vir)   139          70.303           5.334           0.165         -15.832           91.634
   22 (vir)   139          73.458           2.472          -2.502         -14.968           88.395
   23 (vir)   139          78.158           7.288           6.704         -13.667          105.817
   24 (vir)   139          85.925           6.100           3.558         -12.214          107.797
   25 (vir)   139         188.381          -0.211          17.961         -12.585          218.716
   26 (vir)   139         237.178           1.603           0.117         -18.023          256.921
 
 
  kpoint:     140             coordinate:     0.0000    0.0816    0.0000
 
    n           k   ϵ_nk^DFT (eV)     Σ^c_nk (eV)     Σ^x_nk (eV)    v_nk^xc (eV)   ϵ_nk^G0W0 (eV)
 
    1 (occ)   140         -21.233           8.993         -26.931         -16.238          -22.933
    2 (occ)   140          -8.756           3.869         -18.625         -13.225          -10.287
    3 (occ)   140          -5.693           3.040         -22.435         -18.026           -7.061
    4 (occ)   140          -5.404           2.963         -22.438         -18.149           -6.731
    5 (vir)   140           2.557          -2.386          -2.746          -6.514            3.939
    6 (vir)   140           3.840          -2.179          -2.913          -6.628            5.376
    7 (vir)   140           7.747          -4.199          -7.262         -14.261           10.546
    8 (vir)   140           8.364          -4.363          -7.301         -14.576           11.276
    9 (vir)   140           9.712          -4.508          -6.405         -13.301           12.100
   10 (vir)   140           9.843          -6.584          -5.014         -13.876           12.121
   11 (vir)   140          24.778          -3.273          -2.608         -10.277           29.174
   12 (vir)   140          27.269          -6.273          -3.613         -11.719           29.102
   13 (vir)   140          27.382          -6.490          -3.456         -11.718           29.154
   14 (vir)   140          38.403          -8.552          -4.080         -13.565           39.335
   15 (vir)   140          39.386          -8.572          -3.833         -13.247           40.228
   16 (vir)   140          41.346           3.982          -3.555         -14.502           56.274
   17 (vir)   140          43.279           2.491          -3.894         -15.952           57.829
   18 (vir)   140          43.399         -11.336          -3.266         -14.590           43.387
   19 (vir)   140          51.648           3.471          -2.276         -11.451           64.295
   20 (vir)   140          69.523           3.252          -3.137         -16.371           86.009
   21 (vir)   140          70.999           2.307          -3.474         -16.371           86.204
   22 (vir)   140          73.631           2.541          -2.414         -14.925           88.684
   23 (vir)   140          79.452           2.769          -0.760         -13.759           95.220
   24 (vir)   140          89.453           5.354           0.539         -11.960          107.306
   25 (vir)   140         189.574          -0.463          41.065         -12.672          242.847
   26 (vir)   140         236.959           1.608          -2.432         -17.996          254.131
 
 
  kpoint:     141             coordinate:     0.0000    0.0714    0.0000
 
    n           k   ϵ_nk^DFT (eV)     Σ^c_nk (eV)     Σ^x_nk (eV)    v_nk^xc (eV)   ϵ_nk^G0W0 (eV)
 
    1 (occ)   141         -21.260           9.094         -26.934         -16.229          -22.872
    2 (occ)   141          -8.796           3.884         -18.630         -13.213          -10.330
    3 (occ)   141          -5.572           3.009         -22.444         -18.079           -6.927
    4 (occ)   141          -5.349           2.950         -22.448         -18.175           -6.672
    5 (vir)   141           2.530          -2.338          -2.817          -6.559            3.935
    6 (vir)   141           3.806          -2.169          -2.878          -6.579            5.338
    7 (vir)   141           7.759          -4.209          -7.276         -14.299           10.573
    8 (vir)   141           8.233          -4.332          -7.305         -14.542           11.138
    9 (vir)   141           9.636          -4.692          -6.444         -13.263           11.762
   10 (vir)   141           9.931          -6.644          -5.037         -13.957           12.207
   11 (vir)   141          24.753          -6.284          -2.602         -10.213           26.080
   12 (vir)   141          27.438          -6.321          -3.589         -11.715           29.242
   13 (vir)   141          27.534          -6.495          -3.463         -11.713           29.290
   14 (vir)   141          38.296          -8.449          -4.057         -13.493           39.284
   15 (vir)   141          39.059          -8.461          -3.856         -13.242           39.983
   16 (vir)   141          41.803           5.900          -3.792         -14.726           58.637
   17 (vir)   141          43.223         -11.351          -3.288         -14.643           43.226
   18 (vir)   141          43.355           1.976          -3.869         -15.965           57.428
   19 (vir)   141          51.774           4.059          -2.292         -11.068           64.608
   20 (vir)   141          69.753           3.508          -3.019         -16.409           86.651
   21 (vir)   141          71.222           1.788          -4.409         -16.528           85.128
   22 (vir)   141          73.808           2.570          -2.334         -14.889           88.933
   23 (vir)   141          78.942           2.156          -2.941         -13.803           91.959
   24 (vir)   141          96.888           0.946         -16.737         -12.131           93.229
   25 (vir)   141         190.464          -0.615          58.329         -12.741          260.919
   26 (vir)   141         236.415           1.991          -5.966         -17.948          250.387
 
 
  kpoint:     142             coordinate:     0.0000    0.0612    0.0000
 
    n           k   ϵ_nk^DFT (eV)     Σ^c_nk (eV)     Σ^x_nk (eV)    v_nk^xc (eV)   ϵ_nk^G0W0 (eV)
 
    1 (occ)   142         -21.283           9.150         -26.935         -16.219          -22.848
    2 (occ)   142          -8.831           3.897         -18.635         -13.202          -10.367
    3 (occ)   142          -5.465           2.982         -22.453         -18.127           -6.809
    4 (occ)   142          -5.299           2.939         -22.458         -18.199           -6.619
    5 (vir)   142           2.512          -2.313          -2.865          -6.609            3.943
    6 (vir)   142           3.776          -2.161          -2.849          -6.538            5.304
    7 (vir)   142           7.769          -4.216          -7.287         -14.333           10.599
    8 (vir)   142           8.118          -4.305          -7.307         -14.512           11.018
    9 (vir)   142           9.571          -4.706          -6.474         -13.229           11.620
   10 (vir)   142          10.008          -6.696          -5.055         -14.026           12.283
   11 (vir)   142          24.736          -6.610          -2.569         -10.156           25.713
   12 (vir)   142          27.592          -6.366          -3.567         -11.711           29.370
   13 (vir)   142          27.671          -6.499          -3.470         -11.708           29.410
   14 (vir)   142          38.200          -8.355          -4.033         -13.428           39.240
   15 (vir)   142          38.767          -8.361          -3.879         -13.238           39.765
   16 (vir)   142          42.232           5.979          -3.894         -14.971           59.287
   17 (vir)   142          43.069         -11.365          -3.310         -14.692           43.085
   18 (vir)   142          43.420           1.811          -3.853         -15.977           57.355
   19 (vir)   142          51.928           3.815          -2.247         -10.647           64.144
   20 (vir)   142          69.945           3.481          -2.935         -16.439           86.930
   21 (vir)   142          71.244           1.844          -4.512         -16.576           85.151
   22 (vir)   142          73.982           2.510          -2.278         -14.860           89.074
   23 (vir)   142          77.970         -10.583          -3.370         -13.910           77.928
   24 (vir)   142         106.978          -1.661         -36.495         -12.356           81.177
   25 (vir)   142         191.105          -0.706          66.945         -12.795          270.139
   26 (vir)   142         235.450          -0.003          -9.198         -17.871          244.121
 
 
  kpoint:     143             coordinate:     0.0000    0.0510    0.0000
 
    n           k   ϵ_nk^DFT (eV)     Σ^c_nk (eV)     Σ^x_nk (eV)    v_nk^xc (eV)   ϵ_nk^G0W0 (eV)
 
    1 (occ)   143         -21.302           9.156         -26.933         -16.211          -22.868
    2 (occ)   143          -8.860           3.907         -18.639         -13.193          -10.398
    3 (occ)   143          -5.373           2.960         -22.463         -18.169           -6.707
    4 (occ)   143          -5.256           2.929         -22.466         -18.220           -6.573
    5 (vir)   143           2.500          -2.316          -2.887          -6.661            3.957
    6 (vir)   143           3.751          -2.155          -2.825          -6.504            5.276
    7 (vir)   143           7.778          -4.220          -7.295         -14.361           10.623
    8 (vir)   143           8.020          -4.281          -7.309         -14.485           10.914
    9 (vir)   143           9.518          -4.674          -6.488         -13.201           11.556
   10 (vir)   143          10.074          -6.740          -5.070         -14.083           12.348
   11 (vir)   143          24.725          -6.602          -2.518         -10.108           25.713
   12 (vir)   143          27.730          -6.407          -3.546         -11.706           29.482
   13 (vir)   143          27.789          -6.503          -3.476         -11.703           29.513
   14 (vir)   143          38.115          -8.271          -4.012         -13.372           39.204
   15 (vir)   143          38.513          -8.274          -3.899         -13.236           39.575
   16 (vir)   143          42.619         -10.802          -3.891         -15.225           43.151
   17 (vir)   143          42.938         -11.379          -3.330         -14.735           42.964
   18 (vir)   143          43.474           2.286          -3.848         -15.986           57.898
   19 (vir)   143          52.101           3.670          -2.107         -10.206           63.870
   20 (vir)   143          70.102           3.150          -2.899         -16.461           86.814
   21 (vir)   143          71.158           2.337          -4.321         -16.584           85.759
   22 (vir)   143          74.146           2.341          -2.251         -14.839           89.075
   23 (vir)   143          76.981          -4.898          -3.301         -14.073           82.855
   24 (vir)   143         119.479          -2.589         -47.307         -12.588           82.171
   25 (vir)   143         191.550          -0.951          66.832         -12.837          270.268
   26 (vir)   143         233.917          -0.274         -10.062         -17.758          241.339
 
 
  kpoint:     144             coordinate:     0.0000    0.0408    0.0000
 
    n           k   ϵ_nk^DFT (eV)     Σ^c_nk (eV)     Σ^x_nk (eV)    v_nk^xc (eV)   ϵ_nk^G0W0 (eV)
 
    1 (occ)   144         -21.317           9.128         -26.930         -16.203          -22.916
    2 (occ)   144          -8.884           3.916         -18.642         -13.186          -10.423
    3 (occ)   144          -5.297           2.941         -22.471         -18.205           -6.622
    4 (occ)   144          -5.221           2.921         -22.474         -18.238           -6.535
    5 (vir)   144           2.493          -2.340          -2.893          -6.709            3.970
    6 (vir)   144           3.730          -2.149          -2.806          -6.478            5.252
    7 (vir)   144           7.785          -4.224          -7.301         -14.384           10.643
    8 (vir)   144           7.939          -4.262          -7.311         -14.463           10.829
    9 (vir)   144           9.475          -4.624          -6.485         -13.178           11.544
   10 (vir)   144          10.129          -6.776          -5.082         -14.130           12.401
   11 (vir)   144          24.719          -6.447          -2.471         -10.068           25.869
   12 (vir)   144          27.847          -6.442          -3.528         -11.701           29.578
   13 (vir)   144          27.888          -6.506          -3.481         -11.698           29.599
   14 (vir)   144          38.044          -8.200          -3.992         -13.324           39.175
   15 (vir)   144          38.301          -8.201          -3.918         -13.235           39.416
   16 (vir)   144          42.831         -11.392          -3.348         -14.771           42.863
   17 (vir)   144          42.955          -3.918          -3.841         -15.470           50.666
   18 (vir)   144          43.517           3.025          -3.850         -15.993           58.685
   19 (vir)   144          52.282           3.434          -1.907          -9.770           63.579
   20 (vir)   144          70.225           2.698          -2.909         -16.476           86.491
   21 (vir)   144          71.005           2.850          -3.970         -16.570           86.456
   22 (vir)   144          74.292           2.106          -2.252         -14.825           88.972
   23 (vir)   144          76.113         -11.885          -2.951         -14.269           75.546
   24 (vir)   144         134.279         -10.704         -39.181         -12.841           97.235
   25 (vir)   144         191.846           1.541          60.149         -12.868          266.404
   26 (vir)   144         231.576          -0.431          -6.191         -17.601          242.555
 
 
  kpoint:     145             coordinate:     0.0000    0.0306    0.0000
 
    n           k   ϵ_nk^DFT (eV)     Σ^c_nk (eV)     Σ^x_nk (eV)    v_nk^xc (eV)   ϵ_nk^G0W0 (eV)
 
    1 (occ)   145         -21.329           9.098         -26.927         -16.197          -22.961
    2 (occ)   145          -8.903           3.923         -18.644         -13.181          -10.443
    3 (occ)   145          -5.237           2.926         -22.479         -18.233           -6.556
    4 (occ)   145          -5.193           2.915         -22.480         -18.252           -6.505
    5 (vir)   145           2.489          -2.368          -2.898          -6.751            3.975
    6 (vir)   145           3.713          -2.145          -2.791          -6.457            5.234
    7 (vir)   145           7.789          -4.226          -7.305         -14.401           10.659
    8 (vir)   145           7.875          -4.247          -7.311         -14.445           10.762
    9 (vir)   145           9.442          -4.566          -6.472         -13.161           11.565
   10 (vir)   145          10.172          -6.804          -5.091         -14.166           12.443
   11 (vir)   145          24.716          -5.520          -2.446         -10.037           26.787
   12 (vir)   145          27.942          -6.472          -3.513         -11.696           29.654
   13 (vir)   145          27.966          -6.508          -3.486         -11.695           29.667
   14 (vir)   145          37.987          -8.143          -3.976         -13.286           39.154
   15 (vir)   145          38.131          -8.143          -3.933         -13.235           39.290
   16 (vir)   145          42.748         -11.404          -3.362         -14.801           42.782
   17 (vir)   145          43.227          -2.669          -3.795         -15.688           52.451
   18 (vir)   145          43.551           3.602          -3.857         -15.999           59.294
   19 (vir)   145          52.453           3.300          -1.718          -9.372           63.408
   20 (vir)   145          70.317           2.303          -2.951         -16.487           86.155
   21 (vir)   145          70.815           2.999          -3.492         -16.544           86.867
   22 (vir)   145          74.415           1.873          -2.270         -14.816           88.833
   23 (vir)   145          75.428           3.221          -2.469         -14.470           90.652
   24 (vir)   145         150.895          -2.021          -7.872         -13.120          154.121
   25 (vir)   145         192.032           0.134          50.223         -12.890          255.279
   26 (vir)   145         228.069          -0.088           3.733         -17.401          249.116
 
 
  kpoint:     146             coordinate:     0.0000    0.0204    0.0000
 
    n           k   ϵ_nk^DFT (eV)     Σ^c_nk (eV)     Σ^x_nk (eV)    v_nk^xc (eV)   ϵ_nk^G0W0 (eV)
 
    1 (occ)   146         -21.337           9.086         -26.925         -16.192          -22.984
    2 (occ)   146          -8.916           3.928         -18.646         -13.177          -10.457
    3 (occ)   146          -5.193           2.916         -22.484         -18.254           -6.507
    4 (occ)   146          -5.172           2.910         -22.484         -18.263           -6.484
    5 (vir)   146           2.487          -2.386          -2.912          -6.784            3.974
    6 (vir)   146           3.701          -2.143          -2.781          -6.443            5.221
    7 (vir)   146           7.793          -4.228          -7.309         -14.413           10.669
    8 (vir)   146           7.830          -4.236          -7.312         -14.432           10.714
    9 (vir)   146           9.420          -4.523          -6.458         -13.149           11.587
   10 (vir)   146          10.202          -6.824          -5.097         -14.192           12.473
   11 (vir)   146          24.715          -3.725          -2.448         -10.015           28.556
   12 (vir)   146          28.012          -6.493          -3.502         -11.693           29.710
   13 (vir)   146          28.023          -6.510          -3.490         -11.692           29.716
   14 (vir)   146          37.945          -8.100          -3.964         -13.258           39.139
   15 (vir)   146          38.009          -8.101          -3.944         -13.235           39.199
   16 (vir)   146          42.688         -11.415          -3.373         -14.822           42.723
   17 (vir)   146          43.427           3.843          -3.770         -15.859           59.359
   18 (vir)   146          43.574           3.937          -3.867         -16.003           59.648
   19 (vir)   146          52.596           1.631          -1.597          -9.048           61.678
   20 (vir)   146          70.381           2.024          -3.009         -16.493           85.889
   21 (vir)   146          70.627           2.793          -2.947         -16.518           86.991
   22 (vir)   146          74.507           1.692          -2.290         -14.810           88.719
   23 (vir)   146          74.948           2.256          -2.020         -14.647           89.831
   24 (vir)   146         168.151           3.491          40.712         -13.384          225.737
   25 (vir)   146         192.142           0.040          40.440         -12.904          245.527
   26 (vir)   146         222.938           0.931          16.892         -17.202          257.964
 
 
  kpoint:     147             coordinate:     0.0000    0.0102    0.0000
 
    n           k   ϵ_nk^DFT (eV)     Σ^c_nk (eV)     Σ^x_nk (eV)    v_nk^xc (eV)   ϵ_nk^G0W0 (eV)
 
    1 (occ)   147         -21.342           9.090         -26.924         -16.189          -22.987
    2 (occ)   147          -8.924           3.931         -18.647         -13.174          -10.466
    3 (occ)   147          -5.167           2.910         -22.488         -18.267           -6.479
    4 (occ)   147          -5.160           2.908         -22.487         -18.269           -6.470
    5 (vir)   147           2.487          -2.392          -2.928          -6.805            3.972
    6 (vir)   147           3.694          -2.141          -2.775          -6.434            5.213
    7 (vir)   147           7.794          -4.228          -7.311         -14.420           10.675
    8 (vir)   147           7.803          -4.230          -7.312         -14.424           10.685
    9 (vir)   147           9.406          -4.507          -6.448         -13.141           11.592
   10 (vir)   147          10.221          -6.837          -5.100         -14.207           12.491
   11 (vir)   147          24.714          -3.197          -2.462         -10.001           29.056
   12 (vir)   147          28.055          -6.507          -3.495         -11.691           29.744
   13 (vir)   147          28.057          -6.511          -3.492         -11.690           29.745
   14 (vir)   147          37.920          -8.074          -3.956         -13.241           39.131
   15 (vir)   147          37.934          -8.075          -3.952         -13.236           39.144
   16 (vir)   147          42.652         -11.422          -3.380         -14.835           42.686
   17 (vir)   147          43.550           4.715          -3.760         -15.969           60.475
   18 (vir)   147          43.589           4.065          -3.878         -16.006           59.781
   19 (vir)   147          52.692           0.386          -1.549          -8.836           60.365
   20 (vir)   147          70.418           1.836          -3.085         -16.496           85.665
   21 (vir)   147          70.486           2.740          -2.463         -16.501           87.264
   22 (vir)   147          74.563           1.602          -2.265         -14.807           88.707
   23 (vir)   147          74.669           1.952          -1.759         -14.766           89.629
   24 (vir)   147         183.867           4.913          95.055         -13.422          297.257
   25 (vir)   147         192.199           0.023          33.484         -12.913          238.619
   26 (vir)   147         216.035           1.443          19.999         -17.208          254.686
 
 
  kpoint:     148             coordinate:     0.0000    0.0000    0.0000
 
    n           k   ϵ_nk^DFT (eV)     Σ^c_nk (eV)     Σ^x_nk (eV)    v_nk^xc (eV)   ϵ_nk^G0W0 (eV)
 
    1 (occ)   148         -21.343           9.095         -26.924         -16.188          -22.985
    2 (occ)   148          -8.927           3.932         -18.648         -13.174          -10.469
    3 (occ)   148          -5.159           2.908         -22.489         -18.271           -6.470
    4 (occ)   148          -5.155           2.907         -22.488         -18.271           -6.465
    5 (vir)   148           2.487          -2.393          -2.935          -6.812            3.971
    6 (vir)   148           3.692          -2.141          -2.773          -6.431            5.210
    7 (vir)   148           7.792          -4.227          -7.313         -14.422           10.674
    8 (vir)   148           7.797          -4.229          -7.311         -14.422           10.679
    9 (vir)   148           9.402          -4.505          -6.445         -13.139           11.591
   10 (vir)   148          10.227          -6.841          -5.102         -14.212           12.497
   11 (vir)   148          24.714          -3.138          -2.470          -9.997           29.103
   12 (vir)   148          28.068          -6.511          -3.493         -11.690           29.754
   13 (vir)   148          28.070          -6.511          -3.492         -11.689           29.756
   14 (vir)   148          37.908          -8.067          -3.954         -13.236           39.122
   15 (vir)   148          37.913          -8.064          -3.953         -13.235           39.131
   16 (vir)   148          42.640         -11.424          -3.382         -14.840           42.674
   17 (vir)   148          43.590          -7.684          -3.713         -16.007           48.201
   18 (vir)   148          43.594           3.692          -3.927         -16.006           59.365
   19 (vir)   148          52.725           2.490          -1.540          -8.762           62.437
   20 (vir)   148          70.429           1.478          -3.426         -16.498           84.980
   21 (vir)   148          70.436           3.137          -1.961         -16.495           88.107
   22 (vir)   148          74.575           2.142          -1.215         -14.809           90.310
   23 (vir)   148          74.586           1.342          -2.710         -14.805           88.023
   24 (vir)   148         192.216           0.025          29.408         -12.915          234.564
   25 (vir)   148         192.267           5.925         142.050         -12.916          353.158
   26 (vir)   148         210.890           0.972          -1.761         -17.731          227.832
 
