 
  kpoint:       1             coordinate:     0.0000    0.0000    0.0000
 
    n           k   ϵ_nk^DFT (eV)     Σ^c_nk (eV)     Σ^x_nk (eV)    v_nk^xc (eV)   ϵ_nk^G0W0 (eV)
 
    1 (occ)     1         -21.213           7.006         -26.402         -15.836          -24.773
    2 (occ)     1          -9.005           4.332         -18.707         -13.121          -10.260
    3 (occ)     1          -5.140           3.033         -22.118         -18.248           -5.976
    4 (occ)     1          -5.136           3.033         -22.117         -18.249           -5.972
    5 (vir)     1           8.552          -5.506          -7.656         -16.307           11.698
    6 (vir)     1           9.311          -3.941          -7.975         -15.286           12.682
    7 (vir)     1           9.816          -3.565          -7.252         -15.542           14.541
    8 (vir)     1           9.824          -3.565          -7.252         -15.544           14.551
 
 
  kpoint:       2             coordinate:     0.0068    0.0068    0.0000
 
    n           k   ϵ_nk^DFT (eV)     Σ^c_nk (eV)     Σ^x_nk (eV)    v_nk^xc (eV)   ϵ_nk^G0W0 (eV)
 
    1 (occ)     2         -21.210           7.005         -26.402         -15.836          -24.771
    2 (occ)     2          -9.001           4.331         -18.708         -13.123          -10.256
    3 (occ)     2          -5.152           3.036         -22.117         -18.243           -5.990
    4 (occ)     2          -5.142           3.034         -22.116         -18.246           -5.979
    5 (vir)     2           8.546          -5.503          -7.656         -16.306           11.693
    6 (vir)     2           9.313          -3.936          -7.960         -15.281           12.697
    7 (vir)     2           9.829          -3.567          -7.252         -15.546           14.556
    8 (vir)     2           9.837          -3.575          -7.267         -15.554           14.549
 
 
  kpoint:       3             coordinate:     0.0136    0.0136    0.0000
 
    n           k   ϵ_nk^DFT (eV)     Σ^c_nk (eV)     Σ^x_nk (eV)    v_nk^xc (eV)   ϵ_nk^G0W0 (eV)
 
    1 (occ)     3         -21.203           7.002         -26.401         -15.839          -24.763
    2 (occ)     3          -8.990           4.328         -18.709         -13.129          -10.243
    3 (occ)     3          -5.188           3.044         -22.115         -18.227           -6.032
    4 (occ)     3          -5.160           3.037         -22.112         -18.236           -5.999
    5 (vir)     3           8.529          -5.496          -7.658         -16.300           11.676
    6 (vir)     3           9.319          -3.924          -7.922         -15.265           12.738
    7 (vir)     3           9.867          -3.577          -7.262         -15.562           14.589
    8 (vir)     3           9.879          -3.598          -7.297         -15.578           14.562
 
 
  kpoint:       4             coordinate:     0.0204    0.0204    0.0000
 
    n           k   ϵ_nk^DFT (eV)     Σ^c_nk (eV)     Σ^x_nk (eV)    v_nk^xc (eV)   ϵ_nk^G0W0 (eV)
 
    1 (occ)     4         -21.190           6.999         -26.400         -15.842          -24.749
    2 (occ)     4          -8.972           4.323         -18.712         -13.139          -10.222
    3 (occ)     4          -5.247           3.057         -22.111         -18.201           -6.101
    4 (occ)     4          -5.190           3.043         -22.106         -18.221           -6.032
    5 (vir)     4           8.501          -5.483          -7.660         -16.292           11.649
    6 (vir)     4           9.328          -3.906          -7.867         -15.243           12.798
    7 (vir)     4           9.921          -3.598          -7.292         -15.593           14.624
    8 (vir)     4           9.956          -3.627          -7.323         -15.609           14.615
 
 
  kpoint:       5             coordinate:     0.0272    0.0272    0.0000
 
    n           k   ϵ_nk^DFT (eV)     Σ^c_nk (eV)     Σ^x_nk (eV)    v_nk^xc (eV)   ϵ_nk^G0W0 (eV)
 
    1 (occ)     5         -21.172           6.993         -26.398         -15.847          -24.730
    2 (occ)     5          -8.946           4.316         -18.715         -13.153          -10.192
    3 (occ)     5          -5.329           3.074         -22.107         -18.166           -6.196
    4 (occ)     5          -5.232           3.051         -22.098         -18.199           -6.079
    5 (vir)     5           8.461          -5.466          -7.663         -16.279           11.611
    6 (vir)     5           9.343          -3.887          -7.808         -15.218           12.865
    7 (vir)     5           9.991          -3.620          -7.322         -15.630           14.679
    8 (vir)     5          10.068          -3.663          -7.354         -15.651           14.702
 
 
  kpoint:       6             coordinate:     0.0340    0.0340    0.0000
 
    n           k   ϵ_nk^DFT (eV)     Σ^c_nk (eV)     Σ^x_nk (eV)    v_nk^xc (eV)   ϵ_nk^G0W0 (eV)
 
    1 (occ)     6         -21.149           6.986         -26.396         -15.853          -24.705
    2 (occ)     6          -8.913           4.307         -18.719         -13.172          -10.153
    3 (occ)     6          -5.431           3.097         -22.103         -18.122           -6.315
    4 (occ)     6          -5.284           3.062         -22.088         -18.172           -6.139
    5 (vir)     6           8.409          -5.444          -7.667         -16.264           11.562
    6 (vir)     6           9.363          -3.871          -7.751         -15.193           12.935
    7 (vir)     6          10.074          -3.642          -7.350         -15.672           14.754
    8 (vir)     6          10.213          -3.704          -7.383         -15.702           14.828
 
 
  kpoint:       7             coordinate:     0.0408    0.0408    0.0000
 
    n           k   ϵ_nk^DFT (eV)     Σ^c_nk (eV)     Σ^x_nk (eV)    v_nk^xc (eV)   ϵ_nk^G0W0 (eV)
 
    1 (occ)     7         -21.121           6.978         -26.393         -15.861          -24.676
    2 (occ)     7          -8.872           4.296         -18.724         -13.194          -10.106
    3 (occ)     7          -5.554           3.125         -22.100         -18.071           -6.458
    4 (occ)     7          -5.348           3.074         -22.076         -18.138           -6.211
    5 (vir)     7           8.347          -5.417          -7.671         -16.244           11.503
    6 (vir)     7           9.390          -3.858          -7.699         -15.170           13.004
    7 (vir)     7          10.170          -3.663          -7.377         -15.717           14.847
    8 (vir)     7          10.390          -3.747          -7.407         -15.761           14.998
 
 
  kpoint:       8             coordinate:     0.0476    0.0476    0.0000
 
    n           k   ϵ_nk^DFT (eV)     Σ^c_nk (eV)     Σ^x_nk (eV)    v_nk^xc (eV)   ϵ_nk^G0W0 (eV)
 
    1 (occ)     8         -21.088           6.968         -26.390         -15.870          -24.640
    2 (occ)     8          -8.825           4.283         -18.730         -13.221          -10.051
    3 (occ)     8          -5.694           3.157         -22.098         -18.015           -6.621
    4 (occ)     8          -5.423           3.089         -22.062         -18.100           -6.295
    5 (vir)     8           8.273          -5.386          -7.677         -16.222           11.433
    6 (vir)     8           9.425          -3.849          -7.654         -15.150           13.073
    7 (vir)     8          10.276          -3.683          -7.402         -15.764           14.955
    8 (vir)     8          10.597          -3.790          -7.423         -15.825           15.208
 
 
  kpoint:       9             coordinate:     0.0544    0.0544    0.0000
 
    n           k   ϵ_nk^DFT (eV)     Σ^c_nk (eV)     Σ^x_nk (eV)    v_nk^xc (eV)   ϵ_nk^G0W0 (eV)
 
    1 (occ)     9         -21.050           6.956         -26.386         -15.880          -24.600
    2 (occ)     9          -8.770           4.268         -18.737         -13.252           -9.987
    3 (occ)     9          -5.850           3.193         -22.098         -17.953           -6.802
    4 (occ)     9          -5.507           3.106         -22.047         -18.057           -6.391
    5 (vir)     9           8.189          -5.349          -7.683         -16.195           11.352
    6 (vir)     9           9.470          -3.845          -7.614         -15.133           13.143
    7 (vir)     9          10.393          -3.702          -7.424         -15.813           15.079
    8 (vir)     9          10.830          -3.835          -7.433         -15.894           15.456
 
 
  kpoint:      10             coordinate:     0.0612    0.0612    0.0000
 
    n           k   ϵ_nk^DFT (eV)     Σ^c_nk (eV)     Σ^x_nk (eV)    v_nk^xc (eV)   ϵ_nk^G0W0 (eV)
 
    1 (occ)    10         -21.007           6.943         -26.382         -15.892          -24.554
    2 (occ)    10          -8.707           4.251         -18.745         -13.287           -9.914
    3 (occ)    10          -6.020           3.233         -22.100         -17.887           -7.001
    4 (occ)    10          -5.602           3.126         -22.031         -18.009           -6.498
    5 (vir)    10           8.094          -5.308          -7.690         -16.165           11.261
    6 (vir)    10           9.523          -3.846          -7.579         -15.119           13.217
    7 (vir)    10          10.519          -3.721          -7.445         -15.863           15.215
    8 (vir)    10          11.087          -3.881          -7.435         -15.967           15.738
 
 
  kpoint:      11             coordinate:     0.0680    0.0680    0.0000
 
    n           k   ϵ_nk^DFT (eV)     Σ^c_nk (eV)     Σ^x_nk (eV)    v_nk^xc (eV)   ϵ_nk^G0W0 (eV)
 
    1 (occ)    11         -20.960           6.929         -26.378         -15.906          -24.503
    2 (occ)    11          -8.637           4.232         -18.754         -13.326           -9.833
    3 (occ)    11          -6.203           3.276         -22.104         -17.818           -7.214
    4 (occ)    11          -5.705           3.147         -22.014         -17.956           -6.616
    5 (vir)    11           7.988          -5.263          -7.697         -16.131           11.159
    6 (vir)    11           9.587          -3.851          -7.548         -15.109           13.296
    7 (vir)    11          10.653          -3.740          -7.464         -15.913           15.362
    8 (vir)    11          11.366          -3.928          -7.431         -16.043           16.051
 
 
  kpoint:      12             coordinate:     0.0748    0.0748    0.0000
 
    n           k   ϵ_nk^DFT (eV)     Σ^c_nk (eV)     Σ^x_nk (eV)    v_nk^xc (eV)   ϵ_nk^G0W0 (eV)
 
    1 (occ)    12         -20.907           6.914         -26.374         -15.921          -24.446
    2 (occ)    12          -8.560           4.211         -18.764         -13.370           -9.744
    3 (occ)    12          -6.397           3.323         -22.111         -17.747           -7.439
    4 (occ)    12          -5.817           3.170         -21.997         -17.900           -6.743
    5 (vir)    12           7.871          -5.213          -7.704         -16.094           11.047
    6 (vir)    12           9.661          -3.860          -7.521         -15.102           13.382
    7 (vir)    12          10.796          -3.758          -7.481         -15.964           15.521
    8 (vir)    12          11.665          -3.975          -7.422         -16.121           16.390
 
 
  kpoint:      13             coordinate:     0.0816    0.0816    0.0000
 
    n           k   ϵ_nk^DFT (eV)     Σ^c_nk (eV)     Σ^x_nk (eV)    v_nk^xc (eV)   ϵ_nk^G0W0 (eV)
 
    1 (occ)    13         -20.850           6.897         -26.369         -15.937          -24.384
    2 (occ)    13          -8.475           4.188         -18.775         -13.418           -9.645
    3 (occ)    13          -6.600           3.373         -22.121         -17.674           -7.675
    4 (occ)    13          -5.937           3.195         -21.979         -17.840           -6.880
    5 (vir)    13           7.745          -5.160          -7.712         -16.053           10.926
    6 (vir)    13           9.744          -3.873          -7.495         -15.099           13.475
    7 (vir)    13          10.947          -3.776          -7.496         -16.014           15.689
    8 (vir)    13          11.980          -4.022          -7.406         -16.200           16.752
 
 
  kpoint:      14             coordinate:     0.0884    0.0884    0.0000
 
    n           k   ϵ_nk^DFT (eV)     Σ^c_nk (eV)     Σ^x_nk (eV)    v_nk^xc (eV)   ϵ_nk^G0W0 (eV)
 
    1 (occ)    14         -20.788           6.879         -26.364         -15.956          -24.317
    2 (occ)    14          -8.383           4.162         -18.787         -13.470           -9.538
    3 (occ)    14          -6.811           3.425         -22.133         -17.600           -7.919
    4 (occ)    14          -6.064           3.223         -21.961         -17.777           -7.025
    5 (vir)    14           7.608          -5.102          -7.721         -16.008           10.794
    6 (vir)    14           9.838          -3.890          -7.472         -15.099           13.575
    7 (vir)    14          11.105          -3.793          -7.509         -16.064           15.866
    8 (vir)    14          12.310          -4.069          -7.386         -16.280           17.135
 
 
  kpoint:      15             coordinate:     0.0952    0.0952    0.0000
 
    n           k   ϵ_nk^DFT (eV)     Σ^c_nk (eV)     Σ^x_nk (eV)    v_nk^xc (eV)   ϵ_nk^G0W0 (eV)
 
    1 (occ)    15         -20.721           6.860         -26.359         -15.976          -24.245
    2 (occ)    15          -8.284           4.135         -18.800         -13.527           -9.423
    3 (occ)    15          -7.028           3.479         -22.147         -17.526           -8.171
    4 (occ)    15          -6.198           3.251         -21.943         -17.711           -7.179
    5 (vir)    15           7.462          -5.040          -7.729         -15.959           10.653
    6 (vir)    15           9.941          -3.910          -7.450         -15.104           13.685
    7 (vir)    15          11.269          -3.811          -7.520         -16.113           16.052
    8 (vir)    15          12.652          -4.114          -7.362         -16.361           17.536
 
 
  kpoint:      16             coordinate:     0.1020    0.1020    0.0000
 
    n           k   ϵ_nk^DFT (eV)     Σ^c_nk (eV)     Σ^x_nk (eV)    v_nk^xc (eV)   ϵ_nk^G0W0 (eV)
 
    1 (occ)    16         -20.650           6.839         -26.355         -15.997          -24.168
    2 (occ)    16          -8.178           4.105         -18.815         -13.589           -9.299
    3 (occ)    16          -7.249           3.534         -22.163         -17.451           -8.427
    4 (occ)    16          -6.339           3.282         -21.925         -17.643           -7.339
    5 (vir)    16           7.307          -4.975          -7.737         -15.907           10.502
    6 (vir)    16          10.054          -3.934          -7.430         -15.113           13.803
    7 (vir)    16          11.440          -3.828          -7.528         -16.161           16.245
    8 (vir)    16          13.004          -4.158          -7.334         -16.441           17.952
 
 
  kpoint:      17             coordinate:     0.1088    0.1088    0.0000
 
    n           k   ϵ_nk^DFT (eV)     Σ^c_nk (eV)     Σ^x_nk (eV)    v_nk^xc (eV)   ϵ_nk^G0W0 (eV)
 
    1 (occ)    17         -20.575           6.818         -26.350         -16.021          -24.086
    2 (occ)    17          -8.064           4.073         -18.830         -13.655           -9.167
    3 (occ)    17          -7.475           3.590         -22.181         -17.377           -8.688
    4 (occ)    17          -6.484           3.314         -21.908         -17.573           -7.506
    5 (vir)    17           7.143          -4.906          -7.746         -15.850           10.341
    6 (vir)    17          10.176          -3.961          -7.410         -15.125           13.930
    7 (vir)    17          11.617          -3.846          -7.534         -16.207           16.444
    8 (vir)    17          13.363          -4.200          -7.303         -16.521           18.381
 
 
  kpoint:      18             coordinate:     0.1156    0.1156    0.0000
 
    n           k   ϵ_nk^DFT (eV)     Σ^c_nk (eV)     Σ^x_nk (eV)    v_nk^xc (eV)   ϵ_nk^G0W0 (eV)
 
    1 (occ)    18         -20.495           6.795         -26.346         -16.046          -24.000
    2 (occ)    18          -7.943           4.039         -18.847         -13.725           -9.026
    3 (occ)    18          -7.702           3.648         -22.199         -17.302           -8.951
    4 (occ)    18          -6.635           3.347         -21.892         -17.501           -7.679
    5 (vir)    18           6.970          -4.834          -7.753         -15.790           10.172
    6 (vir)    18          10.306          -3.991          -7.393         -15.142           14.065
    7 (vir)    18          11.800          -3.864          -7.537         -16.251           16.650
    8 (vir)    18          13.729          -4.239          -7.269         -16.600           18.821
 
 
  kpoint:      19             coordinate:     0.1224    0.1224    0.0000
 
    n           k   ϵ_nk^DFT (eV)     Σ^c_nk (eV)     Σ^x_nk (eV)    v_nk^xc (eV)   ϵ_nk^G0W0 (eV)
 
    1 (occ)    19         -20.412           6.772         -26.342         -16.073          -23.908
    2 (occ)    19          -7.931           3.705         -22.218         -17.228           -9.216
    3 (occ)    19          -7.816           4.004         -18.865         -13.801           -8.876
    4 (occ)    19          -6.790           3.381         -21.876         -17.428           -7.857
    5 (vir)    19           6.789          -4.759          -7.761         -15.725            9.994
    6 (vir)    19          10.445          -4.023          -7.376         -15.163           14.209
    7 (vir)    19          11.989          -3.883          -7.537         -16.293           16.862
    8 (vir)    19          14.098          -4.273          -7.233         -16.678           19.270
 
 
  kpoint:      20             coordinate:     0.1293    0.1293    0.0000
 
    n           k   ϵ_nk^DFT (eV)     Σ^c_nk (eV)     Σ^x_nk (eV)    v_nk^xc (eV)   ϵ_nk^G0W0 (eV)
 
    1 (occ)    20         -20.324           6.748         -26.339         -16.102          -23.812
    2 (occ)    20          -8.160           3.763         -22.237         -17.153           -9.481
    3 (occ)    20          -7.681           3.966         -18.885         -13.881           -8.719
    4 (occ)    20          -6.948           3.417         -21.862         -17.353           -8.040
    5 (vir)    20           6.600          -4.682          -7.768         -15.656            9.807
    6 (vir)    20          10.591          -4.058          -7.361         -15.189           14.361
    7 (vir)    20          12.183          -3.903          -7.533         -16.332           17.078
    8 (vir)    20          14.470          -4.303          -7.195         -16.754           19.726
 
 
  kpoint:      21             coordinate:     0.1361    0.1361    0.0000
 
    n           k   ϵ_nk^DFT (eV)     Σ^c_nk (eV)     Σ^x_nk (eV)    v_nk^xc (eV)   ϵ_nk^G0W0 (eV)
 
    1 (occ)    21         -20.232           6.723         -26.336         -16.134          -23.712
    2 (occ)    21          -8.389           3.821         -22.256         -17.079           -9.745
    3 (occ)    21          -7.539           3.926         -18.906         -13.967           -8.553
    4 (occ)    21          -7.110           3.454         -21.848         -17.278           -8.226
    5 (vir)    21           6.405          -4.601          -7.774         -15.583            9.613
    6 (vir)    21          10.745          -4.095          -7.348         -15.219           14.521
    7 (vir)    21          12.382          -3.924          -7.526         -16.367           17.298
    8 (vir)    21          14.841          -4.328          -7.156         -16.830           20.187
 
 
  kpoint:      22             coordinate:     0.1429    0.1429    0.0000
 
    n           k   ϵ_nk^DFT (eV)     Σ^c_nk (eV)     Σ^x_nk (eV)    v_nk^xc (eV)   ϵ_nk^G0W0 (eV)
 
    1 (occ)    22         -20.137           6.698         -26.335         -16.167          -23.607
    2 (occ)    22          -8.616           3.877         -22.273         -17.005          -10.007
    3 (occ)    22          -7.391           3.884         -18.929         -14.057           -8.379
    4 (occ)    22          -7.274           3.492         -21.836         -17.202           -8.416
    5 (vir)    22           6.202          -4.519          -7.778         -15.506            9.411
    6 (vir)    22          10.905          -4.134          -7.337         -15.254           14.688
    7 (vir)    22          12.585          -3.947          -7.516         -16.400           17.522
    8 (vir)    22          15.211          -4.347          -7.117         -16.904           20.652
 
 
  kpoint:      23             coordinate:     0.1497    0.1497    0.0000
 
    n           k   ϵ_nk^DFT (eV)     Σ^c_nk (eV)     Σ^x_nk (eV)    v_nk^xc (eV)   ϵ_nk^G0W0 (eV)
 
    1 (occ)    23         -20.039           6.671         -26.334         -16.203          -23.499
    2 (occ)    23          -8.842           3.933         -22.290         -16.931          -10.267
    3 (occ)    23          -7.440           3.530         -21.824         -17.126           -8.608
    4 (occ)    23          -7.236           3.840         -18.954         -14.152           -8.198
    5 (vir)    23           5.994          -4.434          -7.782         -15.424            9.202
    6 (vir)    23          11.071          -4.175          -7.327         -15.294           14.863
    7 (vir)    23          12.793          -3.972          -7.501         -16.429           17.749
    8 (vir)    23          15.578          -4.358          -7.077         -16.976           21.118
 
 
  kpoint:      24             coordinate:     0.1565    0.1565    0.0000
 
    n           k   ϵ_nk^DFT (eV)     Σ^c_nk (eV)     Σ^x_nk (eV)    v_nk^xc (eV)   ϵ_nk^G0W0 (eV)
 
    1 (occ)    24         -19.938           6.645         -26.335         -16.242          -23.386
    2 (occ)    24          -9.064           3.988         -22.304         -16.857          -10.524
    3 (occ)    24          -7.608           3.569         -21.814         -17.051           -8.802
    4 (occ)    24          -7.076           3.795         -18.981         -14.253           -8.009
    5 (vir)    24           5.780          -4.349          -7.783         -15.338            8.986
    6 (vir)    24          11.241          -4.216          -7.320         -15.339           15.044
    7 (vir)    24          13.005          -3.999          -7.483         -16.454           17.977
    8 (vir)    24          15.939          -4.363          -7.037         -17.046           21.585
 
 
  kpoint:      25             coordinate:     0.1633    0.1633    0.0000
 
    n           k   ϵ_nk^DFT (eV)     Σ^c_nk (eV)     Σ^x_nk (eV)    v_nk^xc (eV)   ϵ_nk^G0W0 (eV)
 
    1 (occ)    25         -19.833           6.618         -26.338         -16.283          -23.271
    2 (occ)    25          -9.284           4.042         -22.316         -16.782          -10.776
    3 (occ)    25          -7.776           3.609         -21.805         -16.975           -8.998
    4 (occ)    25          -6.909           3.748         -19.011         -14.359           -7.812
    5 (vir)    25           5.562          -4.261          -7.782         -15.246            8.764
    6 (vir)    25          11.417          -4.258          -7.316         -15.388           15.231
    7 (vir)    25          13.221          -4.030          -7.459         -16.474           18.207
    8 (vir)    25          16.294          -4.360          -6.998         -17.115           22.051
 
 
  kpoint:      26             coordinate:     0.1701    0.1701    0.0000
 
    n           k   ϵ_nk^DFT (eV)     Σ^c_nk (eV)     Σ^x_nk (eV)    v_nk^xc (eV)   ϵ_nk^G0W0 (eV)
 
    1 (occ)    26         -19.726           6.591         -26.342         -16.326          -23.152
    2 (occ)    26          -9.498           4.094         -22.325         -16.707          -11.023
    3 (occ)    26          -7.945           3.649         -21.798         -16.900           -9.194
    4 (occ)    26          -6.737           3.700         -19.043         -14.471           -7.609
    5 (vir)    26           5.339          -4.173          -7.779         -15.150            8.537
    6 (vir)    26          11.595          -4.300          -7.313         -15.443           15.424
    7 (vir)    26          13.441          -4.063          -7.432         -16.491           18.436
    8 (vir)    26          16.640          -4.348          -6.960         -17.182           22.514
 
 
  kpoint:      27             coordinate:     0.1769    0.1769    0.0000
 
    n           k   ϵ_nk^DFT (eV)     Σ^c_nk (eV)     Σ^x_nk (eV)    v_nk^xc (eV)   ϵ_nk^G0W0 (eV)
 
    1 (occ)    27         -19.617           6.564         -26.349         -16.372          -23.030
    2 (occ)    27          -9.709           4.144         -22.331         -16.632          -11.264
    3 (occ)    27          -8.114           3.689         -21.792         -16.826           -9.391
    4 (occ)    27          -6.559           3.650         -19.078         -14.588           -7.398
    5 (vir)    27           5.113          -4.085          -7.773         -15.049            8.304
    6 (vir)    27          11.777          -4.342          -7.314         -15.502           15.623
    7 (vir)    27          13.663          -4.100          -7.400         -16.503           18.665
    8 (vir)    27          16.977          -4.328          -6.924         -17.247           22.972
 
 
  kpoint:      28             coordinate:     0.1837    0.1837    0.0000
 
    n           k   ϵ_nk^DFT (eV)     Σ^c_nk (eV)     Σ^x_nk (eV)    v_nk^xc (eV)   ϵ_nk^G0W0 (eV)
 
    1 (occ)    28         -19.506           6.537         -26.358         -16.422          -22.906
    2 (occ)    28          -9.913           4.192         -22.334         -16.556          -11.498
    3 (occ)    28          -8.283           3.730         -21.787         -16.752           -9.588
    4 (occ)    28          -6.377           3.600         -19.117         -14.712           -7.182
    5 (vir)    28           4.885          -3.996          -7.762         -14.942            8.068
    6 (vir)    28          11.961          -4.383          -7.317         -15.565           15.826
    7 (vir)    28          13.887          -4.141          -7.364         -16.510           18.892
    8 (vir)    28          17.303          -4.300          -6.889         -17.310           23.424
 
 
  kpoint:      29             coordinate:     0.1905    0.1905    0.0000
 
    n           k   ϵ_nk^DFT (eV)     Σ^c_nk (eV)     Σ^x_nk (eV)    v_nk^xc (eV)   ϵ_nk^G0W0 (eV)
 
    1 (occ)    29         -19.394           6.509         -26.369         -16.474          -22.780
    2 (occ)    29         -10.112           4.239         -22.332         -16.480          -11.725
    3 (occ)    29          -8.450           3.771         -21.784         -16.680           -9.784
    4 (occ)    29          -6.190           3.549         -19.160         -14.841           -6.960
    5 (vir)    29           4.655          -3.908          -7.748         -14.829            7.828
    6 (vir)    29          12.146          -4.422          -7.323         -15.633           16.034
    7 (vir)    29          14.112          -4.186          -7.323         -16.513           19.116
    8 (vir)    29          17.617          -4.263          -6.856         -17.370           23.867
 
 
  kpoint:      30             coordinate:     0.1973    0.1973    0.0000
 
    n           k   ϵ_nk^DFT (eV)     Σ^c_nk (eV)     Σ^x_nk (eV)    v_nk^xc (eV)   ϵ_nk^G0W0 (eV)
 
    1 (occ)    30         -19.280           6.483         -26.383         -16.529          -22.652
    2 (occ)    30         -10.304           4.282         -22.326         -16.403          -11.944
    3 (occ)    30          -8.617           3.812         -21.783         -16.609           -9.979
    4 (occ)    30          -6.000           3.497         -19.207         -14.976           -6.733
    5 (vir)    30           4.424          -3.821          -7.729         -14.711            7.585
    6 (vir)    30          12.332          -4.460          -7.332         -15.705           16.245
    7 (vir)    30          14.338          -4.236          -7.278         -16.511           19.336
    8 (vir)    30          17.917          -4.219          -6.826         -17.429           24.301
 
 
  kpoint:      31             coordinate:     0.2041    0.2041    0.0000
 
    n           k   ϵ_nk^DFT (eV)     Σ^c_nk (eV)     Σ^x_nk (eV)    v_nk^xc (eV)   ϵ_nk^G0W0 (eV)
 
    1 (occ)    31         -19.166           6.457         -26.400         -16.587          -22.524
    2 (occ)    31         -10.488           4.324         -22.315         -16.325          -12.154
    3 (occ)    31          -8.782           3.852         -21.782         -16.539          -10.173
    4 (occ)    31          -5.807           3.446         -19.259         -15.118           -6.502
    5 (vir)    31           4.193          -3.735          -7.703         -14.586            7.340
    6 (vir)    31          12.518          -4.495          -7.343         -15.780           16.460
    7 (vir)    31          14.563          -4.289          -7.229         -16.505           19.550
    8 (vir)    31          18.202          -4.167          -6.798         -17.485           24.723
 
 
  kpoint:      32             coordinate:     0.2109    0.2109    0.0000
 
    n           k   ϵ_nk^DFT (eV)     Σ^c_nk (eV)     Σ^x_nk (eV)    v_nk^xc (eV)   ϵ_nk^G0W0 (eV)
 
    1 (occ)    32         -19.052           6.431         -26.421         -16.647          -22.395
    2 (occ)    32         -10.665           4.362         -22.299         -16.247          -12.354
    3 (occ)    32          -8.945           3.893         -21.784         -16.471          -10.365
    4 (occ)    32          -5.612           3.395         -19.318         -15.267           -6.268
    5 (vir)    32           3.962          -3.651          -7.671         -14.455            7.095
    6 (vir)    32          12.704          -4.526          -7.357         -15.858           16.678
    7 (vir)    32          14.787          -4.348          -7.176         -16.494           19.757
    8 (vir)    32          18.472          -4.109          -6.772         -17.539           25.130
 
 
  kpoint:      33             coordinate:     0.2177    0.2177    0.0000
 
    n           k   ϵ_nk^DFT (eV)     Σ^c_nk (eV)     Σ^x_nk (eV)    v_nk^xc (eV)   ϵ_nk^G0W0 (eV)
 
    1 (occ)    33         -18.939           6.406         -26.445         -16.711          -22.266
    2 (occ)    33         -10.832           4.398         -22.277         -16.168          -12.544
    3 (occ)    33          -9.106           3.933         -21.786         -16.404          -10.555
    4 (occ)    33          -5.415           3.345         -19.383         -15.422           -6.031
    5 (vir)    33           3.734          -3.570          -7.632         -14.317            6.850
    6 (vir)    33          12.888          -4.555          -7.373         -15.939           16.899
    7 (vir)    33          15.008          -4.410          -7.120         -16.479           19.956
    8 (vir)    33          18.725          -4.045          -6.750         -17.591           25.522
 
 
  kpoint:      34             coordinate:     0.2245    0.2245    0.0000
 
    n           k   ϵ_nk^DFT (eV)     Σ^c_nk (eV)     Σ^x_nk (eV)    v_nk^xc (eV)   ϵ_nk^G0W0 (eV)
 
    1 (occ)    34         -18.826           6.382         -26.472         -16.777          -22.139
    2 (occ)    34         -10.990           4.431         -22.250         -16.088          -12.721
    3 (occ)    34          -9.264           3.973         -21.791         -16.339          -10.743
    4 (occ)    34          -5.218           3.297         -19.456         -15.585           -5.792
    5 (vir)    34           3.509          -3.491          -7.584         -14.172            6.605
    6 (vir)    34          13.071          -4.580          -7.392         -16.022           17.122
    7 (vir)    34          15.224          -4.477          -7.060         -16.459           20.146
    8 (vir)    34          18.961          -3.977          -6.731         -17.641           25.895
 
 
  kpoint:      35             coordinate:     0.2313    0.2313    0.0000
 
    n           k   ϵ_nk^DFT (eV)     Σ^c_nk (eV)     Σ^x_nk (eV)    v_nk^xc (eV)   ϵ_nk^G0W0 (eV)
 
    1 (occ)    35         -18.716           6.359         -26.503         -16.846          -22.014
    2 (occ)    35         -11.138           4.460         -22.218         -16.009          -12.886
    3 (occ)    35          -9.420           4.013         -21.797         -16.276          -10.927
    4 (occ)    35          -5.022           3.250         -19.537         -15.755           -5.554
    5 (vir)    35           3.288          -3.417          -7.526         -14.019            6.364
    6 (vir)    35          13.252          -4.601          -7.412         -16.108           17.346
    7 (vir)    35          15.434          -4.547          -6.998         -16.434           20.324
    8 (vir)    35          19.180          -3.906          -6.714         -17.688           26.247
 
 
  kpoint:      36             coordinate:     0.2381    0.2381    0.0000
 
    n           k   ϵ_nk^DFT (eV)     Σ^c_nk (eV)     Σ^x_nk (eV)    v_nk^xc (eV)   ϵ_nk^G0W0 (eV)
 
    1 (occ)    36         -18.608           6.337         -26.537         -16.917          -21.891
    2 (occ)    36         -11.275           4.487         -22.180         -15.930          -13.038
    3 (occ)    36          -9.572           4.053         -21.804         -16.215          -11.109
    4 (occ)    36          -4.828           3.207         -19.628         -15.932           -5.317
    5 (vir)    36           3.072          -3.348          -7.458         -13.859            6.126
    6 (vir)    36          13.430          -4.618          -7.435         -16.195           17.572
    7 (vir)    36          15.637          -4.621          -6.933         -16.405           20.489
    8 (vir)    36          19.380          -3.835          -6.702         -17.734           26.577
 
 
  kpoint:      37             coordinate:     0.2449    0.2449    0.0000
 
    n           k   ϵ_nk^DFT (eV)     Σ^c_nk (eV)     Σ^x_nk (eV)    v_nk^xc (eV)   ϵ_nk^G0W0 (eV)
 
    1 (occ)    37         -18.504           6.317         -26.575         -16.989          -21.772
    2 (occ)    37         -11.399           4.509         -22.137         -15.853          -13.175
    3 (occ)    37          -9.721           4.092         -21.814         -16.155          -11.288
    4 (occ)    37          -4.636           3.167         -19.729         -16.116           -5.083
    5 (vir)    37           2.862          -3.284          -7.378         -13.692            5.893
    6 (vir)    37          13.606          -4.630          -7.460         -16.283           17.800
    7 (vir)    37          15.829          -4.697          -6.865         -16.371           20.638
    8 (vir)    37          19.562          -3.763          -6.692         -17.777           26.883
 
 
  kpoint:      38             coordinate:     0.2517    0.2517    0.0000
 
    n           k   ϵ_nk^DFT (eV)     Σ^c_nk (eV)     Σ^x_nk (eV)    v_nk^xc (eV)   ϵ_nk^G0W0 (eV)
 
    1 (occ)    38         -18.404           6.298         -26.615         -17.061          -21.658
    2 (occ)    38         -11.511           4.529         -22.089         -15.777          -13.296
    3 (occ)    38          -9.866           4.130         -21.825         -16.098          -11.462
    4 (occ)    38          -4.450           3.131         -19.840         -16.306           -4.853
    5 (vir)    38           2.660          -3.226          -7.285         -13.517            5.666
    6 (vir)    38          13.777          -4.637          -7.486         -16.374           18.028
    7 (vir)    38          16.011          -4.775          -6.796         -16.332           20.772
    8 (vir)    38          19.726          -3.694          -6.686         -17.818           27.164
 
 
  kpoint:      39             coordinate:     0.2585    0.2585    0.0000
 
    n           k   ϵ_nk^DFT (eV)     Σ^c_nk (eV)     Σ^x_nk (eV)    v_nk^xc (eV)   ϵ_nk^G0W0 (eV)
 
    1 (occ)    39         -18.308           6.281         -26.656         -17.134          -21.550
    2 (occ)    39         -11.610           4.544         -22.037         -15.703          -13.400
    3 (occ)    39         -10.008           4.169         -21.838         -16.043          -11.634
    4 (occ)    39          -4.269           3.100         -19.963         -16.502           -4.630
    5 (vir)    39           2.468          -3.176          -7.180         -13.336            5.448
    6 (vir)    39          13.945          -4.639          -7.515         -16.465           18.256
    7 (vir)    39          16.178          -4.854          -6.725         -16.288           20.887
    8 (vir)    39          19.872          -3.627          -6.683         -17.856           27.418
 
 
  kpoint:      40             coordinate:     0.2653    0.2653    0.0000
 
    n           k   ϵ_nk^DFT (eV)     Σ^c_nk (eV)     Σ^x_nk (eV)    v_nk^xc (eV)   ϵ_nk^G0W0 (eV)
 
    1 (occ)    40         -18.219           6.266         -26.700         -17.205          -21.448
    2 (occ)    40         -11.694           4.555         -21.981         -15.633          -13.487
    3 (occ)    40         -10.145           4.206         -21.853         -15.990          -11.801
    4 (occ)    40          -4.097           3.074         -20.097         -16.703           -4.417
    5 (vir)    40           2.286          -3.133          -7.062         -13.150            5.240
    6 (vir)    40          14.108          -4.636          -7.546         -16.558           18.485
    7 (vir)    40          16.331          -4.933          -6.652         -16.237           20.983
    8 (vir)    40          20.000          -3.565          -6.682         -17.893           27.646
 
 
  kpoint:      41             coordinate:     0.2721    0.2721    0.0000
 
    n           k   ϵ_nk^DFT (eV)     Σ^c_nk (eV)     Σ^x_nk (eV)    v_nk^xc (eV)   ϵ_nk^G0W0 (eV)
 
    1 (occ)    41         -18.137           6.252         -26.743         -17.274          -21.354
    2 (occ)    41         -11.764           4.562         -21.922         -15.568          -13.555
    3 (occ)    41         -10.277           4.243         -21.870         -15.940          -11.964
    4 (occ)    41          -3.934           3.054         -20.240         -16.906           -4.214
    5 (vir)    41           2.116          -3.098          -6.934         -12.960            5.044
    6 (vir)    41          14.266          -4.626          -7.579         -16.653           18.713
    7 (vir)    41          16.466          -5.011          -6.579         -16.181           21.057
    8 (vir)    41          20.112          -3.507          -6.685         -17.927           27.847
 
 
  kpoint:      42             coordinate:     0.2789    0.2789    0.0000
 
    n           k   ϵ_nk^DFT (eV)     Σ^c_nk (eV)     Σ^x_nk (eV)    v_nk^xc (eV)   ϵ_nk^G0W0 (eV)
 
    1 (occ)    42         -18.062           6.240         -26.785         -17.339          -21.269
    2 (occ)    42         -11.818           4.566         -21.862         -15.509          -13.605
    3 (occ)    42         -10.405           4.280         -21.890         -15.892          -12.122
    4 (occ)    42          -3.783           3.040         -20.391         -17.109           -4.025
    5 (vir)    42           1.960          -3.070          -6.796         -12.770            4.863
    6 (vir)    42          14.417          -4.611          -7.615         -16.749           18.941
    7 (vir)    42          16.583          -5.086          -6.504         -16.118           21.110
    8 (vir)    42          20.207          -3.454          -6.689         -17.959           28.023
 
 
  kpoint:      43             coordinate:     0.2857    0.2857    0.0000
 
    n           k   ϵ_nk^DFT (eV)     Σ^c_nk (eV)     Σ^x_nk (eV)    v_nk^xc (eV)   ϵ_nk^G0W0 (eV)
 
    1 (occ)    43         -17.996           6.230         -26.825         -17.399          -21.192
    2 (occ)    43         -11.857           4.564         -21.800         -15.458          -13.635
    3 (occ)    43         -10.527           4.317         -21.912         -15.847          -12.276
    4 (occ)    43          -3.646           3.031         -20.545         -17.307           -3.853
    5 (vir)    43           1.819          -3.051          -6.653         -12.583            4.698
    6 (vir)    43          14.562          -4.588          -7.654         -16.848           19.167
    7 (vir)    43          16.679          -5.157          -6.430         -16.049           21.142
    8 (vir)    43          20.288          -3.408          -6.695         -17.987           28.173
 
 
  kpoint:      44             coordinate:     0.2925    0.2925    0.0000
 
    n           k   ϵ_nk^DFT (eV)     Σ^c_nk (eV)     Σ^x_nk (eV)    v_nk^xc (eV)   ϵ_nk^G0W0 (eV)
 
    1 (occ)    44         -17.938           6.222         -26.862         -17.452          -21.126
    2 (occ)    44         -11.881           4.559         -21.737         -15.414          -13.646
    3 (occ)    44         -10.642           4.353         -21.938         -15.805          -12.423
    4 (occ)    44          -3.524           3.027         -20.698         -17.495           -3.699
    5 (vir)    44           1.696          -3.039          -6.510         -12.404            4.551
    6 (vir)    44          14.698          -4.560          -7.696         -16.948           19.390
    7 (vir)    44          16.755          -5.222          -6.355         -15.974           21.153
    8 (vir)    44          20.354          -3.367          -6.702         -18.013           28.299
 
 
  kpoint:      45             coordinate:     0.2993    0.2993    0.0000
 
    n           k   ϵ_nk^DFT (eV)     Σ^c_nk (eV)     Σ^x_nk (eV)    v_nk^xc (eV)   ϵ_nk^G0W0 (eV)
 
    1 (occ)    45         -17.890           6.215         -26.895         -17.499          -21.071
    2 (occ)    45         -11.890           4.549         -21.675         -15.379          -13.637
    3 (occ)    45         -10.750           4.388         -21.968         -15.766          -12.565
    4 (occ)    45          -3.419           3.027         -20.842         -17.667           -3.567
    5 (vir)    45           1.590          -3.032          -6.374         -12.241            4.425
    6 (vir)    45          14.824          -4.524          -7.742         -17.049           19.608
    7 (vir)    45          16.810          -5.278          -6.281         -15.893           21.145
    8 (vir)    45          20.408          -3.332          -6.709         -18.035           28.402
 
 
  kpoint:      46             coordinate:     0.3061    0.3061    0.0000
 
    n           k   ϵ_nk^DFT (eV)     Σ^c_nk (eV)     Σ^x_nk (eV)    v_nk^xc (eV)   ϵ_nk^G0W0 (eV)
 
    1 (occ)    46         -17.850           6.209         -26.922         -17.537          -21.026
    2 (occ)    46         -11.887           4.536         -21.614         -15.354          -13.612
    3 (occ)    46         -10.849           4.422         -22.003         -15.731          -12.698
    4 (occ)    46          -3.333           3.030         -20.972         -17.818           -3.457
    5 (vir)    46           1.504          -3.029          -6.251         -12.097            4.322
    6 (vir)    46          14.938          -4.483          -7.789         -17.149           19.815
    7 (vir)    46          16.846          -5.324          -6.209         -15.810           21.122
    8 (vir)    46          20.450          -3.304          -6.715         -18.054           28.484
 
 
  kpoint:      47             coordinate:     0.3129    0.3129    0.0000
 
    n           k   ϵ_nk^DFT (eV)     Σ^c_nk (eV)     Σ^x_nk (eV)    v_nk^xc (eV)   ϵ_nk^G0W0 (eV)
 
    1 (occ)    47         -17.821           6.205         -26.943         -17.566          -20.992
    2 (occ)    47         -11.873           4.519         -21.555         -15.337          -13.572
    3 (occ)    47         -10.935           4.455         -22.040         -15.701          -12.819
    4 (occ)    47          -3.266           3.033         -21.079         -17.939           -3.372
    5 (vir)    47           1.438          -3.029          -6.148         -11.981            4.242
    6 (vir)    47          15.036          -4.438          -7.837         -17.245           20.005
    7 (vir)    47          16.864          -5.358          -6.142         -15.726           21.090
    8 (vir)    47          20.481          -3.283          -6.721         -18.068           28.545
 
 
  kpoint:      48             coordinate:     0.3197    0.3197    0.0000
 
    n           k   ϵ_nk^DFT (eV)     Σ^c_nk (eV)     Σ^x_nk (eV)    v_nk^xc (eV)   ϵ_nk^G0W0 (eV)
 
    1 (occ)    48         -17.800           6.203         -26.958         -17.587          -20.968
    2 (occ)    48         -11.854           4.502         -21.501         -15.328          -13.526
    3 (occ)    48         -11.005           4.485         -22.079         -15.677          -12.922
    4 (occ)    48          -3.219           3.037         -21.158         -18.028           -3.312
    5 (vir)    48           1.392          -3.030          -6.072         -11.896            4.186
    6 (vir)    48          15.114          -4.395          -7.882         -17.329           20.166
    7 (vir)    48          16.869          -5.380          -6.084         -15.651           21.056
    8 (vir)    48          20.502          -3.267          -6.725         -18.079           28.588
 
 
  kpoint:      49             coordinate:     0.3265    0.3265    0.0000
 
    n           k   ϵ_nk^DFT (eV)     Σ^c_nk (eV)     Σ^x_nk (eV)    v_nk^xc (eV)   ϵ_nk^G0W0 (eV)
 
    1 (occ)    49         -17.788           6.201         -26.966         -17.599          -20.954
    2 (occ)    49         -11.837           4.487         -21.460         -15.325          -13.486
    3 (occ)    49         -11.053           4.507         -22.111         -15.661          -12.996
    4 (occ)    49          -3.191           3.039         -21.205         -18.081           -3.277
    5 (vir)    49           1.366          -3.031          -6.027         -11.846            4.154
    6 (vir)    49          15.165          -4.361          -7.916         -17.390           20.279
    7 (vir)    49          16.866          -5.390          -6.042         -15.595           21.029
    8 (vir)    49          20.515          -3.258          -6.728         -18.085           28.613
 
 
  kpoint:      50             coordinate:     0.3333    0.3333    0.0000
 
    n           k   ϵ_nk^DFT (eV)     Σ^c_nk (eV)     Σ^x_nk (eV)    v_nk^xc (eV)   ϵ_nk^G0W0 (eV)
 
    1 (occ)    50         -17.784           6.201         -26.969         -17.603          -20.950
    2 (occ)    50         -11.829           4.481         -21.444         -15.324          -13.468
    3 (occ)    50         -11.070           4.516         -22.125         -15.655          -13.024
    4 (occ)    50          -3.183           3.040         -21.220         -18.098           -3.265
    5 (vir)    50           1.357          -3.031          -6.012         -11.829            4.143
    6 (vir)    50          15.184          -4.348          -7.929         -17.414           20.322
    7 (vir)    50          16.863          -5.392          -6.026         -15.573           21.018
    8 (vir)    50          20.519          -3.255          -6.729         -18.087           28.621
 
 
  kpoint:      51             coordinate:     0.3265    0.3367    0.0000
 
    n           k   ϵ_nk^DFT (eV)     Σ^c_nk (eV)     Σ^x_nk (eV)    v_nk^xc (eV)   ϵ_nk^G0W0 (eV)
 
    1 (occ)    51         -17.785           6.201         -26.968         -17.602          -20.951
    2 (occ)    51         -11.832           4.483         -21.449         -15.324          -13.473
    3 (occ)    51         -11.066           4.513         -22.121         -15.657          -13.017
    4 (occ)    51          -3.185           3.039         -21.217         -18.094           -3.268
    5 (vir)    51           1.359          -3.031          -6.016         -11.833            4.146
    6 (vir)    51          15.179          -4.352          -7.925         -17.408           20.310
    7 (vir)    51          16.864          -5.392          -6.030         -15.579           21.021
    8 (vir)    51          20.518          -3.256          -6.728         -18.086           28.619
 
 
  kpoint:      52             coordinate:     0.3197    0.3401    0.0000
 
    n           k   ϵ_nk^DFT (eV)     Σ^c_nk (eV)     Σ^x_nk (eV)    v_nk^xc (eV)   ϵ_nk^G0W0 (eV)
 
    1 (occ)    52         -17.787           6.201         -26.967         -17.599          -20.954
    2 (occ)    52         -11.839           4.488         -21.461         -15.323          -13.488
    3 (occ)    52         -11.052           4.506         -22.111         -15.662          -12.994
    4 (occ)    52          -3.191           3.039         -21.206         -18.082           -3.276
    5 (vir)    52           1.365          -3.031          -6.026         -11.845            4.153
    6 (vir)    52          15.164          -4.363          -7.914         -17.388           20.274
    7 (vir)    52          16.868          -5.390          -6.044         -15.598           21.032
    8 (vir)    52          20.515          -3.258          -6.728         -18.085           28.614
 
 
  kpoint:      53             coordinate:     0.3129    0.3435    0.0000
 
    n           k   ϵ_nk^DFT (eV)     Σ^c_nk (eV)     Σ^x_nk (eV)    v_nk^xc (eV)   ϵ_nk^G0W0 (eV)
 
    1 (occ)    53         -17.792           6.202         -26.963         -17.595          -20.959
    2 (occ)    53         -11.850           4.496         -21.480         -15.322          -13.513
    3 (occ)    53         -11.028           4.495         -22.095         -15.671          -12.957
    4 (occ)    53          -3.201           3.038         -21.189         -18.063           -3.289
    5 (vir)    53           1.374          -3.031          -6.042         -11.863            4.165
    6 (vir)    53          15.137          -4.381          -7.895         -17.354           20.215
    7 (vir)    53          16.875          -5.388          -6.065         -15.629           21.052
    8 (vir)    53          20.510          -3.262          -6.727         -18.083           28.604
 
 
  kpoint:      54             coordinate:     0.3061    0.3469    0.0000
 
    n           k   ϵ_nk^DFT (eV)     Σ^c_nk (eV)     Σ^x_nk (eV)    v_nk^xc (eV)   ϵ_nk^G0W0 (eV)
 
    1 (occ)    54         -17.798           6.202         -26.959         -17.589          -20.966
    2 (occ)    54         -11.866           4.507         -21.504         -15.319          -13.545
    3 (occ)    54         -10.996           4.481         -22.075         -15.684          -12.907
    4 (occ)    54          -3.214           3.038         -21.167         -18.037           -3.306
    5 (vir)    54           1.387          -3.031          -6.063         -11.887            4.180
    6 (vir)    54          15.099          -4.404          -7.870         -17.307           20.132
    7 (vir)    54          16.886          -5.383          -6.095         -15.672           21.081
    8 (vir)    54          20.503          -3.266          -6.726         -18.079           28.591
 
 
  kpoint:      55             coordinate:     0.2993    0.3503    0.0000
 
    n           k   ϵ_nk^DFT (eV)     Σ^c_nk (eV)     Σ^x_nk (eV)    v_nk^xc (eV)   ϵ_nk^G0W0 (eV)
 
    1 (occ)    55         -17.805           6.203         -26.954         -17.582          -20.974
    2 (occ)    55         -11.886           4.519         -21.530         -15.315          -13.582
    3 (occ)    55         -10.956           4.463         -22.054         -15.700          -12.847
    4 (occ)    55          -3.231           3.037         -21.140         -18.006           -3.328
    5 (vir)    55           1.403          -3.031          -6.089         -11.917            4.200
    6 (vir)    55          15.050          -4.432          -7.839         -17.250           20.029
    7 (vir)    55          16.902          -5.376          -6.130         -15.726           21.121
    8 (vir)    55          20.495          -3.272          -6.724         -18.075           28.574
 
 
  kpoint:      56             coordinate:     0.2925    0.3537    0.0000
 
    n           k   ϵ_nk^DFT (eV)     Σ^c_nk (eV)     Σ^x_nk (eV)    v_nk^xc (eV)   ϵ_nk^G0W0 (eV)
 
    1 (occ)    56         -17.814           6.204         -26.949         -17.574          -20.984
    2 (occ)    56         -11.909           4.532         -21.557         -15.310          -13.624
    3 (occ)    56         -10.909           4.444         -22.034         -15.720          -12.778
    4 (occ)    56          -3.251           3.036         -21.108         -17.970           -3.353
    5 (vir)    56           1.421          -3.031          -6.119         -11.951            4.223
    6 (vir)    56          14.991          -4.462          -7.805         -17.184           19.908
    7 (vir)    56          16.921          -5.366          -6.171         -15.786           21.171
    8 (vir)    56          20.485          -3.279          -6.722         -18.071           28.554
 
 
  kpoint:      57             coordinate:     0.2857    0.3571    0.0000
 
    n           k   ϵ_nk^DFT (eV)     Σ^c_nk (eV)     Σ^x_nk (eV)    v_nk^xc (eV)   ϵ_nk^G0W0 (eV)
 
    1 (occ)    57         -17.824           6.206         -26.942         -17.565          -20.995
    2 (occ)    57         -11.935           4.546         -21.583         -15.304          -13.668
    3 (occ)    57         -10.855           4.424         -22.014         -15.743          -12.702
    4 (occ)    57          -3.273           3.036         -21.074         -17.929           -3.382
    5 (vir)    57           1.442          -3.031          -6.152         -11.990            4.248
    6 (vir)    57          14.920          -4.491          -7.768         -17.112           19.773
    7 (vir)    57          16.945          -5.353          -6.214         -15.853           21.231
    8 (vir)    57          20.473          -3.288          -6.720         -18.065           28.530
 
 
  kpoint:      58             coordinate:     0.2789    0.3605    0.0000
 
    n           k   ϵ_nk^DFT (eV)     Σ^c_nk (eV)     Σ^x_nk (eV)    v_nk^xc (eV)   ϵ_nk^G0W0 (eV)
 
    1 (occ)    58         -17.835           6.207         -26.935         -17.554          -21.008
    2 (occ)    58         -11.962           4.560         -21.609         -15.297          -13.714
    3 (occ)    58         -10.796           4.403         -21.997         -15.769          -12.620
    4 (occ)    58          -3.298           3.036         -21.036         -17.885           -3.414
    5 (vir)    58           1.465          -3.032          -6.188         -12.031            4.277
    6 (vir)    58          14.840          -4.518          -7.732         -17.035           19.625
    7 (vir)    58          16.973          -5.336          -6.258         -15.922           21.300
    8 (vir)    58          20.459          -3.297          -6.718         -18.059           28.503
 
 
  kpoint:      59             coordinate:     0.2721    0.3639    0.0000
 
    n           k   ϵ_nk^DFT (eV)     Σ^c_nk (eV)     Σ^x_nk (eV)    v_nk^xc (eV)   ϵ_nk^G0W0 (eV)
 
    1 (occ)    59         -17.847           6.209         -26.927         -17.543          -21.022
    2 (occ)    59         -11.991           4.574         -21.633         -15.289          -13.760
    3 (occ)    59         -10.732           4.381         -21.982         -15.798          -12.534
    4 (occ)    59          -3.325           3.036         -20.997         -17.838           -3.449
    5 (vir)    59           1.490          -3.032          -6.225         -12.075            4.308
    6 (vir)    59          14.751          -4.542          -7.696         -16.956           19.469
    7 (vir)    59          17.003          -5.317          -6.301         -15.993           21.377
    8 (vir)    59          20.443          -3.307          -6.716         -18.052           28.472
 
 
  kpoint:      60             coordinate:     0.2653    0.3673    0.0000
 
    n           k   ϵ_nk^DFT (eV)     Σ^c_nk (eV)     Σ^x_nk (eV)    v_nk^xc (eV)   ϵ_nk^G0W0 (eV)
 
    1 (occ)    60         -17.860           6.211         -26.919         -17.531          -21.037
    2 (occ)    60         -12.020           4.588         -21.655         -15.281          -13.806
    3 (occ)    60         -10.663           4.359         -21.969         -15.829          -12.444
    4 (occ)    60          -3.354           3.036         -20.957         -17.788           -3.486
    5 (vir)    60           1.516          -3.034          -6.263         -12.121            4.341
    6 (vir)    60          14.653          -4.562          -7.662         -16.877           19.306
    7 (vir)    60          17.037          -5.296          -6.344         -16.063           21.460
    8 (vir)    60          20.426          -3.318          -6.714         -18.045           28.439
 
 
  kpoint:      61             coordinate:     0.2585    0.3707    0.0000
 
    n           k   ϵ_nk^DFT (eV)     Σ^c_nk (eV)     Σ^x_nk (eV)    v_nk^xc (eV)   ϵ_nk^G0W0 (eV)
 
    1 (occ)    61         -17.874           6.213         -26.910         -17.519          -21.052
    2 (occ)    61         -12.051           4.601         -21.675         -15.273          -13.852
    3 (occ)    61         -10.591           4.337         -21.958         -15.862          -12.350
    4 (occ)    61          -3.384           3.037         -20.916         -17.737           -3.526
    5 (vir)    61           1.544          -3.035          -6.302         -12.169            4.375
    6 (vir)    61          14.547          -4.577          -7.630         -16.798           19.137
    7 (vir)    61          17.074          -5.273          -6.384         -16.132           21.549
    8 (vir)    61          20.408          -3.331          -6.712         -18.037           28.402
 
 
  kpoint:      62             coordinate:     0.2517    0.3741    0.0000
 
    n           k   ϵ_nk^DFT (eV)     Σ^c_nk (eV)     Σ^x_nk (eV)    v_nk^xc (eV)   ϵ_nk^G0W0 (eV)
 
    1 (occ)    62         -17.888           6.215         -26.901         -17.506          -21.069
    2 (occ)    62         -12.081           4.614         -21.694         -15.264          -13.897
    3 (occ)    62         -10.516           4.315         -21.949         -15.897          -12.253
    4 (occ)    62          -3.416           3.039         -20.875         -17.685           -3.566
    5 (vir)    62           1.572          -3.038          -6.341         -12.217            4.411
    6 (vir)    62          14.434          -4.588          -7.602         -16.720           18.965
    7 (vir)    62          17.113          -5.248          -6.422         -16.198           21.642
    8 (vir)    62          20.387          -3.344          -6.710         -18.029           28.362
 
 
  kpoint:      63             coordinate:     0.2449    0.3776    0.0000
 
    n           k   ϵ_nk^DFT (eV)     Σ^c_nk (eV)     Σ^x_nk (eV)    v_nk^xc (eV)   ϵ_nk^G0W0 (eV)
 
    1 (occ)    63         -17.903           6.217         -26.892         -17.493          -21.086
    2 (occ)    63         -12.112           4.626         -21.712         -15.255          -13.942
    3 (occ)    63         -10.438           4.292         -21.942         -15.934          -12.154
    4 (occ)    63          -3.449           3.041         -20.834         -17.633           -3.609
    5 (vir)    63           1.602          -3.040          -6.379         -12.265            4.448
    6 (vir)    63          14.315          -4.594          -7.576         -16.644           18.790
    7 (vir)    63          17.154          -5.223          -6.456         -16.262           21.737
    8 (vir)    63          20.365          -3.358          -6.708         -18.020           28.319
 
 
  kpoint:      64             coordinate:     0.2381    0.3810    0.0000
 
    n           k   ϵ_nk^DFT (eV)     Σ^c_nk (eV)     Σ^x_nk (eV)    v_nk^xc (eV)   ϵ_nk^G0W0 (eV)
 
    1 (occ)    64         -17.919           6.219         -26.883         -17.480          -21.104
    2 (occ)    64         -12.142           4.638         -21.728         -15.246          -13.985
    3 (occ)    64         -10.357           4.269         -21.937         -15.972          -12.053
    4 (occ)    64          -3.483           3.044         -20.793         -17.580           -3.652
    5 (vir)    64           1.632          -3.043          -6.417         -12.314            4.485
    6 (vir)    64          14.191          -4.596          -7.554         -16.570           18.612
    7 (vir)    64          17.197          -5.197          -6.488         -16.323           21.836
    8 (vir)    64          20.342          -3.373          -6.706         -18.011           28.273
 
 
  kpoint:      65             coordinate:     0.2313    0.3844    0.0000
 
    n           k   ϵ_nk^DFT (eV)     Σ^c_nk (eV)     Σ^x_nk (eV)    v_nk^xc (eV)   ϵ_nk^G0W0 (eV)
 
    1 (occ)    65         -17.935           6.221         -26.874         -17.466          -21.122
    2 (occ)    65         -12.172           4.650         -21.743         -15.237          -14.028
    3 (occ)    65         -10.275           4.247         -21.933         -16.011          -11.950
    4 (occ)    65          -3.517           3.047         -20.753         -17.527           -3.697
    5 (vir)    65           1.662          -3.047          -6.454         -12.362            4.523
    6 (vir)    65          14.062          -4.593          -7.534         -16.498           18.433
    7 (vir)    65          17.242          -5.171          -6.517         -16.381           21.936
    8 (vir)    65          20.317          -3.389          -6.705         -18.001           28.224
 
 
  kpoint:      66             coordinate:     0.2245    0.3878    0.0000
 
    n           k   ϵ_nk^DFT (eV)     Σ^c_nk (eV)     Σ^x_nk (eV)    v_nk^xc (eV)   ϵ_nk^G0W0 (eV)
 
    1 (occ)    66         -17.951           6.223         -26.865         -17.452          -21.141
    2 (occ)    66         -12.202           4.662         -21.757         -15.228          -14.069
    3 (occ)    66         -10.190           4.224         -21.930         -16.051          -11.846
    4 (occ)    66          -3.552           3.050         -20.715         -17.475           -3.741
    5 (vir)    66           1.693          -3.050          -6.490         -12.410            4.562
    6 (vir)    66          13.929          -4.586          -7.517         -16.428           18.253
    7 (vir)    66          17.287          -5.144          -6.543         -16.437           22.037
    8 (vir)    66          20.291          -3.406          -6.703         -17.991           28.172
 
 
  kpoint:      67             coordinate:     0.2177    0.3912    0.0000
 
    n           k   ϵ_nk^DFT (eV)     Σ^c_nk (eV)     Σ^x_nk (eV)    v_nk^xc (eV)   ϵ_nk^G0W0 (eV)
 
    1 (occ)    67         -17.968           6.226         -26.856         -17.438          -21.160
    2 (occ)    67         -12.232           4.673         -21.770         -15.219          -14.110
    3 (occ)    67         -10.104           4.201         -21.929         -16.092          -11.740
    4 (occ)    67          -3.587           3.054         -20.677         -17.424           -3.787
    5 (vir)    67           1.723          -3.055          -6.525         -12.456            4.600
    6 (vir)    67          13.792          -4.577          -7.502         -16.360           18.073
    7 (vir)    67          17.333          -5.117          -6.566         -16.489           22.139
    8 (vir)    67          20.263          -3.423          -6.702         -17.981           28.118
 
 
  kpoint:      68             coordinate:     0.2109    0.3946    0.0000
 
    n           k   ϵ_nk^DFT (eV)     Σ^c_nk (eV)     Σ^x_nk (eV)    v_nk^xc (eV)   ϵ_nk^G0W0 (eV)
 
    1 (occ)    68         -17.985           6.228         -26.847         -17.424          -21.179
    2 (occ)    68         -12.260           4.683         -21.782         -15.210          -14.149
    3 (occ)    68         -10.017           4.178         -21.929         -16.134          -11.634
    4 (occ)    68          -3.622           3.058         -20.641         -17.373           -3.832
    5 (vir)    68           1.754          -3.059          -6.558         -12.502            4.638
    6 (vir)    68          13.652          -4.564          -7.490         -16.294           17.892
    7 (vir)    68          17.380          -5.090          -6.587         -16.539           22.242
    8 (vir)    68          20.234          -3.442          -6.702         -17.970           28.060
 
 
  kpoint:      69             coordinate:     0.2041    0.3980    0.0000
 
    n           k   ϵ_nk^DFT (eV)     Σ^c_nk (eV)     Σ^x_nk (eV)    v_nk^xc (eV)   ϵ_nk^G0W0 (eV)
 
    1 (occ)    69         -18.002           6.231         -26.838         -17.411          -21.198
    2 (occ)    69         -12.289           4.693         -21.793         -15.202          -14.187
    3 (occ)    69          -9.929           4.156         -21.929         -16.176          -11.526
    4 (occ)    69          -3.658           3.063         -20.607         -17.324           -3.877
    5 (vir)    69           1.784          -3.064          -6.590         -12.546            4.676
    6 (vir)    69          13.510          -4.548          -7.480         -16.230           17.712
    7 (vir)    69          17.428          -5.064          -6.605         -16.586           22.346
    8 (vir)    69          20.203          -3.461          -6.701         -17.959           28.000
 
 
  kpoint:      70             coordinate:     0.1973    0.4014    0.0000
 
    n           k   ϵ_nk^DFT (eV)     Σ^c_nk (eV)     Σ^x_nk (eV)    v_nk^xc (eV)   ϵ_nk^G0W0 (eV)
 
    1 (occ)    70         -18.019           6.233         -26.829         -17.397          -21.217
    2 (occ)    70         -12.316           4.703         -21.804         -15.193          -14.223
    3 (occ)    70          -9.840           4.133         -21.931         -16.219          -11.419
    4 (occ)    70          -3.693           3.068         -20.573         -17.276           -3.923
    5 (vir)    70           1.814          -3.069          -6.620         -12.589            4.714
    6 (vir)    70          13.366          -4.531          -7.471         -16.168           17.532
    7 (vir)    70          17.476          -5.037          -6.621         -16.631           22.450
    8 (vir)    70          20.171          -3.481          -6.701         -17.948           27.938
 
 
  kpoint:      71             coordinate:     0.1905    0.4048    0.0000
 
    n           k   ϵ_nk^DFT (eV)     Σ^c_nk (eV)     Σ^x_nk (eV)    v_nk^xc (eV)   ϵ_nk^G0W0 (eV)
 
    1 (occ)    71         -18.036           6.236         -26.820         -17.384          -21.237
    2 (occ)    71         -12.343           4.713         -21.814         -15.185          -14.259
    3 (occ)    71          -9.751           4.111         -21.933         -16.262          -11.311
    4 (occ)    71          -3.728           3.073         -20.542         -17.229           -3.967
    5 (vir)    71           1.843          -3.075          -6.649         -12.631            4.751
    6 (vir)    71          13.221          -4.511          -7.464         -16.107           17.353
    7 (vir)    71          17.525          -5.010          -6.635         -16.674           22.553
    8 (vir)    71          20.139          -3.501          -6.701         -17.937           27.872
 
 
  kpoint:      72             coordinate:     0.1837    0.4082    0.0000
 
    n           k   ϵ_nk^DFT (eV)     Σ^c_nk (eV)     Σ^x_nk (eV)    v_nk^xc (eV)   ϵ_nk^G0W0 (eV)
 
    1 (occ)    72         -18.052           6.238         -26.812         -17.370          -21.256
    2 (occ)    72         -12.369           4.722         -21.823         -15.177          -14.293
    3 (occ)    72          -9.662           4.089         -21.936         -16.305          -11.204
    4 (occ)    72          -3.762           3.079         -20.512         -17.184           -4.011
    5 (vir)    72           1.872          -3.080          -6.676         -12.671            4.787
    6 (vir)    72          13.076          -4.490          -7.459         -16.048           17.175
    7 (vir)    72          17.574          -4.984          -6.648         -16.715           22.657
    8 (vir)    72          20.104          -3.523          -6.702         -17.925           27.805
 
 
  kpoint:      73             coordinate:     0.1769    0.4116    0.0000
 
    n           k   ϵ_nk^DFT (eV)     Σ^c_nk (eV)     Σ^x_nk (eV)    v_nk^xc (eV)   ϵ_nk^G0W0 (eV)
 
    1 (occ)    73         -18.069           6.241         -26.804         -17.358          -21.275
    2 (occ)    73         -12.394           4.730         -21.832         -15.169          -14.326
    3 (occ)    73          -9.573           4.067         -21.939         -16.348          -11.097
    4 (occ)    73          -3.796           3.085         -20.483         -17.140           -4.055
    5 (vir)    73           1.900          -3.086          -6.702         -12.709            4.822
    6 (vir)    73          12.930          -4.467          -7.454         -15.990           16.999
    7 (vir)    73          17.623          -4.958          -6.658         -16.754           22.761
    8 (vir)    73          20.069          -3.544          -6.703         -17.913           27.734
 
 
  kpoint:      74             coordinate:     0.1701    0.4150    0.0000
 
    n           k   ϵ_nk^DFT (eV)     Σ^c_nk (eV)     Σ^x_nk (eV)    v_nk^xc (eV)   ϵ_nk^G0W0 (eV)
 
    1 (occ)    74         -18.085           6.243         -26.796         -17.345          -21.293
    2 (occ)    74         -12.418           4.739         -21.840         -15.162          -14.358
    3 (occ)    74          -9.484           4.046         -21.943         -16.392          -10.990
    4 (occ)    74          -3.829           3.091         -20.456         -17.098           -4.097
    5 (vir)    74           1.928          -3.091          -6.726         -12.746            4.856
    6 (vir)    74          12.785          -4.443          -7.450         -15.934           16.825
    7 (vir)    74          17.673          -4.931          -6.667         -16.791           22.865
    8 (vir)    74          20.033          -3.567          -6.705         -17.901           27.662
 
 
  kpoint:      75             coordinate:     0.1633    0.4184    0.0000
 
    n           k   ϵ_nk^DFT (eV)     Σ^c_nk (eV)     Σ^x_nk (eV)    v_nk^xc (eV)   ϵ_nk^G0W0 (eV)
 
    1 (occ)    75         -18.102           6.246         -26.789         -17.333          -21.312
    2 (occ)    75         -12.442           4.747         -21.848         -15.155          -14.389
    3 (occ)    75          -9.396           4.024         -21.948         -16.435          -10.885
    4 (occ)    75          -3.862           3.097         -20.431         -17.057           -4.139
    5 (vir)    75           1.954          -3.097          -6.749         -12.781            4.889
    6 (vir)    75          12.640          -4.419          -7.447         -15.879           16.653
    7 (vir)    75          17.722          -4.905          -6.674         -16.826           22.969
    8 (vir)    75          19.996          -3.590          -6.707         -17.888           27.588
 
 
  kpoint:      76             coordinate:     0.1565    0.4218    0.0000
 
    n           k   ϵ_nk^DFT (eV)     Σ^c_nk (eV)     Σ^x_nk (eV)    v_nk^xc (eV)   ϵ_nk^G0W0 (eV)
 
    1 (occ)    76         -18.117           6.248         -26.781         -17.321          -21.329
    2 (occ)    76         -12.465           4.754         -21.856         -15.148          -14.418
    3 (occ)    76          -9.309           4.004         -21.953         -16.478          -10.781
    4 (occ)    76          -3.894           3.103         -20.407         -17.018           -4.179
    5 (vir)    76           1.980          -3.103          -6.770         -12.815            4.922
    6 (vir)    76          12.497          -4.394          -7.445         -15.825           16.484
    7 (vir)    76          17.772          -4.879          -6.680         -16.860           23.073
    8 (vir)    76          19.958          -3.614          -6.709         -17.876           27.511
 
 
  kpoint:      77             coordinate:     0.1497    0.4252    0.0000
 
    n           k   ϵ_nk^DFT (eV)     Σ^c_nk (eV)     Σ^x_nk (eV)    v_nk^xc (eV)   ϵ_nk^G0W0 (eV)
 
    1 (occ)    77         -18.133           6.251         -26.774         -17.309          -21.347
    2 (occ)    77         -12.487           4.762         -21.863         -15.141          -14.446
    3 (occ)    77          -9.223           3.983         -21.958         -16.521          -10.678
    4 (occ)    77          -3.924           3.109         -20.384         -16.981           -4.219
    5 (vir)    77           2.005          -3.109          -6.790         -12.847            4.953
    6 (vir)    77          12.356          -4.368          -7.443         -15.773           16.318
    7 (vir)    77          17.821          -4.853          -6.684         -16.893           23.177
    8 (vir)    77          19.919          -3.638          -6.712         -17.863           27.432
 
 
  kpoint:      78             coordinate:     0.1429    0.4286    0.0000
 
    n           k   ϵ_nk^DFT (eV)     Σ^c_nk (eV)     Σ^x_nk (eV)    v_nk^xc (eV)   ϵ_nk^G0W0 (eV)
 
    1 (occ)    78         -18.148           6.253         -26.768         -17.298          -21.364
    2 (occ)    78         -12.507           4.769         -21.869         -15.135          -14.473
    3 (occ)    78          -9.139           3.963         -21.964         -16.563          -10.577
    4 (occ)    78          -3.954           3.115         -20.363         -16.946           -4.257
    5 (vir)    78           2.029          -3.114          -6.808         -12.877            4.983
    6 (vir)    78          12.217          -4.343          -7.441         -15.723           16.156
    7 (vir)    78          17.871          -4.827          -6.687         -16.924           23.281
    8 (vir)    78          19.879          -3.662          -6.715         -17.851           27.352
 
 
  kpoint:      79             coordinate:     0.1361    0.4320    0.0000
 
    n           k   ϵ_nk^DFT (eV)     Σ^c_nk (eV)     Σ^x_nk (eV)    v_nk^xc (eV)   ϵ_nk^G0W0 (eV)
 
    1 (occ)    79         -18.162           6.255         -26.761         -17.288          -21.381
    2 (occ)    79         -12.527           4.776         -21.876         -15.128          -14.499
    3 (occ)    79          -9.056           3.944         -21.970         -16.604          -10.478
    4 (occ)    79          -3.983           3.121         -20.343         -16.912           -4.293
    5 (vir)    79           2.052          -3.120          -6.826         -12.905            5.011
    6 (vir)    79          12.081          -4.317          -7.440         -15.673           15.998
    7 (vir)    79          17.921          -4.802          -6.689         -16.954           23.384
    8 (vir)    79          19.838          -3.687          -6.719         -17.838           27.269
 
 
  kpoint:      80             coordinate:     0.1293    0.4354    0.0000
 
    n           k   ϵ_nk^DFT (eV)     Σ^c_nk (eV)     Σ^x_nk (eV)    v_nk^xc (eV)   ϵ_nk^G0W0 (eV)
 
    1 (occ)    80         -18.176           6.258         -26.755         -17.277          -21.397
    2 (occ)    80         -12.546           4.782         -21.881         -15.123          -14.523
    3 (occ)    80          -8.975           3.925         -21.977         -16.645          -10.382
    4 (occ)    80          -4.011           3.127         -20.325         -16.880           -4.329
    5 (vir)    80           2.074          -3.125          -6.842         -12.932            5.039
    6 (vir)    80          11.948          -4.292          -7.438         -15.626           15.844
    7 (vir)    80          17.970          -4.776          -6.690         -16.983           23.488
    8 (vir)    80          19.797          -3.713          -6.724         -17.825           27.185
 
 
  kpoint:      81             coordinate:     0.1224    0.4388    0.0000
 
    n           k   ϵ_nk^DFT (eV)     Σ^c_nk (eV)     Σ^x_nk (eV)    v_nk^xc (eV)   ϵ_nk^G0W0 (eV)
 
    1 (occ)    81         -18.190           6.260         -26.749         -17.268          -21.412
    2 (occ)    81         -12.565           4.788         -21.887         -15.117          -14.547
    3 (occ)    81          -8.897           3.907         -21.983         -16.685          -10.288
    4 (occ)    81          -4.037           3.133         -20.308         -16.850           -4.362
    5 (vir)    81           2.094          -3.131          -6.856         -12.957            5.065
    6 (vir)    81          11.819          -4.267          -7.437         -15.579           15.694
    7 (vir)    81          18.019          -4.750          -6.689         -17.011           23.592
    8 (vir)    81          19.755          -3.739          -6.729         -17.811           27.099
 
 
  kpoint:      82             coordinate:     0.1156    0.4422    0.0000
 
    n           k   ϵ_nk^DFT (eV)     Σ^c_nk (eV)     Σ^x_nk (eV)    v_nk^xc (eV)   ϵ_nk^G0W0 (eV)
 
    1 (occ)    82         -18.203           6.262         -26.744         -17.258          -21.427
    2 (occ)    82         -12.582           4.794         -21.892         -15.112          -14.569
    3 (occ)    82          -8.820           3.890         -21.990         -16.723          -10.197
    4 (occ)    82          -4.063           3.138         -20.292         -16.822           -4.395
    5 (vir)    82           2.114          -3.136          -6.870         -12.981            5.089
    6 (vir)    82          11.694          -4.242          -7.436         -15.535           15.551
    7 (vir)    82          18.069          -4.724          -6.688         -17.038           23.695
    8 (vir)    82          19.713          -3.765          -6.735         -17.798           27.012
 
 
  kpoint:      83             coordinate:     0.1088    0.4456    0.0000
 
    n           k   ϵ_nk^DFT (eV)     Σ^c_nk (eV)     Σ^x_nk (eV)    v_nk^xc (eV)   ϵ_nk^G0W0 (eV)
 
    1 (occ)    83         -18.215           6.264         -26.739         -17.249          -21.441
    2 (occ)    83         -12.598           4.799         -21.897         -15.107          -14.589
    3 (occ)    83          -8.747           3.873         -21.997         -16.761          -10.110
    4 (occ)    83          -4.087           3.144         -20.277         -16.795           -4.425
    5 (vir)    83           2.133          -3.141          -6.883         -13.003            5.113
    6 (vir)    83          11.574          -4.218          -7.435         -15.492           15.412
    7 (vir)    83          18.118          -4.698          -6.685         -17.064           23.798
    8 (vir)    83          19.670          -3.791          -6.741         -17.785           26.923
 
 
  kpoint:      84             coordinate:     0.1020    0.4490    0.0000
 
    n           k   ϵ_nk^DFT (eV)     Σ^c_nk (eV)     Σ^x_nk (eV)    v_nk^xc (eV)   ϵ_nk^G0W0 (eV)
 
    1 (occ)    84         -18.227           6.266         -26.734         -17.241          -21.454
    2 (occ)    84         -12.613           4.804         -21.901         -15.102          -14.609
    3 (occ)    84          -8.676           3.857         -22.004         -16.797          -10.026
    4 (occ)    84          -4.110           3.149         -20.263         -16.770           -4.454
    5 (vir)    84           2.150          -3.145          -6.894         -13.024            5.135
    6 (vir)    84          11.458          -4.195          -7.434         -15.451           15.280
    7 (vir)    84          18.167          -4.672          -6.681         -17.088           23.902
    8 (vir)    84          19.627          -3.818          -6.749         -17.772           26.832
 
 
  kpoint:      85             coordinate:     0.0952    0.4524    0.0000
 
    n           k   ϵ_nk^DFT (eV)     Σ^c_nk (eV)     Σ^x_nk (eV)    v_nk^xc (eV)   ϵ_nk^G0W0 (eV)
 
    1 (occ)    85         -18.238           6.268         -26.730         -17.233          -21.467
    2 (occ)    85         -12.628           4.809         -21.906         -15.098          -14.627
    3 (occ)    85          -8.609           3.842         -22.011         -16.832           -9.946
    4 (occ)    85          -4.131           3.154         -20.251         -16.747           -4.482
    5 (vir)    85           2.167          -3.150          -6.905         -13.043            5.155
    6 (vir)    85          11.348          -4.173          -7.433         -15.412           15.154
    7 (vir)    85          18.216          -4.647          -6.675         -17.112           24.005
    8 (vir)    85          19.583          -3.844          -6.757         -17.759           26.740
 
 
  kpoint:      86             coordinate:     0.0884    0.4558    0.0000
 
    n           k   ϵ_nk^DFT (eV)     Σ^c_nk (eV)     Σ^x_nk (eV)    v_nk^xc (eV)   ϵ_nk^G0W0 (eV)
 
    1 (occ)    86         -18.249           6.269         -26.725         -17.226          -21.478
    2 (occ)    86         -12.641           4.813         -21.910         -15.094          -14.644
    3 (occ)    86          -8.545           3.828         -22.018         -16.865           -9.870
    4 (occ)    86          -4.152           3.159         -20.239         -16.725           -4.507
    5 (vir)    86           2.182          -3.154          -6.915         -13.061            5.175
    6 (vir)    86          11.244          -4.152          -7.431         -15.374           15.035
    7 (vir)    86          18.264          -4.621          -6.669         -17.134           24.109
    8 (vir)    86          19.539          -3.871          -6.766         -17.746           26.647
 
 
  kpoint:      87             coordinate:     0.0816    0.4592    0.0000
 
    n           k   ϵ_nk^DFT (eV)     Σ^c_nk (eV)     Σ^x_nk (eV)    v_nk^xc (eV)   ϵ_nk^G0W0 (eV)
 
    1 (occ)    87         -18.258           6.271         -26.722         -17.219          -21.490
    2 (occ)    87         -12.653           4.817         -21.913         -15.090          -14.660
    3 (occ)    87          -8.484           3.815         -22.025         -16.897           -9.798
    4 (occ)    87          -4.170           3.163         -20.229         -16.705           -4.531
    5 (vir)    87           2.196          -3.158          -6.923         -13.077            5.192
    6 (vir)    87          11.146          -4.133          -7.430         -15.339           14.923
    7 (vir)    87          18.313          -4.595          -6.661         -17.156           24.213
    8 (vir)    87          19.494          -3.898          -6.776         -17.734           26.553
 
 
  kpoint:      88             coordinate:     0.0748    0.4626    0.0000
 
    n           k   ϵ_nk^DFT (eV)     Σ^c_nk (eV)     Σ^x_nk (eV)    v_nk^xc (eV)   ϵ_nk^G0W0 (eV)
 
    1 (occ)    88         -18.267           6.273         -26.718         -17.213          -21.500
    2 (occ)    88         -12.665           4.821         -21.916         -15.086          -14.674
    3 (occ)    88          -8.428           3.802         -22.032         -16.926           -9.731
    4 (occ)    88          -4.188           3.167         -20.219         -16.687           -4.553
    5 (vir)    88           2.209          -3.161          -6.931         -13.092            5.209
    6 (vir)    88          11.054          -4.114          -7.428         -15.307           14.818
    7 (vir)    88          18.361          -4.569          -6.651         -17.176           24.317
    8 (vir)    88          19.450          -3.926          -6.788         -17.721           26.457
 
 
  kpoint:      89             coordinate:     0.0680    0.4660    0.0000
 
    n           k   ϵ_nk^DFT (eV)     Σ^c_nk (eV)     Σ^x_nk (eV)    v_nk^xc (eV)   ϵ_nk^G0W0 (eV)
 
    1 (occ)    89         -18.276           6.274         -26.715         -17.207          -21.509
    2 (occ)    89         -12.675           4.824         -21.919         -15.083          -14.687
    3 (occ)    89          -8.375           3.791         -22.038         -16.954           -9.669
    4 (occ)    89          -4.204           3.171         -20.211         -16.670           -4.573
    5 (vir)    89           2.221          -3.164          -6.938         -13.105            5.224
    6 (vir)    89          10.969          -4.097          -7.427         -15.276           14.722
    7 (vir)    89          18.409          -4.544          -6.639         -17.195           24.421
    8 (vir)    89          19.405          -3.953          -6.802         -17.710           26.360
 
 
  kpoint:      90             coordinate:     0.0612    0.4694    0.0000
 
    n           k   ϵ_nk^DFT (eV)     Σ^c_nk (eV)     Σ^x_nk (eV)    v_nk^xc (eV)   ϵ_nk^G0W0 (eV)
 
    1 (occ)    90         -18.283           6.275         -26.712         -17.202          -21.518
    2 (occ)    90         -12.685           4.827         -21.922         -15.080          -14.699
    3 (occ)    90          -8.327           3.780         -22.044         -16.980           -9.611
    4 (occ)    90          -4.218           3.175         -20.203         -16.655           -4.592
    5 (vir)    90           2.232          -3.167          -6.945         -13.118            5.237
    6 (vir)    90          10.891          -4.081          -7.426         -15.248           14.633
    7 (vir)    90          18.456          -4.518          -6.625         -17.212           24.525
    8 (vir)    90          19.360          -3.980          -6.817         -17.699           26.262
 
 
  kpoint:      91             coordinate:     0.0544    0.4728    0.0000
 
    n           k   ϵ_nk^DFT (eV)     Σ^c_nk (eV)     Σ^x_nk (eV)    v_nk^xc (eV)   ϵ_nk^G0W0 (eV)
 
    1 (occ)    91         -18.290           6.276         -26.709         -17.198          -21.526
    2 (occ)    91         -12.693           4.830         -21.924         -15.078          -14.710
    3 (occ)    91          -8.284           3.771         -22.050         -17.003           -9.560
    4 (occ)    91          -4.231           3.178         -20.196         -16.641           -4.608
    5 (vir)    91           2.242          -3.170          -6.950         -13.128            5.249
    6 (vir)    91          10.821          -4.066          -7.424         -15.223           14.553
    7 (vir)    91          18.503          -4.493          -6.608         -17.228           24.630
    8 (vir)    91          19.315          -4.006          -6.836         -17.689           26.162
 
 
  kpoint:      92             coordinate:     0.0476    0.4762    0.0000
 
    n           k   ϵ_nk^DFT (eV)     Σ^c_nk (eV)     Σ^x_nk (eV)    v_nk^xc (eV)   ϵ_nk^G0W0 (eV)
 
    1 (occ)    92         -18.296           6.277         -26.707         -17.194          -21.532
    2 (occ)    92         -12.701           4.833         -21.927         -15.075          -14.719
    3 (occ)    92          -8.245           3.762         -22.055         -17.024           -9.514
    4 (occ)    92          -4.243           3.181         -20.190         -16.629           -4.623
    5 (vir)    92           2.250          -3.172          -6.955         -13.138            5.260
    6 (vir)    92          10.758          -4.053          -7.423         -15.200           14.482
    7 (vir)    92          18.550          -4.468          -6.587         -17.241           24.735
    8 (vir)    92          19.271          -4.033          -6.858         -17.681           26.061
 
 
  kpoint:      93             coordinate:     0.0408    0.4796    0.0000
 
    n           k   ϵ_nk^DFT (eV)     Σ^c_nk (eV)     Σ^x_nk (eV)    v_nk^xc (eV)   ϵ_nk^G0W0 (eV)
 
    1 (occ)    93         -18.301           6.278         -26.705         -17.190          -21.538
    2 (occ)    93         -12.707           4.835         -21.928         -15.073          -14.727
    3 (occ)    93          -8.211           3.755         -22.059         -17.042           -9.473
    4 (occ)    93          -4.253           3.183         -20.185         -16.619           -4.635
    5 (vir)    93           2.258          -3.175          -6.960         -13.146            5.269
    6 (vir)    93          10.703          -4.042          -7.422         -15.180           14.419
    7 (vir)    93          18.595          -4.444          -6.561         -17.251           24.841
    8 (vir)    93          19.227          -4.058          -6.884         -17.675           25.959
 
 
  kpoint:      94             coordinate:     0.0340    0.4830    0.0000
 
    n           k   ϵ_nk^DFT (eV)     Σ^c_nk (eV)     Σ^x_nk (eV)    v_nk^xc (eV)   ϵ_nk^G0W0 (eV)
 
    1 (occ)    94         -18.306           6.279         -26.703         -17.187          -21.543
    2 (occ)    94         -12.713           4.837         -21.930         -15.072          -14.734
    3 (occ)    94          -8.182           3.749         -22.063         -17.057           -9.439
    4 (occ)    94          -4.261           3.186         -20.181         -16.611           -4.646
    5 (vir)    94           2.264          -3.176          -6.963         -13.153            5.277
    6 (vir)    94          10.656          -4.033          -7.420         -15.163           14.366
    7 (vir)    94          18.639          -4.421          -6.529         -17.258           24.947
    8 (vir)    94          19.185          -4.083          -6.918         -17.672           25.855
 
 
  kpoint:      95             coordinate:     0.0272    0.4864    0.0000
 
    n           k   ϵ_nk^DFT (eV)     Σ^c_nk (eV)     Σ^x_nk (eV)    v_nk^xc (eV)   ϵ_nk^G0W0 (eV)
 
    1 (occ)    95         -18.310           6.280         -26.702         -17.185          -21.548
    2 (occ)    95         -12.717           4.838         -21.931         -15.070          -14.740
    3 (occ)    95          -8.158           3.744         -22.067         -17.070           -9.410
    4 (occ)    95          -4.268           3.187         -20.177         -16.603           -4.655
    5 (vir)    95           2.269          -3.178          -6.966         -13.158            5.284
    6 (vir)    95          10.618          -4.025          -7.420         -15.149           14.322
    7 (vir)    95          18.681          -4.399          -6.487         -17.259           25.054
    8 (vir)    95          19.143          -4.107          -6.961         -17.673           25.749
 
 
  kpoint:      96             coordinate:     0.0204    0.4898    0.0000
 
    n           k   ϵ_nk^DFT (eV)     Σ^c_nk (eV)     Σ^x_nk (eV)    v_nk^xc (eV)   ϵ_nk^G0W0 (eV)
 
    1 (occ)    96         -18.312           6.280         -26.701         -17.183          -21.551
    2 (occ)    96         -12.721           4.839         -21.932         -15.069          -14.744
    3 (occ)    96          -8.139           3.740         -22.069         -17.081           -9.388
    4 (occ)    96          -4.274           3.189         -20.175         -16.598           -4.662
    5 (vir)    96           2.273          -3.179          -6.968         -13.163            5.289
    6 (vir)    96          10.587          -4.019          -7.419         -15.138           14.288
    7 (vir)    96          18.720          -4.381          -6.433         -17.253           25.160
    8 (vir)    96          19.105          -4.128          -7.015         -17.681           25.643
 
 
  kpoint:      97             coordinate:     0.0136    0.4932    0.0000
 
    n           k   ϵ_nk^DFT (eV)     Σ^c_nk (eV)     Σ^x_nk (eV)    v_nk^xc (eV)   ϵ_nk^G0W0 (eV)
 
    1 (occ)    97         -18.315           6.281         -26.700         -17.181          -21.553
    2 (occ)    97         -12.723           4.840         -21.933         -15.068          -14.748
    3 (occ)    97          -8.126           3.737         -22.071         -17.088           -9.372
    4 (occ)    97          -4.278           3.190         -20.173         -16.594           -4.667
    5 (vir)    97           2.276          -3.180          -6.970         -13.166            5.292
    6 (vir)    97          10.566          -4.014          -7.418         -15.130           14.264
    7 (vir)    97          18.754          -4.366          -6.366         -17.240           25.261
    8 (vir)    97          19.073          -4.146          -7.082         -17.697           25.541
 
 
  kpoint:      98             coordinate:     0.0068    0.4966    0.0000
 
    n           k   ϵ_nk^DFT (eV)     Σ^c_nk (eV)     Σ^x_nk (eV)    v_nk^xc (eV)   ϵ_nk^G0W0 (eV)
 
    1 (occ)    98         -18.316           6.281         -26.700         -17.180          -21.554
    2 (occ)    98         -12.725           4.840         -21.933         -15.068          -14.749
    3 (occ)    98          -8.117           3.735         -22.072         -17.092           -9.362
    4 (occ)    98          -4.280           3.190         -20.172         -16.592           -4.670
    5 (vir)    98           2.277          -3.180          -6.971         -13.168            5.294
    6 (vir)    98          10.553          -4.011          -7.418         -15.125           14.249
    7 (vir)    98          18.778          -4.358          -6.300         -17.221           25.342
    8 (vir)    98          19.049          -4.159          -7.149         -17.716           25.457
 
 
  kpoint:      99             coordinate:     0.0000    0.5000    0.0000
 
    n           k   ϵ_nk^DFT (eV)     Σ^c_nk (eV)     Σ^x_nk (eV)    v_nk^xc (eV)   ϵ_nk^G0W0 (eV)
 
    1 (occ)    99         -18.316           6.281         -26.700         -17.180          -21.555
    2 (occ)    99         -12.725           4.841         -21.933         -15.068          -14.750
    3 (occ)    99          -8.115           3.735         -22.073         -17.094           -9.359
    4 (occ)    99          -4.281           3.190         -20.171         -16.591           -4.671
    5 (vir)    99           2.278          -3.180          -6.971         -13.168            5.295
    6 (vir)    99          10.548          -4.011          -7.418         -15.124           14.244
    7 (vir)    99          18.787          -4.355          -6.268         -17.211           25.375
    8 (vir)    99          19.040          -4.164          -7.180         -17.726           25.423
 
 
  kpoint:     100             coordinate:     0.0000    0.4898    0.0000
 
    n           k   ϵ_nk^DFT (eV)     Σ^c_nk (eV)     Σ^x_nk (eV)    v_nk^xc (eV)   ϵ_nk^G0W0 (eV)
 
    1 (occ)   100         -18.322           6.282         -26.697         -17.175          -21.561
    2 (occ)   100         -12.716           4.839         -21.936         -15.074          -14.740
    3 (occ)   100          -8.113           3.734         -22.072         -17.094           -9.357
    4 (occ)   100          -4.292           3.191         -20.161         -16.578           -4.684
    5 (vir)   100           2.290          -3.183          -6.980         -13.181            5.309
    6 (vir)   100          10.547          -4.010          -7.418         -15.124           14.243
    7 (vir)   100          18.778          -4.356          -6.269         -17.210           25.362
    8 (vir)   100          19.030          -4.166          -7.181         -17.724           25.407
 
 
  kpoint:     101             coordinate:     0.0000    0.4796    0.0000
 
    n           k   ϵ_nk^DFT (eV)     Σ^c_nk (eV)     Σ^x_nk (eV)    v_nk^xc (eV)   ϵ_nk^G0W0 (eV)
 
    1 (occ)   101         -18.339           6.285         -26.687         -17.161          -21.581
    2 (occ)   101         -12.689           4.832         -21.945         -15.093          -14.709
    3 (occ)   101          -8.106           3.732         -22.072         -17.096           -9.349
    4 (occ)   101          -4.324           3.193         -20.131         -16.539           -4.722
    5 (vir)   101           2.327          -3.189          -7.007         -13.218            5.349
    6 (vir)   101          10.543          -4.009          -7.418         -15.123           14.239
    7 (vir)   101          18.751          -4.360          -6.273         -17.206           25.324
    8 (vir)   101          18.998          -4.172          -7.184         -17.719           25.361
 
 
  kpoint:     102             coordinate:     0.0000    0.4694    0.0000
 
    n           k   ϵ_nk^DFT (eV)     Σ^c_nk (eV)     Σ^x_nk (eV)    v_nk^xc (eV)   ϵ_nk^G0W0 (eV)
 
    1 (occ)   102         -18.366           6.290         -26.673         -17.137          -21.612
    2 (occ)   102         -12.643           4.822         -21.959         -15.123          -14.657
    3 (occ)   102          -8.095           3.730         -22.071         -17.100           -9.336
    4 (occ)   102          -4.376           3.197         -20.084         -16.477           -4.785
    5 (vir)   102           2.387          -3.201          -7.049         -13.278            5.416
    6 (vir)   102          10.536          -4.007          -7.417         -15.122           14.234
    7 (vir)   102          18.707          -4.365          -6.280         -17.200           25.262
    8 (vir)   102          18.946          -4.183          -7.190         -17.710           25.284
 
 
  kpoint:     103             coordinate:     0.0000    0.4592    0.0000
 
    n           k   ϵ_nk^DFT (eV)     Σ^c_nk (eV)     Σ^x_nk (eV)    v_nk^xc (eV)   ϵ_nk^G0W0 (eV)
 
    1 (occ)   103         -18.404           6.297         -26.653         -17.105          -21.655
    2 (occ)   103         -12.581           4.808         -21.977         -15.164          -14.587
    3 (occ)   103          -8.079           3.726         -22.069         -17.104           -9.319
    4 (occ)   103          -4.447           3.204         -20.023         -16.394           -4.871
    5 (vir)   103           2.470          -3.217          -7.104         -13.357            5.506
    6 (vir)   103          10.526          -4.005          -7.417         -15.121           14.226
    7 (vir)   103          18.645          -4.373          -6.288         -17.191           25.175
    8 (vir)   103          18.874          -4.197          -7.197         -17.697           25.178
 
 
  kpoint:     104             coordinate:     0.0000    0.4490    0.0000
 
    n           k   ϵ_nk^DFT (eV)     Σ^c_nk (eV)     Σ^x_nk (eV)    v_nk^xc (eV)   ϵ_nk^G0W0 (eV)
 
    1 (occ)   104         -18.451           6.305         -26.630         -17.066          -21.709
    2 (occ)   104         -12.502           4.790         -21.999         -15.214          -14.497
    3 (occ)   104          -8.059           3.720         -22.067         -17.110           -9.296
    4 (occ)   104          -4.535           3.213         -19.951         -16.295           -4.978
    5 (vir)   104           2.573          -3.240          -7.167         -13.452            5.619
    6 (vir)   104          10.514          -4.001          -7.417         -15.120           14.216
    7 (vir)   104          18.565          -4.382          -6.300         -17.180           25.064
    8 (vir)   104          18.782          -4.214          -7.207         -17.681           25.043
 
 
  kpoint:     105             coordinate:     0.0000    0.4388    0.0000
 
    n           k   ϵ_nk^DFT (eV)     Σ^c_nk (eV)     Σ^x_nk (eV)    v_nk^xc (eV)   ϵ_nk^G0W0 (eV)
 
    1 (occ)   105         -18.507           6.316         -26.604         -17.022          -21.773
    2 (occ)   105         -12.407           4.768         -22.022         -15.273          -14.389
    3 (occ)   105          -8.035           3.714         -22.065         -17.117           -9.268
    4 (occ)   105          -4.639           3.226         -19.873         -16.183           -5.103
    5 (vir)   105           2.694          -3.268          -7.234         -13.559            5.751
    6 (vir)   105          10.499          -3.998          -7.416         -15.118           14.204
    7 (vir)   105          18.469          -4.392          -6.313         -17.167           24.931
    8 (vir)   105          18.671          -4.233          -7.218         -17.662           24.881
 
 
  kpoint:     106             coordinate:     0.0000    0.4286    0.0000
 
    n           k   ϵ_nk^DFT (eV)     Σ^c_nk (eV)     Σ^x_nk (eV)    v_nk^xc (eV)   ϵ_nk^G0W0 (eV)
 
    1 (occ)   106         -18.570           6.328         -26.577         -16.973          -21.846
    2 (occ)   106         -12.298           4.743         -22.047         -15.338          -14.264
    3 (occ)   106          -8.007           3.707         -22.062         -17.126           -9.236
    4 (occ)   106          -4.756           3.243         -19.792         -16.061           -5.244
    5 (vir)   106           2.832          -3.303          -7.303         -13.675            5.901
    6 (vir)   106          10.482          -3.993          -7.415         -15.116           14.190
    7 (vir)   106          18.357          -4.403          -6.329         -17.151           24.776
    8 (vir)   106          18.541          -4.255          -7.231         -17.639           24.694
 
 
  kpoint:     107             coordinate:     0.0000    0.4184    0.0000
 
    n           k   ϵ_nk^DFT (eV)     Σ^c_nk (eV)     Σ^x_nk (eV)    v_nk^xc (eV)   ϵ_nk^G0W0 (eV)
 
    1 (occ)   107         -18.641           6.342         -26.549         -16.922          -21.926
    2 (occ)   107         -12.175           4.715         -22.072         -15.409          -14.124
    3 (occ)   107          -7.974           3.699         -22.059         -17.136           -9.198
    4 (occ)   107          -4.884           3.263         -19.711         -15.934           -5.398
    5 (vir)   107           2.983          -3.343          -7.370         -13.796            6.066
    6 (vir)   107          10.462          -3.988          -7.415         -15.114           14.173
    7 (vir)   107          18.228          -4.413          -6.347         -17.133           24.600
    8 (vir)   107          18.393          -4.277          -7.246         -17.614           24.483
 
 
  kpoint:     108             coordinate:     0.0000    0.4082    0.0000
 
    n           k   ϵ_nk^DFT (eV)     Σ^c_nk (eV)     Σ^x_nk (eV)    v_nk^xc (eV)   ϵ_nk^G0W0 (eV)
 
    1 (occ)   108         -18.717           6.358         -26.522         -16.868          -22.013
    2 (occ)   108         -12.040           4.684         -22.096         -15.484          -13.969
    3 (occ)   108          -7.937           3.689         -22.056         -17.147           -9.156
    4 (occ)   108          -5.021           3.287         -19.632         -15.802           -5.563
    5 (vir)   108           3.147          -3.390          -7.433         -13.919            6.243
    6 (vir)   108          10.440          -3.982          -7.414         -15.111           14.155
    7 (vir)   108          18.084          -4.424          -6.368         -17.112           24.405
    8 (vir)   108          18.229          -4.300          -7.263         -17.585           24.251
 
 
  kpoint:     109             coordinate:     0.0000    0.3980    0.0000
 
    n           k   ϵ_nk^DFT (eV)     Σ^c_nk (eV)     Σ^x_nk (eV)    v_nk^xc (eV)   ϵ_nk^G0W0 (eV)
 
    1 (occ)   109         -18.798           6.374         -26.496         -16.814          -22.105
    2 (occ)   109         -11.893           4.650         -22.119         -15.562          -13.800
    3 (occ)   109          -7.895           3.679         -22.052         -17.160           -9.109
    4 (occ)   109          -5.165           3.315         -19.556         -15.670           -5.737
    5 (vir)   109           3.321          -3.442          -7.492         -14.043            6.430
    6 (vir)   109          10.416          -3.976          -7.414         -15.109           14.135
    7 (vir)   109          17.925          -4.433          -6.390         -17.090           24.191
    8 (vir)   109          18.049          -4.322          -7.281         -17.553           23.999
 
 
  kpoint:     110             coordinate:     0.0000    0.3878    0.0000
 
    n           k   ϵ_nk^DFT (eV)     Σ^c_nk (eV)     Σ^x_nk (eV)    v_nk^xc (eV)   ϵ_nk^G0W0 (eV)
 
    1 (occ)   110         -18.883           6.393         -26.471         -16.759          -22.202
    2 (occ)   110         -11.735           4.614         -22.139         -15.642          -13.618
    3 (occ)   110          -7.850           3.667         -22.048         -17.174           -9.057
    4 (occ)   110          -5.316           3.346         -19.485         -15.538           -5.918
    5 (vir)   110           3.503          -3.500          -7.544         -14.167            6.625
    6 (vir)   110          10.390          -3.969          -7.413         -15.106           14.114
    7 (vir)   110          17.751          -4.441          -6.414         -17.065           23.961
    8 (vir)   110          17.854          -4.343          -7.301         -17.519           23.729
 
 
  kpoint:     111             coordinate:     0.0000    0.3776    0.0000
 
    n           k   ϵ_nk^DFT (eV)     Σ^c_nk (eV)     Σ^x_nk (eV)    v_nk^xc (eV)   ϵ_nk^G0W0 (eV)
 
    1 (occ)   111         -18.971           6.412         -26.448         -16.705          -22.303
    2 (occ)   111         -11.568           4.575         -22.158         -15.725          -13.426
    3 (occ)   111          -7.800           3.654         -22.043         -17.189           -9.000
    4 (occ)   111          -5.470           3.379         -19.419         -15.407           -6.103
    5 (vir)   111           3.691          -3.562          -7.591         -14.288            6.827
    6 (vir)   111          10.362          -3.962          -7.412         -15.103           14.091
    7 (vir)   111          17.564          -4.447          -6.441         -17.038           23.714
    8 (vir)   111          17.645          -4.362          -7.322         -17.482           23.443
 
 
  kpoint:     112             coordinate:     0.0000    0.3673    0.0000
 
    n           k   ϵ_nk^DFT (eV)     Σ^c_nk (eV)     Σ^x_nk (eV)    v_nk^xc (eV)   ϵ_nk^G0W0 (eV)
 
    1 (occ)   112         -19.062           6.432         -26.427         -16.652          -22.405
    2 (occ)   112         -11.392           4.534         -22.173         -15.809          -13.223
    3 (occ)   112          -7.747           3.641         -22.039         -17.206           -8.939
    4 (occ)   112          -5.627           3.415         -19.359         -15.279           -6.292
    5 (vir)   112           3.885          -3.628          -7.631         -14.406            7.033
    6 (vir)   112          10.332          -3.954          -7.412         -15.100           14.066
    7 (vir)   112          17.364          -4.450          -6.469         -17.008           23.454
    8 (vir)   112          17.424          -4.378          -7.344         -17.442           23.144
 
 
  kpoint:     113             coordinate:     0.0000    0.3571    0.0000
 
    n           k   ϵ_nk^DFT (eV)     Σ^c_nk (eV)     Σ^x_nk (eV)    v_nk^xc (eV)   ϵ_nk^G0W0 (eV)
 
    1 (occ)   113         -19.155           6.453         -26.409         -16.601          -22.510
    2 (occ)   113         -11.208           4.491         -22.186         -15.893          -13.010
    3 (occ)   113          -7.689           3.626         -22.034         -17.224           -8.873
    4 (occ)   113          -5.786           3.453         -19.303         -15.154           -6.482
    5 (vir)   113           4.083          -3.697          -7.666         -14.521            7.241
    6 (vir)   113          10.300          -3.946          -7.411         -15.097           14.040
    7 (vir)   113          17.152          -4.451          -6.499         -16.978           23.180
    8 (vir)   113          17.191          -4.392          -7.366         -17.401           22.833
 
 
  kpoint:     114             coordinate:     0.0000    0.3469    0.0000
 
    n           k   ϵ_nk^DFT (eV)     Σ^c_nk (eV)     Σ^x_nk (eV)    v_nk^xc (eV)   ϵ_nk^G0W0 (eV)
 
    1 (occ)   114         -19.249           6.475         -26.393         -16.551          -22.616
    2 (occ)   114         -11.016           4.446         -22.196         -15.978          -12.789
    3 (occ)   114          -7.628           3.611         -22.030         -17.244           -8.804
    4 (occ)   114          -5.946           3.493         -19.251         -15.032           -6.672
    5 (vir)   114           4.283          -3.769          -7.694         -14.632            7.452
    6 (vir)   114          10.267          -3.938          -7.410         -15.094           14.013
    7 (vir)   114          16.929          -4.449          -6.534         -16.946           22.892
    8 (vir)   114          16.948          -4.403          -7.385         -17.355           22.515
 
 
  kpoint:     115             coordinate:     0.0000    0.3367    0.0000
 
    n           k   ϵ_nk^DFT (eV)     Σ^c_nk (eV)     Σ^x_nk (eV)    v_nk^xc (eV)   ϵ_nk^G0W0 (eV)
 
    1 (occ)   115         -19.344           6.497         -26.379         -16.503          -22.723
    2 (occ)   115         -10.819           4.399         -22.204         -16.063          -12.561
    3 (occ)   115          -7.563           3.594         -22.025         -17.264           -8.729
    4 (occ)   115          -6.105           3.533         -19.205         -14.915           -6.862
    5 (vir)   115           4.485          -3.843          -7.718         -14.739            7.663
    6 (vir)   115          10.233          -3.930          -7.410         -15.091           13.984
    7 (vir)   115          16.694          -4.426          -6.909         -17.073           22.431
    8 (vir)   115          16.698          -4.420          -7.067         -17.148           22.359
 
 
  kpoint:     116             coordinate:     0.0000    0.3265    0.0000
 
    n           k   ϵ_nk^DFT (eV)     Σ^c_nk (eV)     Σ^x_nk (eV)    v_nk^xc (eV)   ϵ_nk^G0W0 (eV)
 
    1 (occ)   116         -19.438           6.520         -26.367         -16.457          -22.829
    2 (occ)   116         -10.615           4.351         -22.209         -16.148          -12.325
    3 (occ)   116          -7.494           3.577         -22.020         -17.287           -8.651
    4 (occ)   116          -6.263           3.575         -19.162         -14.801           -7.050
    5 (vir)   116           4.687          -3.919          -7.737         -14.842            7.873
    6 (vir)   116          10.197          -3.921          -7.410         -15.088           13.955
    7 (vir)   116          16.436          -4.415          -7.432         -17.261           21.850
    8 (vir)   116          16.453          -4.434          -6.603         -16.876           22.291
 
 
  kpoint:     117             coordinate:     0.0000    0.3163    0.0000
 
    n           k   ϵ_nk^DFT (eV)     Σ^c_nk (eV)     Σ^x_nk (eV)    v_nk^xc (eV)   ϵ_nk^G0W0 (eV)
 
    1 (occ)   117         -19.533           6.542         -26.358         -16.413          -22.935
    2 (occ)   117         -10.406           4.301         -22.211         -16.233          -12.084
    3 (occ)   117          -7.422           3.559         -22.015         -17.310           -8.569
    4 (occ)   117          -6.420           3.616         -19.123         -14.691           -7.235
    5 (vir)   117           4.889          -3.996          -7.752         -14.940            8.082
    6 (vir)   117          10.160          -3.912          -7.410         -15.086           13.924
    7 (vir)   117          16.170          -4.415          -7.465         -17.215           21.505
    8 (vir)   117          16.202          -4.423          -6.630         -16.833           21.982
 
 
  kpoint:     118             coordinate:     0.0000    0.3061    0.0000
 
    n           k   ϵ_nk^DFT (eV)     Σ^c_nk (eV)     Σ^x_nk (eV)    v_nk^xc (eV)   ϵ_nk^G0W0 (eV)
 
    1 (occ)   118         -19.627           6.566         -26.350         -16.371          -23.040
    2 (occ)   118         -10.193           4.249         -22.211         -16.318          -11.837
    3 (occ)   118          -7.347           3.540         -22.011         -17.335           -8.483
    4 (occ)   118          -6.574           3.658         -19.087         -14.586           -7.418
    5 (vir)   118           5.090          -4.073          -7.763         -15.035            8.288
    6 (vir)   118          10.123          -3.903          -7.410         -15.083           13.893
    7 (vir)   118          15.897          -4.412          -7.492         -17.165           21.159
    8 (vir)   118          15.943          -4.407          -6.663         -16.792           21.664
 
 
  kpoint:     119             coordinate:     0.0000    0.2959    0.0000
 
    n           k   ϵ_nk^DFT (eV)     Σ^c_nk (eV)     Σ^x_nk (eV)    v_nk^xc (eV)   ϵ_nk^G0W0 (eV)
 
    1 (occ)   119         -19.720           6.589         -26.344         -16.331          -23.144
    2 (occ)   119          -9.976           4.197         -22.209         -16.403          -11.586
    3 (occ)   119          -7.268           3.520         -22.006         -17.361           -8.393
    4 (occ)   119          -6.725           3.699         -19.055         -14.484           -7.597
    5 (vir)   119           5.289          -4.151          -7.771         -15.125            8.492
    6 (vir)   119          10.085          -3.895          -7.410         -15.081           13.861
    7 (vir)   119          15.620          -4.406          -7.518         -17.114           20.811
    8 (vir)   119          15.677          -4.388          -6.698         -16.750           21.340
 
 
  kpoint:     120             coordinate:     0.0000    0.2857    0.0000
 
    n           k   ϵ_nk^DFT (eV)     Σ^c_nk (eV)     Σ^x_nk (eV)    v_nk^xc (eV)   ϵ_nk^G0W0 (eV)
 
    1 (occ)   120         -19.812           6.612         -26.340         -16.293          -23.246
    2 (occ)   120          -9.756           4.143         -22.205         -16.487          -11.331
    3 (occ)   120          -7.187           3.500         -22.002         -17.389           -8.300
    4 (occ)   120          -6.873           3.740         -19.025         -14.387           -7.771
    5 (vir)   120           5.485          -4.228          -7.776         -15.211            8.692
    6 (vir)   120          10.046          -3.886          -7.411         -15.079           13.828
    7 (vir)   120          15.340          -4.396          -7.544         -17.061           20.461
    8 (vir)   120          15.406          -4.366          -6.733         -16.705           21.012
 
 
  kpoint:     121             coordinate:     0.0000    0.2755    0.0000
 
    n           k   ϵ_nk^DFT (eV)     Σ^c_nk (eV)     Σ^x_nk (eV)    v_nk^xc (eV)   ϵ_nk^G0W0 (eV)
 
    1 (occ)   121         -19.902           6.635         -26.337         -16.257          -23.346
    2 (occ)   121          -9.533           4.089         -22.200         -16.571          -11.073
    3 (occ)   121          -7.103           3.479         -21.999         -17.418           -8.204
    4 (occ)   121          -7.018           3.780         -18.997         -14.293           -7.941
    5 (vir)   121           5.678          -4.306          -7.779         -15.293            8.888
    6 (vir)   121          10.007          -3.877          -7.412         -15.077           13.795
    7 (vir)   121          15.057          -4.383          -7.569         -17.007           20.112
    8 (vir)   121          15.130          -4.341          -6.769         -16.660           20.680
 
 
  kpoint:     122             coordinate:     0.0000    0.2653    0.0000
 
    n           k   ϵ_nk^DFT (eV)     Σ^c_nk (eV)     Σ^x_nk (eV)    v_nk^xc (eV)   ϵ_nk^G0W0 (eV)
 
    1 (occ)   122         -19.990           6.658         -26.335         -16.223          -23.444
    2 (occ)   122          -9.308           4.034         -22.193         -16.655          -10.813
    3 (occ)   122          -7.158           3.819         -18.972         -14.204           -8.106
    4 (occ)   122          -7.016           3.457         -21.995         -17.448           -8.105
    5 (vir)   122           5.868          -4.382          -7.779         -15.372            9.079
    6 (vir)   122           9.968          -3.869          -7.413         -15.076           13.762
    7 (vir)   122          14.772          -4.367          -7.593         -16.952           19.764
    8 (vir)   122          14.851          -4.313          -6.804         -16.613           20.347
 
 
  kpoint:     123             coordinate:     0.0000    0.2551    0.0000
 
    n           k   ϵ_nk^DFT (eV)     Σ^c_nk (eV)     Σ^x_nk (eV)    v_nk^xc (eV)   ϵ_nk^G0W0 (eV)
 
    1 (occ)   123         -20.076           6.681         -26.335         -16.190          -23.539
    2 (occ)   123          -9.082           3.978         -22.185         -16.738          -10.551
    3 (occ)   123          -7.294           3.857         -18.948         -14.119           -8.266
    4 (occ)   123          -6.926           3.435         -21.992         -17.480           -8.004
    5 (vir)   123           6.054          -4.457          -7.778         -15.447            9.266
    6 (vir)   123           9.929          -3.860          -7.415         -15.074           13.728
    7 (vir)   123          14.487          -4.348          -7.617         -16.896           19.418
    8 (vir)   123          14.570          -4.283          -6.840         -16.565           20.012
 
 
  kpoint:     124             coordinate:     0.0000    0.2449    0.0000
 
    n           k   ϵ_nk^DFT (eV)     Σ^c_nk (eV)     Σ^x_nk (eV)    v_nk^xc (eV)   ϵ_nk^G0W0 (eV)
 
    1 (occ)   124         -20.160           6.703         -26.335         -16.160          -23.632
    2 (occ)   124          -8.855           3.922         -22.176         -16.821          -10.288
    3 (occ)   124          -7.426           3.894         -18.926         -14.037           -8.421
    4 (occ)   124          -6.835           3.413         -21.990         -17.513           -7.900
    5 (vir)   124           6.236          -4.531          -7.776         -15.518            9.447
    6 (vir)   124           9.890          -3.852          -7.418         -15.074           13.694
    7 (vir)   124          14.202          -4.327          -7.639         -16.839           19.075
    8 (vir)   124          14.287          -4.250          -6.875         -16.516           19.678
 
 
  kpoint:     125             coordinate:     0.0000    0.2347    0.0000
 
    n           k   ϵ_nk^DFT (eV)     Σ^c_nk (eV)     Σ^x_nk (eV)    v_nk^xc (eV)   ϵ_nk^G0W0 (eV)
 
    1 (occ)   125         -20.241           6.725         -26.337         -16.131          -23.721
    2 (occ)   125          -8.627           3.866         -22.167         -16.904          -10.025
    3 (occ)   125          -7.553           3.930         -18.906         -13.960           -8.569
    4 (occ)   125          -6.742           3.390         -21.989         -17.547           -7.794
    5 (vir)   125           6.412          -4.603          -7.772         -15.585            9.622
    6 (vir)   125           9.851          -3.845          -7.420         -15.073           13.660
    7 (vir)   125          13.919          -4.303          -7.660         -16.781           18.737
    8 (vir)   125          14.003          -4.215          -6.909         -16.465           19.345
 
 
  kpoint:     126             coordinate:     0.0000    0.2245    0.0000
 
    n           k   ϵ_nk^DFT (eV)     Σ^c_nk (eV)     Σ^x_nk (eV)    v_nk^xc (eV)   ϵ_nk^G0W0 (eV)
 
    1 (occ)   126         -20.320           6.747         -26.339         -16.104          -23.808
    2 (occ)   126          -8.400           3.810         -22.157         -16.986           -9.762
    3 (occ)   126          -7.675           3.964         -18.887         -13.886           -8.712
    4 (occ)   126          -6.648           3.367         -21.988         -17.582           -7.686
    5 (vir)   126           6.583          -4.673          -7.767         -15.649            9.792
    6 (vir)   126           9.813          -3.837          -7.424         -15.073           13.625
    7 (vir)   126          13.638          -4.278          -7.679         -16.722           18.403
    8 (vir)   126          13.721          -4.179          -6.942         -16.414           19.014
 
 
  kpoint:     127             coordinate:     0.0000    0.2143    0.0000
 
    n           k   ϵ_nk^DFT (eV)     Σ^c_nk (eV)     Σ^x_nk (eV)    v_nk^xc (eV)   ϵ_nk^G0W0 (eV)
 
    1 (occ)   127         -20.396           6.768         -26.341         -16.078          -23.891
    2 (occ)   127          -8.174           3.754         -22.147         -17.068           -9.500
    3 (occ)   127          -7.792           3.997         -18.870         -13.816           -8.849
    4 (occ)   127          -6.552           3.344         -21.988         -17.618           -7.577
    5 (vir)   127           6.749          -4.742          -7.762         -15.710            9.956
    6 (vir)   127           9.775          -3.831          -7.428         -15.074           13.590
    7 (vir)   127          13.360          -4.250          -7.697         -16.663           18.076
    8 (vir)   127          13.440          -4.141          -6.974         -16.362           18.687
 
 
  kpoint:     128             coordinate:     0.0000    0.2041    0.0000
 
    n           k   ϵ_nk^DFT (eV)     Σ^c_nk (eV)     Σ^x_nk (eV)    v_nk^xc (eV)   ϵ_nk^G0W0 (eV)
 
    1 (occ)   128         -20.469           6.788         -26.345         -16.054          -23.971
    2 (occ)   128          -7.950           3.698         -22.137         -17.149           -9.240
    3 (occ)   128          -7.904           4.028         -18.853         -13.749           -8.980
    4 (occ)   128          -6.455           3.321         -21.989         -17.655           -7.467
    5 (vir)   128           6.908          -4.808          -7.756         -15.767           10.113
    6 (vir)   128           9.738          -3.824          -7.433         -15.075           13.555
    7 (vir)   128          13.086          -4.222          -7.712         -16.603           17.755
    8 (vir)   128          13.162          -4.102          -7.005         -16.309           18.364
 
 
  kpoint:     129             coordinate:     0.0000    0.1939    0.0000
 
    n           k   ϵ_nk^DFT (eV)     Σ^c_nk (eV)     Σ^x_nk (eV)    v_nk^xc (eV)   ϵ_nk^G0W0 (eV)
 
    1 (occ)   129         -20.540           6.808         -26.348         -16.032          -24.048
    2 (occ)   129          -8.011           4.058         -18.838         -13.686           -9.104
    3 (occ)   129          -7.728           3.643         -22.128         -17.230           -8.983
    4 (occ)   129          -6.359           3.299         -21.991         -17.693           -7.357
    5 (vir)   129           7.062          -4.872          -7.749         -15.822           10.263
    6 (vir)   129           9.702          -3.819          -7.439         -15.076           13.520
    7 (vir)   129          12.817          -4.192          -7.725         -16.542           17.443
    8 (vir)   129          12.888          -4.062          -7.035         -16.256           18.047
 
 
  kpoint:     130             coordinate:     0.0000    0.1837    0.0000
 
    n           k   ϵ_nk^DFT (eV)     Σ^c_nk (eV)     Σ^x_nk (eV)    v_nk^xc (eV)   ϵ_nk^G0W0 (eV)
 
    1 (occ)   130         -20.607           6.827         -26.352         -16.011          -24.121
    2 (occ)   130          -8.112           4.087         -18.824         -13.627           -9.223
    3 (occ)   130          -7.510           3.589         -22.119         -17.310           -8.730
    4 (occ)   130          -6.262           3.276         -21.993         -17.732           -7.247
    5 (vir)   130           7.209          -4.933          -7.742         -15.873           10.407
    6 (vir)   130           9.667          -3.814          -7.447         -15.079           13.485
    7 (vir)   130          12.554          -4.160          -7.735         -16.481           17.140
    8 (vir)   130          12.619          -4.022          -7.063         -16.203           17.737
 
 
  kpoint:     131             coordinate:     0.0000    0.1735    0.0000
 
    n           k   ϵ_nk^DFT (eV)     Σ^c_nk (eV)     Σ^x_nk (eV)    v_nk^xc (eV)   ϵ_nk^G0W0 (eV)
 
    1 (occ)   131         -20.671           6.845         -26.356         -15.991          -24.190
    2 (occ)   131          -8.208           4.114         -18.811         -13.571           -9.335
    3 (occ)   131          -7.295           3.537         -22.111         -17.389           -8.481
    4 (occ)   131          -6.166           3.254         -21.997         -17.772           -7.138
    5 (vir)   131           7.349          -4.992          -7.735         -15.921           10.543
    6 (vir)   131           9.633          -3.810          -7.455         -15.081           13.449
    7 (vir)   131          12.297          -4.129          -7.741         -16.419           16.846
    8 (vir)   131          12.357          -3.982          -7.089         -16.149           17.435
 
 
  kpoint:     132             coordinate:     0.0000    0.1633    0.0000
 
    n           k   ϵ_nk^DFT (eV)     Σ^c_nk (eV)     Σ^x_nk (eV)    v_nk^xc (eV)   ϵ_nk^G0W0 (eV)
 
    1 (occ)   132         -20.731           6.862         -26.360         -15.973          -24.256
    2 (occ)   132          -8.299           4.139         -18.799         -13.519           -9.440
    3 (occ)   132          -7.086           3.485         -22.104         -17.466           -8.238
    4 (occ)   132          -6.070           3.232         -22.002         -17.811           -7.029
    5 (vir)   132           7.483          -5.048          -7.728         -15.966           10.673
    6 (vir)   132           9.600          -3.807          -7.465         -15.085           13.413
    7 (vir)   132          12.048          -4.096          -7.745         -16.357           16.564
    8 (vir)   132          12.101          -3.942          -7.113         -16.096           17.141
 
 
  kpoint:     133             coordinate:     0.0000    0.1531    0.0000
 
    n           k   ϵ_nk^DFT (eV)     Σ^c_nk (eV)     Σ^x_nk (eV)    v_nk^xc (eV)   ϵ_nk^G0W0 (eV)
 
    1 (occ)   133         -20.789           6.879         -26.364         -15.955          -24.318
    2 (occ)   133          -8.384           4.162         -18.787         -13.470           -9.540
    3 (occ)   133          -6.882           3.436         -22.098         -17.543           -8.001
    4 (occ)   133          -5.976           3.210         -22.008         -17.851           -6.923
    5 (vir)   133           7.609          -5.102          -7.720         -16.008           10.795
    6 (vir)   133           9.568          -3.804          -7.477         -15.089           13.377
    7 (vir)   133          11.807          -4.063          -7.744         -16.295           16.295
    8 (vir)   133          11.854          -3.903          -7.136         -16.043           16.858
 
 
  kpoint:     134             coordinate:     0.0000    0.1429    0.0000
 
    n           k   ϵ_nk^DFT (eV)     Σ^c_nk (eV)     Σ^x_nk (eV)    v_nk^xc (eV)   ϵ_nk^G0W0 (eV)
 
    1 (occ)   134         -20.842           6.895         -26.368         -15.940          -24.376
    2 (occ)   134          -8.464           4.185         -18.777         -13.424           -9.633
    3 (occ)   134          -6.684           3.388         -22.093         -17.617           -7.772
    4 (occ)   134          -5.884           3.190         -22.015         -17.891           -6.819
    5 (vir)   134           7.728          -5.152          -7.713         -16.047           10.910
    6 (vir)   134           9.538          -3.804          -7.490         -15.094           13.339
    7 (vir)   134          11.575          -4.029          -7.739         -16.233           16.039
    8 (vir)   134          11.616          -3.865          -7.157         -15.991           16.585
 
 
  kpoint:     135             coordinate:     0.0000    0.1327    0.0000
 
    n           k   ϵ_nk^DFT (eV)     Σ^c_nk (eV)     Σ^x_nk (eV)    v_nk^xc (eV)   ϵ_nk^G0W0 (eV)
 
    1 (occ)   135         -20.893           6.910         -26.372         -15.925          -24.431
    2 (occ)   135          -8.539           4.205         -18.767         -13.382           -9.719
    3 (occ)   135          -6.494           3.342         -22.090         -17.690           -7.551
    4 (occ)   135          -5.795           3.170         -22.022         -17.930           -6.717
    5 (vir)   135           7.839          -5.200          -7.706         -16.083           11.017
    6 (vir)   135           9.510          -3.804          -7.507         -15.101           13.300
    7 (vir)   135          11.354          -3.995          -7.729         -16.170           15.799
    8 (vir)   135          11.389          -3.829          -7.175         -15.940           16.325
 
 
  kpoint:     136             coordinate:     0.0000    0.1224    0.0000
 
    n           k   ϵ_nk^DFT (eV)     Σ^c_nk (eV)     Σ^x_nk (eV)    v_nk^xc (eV)   ϵ_nk^G0W0 (eV)
 
    1 (occ)   136         -20.940           6.923         -26.376         -15.911          -24.481
    2 (occ)   136          -8.608           4.224         -18.758         -13.343           -9.799
    3 (occ)   136          -6.312           3.299         -22.088         -17.761           -7.340
    4 (occ)   136          -5.709           3.151         -22.031         -17.969           -6.620
    5 (vir)   136           7.943          -5.244          -7.700         -16.117           11.117
    6 (vir)   136           9.483          -3.806          -7.526         -15.108           13.259
    7 (vir)   136          11.143          -3.961          -7.715         -16.108           15.576
    8 (vir)   136          11.173          -3.793          -7.192         -15.891           16.078
 
 
  kpoint:     137             coordinate:     0.0000    0.1122    0.0000
 
    n           k   ϵ_nk^DFT (eV)     Σ^c_nk (eV)     Σ^x_nk (eV)    v_nk^xc (eV)   ϵ_nk^G0W0 (eV)
 
    1 (occ)   137         -20.983           6.936         -26.380         -15.899          -24.528
    2 (occ)   137          -8.671           4.241         -18.750         -13.307           -9.873
    3 (occ)   137          -6.140           3.259         -22.087         -17.829           -7.140
    4 (occ)   137          -5.627           3.133         -22.040         -18.007           -6.526
    5 (vir)   137           8.039          -5.285          -7.693         -16.148           11.209
    6 (vir)   137           9.458          -3.810          -7.548         -15.117           13.217
    7 (vir)   137          10.945          -3.926          -7.694         -16.045           15.371
    8 (vir)   137          10.970          -3.761          -7.208         -15.843           15.845
 
 
  kpoint:     138             coordinate:     0.0000    0.1020    0.0000
 
    n           k   ϵ_nk^DFT (eV)     Σ^c_nk (eV)     Σ^x_nk (eV)    v_nk^xc (eV)   ϵ_nk^G0W0 (eV)
 
    1 (occ)   138         -21.022           6.948         -26.384         -15.888          -24.570
    2 (occ)   138          -8.729           4.257         -18.742         -13.274           -9.940
    3 (occ)   138          -5.979           3.221         -22.088         -17.894           -6.952
    4 (occ)   138          -5.549           3.117         -22.049         -18.044           -6.438
    5 (vir)   138           8.127          -5.323          -7.687         -16.176           11.293
    6 (vir)   138           9.434          -3.815          -7.575         -15.127           13.171
    7 (vir)   138          10.760          -3.889          -7.666         -15.983           15.188
    8 (vir)   138          10.780          -3.730          -7.222         -15.798           15.627
 
 
  kpoint:     139             coordinate:     0.0000    0.0918    0.0000
 
    n           k   ϵ_nk^DFT (eV)     Σ^c_nk (eV)     Σ^x_nk (eV)    v_nk^xc (eV)   ϵ_nk^G0W0 (eV)
 
    1 (occ)   139         -21.058           6.959         -26.387         -15.878          -24.609
    2 (occ)   139          -8.782           4.272         -18.736         -13.245          -10.001
    3 (occ)   139          -5.828           3.186         -22.090         -17.955           -6.777
    4 (occ)   139          -5.476           3.101         -22.059         -18.078           -6.356
    5 (vir)   139           8.207          -5.357          -7.682         -16.201           11.369
    6 (vir)   139           9.412          -3.823          -7.606         -15.139           13.123
    7 (vir)   139          10.589          -3.852          -7.631         -15.921           15.028
    8 (vir)   139          10.605          -3.703          -7.236         -15.757           15.424
 
 
  kpoint:     140             coordinate:     0.0000    0.0816    0.0000
 
    n           k   ϵ_nk^DFT (eV)     Σ^c_nk (eV)     Σ^x_nk (eV)    v_nk^xc (eV)   ϵ_nk^G0W0 (eV)
 
    1 (occ)   140         -21.091           6.968         -26.390         -15.869          -24.643
    2 (occ)   140          -8.828           4.284         -18.730         -13.219          -10.055
    3 (occ)   140          -5.690           3.155         -22.093         -18.012           -6.617
    4 (occ)   140          -5.409           3.087         -22.069         -18.111           -6.280
    5 (vir)   140           8.279          -5.388          -7.676         -16.223           11.438
    6 (vir)   140           9.393          -3.834          -7.642         -15.154           13.071
    7 (vir)   140          10.433          -3.812          -7.586         -15.858           14.894
    8 (vir)   140          10.446          -3.679          -7.250         -15.719           15.236
 
 
  kpoint:     141             coordinate:     0.0000    0.0714    0.0000
 
    n           k   ϵ_nk^DFT (eV)     Σ^c_nk (eV)     Σ^x_nk (eV)    v_nk^xc (eV)   ϵ_nk^G0W0 (eV)
 
    1 (occ)   141         -21.119           6.977         -26.393         -15.861          -24.674
    2 (occ)   141          -8.870           4.295         -18.725         -13.196          -10.103
    3 (occ)   141          -5.566           3.127         -22.097         -18.064           -6.472
    4 (occ)   141          -5.348           3.075         -22.079         -18.141           -6.211
    5 (vir)   141           8.343          -5.415          -7.672         -16.243           11.499
    6 (vir)   141           9.375          -3.846          -7.684         -15.170           13.015
    7 (vir)   141          10.293          -3.769          -7.531         -15.796           14.788
    8 (vir)   141          10.303          -3.659          -7.267         -15.687           15.063
 
 
  kpoint:     142             coordinate:     0.0000    0.0612    0.0000
 
    n           k   ϵ_nk^DFT (eV)     Σ^c_nk (eV)     Σ^x_nk (eV)    v_nk^xc (eV)   ϵ_nk^G0W0 (eV)
 
    1 (occ)   142         -21.144           6.985         -26.395         -15.854          -24.700
    2 (occ)   142          -8.906           4.305         -18.720         -13.176          -10.145
    3 (occ)   142          -5.456           3.102         -22.101         -18.110           -6.344
    4 (occ)   142          -5.294           3.064         -22.088         -18.168           -6.150
    5 (vir)   142           8.398          -5.439          -7.668         -16.260           11.551
    6 (vir)   142           9.359          -3.861          -7.732         -15.189           12.955
    7 (vir)   142          10.169          -3.722          -7.466         -15.733           14.714
    8 (vir)   142          10.177          -3.645          -7.287         -15.660           14.905
 
 
  kpoint:     143             coordinate:     0.0000    0.0510    0.0000
 
    n           k   ϵ_nk^DFT (eV)     Σ^c_nk (eV)     Σ^x_nk (eV)    v_nk^xc (eV)   ϵ_nk^G0W0 (eV)
 
    1 (occ)   143         -21.165           6.991         -26.397         -15.849          -24.722
    2 (occ)   143          -8.936           4.313         -18.716         -13.159          -10.180
    3 (occ)   143          -5.361           3.081         -22.105         -18.151           -6.233
    4 (occ)   143          -5.247           3.055         -22.096         -18.192           -6.097
    5 (vir)   143           8.445          -5.459          -7.664         -16.275           11.596
    6 (vir)   143           9.345          -3.878          -7.783         -15.210           12.893
    7 (vir)   143          10.063          -3.674          -7.394         -15.673           14.668
    8 (vir)   143          10.070          -3.635          -7.306         -15.638           14.766
 
 
  kpoint:     144             coordinate:     0.0000    0.0408    0.0000
 
    n           k   ϵ_nk^DFT (eV)     Σ^c_nk (eV)     Σ^x_nk (eV)    v_nk^xc (eV)   ϵ_nk^G0W0 (eV)
 
    1 (occ)   144         -21.182           6.996         -26.399         -15.844          -24.741
    2 (occ)   144          -8.961           4.320         -18.713         -13.145          -10.209
    3 (occ)   144          -5.282           3.064         -22.109         -18.185           -6.142
    4 (occ)   144          -5.208           3.047         -22.103         -18.212           -6.053
    5 (vir)   144           8.484          -5.476          -7.661         -16.286           11.633
    6 (vir)   144           9.333          -3.896          -7.838         -15.231           12.831
    7 (vir)   144           9.975          -3.631          -7.331         -15.621           14.635
    8 (vir)   144           9.982          -3.623          -7.315         -15.616           14.660
 
 
  kpoint:     145             coordinate:     0.0000    0.0306    0.0000
 
    n           k   ϵ_nk^DFT (eV)     Σ^c_nk (eV)     Σ^x_nk (eV)    v_nk^xc (eV)   ϵ_nk^G0W0 (eV)
 
    1 (occ)   145         -21.196           7.000         -26.400         -15.840          -24.755
    2 (occ)   145          -8.980           4.325         -18.711         -13.134          -10.231
    3 (occ)   145          -5.220           3.051         -22.112         -18.213           -6.069
    4 (occ)   145          -5.177           3.041         -22.109         -18.228           -6.018
    5 (vir)   145           8.513          -5.489          -7.659         -16.296           11.661
    6 (vir)   145           9.324          -3.913          -7.890         -15.252           12.773
    7 (vir)   145           9.906          -3.598          -7.288         -15.583           14.602
    8 (vir)   145           9.913          -3.606          -7.304         -15.592           14.594
 
 
  kpoint:     146             coordinate:     0.0000    0.0204    0.0000
 
    n           k   ϵ_nk^DFT (eV)     Σ^c_nk (eV)     Σ^x_nk (eV)    v_nk^xc (eV)   ϵ_nk^G0W0 (eV)
 
    1 (occ)   146         -21.205           7.003         -26.401         -15.838          -24.765
    2 (occ)   146          -8.994           4.329         -18.709         -13.127          -10.247
    3 (occ)   146          -5.176           3.041         -22.115         -18.232           -6.017
    4 (occ)   146          -5.155           3.036         -22.113         -18.239           -5.993
    5 (vir)   146           8.535          -5.498          -7.657         -16.302           11.682
    6 (vir)   146           9.317          -3.928          -7.934         -15.270           12.725
    7 (vir)   146           9.856          -3.579          -7.265         -15.559           14.571
    8 (vir)   146           9.863          -3.586          -7.281         -15.568           14.564
 
 
  kpoint:     147             coordinate:     0.0000    0.0102    0.0000
 
    n           k   ϵ_nk^DFT (eV)     Σ^c_nk (eV)     Σ^x_nk (eV)    v_nk^xc (eV)   ϵ_nk^G0W0 (eV)
 
    1 (occ)   147         -21.211           7.005         -26.402         -15.836          -24.771
    2 (occ)   147          -9.002           4.331         -18.708         -13.122          -10.257
    3 (occ)   147          -5.149           3.035         -22.117         -18.244           -5.986
    4 (occ)   147          -5.141           3.034         -22.116         -18.246           -5.978
    5 (vir)   147           8.548          -5.504          -7.656         -16.306           11.694
    6 (vir)   147           9.313          -3.937          -7.964         -15.282           12.693
    7 (vir)   147           9.826          -3.568          -7.255         -15.546           14.549
    8 (vir)   147           9.834          -3.571          -7.260         -15.550           14.553
 
 
  kpoint:     148             coordinate:     0.0000    0.0000    0.0000
 
    n           k   ϵ_nk^DFT (eV)     Σ^c_nk (eV)     Σ^x_nk (eV)    v_nk^xc (eV)   ϵ_nk^G0W0 (eV)
 
    1 (occ)   148         -21.213           7.006         -26.402         -15.836          -24.773
    2 (occ)   148          -9.005           4.332         -18.707         -13.121          -10.260
    3 (occ)   148          -5.140           3.033         -22.118         -18.248           -5.976
    4 (occ)   148          -5.136           3.033         -22.117         -18.249           -5.972
    5 (vir)   148           8.552          -5.506          -7.656         -16.307           11.698
    6 (vir)   148           9.311          -3.941          -7.975         -15.286           12.682
    7 (vir)   148           9.816          -3.565          -7.252         -15.542           14.541
    8 (vir)   148           9.824          -3.565          -7.252         -15.544           14.551
 
