 
  kpoint:       1             coordinate:     0.0000    0.0000    0.0000
 
    n           k   ϵ_nk^DFT (eV)     Σ^c_nk (eV)     Σ^x_nk (eV)    v_nk^xc (eV)   ϵ_nk^G0W0 (eV)
 
    1 (occ)     1         -21.401           9.010         -26.981         -16.247          -23.125
    2 (occ)     1          -8.975           3.812         -18.612         -13.124          -10.651
    3 (occ)     1          -5.147           2.630         -22.689         -18.349           -6.857
    4 (occ)     1          -5.143           2.628         -22.687         -18.349           -6.853
    5 (vir)     1           0.978          -1.986          -1.356          -3.849            1.485
    6 (vir)     1           2.840          -1.999          -1.534          -4.176            3.483
    7 (vir)     1           4.667          -1.878          -1.532          -3.644            4.902
    8 (vir)     1           7.719          -4.764          -7.320         -14.324            9.958
    9 (vir)     1           7.724          -4.770          -7.318         -14.324            9.960
   10 (vir)     1           8.482          -5.480          -5.314         -12.066            9.753
   11 (vir)     1           9.391          -4.542          -5.310         -11.153           10.692
   12 (vir)     1          12.829          -4.610          -1.579          -7.068           13.708
   13 (vir)     1          14.320          -3.074          -2.295          -6.571           15.523
   14 (vir)     1          21.897          -6.494          -2.503          -9.925           22.825
   15 (vir)     1          27.513          -3.812          -3.898         -11.328           31.132
   16 (vir)     1          27.514          -3.799          -3.882         -11.327           31.160
   17 (vir)     1          31.111          -4.634          -2.158          -9.838           34.156
   18 (vir)     1          31.111          -4.777          -2.099          -9.839           34.074
   19 (vir)     1          31.389          -5.410          -2.010          -9.881           33.850
   20 (vir)     1          35.037          -4.231          -0.789          -7.406           37.422
   21 (vir)     1          35.038          -4.241          -0.783          -7.405           37.418
   22 (vir)     1          38.009          -7.127          -2.755         -12.038           40.165
   23 (vir)     1          38.010          -9.845          -2.786         -12.037           37.415
   24 (vir)     1          43.870          -8.107          -3.302         -11.664           44.125
   25 (vir)     1          46.226          -1.199          -0.768          -8.552           52.811
   26 (vir)     1          53.738          -0.556          -1.872         -10.407           61.718
   27 (vir)     1          54.796          -1.943          -3.048         -13.824           63.629
   28 (vir)     1          55.591          -3.622          -2.356         -12.914           62.526
   29 (vir)     1          55.594          -6.168          -2.547         -12.915           59.794
   30 (vir)     1          59.062          -2.908          -2.722         -11.301           64.733
   31 (vir)     1          59.063          -1.070          -2.622         -11.300           66.671
   32 (vir)     1          70.156          -9.711          -3.962         -16.073           72.556
   33 (vir)     1          70.158          -1.539          -4.031         -16.070           80.658
   34 (vir)     1          76.804          -2.927          -3.003         -14.829           85.702
   35 (vir)     1          77.359          -0.521          -2.406         -12.883           87.315
   36 (vir)     1          77.988           0.657          -1.931         -10.581           87.295
   37 (vir)     1          77.990          -1.551          -1.866         -10.579           85.152
   38 (vir)     1          81.748           0.001          -3.010         -10.758           89.496
   39 (vir)     1          81.751          -0.125          -1.832         -10.756           90.550
   40 (vir)     1          88.859          -1.404          -2.292         -11.145           96.308
   41 (vir)     1          88.862           0.951          -1.560         -11.146           99.400
   42 (vir)     1          96.661          -3.053          -2.236         -15.407          106.779
   43 (vir)     1         103.174          -0.281           5.936          -9.024          117.854
   44 (vir)     1         103.179           5.937           9.592          -9.023          127.731
   45 (vir)     1         106.234          -2.270          -2.983         -17.065          118.047
   46 (vir)     1         107.346          -1.295          -1.861         -14.434          118.624
   47 (vir)     1         107.349          -1.096          -2.308         -14.434          118.380
   48 (vir)     1         115.562           0.864           2.412         -11.946          130.783
   49 (vir)     1         115.566           4.237           5.083         -11.944          136.829
   50 (vir)     1         133.368          -1.442          -1.879         -15.282          145.329
   51 (vir)     1         133.372          -0.442          -1.768         -15.283          146.445
   52 (vir)     1         152.138          -0.156          -1.678         -16.828          167.132
   53 (vir)     1         152.147          -0.440          -3.113         -16.827          165.420
   54 (vir)     1         166.850           6.187          -0.245          -9.815          182.607
   55 (vir)     1         175.312          -1.124          -1.515         -18.574          191.248
   56 (vir)     1         175.314          -0.910          -1.988         -18.575          190.990
   57 (vir)     1         183.973           4.784          -3.093         -16.999          202.663
   58 (vir)     1         234.125           1.412          -1.054         -17.079          251.561
 
 
  kpoint:       2             coordinate:     0.0068    0.0068    0.0000
 
    n           k   ϵ_nk^DFT (eV)     Σ^c_nk (eV)     Σ^x_nk (eV)    v_nk^xc (eV)   ϵ_nk^G0W0 (eV)
 
    1 (occ)     2         -21.398           9.009         -26.981         -16.248          -23.122
    2 (occ)     2          -8.972           3.811         -18.612         -13.125          -10.648
    3 (occ)     2          -5.159           2.633         -22.687         -18.343           -6.870
    4 (occ)     2          -5.149           2.629         -22.686         -18.346           -6.859
    5 (vir)     2           0.982          -1.986          -1.356          -3.850            1.490
    6 (vir)     2           2.808          -1.981          -1.506          -4.115            3.436
    7 (vir)     2           4.672          -1.878          -1.532          -3.645            4.907
    8 (vir)     2           7.722          -4.767          -7.316         -14.317            9.956
    9 (vir)     2           7.731          -4.768          -7.320         -14.327            9.970
   10 (vir)     2           8.412          -5.360          -5.244         -11.856            9.664
   11 (vir)     2           9.399          -4.544          -5.312         -11.158           10.701
   12 (vir)     2          12.590          -4.617          -1.643          -7.149           13.479
   13 (vir)     2          14.327          -3.073          -2.299          -6.575           15.530
   14 (vir)     2          21.895          -6.453          -2.497          -9.925           22.869
   15 (vir)     2          27.350          -3.735          -3.616         -10.901           30.900
   16 (vir)     2          27.469          -3.769          -3.861         -11.301           31.141
   17 (vir)     2          30.089          -5.447          -2.164          -9.867           32.344
   18 (vir)     2          31.146          -4.626          -2.118          -9.795           34.198
   19 (vir)     2          31.171          -4.707          -2.115          -9.869           34.218
   20 (vir)     2          34.943          -3.989          -0.909          -7.455           37.500
   21 (vir)     2          34.961          -4.170          -0.828          -7.455           37.418
   22 (vir)     2          38.059          -7.552          -2.725         -11.971           39.754
   23 (vir)     2          38.073          -8.313          -2.744         -11.986           39.003
   24 (vir)     2          43.871          -7.496          -3.299         -11.656           44.732
   25 (vir)     2          46.024          -4.148          -0.894          -8.697           49.679
   26 (vir)     2          48.119          -2.467          -1.493          -8.675           52.834
   27 (vir)     2          54.350          -3.885          -2.860         -13.356           60.961
   28 (vir)     2          55.537          -6.480          -2.529         -12.877           59.405
   29 (vir)     2          55.748          -7.209          -2.594         -13.215           59.161
   30 (vir)     2          59.051          -3.231          -2.733         -11.303           64.390
   31 (vir)     2          61.993          -3.000          -2.657         -12.096           68.432
   32 (vir)     2          70.078          -9.284          -3.949         -16.060           72.905
   33 (vir)     2          70.171          -1.639          -3.987         -16.027           80.572
   34 (vir)     2          75.863           0.607          -2.611         -11.386           85.246
   35 (vir)     2          76.462           2.546          -2.764         -13.294           89.538
   36 (vir)     2          78.110          -1.233          -2.125         -12.028           86.780
   37 (vir)     2          78.778           0.507          -1.670         -12.079           89.694
   38 (vir)     2          80.612          -0.437          -2.413         -11.003           88.765
   39 (vir)     2          81.728          -0.190          -1.712         -10.738           90.563
   40 (vir)     2          88.872          -1.463          -1.974         -11.170           96.605
   41 (vir)     2          89.071           0.135          -1.504         -11.195           98.897
   42 (vir)     2          96.522          -7.768          -2.251         -15.223          101.726
   43 (vir)     2         102.588          -0.267           2.396          -9.969          114.686
   44 (vir)     2         103.053           6.643           8.889          -9.199          127.784
   45 (vir)     2         106.627           0.934          -2.404         -16.331          121.489
   46 (vir)     2         106.754          -2.644          -2.138         -14.871          116.844
   47 (vir)     2         107.312          -1.728          -1.821         -14.427          118.190
   48 (vir)     2         115.229           1.519           2.181         -12.054          130.982
   49 (vir)     2         115.780           1.389           2.381         -11.961          131.511
   50 (vir)     2         126.929          -0.850          -3.042         -15.029          138.066
   51 (vir)     2         133.282          -0.162          -1.885         -15.275          146.510
   52 (vir)     2         133.523          -1.379          -1.983         -15.250          145.411
   53 (vir)     2         152.011          -0.124          -1.636         -16.826          167.077
   54 (vir)     2         167.774          -0.734          -0.118          -9.752          176.673
   55 (vir)     2         175.293          -1.275          -1.749         -18.566          190.835
   56 (vir)     2         175.393          -0.275          -1.943         -18.555          191.730
   57 (vir)     2         184.517           2.240          -3.813         -16.925          199.869
   58 (vir)     2         234.537           0.847          -1.099         -17.071          251.356
 
 
  kpoint:       3             coordinate:     0.0136    0.0136    0.0000
 
    n           k   ϵ_nk^DFT (eV)     Σ^c_nk (eV)     Σ^x_nk (eV)    v_nk^xc (eV)   ϵ_nk^G0W0 (eV)
 
    1 (occ)     3         -21.391           9.007         -26.981         -16.250          -23.115
    2 (occ)     3          -8.961           3.806         -18.611         -13.129          -10.637
    3 (occ)     3          -5.193           2.642         -22.681         -18.326           -6.907
    4 (occ)     3          -5.165           2.633         -22.682         -18.337           -6.876
    5 (vir)     3           0.994          -1.987          -1.357          -3.853            1.503
    6 (vir)     3           2.730          -1.936          -1.437          -3.960            3.317
    7 (vir)     3           4.687          -1.879          -1.532          -3.645            4.922
    8 (vir)     3           7.717          -4.758          -7.309         -14.295            9.946
    9 (vir)     3           7.767          -4.778          -7.320         -14.337           10.006
   10 (vir)     3           8.211          -5.006          -5.008         -11.202            9.399
   11 (vir)     3           9.424          -4.549          -5.318         -11.172           10.728
   12 (vir)     3          11.991          -4.681          -1.861          -7.451           12.900
   13 (vir)     3          14.346          -3.069          -2.310          -6.584           15.550
   14 (vir)     3          21.891          -6.403          -2.492          -9.926           22.923
   15 (vir)     3          25.697          -4.039          -1.577          -7.716           27.797
   16 (vir)     3          27.342          -3.710          -3.798         -11.227           31.061
   17 (vir)     3          27.932          -4.558          -3.761         -11.507           31.121
   18 (vir)     3          31.183          -4.598          -2.126          -9.853           34.313
   19 (vir)     3          31.338          -4.479          -2.167          -9.948           34.640
   20 (vir)     3          34.672          -3.635          -1.123          -7.544           37.457
   21 (vir)     3          34.741          -4.016          -0.937          -7.563           37.351
   22 (vir)     3          38.194          -8.469          -2.657         -11.816           38.885
   23 (vir)     3          38.243          -7.162          -2.675         -11.888           40.293
   24 (vir)     3          42.072          -2.800          -1.555          -8.277           45.993
   25 (vir)     3          43.880         -11.468          -3.301         -11.637           40.748
   26 (vir)     3          46.157          -1.884          -0.783          -8.470           51.961
   27 (vir)     3          53.361          -5.293          -2.819         -12.696           57.945
   28 (vir)     3          55.375          -6.411          -2.494         -12.766           59.236
   29 (vir)     3          55.878          -7.956          -2.728         -13.378           58.572
   30 (vir)     3          59.015          -3.800          -2.754         -11.308           63.769
   31 (vir)     3          64.432          -3.350          -2.645         -12.534           70.971
   32 (vir)     3          69.844          -6.549          -3.914         -15.976           75.357
   33 (vir)     3          70.202          -3.688          -3.876         -15.885           78.523
   34 (vir)     3          73.536          -0.089          -2.348         -10.860           81.959
   35 (vir)     3          75.632           0.255          -2.424         -11.615           85.078
   36 (vir)     3          77.566          -0.357          -1.784         -11.778           87.202
   37 (vir)     3          78.298          -3.646          -2.477         -13.504           85.679
   38 (vir)     3          79.349           0.822          -1.696         -12.795           91.271
   39 (vir)     3          81.644           3.071          -1.403         -10.686           93.999
   40 (vir)     3          88.952           2.058          -1.794         -11.267          100.483
   41 (vir)     3          89.541          -0.572          -1.434         -11.275           98.809
   42 (vir)     3          95.891          -6.340          -2.119         -14.355          101.787
   43 (vir)     3         101.551          -2.248          -2.536         -10.926          107.692
   44 (vir)     3         102.750           6.438           6.519          -9.673          125.380
   45 (vir)     3         102.805          -2.457          -2.740         -16.408          114.017
   46 (vir)     3         107.198           1.238          -1.714         -14.399          121.122
   47 (vir)     3         107.220          -1.092          -2.969         -15.802          118.961
   48 (vir)     3         110.091          -1.851          -0.941         -12.874          120.173
   49 (vir)     3         114.412          -3.086          -2.526         -12.300          121.101
   50 (vir)     3         116.250           1.109           2.194         -12.057          131.611
   51 (vir)     3         133.036          -1.030          -1.927         -15.247          145.327
   52 (vir)     3         133.863          -1.263          -2.162         -15.208          145.646
   53 (vir)     3         151.619          -0.187          -1.514         -16.818          166.736
   54 (vir)     3         169.918          -0.370          -0.364          -9.898          179.082
   55 (vir)     3         175.201          -3.867          -2.213         -18.550          187.671
   56 (vir)     3         175.686          -1.434          -1.868         -18.237          190.622
   57 (vir)     3         186.199          -1.135          -6.072         -16.696          195.688
   58 (vir)     3         235.699          -1.984          -1.188         -17.054          249.580
 
 
  kpoint:       4             coordinate:     0.0204    0.0204    0.0000
 
    n           k   ϵ_nk^DFT (eV)     Σ^c_nk (eV)     Σ^x_nk (eV)    v_nk^xc (eV)   ϵ_nk^G0W0 (eV)
 
    1 (occ)     4         -21.377           9.003         -26.981         -16.253          -23.102
    2 (occ)     4          -8.943           3.799         -18.609         -13.135          -10.618
    3 (occ)     4          -5.250           2.657         -22.673         -18.297           -6.969
    4 (occ)     4          -5.192           2.640         -22.676         -18.323           -6.904
    5 (vir)     4           1.015          -1.989          -1.359          -3.857            1.523
    6 (vir)     4           2.643          -1.884          -1.356          -3.774            3.177
    7 (vir)     4           4.712          -1.881          -1.533          -3.647            4.947
    8 (vir)     4           7.710          -4.748          -7.296         -14.263            9.929
    9 (vir)     4           7.826          -4.793          -7.319         -14.350           10.064
   10 (vir)     4           7.926          -4.514          -4.624         -10.227            9.015
   11 (vir)     4           9.465          -4.558          -5.328         -11.196           10.774
   12 (vir)     4          11.334          -4.839          -2.227          -8.016           12.285
   13 (vir)     4          14.378          -3.067          -2.326          -6.599           15.583
   14 (vir)     4          21.898          -6.376          -2.497          -9.934           22.959
   15 (vir)     4          22.775          -4.199          -1.161          -6.584           23.998
   16 (vir)     4          27.145          -3.703          -3.705         -11.114           30.850
   17 (vir)     4          27.454          -4.012          -3.849         -11.500           31.093
   18 (vir)     4          31.239          -4.493          -2.162          -9.922           34.506
   19 (vir)     4          31.596          -4.170          -2.217         -10.038           35.247
   20 (vir)     4          34.255          -3.295          -1.250          -7.581           37.291
   21 (vir)     4          34.404          -3.886          -1.064          -7.650           37.104
   22 (vir)     4          38.382          -7.482          -2.589         -11.653           39.964
   23 (vir)     4          38.476          -7.072          -2.643         -11.817           40.578
   24 (vir)     4          39.862          -2.501          -1.638          -8.461           44.184
   25 (vir)     4          43.907          -7.842          -3.315         -11.622           44.372
   26 (vir)     4          45.875          -2.983          -0.831          -8.583           50.644
   27 (vir)     4          51.979          -4.273          -2.768         -11.884           56.821
   28 (vir)     4          55.127          -6.824          -2.468         -12.592           58.427
   29 (vir)     4          55.862          -1.363          -2.748         -13.401           65.151
   30 (vir)     4          58.950          -3.870          -2.758         -11.315           63.637
   31 (vir)     4          65.743          -2.764          -2.533         -12.653           73.099
   32 (vir)     4          69.434          -6.088          -3.749         -15.533           75.130
   33 (vir)     4          70.234          -7.463          -3.716         -15.554           74.609
   34 (vir)     4          71.051          -0.798          -1.921         -11.108           79.440
   35 (vir)     4          74.164           0.400          -1.893         -12.428           85.099
   36 (vir)     4          74.581          -4.674          -2.052         -10.900           78.754
   37 (vir)     4          78.398          -3.678          -2.588         -13.942           86.075
   38 (vir)     4          79.765          -4.081          -2.196         -13.566           87.053
   39 (vir)     4          81.465           0.314          -1.046         -10.608           91.340
   40 (vir)     4          89.147           4.078          -2.079         -11.457          102.603
   41 (vir)     4          90.005           0.093          -1.591         -11.281           99.787
   42 (vir)     4          94.429          -0.085          -1.099         -12.879          106.123
   43 (vir)     4          99.150          -1.961          -2.387         -16.535          111.338
   44 (vir)     4         100.651          -9.416          -4.889         -11.460           97.806
   45 (vir)     4         102.444           2.885           2.959         -10.315          118.603
   46 (vir)     4         106.942          -0.290          -1.471         -14.265          119.447
   47 (vir)     4         107.642          -4.931          -3.867         -15.590          114.434
   48 (vir)     4         107.880          -0.349          -0.351         -13.397          120.577
   49 (vir)     4         113.451          -4.184          -4.235         -12.589          117.622
   50 (vir)     4         116.658          -0.375           1.634         -12.258          130.176
   51 (vir)     4         132.667          -1.116          -1.599         -15.193          145.146
   52 (vir)     4         134.187          -1.304          -2.068         -15.217          146.032
   53 (vir)     4         150.933          -0.439          -1.372         -16.806          165.928
   54 (vir)     4         171.800          -2.241          -0.789         -11.461          180.231
   55 (vir)     4         174.965          -1.525          -2.443         -18.549          189.545
   56 (vir)     4         176.447          -2.275          -1.938         -16.581          188.816
   57 (vir)     4         189.103          -5.708          -9.441         -16.264          190.218
   58 (vir)     4         237.427          -3.214          -1.206         -17.045          250.052
 
 
  kpoint:       5             coordinate:     0.0272    0.0272    0.0000
 
    n           k   ϵ_nk^DFT (eV)     Σ^c_nk (eV)     Σ^x_nk (eV)    v_nk^xc (eV)   ϵ_nk^G0W0 (eV)
 
    1 (occ)     5         -21.359           8.996         -26.979         -16.257          -23.085
    2 (occ)     5          -8.918           3.789         -18.606         -13.142          -10.593
    3 (occ)     5          -5.329           2.678         -22.661         -18.259           -7.054
    4 (occ)     5          -5.230           2.649         -22.667         -18.303           -6.944
    5 (vir)     5           1.045          -1.991          -1.361          -3.861            1.553
    6 (vir)     5           2.575          -1.835          -1.284          -3.608            3.063
    7 (vir)     5           4.748          -1.882          -1.533          -3.650            4.982
    8 (vir)     5           7.636          -4.061          -4.236          -9.299            8.638
    9 (vir)     5           7.700          -4.737          -7.278         -14.223            9.908
   10 (vir)     5           7.907          -4.813          -7.315         -14.365           10.144
   11 (vir)     5           9.523          -4.571          -5.344         -11.230           10.838
   12 (vir)     5          10.838          -5.008          -2.604          -8.633           11.859
   13 (vir)     5          14.422          -3.070          -2.345          -6.618           15.625
   14 (vir)     5          21.048          -4.366          -1.105          -6.286           21.862
   15 (vir)     5          21.924          -6.357          -2.506          -9.951           23.012
   16 (vir)     5          26.875          -3.770          -3.596         -10.966           30.476
   17 (vir)     5          27.158          -4.028          -3.708         -11.264           30.685
   18 (vir)     5          31.301          -4.349          -2.240          -9.986           34.698
   19 (vir)     5          31.918          -3.859          -2.260         -10.113           35.912
   20 (vir)     5          33.729          -3.102          -1.274          -7.536           36.889
   21 (vir)     5          33.973          -3.839          -1.175          -7.671           36.630
   22 (vir)     5          38.590          -6.326          -2.543         -11.529           41.250
   23 (vir)     5          38.734          -6.951          -2.631         -11.792           40.944
   24 (vir)     5          39.005          -2.454          -1.672          -8.595           43.474
   25 (vir)     5          43.957          -7.108          -3.339         -11.620           45.130
   26 (vir)     5          45.550          -2.632          -0.904          -8.699           50.713
   27 (vir)     5          50.260          -4.213          -2.487         -10.974           54.535
   28 (vir)     5          54.815          -5.254          -2.437         -12.360           59.484
   29 (vir)     5          55.742          -3.200          -2.735         -13.361           63.168
   30 (vir)     5          58.850          -3.589          -2.728         -11.319           63.851
   31 (vir)     5          66.355          -2.072          -2.412         -12.605           74.477
   32 (vir)     5          68.524          -2.270          -1.765         -11.387           75.875
   33 (vir)     5          69.106          -4.813          -3.354         -15.016           75.956
   34 (vir)     5          70.235          -5.650          -3.647         -15.135           76.073
   35 (vir)     5          71.277          -0.571          -2.181         -12.670           81.195
   36 (vir)     5          73.561          -2.419          -1.957         -11.206           80.391
   37 (vir)     5          78.365          -2.933          -2.522         -13.802           86.712
   38 (vir)     5          80.196          -4.612          -2.683         -14.333           87.234
   39 (vir)     5          81.146           0.032          -0.833         -10.520           90.865
   40 (vir)     5          89.412          -1.954          -1.843         -11.724           97.339
   41 (vir)     5          90.322           1.090          -2.148         -11.182          100.445
   42 (vir)     5          93.152          -0.323          -0.399         -12.165          104.596
   43 (vir)     5          98.302          -3.828          -2.412         -16.490          108.551
   44 (vir)     5          99.983          -8.209          -4.544         -11.716           98.945
   45 (vir)     5         102.292          -1.971          -0.291         -10.992          111.021
   46 (vir)     5         106.337          -0.734          -1.051         -13.947          118.499
   47 (vir)     5         107.194          -0.266          -0.989         -13.973          119.912
   48 (vir)     5         107.885          -4.036          -4.103         -15.392          115.138
   49 (vir)     5         112.565          -4.878          -3.482         -12.933          117.138
   50 (vir)     5         116.837          -1.430           0.577         -12.514          128.498
   51 (vir)     5         132.194          -1.750          -1.125         -15.118          144.436
   52 (vir)     5         134.408          -1.242          -1.681         -15.277          146.761
   53 (vir)     5         149.923          -0.700          -1.357         -16.789          164.654
   54 (vir)     5         172.387          -1.218          -0.903         -13.931          184.197
   55 (vir)     5         174.556          -1.319          -2.317         -18.521          189.443
   56 (vir)     5         177.726          -2.934          -1.880         -14.205          187.116
   57 (vir)     5         193.090          -4.195         -11.939         -15.661          192.618
   58 (vir)     5         239.521          -3.074          -1.106         -17.051          252.391
 
 
  kpoint:       6             coordinate:     0.0340    0.0340    0.0000
 
    n           k   ϵ_nk^DFT (eV)     Σ^c_nk (eV)     Σ^x_nk (eV)    v_nk^xc (eV)   ϵ_nk^G0W0 (eV)
 
    1 (occ)     6         -21.335           8.987         -26.977         -16.263          -23.061
    2 (occ)     6          -8.886           3.777         -18.602         -13.152          -10.560
    3 (occ)     6          -5.429           2.705         -22.648         -18.212           -7.160
    4 (occ)     6          -5.278           2.661         -22.655         -18.278           -6.994
    5 (vir)     6           1.085          -1.993          -1.363          -3.864            1.593
    6 (vir)     6           2.536          -1.795          -1.231          -3.481            2.990
    7 (vir)     6           4.793          -1.884          -1.535          -3.655            5.029
    8 (vir)     6           7.398          -3.748          -3.961          -8.661            8.350
    9 (vir)     6           7.690          -4.726          -7.257         -14.177            9.884
   10 (vir)     6           8.007          -4.835          -7.306         -14.375           10.241
   11 (vir)     6           9.597          -4.589          -5.364         -11.276           10.921
   12 (vir)     6          10.506          -5.109          -2.874          -9.069           11.592
   13 (vir)     6          14.477          -3.081          -2.362          -6.642           15.676
   14 (vir)     6          20.109          -4.270          -1.095          -6.197           20.941
   15 (vir)     6          21.970          -6.385          -2.511          -9.978           23.051
   16 (vir)     6          26.527          -3.868          -3.472         -10.772           29.958
   17 (vir)     6          26.898          -4.413          -3.591         -11.064           29.957
   18 (vir)     6          31.361          -4.237          -2.351         -10.036           34.809
   19 (vir)     6          32.285          -3.596          -2.300         -10.159           36.549
   20 (vir)     6          33.125          -3.370          -1.254          -7.420           35.922
   21 (vir)     6          33.461          -3.886          -1.250          -7.611           35.936
   22 (vir)     6          38.596          -3.018          -1.674          -8.634           42.538
   23 (vir)     6          38.794          -5.826          -2.524         -11.459           41.903
   24 (vir)     6          38.991          -6.765          -2.612         -11.793           41.407
   25 (vir)     6          44.025          -8.880          -3.374         -11.633           43.404
   26 (vir)     6          45.186          -1.489          -1.020          -8.839           51.517
   27 (vir)     6          48.350          -2.305          -2.026         -10.135           54.154
   28 (vir)     6          54.458          -3.685          -2.382         -12.076           60.467
   29 (vir)     6          55.564          -5.608          -2.712         -13.293           60.537
   30 (vir)     6          58.702          -3.298          -2.683         -11.315           64.036
   31 (vir)     6          66.482          -0.901          -2.435         -12.509           75.655
   32 (vir)     6          66.776          -1.219          -1.435         -10.999           75.121
   33 (vir)     6          68.206          -6.808          -3.485         -15.070           72.982
   34 (vir)     6          68.822          -3.790          -2.380         -12.616           75.269
   35 (vir)     6          70.142          -3.994          -3.457         -14.337           77.028
   36 (vir)     6          72.810          -2.476          -2.340         -12.487           80.481
   37 (vir)     6          78.221          -2.825          -2.377         -13.535           86.554
   38 (vir)     6          80.654          -0.150          -0.914         -10.455           90.045
   39 (vir)     6          80.676          -7.084          -2.874         -14.904           85.622
   40 (vir)     6          89.567           0.779          -1.057         -11.902          101.191
   41 (vir)     6          90.565           0.474          -2.455         -11.142           99.726
   42 (vir)     6          92.355          -0.637          -1.058         -11.808          102.468
   43 (vir)     6          98.064          -4.684          -2.443         -16.400          107.337
   44 (vir)     6          99.495          -3.761          -2.907         -11.786          104.613
   45 (vir)     6         102.379          -4.333          -2.293         -11.604          107.358
   46 (vir)     6         105.522          -0.541          -1.418         -13.981          117.544
   47 (vir)     6         106.834          -0.214          -1.368         -14.127          119.379
   48 (vir)     6         107.962          -2.400          -3.595         -15.075          117.043
   49 (vir)     6         111.865          -2.167          -2.928         -13.401          120.171
   50 (vir)     6         116.773          -1.004          -0.696         -12.780          127.853
   51 (vir)     6         131.623          -2.180          -0.868         -15.035          143.610
   52 (vir)     6         134.527          -1.985          -1.344         -15.363          146.561
   53 (vir)     6         148.576          -1.197          -1.586         -16.771          162.564
   54 (vir)     6         171.879          -0.822          -1.073         -15.485          185.467
   55 (vir)     6         174.082          -1.921          -2.053         -18.319          188.427
   56 (vir)     6         178.914          -1.571          -1.352         -12.952          188.943
   57 (vir)     6         197.675          -3.938         -11.454         -15.055          197.337
   58 (vir)     6         241.807          -2.747          -0.990         -17.070          255.139
 
 
  kpoint:       7             coordinate:     0.0408    0.0408    0.0000
 
    n           k   ϵ_nk^DFT (eV)     Σ^c_nk (eV)     Σ^x_nk (eV)    v_nk^xc (eV)   ϵ_nk^G0W0 (eV)
 
    1 (occ)     7         -21.306           8.977         -26.974         -16.270          -23.033
    2 (occ)     7          -8.847           3.761         -18.597         -13.163          -10.520
    3 (occ)     7          -5.547           2.738         -22.635         -18.158           -7.286
    4 (occ)     7          -5.336           2.676         -22.641         -18.247           -7.054
    5 (vir)     7           1.134          -1.993          -1.364          -3.868            1.644
    6 (vir)     7           2.523          -1.766          -1.195          -3.393            2.955
    7 (vir)     7           4.849          -1.887          -1.536          -3.662            5.087
    8 (vir)     7           7.221          -3.567          -3.812          -8.310            8.151
    9 (vir)     7           7.681          -4.715          -7.236         -14.130            9.860
   10 (vir)     7           8.124          -4.859          -7.287         -14.375           10.353
   11 (vir)     7           9.689          -4.613          -5.387         -11.335           11.025
   12 (vir)     7          10.275          -5.137          -3.021          -9.283           11.401
   13 (vir)     7          14.543          -3.100          -2.377          -6.668           15.734
   14 (vir)     7          19.557          -4.130          -1.100          -6.169           20.496
   15 (vir)     7          22.035          -6.443          -2.513         -10.013           23.092
   16 (vir)     7          26.114          -4.015          -3.341         -10.536           29.294
   17 (vir)     7          26.661          -5.144          -3.497         -10.904           28.925
   18 (vir)     7          31.412          -4.172          -2.465         -10.067           34.842
   19 (vir)     7          32.469          -3.657          -1.223          -7.262           34.850
   20 (vir)     7          32.678          -3.737          -2.331         -10.167           36.778
   21 (vir)     7          32.876          -3.965          -1.276          -7.470           35.105
   22 (vir)     7          38.364          -3.374          -1.660          -8.610           41.939
   23 (vir)     7          38.980          -5.600          -2.526         -11.432           42.287
   24 (vir)     7          39.235          -6.584          -2.581         -11.802           41.872
   25 (vir)     7          44.081          -8.832          -3.412         -11.620           43.456
   26 (vir)     7          44.799           3.951          -1.181          -9.009           56.578
   27 (vir)     7          46.463          -1.071          -1.589          -9.549           53.351
   28 (vir)     7          54.076          -3.042          -2.309         -11.755           60.480
   29 (vir)     7          55.363          -6.597          -2.684         -13.212           59.293
   30 (vir)     7          58.490          -2.983          -2.668         -11.297           64.135
   31 (vir)     7          65.312          -1.138          -1.804         -11.493           73.863
   32 (vir)     7          65.965          -1.671          -3.011         -12.902           74.184
   33 (vir)     7          66.902          -3.138          -2.031         -11.849           73.581
   34 (vir)     7          67.239          -8.035          -3.133         -14.046           70.116
   35 (vir)     7          69.919          -6.815          -3.305         -13.639           73.438
   36 (vir)     7          72.444          -5.430          -2.972         -14.057           78.099
   37 (vir)     7          77.998          -2.619          -2.189         -13.293           86.483
   38 (vir)     7          79.984          -0.356          -1.283         -10.459           88.804
   39 (vir)     7          81.185           3.041          -2.855         -15.261           96.632
   40 (vir)     7          89.384           0.753          -1.119         -11.786          100.803
   41 (vir)     7          90.932           0.187          -1.326         -11.373          101.166
   42 (vir)     7          91.765          -1.209          -2.382         -11.587           99.761
   43 (vir)     7          97.990          -5.091          -2.442         -16.323          106.781
   44 (vir)     7          99.114          -0.009          -1.299         -11.758          109.564
   45 (vir)     7         102.716          -4.343          -3.235         -12.088          107.225
   46 (vir)     7         104.761          -3.363          -1.917         -14.145          113.626
   47 (vir)     7         106.488          -0.501          -1.605         -14.121          118.503
   48 (vir)     7         107.855          -1.212          -2.955         -14.617          118.304
   49 (vir)     7         111.414          -2.594          -3.497         -14.011          119.334
   50 (vir)     7         116.507           0.393          -1.672         -13.038          128.266
   51 (vir)     7         130.965          -2.229          -0.968         -14.962          142.730
   52 (vir)     7         134.573          -0.408          -1.313         -15.454          148.305
   53 (vir)     7         146.918          -2.339          -1.991         -16.755          159.343
   54 (vir)     7         170.550          -1.349          -1.324         -16.301          184.178
   55 (vir)     7         173.667          -5.493          -1.887         -18.069          184.357
   56 (vir)     7         179.717           0.204          -0.574         -12.419          191.766
   57 (vir)     7         202.290          -0.668          -7.855         -14.548          208.315
   58 (vir)     7         244.155           1.763          -0.958         -17.090          262.049
 
 
  kpoint:       8             coordinate:     0.0476    0.0476    0.0000
 
    n           k   ϵ_nk^DFT (eV)     Σ^c_nk (eV)     Σ^x_nk (eV)    v_nk^xc (eV)   ϵ_nk^G0W0 (eV)
 
    1 (occ)     8         -21.271           8.964         -26.970         -16.278          -22.999
    2 (occ)     8          -8.801           3.742         -18.591         -13.176          -10.473
    3 (occ)     8          -5.682           2.776         -22.623         -18.098           -7.432
    4 (occ)     8          -5.404           2.692         -22.624         -18.212           -7.125
    5 (vir)     8           1.192          -1.995          -1.365          -3.872            1.705
    6 (vir)     8           2.533          -1.746          -1.175          -3.337            2.950
    7 (vir)     8           4.914          -1.891          -1.539          -3.672            5.155
    8 (vir)     8           7.094          -3.487          -3.764          -8.172            8.015
    9 (vir)     8           7.673          -4.702          -7.215         -14.082            9.838
   10 (vir)     8           8.256          -4.883          -7.256         -14.359           10.475
   11 (vir)     8           9.799          -4.644          -5.415         -11.410           11.151
   12 (vir)     8          10.101          -5.109          -3.070          -9.316           11.238
   13 (vir)     8          14.620          -3.127          -2.389          -6.695           15.799
   14 (vir)     8          19.201          -4.013          -1.118          -6.164           20.234
   15 (vir)     8          22.117          -6.481          -2.519         -10.055           23.172
   16 (vir)     8          25.661          -4.194          -3.212         -10.278           28.533
   17 (vir)     8          26.441          -5.671          -3.407         -10.766           28.128
   18 (vir)     8          31.452          -4.120          -2.554         -10.077           34.855
   19 (vir)     8          31.781          -4.024          -1.189          -7.085           33.652
   20 (vir)     8          32.227          -3.953          -1.249          -7.258           34.283
   21 (vir)     8          33.082          -7.008          -2.337         -10.134           33.870
   22 (vir)     8          38.213          -3.402          -1.632          -8.538           41.717
   23 (vir)     8          39.139          -5.658          -2.541         -11.427           42.367
   24 (vir)     8          39.455          -6.636          -2.550         -11.810           42.079
   25 (vir)     8          43.901          -3.592          -2.994         -10.867           48.182
   26 (vir)     8          44.408          -5.549          -1.366          -9.214           46.707
   27 (vir)     8          44.973          -1.551          -1.775          -9.971           51.617
   28 (vir)     8          53.686          -2.792          -2.237         -11.419           60.077
   29 (vir)     8          55.158          -6.271          -2.659         -13.122           59.350
   30 (vir)     8          58.187          -2.702          -2.709         -11.258           64.035
   31 (vir)     8          64.087          -4.130          -3.109         -12.799           69.647
   32 (vir)     8          64.149          -2.099          -2.153         -11.896           71.792
   33 (vir)     8          66.176          -3.835          -2.981         -13.183           72.545
   34 (vir)     8          66.211          -2.089          -2.048         -11.410           73.485
   35 (vir)     8          69.598          -3.171          -3.281         -13.402           76.548
   36 (vir)     8          72.400          -1.904          -3.448         -15.117           82.165
   37 (vir)     8          77.716          -2.202          -2.032         -13.089           86.571
   38 (vir)     8          79.170          -0.827          -1.744         -10.578           87.177
   39 (vir)     8          81.695          -0.668          -2.787         -15.450           93.690
   40 (vir)     8          88.892          -0.514          -1.541         -11.622           98.458
   41 (vir)     8          91.233          -1.457          -3.295         -11.453           97.934
   42 (vir)     8          91.414           0.986          -0.120         -11.626          103.905
   43 (vir)     8          97.982          -4.626          -2.433         -16.258          107.181
   44 (vir)     8          98.783           1.888          -0.488         -11.709          111.893
   45 (vir)     8         103.256          -3.423          -3.716         -12.416          108.533
   46 (vir)     8         104.122          -2.481          -2.140         -14.317          113.817
   47 (vir)     8         106.100          -5.206          -1.794         -14.074          113.174
   48 (vir)     8         107.564          -1.944          -2.907         -14.149          116.863
   49 (vir)     8         111.227          -2.869          -4.196         -14.641          118.802
   50 (vir)     8         116.091           0.149          -2.127         -13.286          127.399
   51 (vir)     8         130.244          -2.611          -1.415         -14.911          141.128
   52 (vir)     8         134.575          -0.226          -1.580         -15.537          148.307
   53 (vir)     8         145.013           1.049          -2.339         -16.741          160.464
   54 (vir)     8         168.567          -0.796          -1.407         -16.634          182.998
   55 (vir)     8         173.309           2.976          -1.873         -17.912          192.324
   56 (vir)     8         180.156           0.319           0.045         -12.204          192.723
   57 (vir)     8         206.520          -1.437          -2.776         -14.149          216.456
   58 (vir)     8         246.468          -2.884          -0.949         -17.101          259.736
 
 
  kpoint:       9             coordinate:     0.0544    0.0544    0.0000
 
    n           k   ϵ_nk^DFT (eV)     Σ^c_nk (eV)     Σ^x_nk (eV)    v_nk^xc (eV)   ϵ_nk^G0W0 (eV)
 
    1 (occ)     9         -21.232           8.949         -26.966         -16.288          -22.961
    2 (occ)     9          -8.748           3.721         -18.584         -13.192          -10.419
    3 (occ)     9          -5.834           2.820         -22.614         -18.034           -7.594
    4 (occ)     9          -5.482           2.712         -22.606         -18.172           -7.205
    5 (vir)     9           1.260          -1.997          -1.365          -3.877            1.775
    6 (vir)     9           2.562          -1.734          -1.167          -3.307            2.968
    7 (vir)     9           4.989          -1.897          -1.544          -3.685            5.233
    8 (vir)     9           7.003          -3.477          -3.789          -8.186            7.924
    9 (vir)     9           7.669          -4.689          -7.197         -14.036            9.819
   10 (vir)     9           8.398          -4.908          -7.208         -14.319           10.602
   11 (vir)     9           9.926          -4.682          -5.450         -11.506           11.300
   12 (vir)     9           9.959          -5.036          -3.046          -9.208           11.085
   13 (vir)     9          14.706          -3.158          -2.398          -6.724           15.874
   14 (vir)     9          18.951          -3.965          -1.147          -6.172           20.011
   15 (vir)     9          22.213          -6.489          -2.535         -10.100           23.290
   16 (vir)     9          25.182          -4.316          -3.086         -10.008           27.788
   17 (vir)     9          26.234          -5.740          -3.313         -10.638           27.819
   18 (vir)     9          31.076          -4.246          -1.157          -6.911           32.584
   19 (vir)     9          31.477          -3.952          -2.600         -10.065           34.990
   20 (vir)     9          31.527          -3.762          -1.178          -6.990           33.578
   21 (vir)     9          33.480          -7.047          -2.299         -10.056           34.191
   22 (vir)     9          38.098           1.474          -1.577          -8.424           46.420
   23 (vir)     9          39.267          -6.001          -2.557         -11.405           42.113
   24 (vir)     9          39.645          -6.811          -2.543         -11.814           42.105
   25 (vir)     9          42.814          -3.527          -1.844          -9.387           46.830
   26 (vir)     9          44.030          -2.840          -1.554          -9.461           49.096
   27 (vir)     9          44.634          -7.481          -2.917         -11.373           45.609
   28 (vir)     9          53.305          -3.542          -2.179         -11.096           58.680
   29 (vir)     9          54.957          -5.862          -2.639         -13.025           59.480
   30 (vir)     9          57.760          -2.552          -2.761         -11.197           63.643
   31 (vir)     9          61.938          -4.825          -3.067         -12.425           66.471
   32 (vir)     9          63.204          -3.883          -2.401         -12.192           69.112
   33 (vir)     9          65.094          -1.615          -2.980         -12.595           73.093
   34 (vir)     9          65.705          -2.090          -1.973         -11.132           72.774
   35 (vir)     9          69.240          -1.697          -3.329         -13.467           77.681
   36 (vir)     9          72.551           0.140          -3.684         -15.659           84.666
   37 (vir)     9          77.383          -1.829          -1.956         -12.910           86.507
   38 (vir)     9          78.275          -0.554          -2.057         -10.831           86.495
   39 (vir)     9          82.179          -7.855          -2.772         -15.499           87.051
   40 (vir)     9          88.207          -1.850          -2.156         -11.507           95.708
   41 (vir)     9          90.707          -0.324          -3.224         -11.382           98.541
   42 (vir)     9          91.932           1.313           0.062         -11.799          105.106
   43 (vir)     9          98.005          -3.013          -2.423         -16.201          108.770
   44 (vir)     9          98.468           1.210          -0.561         -11.691          110.809
   45 (vir)     9         103.607          -2.702          -2.145         -14.462          113.222
   46 (vir)     9         103.909          -2.987          -4.254         -12.584          109.251
   47 (vir)     9         105.661          -2.762          -1.890         -14.012          115.022
   48 (vir)     9         107.158          -2.746          -3.160         -13.847          115.098
   49 (vir)     9         111.256          -3.652          -4.301         -15.143          118.447
   50 (vir)     9         115.579          -1.157          -2.321         -13.523          125.624
   51 (vir)     9         129.490          -2.990          -2.218         -14.887          139.170
   52 (vir)     9         134.556          -0.787          -1.976         -15.610          147.404
   53 (vir)     9         142.956          -0.692          -2.437         -16.728          156.554
   54 (vir)     9         166.047          -5.817          -1.112         -16.694          175.812
   55 (vir)     9         172.981           0.108          -1.957         -17.793          188.926
   56 (vir)     9         180.310          -0.539           0.189         -12.171          192.131
   57 (vir)     9         210.118          -3.967           1.736         -13.833          221.719
   58 (vir)     9         248.677          -5.395          -0.803         -17.097          259.575
 
 
  kpoint:      10             coordinate:     0.0612    0.0612    0.0000
 
    n           k   ϵ_nk^DFT (eV)     Σ^c_nk (eV)     Σ^x_nk (eV)    v_nk^xc (eV)   ϵ_nk^G0W0 (eV)
 
    1 (occ)    10         -21.187           8.932         -26.962         -16.299          -22.918
    2 (occ)    10          -8.687           3.697         -18.576         -13.209          -10.357
    3 (occ)    10          -5.999           2.868         -22.606         -17.967           -7.770
    4 (occ)    10          -5.569           2.733         -22.586         -18.127           -7.295
    5 (vir)    10           1.337          -2.001          -1.364          -3.882            1.854
    6 (vir)    10           2.607          -1.729          -1.170          -3.297            3.005
    7 (vir)    10           5.073          -1.903          -1.550          -3.701            5.321
    8 (vir)    10           6.936          -3.513          -3.871          -8.316            7.867
    9 (vir)    10           7.669          -4.676          -7.180         -13.993            9.806
   10 (vir)    10           8.547          -4.930          -7.139         -14.251           10.729
   11 (vir)    10           9.837          -4.919          -2.965          -8.988           10.941
   12 (vir)    10          10.074          -4.727          -5.496         -11.624           11.474
   13 (vir)    10          14.800          -3.186          -2.406          -6.752           15.961
   14 (vir)    10          18.764          -3.978          -1.185          -6.191           19.792
   15 (vir)    10          22.319          -6.493          -2.558         -10.144           23.412
   16 (vir)    10          24.691          -4.360          -2.962          -9.728           27.096
   17 (vir)    10          26.042          -5.392          -3.213         -10.514           27.951
   18 (vir)    10          30.361          -4.131          -1.136          -6.757           31.851
   19 (vir)    10          30.800          -3.555          -1.086          -6.693           32.853
   20 (vir)    10          31.485          -3.736          -2.607         -10.031           35.173
   21 (vir)    10          33.861          -5.177          -2.211          -9.932           36.405
   22 (vir)    10          37.992          -1.657          -1.482          -8.266           43.120
   23 (vir)    10          39.358          -6.199          -2.559         -11.292           41.893
   24 (vir)    10          39.801          -6.603          -2.576         -11.815           42.437
   25 (vir)    10          41.593          -5.271          -1.804          -9.282           43.800
   26 (vir)    10          43.681           0.293          -1.749          -9.758           51.983
   27 (vir)    10          44.693          -3.245          -3.178         -11.647           49.917
   28 (vir)    10          52.943          -3.112          -2.153         -10.809           58.487
   29 (vir)    10          54.765          -5.846          -2.626         -12.920           59.213
   30 (vir)    10          57.131          -2.540          -2.746         -11.132           62.977
   31 (vir)    10          59.833          -3.338          -2.946         -11.945           65.494
   32 (vir)    10          62.416          -4.723          -2.568         -12.394           67.519
   33 (vir)    10          64.042          -1.338          -2.969         -12.218           71.953
   34 (vir)    10          65.213          -3.166          -1.722         -10.912           71.237
   35 (vir)    10          68.872          -0.745          -3.374         -13.608           78.361
   36 (vir)    10          72.817           4.422          -3.763         -15.929           89.406
   37 (vir)    10          77.000          -1.890          -1.932         -12.742           85.921
   38 (vir)    10          77.368          -0.717          -2.149         -11.190           85.693
   39 (vir)    10          82.605          -5.082          -2.867         -15.393           90.049
   40 (vir)    10          87.411          -3.278          -3.310         -11.472           92.295
   41 (vir)    10          90.177          -1.854          -2.390         -11.360           97.292
   42 (vir)    10          92.437           0.818          -0.755         -11.877          104.377
   43 (vir)    10          98.045          -0.843          -2.407         -16.149          110.944
   44 (vir)    10          98.161           3.287          -1.078         -11.751          112.120
   45 (vir)    10         103.183          -2.761          -2.094         -14.568          112.896
   46 (vir)    10         104.478          -3.945          -5.339         -12.586          107.780
   47 (vir)    10         105.177          -3.358          -1.867         -13.949          113.901
   48 (vir)    10         106.814          -2.293          -2.757         -13.773          115.537
   49 (vir)    10         111.433          -4.208          -4.030         -15.505          118.700
   50 (vir)    10         115.028          -2.704          -2.657         -13.741          123.408
   51 (vir)    10         128.743          -3.539          -3.365         -14.891          136.731
   52 (vir)    10         134.531          -2.514          -2.372         -15.673          145.318
   53 (vir)    10         140.849          -0.297          -2.291         -16.709          154.970
   54 (vir)    10         163.094          -1.759          -0.552         -16.594          177.377
   55 (vir)    10         172.675          -0.461          -2.101         -17.666          187.779
   56 (vir)    10         180.250          -2.669          -0.131         -12.274          189.724
   57 (vir)    10         212.958          -5.893           4.348         -13.578          224.992
   58 (vir)    10         250.732          -4.273          -0.489         -17.078          263.049
 
 
  kpoint:      11             coordinate:     0.0680    0.0680    0.0000
 
    n           k   ϵ_nk^DFT (eV)     Σ^c_nk (eV)     Σ^x_nk (eV)    v_nk^xc (eV)   ϵ_nk^G0W0 (eV)
 
    1 (occ)    11         -21.137           8.914         -26.958         -16.312          -22.869
    2 (occ)    11          -8.620           3.669         -18.567         -13.229          -10.289
    3 (occ)    11          -6.176           2.921         -22.602         -17.897           -7.960
    4 (occ)    11          -5.665           2.757         -22.564         -18.078           -7.394
    5 (vir)    11           1.422          -2.005          -1.364          -3.888            1.941
    6 (vir)    11           2.665          -1.729          -1.182          -3.306            3.059
    7 (vir)    11           5.167          -1.912          -1.558          -3.722            5.419
    8 (vir)    11           6.882          -3.585          -3.997          -8.538            7.839
    9 (vir)    11           7.674          -4.665          -7.164         -13.953            9.797
   10 (vir)    11           8.700          -4.947          -7.052         -14.151           10.852
   11 (vir)    11           9.729          -4.758          -2.835          -8.673           10.810
   12 (vir)    11          10.242          -4.781          -5.554         -11.767           11.674
   13 (vir)    11          14.904          -3.206          -2.413          -6.780           16.063
   14 (vir)    11          18.613          -4.014          -1.230          -6.225           19.595
   15 (vir)    11          22.430          -6.509          -2.584         -10.180           23.517
   16 (vir)    11          24.198          -4.392          -2.841          -9.439           26.403
   17 (vir)    11          25.864          -4.902          -3.113         -10.392           28.241
   18 (vir)    11          29.639          -3.973          -1.132          -6.618           31.153
   19 (vir)    11          30.075          -3.364          -1.007          -6.408           32.112
   20 (vir)    11          31.473          -3.580          -2.594          -9.973           35.271
   21 (vir)    11          34.211          -3.935          -2.086          -9.762           37.952
   22 (vir)    11          37.869          -8.316          -1.354          -8.074           36.274
   23 (vir)    11          39.390          -5.413          -2.474         -10.816           42.319
   24 (vir)    11          39.918          -5.786          -2.668         -11.847           43.310
   25 (vir)    11          40.593          -4.401          -2.119          -9.754           43.828
   26 (vir)    11          43.382          -2.263          -1.970         -10.107           49.256
   27 (vir)    11          44.789          -3.828          -3.297         -11.753           49.418
   28 (vir)    11          52.602          -4.380          -2.188         -10.580           56.613
   29 (vir)    11          54.582          -6.368          -2.620         -12.811           58.405
   30 (vir)    11          56.053          -2.776          -2.679         -11.086           61.683
   31 (vir)    11          58.092          -2.478          -2.643         -11.393           64.364
   32 (vir)    11          61.750          -8.246          -2.677         -12.513           63.340
   33 (vir)    11          63.047           3.895          -2.880         -11.973           76.036
   34 (vir)    11          64.786           1.988          -1.493         -10.794           76.075
   35 (vir)    11          68.497          -0.432          -3.394         -13.734           78.404
   36 (vir)    11          73.157         -12.022          -3.760         -16.073           73.448
   37 (vir)    11          76.500          -2.544          -2.132         -11.600           83.424
   38 (vir)    11          76.564          -3.308          -1.882         -12.579           83.953
   39 (vir)    11          82.917          -3.451          -3.214         -15.030           91.282
   40 (vir)    11          86.587          -5.109          -4.936         -11.627           88.170
   41 (vir)    11          89.645          -0.088          -1.444         -11.369           99.483
   42 (vir)    11          92.886          -2.911          -1.888         -11.829           99.917
   43 (vir)    11          97.874          -1.959          -1.543         -11.942          106.315
   44 (vir)    11          98.099          -0.949          -2.384         -16.098          110.863
   45 (vir)    11         102.801          -2.069          -2.065         -14.629          113.297
   46 (vir)    11         104.530          -6.680          -6.623         -12.578          103.805
   47 (vir)    11         104.662          -5.809          -1.775         -13.898          110.976
   48 (vir)    11         106.931          -4.541          -1.932         -13.772          114.229
   49 (vir)    11         111.702          -3.679          -3.760         -15.783          120.046
   50 (vir)    11         114.505          -3.687          -3.191         -13.919          121.545
   51 (vir)    11         128.047          -3.693          -4.620         -14.915          134.648
   52 (vir)    11         134.509          -1.531          -2.761         -15.729          145.945
   53 (vir)    11         138.781           0.042          -2.071         -16.678          153.431
   54 (vir)    11         159.818          -1.864          -0.214         -16.395          174.134
   55 (vir)    11         172.386          -0.630          -2.263         -17.515          187.008
   56 (vir)    11         180.027          -2.541          -0.616         -12.490          189.359
   57 (vir)    11         215.002          -6.867           4.757         -13.363          226.254
   58 (vir)    11         252.605          -2.262          -0.194         -17.052          267.201
 
 
  kpoint:      12             coordinate:     0.0748    0.0748    0.0000
 
    n           k   ϵ_nk^DFT (eV)     Σ^c_nk (eV)     Σ^x_nk (eV)    v_nk^xc (eV)   ϵ_nk^G0W0 (eV)
 
    1 (occ)    12         -21.082           8.894         -26.954         -16.326          -22.816
    2 (occ)    12          -8.546           3.639         -18.558         -13.251          -10.213
    3 (occ)    12          -6.365           2.979         -22.601         -17.827           -8.160
    4 (occ)    12          -5.768           2.783         -22.543         -18.026           -7.501
    5 (vir)    12           1.517          -2.010          -1.362          -3.893            2.038
    6 (vir)    12           2.735          -1.735          -1.203          -3.331            3.129
    7 (vir)    12           5.272          -1.923          -1.569          -3.750            5.528
    8 (vir)    12           6.835          -3.687          -4.157          -8.837            7.827
    9 (vir)    12           7.685          -4.657          -7.150         -13.917            9.794
   10 (vir)    12           8.854          -4.959          -6.950         -14.023           10.968
   11 (vir)    12           9.636          -4.558          -2.663          -8.274           10.690
   12 (vir)    12          10.432          -4.844          -5.619         -11.932           11.901
   13 (vir)    12          15.022          -3.222          -2.429          -6.814           16.185
   14 (vir)    12          18.484          -4.026          -1.280          -6.277           19.455
   15 (vir)    12          22.547          -6.533          -2.605         -10.206           23.615
   16 (vir)    12          23.714          -4.450          -2.722          -9.139           25.682
   17 (vir)    12          25.700          -4.705          -3.014         -10.268           28.250
   18 (vir)    12          28.953          -3.380          -1.130          -6.542           30.985
   19 (vir)    12          29.408          -3.159          -0.975          -6.198           31.472
   20 (vir)    12          31.438          -3.561          -2.579          -9.888           35.186
   21 (vir)    12          34.517          -3.544          -1.951          -9.546           38.568
   22 (vir)    12          37.703          -2.540          -1.230          -7.873           41.806
   23 (vir)    12          39.238          -4.538          -2.102          -9.121           41.720
   24 (vir)    12          39.978          -4.592          -3.365         -12.836           44.857
   25 (vir)    12          40.012          -4.394          -2.221         -10.606           44.004
   26 (vir)    12          43.160          -2.448          -2.224         -10.491           48.979
   27 (vir)    12          45.101          -4.460          -3.469         -11.931           49.103
   28 (vir)    12          52.901          -5.349          -2.478         -11.333           56.407
   29 (vir)    12          54.318          -3.078          -2.526         -10.874           59.589
   30 (vir)    12          54.650          -3.795          -2.399         -12.417           60.873
   31 (vir)    12          57.037          -3.328          -2.340         -11.045           62.413
   32 (vir)    12          61.193          -8.206          -2.699         -12.530           62.818
   33 (vir)    12          62.817          -5.962          -2.802         -12.620           66.673
   34 (vir)    12          64.458           1.660          -1.430         -10.761           75.448
   35 (vir)    12          69.658          -4.930          -2.905         -13.391           75.214
   36 (vir)    12          73.719          -7.002          -3.551         -15.888           79.053
   37 (vir)    12          75.690          -1.473          -2.146         -12.003           84.073
   38 (vir)    12          76.378          -3.591          -1.955         -12.690           83.522
   39 (vir)    12          83.006          -3.923          -4.283         -14.132           88.932
   40 (vir)    12          85.857          -6.679          -6.021         -12.252           85.410
   41 (vir)    12          89.122          -0.106          -0.934         -11.401           99.484
   42 (vir)    12          94.020          -1.984          -2.059         -10.699          100.677
   43 (vir)    12          98.163          -2.352          -2.360         -16.042          109.493
   44 (vir)    12          99.097          -2.447          -2.170         -13.660          108.140
   45 (vir)    12         102.407          -1.687          -2.045         -14.637          113.311
   46 (vir)    12         104.142          -0.001          -1.708         -13.882          116.315
   47 (vir)    12         104.240          -9.516          -6.446         -12.437          100.715
   48 (vir)    12         107.668           0.617          -1.804         -13.748          120.230
   49 (vir)    12         112.022          -2.525          -3.695         -16.042          121.844
   50 (vir)    12         115.136          -3.471          -3.584         -14.518          122.599
   51 (vir)    12         127.474          -3.295          -5.515         -14.928          133.592
   52 (vir)    12         135.047          -2.214          -3.441         -15.862          145.253
   53 (vir)    12         136.810          -0.203          -1.944         -16.627          151.290
   54 (vir)    12         160.639          -2.203          -1.410         -17.413          174.439
   55 (vir)    12         172.122          -1.896          -2.384         -17.241          185.084
   56 (vir)    12         184.161          -1.838          -1.023         -10.959          192.259
   57 (vir)    12         251.890          -2.627          -1.137         -17.168          265.293
   58 (vir)    12      272113.839           0.000           0.000          -0.000       272113.839
 
 
  kpoint:      13             coordinate:     0.0816    0.0816    0.0000
 
    n           k   ϵ_nk^DFT (eV)     Σ^c_nk (eV)     Σ^x_nk (eV)    v_nk^xc (eV)   ϵ_nk^G0W0 (eV)
 
    1 (occ)    13         -21.022           8.872         -26.949         -16.341          -22.758
    2 (occ)    13          -8.465           3.607         -18.548         -13.276          -10.130
    3 (occ)    13          -6.562           3.040         -22.602         -17.755           -8.369
    4 (occ)    13          -5.880           2.812         -22.519         -17.970           -7.618
    5 (vir)    13           1.619          -2.016          -1.362          -3.903            2.144
    6 (vir)    13           2.815          -1.745          -1.232          -3.374            3.213
    7 (vir)    13           5.382          -1.934          -1.581          -3.777            5.645
    8 (vir)    13           6.788          -3.816          -4.345          -9.194            7.822
    9 (vir)    13           7.703          -4.651          -7.138         -13.884            9.798
   10 (vir)    13           9.004          -4.966          -6.832         -13.868           11.073
   11 (vir)    13           9.558          -4.328          -2.456          -7.807           10.580
   12 (vir)    13          10.644          -4.914          -5.687         -12.110           12.153
   13 (vir)    13          15.135          -3.229          -2.428          -6.830           16.307
   14 (vir)    13          18.366          -4.001          -1.337          -6.350           19.378
   15 (vir)    13          22.647          -6.518          -2.603         -10.185           23.711
   16 (vir)    13          23.250          -4.485          -2.602          -8.830           24.994
   17 (vir)    13          25.552          -4.821          -2.917         -10.141           27.956
   18 (vir)    13          28.171          -3.367          -1.100          -6.306           30.010
   19 (vir)    13          28.745          -3.050          -0.968          -6.078           30.805
   20 (vir)    13          31.374          -3.806          -2.569          -9.772           34.770
   21 (vir)    13          34.767          -3.314          -1.831          -9.286           38.907
   22 (vir)    13          37.473          -2.609          -1.163          -7.712           41.413
   23 (vir)    13          38.752          -3.659          -2.059          -8.363           41.397
   24 (vir)    13          39.741          -4.096          -3.251         -12.888           45.281
   25 (vir)    13          40.044          -4.602          -2.664         -11.356           44.135
   26 (vir)    13          43.041          -2.249          -2.486         -10.875           49.182
   27 (vir)    13          44.947          -4.706          -3.458         -11.837           48.620
   28 (vir)    13          51.953          -4.293          -2.388         -10.340           55.612
   29 (vir)    13          52.374          -3.172          -2.336         -10.567           57.432
   30 (vir)    13          54.236          -7.056          -2.629         -12.603           57.155
   31 (vir)    13          56.354          -3.583          -2.248         -10.904           61.427
   32 (vir)    13          60.685          -3.050          -2.788         -12.420           67.266
   33 (vir)    13          61.320          -4.104          -2.584         -11.760           66.392
   34 (vir)    13          64.233           3.922          -1.514         -10.778           77.420
   35 (vir)    13          67.705          -7.040          -3.363         -13.868           71.169
   36 (vir)    13          73.971          -7.831          -3.667         -16.183           78.657
   37 (vir)    13          74.937          -1.640          -2.251         -12.363           83.408
   38 (vir)    13          75.529          -4.477          -1.669         -12.277           81.661
   39 (vir)    13          82.695          -5.574          -6.296         -12.644           83.470
   40 (vir)    13          85.400          -6.862          -5.354         -13.428           86.613
   41 (vir)    13          88.617           0.797          -1.008         -11.450           99.856
   42 (vir)    13          93.371          -1.245          -2.036         -11.273          101.363
   43 (vir)    13          97.571          -2.373          -2.279         -12.893          105.812
   44 (vir)    13          98.238          -2.762          -2.343         -15.978          109.112
   45 (vir)    13         101.951          -1.090          -2.011         -14.578          113.428
   46 (vir)    13         103.020          -8.874          -6.585         -12.790          100.351
   47 (vir)    13         103.645          -0.293          -1.731         -13.924          115.546
   48 (vir)    13         108.428          -2.269          -1.859         -13.766          118.065
   49 (vir)    13         112.327          -1.602          -3.743         -16.276          123.258
   50 (vir)    13         113.871          -2.443          -3.450         -14.018          121.996
   51 (vir)    13         126.998          -2.414          -5.446         -14.974          134.111
   52 (vir)    13         134.484          -1.313          -3.444         -15.828          145.554
   53 (vir)    13         134.958          -0.548          -1.965         -16.554          149.000
   54 (vir)    13         152.787          -0.523          -1.482         -15.845          166.627
   55 (vir)    13         171.838          -1.110          -2.317         -17.114          185.525
   56 (vir)    13         179.234          -0.506          -1.093         -13.215          190.850
   57 (vir)    13         216.801          -0.286           0.815         -12.975          230.306
   58 (vir)    13         255.772          -1.541          -0.492         -17.004          270.743
 
 
  kpoint:      14             coordinate:     0.0884    0.0884    0.0000
 
    n           k   ϵ_nk^DFT (eV)     Σ^c_nk (eV)     Σ^x_nk (eV)    v_nk^xc (eV)   ϵ_nk^G0W0 (eV)
 
    1 (occ)    14         -20.957           8.848         -26.943         -16.358          -22.695
    2 (occ)    14          -8.378           3.571         -18.537         -13.303          -10.041
    3 (occ)    14          -6.766           3.104         -22.607         -17.684           -8.586
    4 (occ)    14          -5.999           2.843         -22.496         -17.911           -7.742
    5 (vir)    14           1.730          -2.023          -1.362          -3.913            2.259
    6 (vir)    14           2.905          -1.759          -1.272          -3.435            3.310
    7 (vir)    14           5.504          -1.948          -1.596          -3.813            5.773
    8 (vir)    14           6.737          -3.965          -4.546          -9.588            7.813
    9 (vir)    14           7.727          -4.646          -7.126         -13.855            9.810
   10 (vir)    14           9.151          -4.969          -6.710         -13.700           11.172
   11 (vir)    14           9.497          -4.084          -2.227          -7.290           10.476
   12 (vir)    14          10.878          -4.990          -5.750         -12.292           12.430
   13 (vir)    14          15.263          -3.241          -2.433          -6.851           16.440
   14 (vir)    14          18.247          -3.979          -1.402          -6.446           19.312
   15 (vir)    14          22.736          -6.446          -2.578         -10.120           23.832
   16 (vir)    14          22.816          -4.428          -2.481          -8.513           24.420
   17 (vir)    14          25.418          -5.111          -2.818         -10.009           27.497
   18 (vir)    14          27.445          -3.235          -1.045          -6.140           29.304
   19 (vir)    14          28.166          -3.013          -0.995          -6.075           30.234
   20 (vir)    14          31.275          -4.391          -2.563          -9.617           33.938
   21 (vir)    14          34.951          -7.269          -1.739          -8.990           34.933
   22 (vir)    14          37.170          -3.026          -1.186          -7.646           40.604
   23 (vir)    14          38.218          -3.054          -2.133          -8.447           41.478
   24 (vir)    14          39.688          -5.043          -3.256         -12.990           44.379
   25 (vir)    14          40.057          -4.364          -2.727         -11.244           44.209
   26 (vir)    14          43.048          -1.582          -2.714         -11.213           49.966
   27 (vir)    14          44.982          -4.428          -3.460         -11.833           48.927
   28 (vir)    14          50.536          -4.116          -2.235         -10.326           54.510
   29 (vir)    14          51.613          -4.812          -2.390         -10.332           54.744
   30 (vir)    14          54.060          -6.806          -2.583         -12.523           57.193
   31 (vir)    14          55.839          -3.579          -2.353         -10.839           60.745
   32 (vir)    14          60.144          -5.349          -2.844         -11.950           63.902
   33 (vir)    14          60.747          -3.896          -2.421         -11.995           66.425
   34 (vir)    14          64.101          -4.635          -1.637         -10.819           68.647
   35 (vir)    14          67.270          -7.017          -3.301         -13.876           70.827
   36 (vir)    14          74.226          -3.518          -2.420         -12.667           80.955
   37 (vir)    14          74.341          -5.407          -3.296         -15.598           81.235
   38 (vir)    14          75.015          -2.706          -2.004         -12.741           83.046
   39 (vir)    14          81.963          -6.255          -7.250         -11.398           79.857
   40 (vir)    14          85.236          -7.841          -4.018         -14.318           87.695
   41 (vir)    14          88.142          -1.535          -1.452         -11.513           96.667
   42 (vir)    14          93.279          -1.496          -1.010         -10.949          101.722
   43 (vir)    14          97.688          -1.855          -2.735         -13.519          106.617
   44 (vir)    14          98.328          -0.854          -2.335         -15.902          111.042
   45 (vir)    14         101.404          -0.738          -1.986         -14.463          113.143
   46 (vir)    14         101.967          -5.911          -5.274         -12.921          103.703
   47 (vir)    14         103.192          -1.006          -1.821         -14.020          114.385
   48 (vir)    14         109.259          -2.621          -1.793         -13.854          118.699
   49 (vir)    14         112.531          -1.110          -3.682         -16.380          124.119
   50 (vir)    14         113.955          -3.017          -3.037         -14.050          121.951
   51 (vir)    14         126.738          -1.688          -4.370         -14.989          135.668
   52 (vir)    14         133.222          -1.484          -2.075         -16.457          146.121
   53 (vir)    14         134.482          -3.740          -3.447         -15.875          143.170
   54 (vir)    14         149.278          -1.220          -2.426         -15.553          161.185
   55 (vir)    14         171.569          -0.844          -2.147         -16.866          185.444
   56 (vir)    14         178.714          -0.977          -1.169         -13.707          190.275
   57 (vir)    14         216.691          -1.463          -1.775         -12.773          226.227
   58 (vir)    14         257.081          -1.628          -0.935         -16.993          271.512
 
 
  kpoint:      15             coordinate:     0.0952    0.0952    0.0000
 
    n           k   ϵ_nk^DFT (eV)     Σ^c_nk (eV)     Σ^x_nk (eV)    v_nk^xc (eV)   ϵ_nk^G0W0 (eV)
 
    1 (occ)    15         -20.887           8.821         -26.938         -16.377          -22.627
    2 (occ)    15          -8.284           3.533         -18.526         -13.333           -9.944
    3 (occ)    15          -6.977           3.170         -22.615         -17.613           -8.810
    4 (occ)    15          -6.125           2.876         -22.473         -17.849           -7.872
    5 (vir)    15           1.850          -2.031          -1.362          -3.925            2.383
    6 (vir)    15           3.004          -1.778          -1.325          -3.519            3.419
    7 (vir)    15           5.636          -1.965          -1.614          -3.855            5.913
    8 (vir)    15           6.676          -4.121          -4.748          -9.988            7.795
    9 (vir)    15           7.760          -4.643          -7.115         -13.829            9.831
   10 (vir)    15           9.293          -4.969          -6.585         -13.527           11.266
   11 (vir)    15           9.458          -3.837          -1.988          -6.749           10.381
   12 (vir)    15          11.132          -5.069          -5.803         -12.468           12.729
   13 (vir)    15          15.399          -3.258          -2.433          -6.869           16.577
   14 (vir)    15          18.118          -3.994          -1.477          -6.563           19.210
   15 (vir)    15          22.420          -4.302          -2.356          -8.189           23.952
   16 (vir)    15          22.800          -6.289          -2.518          -9.976           23.969
   17 (vir)    15          25.300          -5.360          -2.716          -9.868           27.093
   18 (vir)    15          26.740          -3.220          -0.981          -5.991           28.531
   19 (vir)    15          27.651          -3.129          -1.041          -6.190           29.670
   20 (vir)    15          31.134          -4.581          -2.550          -9.419           33.422
   21 (vir)    15          35.062          -3.436          -1.671          -8.675           38.629
   22 (vir)    15          36.801          -5.038          -1.283          -7.702           38.183
   23 (vir)    15          37.745          -3.370          -2.100          -8.547           40.822
   24 (vir)    15          39.629          -5.761          -3.222         -13.055           43.701
   25 (vir)    15          40.049          -4.950          -2.760         -11.115           43.454
   26 (vir)    15          43.186          -0.990          -2.882         -11.477           50.791
   27 (vir)    15          44.980          -3.814          -3.356         -11.798           49.607
   28 (vir)    15          48.909          -4.391          -2.213         -10.187           52.493
   29 (vir)    15          51.234          -5.787          -2.257         -10.383           53.573
   30 (vir)    15          53.868          -6.591          -2.441         -12.463           57.300
   31 (vir)    15          55.462          -2.896          -2.541         -10.815           60.839
   32 (vir)    15          59.496          -2.374          -2.697         -11.551           65.977
   33 (vir)    15          60.493          -4.034          -2.416         -12.101           66.144
   34 (vir)    15          64.045          -3.106          -1.719         -10.865           70.084
   35 (vir)    15          66.795          -5.609          -3.198         -13.848           71.835
   36 (vir)    15          73.545          -3.353          -2.598         -12.915           80.509
   37 (vir)    15          74.062          -2.593          -2.120         -12.721           82.071
   38 (vir)    15          75.124          -4.080          -3.362         -15.504           83.185
   39 (vir)    15          80.990          -5.803          -5.756         -10.706           80.138
   40 (vir)    15          85.175          -6.053          -3.164         -14.622           90.580
   41 (vir)    15          87.707          -0.980          -1.919         -11.589           96.397
   42 (vir)    15          92.970           3.248          -0.265         -10.838          106.792
   43 (vir)    15          98.006          -2.014          -2.854         -14.042          107.181
   44 (vir)    15          98.434          -3.733          -2.331         -15.812          108.181
   45 (vir)    15         100.770          -2.297          -1.999         -14.329          110.803
   46 (vir)    15         100.879          -2.379          -3.198         -13.065          108.366
   47 (vir)    15         102.779          -1.464          -1.910         -14.135          113.539
   48 (vir)    15         110.008          -2.407          -1.691         -13.953          119.863
   49 (vir)    15         112.618          -1.216          -3.170         -16.350          124.581
   50 (vir)    15         114.322          -2.246          -2.845         -14.141          123.372
   51 (vir)    15         126.707          -1.260          -2.579         -14.989          137.857
   52 (vir)    15         131.584          -2.389          -2.178         -16.339          143.356
   53 (vir)    15         134.485          -4.876          -3.056         -15.922          142.475
   54 (vir)    15         145.921          -1.355          -2.710         -15.276          157.133
   55 (vir)    15         171.296          -0.960          -1.943         -16.590          184.983
   56 (vir)    15         178.134          -1.719          -1.284         -14.274          189.405
   57 (vir)    15         216.036          -3.911          -3.314         -12.553          221.364
   58 (vir)    15         258.229          -2.267          -1.149         -16.993          271.806
 
 
  kpoint:      16             coordinate:     0.1020    0.1020    0.0000
 
    n           k   ϵ_nk^DFT (eV)     Σ^c_nk (eV)     Σ^x_nk (eV)    v_nk^xc (eV)   ϵ_nk^G0W0 (eV)
 
    1 (occ)    16         -20.813           8.794         -26.933         -16.397          -22.555
    2 (occ)    16          -8.184           3.492         -18.515         -13.366           -9.841
    3 (occ)    16          -7.193           3.239         -22.627         -17.542           -9.039
    4 (occ)    16          -6.256           2.911         -22.450         -17.785           -8.010
    5 (vir)    16           1.979          -2.039          -1.362          -3.940            2.517
    6 (vir)    16           3.110          -1.803          -1.394          -3.629            3.541
    7 (vir)    16           5.778          -1.983          -1.634          -3.905            6.065
    8 (vir)    16           6.602          -4.269          -4.929         -10.359            7.763
    9 (vir)    16           7.800          -4.641          -7.104         -13.807            9.862
   10 (vir)    16           9.431          -4.968          -6.462         -13.357           11.358
   11 (vir)    16           9.442          -3.597          -1.755          -6.213           10.304
   12 (vir)    16          11.405          -5.148          -5.841         -12.629           13.045
   13 (vir)    16          15.545          -3.279          -2.425          -6.884           16.725
   14 (vir)    16          17.970          -4.033          -1.562          -6.696           19.071
   15 (vir)    16          22.070          -4.154          -2.231          -7.866           23.551
   16 (vir)    16          22.825          -6.065          -2.413          -9.723           24.070
   17 (vir)    16          25.198          -5.412          -2.610          -9.720           26.895
   18 (vir)    16          26.066          -3.250          -0.934          -5.868           27.750
   19 (vir)    16          27.204          -3.416          -1.125          -6.443           29.106
   20 (vir)    16          30.944          -4.302          -2.518          -9.176           33.300
   21 (vir)    16          35.098          -3.361          -1.610          -8.378           38.505
   22 (vir)    16          36.386          -4.651          -1.404          -7.853           38.184
   23 (vir)    16          37.337          -2.520          -1.991          -8.607           41.433
   24 (vir)    16          39.528          -6.488          -3.165         -13.036           42.911
   25 (vir)    16          40.033          -8.429          -2.782         -11.060           39.881
   26 (vir)    16          43.446          -1.338          -2.990         -11.666           50.783
   27 (vir)    16          44.933          -3.952          -3.138         -11.734           49.577
   28 (vir)    16          47.524          -3.654          -2.203         -10.145           51.811
   29 (vir)    16          50.798          -3.750          -2.103         -10.472           55.417
   30 (vir)    16          53.653          -6.679          -2.211         -12.411           57.174
   31 (vir)    16          55.228          -2.955          -2.663         -10.820           60.430
   32 (vir)    16          58.853          -0.957          -2.434         -11.339           66.800
   33 (vir)    16          60.462          -3.585          -2.390         -11.989           66.476
   34 (vir)    16          64.049          -2.773          -1.749         -10.910           70.437
   35 (vir)    16          66.271          -2.129          -3.081         -13.790           74.852
   36 (vir)    16          72.878          -2.868          -2.739         -13.114           80.385
   37 (vir)    16          73.373          -1.239          -2.328         -12.204           82.010
   38 (vir)    16          75.624          -4.106          -3.523         -15.930           83.926
   39 (vir)    16          79.917          -1.318          -2.674         -10.316           86.242
   40 (vir)    16          85.062          -1.212          -2.647         -14.605           95.807
   41 (vir)    16          87.322          -1.702          -2.164         -11.679           95.135
   42 (vir)    16          92.539           1.366          -0.143         -10.983          104.746
   43 (vir)    16          98.472          -1.072          -2.596         -14.432          109.236
   44 (vir)    16          98.558          -6.103          -2.321         -15.705          105.840
   45 (vir)    16          99.836          -0.741          -1.210         -13.198          111.083
   46 (vir)    16         100.069          -2.641          -2.027         -14.207          109.608
   47 (vir)    16         102.386          -1.527          -1.967         -14.239          113.130
   48 (vir)    16         110.639          -1.601          -1.577         -14.002          121.463
   49 (vir)    16         112.673          -0.716          -2.561         -16.398          125.794
   50 (vir)    16         114.829          -1.759          -2.821         -14.135          124.383
   51 (vir)    16         126.930          -0.674          -0.719         -14.977          140.514
   52 (vir)    16         130.020           0.971          -2.206         -16.203          144.988
   53 (vir)    16         134.493          -2.666          -2.378         -15.969          145.418
   54 (vir)    16         142.809          -1.822          -2.095         -15.032          153.923
   55 (vir)    16         171.009          -1.233          -1.765         -16.293          184.303
   56 (vir)    16         177.514          -2.338          -1.334         -14.905          188.747
   57 (vir)    16         214.952          -3.300          -3.178         -12.310          220.783
   58 (vir)    16         259.230          -2.571          -0.946         -17.002          272.715
 
 
  kpoint:      17             coordinate:     0.1088    0.1088    0.0000
 
    n           k   ϵ_nk^DFT (eV)     Σ^c_nk (eV)     Σ^x_nk (eV)    v_nk^xc (eV)   ϵ_nk^G0W0 (eV)
 
    1 (occ)    17         -20.734           8.765         -26.929         -16.419          -22.479
    2 (occ)    17          -8.077           3.448         -18.504         -13.401           -9.731
    3 (occ)    17          -7.413           3.310         -22.641         -17.472           -9.271
    4 (occ)    17          -6.394           2.948         -22.428         -17.720           -8.153
    5 (vir)    17           2.116          -2.050          -1.363          -3.956            2.659
    6 (vir)    17           3.223          -1.836          -1.485          -3.774            3.676
    7 (vir)    17           5.929          -2.005          -1.657          -3.962            6.229
    8 (vir)    17           6.514          -4.393          -5.072         -10.664            7.713
    9 (vir)    17           7.848          -4.641          -7.094         -13.787            9.900
   10 (vir)    17           9.451          -3.371          -1.541          -5.715           10.254
   11 (vir)    17           9.565          -4.966          -6.344         -13.194           11.449
   12 (vir)    17          11.694          -5.226          -5.864         -12.771           13.375
   13 (vir)    17          15.699          -3.300          -2.407          -6.894           16.886
   14 (vir)    17          17.795          -4.068          -1.652          -6.835           18.910
   15 (vir)    17          21.770          -4.007          -2.108          -7.552           23.207
   16 (vir)    17          22.798          -5.810          -2.257          -9.334           24.065
   17 (vir)    17          25.114          -5.287          -2.501          -9.561           26.888
   18 (vir)    17          25.425          -3.276          -0.924          -5.770           26.994
   19 (vir)    17          26.832          -3.871          -1.268          -6.853           28.546
   20 (vir)    17          30.701          -3.968          -2.457          -8.897           33.172
   21 (vir)    17          35.068          -4.102          -1.554          -8.164           37.577
   22 (vir)    17          35.940          -5.187          -1.507          -8.024           37.271
   23 (vir)    17          36.984          -6.268          -1.850          -8.628           37.493
   24 (vir)    17          39.373          -7.219          -3.115         -12.908           41.947
   25 (vir)    17          40.014          -9.831          -2.805         -11.098           38.476
   26 (vir)    17          43.811          -1.787          -3.051         -11.794           50.767
   27 (vir)    17          44.841          -5.472          -2.867         -11.642           48.143
   28 (vir)    17          46.378          -6.514          -2.168         -10.183           47.880
   29 (vir)    17          50.295          -2.234          -2.099         -10.576           56.538
   30 (vir)    17          53.404          -7.800          -1.978         -12.345           55.972
   31 (vir)    17          55.144          -3.665          -2.644         -10.848           59.683
   32 (vir)    17          58.267          -0.495          -2.192         -11.202           66.782
   33 (vir)    17          60.611          -3.962          -2.201         -11.811           66.259
   34 (vir)    17          64.102          -3.651          -1.759         -10.951           69.643
   35 (vir)    17          65.693           1.287          -3.013         -13.713           77.679
   36 (vir)    17          72.217         -11.884          -2.824         -13.269           70.778
   37 (vir)    17          72.618          -0.715          -2.729         -12.064           81.238
   38 (vir)    17          76.188          -3.616          -3.537         -16.016           85.050
   39 (vir)    17          78.809          -1.102           0.404         -10.078           88.188
   40 (vir)    17          84.815           0.239          -2.252         -14.446           97.248
   41 (vir)    17          86.996          -2.165          -2.145         -11.782           94.467
   42 (vir)    17          92.096           0.997          -0.433         -11.317          103.977
   43 (vir)    17          98.696          -1.760          -2.295         -15.573          110.214
   44 (vir)    17          98.762           0.290          -0.810         -13.786          112.028
   45 (vir)    17          99.157          -1.370          -1.553         -14.250          110.484
   46 (vir)    17          99.332          -1.343          -2.030         -14.115          110.074
   47 (vir)    17         101.994          -1.431          -2.001         -14.324          112.885
   48 (vir)    17         111.118          -1.789          -1.479         -13.957          121.808
   49 (vir)    17         112.757          -0.457          -2.245         -16.557          126.612
   50 (vir)    17         115.367          -2.998          -2.727         -14.042          123.685
   51 (vir)    17         127.405          -0.395           0.590         -14.962          142.562
   52 (vir)    17         128.509           1.446          -2.145         -16.052          143.862
   53 (vir)    17         134.506          -2.588          -1.648         -16.016          146.286
   54 (vir)    17         140.017          -1.419          -0.894         -14.829          152.534
   55 (vir)    17         170.696          -1.938          -1.564         -15.988          183.182
   56 (vir)    17         176.872          -2.324          -1.181         -15.579          188.947
   57 (vir)    17         213.568          -1.879          -1.722         -12.043          222.010
   58 (vir)    17         260.093          -2.812          -0.478         -17.017          273.820
 
 
  kpoint:      18             coordinate:     0.1156    0.1156    0.0000
 
    n           k   ϵ_nk^DFT (eV)     Σ^c_nk (eV)     Σ^x_nk (eV)    v_nk^xc (eV)   ϵ_nk^G0W0 (eV)
 
    1 (occ)    18         -20.650           8.734         -26.925         -16.442          -22.398
    2 (occ)    18          -7.964           3.402         -18.493         -13.440           -9.614
    3 (occ)    18          -7.635           3.383         -22.657         -17.403           -9.506
    4 (occ)    18          -6.536           2.987         -22.406         -17.653           -8.302
    5 (vir)    18           2.261          -2.061          -1.365          -3.975            2.810
    6 (vir)    18           3.340          -1.880          -1.604          -3.966            3.822
    7 (vir)    18           6.091          -2.030          -1.684          -4.029            6.406
    8 (vir)    18           6.412          -4.480          -5.158         -10.867            7.641
    9 (vir)    18           7.905          -4.645          -7.083         -13.770            9.947
   10 (vir)    18           9.487          -3.166          -1.358          -5.275           10.239
   11 (vir)    18           9.696          -4.964          -6.232         -13.039           11.540
   12 (vir)    18          11.997          -5.302          -5.872         -12.890           13.713
   13 (vir)    18          15.863          -3.317          -2.383          -6.898           17.061
   14 (vir)    18          17.590          -4.080          -1.741          -6.965           18.733
   15 (vir)    18          21.519          -3.893          -1.992          -7.259           22.893
   16 (vir)    18          22.707          -5.530          -2.060          -8.815           23.932
   17 (vir)    18          24.819          -3.312          -0.954          -5.697           26.249
   18 (vir)    18          25.049          -5.117          -2.388          -9.394           26.938
   19 (vir)    18          26.540          -4.384          -1.474          -7.414           28.096
   20 (vir)    18          30.406          -3.580          -2.366          -8.596           33.057
   21 (vir)    18          34.985          -1.785          -1.544          -8.124           39.780
   22 (vir)    18          35.475          -4.766          -1.556          -8.104           37.257
   23 (vir)    18          36.674          -7.453          -1.706          -8.610           36.125
   24 (vir)    18          39.160          -8.373          -3.084         -12.702           40.405
   25 (vir)    18          39.995         -10.782          -2.831         -11.192           37.574
   26 (vir)    18          44.261          -2.058          -3.066         -11.863           51.000
   27 (vir)    18          44.699          -6.006          -2.666         -11.526           47.553
   28 (vir)    18          45.458          -2.741          -2.129         -10.295           50.883
   29 (vir)    18          49.729          -1.015          -2.288         -10.679           57.105
   30 (vir)    18          53.114          -7.847          -1.851         -12.240           55.656
   31 (vir)    18          55.212          -1.932          -2.521         -10.897           61.657
   32 (vir)    18          57.757          -1.319          -2.127         -11.124           65.435
   33 (vir)    18          60.920           2.179          -1.856         -11.627           72.870
   34 (vir)    18          64.196          -1.325          -1.780         -10.989           72.081
   35 (vir)    18          65.058           1.943          -3.063         -13.635           77.573
   36 (vir)    18          71.553          -2.173          -2.864         -13.390           79.907
   37 (vir)    18          71.846          -0.314          -3.042         -12.024           80.514
   38 (vir)    18          76.781          -3.960          -3.487         -16.030           85.364
   39 (vir)    18          77.694           0.072           2.184          -9.939           89.889
   40 (vir)    18          84.407           0.639          -2.005         -14.257           97.299
   41 (vir)    18          86.735          -1.234          -1.979         -11.897           95.420
   42 (vir)    18          91.726           0.935          -0.767         -11.731          103.625
   43 (vir)    18          97.975          -0.455          -0.180         -13.480          110.820
   44 (vir)    18          98.510          -1.978          -2.050         -14.219          108.701
   45 (vir)    18          98.915          -2.505          -2.194         -15.248          109.463
   46 (vir)    18          99.728           3.148          -1.955         -14.884          115.806
   47 (vir)    18         101.589          -1.354          -2.027         -14.389          112.597
   48 (vir)    18         111.376          -0.381          -1.498         -13.905          123.402
   49 (vir)    18         112.934          -0.186          -2.194         -16.677          127.231
   50 (vir)    18         115.885          -1.202          -2.393         -13.920          126.210
   51 (vir)    18         127.039           0.162          -2.038         -15.893          141.056
   52 (vir)    18         128.097           0.092           1.107         -14.952          144.248
   53 (vir)    18         134.522           0.387          -0.927         -16.058          150.040
   54 (vir)    18         137.615          -0.598           0.197         -14.678          151.893
   55 (vir)    18         170.340         -12.201          -1.298         -15.696          172.538
   56 (vir)    18         176.233          -1.814          -0.933         -16.268          189.754
   57 (vir)    18         212.020          -1.756           0.034         -11.756          222.054
   58 (vir)    18         260.824          -2.539          -0.117         -17.036          275.205
 
 
  kpoint:      19             coordinate:     0.1224    0.1224    0.0000
 
    n           k   ϵ_nk^DFT (eV)     Σ^c_nk (eV)     Σ^x_nk (eV)    v_nk^xc (eV)   ϵ_nk^G0W0 (eV)
 
    1 (occ)    19         -20.562           8.702         -26.922         -16.468          -22.314
    2 (occ)    19          -7.859           3.456         -22.673         -17.335           -9.741
    3 (occ)    19          -7.844           3.354         -18.482         -13.481           -9.491
    4 (occ)    19          -6.683           3.027         -22.386         -17.585           -8.456
    5 (vir)    19           2.415          -2.073          -1.368          -3.997            2.971
    6 (vir)    19           3.461          -1.941          -1.762          -4.221            3.979
    7 (vir)    19           6.263          -2.060          -1.717          -4.107            6.593
    8 (vir)    19           6.298          -4.520          -5.171         -10.938            7.544
    9 (vir)    19           7.970          -4.651          -7.074         -13.756           10.001
   10 (vir)    19           9.550          -2.989          -1.211          -4.909           10.259
   11 (vir)    19           9.825          -4.960          -6.125         -12.892           11.631
   12 (vir)    19          12.311          -5.377          -5.866         -12.987           14.056
   13 (vir)    19          16.037          -3.330          -2.357          -6.892           17.242
   14 (vir)    19          17.355          -4.067          -1.823          -7.073           18.537
   15 (vir)    19          21.311          -3.814          -1.886          -6.995           22.606
   16 (vir)    19          22.546          -5.191          -1.849          -8.211           23.716
   17 (vir)    19          24.248          -3.405          -1.010          -5.648           25.481
   18 (vir)    19          25.005          -5.088          -2.273          -9.220           26.863
   19 (vir)    19          26.329          -4.873          -1.717          -8.075           27.813
   20 (vir)    19          30.065          -3.134          -2.254          -8.291           32.968
   21 (vir)    19          34.788          -1.550          -1.742          -8.453           39.948
   22 (vir)    19          35.069          -3.191          -1.431          -7.880           38.327
   23 (vir)    19          36.399          -7.180          -1.554          -8.551           36.216
   24 (vir)    19          38.888          -8.694          -3.059         -12.454           39.590
   25 (vir)    19          39.974         -10.904          -2.847         -11.307           37.530
   26 (vir)    19          44.509          -6.365          -2.639         -11.390           46.895
   27 (vir)    19          44.703          -2.669          -1.872         -10.001           50.163
   28 (vir)    19          44.810          -2.670          -3.285         -12.338           51.194
   29 (vir)    19          49.117           3.179          -2.526         -10.772           60.541
   30 (vir)    19          52.777          -7.003          -1.902         -12.078           55.950
   31 (vir)    19          55.432          -1.880          -2.395         -10.965           62.122
   32 (vir)    19          57.328          -8.516          -2.290         -11.104           57.626
   33 (vir)    19          61.368           1.653          -1.519         -11.460           72.963
   34 (vir)    19          64.326          -1.440          -1.813         -11.027           72.100
   35 (vir)    19          64.376           0.969          -3.219         -13.585           75.711
   36 (vir)    19          70.881          -2.346          -2.882         -13.481           79.135
   37 (vir)    19          71.080          -0.051          -3.141         -12.027           79.916
   38 (vir)    19          76.570           2.777           2.449          -9.954           91.750
   39 (vir)    19          77.405           0.178          -3.504         -15.939           90.019
   40 (vir)    19          83.853           0.618          -2.028         -14.123           96.566
   41 (vir)    19          86.544          -0.988          -1.819         -12.025           95.761
   42 (vir)    19          91.469           0.781          -0.870         -12.123          103.503
   43 (vir)    19          97.232           0.249          -0.758         -13.535          110.258
   44 (vir)    19          97.739          -1.441          -1.971         -14.015          108.342
   45 (vir)    19          99.092          -2.168          -2.165         -15.235          109.994
   46 (vir)    19         100.407           2.650          -2.032         -15.108          116.133
   47 (vir)    19         101.164          -1.125          -2.051         -14.434          112.422
   48 (vir)    19         111.344          -0.380          -1.604         -13.962          123.323
   49 (vir)    19         113.261          -0.337          -2.134         -16.603          127.393
   50 (vir)    19         116.361          -4.637          -1.764         -13.807          123.767
   51 (vir)    19         125.607          -0.186          -1.945         -15.731          139.207
   52 (vir)    19         128.936           0.781           1.030         -14.951          145.698
   53 (vir)    19         134.521           0.399           0.513         -16.034          151.467
   54 (vir)    19         135.684          -0.844          -0.027         -14.641          149.454
   55 (vir)    19         169.917          -1.072          -1.150         -15.457          183.153
   56 (vir)    19         175.630          -0.875          -0.862         -16.923          190.816
   57 (vir)    19         210.439          -2.260           1.292         -11.458          220.930
   58 (vir)    19         261.423          -1.953          -0.142         -17.057          276.385
 
 
  kpoint:      20             coordinate:     0.1293    0.1293    0.0000
 
    n           k   ϵ_nk^DFT (eV)     Σ^c_nk (eV)     Σ^x_nk (eV)    v_nk^xc (eV)   ϵ_nk^G0W0 (eV)
 
    1 (occ)    20         -20.470           8.669         -26.918         -16.495          -22.225
    2 (occ)    20          -8.083           3.530         -22.690         -17.267           -9.977
    3 (occ)    20          -7.719           3.303         -18.472         -13.526           -9.362
    4 (occ)    20          -6.833           3.069         -22.366         -17.516           -8.614
    5 (vir)    20           2.578          -2.087          -1.373          -4.022            3.140
    6 (vir)    20           3.583          -2.027          -1.975          -4.567            4.148
    7 (vir)    20           6.175          -4.504          -5.094         -10.848            7.424
    8 (vir)    20           6.445          -2.094          -1.757          -4.197            6.791
    9 (vir)    20           8.043          -4.660          -7.063         -13.743           10.062
   10 (vir)    20           9.638          -2.846          -1.099          -4.619           10.312
   11 (vir)    20           9.952          -4.955          -6.021         -12.750           11.726
   12 (vir)    20          12.635          -5.449          -5.849         -13.065           14.401
   13 (vir)    20          16.221          -3.338          -2.331          -6.875           17.426
   14 (vir)    20          17.092          -4.037          -1.892          -7.150           18.313
   15 (vir)    20          21.135          -3.744          -1.789          -6.764           22.366
   16 (vir)    20          22.318          -4.791          -1.652          -7.595           23.470
   17 (vir)    20          23.713          -3.523          -1.071          -5.624           24.743
   18 (vir)    20          24.985          -5.248          -2.157          -9.041           26.621
   19 (vir)    20          26.186          -5.340          -1.963          -8.759           27.643
   20 (vir)    20          29.684          -2.860          -2.142          -7.993           32.676
   21 (vir)    20          34.307          -3.262          -1.851          -8.563           37.757
   22 (vir)    20          34.915          -3.577          -1.464          -7.936           37.810
   23 (vir)    20          36.147          -6.235          -1.367          -8.443           36.988
   24 (vir)    20          38.559          -7.869          -3.024         -12.188           39.854
   25 (vir)    20          39.949          -9.305          -2.834         -11.426           39.236
   26 (vir)    20          44.176          -3.154          -1.952         -10.319           49.389
   27 (vir)    20          44.273          -6.210          -2.758         -11.244           46.550
   28 (vir)    20          45.348          -2.339          -3.178         -12.188           52.019
   29 (vir)    20          48.487           0.585          -2.650         -10.852           57.274
   30 (vir)    20          52.387          -5.005          -2.098         -11.854           57.138
   31 (vir)    20          55.795          -2.989          -2.352         -11.050           61.506
   32 (vir)    20          56.976          -3.031          -2.570         -11.139           62.515
   33 (vir)    20          61.923           1.643          -1.346         -11.297           73.517
   34 (vir)    20          63.669           0.131          -3.344         -13.612           74.069
   35 (vir)    20          64.489          -0.904          -1.842         -11.065           72.808
   36 (vir)    20          70.198          -2.445          -2.899         -13.548           78.403
   37 (vir)    20          70.330          -2.194          -3.006         -12.033           77.164
   38 (vir)    20          75.464           2.064           1.587          -9.932           89.047
   39 (vir)    20          78.031          -2.653          -3.447         -15.940           87.871
   40 (vir)    20          83.202           0.539          -2.279         -14.088           95.550
   41 (vir)    20          86.422          -0.469          -1.761         -12.163           96.355
   42 (vir)    20          91.324           0.842          -0.742         -12.438          103.862
   43 (vir)    20          96.585           1.318          -1.449         -13.595          110.049
   44 (vir)    20          96.942          -1.579          -1.938         -13.950          107.374
   45 (vir)    20          99.306          -2.000          -2.114         -15.101          110.292
   46 (vir)    20         100.715          -0.085          -2.069         -14.447          113.009
   47 (vir)    20         101.118           1.647          -2.226         -15.293          115.831
   48 (vir)    20         111.050          -0.012          -1.433         -13.985          123.590
   49 (vir)    20         113.707          -3.814          -2.034         -16.474          124.333
   50 (vir)    20         116.787          -2.244          -0.863         -13.717          127.397
   51 (vir)    20         124.224          -0.534          -1.907         -15.572          137.354
   52 (vir)    20         129.813           1.229           0.691         -14.948          146.681
   53 (vir)    20         134.007           0.314           2.935         -14.806          152.061
   54 (vir)    20         134.784          -4.973          -1.869         -15.862          143.804
   55 (vir)    20         169.400          -1.314          -1.459         -15.320          181.947
   56 (vir)    20         175.098           2.226          -1.021         -17.482          193.785
   57 (vir)    20         208.946          -1.356           1.999         -11.159          220.749
   58 (vir)    20         261.886          -1.174          -0.504         -17.079          277.287
 
 
  kpoint:      21             coordinate:     0.1361    0.1361    0.0000
 
    n           k   ϵ_nk^DFT (eV)     Σ^c_nk (eV)     Σ^x_nk (eV)    v_nk^xc (eV)   ϵ_nk^G0W0 (eV)
 
    1 (occ)    21         -20.374           8.634         -26.916         -16.524          -22.132
    2 (occ)    21          -8.307           3.603         -22.707         -17.200          -10.211
    3 (occ)    21          -7.589           3.249         -18.462         -13.575           -9.226
    4 (occ)    21          -6.987           3.112         -22.348         -17.447           -8.776
    5 (vir)    21           2.750          -2.102          -1.379          -4.051            3.320
    6 (vir)    21           3.700          -2.146          -2.266          -5.040            4.328
    7 (vir)    21           6.050          -4.423          -4.910         -10.564            7.282
    8 (vir)    21           6.638          -2.134          -1.807          -4.303            7.000
    9 (vir)    21           8.124          -4.670          -7.052         -13.732           10.133
   10 (vir)    21           9.749          -2.738          -1.019          -4.401           10.393
   11 (vir)    21          10.079          -4.945          -5.918         -12.608           11.824
   12 (vir)    21          12.966          -5.521          -5.825         -13.126           14.746
   13 (vir)    21          16.414          -3.337          -2.303          -6.839           17.613
   14 (vir)    21          16.809          -3.997          -1.947          -7.193           18.057
   15 (vir)    21          20.978          -3.670          -1.702          -6.563           22.169
   16 (vir)    21          22.036          -4.388          -1.483          -7.036           23.201
   17 (vir)    21          23.214          -3.573          -1.126          -5.626           24.140
   18 (vir)    21          24.992          -5.413          -2.042          -8.861           26.398
   19 (vir)    21          26.097          -5.775          -2.192          -9.400           27.530
   20 (vir)    21          29.272          -2.837          -2.043          -7.702           32.094
   21 (vir)    21          33.727          -4.193          -1.918          -8.623           36.239
   22 (vir)    21          34.851          -3.921          -1.602          -8.102           37.429
   23 (vir)    21          35.906          -5.144          -1.124          -8.280           37.919
   24 (vir)    21          38.178          -8.245          -2.977         -11.919           38.873
   25 (vir)    21          39.918          -6.915          -2.793         -11.544           41.754
   26 (vir)    21          43.750          -3.249          -1.963         -10.415           48.953
   27 (vir)    21          43.999          -6.066          -2.854         -11.101           46.179
   28 (vir)    21          45.950          -2.298          -3.158         -12.238           52.732
   29 (vir)    21          47.869          -1.772          -2.626         -10.918           54.389
   30 (vir)    21          51.944          -2.012          -2.300         -11.576           59.208
   31 (vir)    21          56.292          -4.683          -2.407         -11.152           60.355
   32 (vir)    21          56.689          -1.282          -2.810         -11.218           63.816
   33 (vir)    21          62.463           0.555          -1.652         -11.245           72.612
   34 (vir)    21          63.057          -0.581          -2.969         -13.623           73.129
   35 (vir)    21          64.683          -3.834          -1.848         -11.106           70.107
   36 (vir)    21          69.500          -2.449          -2.922         -13.595           77.724
   37 (vir)    21          69.594          -7.233          -2.722         -12.003           71.642
   38 (vir)    21          74.377           2.212           0.485         -10.051           87.124
   39 (vir)    21          78.654          -7.731          -3.358         -15.843           83.408
   40 (vir)    21          82.515           0.450          -2.518         -14.171           94.619
   41 (vir)    21          86.365          -4.076          -1.807         -12.310           92.792
   42 (vir)    21          91.270           1.105          -0.639         -12.670          104.405
   43 (vir)    21          96.025           2.653          -1.805         -13.649          110.521
   44 (vir)    21          96.140          -1.509          -1.947         -13.903          106.588
   45 (vir)    21          99.524         -10.722          -2.099         -15.039          101.742
   46 (vir)    21         100.250           0.078          -2.060         -14.360          112.628
   47 (vir)    21         101.843          -3.307          -2.401         -15.453          111.588
   48 (vir)    21         110.565          -1.418          -0.880         -13.892          122.159
   49 (vir)    21         114.218          -3.786          -1.936         -16.390          124.885
   50 (vir)    21         117.156           1.479           0.162         -13.642          132.438
   51 (vir)    21         122.913          -2.989          -1.919         -15.419          133.423
   52 (vir)    21         130.542           1.386           0.212         -14.873          147.014
   53 (vir)    21         133.170          -1.153           0.986         -14.673          147.677
   54 (vir)    21         134.836           1.447           0.230         -16.100          152.612
   55 (vir)    21         168.773          -1.298          -2.230         -15.323          180.569
   56 (vir)    21         174.671          -2.987          -1.159         -17.891          188.416
   57 (vir)    21         207.640          -6.235           2.459         -10.872          214.737
   58 (vir)    21         262.212          -0.102          -0.883         -17.099          278.325
 
 
  kpoint:      22             coordinate:     0.1429    0.1429    0.0000
 
    n           k   ϵ_nk^DFT (eV)     Σ^c_nk (eV)     Σ^x_nk (eV)    v_nk^xc (eV)   ϵ_nk^G0W0 (eV)
 
    1 (occ)    22         -20.274           8.597         -26.913         -16.555          -22.036
    2 (occ)    22          -8.531           3.676         -22.724         -17.134          -10.445
    3 (occ)    22          -7.452           3.194         -18.454         -13.628           -9.084
    4 (occ)    22          -7.144           3.158         -22.332         -17.378           -8.941
    5 (vir)    22           2.930          -2.118          -1.386          -4.083            3.508
    6 (vir)    22           3.808          -2.316          -2.665          -5.693            4.521
    7 (vir)    22           5.930          -4.263          -4.593         -10.046            7.121
    8 (vir)    22           6.841          -2.180          -1.866          -4.426            7.221
    9 (vir)    22           8.212          -4.682          -7.039         -13.722           10.213
   10 (vir)    22           9.883          -2.660          -0.969          -4.247           10.501
   11 (vir)    22          10.207          -4.931          -5.811         -12.461           11.926
   12 (vir)    22          13.301          -5.593          -5.795         -13.176           15.089
   13 (vir)    22          16.513          -3.953          -1.988          -7.204           17.775
   14 (vir)    22          16.616          -3.321          -2.264          -6.776           17.807
   15 (vir)    22          20.829          -3.610          -1.622          -6.385           21.981
   16 (vir)    22          21.712          -4.050          -1.343          -6.569           22.888
   17 (vir)    22          22.751          -3.585          -1.174          -5.652           23.645
   18 (vir)    22          25.029          -5.421          -1.930          -8.684           26.362
   19 (vir)    22          26.041          -6.125          -2.403          -9.959           27.471
   20 (vir)    22          28.833          -3.068          -1.957          -7.409           31.218
   21 (vir)    22          33.128          -4.479          -2.008          -8.744           35.385
   22 (vir)    22          34.823          -3.423          -1.748          -8.267           37.919
   23 (vir)    22          35.659          -3.921          -0.855          -8.059           38.941
   24 (vir)    22          37.757          -5.065          -2.942         -11.664           41.414
   25 (vir)    22          39.882          -5.642          -2.767         -11.657           43.131
   26 (vir)    22          43.420          -3.276          -1.981         -10.469           48.632
   27 (vir)    22          43.698          -0.878          -2.756         -10.974           51.037
   28 (vir)    22          46.578          -2.140          -3.143         -12.304           53.599
   29 (vir)    22          47.285          -2.682          -2.529         -10.967           53.041
   30 (vir)    22          51.448          -0.480          -2.379         -11.259           59.848
   31 (vir)    22          56.447          -1.162          -2.936         -11.327           63.675
   32 (vir)    22          56.904          -4.206          -2.509         -11.269           61.458
   33 (vir)    22          62.113           0.209          -2.827         -12.997           72.492
   34 (vir)    22          63.412          -4.316          -1.591         -11.929           69.433
   35 (vir)    22          64.908          -2.770          -1.830         -11.153           71.460
   36 (vir)    22          68.786          -2.156          -2.949         -13.623           77.304
   37 (vir)    22          68.855           0.335          -2.425         -11.909           78.674
   38 (vir)    22          73.333           2.603          -0.238         -10.278           85.976
   39 (vir)    22          79.231          -7.473          -3.247         -15.611           84.122
   40 (vir)    22          81.867          -0.317          -2.562         -14.425           93.413
   41 (vir)    22          86.367          -3.140          -1.900         -12.462           93.789
   42 (vir)    22          91.282           1.117          -0.846         -12.846          104.398
   43 (vir)    22          95.338          -1.472          -1.987         -13.865          105.744
   44 (vir)    22          95.537           5.254          -1.669         -13.685          112.807
   45 (vir)    22          99.557          -6.432          -2.217         -15.221          106.129
   46 (vir)    22          99.939           1.497          -1.929         -14.015          113.524
   47 (vir)    22         102.565          -4.372          -2.452         -15.587          111.328
   48 (vir)    22         109.959          -1.180          -0.325         -13.722          122.176
   49 (vir)    22         114.755          -1.257          -1.845         -16.349          128.003
   50 (vir)    22         117.472           2.393           0.874         -13.567          134.306
   51 (vir)    22         121.708          -3.085          -1.943         -15.279          131.960
   52 (vir)    22         130.831          -2.451          -0.414         -14.624          142.589
   53 (vir)    22         133.024           1.555          -0.520         -14.970          149.029
   54 (vir)    22         135.020           1.258           1.475         -16.111          153.864
   55 (vir)    22         168.046          -1.125          -2.850         -15.464          179.535
   56 (vir)    22         174.363          -2.017          -1.115         -18.140          189.371
   57 (vir)    22         206.591          -4.572           2.650         -10.609          215.279
   58 (vir)    22         262.399          -1.199          -0.977         -17.116          277.339
 
 
  kpoint:      23             coordinate:     0.1497    0.1497    0.0000
 
    n           k   ϵ_nk^DFT (eV)     Σ^c_nk (eV)     Σ^x_nk (eV)    v_nk^xc (eV)   ϵ_nk^G0W0 (eV)
 
    1 (occ)    23         -20.170           8.560         -26.912         -16.588          -21.935
    2 (occ)    23          -8.752           3.749         -22.742         -17.068          -10.676
    3 (occ)    23          -7.311           3.136         -18.447         -13.684           -8.937
    4 (occ)    23          -7.304           3.204         -22.318         -17.309           -9.109
    5 (vir)    23           3.118          -2.136          -1.394          -4.118            3.707
    6 (vir)    23           3.897          -2.554          -3.202          -6.578            4.720
    7 (vir)    23           5.829          -4.014          -4.118          -9.251            6.948
    8 (vir)    23           7.056          -2.232          -1.934          -4.570            7.459
    9 (vir)    23           8.309          -4.696          -7.024         -13.713           10.302
   10 (vir)    23          10.035          -2.607          -0.942          -4.148           10.634
   11 (vir)    23          10.336          -4.912          -5.698         -12.306           12.032
   12 (vir)    23          13.640          -5.665          -5.760         -13.218           15.433
   13 (vir)    23          16.209          -3.900          -2.016          -7.185           17.478
   14 (vir)    23          16.824          -3.285          -2.203          -6.676           18.012
   15 (vir)    23          20.675          -3.567          -1.547          -6.221           21.781
   16 (vir)    23          21.361          -3.812          -1.230          -6.202           22.521
   17 (vir)    23          22.324          -3.594          -1.224          -5.708           23.214
   18 (vir)    23          25.095          -5.372          -1.823          -8.512           26.413
   19 (vir)    23          26.001          -6.343          -2.601         -10.429           27.486
   20 (vir)    23          28.368          -3.421          -1.869          -7.108           30.186
   21 (vir)    23          32.544          -4.458          -2.122          -8.930           34.894
   22 (vir)    23          34.823          -3.620          -1.867          -8.423           37.760
   23 (vir)    23          35.378          -3.071          -0.680          -7.794           39.420
   24 (vir)    23          37.323          -4.411          -2.927         -11.426           41.411
   25 (vir)    23          39.839         -11.177          -2.818         -11.764           37.608
   26 (vir)    23          43.156          -3.380          -2.007         -10.503           48.272
   27 (vir)    23          43.387          -2.965          -2.467         -10.875           48.830
   28 (vir)    23          46.748          -2.878          -2.427         -10.989           52.432
   29 (vir)    23          47.223          -1.949          -3.126         -12.368           54.517
   30 (vir)    23          50.903           0.431          -2.344         -10.918           59.908
   31 (vir)    23          56.225          -1.778          -2.970         -11.458           62.935
   32 (vir)    23          57.610          -4.403          -2.591         -11.397           62.013
   33 (vir)    23          61.471          -0.120          -2.703         -13.330           71.978
   34 (vir)    23          64.133          -3.302          -1.540         -11.740           71.031
   35 (vir)    23          65.163          -3.080          -1.797         -11.203           71.489
   36 (vir)    23          68.056          -1.495          -2.976         -13.638           77.223
   37 (vir)    23          68.094          -1.267          -2.212         -11.747           76.361
   38 (vir)    23          72.368           1.324          -0.470         -10.599           83.822
   39 (vir)    23          79.625          -5.816          -3.038         -15.015           85.785
   40 (vir)    23          81.418          -3.369          -2.539         -15.052           90.562
   41 (vir)    23          86.416          -5.784          -1.976         -12.614           91.269
   42 (vir)    23          91.338           1.149          -1.474         -13.000          104.012
   43 (vir)    23          94.540          -1.369          -2.035         -13.833          104.969
   44 (vir)    23          95.110          -2.362          -1.197         -13.689          105.240
   45 (vir)    23          99.079          -8.235          -2.215         -14.967          103.597
   46 (vir)    23         100.089          -7.105          -1.919         -14.108          105.172
   47 (vir)    23         103.257          -3.241          -2.375         -15.679          113.320
   48 (vir)    23         109.300          -0.592          -0.302         -13.541          121.947
   49 (vir)    23         115.278          -0.774          -1.773         -16.325          129.057
   50 (vir)    23         117.763           2.035           0.653         -13.488          133.939
   51 (vir)    23         120.652          -3.643          -1.941         -15.154          130.222
   52 (vir)    23         130.726           0.094          -0.760         -14.428          144.488
   53 (vir)    23         133.428           0.637          -1.577         -15.289          147.777
   54 (vir)    23         135.310           1.319           1.111         -16.066          153.807
   55 (vir)    23         167.256          -0.738          -2.679         -15.693          179.531
   56 (vir)    23         174.167          -0.754          -1.027         -18.266          190.653
   57 (vir)    23         205.835          -2.422           2.177         -10.378          215.968
   58 (vir)    23         262.449          -1.524          -0.757         -17.130          277.298
 
 
  kpoint:      24             coordinate:     0.1565    0.1565    0.0000
 
    n           k   ϵ_nk^DFT (eV)     Σ^c_nk (eV)     Σ^x_nk (eV)    v_nk^xc (eV)   ϵ_nk^G0W0 (eV)
 
    1 (occ)    24         -20.063           8.521         -26.913         -16.623          -21.832
    2 (occ)    24          -8.971           3.822         -22.758         -17.003          -10.905
    3 (occ)    24          -7.465           3.252         -22.307         -17.240           -9.280
    4 (occ)    24          -7.164           3.077         -18.442         -13.745           -8.784
    5 (vir)    24           3.316          -2.155          -1.404          -4.159            3.915
    6 (vir)    24           3.956          -2.870          -3.882          -7.709            4.914
    7 (vir)    24           5.759          -3.675          -3.485          -8.176            6.774
    8 (vir)    24           7.281          -2.293          -2.015          -4.739            7.712
    9 (vir)    24           8.412          -4.712          -7.008         -13.705           10.398
   10 (vir)    24          10.205          -2.574          -0.935          -4.097           10.793
   11 (vir)    24          10.468          -4.885          -5.577         -12.134           12.139
   12 (vir)    24          13.979          -5.740          -5.720         -13.258           15.776
   13 (vir)    24          15.905          -3.839          -2.030          -7.138           17.175
   14 (vir)    24          17.037          -3.226          -2.111          -6.524           18.224
   15 (vir)    24          20.509          -3.533          -1.475          -6.066           21.567
   16 (vir)    24          20.996          -3.656          -1.150          -5.925           22.114
   17 (vir)    24          21.936          -3.610          -1.288          -5.801           22.838
   18 (vir)    24          25.191          -5.283          -1.719          -8.348           26.537
   19 (vir)    24          25.961          -6.459          -2.782         -10.817           27.536
   20 (vir)    24          27.878          -3.401          -1.773          -6.802           29.505
   21 (vir)    24          31.999          -4.395          -2.254          -9.170           34.520
   22 (vir)    24          34.849          -4.168          -1.947          -8.569           37.303
   23 (vir)    24          35.027          -1.644          -0.767          -7.540           40.156
   24 (vir)    24          36.916          -3.998          -2.908         -11.170           41.179
   25 (vir)    24          39.790          -0.791          -2.979         -11.858           47.878
   26 (vir)    24          42.936          -3.567          -2.033         -10.527           47.862
   27 (vir)    24          43.080          -3.621          -2.156         -10.807           48.110
   28 (vir)    24          46.263          -2.861          -2.376         -10.977           52.003
   29 (vir)    24          47.880          -1.923          -3.104         -12.425           55.278
   30 (vir)    24          50.313           0.261          -2.335         -10.572           58.811
   31 (vir)    24          55.999          -2.510          -2.967         -11.611           62.133
   32 (vir)    24          58.383          -4.286          -2.620         -11.534           63.011
   33 (vir)    24          60.887          -1.558          -2.695         -13.513           70.147
   34 (vir)    24          64.855          -3.236          -1.794         -11.761           71.586
   35 (vir)    24          65.447          -4.644          -1.757         -11.253           70.298
   36 (vir)    24          67.299          -2.475          -2.083         -11.558           74.299
   37 (vir)    24          67.312          -1.149          -3.005         -13.646           76.804
   38 (vir)    24          71.526           1.332          -0.480         -10.961           83.339
   39 (vir)    24          79.543          -3.783          -2.631         -14.273           87.402
   40 (vir)    24          81.470           1.385          -2.757         -15.813           95.912
   41 (vir)    24          86.497          -1.032          -2.000         -12.758           96.222
   42 (vir)    24          91.419          -2.176          -2.445         -13.164           99.962
   43 (vir)    24          93.747          -1.728          -2.066         -13.807          103.759
   44 (vir)    24          94.732          -2.204          -0.770         -13.646          105.404
   45 (vir)    24          98.486          -1.477          -2.227         -14.939          109.721
   46 (vir)    24         100.277          -2.490          -1.879         -13.990          109.898
   47 (vir)    24         103.870          -1.745          -2.244         -15.679          115.560
   48 (vir)    24         108.678          -1.078          -1.112         -13.438          119.925
   49 (vir)    24         115.726          -3.094          -1.801         -16.252          127.083
   50 (vir)    24         118.093          -0.529          -0.729         -13.446          130.281
   51 (vir)    24         119.791          -1.807          -1.913         -15.046          131.116
   52 (vir)    24         130.547           0.398          -0.600         -14.355          144.701
   53 (vir)    24         133.942          -3.469          -2.208         -15.511          143.777
   54 (vir)    24         135.698          -2.698          -1.415         -16.012          147.597
   55 (vir)    24         166.457          -0.733          -1.831         -15.952          179.844
   56 (vir)    24         174.061          -0.133          -1.133         -18.318          191.112
   57 (vir)    24         205.376          -0.928           0.843         -10.183          215.475
   58 (vir)    24         262.366          -1.711          -0.469         -17.141          277.327
 
 
  kpoint:      25             coordinate:     0.1633    0.1633    0.0000
 
    n           k   ϵ_nk^DFT (eV)     Σ^c_nk (eV)     Σ^x_nk (eV)    v_nk^xc (eV)   ϵ_nk^G0W0 (eV)
 
    1 (occ)    25         -19.953           8.482         -26.914         -16.660          -21.726
    2 (occ)    25          -9.187           3.893         -22.773         -16.938          -11.130
    3 (occ)    25          -7.627           3.300         -22.297         -17.172           -9.452
    4 (occ)    25          -7.013           3.016         -18.439         -13.811           -8.625
    5 (vir)    25           3.522          -2.177          -1.416          -4.204            4.132
    6 (vir)    25           3.971          -3.243          -4.645          -8.993            5.076
    7 (vir)    25           5.735          -3.279          -2.757          -6.923            6.622
    8 (vir)    25           7.517          -2.366          -2.109          -4.940            7.982
    9 (vir)    25           8.523          -4.731          -6.991         -13.698           10.498
   10 (vir)    25          10.389          -2.558          -0.946          -4.089           10.974
   11 (vir)    25          10.603          -4.849          -5.444         -11.939           12.249
   12 (vir)    25          14.316          -5.819          -5.679         -13.301           16.119
   13 (vir)    25          15.607          -3.767          -2.030          -7.064           16.874
   14 (vir)    25          17.249          -3.140          -1.981          -6.301           18.429
   15 (vir)    25          20.327          -3.494          -1.405          -5.916           21.344
   16 (vir)    25          20.625          -3.552          -1.106          -5.726           21.693
   17 (vir)    25          21.589          -3.641          -1.377          -5.946           22.517
   18 (vir)    25          25.311          -5.157          -1.611          -8.185           26.728
   19 (vir)    25          25.910          -6.548          -2.941         -11.131           27.553
   20 (vir)    25          27.365          -3.045          -1.678          -6.509           29.150
   21 (vir)    25          31.513          -4.451          -2.391          -9.438           34.109
   22 (vir)    25          34.579          -2.771          -1.141          -7.364           38.030
   23 (vir)    25          34.897          -4.101          -2.004          -8.706           37.499
   24 (vir)    25          36.568          -3.731          -2.896         -10.848           40.788
   25 (vir)    25          39.735          -2.305          -3.223         -11.936           46.143
   26 (vir)    25          42.745          -3.665          -2.057         -10.548           47.572
   27 (vir)    25          42.791          -4.360          -1.995         -10.767           47.203
   28 (vir)    25          45.825          -2.997          -2.460         -10.930           51.298
   29 (vir)    25          48.544          -1.969          -3.077         -12.473           55.971
   30 (vir)    25          49.685          -4.524          -2.479         -10.240           52.922
   31 (vir)    25          55.750          -3.225          -2.978         -11.791           61.338
   32 (vir)    25          59.195          -3.607          -2.609         -11.679           64.657
   33 (vir)    25          60.402          -6.259          -2.914         -13.663           64.891
   34 (vir)    25          65.455           6.026          -2.630         -11.765           80.615
   35 (vir)    25          65.743          -0.985          -1.687         -11.293           74.364
   36 (vir)    25          66.528          -3.891          -1.896         -11.494           72.235
   37 (vir)    25          66.575          -1.645          -3.065         -13.652           75.517
   38 (vir)    25          70.840          -1.179          -0.590         -11.287           80.357
   39 (vir)    25          79.078          -5.108          -2.429         -14.073           85.614
   40 (vir)    25          81.942          -2.315          -2.960         -16.007           92.674
   41 (vir)    25          86.592          -0.903          -1.977         -12.887           96.599
   42 (vir)    25          91.507          -1.201          -3.556         -13.364          100.115
   43 (vir)    25          92.961          -2.308          -2.076         -13.785          102.362
   44 (vir)    25          94.397           5.043          -0.773         -13.538          112.206
   45 (vir)    25          97.842          -0.902          -2.248         -14.967          109.660
   46 (vir)    25         100.414          -1.139          -1.810         -13.847          111.312
   47 (vir)    25         104.312          -0.852          -2.195         -15.463          116.728
   48 (vir)    25         108.217          -0.919          -2.584         -13.562          118.276
   49 (vir)    25         116.030          -1.688          -2.170         -16.055          128.227
   50 (vir)    25         118.545          -3.637          -2.580         -13.506          125.834
   51 (vir)    25         119.164          -0.989          -1.885         -14.953          131.243
   52 (vir)    25         130.371           0.716          -0.654         -14.342          144.776
   53 (vir)    25         134.405          -0.587          -2.767         -15.638          146.690
   54 (vir)    25         136.144          -2.131          -4.859         -16.007          145.160
   55 (vir)    25         165.701           0.406          -1.007         -16.198          181.297
   56 (vir)    25         174.015          -0.125          -1.559         -18.335          190.667
   57 (vir)    25         205.188          -0.742          -0.938         -10.023          213.531
   58 (vir)    25         262.159          -1.812          -0.405         -17.149          277.091
 
 
  kpoint:      26             coordinate:     0.1701    0.1701    0.0000
 
    n           k   ϵ_nk^DFT (eV)     Σ^c_nk (eV)     Σ^x_nk (eV)    v_nk^xc (eV)   ϵ_nk^G0W0 (eV)
 
    1 (occ)    26         -19.840           8.442         -26.918         -16.699          -21.617
    2 (occ)    26          -9.399           3.962         -22.785         -16.873          -11.350
    3 (occ)    26          -7.790           3.349         -22.289         -17.105           -9.626
    4 (occ)    26          -6.857           2.953         -18.439         -13.882           -8.461
    5 (vir)    26           3.736          -2.202          -1.430          -4.254            4.359
    6 (vir)    26           3.936          -3.612          -5.366         -10.216            5.174
    7 (vir)    26           5.766          -2.893          -2.063          -5.712            6.522
    8 (vir)    26           7.764          -2.454          -2.221          -5.179            8.268
    9 (vir)    26           8.640          -4.753          -6.974         -13.691           10.604
   10 (vir)    26          10.585          -2.561          -0.974          -4.124           11.174
   11 (vir)    26          10.744          -4.800          -5.294         -11.711           12.362
   12 (vir)    26          14.647          -5.901          -5.637         -13.346           16.455
   13 (vir)    26          15.321          -3.684          -2.016          -6.960           16.582
   14 (vir)    26          17.454          -3.025          -1.809          -5.992           18.612
   15 (vir)    26          20.127          -3.442          -1.337          -5.768           21.115
   16 (vir)    26          20.257          -3.472          -1.094          -5.587           21.278
   17 (vir)    26          21.293          -3.699          -1.501          -6.164           22.256
   18 (vir)    26          25.445          -5.181          -1.482          -7.999           26.781
   19 (vir)    26          25.842          -6.643          -3.074         -11.382           27.507
   20 (vir)    26          26.842          -2.717          -1.617          -6.272           28.779
   21 (vir)    26          31.094          -4.621          -2.521          -9.705           33.657
   22 (vir)    26          34.032          -3.008          -1.576          -7.269           36.716
   23 (vir)    26          34.967          -4.106          -2.061          -8.838           37.637
   24 (vir)    26          36.285          -3.917          -2.992         -10.465           39.841
   25 (vir)    26          39.676          -2.587          -3.469         -11.994           45.614
   26 (vir)    26          42.530          -5.016          -2.013         -10.747           46.248
   27 (vir)    26          42.574          -3.755          -2.076         -10.572           47.314
   28 (vir)    26          45.431          -3.425          -2.727         -10.853           50.131
   29 (vir)    26          49.029          -5.266          -2.773          -9.946           50.936
   30 (vir)    26          49.214          -1.929          -3.046         -12.510           56.750
   31 (vir)    26          55.473          -3.787          -3.047         -11.998           60.636
   32 (vir)    26          60.018          -3.777          -2.599         -11.834           65.476
   33 (vir)    26          60.025          -7.139          -3.222         -13.787           63.451
   34 (vir)    26          65.305          -1.665          -3.038         -11.272           71.874
   35 (vir)    26          65.670          -3.971          -2.390         -12.751           72.060
   36 (vir)    26          66.230          -1.116          -2.351         -12.220           74.983
   37 (vir)    26          66.364          -3.518          -2.588         -12.063           72.320
   38 (vir)    26          70.331          -1.740          -0.940         -11.511           79.162
   39 (vir)    26          78.531          -5.986          -2.442         -14.045           84.149
   40 (vir)    26          82.549          -2.825          -3.090         -15.988           92.622
   41 (vir)    26          86.685          -1.010          -1.937         -12.989           96.727
   42 (vir)    26          91.576          -1.343          -4.545         -13.618           99.307
   43 (vir)    26          92.183          -2.476          -2.075         -13.767          101.400
   44 (vir)    26          94.107           0.540          -1.334         -13.352          106.665
   45 (vir)    26          97.159          -0.821          -2.270         -15.020          109.089
   46 (vir)    26         100.471          -0.886          -1.736         -13.726          111.574
   47 (vir)    26         104.457          -0.643          -2.493         -14.917          116.238
   48 (vir)    26         108.068          -1.423          -3.971         -14.045          116.718
   49 (vir)    26         116.163          -1.738          -2.887         -15.762          127.299
   50 (vir)    26         118.796          -0.841          -1.878         -14.876          130.952
   51 (vir)    26         119.156          -4.517          -3.868         -13.635          124.406
   52 (vir)    26         130.173           0.493          -1.442         -14.360          143.584
   53 (vir)    26         134.775          -0.586          -3.761         -15.690          146.118
   54 (vir)    26         136.612          -2.299          -7.151         -16.060          143.222
   55 (vir)    26         165.021           0.332          -0.703         -16.407          181.058
   56 (vir)    26         174.005          -0.522          -2.267         -18.337          189.554
   57 (vir)    26         205.228          -1.406          -2.398          -9.893          211.317
   58 (vir)    26         261.843          -2.529          -0.655         -17.154          275.813
 
 
  kpoint:      27             coordinate:     0.1769    0.1769    0.0000
 
    n           k   ϵ_nk^DFT (eV)     Σ^c_nk (eV)     Σ^x_nk (eV)    v_nk^xc (eV)   ϵ_nk^G0W0 (eV)
 
    1 (occ)    27         -19.724           8.401         -26.924         -16.741          -21.506
    2 (occ)    27          -9.607           4.029         -22.794         -16.808          -11.564
    3 (occ)    27          -7.954           3.399         -22.282         -17.038           -9.799
    4 (occ)    27          -6.697           2.889         -18.443         -13.957           -8.293
    5 (vir)    27           3.851          -3.909          -5.931         -11.180            5.191
    6 (vir)    27           3.960          -2.228          -1.447          -4.310            4.594
    7 (vir)    27           5.854          -2.582          -1.517          -4.748            6.502
    8 (vir)    27           8.022          -2.560          -2.356          -5.464            8.569
    9 (vir)    27           8.762          -4.778          -6.954         -13.684           10.714
   10 (vir)    27          10.789          -2.584          -1.021          -4.204           11.388
   11 (vir)    27          10.892          -4.733          -5.122         -11.443           12.480
   12 (vir)    27          14.968          -5.981          -5.592         -13.384           16.779
   13 (vir)    27          15.055          -3.589          -1.984          -6.820           16.301
   14 (vir)    27          17.644          -2.879          -1.598          -5.592           18.760
   15 (vir)    27          19.896          -3.406          -1.105          -5.497           20.882
   16 (vir)    27          19.909          -3.383          -1.269          -5.622           20.878
   17 (vir)    27          21.059          -3.798          -1.667          -6.470           22.064
   18 (vir)    27          25.548          -5.146          -1.272          -7.612           26.741
   19 (vir)    27          25.751          -6.740          -3.186         -11.575           27.401
   20 (vir)    27          26.358          -2.781          -1.663          -6.279           28.194
   21 (vir)    27          30.744          -4.805          -2.631          -9.947           33.254
   22 (vir)    27          33.414          -3.123          -1.813          -7.208           35.686
   23 (vir)    27          35.056          -5.314          -2.133          -8.968           36.577
   24 (vir)    27          36.040          -4.359          -3.207         -10.070           38.544
   25 (vir)    27          39.616          -2.632          -3.638         -12.032           45.378
   26 (vir)    27          42.300          -5.414          -2.104         -10.738           45.520
   27 (vir)    27          42.417          -3.783          -2.096         -10.600           47.138
   28 (vir)    27          45.078          -3.981          -3.061         -10.755           48.791
   29 (vir)    27          48.362          -6.724          -3.111          -9.715           48.240
   30 (vir)    27          49.887          -1.701          -3.012         -12.539           57.714
   31 (vir)    27          55.172          -4.095          -3.174         -12.219           60.122
   32 (vir)    27          59.745          -5.543          -3.434         -13.884           64.653
   33 (vir)    27          60.821          -6.075          -2.621         -12.021           64.145
   34 (vir)    27          64.503          -1.652          -2.848         -11.176           71.179
   35 (vir)    27          64.956          -5.085          -2.688         -13.121           70.304
   36 (vir)    27          66.561          -0.688          -2.032         -11.828           75.669
   37 (vir)    27          66.674          -2.695          -3.762         -12.362           72.579
   38 (vir)    27          70.005          -1.728          -1.530         -11.637           78.384
   39 (vir)    27          78.031          -5.875          -2.477         -14.014           83.693
   40 (vir)    27          83.188          -2.923          -3.166         -15.919           93.017
   41 (vir)    27          86.756          -2.759          -1.908         -13.054           95.143
   42 (vir)    27          91.414          -2.513          -2.080         -13.754          100.575
   43 (vir)    27          91.593          -1.830          -5.159         -13.920           98.525
   44 (vir)    27          93.882          -0.070          -2.174         -13.094          104.732
   45 (vir)    27          96.451          -2.588          -2.295         -15.095          106.662
   46 (vir)    27         100.438          -0.929          -1.688         -13.640          111.461
   47 (vir)    27         104.276          -0.575          -3.139         -14.260          114.822
   48 (vir)    27         108.282          -1.795          -4.520         -14.675          116.642
   49 (vir)    27         116.159          -2.108          -3.417         -15.470          126.104
   50 (vir)    27         118.681          -1.029          -1.885         -14.811          130.578
   51 (vir)    27         119.897          -3.183          -4.237         -13.738          126.215
   52 (vir)    27         129.924          -0.431          -2.474         -14.392          141.411
   53 (vir)    27         135.004          -1.161          -5.038         -15.727          144.532
   54 (vir)    27         137.107          -2.429          -7.369         -16.126          143.435
   55 (vir)    27         164.423           0.064          -0.834         -16.573          180.227
   56 (vir)    27         174.009          -1.121          -3.077         -18.332          188.143
   57 (vir)    27         205.441          -2.021          -2.998          -9.791          210.213
   58 (vir)    27         261.433          -2.236          -1.058         -17.158          275.298
 
 
  kpoint:      28             coordinate:     0.1837    0.1837    0.0000
 
    n           k   ϵ_nk^DFT (eV)     Σ^c_nk (eV)     Σ^x_nk (eV)    v_nk^xc (eV)   ϵ_nk^G0W0 (eV)
 
    1 (occ)    28         -19.607           8.360         -26.931         -16.785          -21.392
    2 (occ)    28          -9.809           4.093         -22.800         -16.743          -11.773
    3 (occ)    28          -8.118           3.449         -22.277         -16.973           -9.973
    4 (occ)    28          -6.534           2.824         -18.450         -14.039           -8.120
    5 (vir)    28           3.727          -4.109          -6.313         -11.831            5.135
    6 (vir)    28           4.192          -2.257          -1.468          -4.372            4.839
    7 (vir)    28           5.989          -2.367          -1.150          -4.092            6.564
    8 (vir)    28           8.289          -2.687          -2.518          -5.803            8.887
    9 (vir)    28           8.889          -4.806          -6.933         -13.678           10.829
   10 (vir)    28          10.995          -2.629          -1.090          -4.336           11.613
   11 (vir)    28          11.050          -4.646          -4.922         -11.121           12.605
   12 (vir)    28          14.816          -3.479          -1.929          -6.633           16.040
   13 (vir)    28          15.272          -6.049          -5.531         -13.388           17.080
   14 (vir)    28          17.805          -2.718          -1.367          -5.146           18.866
   15 (vir)    28          19.548          -3.353          -1.127          -5.446           20.515
   16 (vir)    28          19.675          -3.324          -1.204          -5.478           20.626
   17 (vir)    28          20.908          -3.933          -1.870          -6.852           21.957
   18 (vir)    28          25.407          -4.269          -1.062          -6.455           26.531
   19 (vir)    28          25.636          -6.806          -3.277         -11.714           27.267
   20 (vir)    28          26.133          -4.449          -1.739          -7.103           27.047
   21 (vir)    28          30.455          -4.933          -2.718         -10.152           32.956
   22 (vir)    28          32.757          -3.037          -1.785          -7.154           35.088
   23 (vir)    28          35.165          -6.098          -2.222          -9.103           35.947
   24 (vir)    28          35.798          -4.204          -3.375          -9.687           37.906
   25 (vir)    28          39.557          -2.723          -3.695         -12.055           45.192
   26 (vir)    28          42.106          -5.434          -2.140         -10.725           45.257
   27 (vir)    28          42.272          -3.583          -2.121         -10.635           47.203
   28 (vir)    28          44.767          -4.390          -3.210         -10.652           47.819
   29 (vir)    28          47.706          -6.841          -3.375          -9.561           47.052
   30 (vir)    28          50.563          -1.175          -2.978         -12.562           58.971
   31 (vir)    28          54.864          -4.318          -3.297         -12.436           59.686
   32 (vir)    28          59.530          -4.702          -3.470         -13.950           65.307
   33 (vir)    28          61.558          -8.981          -2.699         -12.322           62.199
   34 (vir)    28          63.680          -0.875          -2.665         -11.221           71.363
   35 (vir)    28          64.237          -5.347          -2.656         -12.918           69.152
   36 (vir)    28          66.829          -2.718          -4.140         -12.579           72.550
   37 (vir)    28          66.967          -5.848          -2.011         -11.874           70.983
   38 (vir)    28          69.829          -1.751          -2.194         -11.742           77.626
   39 (vir)    28          77.649          -5.286          -2.448         -13.938           83.853
   40 (vir)    28          83.822          -3.205          -3.164         -15.825           93.278
   41 (vir)    28          86.786          -6.775          -1.903         -13.075           91.183
   42 (vir)    28          90.655          -2.342          -2.103         -13.748           99.957
   43 (vir)    28          91.521          -2.398          -5.259         -14.212           98.076
   44 (vir)    28          93.752           0.900          -2.679         -12.826          104.799
   45 (vir)    28          95.735          -8.884          -2.330         -15.192           99.713
   46 (vir)    28         100.319          -1.591          -1.676         -13.591          110.643
   47 (vir)    28         103.901          -0.743          -3.458         -13.791          113.490
   48 (vir)    28         108.739          -1.964          -4.261         -15.157          117.671
   49 (vir)    28         116.066          -1.277          -3.399         -15.213          126.604
   50 (vir)    28         118.783          -1.874          -1.884         -14.761          129.787
   51 (vir)    28         120.716          -1.647          -3.882         -13.787          128.974
   52 (vir)    28         129.613          -0.878          -2.833         -14.423          140.326
   53 (vir)    28         135.053          -2.107          -5.743         -15.798          143.001
   54 (vir)    28         137.639          -1.978          -6.205         -16.167          145.623
   55 (vir)    28         163.883          -0.734          -1.042         -16.696          178.803
   56 (vir)    28         174.007          -1.878          -3.736         -18.323          186.716
   57 (vir)    28         205.771          -1.640          -2.760          -9.711          211.082
   58 (vir)    28         260.950          -2.257          -1.348         -17.161          274.507
 
 
  kpoint:      29             coordinate:     0.1905    0.1905    0.0000
 
    n           k   ϵ_nk^DFT (eV)     Σ^c_nk (eV)     Σ^x_nk (eV)    v_nk^xc (eV)   ϵ_nk^G0W0 (eV)
 
    1 (occ)    29         -19.487           8.319         -26.940         -16.832          -21.277
    2 (occ)    29         -10.005           4.155         -22.802         -16.678          -11.974
    3 (occ)    29          -8.282           3.500         -22.274         -16.909          -10.147
    4 (occ)    29          -6.367           2.759         -18.462         -14.126           -7.944
    5 (vir)    29           3.573          -4.222          -6.548         -12.220            5.024
    6 (vir)    29           4.432          -2.289          -1.491          -4.442            5.094
    7 (vir)    29           6.163          -2.234          -0.928          -3.695            6.696
    8 (vir)    29           8.565          -2.839          -2.709          -6.205            9.222
    9 (vir)    29           9.020          -4.835          -6.910         -13.675           10.949
   10 (vir)    29          11.197          -2.700          -1.188          -4.535           11.844
   11 (vir)    29          11.221          -4.533          -4.690         -10.737           12.737
   12 (vir)    29          14.616          -3.351          -1.844          -6.383           15.805
   13 (vir)    29          15.546          -6.076          -5.420         -13.295           17.344
   14 (vir)    29          17.927          -2.598          -1.178          -4.779           18.929
   15 (vir)    29          19.215          -3.314          -1.157          -5.436           20.181
   16 (vir)    29          19.429          -3.269          -1.140          -5.337           20.357
   17 (vir)    29          20.862          -4.077          -2.080          -7.246           21.951
   18 (vir)    29          24.952          -3.687          -1.092          -5.809           25.982
   19 (vir)    29          25.499          -6.800          -3.347         -11.800           27.152
   20 (vir)    29          26.244          -4.763          -1.601          -7.457           27.337
   21 (vir)    29          30.221          -5.011          -2.782         -10.317           32.745
   22 (vir)    29          32.086          -2.859          -1.609          -7.103           34.720
   23 (vir)    29          35.294          -5.872          -2.319          -9.245           36.348
   24 (vir)    29          35.527          -3.604          -3.303          -9.318           37.937
   25 (vir)    29          39.501          -2.984          -3.664         -12.074           44.926
   26 (vir)    29          41.952          -5.130          -2.072         -10.685           45.434
   27 (vir)    29          42.139          -3.237          -2.155         -10.677           47.422
   28 (vir)    29          44.503          -4.532          -3.010         -10.564           47.526
   29 (vir)    29          47.085          -5.667          -3.471          -9.490           47.438
   30 (vir)    29          51.238          -0.697          -2.947         -12.582           60.176
   31 (vir)    29          54.564          -4.682          -3.333         -12.634           59.183
   32 (vir)    29          59.332          -4.035          -3.364         -13.961           65.894
   33 (vir)    29          62.087          -0.212          -2.871         -13.008           72.011
   34 (vir)    29          62.943          -0.269          -2.369         -11.361           71.667
   35 (vir)    29          63.695          -5.055          -2.493         -12.254           68.401
   36 (vir)    29          66.795          -2.650          -3.844         -12.707           73.007
   37 (vir)    29          67.405          -4.541          -2.029         -11.970           72.805
   38 (vir)    29          69.703          -2.105          -2.480         -11.907           77.024
   39 (vir)    29          77.445          -4.250          -2.407         -13.809           84.597
   40 (vir)    29          84.425          -3.931          -3.054         -15.704           93.145
   41 (vir)    29          86.760          -4.561          -1.913         -13.046           93.331
   42 (vir)    29          89.906          -1.863          -2.142         -13.749           99.650
   43 (vir)    29          91.342          -2.731          -4.799         -14.408           98.219
   44 (vir)    29          93.741          -1.601          -2.381         -12.642          102.402
   45 (vir)    29          95.036         -11.090          -2.373         -15.315           96.888
   46 (vir)    29         100.132          -1.844          -1.689         -13.572          110.171
   47 (vir)    29         103.476          -0.460          -3.037         -13.523          113.502
   48 (vir)    29         109.301          -1.948          -3.520         -15.475          119.308
   49 (vir)    29         115.919          -0.939          -3.040         -14.985          126.925
   50 (vir)    29         119.043          -6.405          -1.860         -14.726          125.503
   51 (vir)    29         121.570          -0.760          -3.150         -13.792          131.452
   52 (vir)    29         129.238          -0.895          -2.276         -14.449          140.517
   53 (vir)    29         134.924          -3.000          -5.403         -15.904          142.424
   54 (vir)    29         138.196          -1.750          -4.595         -16.179          148.030
   55 (vir)    29         163.352           0.907          -1.117         -16.777          179.919
   56 (vir)    29         173.984          -2.166          -4.020         -18.308          186.106
   57 (vir)    29         206.165          -1.092          -2.114          -9.650          212.609
   58 (vir)    29         260.414          -2.376          -1.362         -17.165          273.841
 
 
  kpoint:      30             coordinate:     0.1973    0.1973    0.0000
 
    n           k   ϵ_nk^DFT (eV)     Σ^c_nk (eV)     Σ^x_nk (eV)    v_nk^xc (eV)   ϵ_nk^G0W0 (eV)
 
    1 (occ)    30         -19.367           8.278         -26.952         -16.880          -21.160
    2 (occ)    30         -10.195           4.214         -22.801         -16.612          -12.169
    3 (occ)    30          -8.445           3.552         -22.273         -16.846          -10.319
    4 (occ)    30          -6.198           2.693         -18.479         -14.220           -7.764
    5 (vir)    30           3.401          -4.274          -6.681         -12.429            4.875
    6 (vir)    30           4.681          -2.324          -1.517          -4.519            5.359
    7 (vir)    30           6.366          -2.161          -0.805          -3.483            6.882
    8 (vir)    30           8.848          -3.016          -2.929          -6.673            9.575
    9 (vir)    30           9.154          -4.868          -6.891         -13.679           11.073
   10 (vir)    30          11.381          -2.798          -1.323          -4.814           12.074
   11 (vir)    30          11.409          -4.391          -4.422         -10.281           12.876
   12 (vir)    30          14.473          -3.199          -1.721          -6.057           15.610
   13 (vir)    30          15.773          -6.011          -5.206         -12.992           17.548
   14 (vir)    30          18.010          -2.611          -1.129          -4.694           18.965
   15 (vir)    30          18.901          -3.302          -1.209          -5.492           19.881
   16 (vir)    30          19.174          -3.215          -1.079          -5.197           20.077
   17 (vir)    30          20.940          -4.176          -2.245          -7.541           22.060
   18 (vir)    30          24.425          -3.429          -1.110          -5.572           25.457
   19 (vir)    30          25.341          -6.732          -3.397         -11.830           27.043
   20 (vir)    30          26.455          -4.672          -1.488          -7.434           27.729
   21 (vir)    30          30.031          -5.076          -2.826         -10.445           32.573
   22 (vir)    30          31.416          -2.815          -1.457          -7.059           34.203
   23 (vir)    30          35.206          -2.979          -2.939          -8.962           38.249
   24 (vir)    30          35.447          -4.341          -2.413          -9.397           38.090
   25 (vir)    30          39.451          -3.356          -3.588         -12.104           44.611
   26 (vir)    30          41.841          -4.685          -1.953         -10.590           45.794
   27 (vir)    30          42.016          -2.801          -2.196         -10.723           47.742
   28 (vir)    30          44.295          -4.494          -2.574         -10.516           47.743
   29 (vir)    30          46.520          -4.230          -3.346          -9.491           48.436
   30 (vir)    30          51.906          -1.673          -2.922         -12.606           59.919
   31 (vir)    30          54.286          -5.131          -3.252         -12.804           58.707
   32 (vir)    30          59.089          -3.328          -3.185         -13.877           66.453
   33 (vir)    30          61.998           0.333          -2.963         -13.668           73.037
   34 (vir)    30          62.356           0.825          -2.148         -11.620           72.653
   35 (vir)    30          63.747          -4.911          -2.380         -11.577           68.034
   36 (vir)    30          66.632          -2.413          -3.304         -12.754           73.669
   37 (vir)    30          67.865          -5.889          -2.054         -12.073           71.994
   38 (vir)    30          69.505          -2.258          -2.149         -12.126           77.224
   39 (vir)    30          77.454          -3.454          -2.384         -13.645           85.260
   40 (vir)    30          84.967          -4.894          -2.808         -15.543           92.808
   41 (vir)    30          86.663          -1.736          -1.919         -12.969           95.977
   42 (vir)    30          89.170          -0.830          -2.189         -13.763           99.915
   43 (vir)    30          91.087          -2.739          -3.793         -14.501           99.055
   44 (vir)    30          93.843          -1.370          -1.443         -12.568          103.598
   45 (vir)    30          94.382           1.445          -2.420         -15.459          108.867
   46 (vir)    30          99.898          -1.049          -1.704         -13.572          110.717
   47 (vir)    30         103.079           1.342          -2.128         -13.388          115.681
   48 (vir)    30         109.889          -1.682          -2.636         -15.694          121.265
   49 (vir)    30         115.736          -0.982          -2.771         -14.771          126.754
   50 (vir)    30         119.386          -4.322          -1.822         -14.704          127.945
   51 (vir)    30         122.420          -0.923          -2.356         -13.773          132.914
   52 (vir)    30         128.807          -1.078          -1.479         -14.467          140.717
   53 (vir)    30         134.649          -3.421          -4.365         -16.030          142.893
   54 (vir)    30         138.749          -1.281          -2.906         -16.180          150.743
   55 (vir)    30         162.772           0.095          -1.111         -16.822          178.577
   56 (vir)    30         173.922          -1.650          -3.820         -18.290          186.742
   57 (vir)    30         206.578          -0.601          -1.488          -9.608          214.096
   58 (vir)    30         259.845          -2.760          -1.141         -17.170          273.114
 
 
  kpoint:      31             coordinate:     0.2041    0.2041    0.0000
 
    n           k   ϵ_nk^DFT (eV)     Σ^c_nk (eV)     Σ^x_nk (eV)    v_nk^xc (eV)   ϵ_nk^G0W0 (eV)
 
    1 (occ)    31         -19.245           8.237         -26.966         -16.932          -21.042
    2 (occ)    31         -10.377           4.271         -22.795         -16.547          -12.355
    3 (occ)    31          -8.607           3.604         -22.273         -16.785          -10.491
    4 (occ)    31          -6.026           2.627         -18.502         -14.320           -7.581
    5 (vir)    31           3.218          -4.285          -6.749         -12.520            4.704
    6 (vir)    31           4.938          -2.362          -1.547          -4.605            5.634
    7 (vir)    31           6.592          -2.131          -0.746          -3.394            7.108
    8 (vir)    31           9.134          -3.218          -3.164          -7.189            9.940
    9 (vir)    31           9.290          -4.908          -6.886         -13.707           11.204
   10 (vir)    31          11.533          -2.920          -1.493          -5.171           12.290
   11 (vir)    31          11.617          -4.222          -4.118          -9.750           13.028
   12 (vir)    31          14.406          -3.029          -1.560          -5.655           15.472
   13 (vir)    31          15.931          -5.796          -4.827         -12.347           17.656
   14 (vir)    31          18.063          -2.803          -1.254          -4.984           18.991
   15 (vir)    31          18.616          -3.365          -1.351          -5.738           19.637
   16 (vir)    31          18.913          -3.159          -1.019          -5.058           19.794
   17 (vir)    31          21.149          -4.201          -2.327          -7.663           22.283
   18 (vir)    31          23.896          -3.254          -1.117          -5.434           24.960
   19 (vir)    31          25.171          -6.651          -3.429         -11.795           26.887
   20 (vir)    31          26.701          -4.488          -1.395          -7.335           28.153
   21 (vir)    31          29.876          -5.162          -2.853         -10.541           32.402
   22 (vir)    31          30.758          -2.930          -1.441          -7.025           33.412
   23 (vir)    31          34.825          -2.663          -2.397          -8.628           38.394
   24 (vir)    31          35.623          -3.367          -2.499          -9.564           39.321
   25 (vir)    31          39.409          -3.735          -3.504         -12.154           44.324
   26 (vir)    31          41.774          -5.385          -1.867         -10.413           44.935
   27 (vir)    31          41.906          -2.179          -2.239         -10.772           48.261
   28 (vir)    31          44.154          -4.490          -2.223         -10.530           47.972
   29 (vir)    31          46.026          -3.874          -3.023          -9.544           48.674
   30 (vir)    31          52.558          -2.683          -2.907         -12.642           59.610
   31 (vir)    31          54.035          -5.341          -3.099         -12.946           58.540
   32 (vir)    31          58.746          -2.134          -3.023         -13.680           67.270
   33 (vir)    31          61.432           0.800          -2.881         -13.592           72.942
   34 (vir)    31          61.964          -7.225          -2.171         -12.004           64.573
   35 (vir)    31          64.272          -3.455          -2.409         -11.608           70.016
   36 (vir)    31          66.400          -2.525          -2.847         -12.754           73.782
   37 (vir)    31          68.342          -4.532          -2.074         -12.168           73.903
   38 (vir)    31          69.166          -2.517          -1.572         -12.342           77.419
   39 (vir)    31          77.668          -3.524          -2.301         -13.485           85.328
   40 (vir)    31          85.404          -5.318          -2.377         -15.316           93.025
   41 (vir)    31          86.483          -1.213          -1.898         -12.854           96.226
   42 (vir)    31          88.452           1.628          -2.239         -13.792          101.633
   43 (vir)    31          90.826          -3.629          -2.585         -14.567           99.179
   44 (vir)    31          93.798          -0.533          -2.463         -15.617          106.418
   45 (vir)    31          94.034          -1.348          -0.478         -12.559          104.767
   46 (vir)    31          99.642          -0.074          -1.708         -13.581          111.440
   47 (vir)    31         102.748          -0.055          -1.295         -13.331          114.729
   48 (vir)    31         110.459          -1.678          -1.939         -15.861          122.703
   49 (vir)    31         115.527          -2.449          -2.772         -14.562          124.868
   50 (vir)    31         119.733          -0.491          -1.785         -14.693          132.149
   51 (vir)    31         123.227          -0.753          -1.673         -13.746          134.546
   52 (vir)    31         128.332          -0.955          -1.255         -14.472          140.594
   53 (vir)    31         134.274          -3.405          -3.183         -16.161          143.847
   54 (vir)    31         139.272          -0.629          -1.341         -16.178          153.480
   55 (vir)    31         162.080          -0.381          -1.174         -16.835          177.361
   56 (vir)    31         173.806          -1.017          -3.141         -18.267          187.914
   57 (vir)    31         206.973          -0.568          -1.029          -9.580          214.956
   58 (vir)    31         259.264           0.537          -0.872         -17.178          276.106
 
 
  kpoint:      32             coordinate:     0.2109    0.2109    0.0000
 
    n           k   ϵ_nk^DFT (eV)     Σ^c_nk (eV)     Σ^x_nk (eV)    v_nk^xc (eV)   ϵ_nk^G0W0 (eV)
 
    1 (occ)    32         -19.123           8.196         -26.982         -16.985          -20.923
    2 (occ)    32         -10.552           4.324         -22.786         -16.481          -12.533
    3 (occ)    32          -8.767           3.655         -22.276         -16.726          -10.662
    4 (occ)    32          -5.854           2.562         -18.533         -14.428           -7.396
    5 (vir)    32           3.028          -4.271          -6.775         -12.537            4.519
    6 (vir)    32           5.203          -2.404          -1.580          -4.700            5.919
    7 (vir)    32           6.835          -2.133          -0.730          -3.393            7.366
    8 (vir)    32           9.405          -3.935          -4.506          -9.641           10.606
    9 (vir)    32           9.441          -4.437          -5.795         -11.863           11.072
   10 (vir)    32          11.635          -3.048          -1.682          -5.569           12.473
   11 (vir)    32          11.852          -4.026          -3.780          -9.154           13.200
   12 (vir)    32          14.440          -2.861          -1.378          -5.217           15.418
   13 (vir)    32          16.001          -5.422          -4.285         -11.341           17.635
   14 (vir)    32          18.058          -2.970          -1.241          -5.102           18.949
   15 (vir)    32          18.420          -3.708          -1.897          -6.735           19.550
   16 (vir)    32          18.652          -3.096          -0.958          -4.916           19.514
   17 (vir)    32          21.482          -4.178          -2.342          -7.652           22.614
   18 (vir)    32          23.385          -3.105          -1.121          -5.337           24.497
   19 (vir)    32          24.996          -6.560          -3.443         -11.667           26.660
   20 (vir)    32          26.969          -4.335          -1.309          -7.204           28.530
   21 (vir)    32          29.749          -5.272          -2.868         -10.614           32.223
   22 (vir)    32          30.118          -3.133          -1.557          -7.001           32.429
   23 (vir)    32          34.391          -2.695          -1.851          -8.328           38.173
   24 (vir)    32          35.827          -2.485          -2.581          -9.745           40.506
   25 (vir)    32          39.374          -4.149          -3.437         -12.227           44.015
   26 (vir)    32          41.750          -6.393          -1.859         -10.141           43.639
   27 (vir)    32          41.808          -1.492          -2.279         -10.823           48.861
   28 (vir)    32          44.092          -4.502          -2.208         -10.622           48.005
   29 (vir)    32          45.610          -3.689          -2.619          -9.625           48.927
   30 (vir)    32          53.173          -2.913          -2.912         -12.702           60.049
   31 (vir)    32          53.816          -4.617          -2.951         -13.061           59.309
   32 (vir)    32          58.291           3.126          -2.985         -13.437           71.868
   33 (vir)    32          60.793           0.363          -2.791         -13.417           71.783
   34 (vir)    32          61.774          -6.372          -2.371         -12.440           65.470
   35 (vir)    32          64.892          -0.054          -2.421         -11.710           74.127
   36 (vir)    32          66.133          -3.139          -2.583         -12.736           73.147
   37 (vir)    32          68.688          -3.018          -1.269         -12.503           76.905
   38 (vir)    32          68.830          -2.444          -2.082         -12.245           76.549
   39 (vir)    32          78.040          -3.728          -2.107         -13.359           85.565
   40 (vir)    32          85.674         -10.775          -1.745         -15.001           88.155
   41 (vir)    32          86.211          -0.120          -1.844         -12.722           96.969
   42 (vir)    32          87.766          -1.470          -2.292         -13.831           97.835
   43 (vir)    32          90.650           3.485          -1.851         -14.680          106.964
   44 (vir)    32          93.298          -0.960          -2.500         -15.773          105.611
   45 (vir)    32          94.291          -1.009          -0.001         -12.567          105.848
   46 (vir)    32          99.383           1.242          -1.703         -13.592          112.514
   47 (vir)    32         102.495          -9.969          -0.951         -13.321          104.897
   48 (vir)    32         110.985          -0.559          -1.591         -16.000          124.835
   49 (vir)    32         115.296          -3.772          -2.825         -14.354          123.054
   50 (vir)    32         120.015          -0.830          -1.762         -14.686          132.108
   51 (vir)    32         123.945          -0.864          -1.134         -13.731          135.679
   52 (vir)    32         127.831          -0.829          -1.686         -14.457          139.773
   53 (vir)    32         133.851           0.112          -2.222         -16.284          148.026
   54 (vir)    32         139.745          -0.258          -0.226         -16.177          155.439
   55 (vir)    32         161.224          -0.704          -1.381         -16.819          175.958
   56 (vir)    32         173.622          -0.651          -2.081         -18.240          189.131
   57 (vir)    32         207.319          -0.651          -0.637          -9.567          215.598
   58 (vir)    32         258.688          -0.309          -0.739         -17.188          274.828
 
 
  kpoint:      33             coordinate:     0.2177    0.2177    0.0000
 
    n           k   ϵ_nk^DFT (eV)     Σ^c_nk (eV)     Σ^x_nk (eV)    v_nk^xc (eV)   ϵ_nk^G0W0 (eV)
 
    1 (occ)    33         -19.002           8.156         -27.001         -17.041          -20.805
    2 (occ)    33         -10.718           4.373         -22.772         -16.415          -12.702
    3 (occ)    33          -8.926           3.708         -22.281         -16.668          -10.832
    4 (occ)    33          -5.680           2.498         -18.570         -14.542           -7.210
    5 (vir)    33           2.835          -4.242          -6.772         -12.504            4.326
    6 (vir)    33           5.475          -2.450          -1.618          -4.805            6.212
    7 (vir)    33           7.092          -2.159          -0.745          -3.459            7.647
    8 (vir)    33           9.554          -4.858          -6.498         -13.131           11.329
    9 (vir)    33           9.708          -3.827          -4.057          -9.015           10.839
   10 (vir)    33          11.678          -3.150          -1.854          -5.928           12.600
   11 (vir)    33          12.116          -3.814          -3.420          -8.518           13.399
   12 (vir)    33          14.590          -2.727          -1.211          -4.826           15.478
   13 (vir)    33          15.976          -4.975          -3.684         -10.173           17.490
   14 (vir)    33          17.892          -2.969          -1.063          -4.919           18.780
   15 (vir)    33          18.397          -3.027          -0.893          -4.765           19.242
   16 (vir)    33          18.430          -4.350          -2.738          -8.340           19.682
   17 (vir)    33          21.924          -4.185          -2.344          -7.661           23.056
   18 (vir)    33          22.898          -2.980          -1.126          -5.266           24.057
   19 (vir)    33          24.834          -6.409          -3.414         -11.372           26.383
   20 (vir)    33          27.255          -4.315          -1.221          -7.050           28.769
   21 (vir)    33          29.499          -3.606          -1.716          -6.988           31.165
   22 (vir)    33          29.645          -5.378          -2.876         -10.671           32.062
   23 (vir)    33          33.921          -3.000          -1.417          -8.076           37.580
   24 (vir)    33          36.061           0.601          -2.665          -9.943           43.940
   25 (vir)    33          39.348          -4.750          -3.405         -12.315           43.507
   26 (vir)    33          41.724          -1.261          -2.313         -10.874           49.023
   27 (vir)    33          41.761          -5.756          -1.895          -9.782           43.891
   28 (vir)    33          44.119          -4.607          -2.502         -10.795           47.805
   29 (vir)    33          45.275          -3.419          -2.280          -9.709           49.285
   30 (vir)    33          53.628           3.576          -2.860         -13.154           67.498
   31 (vir)    33          53.712          -3.018          -2.946         -12.800           60.548
   32 (vir)    33          57.754          -2.889          -3.069         -13.238           65.033
   33 (vir)    33          60.223          -0.219          -2.686         -13.222           70.541
   34 (vir)    33          61.743          -6.813          -2.579         -12.832           65.183
   35 (vir)    33          65.513           0.866          -2.421         -11.798           75.756
   36 (vir)    33          65.844          -1.115          -2.461         -12.728           74.995
   37 (vir)    33          68.109          -3.680          -1.406         -12.585           75.608
   38 (vir)    33          69.326          -2.162          -2.079         -12.300           77.385
   39 (vir)    33          78.506          -2.551          -1.870         -13.275           87.361
   40 (vir)    33          85.714           6.868          -1.141         -14.612          106.055
   41 (vir)    33          85.833           6.641          -1.780         -12.625          103.319
   42 (vir)    33          87.138          -1.559          -2.340         -13.846           97.085
   43 (vir)    33          90.645           7.946          -1.959         -14.852          111.484
   44 (vir)    33          92.889          -0.694          -2.530         -15.912          105.577
   45 (vir)    33          94.601           2.859          -0.124         -12.571          109.907
   46 (vir)    33          99.138           4.459          -1.697         -13.600          115.499
   47 (vir)    33         102.323          -1.425          -1.110         -13.339          113.126
   48 (vir)    33         111.452           1.531          -1.492         -16.125          127.616
   49 (vir)    33         115.045          -6.719          -2.560         -14.146          119.912
   50 (vir)    33         120.172          -1.158          -1.752         -14.676          131.939
   51 (vir)    33         124.506          -0.488          -0.701         -13.771          137.088
   52 (vir)    33         127.338          -3.180          -2.065         -14.394          136.487
   53 (vir)    33         133.442           3.208          -1.655         -16.387          151.382
   54 (vir)    33         140.161          -0.324           0.167         -16.177          156.180
   55 (vir)    33         160.159          -5.295          -1.676         -16.780          169.968
   56 (vir)    33         173.362           0.039          -0.828         -18.213          190.786
   57 (vir)    33         207.591          -0.508          -0.197          -9.564          216.450
   58 (vir)    33         258.135           0.005          -0.796         -17.200          274.544
 
 
  kpoint:      34             coordinate:     0.2245    0.2245    0.0000
 
    n           k   ϵ_nk^DFT (eV)     Σ^c_nk (eV)     Σ^x_nk (eV)    v_nk^xc (eV)   ϵ_nk^G0W0 (eV)
 
    1 (occ)    34         -18.882           8.117         -27.023         -17.099          -20.688
    2 (occ)    34         -10.874           4.418         -22.754         -16.349          -12.860
    3 (occ)    34          -9.083           3.760         -22.288         -16.611          -11.000
    4 (occ)    34          -5.507           2.436         -18.617         -14.665           -7.024
    5 (vir)    34           2.644          -4.203          -6.747         -12.438            4.131
    6 (vir)    34           5.755          -2.500          -1.663          -4.922            6.513
    7 (vir)    34           7.358          -2.208          -0.786          -3.582            7.945
    8 (vir)    34           9.685          -4.927          -6.523         -13.227           11.462
    9 (vir)    34           9.981          -4.055          -4.268          -9.544           11.202
   10 (vir)    34          11.666          -3.204          -1.976          -6.172           12.659
   11 (vir)    34          12.411          -3.603          -3.060          -7.887           13.635
   12 (vir)    34          14.857          -2.655          -1.095          -4.568           15.675
   13 (vir)    34          15.871          -4.570          -3.155          -9.118           17.263
   14 (vir)    34          17.650          -2.983          -1.073          -4.968           18.562
   15 (vir)    34          18.156          -2.950          -0.819          -4.594           18.981
   16 (vir)    34          18.560          -4.947          -3.354          -9.655           19.914
   17 (vir)    34          22.440          -2.891          -1.135          -5.210           23.624
   18 (vir)    34          22.446          -4.358          -2.435          -7.991           23.643
   19 (vir)    34          24.716          -6.087          -3.254         -10.706           26.081
   20 (vir)    34          27.558          -4.454          -1.130          -6.872           28.847
   21 (vir)    34          28.905          -3.684          -1.830          -6.989           30.380
   22 (vir)    34          29.561          -5.436          -2.882         -10.720           31.963
   23 (vir)    34          33.439          -3.589          -1.119          -7.876           36.607
   24 (vir)    34          36.328           2.261          -2.755         -10.155           45.989
   25 (vir)    34          39.331          -5.740          -3.407         -12.409           42.593
   26 (vir)    34          41.653          -1.714          -2.341         -10.921           48.519
   27 (vir)    34          41.795          -4.381          -1.890          -9.369           44.892
   28 (vir)    34          44.232          -5.169          -2.814         -11.035           47.285
   29 (vir)    34          45.036          -3.572          -2.113          -9.769           49.121
   30 (vir)    34          53.471          -6.589          -2.833         -13.226           57.276
   31 (vir)    34          54.110          -3.170          -3.016         -12.948           60.872
   32 (vir)    34          57.179          -2.857          -3.145         -13.114           64.292
   33 (vir)    34          59.816          -0.968          -2.555         -12.996           69.289
   34 (vir)    34          61.818          -9.049          -2.718         -13.149           63.199
   35 (vir)    34          65.532          -3.020          -2.364         -12.758           72.906
   36 (vir)    34          66.114           2.604          -2.420         -11.878           78.177
   37 (vir)    34          67.483          -6.572          -1.783         -12.568           71.695
   38 (vir)    34          69.824          -6.184          -2.071         -12.328           73.897
   39 (vir)    34          79.006          -0.758          -1.681         -13.221           89.789
   40 (vir)    34          85.338         -12.014          -1.753         -12.630           84.201
   41 (vir)    34          85.506           2.891          -1.041         -14.217          101.572
   42 (vir)    34          86.600          -1.814          -2.357         -13.782           96.210
   43 (vir)    34          90.846          -7.662          -2.503         -15.030           95.711
   44 (vir)    34          92.562          -0.354          -2.554         -16.026          105.681
   45 (vir)    34          94.952           3.463          -0.586         -12.560          110.389
   46 (vir)    34          98.922         -11.401          -1.695         -13.602           99.427
   47 (vir)    34         102.228          -8.242          -1.486         -13.372          105.873
   48 (vir)    34         111.847           1.833          -1.405         -16.241          128.516
   49 (vir)    34         114.769          -3.310          -1.837         -13.944          123.566
   50 (vir)    34         120.160          -1.452          -1.746         -14.657          131.618
   51 (vir)    34         124.808           2.351          -0.329         -13.943          140.773
   52 (vir)    34         126.910           4.592          -1.656         -14.235          144.081
   53 (vir)    34         133.115           6.757          -1.514         -16.442          154.800
   54 (vir)    34         140.517           0.864          -0.123         -16.173          157.431
   55 (vir)    34         158.857          -3.419          -1.914         -16.724          170.248
   56 (vir)    34         173.020          -1.068           0.320         -18.187          190.460
   57 (vir)    34         207.767          -0.004           0.245          -9.570          217.578
   58 (vir)    34         257.619          -0.642          -0.955         -17.215          273.237
 
 
  kpoint:      35             coordinate:     0.2313    0.2313    0.0000
 
    n           k   ϵ_nk^DFT (eV)     Σ^c_nk (eV)     Σ^x_nk (eV)    v_nk^xc (eV)   ϵ_nk^G0W0 (eV)
 
    1 (occ)    35         -18.763           8.079         -27.047         -17.159          -20.572
    2 (occ)    35         -11.020           4.458         -22.730         -16.284          -13.008
    3 (occ)    35          -9.238           3.812         -22.296         -16.556          -11.166
    4 (occ)    35          -5.335           2.375         -18.672         -14.794           -6.838
    5 (vir)    35           2.455          -4.161          -6.706         -12.349            3.936
    6 (vir)    35           6.040          -2.555          -1.715          -5.051            6.821
    7 (vir)    35           7.628          -2.279          -0.852          -3.759            8.255
    8 (vir)    35           9.810          -4.961          -6.460         -13.179           11.567
    9 (vir)    35          10.243          -4.294          -4.526         -10.147           11.570
   10 (vir)    35          11.618          -3.204          -2.034          -6.278           12.657
   11 (vir)    35          12.738          -3.412          -2.730          -7.310           13.906
   12 (vir)    35          15.222          -2.656          -1.051          -4.489           16.005
   13 (vir)    35          15.708          -4.263          -2.760          -8.317           17.001
   14 (vir)    35          17.400          -2.993          -1.122          -5.049           18.334
   15 (vir)    35          17.948          -2.860          -0.726          -4.381           18.744
   16 (vir)    35          18.720          -5.427          -3.804         -10.671           20.158
   17 (vir)    35          22.016          -2.829          -1.148          -5.166           23.205
   18 (vir)    35          22.968          -4.959          -2.820          -9.205           24.394
   19 (vir)    35          24.721          -5.358          -2.763          -9.186           25.786
   20 (vir)    35          27.879          -4.717          -1.030          -6.669           28.800
   21 (vir)    35          28.342          -3.585          -1.862          -7.007           29.902
   22 (vir)    35          29.499          -5.434          -2.888         -10.762           31.939
   23 (vir)    35          32.977          -3.481          -0.962          -7.728           36.263
   24 (vir)    35          36.630          -5.602          -2.851         -10.381           38.558
   25 (vir)    35          39.326          -6.882          -3.427         -12.503           41.519
   26 (vir)    35          41.596          -2.360          -2.365         -10.962           47.834
   27 (vir)    35          41.838          -3.448          -1.764          -8.945           45.571
   28 (vir)    35          44.377          -4.723          -2.658         -11.236           48.232
   29 (vir)    35          44.959          -3.567          -2.318          -9.872           48.946
   30 (vir)    35          53.344          -6.613          -2.844         -13.276           57.163
   31 (vir)    35          54.279          -3.213          -3.111         -13.128           61.083
   32 (vir)    35          56.603          -2.302          -3.139         -13.055           64.217
   33 (vir)    35          59.674          -1.478          -2.412         -12.756           68.539
   34 (vir)    35          61.957         -12.195          -2.805         -13.394           60.352
   35 (vir)    35          65.176          -4.721          -2.241         -12.867           71.082
   36 (vir)    35          66.687          -4.754          -2.418         -11.958           71.472
   37 (vir)    35          66.873          -4.149          -2.079         -12.435           73.080
   38 (vir)    35          70.321          -6.137          -2.064         -12.330           74.450
   39 (vir)    35          79.489           0.387          -1.570         -13.184           91.490
   40 (vir)    35          84.738           2.841          -1.784         -12.728           98.523
   41 (vir)    35          85.088          10.228          -1.555         -13.876          107.637
   42 (vir)    35          86.168          -5.455          -2.341         -13.651           92.023
   43 (vir)    35          91.227          -5.741          -2.858         -15.160           97.788
   44 (vir)    35          92.304          -0.393          -2.571         -16.111          105.452
   45 (vir)    35          95.338           1.981          -1.028         -12.535          108.826
   46 (vir)    35          98.748          -5.987          -1.695         -13.596          104.662
   47 (vir)    35         102.205          -5.337          -1.760         -13.414          108.523
   48 (vir)    35         112.161           2.525          -1.211         -16.345          129.820
   49 (vir)    35         114.462          -1.855          -0.899         -13.758          125.465
   50 (vir)    35         119.945          -1.704          -1.736         -14.622          131.127
   51 (vir)    35         124.752           1.227           0.141         -14.258          140.378
   52 (vir)    35         126.604          -1.697          -0.630         -14.004          138.281
   53 (vir)    35         132.942           1.776          -1.649         -16.418          149.488
   54 (vir)    35         140.815           3.354          -0.733         -16.164          159.601
   55 (vir)    35         157.310          -2.537          -1.975         -16.657          169.455
   56 (vir)    35         172.602          -1.521           1.018         -18.165          190.264
   57 (vir)    35         207.829           0.100           0.527          -9.581          218.037
   58 (vir)    35         257.151          -1.383          -1.074         -17.232          271.926
 
 
  kpoint:      36             coordinate:     0.2381    0.2381    0.0000
 
    n           k   ϵ_nk^DFT (eV)     Σ^c_nk (eV)     Σ^x_nk (eV)    v_nk^xc (eV)   ϵ_nk^G0W0 (eV)
 
    1 (occ)    36         -18.648           8.043         -27.076         -17.221          -20.459
    2 (occ)    36         -11.155           4.494         -22.701         -16.219          -13.143
    3 (occ)    36          -9.390           3.864         -22.307         -16.504          -11.329
    4 (occ)    36          -5.165           2.318         -18.738         -14.932           -6.654
    5 (vir)    36           2.271          -4.117          -6.651         -12.242            3.745
    6 (vir)    36           6.331          -2.614          -1.775          -5.194            7.136
    7 (vir)    36           7.894          -2.373          -0.946          -3.994            8.569
    8 (vir)    36           9.927          -4.980          -6.362         -13.074           11.659
    9 (vir)    36          10.493          -4.502          -4.756         -10.680           11.915
   10 (vir)    36          11.554          -3.161          -2.032          -6.254           12.615
   11 (vir)    36          13.089          -3.257          -2.453          -6.827           14.207
   12 (vir)    36          15.509          -4.056          -2.496          -7.776           16.733
   13 (vir)    36          15.639          -2.742          -1.085          -4.614           16.426
   14 (vir)    36          17.158          -3.007          -1.191          -5.148           18.107
   15 (vir)    36          17.816          -2.747          -0.600          -4.097           18.566
   16 (vir)    36          18.877          -5.761          -4.097         -11.351           20.370
   17 (vir)    36          21.633          -2.781          -1.165          -5.127           22.814
   18 (vir)    36          23.322          -6.073          -3.561         -11.365           25.053
   19 (vir)    36          24.992          -4.185          -1.893          -6.816           25.730
   20 (vir)    36          27.828          -3.547          -1.837          -7.046           29.490
   21 (vir)    36          28.209          -5.154          -0.938          -6.483           28.601
   22 (vir)    36          29.472          -5.400          -2.881         -10.757           31.948
   23 (vir)    36          32.572          -3.622          -0.966          -7.622           35.606
   24 (vir)    36          36.969           0.161          -2.950         -10.618           44.798
   25 (vir)    36          39.337          -7.329          -3.462         -12.598           41.145
   26 (vir)    36          41.553          -2.771          -2.385         -10.995           47.392
   27 (vir)    36          41.878          -3.167          -1.515          -8.543           45.739
   28 (vir)    36          44.416          -3.826          -2.055         -11.129           49.664
   29 (vir)    36          45.190          -4.179          -2.756         -10.251           48.506
   30 (vir)    36          53.242          -7.850          -2.869         -13.300           55.823
   31 (vir)    36          54.161          -2.732          -3.191         -13.278           61.516
   32 (vir)    36          56.051          -2.306          -3.108         -13.046           63.682
   33 (vir)    36          59.863          -1.637          -2.293         -12.562           68.494
   34 (vir)    36          62.127          -0.518          -2.877         -13.576           72.308
   35 (vir)    36          64.735          -6.265          -2.177         -13.057           69.350
   36 (vir)    36          66.354          -4.596          -2.085         -12.204           71.878
   37 (vir)    36          67.226          -3.989          -2.415         -12.036           72.858
   38 (vir)    36          70.812          -5.709          -2.055         -12.308           75.356
   39 (vir)    36          79.918          -3.371          -1.541         -13.146           88.153
   40 (vir)    36          84.067          -1.239          -1.845         -12.841           93.824
   41 (vir)    36          84.526          -2.209          -2.166         -13.595           93.746
   42 (vir)    36          85.834          -5.478          -2.317         -13.531           91.570
   43 (vir)    36          91.732          -0.083          -2.819         -15.234          104.065
   44 (vir)    36          92.098          -0.658          -2.581         -16.169          105.029
   45 (vir)    36          95.751           1.117          -1.286         -12.497          108.078
   46 (vir)    36          98.628          -4.105          -1.694         -13.583          106.412
   47 (vir)    36         102.245          -5.373          -1.805         -13.459          108.527
   48 (vir)    36         112.390           4.389          -1.079         -16.428          132.129
   49 (vir)    36         114.116          -1.920          -0.190         -13.601          125.607
   50 (vir)    36         119.510          -1.817          -1.716         -14.568          130.545
   51 (vir)    36         124.379           2.102           0.743         -14.541          141.765
   52 (vir)    36         126.366           1.245           0.057         -13.890          141.557
   53 (vir)    36         132.968          -2.751          -1.745         -16.299          144.771
   54 (vir)    36         141.061          -5.927          -1.241         -16.144          150.037
   55 (vir)    36         155.527          -2.248          -1.856         -16.591          168.014
   56 (vir)    36         172.116          -0.555           1.012         -18.149          190.723
   57 (vir)    36         207.763           0.091           0.532          -9.592          217.978
   58 (vir)    36         256.740          -0.890          -1.065         -17.251          272.035
 
 
  kpoint:      37             coordinate:     0.2449    0.2449    0.0000
 
    n           k   ϵ_nk^DFT (eV)     Σ^c_nk (eV)     Σ^x_nk (eV)    v_nk^xc (eV)   ϵ_nk^G0W0 (eV)
 
    1 (occ)    37         -18.536           8.010         -27.107         -17.283          -20.350
    2 (occ)    37         -11.277           4.525         -22.667         -16.155          -13.265
    3 (occ)    37          -9.539           3.916         -22.319         -16.452          -11.490
    4 (occ)    37          -4.999           2.263         -18.814         -15.076           -6.473
    5 (vir)    37           2.093          -4.074          -6.583         -12.123            3.560
    6 (vir)    37           6.627          -2.680          -1.843          -5.354            7.457
    7 (vir)    37           8.148          -2.490          -1.070          -4.290            8.878
    8 (vir)    37          10.036          -4.985          -6.239         -12.923           11.736
    9 (vir)    37          10.729          -4.664          -4.934         -11.100           12.231
   10 (vir)    37          11.495          -3.083          -1.976          -6.121           12.558
   11 (vir)    37          13.455          -3.143          -2.238          -6.452           14.527
   12 (vir)    37          15.291          -3.936          -2.344          -7.463           16.473
   13 (vir)    37          15.999          -2.894          -1.170          -4.894           16.830
   14 (vir)    37          16.927          -3.034          -1.284          -5.274           17.883
   15 (vir)    37          17.854          -2.628          -0.462          -3.780           18.545
   16 (vir)    37          19.011          -5.946          -4.245         -11.712           20.531
   17 (vir)    37          21.303          -2.738          -1.183          -5.086           22.469
   18 (vir)    37          23.427          -6.841          -4.072         -12.763           25.277
   19 (vir)    37          25.516          -3.294          -1.305          -5.395           26.312
   20 (vir)    37          27.422          -3.716          -1.766          -7.060           29.001
   21 (vir)    37          28.517          -4.833          -0.961          -6.568           29.291
   22 (vir)    37          29.531          -5.297          -2.752         -10.447           31.929
   23 (vir)    37          32.274          -3.746          -1.144          -7.538           34.921
   24 (vir)    37          37.349          -0.894          -3.050         -10.863           44.267
   25 (vir)    37          39.369          -6.711          -3.530         -12.700           41.828
   26 (vir)    37          41.525          -2.993          -2.401         -11.015           47.146
   27 (vir)    37          41.905          -2.532          -1.256          -8.182           46.299
   28 (vir)    37          44.398          -2.429          -1.820         -11.134           51.283
   29 (vir)    37          45.698          -5.275          -2.752         -10.471           48.142
   30 (vir)    37          53.159          -3.867          -2.907         -13.287           59.672
   31 (vir)    37          53.788          -2.314          -3.236         -13.354           61.593
   32 (vir)    37          55.549          -2.544          -3.141         -13.077           62.941
   33 (vir)    37          60.359          -1.495          -2.221         -12.459           69.102
   34 (vir)    37          62.301          -1.810          -2.943         -13.684           71.232
   35 (vir)    37          64.177          -7.192          -2.257         -13.242           67.970
   36 (vir)    37          65.989          -7.528          -1.888         -11.992           68.565
   37 (vir)    37          67.728          -3.321          -2.409         -12.110           74.108
   38 (vir)    37          71.291          -5.480          -2.042         -12.269           76.038
   39 (vir)    37          80.264          -5.899          -1.630         -13.093           85.827
   40 (vir)    37          83.358          -1.331          -1.909         -12.928           93.045
   41 (vir)    37          83.875          -0.925          -2.318         -13.360           93.992
   42 (vir)    37          85.588          -1.464          -2.302         -13.461           95.283
   43 (vir)    37          91.927          -0.928          -2.585         -16.203          104.617
   44 (vir)    37          92.316          -2.602          -2.568         -15.272          102.418
   45 (vir)    37          96.182           0.908          -1.467         -12.448          108.071
   46 (vir)    37          98.574          -3.026          -1.689         -13.565          107.424
   47 (vir)    37         102.338          -3.849          -1.706         -13.504          110.288
   48 (vir)    37         112.532           8.230          -1.336         -16.480          135.906
   49 (vir)    37         113.720          -3.835           0.003         -13.492          123.381
   50 (vir)    37         118.848          -1.792          -1.689         -14.491          129.859
   51 (vir)    37         123.837           0.901           0.792         -14.736          140.267
   52 (vir)    37         126.087          -0.400           0.034         -13.925          139.646
   53 (vir)    37         133.185          -1.166          -1.628         -16.117          146.507
   54 (vir)    37         141.257          -4.360          -1.458         -16.106          151.545
   55 (vir)    37         153.545          -2.222          -1.687         -16.540          166.176
   56 (vir)    37         171.579           4.900           0.289         -18.139          194.908
   57 (vir)    37         207.555           0.003           0.306          -9.601          217.466
   58 (vir)    37         256.391           0.180          -0.949         -17.270          272.892
 
 
  kpoint:      38             coordinate:     0.2517    0.2517    0.0000
 
    n           k   ϵ_nk^DFT (eV)     Σ^c_nk (eV)     Σ^x_nk (eV)    v_nk^xc (eV)   ϵ_nk^G0W0 (eV)
 
    1 (occ)    38         -18.428           7.978         -27.141         -17.346          -20.245
    2 (occ)    38         -11.387           4.550         -22.628         -16.092          -13.373
    3 (occ)    38          -9.686           3.967         -22.332         -16.403          -11.648
    4 (occ)    38          -4.837           2.213         -18.901         -15.228           -6.297
    5 (vir)    38           1.924          -4.033          -6.504         -11.995            3.382
    6 (vir)    38           6.927          -2.754          -1.923          -5.533            7.783
    7 (vir)    38           8.378          -2.627          -1.228          -4.647            9.170
    8 (vir)    38          10.135          -4.973          -6.089         -12.726           11.799
    9 (vir)    38          10.953          -4.778          -5.049         -11.389           12.516
   10 (vir)    38          11.459          -2.979          -1.870          -5.897           12.506
   11 (vir)    38          13.822          -3.056          -2.071          -6.155           14.850
   12 (vir)    38          15.066          -3.907          -2.299          -7.372           16.231
   13 (vir)    38          16.156          -2.989          -1.188          -5.050           17.029
   14 (vir)    38          16.713          -3.076          -1.407          -5.436           17.665
   15 (vir)    38          18.182          -2.629          -0.430          -3.728           18.851
   16 (vir)    38          19.115          -5.993          -4.275         -11.785           20.632
   17 (vir)    38          21.062          -2.696          -1.195          -5.027           22.198
   18 (vir)    38          23.408          -7.148          -4.283         -13.293           25.270
   19 (vir)    38          25.875          -3.104          -1.340          -5.454           26.884
   20 (vir)    38          27.335          -4.026          -1.496          -6.669           28.482
   21 (vir)    38          28.716          -4.501          -1.318          -7.402           30.300
   22 (vir)    38          29.788          -4.882          -2.282          -9.348           31.972
   23 (vir)    38          32.155          -3.765          -1.421          -7.438           34.406
   24 (vir)    38          37.769          -1.429          -3.148         -11.112           44.304
   25 (vir)    38          39.425          -5.999          -3.646         -12.816           42.595
   26 (vir)    38          41.513          -3.145          -2.410         -11.019           46.977
   27 (vir)    38          41.908          -2.334          -1.143          -7.879           46.310
   28 (vir)    38          44.421          -3.726          -1.911         -11.272           50.056
   29 (vir)    38          46.406          -3.348          -2.613         -10.507           50.952
   30 (vir)    38          53.075           0.661          -2.992         -13.224           63.968
   31 (vir)    38          53.241          -2.165          -3.255         -13.369           61.190
   32 (vir)    38          55.139          -2.248          -3.225         -13.140           62.806
   33 (vir)    38          61.081          -1.024          -2.183         -12.433           70.307
   34 (vir)    38          62.450          -2.612          -2.965         -13.688           70.561
   35 (vir)    38          63.533          -8.225          -2.454         -13.363           66.217
   36 (vir)    38          65.785           0.550          -1.800         -11.902           76.437
   37 (vir)    38          68.190          -1.853          -2.400         -12.174           76.111
   38 (vir)    38          71.754          -4.754          -2.022         -12.219           77.197
   39 (vir)    38          80.503          -5.050          -1.902         -13.010           86.561
   40 (vir)    38          82.629          -1.145          -1.967         -12.982           92.499
   41 (vir)    38          83.178          -0.154          -1.964         -13.156           94.217
   42 (vir)    38          85.428          -2.306          -2.294         -13.443           94.272
   43 (vir)    38          91.778          -1.166          -2.585         -16.215          104.241
   44 (vir)    38          92.946          -3.742          -2.390         -15.289          102.103
   45 (vir)    38          96.620          -1.334          -1.758         -12.396          105.925
   46 (vir)    38          98.597          -2.064          -1.680         -13.542          108.394
   47 (vir)    38         102.471          -2.310          -1.622         -13.544          112.082
   48 (vir)    38         112.581         -11.688          -2.159         -16.464          115.199
   49 (vir)    38         113.275          -2.271          -0.234         -13.469          124.239
   50 (vir)    38         117.966          -1.764          -1.661         -14.392          128.932
   51 (vir)    38         123.225          -1.251          -0.204         -14.891          136.662
   52 (vir)    38         125.748          -1.042          -0.486         -14.018          138.238
   53 (vir)    38         133.543          -1.257          -1.519         -15.921          146.688
   54 (vir)    38         141.400          -5.055          -1.496         -16.038          150.887
   55 (vir)    38         151.436          -1.524          -1.630         -16.522          164.803
   56 (vir)    38         171.006          -0.225          -0.895         -18.138          188.024
   57 (vir)    38         207.200          -1.295           0.014          -9.605          215.524
   58 (vir)    38         256.106          -0.894          -0.816         -17.289          271.684
 
 
  kpoint:      39             coordinate:     0.2585    0.2585    0.0000
 
    n           k   ϵ_nk^DFT (eV)     Σ^c_nk (eV)     Σ^x_nk (eV)    v_nk^xc (eV)   ϵ_nk^G0W0 (eV)
 
    1 (occ)    39         -18.326           7.949         -27.177         -17.408          -20.146
    2 (occ)    39         -11.483           4.570         -22.585         -16.032          -13.466
    3 (occ)    39          -9.828           4.018         -22.347         -16.356          -11.802
    4 (occ)    39          -4.681           2.167         -18.997         -15.384           -6.127
    5 (vir)    39           1.765          -3.997          -6.413         -11.860            3.214
    6 (vir)    39           7.229          -2.837          -2.018          -5.738            8.113
    7 (vir)    39           8.573          -2.776          -1.418          -5.053            9.431
    8 (vir)    39          10.224          -4.941          -5.912         -12.478           11.849
    9 (vir)    39          11.165          -4.842          -5.094         -11.543           12.772
   10 (vir)    39          11.463          -2.860          -1.722          -5.602           12.482
   11 (vir)    39          14.169          -2.936          -1.880          -5.795           15.147
   12 (vir)    39          14.846          -4.018          -2.413          -7.611           16.026
   13 (vir)    39          16.104          -2.975          -1.122          -4.979           16.986
   14 (vir)    39          16.516          -3.134          -1.564          -5.647           17.466
   15 (vir)    39          18.701          -2.816          -0.549          -4.082           19.418
   16 (vir)    39          19.184          -5.915          -4.207         -11.606           20.669
   17 (vir)    39          21.008          -2.685          -1.172          -4.920           22.070
   18 (vir)    39          23.359          -7.296          -4.394         -13.547           25.215
   19 (vir)    39          25.729          -3.646          -1.641          -6.137           26.579
   20 (vir)    39          27.671          -3.704          -1.309          -6.164           28.822
   21 (vir)    39          28.769          -4.884          -1.739          -8.357           30.503
   22 (vir)    39          30.327          -4.075          -1.741          -8.083           32.594
   23 (vir)    39          32.314          -3.676          -1.632          -7.275           34.282
   24 (vir)    39          38.234          -1.733          -3.244         -11.364           44.620
   25 (vir)    39          39.509          -5.856          -3.784         -12.947           42.816
   26 (vir)    39          41.521          -3.293          -2.405         -10.998           46.820
   27 (vir)    39          41.877          -1.869          -1.254          -7.647           46.402
   28 (vir)    39          44.514          -4.756          -2.225         -11.445           48.978
   29 (vir)    39          47.299          -3.431          -2.566         -10.488           51.790
   30 (vir)    39          52.598          -2.039          -3.265         -13.346           60.640
   31 (vir)    39          52.952          -1.977          -3.162         -13.114           60.927
   32 (vir)    39          54.891          -1.167          -3.233         -13.195           63.686
   33 (vir)    39          61.955          -0.469          -2.164         -12.458           71.780
   34 (vir)    39          62.468          -3.755          -2.794         -13.471           69.391
   35 (vir)    39          62.940          -8.911          -2.842         -13.525           64.713
   36 (vir)    39          65.718          -8.214          -1.984         -11.946           67.466
   37 (vir)    39          68.609          -0.966          -2.386         -12.219           77.477
   38 (vir)    39          72.192          -4.144          -1.998         -12.169           78.220
   39 (vir)    39          80.612          -4.962          -2.343         -12.880           86.187
   40 (vir)    39          81.889          -1.382          -2.015         -13.007           91.499
   41 (vir)    39          82.470          -0.760          -1.580         -12.980           93.110
   42 (vir)    39          85.355          -2.337          -2.290         -13.472           94.199
   43 (vir)    39          91.639          -1.442          -2.582         -16.205          103.821
   44 (vir)    39          93.603          -7.453          -2.445         -15.295           99.000
   45 (vir)    39          97.056          -4.006          -2.171         -12.346          103.224
   46 (vir)    39          98.704          -1.824          -1.669         -13.519          108.729
   47 (vir)    39         102.625          -1.445          -1.634         -13.573          113.120
   48 (vir)    39         112.463          -5.289          -2.965         -15.754          119.962
   49 (vir)    39         112.856           6.607          -0.937         -14.159          132.685
   50 (vir)    39         116.879          -1.541          -1.640         -14.270          127.969
   51 (vir)    39         122.590          -0.760          -1.863         -15.034          135.001
   52 (vir)    39         125.387         -12.998          -1.189         -14.118          125.318
   53 (vir)    39         133.983          -2.396          -1.823         -15.743          145.508
   54 (vir)    39         141.465          -4.931          -1.580         -15.924          150.879
   55 (vir)    39         149.312          -1.265          -1.743         -16.562          162.866
   56 (vir)    39         170.416          -0.902          -2.136         -18.145          185.522
   57 (vir)    39         206.694          -1.795          -0.193          -9.601          214.306
   58 (vir)    39         255.883          -0.417          -0.748         -17.306          272.024
 
 
  kpoint:      40             coordinate:     0.2653    0.2653    0.0000
 
    n           k   ϵ_nk^DFT (eV)     Σ^c_nk (eV)     Σ^x_nk (eV)    v_nk^xc (eV)   ϵ_nk^G0W0 (eV)
 
    1 (occ)    40         -18.229           7.922         -27.213         -17.469          -20.052
    2 (occ)    40         -11.565           4.585         -22.539         -15.975          -13.544
    3 (occ)    40          -9.968           4.068         -22.365         -16.310          -11.954
    4 (occ)    40          -4.533           2.127         -19.103         -15.544           -5.965
    5 (vir)    40           1.616          -3.966          -6.314         -11.721            3.058
    6 (vir)    40           7.533          -2.931          -2.131          -5.976            8.446
    7 (vir)    40           8.721          -2.924          -1.627          -5.477            9.647
    8 (vir)    40          10.303          -4.887          -5.701         -12.172           11.887
    9 (vir)    40          11.364          -4.855          -5.065         -11.556           13.000
   10 (vir)    40          11.517          -2.742          -1.548          -5.273           12.500
   11 (vir)    40          14.441          -2.509          -1.288          -4.655           15.300
   12 (vir)    40          14.677          -4.539          -3.045          -8.870           15.964
   13 (vir)    40          15.944          -2.925          -1.049          -4.850           16.819
   14 (vir)    40          16.343          -3.213          -1.761          -5.931           17.301
   15 (vir)    40          19.078          -2.980          -0.777          -4.595           19.916
   16 (vir)    40          19.226          -5.724          -4.052         -11.201           20.651
   17 (vir)    40          21.347          -2.868          -1.080          -4.855           22.255
   18 (vir)    40          23.315          -7.389          -4.468         -13.707           25.165
   19 (vir)    40          25.359          -3.901          -1.790          -6.517           26.185
   20 (vir)    40          27.981          -3.281          -1.534          -6.218           29.384
   21 (vir)    40          28.739          -5.193          -1.977          -8.887           30.457
   22 (vir)    40          31.157          -3.005          -1.382          -7.205           33.975
   23 (vir)    40          32.808          -3.511          -1.709          -7.080           34.668
   24 (vir)    40          38.745          -2.010          -3.339         -11.615           45.011
   25 (vir)    40          39.621          -6.107          -3.884         -13.090           42.721
   26 (vir)    40          41.559          -3.414          -2.378         -10.937           46.703
   27 (vir)    40          41.806          -0.834          -1.500          -7.494           46.966
   28 (vir)    40          44.685          -4.545          -2.578         -11.607           49.169
   29 (vir)    40          48.349          -3.639          -2.640         -10.546           52.616
   30 (vir)    40          51.911          -1.956          -3.273         -13.299           59.981
   31 (vir)    40          52.741          -2.729          -3.357         -13.021           59.675
   32 (vir)    40          54.912           0.536          -3.104         -13.120           65.463
   33 (vir)    40          61.959          -5.561          -2.812         -13.323           66.909
   34 (vir)    40          62.831           5.246          -2.975         -13.452           78.555
   35 (vir)    40          62.927           0.193          -2.159         -12.515           73.476
   36 (vir)    40          65.768          -8.696          -2.343         -12.103           66.832
   37 (vir)    40          68.984          -0.905          -2.364         -12.238           77.953
   38 (vir)    40          72.599          -3.822          -1.976         -12.127           78.928
   39 (vir)    40          80.559          -5.390          -2.739         -12.673           85.102
   40 (vir)    40          81.143          -1.719          -2.055         -13.007           90.376
   41 (vir)    40          81.794           2.790          -1.743         -12.845           95.686
   42 (vir)    40          85.364          -2.324          -2.293         -13.543           94.290
   43 (vir)    40          91.505          -1.943          -2.575         -16.174          103.161
   44 (vir)    40          94.276           1.988          -2.672         -15.296          108.887
   45 (vir)    40          97.477          -4.063          -2.476         -12.306          103.244
   46 (vir)    40          98.899          -2.655          -1.655         -13.498          108.088
   47 (vir)    40         102.779          -1.522          -1.695         -13.585          113.147
   48 (vir)    40         111.977           5.237          -2.536         -14.540          129.219
   49 (vir)    40         112.675          -2.464          -2.549         -15.372          123.034
   50 (vir)    40         115.613          -1.083          -1.623         -14.128          127.035
   51 (vir)    40         121.955          -0.397          -3.260         -15.174          133.472
   52 (vir)    40         125.046          -6.183          -1.809         -14.217          131.270
   53 (vir)    40         134.457          -1.875          -2.651         -15.596          145.526
   54 (vir)    40         141.375           3.568          -1.808         -15.745          158.880
   55 (vir)    40         147.363          -1.364          -1.922         -16.685          160.761
   56 (vir)    40         169.823          -1.407          -3.072         -18.159          183.503
   57 (vir)    40         206.041          -2.875          -0.270          -9.587          212.484
   58 (vir)    40         255.717           1.675          -0.765         -17.323          273.950
 
 
  kpoint:      41             coordinate:     0.2721    0.2721    0.0000
 
    n           k   ϵ_nk^DFT (eV)     Σ^c_nk (eV)     Σ^x_nk (eV)    v_nk^xc (eV)   ϵ_nk^G0W0 (eV)
 
    1 (occ)    41         -18.141           7.898         -27.250         -17.528          -19.965
    2 (occ)    41         -11.631           4.593         -22.490         -15.922          -13.606
    3 (occ)    41         -10.103           4.119         -22.384         -16.267          -12.101
    4 (occ)    41          -4.394           2.091         -19.216         -15.705           -5.813
    5 (vir)    41           1.480          -3.939          -6.208         -11.581            2.914
    6 (vir)    41           7.835          -3.041          -2.269          -6.257            8.783
    7 (vir)    41           8.817          -3.052          -1.831          -5.871            9.807
    8 (vir)    41          10.373          -4.806          -5.453         -11.800           11.914
    9 (vir)    41          11.547          -4.809          -4.950         -11.409           13.197
   10 (vir)    41          11.627          -2.644          -1.372          -4.961           12.572
   11 (vir)    41          14.377          -3.285          -1.771          -6.073           15.395
   12 (vir)    41          14.807          -3.906          -2.705          -7.789           15.986
   13 (vir)    41          15.739          -2.874          -0.991          -4.729           16.603
   14 (vir)    41          16.198          -3.325          -2.009          -6.324           17.188
   15 (vir)    41          19.137          -2.971          -0.975          -4.901           20.092
   16 (vir)    41          19.254          -5.433          -3.808         -10.593           20.606
   17 (vir)    41          22.130          -3.333          -1.032          -5.124           22.889
   18 (vir)    41          23.287          -7.435          -4.505         -13.785           25.132
   19 (vir)    41          24.948          -3.990          -1.862          -6.796           25.892
   20 (vir)    41          28.079          -3.117          -1.834          -6.448           29.575
   21 (vir)    41          28.673          -5.375          -2.103          -9.164           30.359
   22 (vir)    41          32.324          -2.019          -1.149          -6.603           35.758
   23 (vir)    41          33.544          -3.417          -1.787          -6.963           35.303
   24 (vir)    41          39.305          -2.419          -3.431         -11.860           45.315
   25 (vir)    41          39.758          -6.802          -3.903         -13.229           42.282
   26 (vir)    41          41.656          -3.342          -2.321         -10.807           46.801
   27 (vir)    41          41.693          -6.979          -1.655          -7.410           40.469
   28 (vir)    41          44.931          -4.522          -2.781         -11.748           49.376
   29 (vir)    41          49.464          -3.512          -2.760         -10.839           54.031
   30 (vir)    41          51.219          -1.986          -3.277         -13.225           59.180
   31 (vir)    41          52.434          -2.686          -3.424         -13.010           59.333
   32 (vir)    41          55.293           4.219          -2.921         -12.785           69.377
   33 (vir)    41          61.269          -6.409          -2.991         -13.305           65.175
   34 (vir)    41          62.916           3.054          -2.810         -13.088           76.248
   35 (vir)    41          63.957           0.451          -2.165         -12.592           74.835
   36 (vir)    41          65.914          -6.524          -2.657         -12.334           69.067
   37 (vir)    41          69.314          -0.538          -2.332         -12.221           78.666
   38 (vir)    41          72.967          -3.653          -1.961         -12.103           79.456
   39 (vir)    41          80.294          -1.890          -2.770         -12.360           87.994
   40 (vir)    41          80.392          -1.540          -2.089         -12.985           89.747
   41 (vir)    41          81.214          -6.201          -2.558         -12.772           85.227
   42 (vir)    41          85.450          -2.382          -2.304         -13.655           94.419
   43 (vir)    41          91.373          -2.883          -2.566         -16.120          102.044
   44 (vir)    41          94.954           2.871          -2.857         -15.293          110.261
   45 (vir)    41          97.874          -1.571          -2.394         -12.283          106.193
   46 (vir)    41          99.176          -4.001          -1.639         -13.486          107.022
   47 (vir)    41         102.907          -2.773          -1.707         -13.570          111.997
   48 (vir)    41         111.311           0.330          -2.460         -14.440          123.621
   49 (vir)    41         112.571          -2.066          -3.041         -15.489          122.953
   50 (vir)    41         114.200          -0.605          -1.606         -13.969          125.957
   51 (vir)    41         121.336          -0.758          -3.715         -15.311          132.174
   52 (vir)    41         124.735          -5.138          -2.104         -14.324          131.817
   53 (vir)    41         134.941          -0.345          -3.567         -15.479          146.509
   54 (vir)    41         140.973           1.284          -2.059         -15.544          155.742
   55 (vir)    41         145.867          -1.167          -2.007         -16.855          159.548
   56 (vir)    41         169.240          -2.668          -3.526         -18.180          181.225
   57 (vir)    41         205.255           3.609          -0.265          -9.563          218.162
   58 (vir)    41         255.603           2.972          -0.832         -17.338          275.080
 
 
  kpoint:      42             coordinate:     0.2789    0.2789    0.0000
 
    n           k   ϵ_nk^DFT (eV)     Σ^c_nk (eV)     Σ^x_nk (eV)    v_nk^xc (eV)   ϵ_nk^G0W0 (eV)
 
    1 (occ)    42         -18.060           7.876         -27.286         -17.583          -19.887
    2 (occ)    42         -11.682           4.595         -22.438         -15.874          -13.651
    3 (occ)    42         -10.233           4.169         -22.406         -16.225          -12.245
    4 (occ)    42          -4.266           2.062         -19.333         -15.865           -5.672
    5 (vir)    42           1.358          -3.919          -6.098         -11.443            2.785
    6 (vir)    42           8.134          -3.170          -2.438          -6.595            9.122
    7 (vir)    42           8.866          -3.147          -2.007          -6.196            9.907
    8 (vir)    42          10.434          -4.693          -5.164         -11.353           11.931
    9 (vir)    42          11.708          -4.692          -4.731         -11.067           13.353
   10 (vir)    42          11.788          -2.579          -1.218          -4.707           12.699
   11 (vir)    42          14.211          -3.696          -2.206          -7.010           15.319
   12 (vir)    42          14.988          -3.723          -2.509          -7.383           16.139
   13 (vir)    42          15.515          -2.827          -0.942          -4.622           16.368
   14 (vir)    42          16.086          -3.496          -2.325          -6.878           17.144
   15 (vir)    42          19.021          -2.924          -1.084          -5.020           20.033
   16 (vir)    42          19.287          -5.060          -3.472          -9.813           20.568
   17 (vir)    42          23.092          -3.776          -1.071          -5.629           23.874
   18 (vir)    42          23.272          -7.404          -4.480         -13.718           25.105
   19 (vir)    42          24.541          -4.145          -1.929          -7.146           25.613
   20 (vir)    42          28.017          -2.926          -1.979          -6.655           29.767
   21 (vir)    42          28.588          -5.448          -2.182          -9.333           30.292
   22 (vir)    42          33.878          -1.345          -1.036          -6.323           37.820
   23 (vir)    42          34.350          -3.708          -1.852          -6.954           35.744
   24 (vir)    42          39.900          -3.001          -3.495         -12.072           45.476
   25 (vir)    42          39.911          -7.722          -3.851         -13.341           41.679
   26 (vir)    42          41.538          -2.150          -1.501          -7.382           45.269
   27 (vir)    42          41.902          -2.738          -2.234         -10.553           47.483
   28 (vir)    42          45.240          -4.032          -2.787         -11.871           50.293
   29 (vir)    42          50.465          -3.336          -2.872         -11.410           55.667
   30 (vir)    42          50.562          -2.074          -3.265         -13.097           58.320
   31 (vir)    42          52.083          -2.636          -3.372         -13.091           59.167
   32 (vir)    42          56.060         -10.138          -2.739         -12.281           55.464
   33 (vir)    42          60.606          -6.775          -3.043         -13.247           64.036
   34 (vir)    42          63.087           0.271          -2.572         -12.571           73.356
   35 (vir)    42          65.007          -1.663          -2.182         -12.678           73.840
   36 (vir)    42          66.132          -4.602          -2.766         -12.595           71.359
   37 (vir)    42          69.602           1.108          -2.285         -12.159           80.584
   38 (vir)    42          73.292          -3.549          -1.955         -12.104           79.891
   39 (vir)    42          79.639          -1.405          -2.121         -12.941           89.054
   40 (vir)    42          79.810          -0.601          -2.534         -12.009           88.683
   41 (vir)    42          80.753          -2.667          -3.184         -12.688           87.589
   42 (vir)    42          85.598          -2.488          -2.320         -13.804           94.594
   43 (vir)    42          91.241          -3.792          -2.552         -16.038          100.934
   44 (vir)    42          95.630           0.632          -2.817         -15.288          108.732
   45 (vir)    42          98.238          -0.164          -1.880         -12.287          108.481
   46 (vir)    42          99.516          -3.135          -1.625         -13.489          108.244
   47 (vir)    42         102.984           2.455          -1.635         -13.524          117.328
   48 (vir)    42         110.575          -0.762          -2.371         -14.608          122.050
   49 (vir)    42         112.467          -1.884          -2.906         -15.359          123.036
   50 (vir)    42         112.682          -0.362          -1.585         -13.795          124.530
   51 (vir)    42         120.754          -0.773          -3.308         -15.442          132.115
   52 (vir)    42         124.432          -2.662          -1.942         -14.448          134.276
   53 (vir)    42         135.432           0.005          -3.823         -15.396          147.011
   54 (vir)    42         140.153          -0.721          -2.037         -15.478          152.873
   55 (vir)    42         145.057          -1.344          -1.980         -16.915          158.648
   56 (vir)    42         168.674          -1.853          -3.534         -18.206          181.493
   57 (vir)    42         204.356          -0.848          -0.253          -9.527          212.783
   58 (vir)    42         255.534           3.117          -0.894         -17.351          275.108
 
 
  kpoint:      43             coordinate:     0.2857    0.2857    0.0000
 
    n           k   ϵ_nk^DFT (eV)     Σ^c_nk (eV)     Σ^x_nk (eV)    v_nk^xc (eV)   ϵ_nk^G0W0 (eV)
 
    1 (occ)    43         -17.988           7.858         -27.321         -17.634          -19.817
    2 (occ)    43         -11.717           4.591         -22.384         -15.833          -13.678
    3 (occ)    43         -10.359           4.218         -22.430         -16.186          -12.384
    4 (occ)    43          -4.150           2.037         -19.451         -16.018           -5.545
    5 (vir)    43           1.250          -3.904          -5.987         -11.312            2.671
    6 (vir)    43           8.426          -3.325          -2.650          -7.010            9.461
    7 (vir)    43           8.877          -3.209          -2.145          -6.435            9.958
    8 (vir)    43          10.491          -4.544          -4.830         -10.820           11.937
    9 (vir)    43          11.839          -4.488          -4.388         -10.488           13.450
   10 (vir)    43          11.990          -2.547          -1.098          -4.528           12.873
   11 (vir)    43          14.070          -4.028          -2.613          -7.832           15.261
   12 (vir)    43          15.090          -3.685          -2.451          -7.283           16.238
   13 (vir)    43          15.285          -2.782          -0.900          -4.523           16.126
   14 (vir)    43          16.008          -3.734          -2.700          -7.592           17.166
   15 (vir)    43          18.847          -2.886          -1.148          -5.075           19.887
   16 (vir)    43          19.346          -4.635          -3.063          -8.912           20.561
   17 (vir)    43          23.262          -7.205          -4.328         -13.321           25.050
   18 (vir)    43          24.007          -3.772          -1.122          -6.128           25.240
   19 (vir)    43          24.159          -4.468          -2.108          -7.780           25.364
   20 (vir)    43          27.874          -2.800          -1.971          -6.815           29.918
   21 (vir)    43          28.495          -5.462          -2.245          -9.461           30.249
   22 (vir)    43          35.103          -4.729          -1.710          -7.003           35.666
   23 (vir)    43          35.735          -1.831          -1.137          -6.677           39.444
   24 (vir)    43          40.071          -7.659          -3.754         -13.399           42.057
   25 (vir)    43          40.431          -3.481          -3.407         -12.121           45.663
   26 (vir)    43          41.347          -1.093          -1.022          -7.398           46.629
   27 (vir)    43          42.564          -1.885          -2.192         -10.155           48.643
   28 (vir)    43          45.599          -3.652          -2.698         -11.980           51.230
   29 (vir)    43          50.013          -2.103          -3.196         -12.821           57.534
   30 (vir)    43          51.104          -2.675          -2.843         -12.008           57.594
   31 (vir)    43          51.840          -2.409          -3.440         -13.265           59.256
   32 (vir)    43          57.034          -7.723          -2.664         -12.068           58.715
   33 (vir)    43          60.055          -6.490          -2.930         -13.082           63.718
   34 (vir)    43          63.460          -4.987          -2.264         -11.845           68.054
   35 (vir)    43          66.040          -2.608          -2.204         -12.763           73.991
   36 (vir)    43          66.397          -3.574          -2.672         -12.848           72.998
   37 (vir)    43          69.852         -12.967          -2.220         -12.042           66.706
   38 (vir)    43          73.567          -3.481          -1.956         -12.137           80.267
   39 (vir)    43          78.888          -1.500          -2.151         -12.878           88.115
   40 (vir)    43          79.217           0.993          -1.951         -11.650           89.910
   41 (vir)    43          80.321          -1.819          -3.088         -12.560           87.973
   42 (vir)    43          85.798          -2.613          -2.340         -13.993           94.837
   43 (vir)    43          91.113          -4.046          -2.534         -15.924          100.457
   44 (vir)    43          96.297          -0.234          -2.545         -15.278          108.796
   45 (vir)    43          98.560          -0.554          -1.207         -12.321          109.121
   46 (vir)    43          99.880          -2.628          -1.615         -13.516          109.152
   47 (vir)    43         102.988           2.012          -1.542         -13.442          116.900
   48 (vir)    43         109.805          -0.992          -2.235         -14.858          121.437
   49 (vir)    43         111.105          -0.502          -1.563         -13.609          122.649
   50 (vir)    43         112.365          -1.881          -2.613         -15.173          123.045
   51 (vir)    43         120.232           0.101          -2.641         -15.562          133.255
   52 (vir)    43         124.087           0.068          -1.521         -14.586          137.220
   53 (vir)    43         135.947          -0.002          -3.014         -15.357          148.288
   54 (vir)    43         139.132          -0.611          -1.602         -15.562          152.481
   55 (vir)    43         144.814          -1.790          -1.899         -16.846          157.971
   56 (vir)    43         168.132          -0.793          -3.256         -18.236          182.319
   57 (vir)    43         203.378          -1.316          -0.271          -9.480          211.270
   58 (vir)    43         255.501           1.777          -0.916         -17.362          273.724
 
 
  kpoint:      44             coordinate:     0.2925    0.2925    0.0000
 
    n           k   ϵ_nk^DFT (eV)     Σ^c_nk (eV)     Σ^x_nk (eV)    v_nk^xc (eV)   ϵ_nk^G0W0 (eV)
 
    1 (occ)    44         -17.926           7.842         -27.353         -17.679          -19.757
    2 (occ)    44         -11.737           4.581         -22.329         -15.798          -13.687
    3 (occ)    44         -10.478           4.267         -22.457         -16.150          -12.518
    4 (occ)    44          -4.048           2.018         -19.565         -16.162           -5.433
    5 (vir)    44           1.158          -3.894          -5.880         -11.190            2.574
    6 (vir)    44           8.706          -3.516          -2.919          -7.524            9.795
    7 (vir)    44           8.862          -3.243          -2.245          -6.597            9.970
    8 (vir)    44          10.546          -4.356          -4.447         -10.188           11.932
    9 (vir)    44          11.927          -4.195          -3.911          -9.649           13.470
   10 (vir)    44          12.220          -2.543          -1.014          -4.421           13.084
   11 (vir)    44          13.974          -4.421          -3.115          -8.833           15.271
   12 (vir)    44          15.054          -2.739          -0.861          -4.428           15.882
   13 (vir)    44          15.114          -3.677          -2.446          -7.260           16.250
   14 (vir)    44          15.945          -3.989          -3.072          -8.332           17.217
   15 (vir)    44          18.662          -2.857          -1.194          -5.110           19.722
   16 (vir)    44          19.449          -4.205          -2.630          -7.977           20.591
   17 (vir)    44          23.231          -6.557          -3.837         -12.032           24.870
   18 (vir)    44          23.828          -5.213          -2.647          -9.272           25.240
   19 (vir)    44          24.770          -3.663          -1.138          -6.479           26.448
   20 (vir)    44          27.696          -2.912          -1.913          -6.944           29.815
   21 (vir)    44          28.396          -5.460          -2.309          -9.582           30.210
   22 (vir)    44          35.754          -2.820          -1.338          -7.066           38.662
   23 (vir)    44          37.525          -2.143          -1.543          -7.905           41.744
   24 (vir)    44          40.223          -5.992          -3.609         -13.371           43.993
   25 (vir)    44          40.749          -3.597          -3.165         -11.935           45.922
   26 (vir)    44          41.123          -2.702          -0.479          -7.474           45.416
   27 (vir)    44          44.007          -2.387          -2.274          -9.915           49.261
   28 (vir)    44          45.995          -3.556          -2.642         -12.080           51.877
   29 (vir)    44          49.787          -1.998          -2.912         -12.004           56.881
   30 (vir)    44          51.013          -2.184          -2.820         -12.595           58.605
   31 (vir)    44          52.104          -1.895          -3.532         -13.296           59.973
   32 (vir)    44          57.689          -8.128          -2.843         -12.552           59.269
   33 (vir)    44          59.785          -4.803          -2.652         -12.690           65.019
   34 (vir)    44          64.232          -8.022          -1.872         -10.941           65.279
   35 (vir)    44          66.682          -2.777          -2.516         -13.067           74.456
   36 (vir)    44          67.005          -3.023          -2.224         -12.829           74.588
   37 (vir)    44          70.074          -7.854          -2.132         -11.861           71.949
   38 (vir)    44          73.789          -3.438          -1.965         -12.210           80.596
   39 (vir)    44          78.148          -1.700          -2.179         -12.798           87.068
   40 (vir)    44          78.602           0.276          -0.902         -11.230           89.206
   41 (vir)    44          79.857          -1.280          -2.576         -12.445           88.446
   42 (vir)    44          86.039          -2.730          -2.361         -14.222           95.171
   43 (vir)    44          90.996          -3.867          -2.507         -15.767          100.389
   44 (vir)    44          96.944          -0.366          -2.213         -15.265          109.630
   45 (vir)    44          98.833          -0.842          -0.750         -12.389          109.630
   46 (vir)    44         100.210          -2.396          -1.613         -13.575          109.777
   47 (vir)    44         102.912           1.789          -1.514         -13.329          116.517
   48 (vir)    44         109.029          -1.159          -2.129         -15.131          120.872
   49 (vir)    44         109.518          -0.683          -1.552         -13.416          120.698
   50 (vir)    44         112.274          -1.699          -2.407         -14.989          123.156
   51 (vir)    44         119.796           0.440          -2.210         -15.663          133.690
   52 (vir)    44         123.652          -0.577          -1.271         -14.731          136.534
   53 (vir)    44         136.506           0.116          -1.604         -15.387          150.404
   54 (vir)    44         138.241          -1.008          -0.998         -15.662          151.896
   55 (vir)    44         144.865          -1.581          -1.783         -16.755          158.256
   56 (vir)    44         167.619          -0.307          -2.856         -18.266          182.723
   57 (vir)    44         202.365          -1.826          -0.318          -9.424          209.645
   58 (vir)    44         255.497           1.259          -0.898         -17.372          273.230
 
 
  kpoint:      45             coordinate:     0.2993    0.2993    0.0000
 
    n           k   ϵ_nk^DFT (eV)     Σ^c_nk (eV)     Σ^x_nk (eV)    v_nk^xc (eV)   ϵ_nk^G0W0 (eV)
 
    1 (occ)    45         -17.873           7.829         -27.381         -17.719          -19.706
    2 (occ)    45         -11.741           4.566         -22.274         -15.770          -13.679
    3 (occ)    45         -10.590           4.315         -22.488         -16.116          -12.647
    4 (occ)    45          -3.961           2.003         -19.671         -16.290           -5.338
    5 (vir)    45           1.082          -3.888          -5.782         -11.082            2.494
    6 (vir)    45           8.831          -3.257          -2.314          -6.699            9.959
    7 (vir)    45           8.964          -3.748          -3.253          -8.152           10.116
    8 (vir)    45          10.606          -4.130          -4.014          -9.461           11.923
    9 (vir)    45          11.963          -3.840          -3.337          -8.618           13.405
   10 (vir)    45          12.465          -2.558          -0.961          -4.374           13.320
   11 (vir)    45          13.934          -4.884          -3.704         -10.014           15.361
   12 (vir)    45          14.826          -2.695          -0.821          -4.330           15.641
   13 (vir)    45          15.084          -3.705          -2.500          -7.326           16.205
   14 (vir)    45          15.871          -4.175          -3.367          -8.906           17.235
   15 (vir)    45          18.486          -2.831          -1.230          -5.137           19.562
   16 (vir)    45          19.602          -3.814          -2.234          -7.105           20.659
   17 (vir)    45          23.126          -5.157          -2.749          -9.173           24.393
   18 (vir)    45          23.603          -6.774          -3.815         -12.308           25.321
   19 (vir)    45          25.364          -3.537          -1.108          -6.653           27.372
   20 (vir)    45          27.511          -3.541          -1.894          -7.057           29.132
   21 (vir)    45          28.298          -5.461          -2.381          -9.715           30.171
   22 (vir)    45          36.302          -2.517          -0.990          -7.117           39.912
   23 (vir)    45          38.856          -2.424          -2.034          -9.327           43.725
   24 (vir)    45          40.354          -4.332          -3.360         -13.138           45.800
   25 (vir)    45          40.877          -4.101          -0.321          -7.726           44.181
   26 (vir)    45          40.896          -3.448          -2.970         -11.729           46.207
   27 (vir)    45          45.686          -3.007          -2.905         -11.351           51.125
   28 (vir)    45          46.416          -3.375          -2.667         -12.170           52.545
   29 (vir)    45          50.633          -1.520          -2.875         -12.790           59.028
   30 (vir)    45          50.691          -2.063          -2.000          -9.603           56.230
   31 (vir)    45          52.527          -1.098          -3.572         -13.526           61.383
   32 (vir)    45          57.651          -8.085          -3.039         -13.099           59.626
   33 (vir)    45          59.843           1.331          -2.479         -12.404           71.098
   34 (vir)    45          65.482          -1.828          -1.432         -10.234           72.456
   35 (vir)    45          66.966          -3.157          -2.444         -13.215           74.580
   36 (vir)    45          67.839          -3.335          -2.230         -12.833           75.106
   37 (vir)    45          70.286          -5.715          -2.015         -11.623           74.179
   38 (vir)    45          73.954          -3.216          -1.986         -12.334           81.086
   39 (vir)    45          77.433          -1.857          -2.207         -12.707           86.076
   40 (vir)    45          77.984           1.061          -0.109         -10.731           89.666
   41 (vir)    45          79.372          -0.685          -1.908         -12.370           89.149
   42 (vir)    45          86.324          -2.805          -2.385         -14.501           95.635
   43 (vir)    45          90.907          -3.474          -2.467         -15.550          100.516
   44 (vir)    45          97.561          -2.597          -2.031         -15.249          108.181
   45 (vir)    45          99.052          -1.754          -0.682         -12.489          109.105
   46 (vir)    45         100.434          -2.204          -1.618         -13.673          110.286
   47 (vir)    45         102.764           0.565          -1.535         -13.193          114.988
   48 (vir)    45         107.972          -0.706          -1.563         -13.217          118.919
   49 (vir)    45         108.276          -1.626          -2.120         -15.394          119.925
   50 (vir)    45         112.200          -1.614          -2.251         -14.834          123.168
   51 (vir)    45         119.469          -4.589          -2.074         -15.738          128.544
   52 (vir)    45         123.108           1.139          -1.404         -14.870          137.713
   53 (vir)    45         137.058          -2.485          -0.827         -15.602          149.349
   54 (vir)    45         137.684          -0.459          -0.517         -15.612          152.321
   55 (vir)    45         145.036           2.685          -1.684         -16.685          162.722
   56 (vir)    45         167.143          -0.291          -2.439         -18.294          182.706
   57 (vir)    45         201.370          -1.422          -0.356          -9.363          208.956
   58 (vir)    45         255.513           1.894          -0.866         -17.380          273.921
 
 
  kpoint:      46             coordinate:     0.3061    0.3061    0.0000
 
    n           k   ϵ_nk^DFT (eV)     Σ^c_nk (eV)     Σ^x_nk (eV)    v_nk^xc (eV)   ϵ_nk^G0W0 (eV)
 
    1 (occ)    46         -17.831           7.819         -27.403         -17.751          -19.664
    2 (occ)    46         -11.733           4.545         -22.219         -15.750          -13.656
    3 (occ)    46         -10.694           4.363         -22.523         -16.086          -12.769
    4 (occ)    46          -3.890           1.993         -19.762         -16.400           -5.260
    5 (vir)    46           1.022          -3.885          -5.698         -10.992            2.431
    6 (vir)    46           8.795          -3.260          -2.359          -6.759            9.935
    7 (vir)    46           9.191          -4.014          -3.643          -8.877           10.410
    8 (vir)    46          10.678          -3.882          -3.555          -8.679           11.919
    9 (vir)    46          11.946          -3.478          -2.751          -7.553           13.270
   10 (vir)    46          12.716          -2.589          -0.937          -4.379           13.569
   11 (vir)    46          13.952          -5.376          -4.307         -11.248           15.516
   12 (vir)    46          14.604          -2.647          -0.776          -4.222           15.403
   13 (vir)    46          15.027          -3.759          -2.596          -7.465           16.138
   14 (vir)    46          15.772          -4.242          -3.550          -9.204           17.184
   15 (vir)    46          18.328          -2.808          -1.261          -5.161           19.420
   16 (vir)    46          19.796          -3.482          -1.914          -6.365           20.764
   17 (vir)    46          22.916          -4.236          -2.018          -7.220           23.881
   18 (vir)    46          23.513          -7.872          -4.641         -14.422           25.423
   19 (vir)    46          25.807          -3.349          -1.040          -6.681           28.099
   20 (vir)    46          27.336          -3.889          -1.943          -7.161           28.664
   21 (vir)    46          28.204          -5.469          -2.466          -9.870           30.139
   22 (vir)    46          36.763          -3.723          -0.950          -7.148           39.238
   23 (vir)    46          39.744          -2.531          -2.362         -10.259           45.110
   24 (vir)    46          40.431          -3.145          -2.305         -11.356           46.337
   25 (vir)    46          40.644          -3.500          -1.528          -9.507           45.123
   26 (vir)    46          40.967          -3.095          -2.829         -11.557           46.600
   27 (vir)    46          46.236          -3.088          -3.570         -13.024           52.602
   28 (vir)    46          46.852          -2.381          -2.746         -12.250           53.975
   29 (vir)    46          50.216          -0.260          -2.953         -12.872           59.875
   30 (vir)    46          52.925          -0.198          -3.597         -13.739           62.868
   31 (vir)    46          53.723          -2.080          -1.213          -7.665           58.095
   32 (vir)    46          57.259          -8.975          -3.111         -13.285           58.458
   33 (vir)    46          59.909           3.049          -2.479         -12.323           72.802
   34 (vir)    46          66.954          -4.116          -1.538         -10.862           72.162
   35 (vir)    46          67.266          -3.680          -2.069         -12.405           73.922
   36 (vir)    46          68.458          -3.558          -2.195         -12.667           75.372
   37 (vir)    46          70.509          -4.369          -1.879         -11.383           75.644
   38 (vir)    46          74.066          -0.806          -2.028         -12.521           83.753
   39 (vir)    46          76.766          -1.756          -2.241         -12.616           85.385
   40 (vir)    46          77.359          -0.981          -0.307         -10.185           86.255
   41 (vir)    46          78.906           2.941          -1.282         -12.312           92.878
   42 (vir)    46          86.655          -2.594          -2.415         -14.840           96.486
   43 (vir)    46          90.884          -2.854          -2.411         -15.250          100.869
   44 (vir)    46          98.128          -7.453          -2.095         -15.233          103.813
   45 (vir)    46          99.221          -7.729          -0.853         -12.605          103.244
   46 (vir)    46         100.483          -2.114          -1.631         -13.805          110.543
   47 (vir)    46         102.565          -1.939          -1.500         -13.050          112.176
   48 (vir)    46         106.519          -0.462          -1.598         -13.020          117.479
   49 (vir)    46         107.576          -2.644          -2.222         -15.625          118.336
   50 (vir)    46         112.144          -2.089          -2.013         -14.716          122.759
   51 (vir)    46         119.264          -5.365          -2.006         -15.784          127.676
   52 (vir)    46         122.483           1.150          -1.751         -14.997          136.880
   53 (vir)    46         137.069          -9.616          -1.190         -15.926          142.189
   54 (vir)    46         137.968          -0.086          -0.640         -15.469          152.711
   55 (vir)    46         145.240          -0.744          -1.644         -16.639          159.492
   56 (vir)    46         166.714          -0.843          -2.059         -18.316          182.129
   57 (vir)    46         200.455          -1.399          -0.349          -9.302          208.009
   58 (vir)    46         255.541           4.340          -0.848         -17.387          276.420
 
 
  kpoint:      47             coordinate:     0.3129    0.3129    0.0000
 
    n           k   ϵ_nk^DFT (eV)     Σ^c_nk (eV)     Σ^x_nk (eV)    v_nk^xc (eV)   ϵ_nk^G0W0 (eV)
 
    1 (occ)    47         -17.798           7.811         -27.420         -17.775          -19.632
    2 (occ)    47         -11.714           4.520         -22.165         -15.737          -13.621
    3 (occ)    47         -10.786           4.408         -22.563         -16.060          -12.880
    4 (occ)    47          -3.836           1.985         -19.836         -16.486           -5.201
    5 (vir)    47           0.978          -3.885          -5.630         -10.923            2.385
    6 (vir)    47           8.759          -3.257          -2.387          -6.792            9.907
    7 (vir)    47           9.372          -4.283          -4.042          -9.610           10.658
    8 (vir)    47          10.768          -3.656          -3.139          -7.968           11.940
    9 (vir)    47          11.883          -3.159          -2.227          -6.598           13.095
   10 (vir)    47          12.962          -2.636          -0.942          -4.438           13.821
   11 (vir)    47          14.015          -5.862          -4.858         -12.416           15.712
   12 (vir)    47          14.391          -2.591          -0.720          -4.089           15.169
   13 (vir)    47          14.961          -3.809          -2.697          -7.610           16.066
   14 (vir)    47          15.653          -4.184          -3.619          -9.212           17.062
   15 (vir)    47          18.196          -2.790          -1.287          -5.182           19.301
   16 (vir)    47          20.011          -3.195          -1.675          -5.773           20.914
   17 (vir)    47          22.678          -4.042          -1.880          -6.805           23.560
   18 (vir)    47          23.488          -8.181          -4.864         -14.992           25.434
   19 (vir)    47          26.126          -3.238          -0.950          -6.607           28.545
   20 (vir)    47          27.181          -4.104          -2.026          -7.260           28.311
   21 (vir)    47          28.121          -5.488          -2.560         -10.044           30.117
   22 (vir)    47          37.149          -3.211          -1.234          -7.153           39.857
   23 (vir)    47          40.288          -3.205          -0.868          -7.507           43.721
   24 (vir)    47          40.350          -2.477          -2.567         -10.806           46.113
   25 (vir)    47          40.602         -11.275          -3.636         -13.352           39.043
   26 (vir)    47          41.007          -2.303          -2.685         -11.372           47.391
   27 (vir)    47          46.093          -2.872          -3.806         -13.517           52.932
   28 (vir)    47          47.291          -0.130          -2.829         -12.314           56.646
   29 (vir)    47          49.795           1.484          -3.028         -12.924           61.174
   30 (vir)    47          53.297           0.040          -3.619         -13.912           63.630
   31 (vir)    47          56.800          -9.854          -3.150         -13.334           57.131
   32 (vir)    47          57.801          -2.408          -1.044          -7.534           61.883
   33 (vir)    47          59.877          -7.996          -2.488         -12.238           61.631
   34 (vir)    47          67.413          -3.265          -2.859         -13.703           74.993
   35 (vir)    47          68.494          -3.236          -0.974          -9.679           73.964
   36 (vir)    47          68.797          -3.676          -2.067         -12.180           75.234
   37 (vir)    47          70.728          -3.043          -1.753         -11.222           77.155
   38 (vir)    47          74.141           0.469          -2.099         -12.774           85.285
   39 (vir)    47          76.179          -1.203          -2.284         -12.542           85.235
   40 (vir)    47          76.736          -0.672          -1.129          -9.655           84.588
   41 (vir)    47          78.498          -3.516          -1.041         -12.229           86.170
   42 (vir)    47          87.018          -1.681          -2.454         -15.245           98.128
   43 (vir)    47          90.999          -2.023          -2.333         -14.849          101.492
   44 (vir)    47          98.624          -8.191          -2.332         -15.224          103.325
   45 (vir)    47          99.347          -7.946          -0.978         -12.717          103.139
   46 (vir)    47         100.321          -2.251          -1.656         -13.952          110.365
   47 (vir)    47         102.346          -2.059          -1.347         -12.918          111.858
   48 (vir)    47         105.211          -0.112          -1.642         -12.843          116.299
   49 (vir)    47         106.966          -3.319          -2.385         -15.809          117.071
   50 (vir)    47         112.105          -4.178          -1.685         -14.636          120.876
   51 (vir)    47         119.189          -3.675          -1.838         -15.801          129.477
   52 (vir)    47         121.833          -1.205          -2.040         -15.108          133.696
   53 (vir)    47         136.894          -2.543          -1.652         -15.952          148.650
   54 (vir)    47         138.603          -5.783          -1.823         -15.615          146.612
   55 (vir)    47         145.433          -1.454          -1.668         -16.614          158.924
   56 (vir)    47         166.350          -0.904          -1.762         -18.333          182.016
   57 (vir)    47         199.679          -2.035          -0.280          -9.246          206.609
   58 (vir)    47         255.573           6.985          -0.857         -17.393          279.094
 
 
  kpoint:      48             coordinate:     0.3197    0.3197    0.0000
 
    n           k   ϵ_nk^DFT (eV)     Σ^c_nk (eV)     Σ^x_nk (eV)    v_nk^xc (eV)   ϵ_nk^G0W0 (eV)
 
    1 (occ)    48         -17.776           7.805         -27.431         -17.792          -19.610
    2 (occ)    48         -11.689           4.493         -22.114         -15.730          -13.579
    3 (occ)    48         -10.861           4.450         -22.604         -16.040          -12.975
    4 (occ)    48          -3.798           1.980         -19.889         -16.548           -5.159
    5 (vir)    48           0.948          -3.886          -5.582         -10.874            2.354
    6 (vir)    48           8.730          -3.252          -2.404          -6.808            9.882
    7 (vir)    48           9.499          -4.500          -4.363         -10.200           10.837
    8 (vir)    48          10.873          -3.519          -2.879          -7.528           12.003
    9 (vir)    48          11.797          -2.888          -1.779          -5.783           12.913
   10 (vir)    48          13.189          -2.705          -0.987          -4.572           14.069
   11 (vir)    48          14.100          -6.331          -5.340         -13.492           15.921
   12 (vir)    48          14.193          -2.519          -0.640          -3.905           14.940
   13 (vir)    48          14.897          -3.815          -2.750          -7.657           15.989
   14 (vir)    48          15.533          -4.035          -3.594          -8.997           16.901
   15 (vir)    48          18.094          -2.776          -1.308          -5.199           19.209
   16 (vir)    48          20.212          -2.937          -1.503          -5.322           21.094
   17 (vir)    48          22.476          -4.056          -1.893          -6.825           23.353
   18 (vir)    48          23.479          -8.268          -4.915         -15.121           25.417
   19 (vir)    48          26.338          -3.324          -0.859          -6.487           28.642
   20 (vir)    48          27.056          -4.285          -2.084          -7.348           28.036
   21 (vir)    48          28.057          -5.518          -2.651         -10.216           30.103
   22 (vir)    48          37.458          -3.294          -1.569          -7.133           39.727
   23 (vir)    48          40.060          -2.609          -1.573          -7.278           43.156
   24 (vir)    48          40.643         -11.005          -3.763         -13.586           39.461
   25 (vir)    48          40.754          -2.454          -2.817         -11.271           46.754
   26 (vir)    48          41.038          -0.737          -2.425         -11.053           48.929
   27 (vir)    48          45.828          -2.798          -3.935         -13.700           52.796
   28 (vir)    48          47.723           0.686          -2.875         -12.339           57.873
   29 (vir)    48          49.381         -11.424          -3.080         -12.981           47.857
   30 (vir)    48          53.634          -0.473          -3.654         -14.058           63.565
   31 (vir)    48          56.378          -8.846          -3.150         -13.330           57.712
   32 (vir)    48          59.793          -6.345          -2.451         -12.144           63.141
   33 (vir)    48          61.651          -2.890          -1.163          -8.203           65.801
   34 (vir)    48          67.578          -1.274          -2.970         -13.755           77.089
   35 (vir)    48          68.888          -3.633          -1.806         -11.299           74.748
   36 (vir)    48          69.706          -0.916          -1.667          -9.906           77.029
   37 (vir)    48          70.846          -2.629          -1.657         -11.143           77.704
   38 (vir)    48          74.219          -0.536          -2.192         -13.059           84.549
   39 (vir)    48          75.712          -1.183          -2.331         -12.498           84.695
   40 (vir)    48          76.181          -0.221          -1.587          -9.166           83.539
   41 (vir)    48          78.159           5.958          -1.246         -12.126           94.997
   42 (vir)    48          87.343          -0.866          -2.492         -15.647           99.632
   43 (vir)    48          91.337          -1.153          -2.235         -14.406          102.355
   44 (vir)    48          99.016          -5.681          -2.574         -15.234          105.994
   45 (vir)    48          99.443          -5.033          -0.909         -12.794          106.295
   46 (vir)    48          99.997          -2.589          -1.692         -14.076          109.793
   47 (vir)    48         102.140          -0.625          -1.140         -12.813          113.188
   48 (vir)    48         104.108          -0.570          -1.676         -12.709          114.571
   49 (vir)    48         106.486          -2.594          -2.526         -15.939          117.305
   50 (vir)    48         112.076           4.711          -1.390         -14.585          129.982
   51 (vir)    48         119.242          -2.289          -1.608         -15.802          131.147
   52 (vir)    48         121.216          -1.091          -2.138         -15.195          133.181
   53 (vir)    48         136.806         -12.260          -1.808         -15.962          138.700
   54 (vir)    48         139.154          -5.643          -2.845         -15.743          146.409
   55 (vir)    48         145.585          -0.949          -1.734         -16.604          159.507
   56 (vir)    48         166.068          -0.606          -1.617         -18.343          182.188
   57 (vir)    48         199.091          -0.707          -0.170          -9.202          207.417
   58 (vir)    48         255.603           6.607          -0.886         -17.397          278.721
 
 
  kpoint:      49             coordinate:     0.3265    0.3265    0.0000
 
    n           k   ϵ_nk^DFT (eV)     Σ^c_nk (eV)     Σ^x_nk (eV)    v_nk^xc (eV)   ϵ_nk^G0W0 (eV)
 
    1 (occ)    49         -17.763           7.801         -27.437         -17.802          -19.597
    2 (occ)    49         -11.668           4.471         -22.073         -15.728          -13.542
    3 (occ)    49         -10.913           4.481         -22.638         -16.026          -13.044
    4 (occ)    49          -3.776           1.977         -19.920         -16.584           -5.135
    5 (vir)    49           0.931          -3.887          -5.555         -10.847            2.337
    6 (vir)    49           8.710          -3.248          -2.412          -6.815            9.865
    7 (vir)    49           9.570          -4.623          -4.545         -10.535           10.936
    8 (vir)    49          10.972          -3.514          -2.846          -7.483           12.095
    9 (vir)    49          11.716          -2.663          -1.399          -5.101           12.756
   10 (vir)    49          13.374          -2.809          -1.092          -4.823           14.296
   11 (vir)    49          14.030          -2.416          -0.513          -3.624           14.725
   12 (vir)    49          14.173          -6.743          -5.735         -14.408           16.102
   13 (vir)    49          14.848          -3.754          -2.719          -7.538           15.913
   14 (vir)    49          15.441          -3.876          -3.529          -8.719           16.755
   15 (vir)    49          18.029          -2.769          -1.322          -5.211           19.149
   16 (vir)    49          20.358          -2.746          -1.396          -5.028           21.244
   17 (vir)    49          22.343          -4.137          -1.921          -6.920           23.206
   18 (vir)    49          23.474          -8.302          -4.924         -15.146           25.394
   19 (vir)    49          26.456          -3.580          -0.792          -6.382           28.467
   20 (vir)    49          26.974          -4.179          -2.085          -7.413           28.124
   21 (vir)    49          28.018          -5.551          -2.717         -10.343           30.093
   22 (vir)    49          37.666          -3.888          -1.683          -7.099           39.195
   23 (vir)    49          39.888          -1.282          -2.074          -7.281           43.813
   24 (vir)    49          40.668          -3.340          -3.793         -13.598           47.133
   25 (vir)    49          40.958          -3.102          -3.303         -11.922           46.476
   26 (vir)    49          41.088          -3.511          -1.909         -10.441           46.109
   27 (vir)    49          45.625          -2.988          -4.020         -13.795           52.412
   28 (vir)    49          48.130           0.074          -2.847         -12.241           57.597
   29 (vir)    49          48.989         -12.744          -3.130         -13.131           46.246
   30 (vir)    49          53.893          -1.065          -3.704         -14.179           63.303
   31 (vir)    49          56.064          -7.690          -3.106         -13.295           58.563
   32 (vir)    49          59.712          -6.338          -2.381         -12.071           63.064
   33 (vir)    49          64.364          -3.044          -1.493          -9.356           69.183
   34 (vir)    49          67.675           0.004          -3.001         -13.789           78.466
   35 (vir)    49          68.896          -3.333          -1.406         -10.018           74.176
   36 (vir)    49          70.506          -1.247          -2.513         -10.171           76.918
   37 (vir)    49          70.777          -2.460          -1.606         -11.163           77.873
   38 (vir)    49          74.316          -0.516          -2.277         -13.294           84.817
   39 (vir)    49          75.406          -0.258          -2.364         -12.467           85.252
   40 (vir)    49          75.818           1.652          -1.413          -8.756           84.813
   41 (vir)    49          77.895           0.441          -1.416         -12.062           88.982
   42 (vir)    49          87.534          -0.997          -2.517         -15.903           99.923
   43 (vir)    49          91.830          -0.495          -2.148         -14.097          103.284
   44 (vir)    49          99.270          -3.237          -2.678         -15.260          108.615
   45 (vir)    49          99.511          -1.554          -0.716         -12.826          110.067
   46 (vir)    49          99.689          -2.886          -1.720         -14.147          109.230
   47 (vir)    49         101.983           3.182          -1.003         -12.747          116.910
   48 (vir)    49         103.302          -3.965          -1.691         -12.623          110.269
   49 (vir)    49         106.180          -1.706          -2.591         -16.010          117.893
   50 (vir)    49         112.057           0.736          -1.222         -14.558          126.129
   51 (vir)    49         119.402           0.281          -1.424         -15.812          134.071
   52 (vir)    49         120.695          -0.947          -2.111         -15.236          132.873
   53 (vir)    49         136.778          -0.052          -1.318         -15.968          151.376
   54 (vir)    49         139.514          -4.899          -2.998         -15.826          147.443
   55 (vir)    49         145.681          -0.712          -1.804         -16.603          159.768
   56 (vir)    49         165.888          -0.713          -1.670         -18.349          181.854
   57 (vir)    49         198.729          -0.858          -0.056          -9.174          206.989
   58 (vir)    49         255.623           6.282          -0.915         -17.399          278.390
 
 
  kpoint:      50             coordinate:     0.3333    0.3333    0.0000
 
    n           k   ϵ_nk^DFT (eV)     Σ^c_nk (eV)     Σ^x_nk (eV)    v_nk^xc (eV)   ϵ_nk^G0W0 (eV)
 
    1 (occ)    50         -17.759           7.800         -27.440         -17.805          -19.593
    2 (occ)    50         -11.658           4.461         -22.056         -15.728          -13.525
    3 (occ)    50         -10.932           4.493         -22.652         -16.021          -13.070
    4 (occ)    50          -3.768           1.976         -19.930         -16.595           -5.127
    5 (vir)    50           0.926          -3.887          -5.546         -10.839            2.332
    6 (vir)    50           8.703          -3.246          -2.415          -6.816            9.859
    7 (vir)    50           9.592          -4.657          -4.597         -10.628           10.965
    8 (vir)    50          11.016          -3.554          -2.905          -7.591           12.148
    9 (vir)    50          11.682          -2.555          -1.213          -4.771           12.686
   10 (vir)    50          13.455          -2.893          -1.190          -5.043           14.415
   11 (vir)    50          13.957          -2.336          -0.408          -3.394           14.607
   12 (vir)    50          14.200          -6.922          -5.907         -14.806           16.178
   13 (vir)    50          14.830          -3.707          -2.676          -7.432           15.878
   14 (vir)    50          15.405          -3.810          -3.495          -8.594           16.694
   15 (vir)    50          18.006          -2.766          -1.328          -5.215           19.127
   16 (vir)    50          20.411          -2.695          -1.361          -4.927           21.282
   17 (vir)    50          22.300          -4.148          -1.934          -6.959           23.177
   18 (vir)    50          23.471          -8.316          -4.924         -15.149           25.380
   19 (vir)    50          26.493          -3.823          -0.769          -6.344           28.244
   20 (vir)    50          26.944          -4.141          -2.045          -7.439           28.197
   21 (vir)    50          28.006          -5.575          -2.740         -10.387           30.078
   22 (vir)    50          37.741          -4.156          -1.625          -7.081           39.041
   23 (vir)    50          39.826          -0.774          -1.998          -7.283           44.337
   24 (vir)    50          40.674          -4.783          -3.796         -13.606           45.701
   25 (vir)    50          41.001          -3.395          -3.367         -12.016           46.255
   26 (vir)    50          41.126          -4.258          -1.833         -10.352           45.388
   27 (vir)    50          45.551          -3.221          -4.050         -13.826           52.106
   28 (vir)    50          48.394          -0.173          -2.683         -11.709           57.246
   29 (vir)    50          48.730          -9.399          -3.255         -13.681           49.757
   30 (vir)    50          53.996          -1.166          -3.731         -14.232           63.331
   31 (vir)    50          55.943          -6.877          -3.064         -13.272           59.274
   32 (vir)    50          59.677          -4.079          -2.328         -12.042           65.313
   33 (vir)    50          65.272          -1.921          -1.721         -10.086           71.715
   34 (vir)    50          67.707           6.460          -2.987         -13.800           84.980
   35 (vir)    50          68.986          -3.069          -1.161          -9.198           73.954
   36 (vir)    50          70.664          -2.449          -1.608         -11.238           77.845
   37 (vir)    50          70.775          -2.306          -2.631         -10.288           76.126
   38 (vir)    50          74.364          -0.221          -2.313         -13.390           85.221
   39 (vir)    50          75.307          -0.495          -2.372         -12.448           84.889
   40 (vir)    50          75.721          -0.939          -1.164          -8.571           82.190
   41 (vir)    50          77.772          -0.245          -1.168         -12.062           88.421
   42 (vir)    50          87.582          -1.297          -2.524         -15.970           99.732
   43 (vir)    50          92.091          -0.401          -2.114         -14.012          103.587
   44 (vir)    50          99.359          -2.528          -2.600         -15.272          109.504
   45 (vir)    50          99.539          -0.884          -0.555         -12.836          110.936
   46 (vir)    50          99.595          -2.968          -1.728         -14.171          109.070
   47 (vir)    50         101.918           5.362          -1.017         -12.726          118.989
   48 (vir)    50         102.971          -3.458          -1.685         -12.580          110.409
   49 (vir)    50         106.077          -1.143          -2.598         -16.029          118.367
   50 (vir)    50         112.049           0.621          -1.176         -14.550          126.044
   51 (vir)    50         119.537          -0.340          -1.276         -15.849          133.769
   52 (vir)    50         120.436          -0.662          -2.145         -15.215          132.844
   53 (vir)    50         136.776          -0.632          -0.495         -15.970          151.619
   54 (vir)    50         139.635          -2.835          -2.463         -15.854          150.190
   55 (vir)    50         145.714          -0.731          -1.850         -16.604          159.737
   56 (vir)    50         165.827           0.099          -1.886         -18.351          182.391
   57 (vir)    50         198.607          -0.838           0.023          -9.165          206.958
   58 (vir)    50         255.630           6.111          -0.931         -17.400          278.210
 
 
  kpoint:      51             coordinate:     0.3265    0.3367    0.0000
 
    n           k   ϵ_nk^DFT (eV)     Σ^c_nk (eV)     Σ^x_nk (eV)    v_nk^xc (eV)   ϵ_nk^G0W0 (eV)
 
    1 (occ)    51         -17.760           7.800         -27.439         -17.805          -19.594
    2 (occ)    51         -11.661           4.464         -22.060         -15.728          -13.530
    3 (occ)    51         -10.927           4.490         -22.648         -16.022          -13.063
    4 (occ)    51          -3.770           1.976         -19.927         -16.593           -5.129
    5 (vir)    51           0.927          -3.887          -5.548         -10.841            2.333
    6 (vir)    51           8.705          -3.246          -2.414          -6.816            9.860
    7 (vir)    51           9.587          -4.651          -4.588         -10.611           10.959
    8 (vir)    51          11.004          -3.538          -2.879          -7.545           12.132
    9 (vir)    51          11.690          -2.586          -1.267          -4.866           12.704
   10 (vir)    51          13.435          -2.868          -1.160          -4.976           14.384
   11 (vir)    51          13.975          -2.359          -0.440          -3.463           14.639
   12 (vir)    51          14.195          -6.879          -5.863         -14.708           16.161
   13 (vir)    51          14.834          -3.717          -2.689          -7.458           15.886
   14 (vir)    51          15.415          -3.827          -3.504          -8.625           16.709
   15 (vir)    51          18.012          -2.767          -1.326          -5.214           19.132
   16 (vir)    51          20.398          -2.705          -1.370          -4.949           21.272
   17 (vir)    51          22.309          -4.149          -1.932          -6.953           23.181
   18 (vir)    51          23.473          -8.312          -4.924         -15.147           25.384
   19 (vir)    51          26.485          -3.772          -0.774          -6.352           28.290
   20 (vir)    51          26.952          -4.136          -2.060          -7.432           28.187
   21 (vir)    51          28.009          -5.568          -2.735         -10.377           30.082
   22 (vir)    51          37.723          -4.191          -1.645          -7.086           38.974
   23 (vir)    51          39.840          -0.596          -2.029          -7.290           44.505
   24 (vir)    51          40.674          -4.774          -3.802         -13.596           45.694
   25 (vir)    51          40.989          -3.442          -3.339         -11.989           46.197
   26 (vir)    51          41.120          -4.059          -1.864         -10.379           45.575
   27 (vir)    51          45.569          -3.167          -4.043         -13.819           52.178
   28 (vir)    51          48.310          -0.194          -2.772         -12.008           57.352
   29 (vir)    51          48.812         -10.482          -3.172         -13.377           48.536
   30 (vir)    51          53.970          -1.178          -3.726         -14.219           63.284
   31 (vir)    51          55.974          -7.183          -3.075         -13.277           58.992
   32 (vir)    51          59.687          -4.261          -2.345         -12.050           65.132
   33 (vir)    51          65.096          -2.320          -1.672          -9.921           71.024
   34 (vir)    51          67.699           4.634          -2.993         -13.797           83.137
   35 (vir)    51          68.909          -3.135          -1.208          -9.368           73.934
   36 (vir)    51          70.710          -2.502          -1.613         -11.230           77.825
   37 (vir)    51          70.717          -1.876          -2.622         -10.263           76.482
   38 (vir)    51          74.353          -0.174          -2.303         -13.369           85.245
   39 (vir)    51          75.323          -0.095          -2.371         -12.452           85.309
   40 (vir)    51          75.724          -0.606          -1.220          -8.627           82.526
   41 (vir)    51          77.818          -0.292          -1.300         -12.048           88.274
   42 (vir)    51          87.575          -1.228          -2.523         -15.960           99.784
   43 (vir)    51          92.016          -0.395          -2.121         -14.023          103.523
   44 (vir)    51          99.336          -2.554          -2.625         -15.272          109.429
   45 (vir)    51          99.531          -0.920          -0.619         -12.830          110.823
   46 (vir)    51          99.596          -2.984          -1.729         -14.161          109.044
   47 (vir)    51         101.937           4.698          -1.012         -12.731          118.353
   48 (vir)    51         103.069          -3.629          -1.683         -12.600          110.358
   49 (vir)    51         106.102          -1.210          -2.598         -16.026          118.319
   50 (vir)    51         112.052           0.613          -1.197         -14.552          126.020
   51 (vir)    51         119.487          -0.112          -1.393         -15.830          133.813
   52 (vir)    51         120.518          -0.813          -2.069         -15.230          132.866
   53 (vir)    51         136.774          -0.532          -0.791         -15.969          151.420
   54 (vir)    51         139.607          -3.393          -2.563         -15.847          149.498
   55 (vir)    51         145.706          -0.741          -1.838         -16.603          159.731
   56 (vir)    51         165.842          -0.300          -1.836         -18.351          182.057
   57 (vir)    51         198.637          -0.850          -0.002          -9.167          206.952
   58 (vir)    51         255.628           6.021          -0.928         -17.400          278.121
 
 
  kpoint:      52             coordinate:     0.3197    0.3401    0.0000
 
    n           k   ϵ_nk^DFT (eV)     Σ^c_nk (eV)     Σ^x_nk (eV)    v_nk^xc (eV)   ϵ_nk^G0W0 (eV)
 
    1 (occ)    52         -17.763           7.801         -27.438         -17.802          -19.597
    2 (occ)    52         -11.669           4.472         -22.073         -15.727          -13.544
    3 (occ)    52         -10.911           4.480         -22.637         -16.027          -13.042
    4 (occ)    52          -3.775           1.977         -19.921         -16.585           -5.134
    5 (vir)    52           0.931          -3.886          -5.554         -10.846            2.336
    6 (vir)    52           8.711          -3.248          -2.413          -6.816            9.866
    7 (vir)    52           9.573          -4.635          -4.565         -10.569           10.942
    8 (vir)    52          10.971          -3.496          -2.813          -7.426           12.087
    9 (vir)    52          11.711          -2.670          -1.414          -5.125           12.752
   10 (vir)    52          13.384          -2.817          -1.098          -4.839           14.308
   11 (vir)    52          14.019          -2.408          -0.508          -3.608           14.711
   12 (vir)    52          14.181          -6.766          -5.748         -14.450           16.117
   13 (vir)    52          14.843          -3.736          -2.717          -7.513           15.902
   14 (vir)    52          15.445          -3.876          -3.522          -8.706           16.752
   15 (vir)    52          18.030          -2.770          -1.322          -5.210           19.148
   16 (vir)    52          20.362          -2.740          -1.395          -5.004           21.231
   17 (vir)    52          22.332          -4.141          -1.933          -6.949           23.207
   18 (vir)    52          23.476          -8.302          -4.921         -15.139           25.392
   19 (vir)    52          26.462          -3.712          -0.788          -6.375           28.337
   20 (vir)    52          26.977          -4.145          -2.082          -7.409           28.159
   21 (vir)    52          28.015          -5.559          -2.722         -10.352           30.085
   22 (vir)    52          37.673          -4.190          -1.678          -7.101           38.906
   23 (vir)    52          39.877          -0.444          -1.952          -7.333           44.814
   24 (vir)    52          40.675          -5.126          -3.816         -13.548           45.281
   25 (vir)    52          40.943          -3.181          -3.197         -11.845           46.410
   26 (vir)    52          41.114          -3.436          -2.015         -10.520           46.183
   27 (vir)    52          45.621          -3.086          -4.024         -13.801           52.312
   28 (vir)    52          48.158          -0.309          -2.837         -12.210           57.222
   29 (vir)    52          48.960         -11.541          -3.094         -13.161           47.485
   30 (vir)    52          53.896          -1.113          -3.718         -14.186           63.251
   31 (vir)    52          56.061          -7.725          -3.094         -13.287           58.529
   32 (vir)    52          59.720          -3.767          -2.383         -12.074           65.644
   33 (vir)    52          64.636          -2.514          -1.558          -9.539           70.103
   34 (vir)    52          67.676         -11.775          -3.009         -13.790           66.682
   35 (vir)    52          68.669          -3.231          -1.295          -9.674           73.817
   36 (vir)    52          70.562          -1.359          -2.447         -10.203           76.958
   37 (vir)    52          70.821          -2.700          -1.655         -11.292           77.757
   38 (vir)    52          74.327           0.013          -2.278         -13.317           85.380
   39 (vir)    52          75.355          -0.100          -2.370         -12.459           85.344
   40 (vir)    52          75.702           0.377          -1.320          -8.782           83.541
   41 (vir)    52          77.971          -0.089          -1.436         -12.003           88.449
   42 (vir)    52          87.562          -1.083          -2.520         -15.932           99.891
   43 (vir)    52          91.807          -0.430          -2.139         -14.046          103.283
   44 (vir)    52          99.268          -2.643          -2.625         -15.269          109.269
   45 (vir)    52          99.507          -1.075          -0.754         -12.815          110.493
   46 (vir)    52          99.568          -3.102          -1.739         -14.134          108.862
   47 (vir)    52         101.998           3.448          -1.054         -12.744          117.136
   48 (vir)    52         103.362          -3.833          -1.670         -12.666          110.526
   49 (vir)    52         106.173          -1.259          -2.600         -16.019          118.333
   50 (vir)    52         112.060           0.874          -1.261         -14.557          126.231
   51 (vir)    52         119.365           0.084          -1.625         -15.805          133.628
   52 (vir)    52         120.742          -0.831          -1.940         -15.243          133.214
   53 (vir)    52         136.766          -0.403          -1.287         -15.965          151.041
   54 (vir)    52         139.525          -3.903          -2.538         -15.830          148.914
   55 (vir)    52         145.683          -0.792          -1.820         -16.602          159.674
   56 (vir)    52         165.889           0.122          -1.828         -18.349          182.532
   57 (vir)    52         198.726          -0.850          -0.044          -9.174          207.005
   58 (vir)    52         255.622           5.294          -0.923         -17.399          277.393
 
 
  kpoint:      53             coordinate:     0.3129    0.3435    0.0000
 
    n           k   ϵ_nk^DFT (eV)     Σ^c_nk (eV)     Σ^x_nk (eV)    v_nk^xc (eV)   ϵ_nk^G0W0 (eV)
 
    1 (occ)    53         -17.767           7.802         -27.435         -17.799          -19.601
    2 (occ)    53         -11.683           4.484         -22.093         -15.725          -13.566
    3 (occ)    53         -10.886           4.464         -22.620         -16.034          -13.007
    4 (occ)    53          -3.783           1.978         -19.910         -16.572           -5.143
    5 (vir)    53           0.936          -3.886          -5.562         -10.854            2.341
    6 (vir)    53           8.720          -3.251          -2.411          -6.815            9.875
    7 (vir)    53           9.552          -4.612          -4.535         -10.512           10.916
    8 (vir)    53          10.920          -3.445          -2.732          -7.279           12.023
    9 (vir)    53          11.735          -2.787          -1.620          -5.488           12.816
   10 (vir)    53          13.315          -2.767          -1.038          -4.706           14.216
   11 (vir)    53          14.075          -2.457          -0.577          -3.754           14.795
   12 (vir)    53          14.165          -6.613          -5.585         -14.095           16.062
   13 (vir)    53          14.855          -3.752          -2.749          -7.567           15.922
   14 (vir)    53          15.493          -3.944          -3.541          -8.810           16.818
   15 (vir)    53          18.062          -2.775          -1.315          -5.205           19.176
   16 (vir)    53          20.307          -2.790          -1.432          -5.081           21.166
   17 (vir)    53          22.363          -4.140          -1.947          -6.965           23.242
   18 (vir)    53          23.484          -8.282          -4.914         -15.118           25.406
   19 (vir)    53          26.427          -3.639          -0.808          -6.407           28.387
   20 (vir)    53          27.021          -4.168          -2.107          -7.371           28.118
   21 (vir)    53          28.024          -5.549          -2.705         -10.316           30.085
   22 (vir)    53          37.599          -4.113          -1.716          -7.123           38.894
   23 (vir)    53          39.925          -0.793          -1.822          -7.465           44.774
   24 (vir)    53          40.682          -6.612          -3.828         -13.411           43.653
   25 (vir)    53          40.859          -2.692          -3.052         -11.691           46.806
   26 (vir)    53          41.119          -2.905          -2.174         -10.667           46.708
   27 (vir)    53          45.704          -2.991          -3.995         -13.773           52.491
   28 (vir)    53          47.999          -0.515          -2.853         -12.276           56.906
   29 (vir)    53          49.113         -12.108          -3.049         -13.068           47.024
   30 (vir)    53          53.785          -1.001          -3.712         -14.146           63.218
   31 (vir)    53          56.194          -8.653          -3.111         -13.290           57.720
   32 (vir)    53          59.775          -2.929          -2.438         -12.112           66.520
   33 (vir)    53          63.968          -2.562          -1.424          -9.074           69.057
   34 (vir)    53          67.638         -10.173          -3.034         -13.777           68.208
   35 (vir)    53          68.303          -3.315          -1.375          -9.934           73.547
   36 (vir)    53          70.336          -0.789          -2.185         -10.127           77.489
   37 (vir)    53          70.931          -2.942          -1.732         -11.459           77.716
   38 (vir)    53          74.291           0.344          -2.243         -13.254           85.645
   39 (vir)    53          75.381          -0.424          -2.368         -12.464           85.053
   40 (vir)    53          75.628          -0.031          -1.468          -8.985           83.114
   41 (vir)    53          78.239           0.044          -1.524         -11.955           88.714
   42 (vir)    53          87.551          -0.912          -2.517         -15.896          100.017
   43 (vir)    53          91.497          -0.516          -2.162         -14.068          102.886
   44 (vir)    53          99.158          -2.788          -2.609         -15.258          109.019
   45 (vir)    53          99.466          -1.652          -0.948         -12.799          109.665
   46 (vir)    53          99.490          -3.345          -1.756         -14.101          108.491
   47 (vir)    53         102.100           1.959          -1.144         -12.762          115.676
   48 (vir)    53         103.809          -3.700          -1.648         -12.768          111.229
   49 (vir)    53         106.284          -1.568          -2.602         -16.011          118.125
   50 (vir)    53         112.078           1.517          -1.359         -14.566          126.802
   51 (vir)    53         119.214           0.493          -1.884         -15.797          133.620
   52 (vir)    53         121.064          -0.966          -1.845         -15.232          133.484
   53 (vir)    53         136.746          -0.249          -1.921         -15.954          150.529
   54 (vir)    53         139.401          -4.308          -2.407         -15.804          148.490
   55 (vir)    53         145.648          -0.872          -1.799         -16.600          159.577
   56 (vir)    53         165.966           0.970          -1.869         -18.345          183.412
   57 (vir)    53         198.871          -0.859          -0.097          -9.184          207.098
   58 (vir)    53         255.613           3.602          -0.917         -17.398          275.696
 
 
  kpoint:      54             coordinate:     0.3061    0.3469    0.0000
 
    n           k   ϵ_nk^DFT (eV)     Σ^c_nk (eV)     Σ^x_nk (eV)    v_nk^xc (eV)   ϵ_nk^G0W0 (eV)
 
    1 (occ)    54         -17.774           7.804         -27.432         -17.794          -19.608
    2 (occ)    54         -11.702           4.500         -22.117         -15.723          -13.596
    3 (occ)    54         -10.851           4.444         -22.599         -16.045          -12.962
    4 (occ)    54          -3.794           1.980         -19.896         -16.556           -5.155
    5 (vir)    54           0.942          -3.884          -5.574         -10.864            2.348
    6 (vir)    54           8.734          -3.255          -2.408          -6.816            9.887
    7 (vir)    54           9.523          -4.585          -4.504         -10.449           10.883
    8 (vir)    54          10.859          -3.396          -2.655          -7.139           11.947
    9 (vir)    54          11.755          -2.919          -1.857          -5.903           12.883
   10 (vir)    54          13.238          -2.725          -0.988          -4.595           14.120
   11 (vir)    54          14.134          -2.497          -0.639          -3.882           14.879
   12 (vir)    54          14.153          -6.443          -5.397         -13.693           16.005
   13 (vir)    54          14.870          -3.759          -2.778          -7.607           15.940
   14 (vir)    54          15.557          -4.016          -3.548          -8.907           16.900
   15 (vir)    54          18.106          -2.783          -1.306          -5.197           19.214
   16 (vir)    54          20.236          -2.844          -1.475          -5.167           21.084
   17 (vir)    54          22.396          -4.161          -1.978          -7.018           23.275
   18 (vir)    54          23.496          -8.248          -4.902         -15.076           25.422
   19 (vir)    54          26.382          -3.557          -0.831          -6.443           28.437
   20 (vir)    54          27.083          -4.201          -2.127          -7.319           28.074
   21 (vir)    54          28.034          -5.540          -2.686         -10.275           30.083
   22 (vir)    54          37.508          -3.915          -1.751          -7.150           38.990
   23 (vir)    54          39.970          -1.653          -1.718          -7.753           44.351
   24 (vir)    54          40.702          -5.951          -3.809         -13.121           44.063
   25 (vir)    54          40.745          -2.496          -2.980         -11.607           46.876
   26 (vir)    54          41.133          -2.641          -2.260         -10.738           46.969
   27 (vir)    54          45.812          -2.897          -3.961         -13.741           52.694
   28 (vir)    54          47.844          -0.646          -2.839         -12.284           56.644
   29 (vir)    54          49.259         -12.372          -3.023         -13.022           46.886
   30 (vir)    54          53.650          -0.864          -3.713         -14.105           63.178
   31 (vir)    54          56.361          -9.203          -3.117         -13.280           57.321
   32 (vir)    54          59.853          -2.748          -2.503         -12.164           66.766
   33 (vir)    54          63.136          -2.531          -1.291          -8.599           67.913
   34 (vir)    54          67.585          -9.881          -3.063         -13.758           68.398
   35 (vir)    54          67.856          -3.379          -1.442         -10.123           73.158
   36 (vir)    54          70.063           0.458          -1.918         -10.053           78.655
   37 (vir)    54          71.003          -3.157          -1.821         -11.677           77.702
   38 (vir)    54          74.247           0.843          -2.208         -13.192           86.073
   39 (vir)    54          75.390          -0.869          -2.366         -12.467           84.622
   40 (vir)    54          75.500          -0.523          -1.636          -9.179           82.520
   41 (vir)    54          78.603          -0.537          -1.559         -11.950           88.458
   42 (vir)    54          87.549          -0.754          -2.512         -15.853          100.135
   43 (vir)    54          91.130          -0.631          -2.187         -14.083          102.394
   44 (vir)    54          99.011          -2.783          -2.588         -15.237          108.877
   45 (vir)    54          99.369          -3.693          -1.776         -14.077          107.978
   46 (vir)    54          99.412          -5.371          -1.184         -12.787          105.644
   47 (vir)    54         102.242           0.874          -1.273         -12.778          114.622
   48 (vir)    54         104.345          -1.813          -1.626         -12.889          113.794
   49 (vir)    54         106.429          -2.908          -2.602         -16.005          116.925
   50 (vir)    54         112.105           2.884          -1.477         -14.577          128.089
   51 (vir)    54         119.059           1.925          -2.135         -15.801          134.650
   52 (vir)    54         121.464          -2.095          -1.803         -15.202          132.768
   53 (vir)    54         136.706           0.038          -2.593         -15.933          150.084
   54 (vir)    54         139.245          -3.635          -2.229         -15.774          149.155
   55 (vir)    54         145.600          -0.969          -1.782         -16.598          159.447
   56 (vir)    54         166.072           2.332          -1.956         -18.338          184.786
   57 (vir)    54         199.070          -0.941          -0.153          -9.198          207.173
   58 (vir)    54         255.600           1.552          -0.912         -17.397          273.636
 
 
  kpoint:      55             coordinate:     0.2993    0.3503    0.0000
 
    n           k   ϵ_nk^DFT (eV)     Σ^c_nk (eV)     Σ^x_nk (eV)    v_nk^xc (eV)   ϵ_nk^G0W0 (eV)
 
    1 (occ)    55         -17.782           7.806         -27.428         -17.789          -19.615
    2 (occ)    55         -11.725           4.518         -22.142         -15.719          -13.630
    3 (occ)    55         -10.808           4.420         -22.577         -16.059          -12.906
    4 (occ)    55          -3.807           1.982         -19.880         -16.535           -5.169
    5 (vir)    55           0.950          -3.883          -5.587         -10.876            2.356
    6 (vir)    55           8.751          -3.260          -2.404          -6.816            9.904
    7 (vir)    55           9.488          -4.558          -4.474         -10.387           10.843
    8 (vir)    55          10.789          -3.354          -2.592          -7.022           11.864
    9 (vir)    55          11.766          -3.055          -2.105          -6.336           12.943
   10 (vir)    55          13.157          -2.690          -0.949          -4.505           14.023
   11 (vir)    55          14.149          -6.273          -5.202         -13.282           15.956
   12 (vir)    55          14.191          -2.531          -0.695          -3.993           14.959
   13 (vir)    55          14.888          -3.761          -2.800          -7.633           15.959
   14 (vir)    55          15.634          -4.078          -3.539          -8.974           16.991
   15 (vir)    55          18.163          -2.793          -1.294          -5.188           19.265
   16 (vir)    55          20.155          -2.895          -1.522          -5.257           20.994
   17 (vir)    55          22.425          -4.210          -2.029          -7.117           23.303
   18 (vir)    55          23.512          -8.198          -4.885         -15.008           25.438
   19 (vir)    55          26.329          -3.475          -0.855          -6.479           28.478
   20 (vir)    55          27.165          -4.235          -2.133          -7.254           28.051
   21 (vir)    55          28.044          -5.531          -2.668         -10.233           30.078
   22 (vir)    55          37.405          -3.570          -1.787          -7.179           39.228
   23 (vir)    55          40.000          -2.514          -1.711          -8.228           44.003
   24 (vir)    55          40.609          -2.597          -2.957         -11.568           46.623
   25 (vir)    55          40.740          -3.772          -3.722         -12.649           45.895
   26 (vir)    55          41.152          -2.504          -2.296         -10.755           47.107
   27 (vir)    55          45.940          -2.819          -3.923         -13.705           52.904
   28 (vir)    55          47.699          -0.616          -2.802         -12.262           56.543
   29 (vir)    55          49.396         -11.183          -3.017         -12.995           48.189
   30 (vir)    55          53.500          -0.710          -3.721         -14.066           63.135
   31 (vir)    55          56.554           3.728          -3.110         -13.256           70.427
   32 (vir)    55          59.953          -2.925          -2.569         -12.226           66.685
   33 (vir)    55          62.170          -2.461          -1.171          -8.150           66.689
   34 (vir)    55          67.360          -3.412          -1.498         -10.253           72.703
   35 (vir)    55          67.518          -8.392          -3.088         -13.731           69.770
   36 (vir)    55          69.758           3.885          -1.711          -9.988           81.920
   37 (vir)    55          71.024          -3.317          -1.905         -11.896           77.698
   38 (vir)    55          74.191           1.515          -2.178         -13.141           86.668
   39 (vir)    55          75.333          -1.024          -1.771          -9.336           81.874
   40 (vir)    55          75.376          -1.264          -2.363         -12.468           84.217
   41 (vir)    55          79.038          -0.618          -1.577         -12.004           88.848
   42 (vir)    55          87.561          -0.630          -2.507         -15.804          100.228
   43 (vir)    55          90.739          -0.746          -2.211         -14.091          101.873
   44 (vir)    55          98.832          -1.952          -2.571         -15.206          109.515
   45 (vir)    55          99.222          -4.120          -1.797         -14.068          107.372
   46 (vir)    55          99.345           0.765          -1.437         -12.783          111.456
   47 (vir)    55         102.418           0.356          -1.424         -12.792          114.142
   48 (vir)    55         104.910          -1.499          -1.607         -13.016          114.820
   49 (vir)    55         106.602          -6.263          -2.597         -16.003          113.744
   50 (vir)    55         112.146           6.268          -1.601         -14.591          131.404
   51 (vir)    55         118.908           3.009          -2.357         -15.811          135.371
   52 (vir)    55         121.935          -3.811          -1.813         -15.161          131.472
   53 (vir)    55         136.638           0.246          -3.177         -15.896          149.604
   54 (vir)    55         139.074          -0.292          -2.099         -15.748          152.431
   55 (vir)    55         145.544          -0.149          -1.771         -16.595          160.218
   56 (vir)    55         166.205           4.631          -2.076         -18.329          187.089
   57 (vir)    55         199.320          -1.284          -0.205          -9.214          207.045
   58 (vir)    55         255.583           0.054          -0.909         -17.395          272.123
 
 
  kpoint:      56             coordinate:     0.2925    0.3537    0.0000
 
    n           k   ϵ_nk^DFT (eV)     Σ^c_nk (eV)     Σ^x_nk (eV)    v_nk^xc (eV)   ϵ_nk^G0W0 (eV)
 
    1 (occ)    56         -17.791           7.808         -27.424         -17.782          -19.624
    2 (occ)    56         -11.751           4.537         -22.168         -15.714          -13.668
    3 (occ)    56         -10.758           4.394         -22.556         -16.077          -12.844
    4 (occ)    56          -3.823           1.985         -19.860         -16.511           -5.187
    5 (vir)    56           0.958          -3.881          -5.602         -10.889            2.364
    6 (vir)    56           8.773          -3.266          -2.400          -6.817            9.924
    7 (vir)    56           9.447          -4.531          -4.450         -10.332           10.798
    8 (vir)    56          10.715          -3.321          -2.543          -6.928           11.779
    9 (vir)    56          11.762          -3.186          -2.347          -6.758           12.987
   10 (vir)    56          13.075          -2.661          -0.917          -4.431           13.928
   11 (vir)    56          14.158          -6.114          -5.015         -12.891           15.919
   12 (vir)    56          14.245          -2.558          -0.747          -4.093           15.033
   13 (vir)    56          14.909          -3.762          -2.814          -7.648           15.980
   14 (vir)    56          15.721          -4.123          -3.509          -8.999           17.088
   15 (vir)    56          18.234          -2.805          -1.280          -5.178           19.326
   16 (vir)    56          20.066          -2.943          -1.570          -5.347           20.900
   17 (vir)    56          22.447          -4.287          -2.097          -7.263           23.327
   18 (vir)    56          23.533          -8.134          -4.862         -14.914           25.451
   19 (vir)    56          26.269          -3.406          -0.879          -6.513           28.497
   20 (vir)    56          27.266          -4.243          -2.118          -7.179           28.085
   21 (vir)    56          28.052          -5.523          -2.652         -10.194           30.070
   22 (vir)    56          37.297          -3.098          -1.830          -7.211           39.580
   23 (vir)    56          40.006          -3.256          -1.819          -8.826           43.757
   24 (vir)    56          40.457          -2.813          -2.957         -11.549           46.236
   25 (vir)    56          40.798          -3.681          -3.564         -12.064           45.617
   26 (vir)    56          41.177          -2.419          -2.305         -10.742           47.196
   27 (vir)    56          46.085          -2.765          -3.882         -13.667           53.105
   28 (vir)    56          47.566          -0.372          -2.746         -12.221           56.667
   29 (vir)    56          49.522           3.081          -3.037         -12.974           62.541
   30 (vir)    56          53.341          -0.544          -3.731         -14.031           63.097
   31 (vir)    56          56.765           1.201          -3.092         -13.219           68.094
   32 (vir)    56          60.072          -3.104          -2.629         -12.296           66.635
   33 (vir)    56          61.093          -2.363          -1.068          -7.747           65.409
   34 (vir)    56          66.835          -3.409          -1.544         -10.335           72.218
   35 (vir)    56          67.437          -7.393          -3.097         -13.695           70.642
   36 (vir)    56          69.434           0.798          -1.595          -9.940           78.577
   37 (vir)    56          70.995          -3.395          -1.977         -12.090           77.713
   38 (vir)    56          74.116           2.187          -2.160         -13.108           87.250
   39 (vir)    56          75.140          -1.538          -1.828          -9.460           81.234
   40 (vir)    56          75.342          -1.555          -2.356         -12.469           83.899
   41 (vir)    56          79.521          -1.814          -1.627         -12.112           88.192
   42 (vir)    56          87.589          -0.546          -2.499         -15.749          100.292
   43 (vir)    56          90.351          -0.841          -2.233         -14.095          101.372
   44 (vir)    56          98.630          -0.444          -2.564         -15.167          110.790
   45 (vir)    56          99.060          -4.593          -1.816         -14.071          106.721
   46 (vir)    56          99.268           0.359          -1.682         -12.786          110.731
   47 (vir)    56         102.621           0.204          -1.579         -12.801          114.047
   48 (vir)    56         105.462          -1.632          -1.594         -13.146          115.383
   49 (vir)    56         106.795          -7.708          -2.587         -16.005          112.505
   50 (vir)    56         112.201          -1.559          -1.715         -14.606          123.534
   51 (vir)    56         118.765           3.047          -2.529         -15.822          135.106
   52 (vir)    56         122.473          -2.681          -1.868         -15.115          133.038
   53 (vir)    56         136.533          -0.021          -3.547         -15.834          148.799
   54 (vir)    56         138.905           0.919          -2.115         -15.732          153.440
   55 (vir)    56         145.481          -1.117          -1.768         -16.591          159.187
   56 (vir)    56         166.364          -6.885          -2.211         -18.316          175.584
   57 (vir)    56         199.618          -1.963          -0.249          -9.233          206.639
   58 (vir)    56         255.564          -0.799          -0.906         -17.392          271.251
 
 
  kpoint:      57             coordinate:     0.2857    0.3571    0.0000
 
    n           k   ϵ_nk^DFT (eV)     Σ^c_nk (eV)     Σ^x_nk (eV)    v_nk^xc (eV)   ϵ_nk^G0W0 (eV)
 
    1 (occ)    57         -17.802           7.811         -27.418         -17.775          -19.634
    2 (occ)    57         -11.780           4.557         -22.193         -15.708          -13.708
    3 (occ)    57         -10.701           4.366         -22.536         -16.097          -12.775
    4 (occ)    57          -3.841           1.988         -19.839         -16.485           -5.206
    5 (vir)    57           0.968          -3.878          -5.618         -10.903            2.374
    6 (vir)    57           8.799          -3.273          -2.396          -6.819            9.948
    7 (vir)    57           9.400          -4.506          -4.434         -10.288           10.748
    8 (vir)    57          10.639          -3.295          -2.506          -6.855           11.693
    9 (vir)    57          11.742          -3.304          -2.571          -7.145           13.012
   10 (vir)    57          12.992          -2.636          -0.890          -4.369           13.834
   11 (vir)    57          14.178          -5.971          -4.849         -12.541           15.899
   12 (vir)    57          14.294          -2.581          -0.796          -4.185           15.102
   13 (vir)    57          14.935          -3.767          -2.823          -7.662           16.007
   14 (vir)    57          15.816          -4.145          -3.458          -8.974           17.187
   15 (vir)    57          18.317          -2.820          -1.264          -5.167           19.400
   16 (vir)    57          19.972          -2.987          -1.618          -5.437           20.803
   17 (vir)    57          22.462          -4.385          -2.176          -7.448           23.349
   18 (vir)    57          23.557          -8.060          -4.836         -14.799           25.459
   19 (vir)    57          26.203          -3.362          -0.901          -6.542           28.483
   20 (vir)    57          27.385          -4.196          -2.077          -7.099           28.212
   21 (vir)    57          28.058          -5.517          -2.639         -10.158           30.060
   22 (vir)    57          37.188          -2.606          -1.886          -7.244           39.941
   23 (vir)    57          39.988          -3.710          -2.001          -9.420           43.697
   24 (vir)    57          40.294          -3.022          -2.968         -11.536           45.840
   25 (vir)    57          40.871          -3.629          -3.370         -11.491           45.364
   26 (vir)    57          41.207          -2.365          -2.298         -10.712           47.256
   27 (vir)    57          46.242          -2.738          -3.840         -13.627           53.291
   28 (vir)    57          47.447           0.137          -2.678         -12.165           57.070
   29 (vir)    57          49.637           0.675          -3.080         -12.956           60.188
   30 (vir)    57          53.179          -0.371          -3.742         -13.998           63.064
   31 (vir)    57          56.993          -0.713          -3.062         -13.172           66.390
   32 (vir)    57          59.930          -2.239          -0.984          -7.395           64.102
   33 (vir)    57          60.208          -3.146          -2.677         -12.369           66.755
   34 (vir)    57          66.296          -3.370          -1.579         -10.379           71.725
   35 (vir)    57          67.342          -6.917          -3.082         -13.644           70.987
   36 (vir)    57          69.101           0.060          -1.574          -9.916           77.502
   37 (vir)    57          70.919          -3.327          -2.034         -12.251           77.809
   38 (vir)    57          74.015           2.340          -2.154         -13.090           87.291
   39 (vir)    57          74.935          -2.018          -1.776          -9.559           80.700
   40 (vir)    57          75.294          -1.752          -2.345         -12.469           83.666
   41 (vir)    57          80.033          -5.388          -1.744         -12.261           85.162
   42 (vir)    57          87.632          -0.491          -2.489         -15.681          100.333
   43 (vir)    57          89.986          -0.912          -2.254         -14.101          100.921
   44 (vir)    57          98.410           0.381          -2.565         -15.122          111.349
   45 (vir)    57          98.893          -5.075          -1.835         -14.085          106.069
   46 (vir)    57          99.184           0.306          -1.889         -12.794          110.395
   47 (vir)    57         102.842           0.237          -1.717         -12.808          114.169
   48 (vir)    57         105.978          -1.641          -1.589         -13.276          116.025
   49 (vir)    57         107.006          -6.826          -2.574         -16.011          113.617
   50 (vir)    57         112.275          -7.360          -1.810         -14.624          117.730
   51 (vir)    57         118.632           3.200          -2.637         -15.832          135.028
   52 (vir)    57         123.075          -2.654          -1.960         -15.072          133.533
   53 (vir)    57         136.385          -0.223          -3.633         -15.743          148.272
   54 (vir)    57         138.753           0.804          -2.329         -15.732          152.961
   55 (vir)    57         145.413          -1.110          -1.771         -16.588          159.119
   56 (vir)    57         166.547          -8.924          -2.342         -18.300          173.581
   57 (vir)    57         199.960          -2.503          -0.282          -9.255          206.429
   58 (vir)    57         255.542          -1.231          -0.905         -17.389          270.795
 
 
  kpoint:      58             coordinate:     0.2789    0.3605    0.0000
 
    n           k   ϵ_nk^DFT (eV)     Σ^c_nk (eV)     Σ^x_nk (eV)    v_nk^xc (eV)   ϵ_nk^G0W0 (eV)
 
    1 (occ)    58         -17.814           7.814         -27.413         -17.766          -19.646
    2 (occ)    58         -11.811           4.577         -22.217         -15.702          -13.749
    3 (occ)    58         -10.639           4.337         -22.518         -16.119          -12.701
    4 (occ)    58          -3.860           1.992         -19.817         -16.456           -5.228
    5 (vir)    58           0.977          -3.875          -5.635         -10.917            2.383
    6 (vir)    58           8.828          -3.282          -2.391          -6.820            9.976
    7 (vir)    58           9.348          -4.484          -4.428         -10.258           10.694
    8 (vir)    58          10.560          -3.275          -2.478          -6.800           11.607
    9 (vir)    58          11.705          -3.402          -2.764          -7.475           13.014
   10 (vir)    58          12.910          -2.614          -0.866          -4.314           13.743
   11 (vir)    58          14.210          -5.848          -4.714         -12.246           15.893
   12 (vir)    58          14.338          -2.602          -0.843          -4.272           15.165
   13 (vir)    58          14.968          -3.781          -2.828          -7.684           16.043
   14 (vir)    58          15.916          -4.144          -3.384          -8.899           17.287
   15 (vir)    58          18.412          -2.837          -1.247          -5.157           19.485
   16 (vir)    58          19.876          -3.032          -1.664          -5.526           20.706
   17 (vir)    58          22.468          -4.493          -2.262          -7.661           23.374
   18 (vir)    58          23.584          -7.981          -4.808         -14.669           25.463
   19 (vir)    58          26.134          -3.350          -0.921          -6.567           28.430
   20 (vir)    58          27.522          -4.086          -2.010          -7.017           28.443
   21 (vir)    58          28.061          -5.511          -2.630         -10.127           30.046
   22 (vir)    58          37.082          -2.224          -1.955          -7.278           40.181
   23 (vir)    58          39.948          -3.745          -2.203          -9.926           43.926
   24 (vir)    58          40.122          -3.178          -2.981         -11.522           45.485
   25 (vir)    58          40.953          -3.580          -3.178         -11.016           45.211
   26 (vir)    58          41.242          -2.343          -2.283         -10.671           47.288
   27 (vir)    58          46.407          -2.733          -3.797         -13.584           53.462
   28 (vir)    58          47.344           0.926          -2.602         -12.096           57.765
   29 (vir)    58          49.743          -0.956          -3.141         -12.937           58.583
   30 (vir)    58          53.017          -0.203          -3.752         -13.967           63.030
   31 (vir)    58          57.233          -1.794          -3.025         -13.117           65.531
   32 (vir)    58          58.705          -2.085          -0.920          -7.097           62.796
   33 (vir)    58          60.356          -2.771          -2.709         -12.440           67.316
   34 (vir)    58          65.751          -3.299          -1.605         -10.391           71.238
   35 (vir)    58          67.233          -6.779          -3.041         -13.570           70.983
   36 (vir)    58          68.765           2.455          -1.624          -9.925           79.521
   37 (vir)    58          70.801          -2.965          -2.077         -12.376           78.136
   38 (vir)    58          73.882           1.525          -2.162         -13.086           86.331
   39 (vir)    58          74.726          -2.468          -1.610          -9.644           80.292
   40 (vir)    58          75.243          -1.884          -2.329         -12.472           83.502
   41 (vir)    58          80.561          -5.431          -1.933         -12.439           85.635
   42 (vir)    58          87.687          -0.443          -2.473         -15.589          100.360
   43 (vir)    58          89.656          -0.966          -2.274         -14.122          100.537
   44 (vir)    58          98.179           0.455          -2.571         -15.072          111.135
   45 (vir)    58          98.725          -5.539          -1.852         -14.107          105.441
   46 (vir)    58          99.095           0.384          -2.035         -12.807          110.250
   47 (vir)    58         103.071           0.345          -1.824         -12.815          114.408
   48 (vir)    58         106.447          -1.583          -1.590         -13.405          116.678
   49 (vir)    58         107.229          -6.543          -2.563         -16.018          114.142
   50 (vir)    58         112.370          -5.484          -1.882         -14.643          119.647
   51 (vir)    58         118.510           3.508          -2.679         -15.839          135.178
   52 (vir)    58         123.738          -3.576          -2.071         -15.035          133.126
   53 (vir)    58         136.191          -0.538          -3.461         -15.619          147.811
   54 (vir)    58         138.631           0.525          -2.700         -15.749          152.206
   55 (vir)    58         145.345          -1.148          -1.777         -16.585          159.005
   56 (vir)    58         166.750          -6.523          -2.453         -18.279          176.053
   57 (vir)    58         200.342          -3.101          -0.304          -9.279          206.217
   58 (vir)    58         255.519          -1.394          -0.904         -17.385          270.607
 
 
  kpoint:      59             coordinate:     0.2721    0.3639    0.0000
 
    n           k   ϵ_nk^DFT (eV)     Σ^c_nk (eV)     Σ^x_nk (eV)    v_nk^xc (eV)   ϵ_nk^G0W0 (eV)
 
    1 (occ)    59         -17.827           7.818         -27.407         -17.757          -19.658
    2 (occ)    59         -11.843           4.596         -22.239         -15.694          -13.791
    3 (occ)    59         -10.573           4.307         -22.502         -16.145          -12.622
    4 (occ)    59          -3.882           1.997         -19.793         -16.426           -5.252
    5 (vir)    59           0.987          -3.872          -5.652         -10.931            2.393
    6 (vir)    59           8.861          -3.292          -2.385          -6.822           10.007
    7 (vir)    59           9.290          -4.466          -4.433         -10.246           10.637
    8 (vir)    59          10.482          -3.261          -2.458          -6.758           11.521
    9 (vir)    59          11.654          -3.477          -2.919          -7.735           12.993
   10 (vir)    59          12.829          -2.595          -0.846          -4.265           13.653
   11 (vir)    59          14.251          -5.744          -4.612         -12.005           15.900
   12 (vir)    59          14.377          -2.620          -0.890          -4.356           15.223
   13 (vir)    59          15.010          -3.811          -2.835          -7.728           16.092
   14 (vir)    59          16.021          -4.119          -3.288          -8.772           17.385
   15 (vir)    59          18.520          -2.857          -1.230          -5.147           19.580
   16 (vir)    59          19.779          -3.080          -1.707          -5.618           20.609
   17 (vir)    59          22.467          -4.603          -2.348          -7.888           23.404
   18 (vir)    59          23.612          -7.899          -4.779         -14.532           25.466
   19 (vir)    59          26.061          -3.368          -0.939          -6.587           28.341
   20 (vir)    59          27.675          -3.945          -1.923          -6.937           28.744
   21 (vir)    59          28.060          -5.505          -2.626         -10.100           30.029
   22 (vir)    59          36.980          -2.015          -2.026          -7.314           40.252
   23 (vir)    59          39.891          -3.409          -2.390         -10.326           44.418
   24 (vir)    59          39.943          -3.275          -2.994         -11.505           45.179
   25 (vir)    59          41.035          -3.568          -3.005         -10.657           45.118
   26 (vir)    59          41.282          -2.359          -2.262         -10.622           47.284
   27 (vir)    59          46.578          -2.745          -3.750         -13.534           53.617
   28 (vir)    59          47.259           1.838          -2.524         -12.018           58.590
   29 (vir)    59          49.840          -1.970          -3.208         -12.917           57.578
   30 (vir)    59          52.858          -0.057          -3.759         -13.938           62.980
   31 (vir)    59          57.439          -1.903          -0.875          -6.852           61.514
   32 (vir)    59          57.484          -2.351          -2.981         -13.056           65.209
   33 (vir)    59          60.511          -1.277          -2.728         -12.507           69.012
   34 (vir)    59          65.209          -3.203          -1.624         -10.382           70.763
   35 (vir)    59          67.107          -6.776          -2.977         -13.457           70.812
   36 (vir)    59          68.435         -10.758          -1.707          -9.987           65.956
   37 (vir)    59          70.644          -2.092          -2.107         -12.470           78.914
   38 (vir)    59          73.712           0.279          -2.181         -13.092           84.902
   39 (vir)    59          74.520          -2.953          -1.350          -9.721           79.938
   40 (vir)    59          75.197          -1.975          -2.309         -12.479           83.391
   41 (vir)    59          81.092          -5.620          -2.174         -12.638           85.935
   42 (vir)    59          87.742          -0.376          -2.447         -15.451          100.369
   43 (vir)    59          89.375          -1.027          -2.300         -14.184          100.232
   44 (vir)    59          97.942          -0.254          -2.573         -15.017          110.131
   45 (vir)    59          98.557          -5.965          -1.868         -14.133          104.857
   46 (vir)    59          99.002           0.560          -2.102         -12.823          110.284
   47 (vir)    59         103.302           0.453          -1.885         -12.827          114.696
   48 (vir)    59         106.866          -1.509          -1.598         -13.531          117.289
   49 (vir)    59         107.464          -6.565          -2.559         -16.025          114.365
   50 (vir)    59         112.488          -4.956          -1.930         -14.664          120.267
   51 (vir)    59         118.398           2.379          -2.662         -15.840          133.955
   52 (vir)    59         124.452          -6.311          -2.185         -15.014          130.970
   53 (vir)    59         135.961          -0.994          -3.143         -15.467          147.291
   54 (vir)    59         138.544          -0.198          -3.100         -15.778          151.023
   55 (vir)    59         145.278          -1.214          -1.778         -16.581          158.867
   56 (vir)    59         166.971          -5.414          -2.536         -18.255          177.276
   57 (vir)    59         200.761          -4.168          -0.314          -9.304          205.583
   58 (vir)    59         255.495          -1.329          -0.904         -17.381          270.644
 
 
  kpoint:      60             coordinate:     0.2653    0.3673    0.0000
 
    n           k   ϵ_nk^DFT (eV)     Σ^c_nk (eV)     Σ^x_nk (eV)    v_nk^xc (eV)   ϵ_nk^G0W0 (eV)
 
    1 (occ)    60         -17.841           7.822         -27.400         -17.748          -19.672
    2 (occ)    60         -11.875           4.615         -22.259         -15.687          -13.832
    3 (occ)    60         -10.502           4.277         -22.488         -16.172          -12.541
    4 (occ)    60          -3.905           2.002         -19.768         -16.394           -5.277
    5 (vir)    60           0.997          -3.868          -5.670         -10.944            2.403
    6 (vir)    60           8.898          -3.302          -2.379          -6.825           10.042
    7 (vir)    60           9.227          -4.453          -4.450         -10.253           10.576
    8 (vir)    60          10.403          -3.249          -2.442          -6.724           11.436
    9 (vir)    60          11.589          -3.527          -3.033          -7.921           12.950
   10 (vir)    60          12.749          -2.577          -0.827          -4.221           13.566
   11 (vir)    60          14.297          -5.653          -4.540         -11.810           15.915
   12 (vir)    60          14.412          -2.637          -0.935          -4.437           15.277
   13 (vir)    60          15.062          -3.864          -2.851          -7.812           16.159
   14 (vir)    60          16.128          -4.069          -3.170          -8.593           17.482
   15 (vir)    60          18.638          -2.879          -1.212          -5.140           19.687
   16 (vir)    60          19.683          -3.134          -1.747          -5.713           20.515
   17 (vir)    60          22.460          -4.710          -2.432          -8.122           23.440
   18 (vir)    60          23.641          -7.817          -4.748         -14.394           25.470
   19 (vir)    60          25.986          -3.411          -0.955          -6.602           28.221
   20 (vir)    60          27.842          -3.820          -1.824          -6.861           29.058
   21 (vir)    60          28.055          -5.498          -2.625         -10.078           30.011
   22 (vir)    60          36.885          -1.915          -2.080          -7.350           40.239
   23 (vir)    60          39.759          -3.321          -3.004         -11.482           44.916
   24 (vir)    60          39.821          -3.491          -2.545         -10.636           44.420
   25 (vir)    60          41.110          -3.596          -2.849         -10.397           45.062
   26 (vir)    60          41.327          -2.417          -2.237         -10.567           47.241
   27 (vir)    60          46.752          -2.770          -3.698         -13.473           53.756
   28 (vir)    60          47.193           2.393          -2.449         -11.930           59.067
   29 (vir)    60          49.929          -2.672          -3.265         -12.894           56.886
   30 (vir)    60          52.704           0.050          -3.765         -13.909           62.898
   31 (vir)    60          56.157          -1.730          -0.848          -6.659           60.238
   32 (vir)    60          57.745          -2.603          -2.931         -12.990           65.200
   33 (vir)    60          60.667           0.664          -2.734         -12.562           71.158
   34 (vir)    60          64.675          -3.088          -1.638         -10.357           70.305
   35 (vir)    60          66.962          -6.838          -2.895         -13.282           70.512
   36 (vir)    60          68.119          -4.761          -1.788         -10.127           71.698
   37 (vir)    60          70.449          -0.838          -2.127         -12.535           80.019
   38 (vir)    60          73.504          -0.643          -2.206         -13.104           83.759
   39 (vir)    60          74.323          -3.605          -1.038          -9.796           79.476
   40 (vir)    60          75.161          -2.046          -2.287         -12.490           83.317
   41 (vir)    60          81.618          -6.224          -2.423         -12.851           85.821
   42 (vir)    60          87.778          -0.279          -2.408         -15.229          100.319
   43 (vir)    60          89.162          -1.143          -2.335         -14.326          100.011
   44 (vir)    60          97.701          -1.724          -2.563         -14.955          108.368
   45 (vir)    60          98.392          -6.294          -1.884         -14.164          104.378
   46 (vir)    60          98.909           0.837          -2.085         -12.844          110.504
   47 (vir)    60         103.523           0.519          -1.895         -12.847          114.994
   48 (vir)    60         107.237          -1.441          -1.610         -13.653          117.839
   49 (vir)    60         107.709          -5.874          -2.562         -16.027          115.300
   50 (vir)    60         112.631          -5.047          -1.959         -14.688          120.313
   51 (vir)    60         118.297           0.292          -2.603         -15.835          131.821
   52 (vir)    60         125.206          -1.088          -2.283         -15.014          136.849
   53 (vir)    60         135.711          -1.503          -2.804         -15.289          146.693
   54 (vir)    60         138.488          -0.766          -3.393         -15.812          150.141
   55 (vir)    60         145.216          -1.303          -1.768         -16.577          158.723
   56 (vir)    60         167.208          -4.712          -2.591         -18.225          178.130
   57 (vir)    60         201.212          -2.623          -0.316          -9.331          207.604
   58 (vir)    60         255.472          -1.005          -0.903         -17.376          270.940
 
 
  kpoint:      61             coordinate:     0.2585    0.3707    0.0000
 
    n           k   ϵ_nk^DFT (eV)     Σ^c_nk (eV)     Σ^x_nk (eV)    v_nk^xc (eV)   ϵ_nk^G0W0 (eV)
 
    1 (occ)    61         -17.856           7.826         -27.394         -17.738          -19.686
    2 (occ)    61         -11.909           4.634         -22.278         -15.679          -13.874
    3 (occ)    61         -10.427           4.247         -22.477         -16.201          -12.456
    4 (occ)    61          -3.929           2.007         -19.743         -16.361           -5.304
    5 (vir)    61           1.007          -3.864          -5.686         -10.956            2.413
    6 (vir)    61           8.939          -3.314          -2.372          -6.827           10.079
    7 (vir)    61           9.158          -4.445          -4.481         -10.280           10.512
    8 (vir)    61          10.326          -3.240          -2.428          -6.696           11.353
    9 (vir)    61          11.513          -3.553          -3.107          -8.034           12.887
   10 (vir)    61          12.671          -2.560          -0.810          -4.180           13.481
   11 (vir)    61          14.345          -5.567          -4.489         -11.643           15.932
   12 (vir)    61          14.444          -2.653          -0.980          -4.517           15.328
   13 (vir)    61          15.126          -3.946          -2.886          -7.951           16.245
   14 (vir)    61          16.237          -3.994          -3.031          -8.363           17.575
   15 (vir)    61          18.767          -2.903          -1.195          -5.134           19.803
   16 (vir)    61          19.590          -3.196          -1.783          -5.815           20.426
   17 (vir)    61          22.448          -4.813          -2.512          -8.356           23.479
   18 (vir)    61          23.670          -7.734          -4.715         -14.258           25.479
   19 (vir)    61          25.909          -3.471          -0.970          -6.613           28.081
   20 (vir)    61          28.021          -3.750          -1.727          -6.792           29.336
   21 (vir)    61          28.045          -5.487          -2.629         -10.061           29.990
   22 (vir)    61          36.798          -1.536          -2.095          -7.387           40.554
   23 (vir)    61          39.571          -3.332          -3.010         -11.451           44.682
   24 (vir)    61          39.741          -4.114          -2.664         -10.878           43.840
   25 (vir)    61          41.172          -3.659          -2.706         -10.214           45.021
   26 (vir)    61          41.376          -2.507          -2.209         -10.506           47.166
   27 (vir)    61          46.924          -2.802          -3.637         -13.391           53.876
   28 (vir)    61          47.147           1.959          -2.378         -11.834           58.562
   29 (vir)    61          50.013          -3.246          -3.296         -12.869           56.339
   30 (vir)    61          52.557           0.100          -3.767         -13.880           62.770
   31 (vir)    61          54.879          -1.646          -0.843          -6.526           58.916
   32 (vir)    61          58.013          -2.636          -2.877         -12.919           65.418
   33 (vir)    61          60.818           1.151          -2.731         -12.600           71.838
   34 (vir)    61          64.154          -2.964          -1.649         -10.323           69.864
   35 (vir)    61          66.793          -7.294          -2.799         -13.021           69.721
   36 (vir)    61          67.830          -3.494          -1.846         -10.376           72.865
   37 (vir)    61          70.218           0.028          -2.139         -12.575           80.683
   38 (vir)    61          73.262          -1.172          -2.235         -13.121           82.977
   39 (vir)    61          74.139          -4.682          -0.729          -9.869           78.597
   40 (vir)    61          75.137          -2.107          -2.267         -12.504           83.266
   41 (vir)    61          82.130          -6.999          -2.631         -13.073           85.574
   42 (vir)    61          87.769          -0.176          -2.356         -14.902          100.139
   43 (vir)    61          89.041          -1.384          -2.380         -14.571           99.848
   44 (vir)    61          97.461          -2.902          -2.535         -14.886          106.910
   45 (vir)    61          98.228          -6.379          -1.901         -14.198          104.146
   46 (vir)    61          98.816           1.189          -1.988         -12.868          110.885
   47 (vir)    61         103.730           0.571          -1.852         -12.878          115.327
   48 (vir)    61         107.565          -1.376          -1.626         -13.771          118.335
   49 (vir)    61         107.966          -5.701          -2.569         -16.021          115.716
   50 (vir)    61         112.802          -5.742          -1.973         -14.715          119.801
   51 (vir)    61         118.207          -1.022          -2.521         -15.822          130.484
   52 (vir)    61         125.978           1.607          -2.346         -15.045          140.285
   53 (vir)    61         135.467          -2.016          -2.525         -15.087          146.014
   54 (vir)    61         138.461          -1.476          -3.489         -15.846          149.342
   55 (vir)    61         145.163          -1.091          -1.741         -16.573          158.905
   56 (vir)    61         167.456          -4.017          -2.622         -18.192          179.009
   57 (vir)    61         201.690           0.991          -0.313          -9.359          211.727
   58 (vir)    61         255.449          -0.322          -0.902         -17.371          271.596
 
 
  kpoint:      62             coordinate:     0.2517    0.3741    0.0000
 
    n           k   ϵ_nk^DFT (eV)     Σ^c_nk (eV)     Σ^x_nk (eV)    v_nk^xc (eV)   ϵ_nk^G0W0 (eV)
 
    1 (occ)    62         -17.871           7.830         -27.387         -17.728          -19.701
    2 (occ)    62         -11.942           4.652         -22.295         -15.670          -13.915
    3 (occ)    62         -10.350           4.216         -22.467         -16.231          -12.369
    4 (occ)    62          -3.955           2.013         -19.718         -16.327           -5.332
    5 (vir)    62           1.017          -3.859          -5.703         -10.967            2.422
    6 (vir)    62           8.982          -3.326          -2.365          -6.829           10.120
    7 (vir)    62           9.084          -4.442          -4.525         -10.328           10.446
    8 (vir)    62          10.250          -3.233          -2.416          -6.670           11.271
    9 (vir)    62          11.429          -3.558          -3.144          -8.080           12.808
   10 (vir)    62          12.595          -2.545          -0.794          -4.142           13.398
   11 (vir)    62          14.391          -5.483          -4.448         -11.489           15.949
   12 (vir)    62          14.473          -2.668          -1.025          -4.595           15.375
   13 (vir)    62          15.201          -4.058          -2.947          -8.156           16.352
   14 (vir)    62          16.346          -3.896          -2.870          -8.083           17.663
   15 (vir)    62          18.905          -2.931          -1.178          -5.132           19.929
   16 (vir)    62          19.501          -3.266          -1.815          -5.925           20.345
   17 (vir)    62          22.433          -4.913          -2.588          -8.586           23.518
   18 (vir)    62          23.698          -7.650          -4.677         -14.123           25.494
   19 (vir)    62          25.831          -3.536          -0.982          -6.619           27.932
   20 (vir)    62          28.031          -5.473          -2.636         -10.047           29.969
   21 (vir)    62          28.210          -3.744          -1.642          -6.731           29.555
   22 (vir)    62          36.721          -7.436          -2.053          -7.424           34.656
   23 (vir)    62          39.380          -3.320          -3.011         -11.414           44.463
   24 (vir)    62          39.653          -4.608          -2.750         -11.073           43.368
   25 (vir)    62          41.219          -3.759          -2.575         -10.087           44.971
   26 (vir)    62          41.429          -2.610          -2.178         -10.436           47.076
   27 (vir)    62          47.090          -2.840          -3.559         -13.272           53.963
   28 (vir)    62          47.121           0.277          -2.314         -11.731           56.816
   29 (vir)    62          50.092          -3.773          -3.290         -12.841           55.870
   30 (vir)    62          52.419           0.090          -3.767         -13.849           62.591
   31 (vir)    62          53.627          -1.656          -0.867          -6.465           57.570
   32 (vir)    62          58.287          -2.440          -2.819         -12.844           65.872
   33 (vir)    62          60.956           0.696          -2.718         -12.616           71.550
   34 (vir)    62          63.649          -2.839          -1.657         -10.285           69.437
   35 (vir)    62          66.594          -9.371          -2.688         -12.682           67.217
   36 (vir)    62          67.579          -3.504          -1.885         -10.732           72.921
   37 (vir)    62          69.953           0.238          -2.143         -12.593           80.641
   38 (vir)    62          72.993          -1.450          -2.265         -13.144           82.421
   39 (vir)    62          73.970          -4.605          -0.480          -9.944           78.830
   40 (vir)    62          75.125          -2.171          -2.249         -12.519           83.225
   41 (vir)    62          82.620          -7.700          -2.758         -13.301           85.462
   42 (vir)    62          87.696          -0.096          -2.304         -14.536           99.833
   43 (vir)    62          89.024          -1.730          -2.424         -14.857           99.727
   44 (vir)    62          97.223          -3.240          -2.485         -14.810          106.308
   45 (vir)    62          98.066          -6.060          -1.917         -14.233          104.321
   46 (vir)    62          98.727           1.554          -1.829         -12.897          111.349
   47 (vir)    62         103.915           0.710          -1.766         -12.922          115.780
   48 (vir)    62         107.856          -1.302          -1.644         -13.885          118.795
   49 (vir)    62         108.234          -6.299          -2.568         -16.005          115.373
   50 (vir)    62         113.000          -7.903          -1.978         -14.746          117.865
   51 (vir)    62         118.128          -1.919          -2.437         -15.798          129.570
   52 (vir)    62         126.740           1.159          -2.357         -15.116          140.658
   53 (vir)    62         135.260          -2.584          -2.326         -14.862          145.211
   54 (vir)    62         138.456          -2.415          -3.370         -15.878          148.548
   55 (vir)    62         145.122          -2.014          -1.694         -16.568          157.982
   56 (vir)    62         167.713          -3.279          -2.635         -18.154          179.953
   57 (vir)    62         202.190           1.304          -0.310          -9.388          212.571
   58 (vir)    62         255.429           0.856          -0.900         -17.365          272.751
 
 
  kpoint:      63             coordinate:     0.2449    0.3776    0.0000
 
    n           k   ϵ_nk^DFT (eV)     Σ^c_nk (eV)     Σ^x_nk (eV)    v_nk^xc (eV)   ϵ_nk^G0W0 (eV)
 
    1 (occ)    63         -17.888           7.835         -27.381         -17.717          -19.717
    2 (occ)    63         -11.976           4.669         -22.311         -15.662          -13.955
    3 (occ)    63         -10.269           4.185         -22.459         -16.263          -12.280
    4 (occ)    63          -3.981           2.020         -19.693         -16.293           -5.362
    5 (vir)    63           1.026          -3.854          -5.718         -10.977            2.431
    6 (vir)    63           9.005          -4.443          -4.581         -10.396           10.377
    7 (vir)    63           9.029          -3.339          -2.357          -6.830           10.163
    8 (vir)    63          10.176          -3.226          -2.403          -6.644           11.190
    9 (vir)    63          11.340          -3.544          -3.148          -8.068           12.716
   10 (vir)    63          12.521          -2.530          -0.779          -4.106           13.317
   11 (vir)    63          14.435          -5.399          -4.410         -11.340           15.965
   12 (vir)    63          14.500          -2.684          -1.069          -4.673           15.420
   13 (vir)    63          15.288          -4.199          -3.038          -8.427           16.478
   14 (vir)    63          16.456          -3.776          -2.690          -7.754           17.744
   15 (vir)    63          19.052          -2.960          -1.161          -5.133           20.064
   16 (vir)    63          19.417          -3.345          -1.846          -6.047           20.273
   17 (vir)    63          22.416          -5.014          -2.660          -8.812           23.554
   18 (vir)    63          23.726          -7.564          -4.634         -13.989           25.517
   19 (vir)    63          25.752          -3.596          -0.993          -6.621           27.785
   20 (vir)    63          28.012          -5.454          -2.647         -10.036           29.947
   21 (vir)    63          28.408          -3.777          -1.581          -6.680           29.730
   22 (vir)    63          36.654          -3.832          -1.945          -7.461           38.338
   23 (vir)    63          39.185          -3.301          -3.007         -11.369           44.247
   24 (vir)    63          39.560          -4.885          -2.809         -11.235           43.101
   25 (vir)    63          41.247          -3.891          -2.458         -10.000           44.897
   26 (vir)    63          41.483          -2.705          -2.144         -10.354           46.989
   27 (vir)    63          47.116          -1.591          -2.254         -11.624           54.895
   28 (vir)    63          47.242          -2.886          -3.446         -13.077           53.988
   29 (vir)    63          50.168          -4.266          -3.241         -12.810           55.471
   30 (vir)    63          52.292           0.025          -3.763         -13.816           62.369
   31 (vir)    63          52.423          -1.718          -0.935          -6.517           56.287
   32 (vir)    63          58.567          -1.942          -2.757         -12.764           66.632
   33 (vir)    63          61.076          -0.074          -2.692         -12.601           70.910
   34 (vir)    63          63.165          -2.725          -1.666         -10.246           69.019
   35 (vir)    63          66.368          -5.977          -2.562         -12.339           70.168
   36 (vir)    63          67.375          -3.359          -1.922         -11.127           73.220
   37 (vir)    63          69.652           0.106          -2.141         -12.592           80.211
   38 (vir)    63          72.701          -1.576          -2.294         -13.171           82.002
   39 (vir)    63          73.819          -3.582          -0.336         -10.021           79.922
   40 (vir)    63          75.123          -2.244          -2.234         -12.535           83.181
   41 (vir)    63          83.081          -7.981          -2.790         -13.530           85.839
   42 (vir)    63          87.567          -0.046          -2.266         -14.236           99.490
   43 (vir)    63          89.099          -2.018          -2.452         -15.079           99.709
   44 (vir)    63          96.989          -2.970          -2.417         -14.727          106.329
   45 (vir)    63          97.904          -5.437          -1.933         -14.269          104.803
   46 (vir)    63          98.643           1.946          -1.633         -12.931          111.889
   47 (vir)    63         104.074           0.986          -1.658         -12.980          116.381
   48 (vir)    63         108.114          -1.207          -1.664         -13.993          119.237
   49 (vir)    63         108.517          -7.035          -2.542         -15.978          114.917
   50 (vir)    63         113.227          -3.000          -1.981         -14.785          123.031
   51 (vir)    63         118.063          -2.842          -2.366         -15.761          128.616
   52 (vir)    63         127.449           0.637          -2.299         -15.229          141.016
   53 (vir)    63         135.130          -2.844          -2.190         -14.614          144.709
   54 (vir)    63         138.471          -3.660          -3.071         -15.904          147.644
   55 (vir)    63         145.097          -1.626          -1.631         -16.561          158.401
   56 (vir)    63         167.975          -2.698          -2.634         -18.112          180.756
   57 (vir)    63         202.705           1.508          -0.312          -9.417          213.318
   58 (vir)    63         255.413           2.503          -0.898         -17.358          274.375
 
 
  kpoint:      64             coordinate:     0.2381    0.3810    0.0000
 
    n           k   ϵ_nk^DFT (eV)     Σ^c_nk (eV)     Σ^x_nk (eV)    v_nk^xc (eV)   ϵ_nk^G0W0 (eV)
 
    1 (occ)    64         -17.905           7.840         -27.374         -17.706          -19.733
    2 (occ)    64         -12.009           4.686         -22.325         -15.653          -13.995
    3 (occ)    64         -10.187           4.155         -22.453         -16.297          -12.189
    4 (occ)    64          -4.008           2.027         -19.668         -16.258           -5.391
    5 (vir)    64           1.034          -3.848          -5.733         -10.986            2.439
    6 (vir)    64           8.921          -4.449          -4.650         -10.483           10.305
    7 (vir)    64           9.078          -3.352          -2.348          -6.831           10.209
    8 (vir)    64          10.104          -3.220          -2.389          -6.616           11.112
    9 (vir)    64          11.246          -3.515          -3.126          -8.009           12.614
   10 (vir)    64          12.448          -2.516          -0.765          -4.071           13.238
   11 (vir)    64          14.475          -5.317          -4.371         -11.193           15.979
   12 (vir)    64          14.526          -2.700          -1.112          -4.751           15.464
   13 (vir)    64          15.384          -4.363          -3.157          -8.756           16.620
   14 (vir)    64          16.564          -3.635          -2.492          -7.378           17.815
   15 (vir)    64          19.207          -2.991          -1.146          -5.138           20.208
   16 (vir)    64          19.340          -3.429          -1.877          -6.181           20.215
   17 (vir)    64          22.397          -5.117          -2.730          -9.033           23.583
   18 (vir)    64          23.754          -7.475          -4.585         -13.854           25.547
   19 (vir)    64          25.673          -3.643          -1.003          -6.621           27.648
   20 (vir)    64          27.988          -5.430          -2.661         -10.027           29.924
   21 (vir)    64          28.611          -3.768          -1.547          -6.640           29.936
   22 (vir)    64          36.597          -2.787          -1.781          -7.497           39.527
   23 (vir)    64          38.987          -3.288          -2.998         -11.316           44.018
   24 (vir)    64          39.464          -5.039          -2.851         -11.376           42.950
   25 (vir)    64          41.255          -4.037          -2.361          -9.941           44.798
   26 (vir)    64          41.537          -2.772          -2.105         -10.254           46.914
   27 (vir)    64          47.130          -2.681          -2.196         -11.514           53.766
   28 (vir)    64          47.365          -2.944          -3.259         -12.718           53.879
   29 (vir)    64          50.243          -4.696          -3.155         -12.776           55.167
   30 (vir)    64          51.297          -1.820          -1.087          -6.773           55.163
   31 (vir)    64          52.176          -0.073          -3.756         -13.778           62.125
   32 (vir)    64          58.850          -1.123          -2.691         -12.679           67.715
   33 (vir)    64          61.167          -0.825          -2.647         -12.547           70.242
   34 (vir)    64          62.703          -2.629          -1.675         -10.209           68.608
   35 (vir)    64          66.123          -4.175          -2.439         -12.098           71.607
   36 (vir)    64          67.216          -3.002          -1.968         -11.467           73.712
   37 (vir)    64          69.319          -0.110          -2.134         -12.575           79.649
   38 (vir)    64          72.395          -1.603          -2.322         -13.203           81.672
   39 (vir)    64          73.686          -2.312          -0.325         -10.100           81.149
   40 (vir)    64          75.129          -2.334          -2.222         -12.550           83.124
   41 (vir)    64          83.507          -7.305          -2.735         -13.757           87.223
   42 (vir)    64          87.402          -0.049          -2.242         -14.026           99.137
   43 (vir)    64          89.239          -2.192          -2.464         -15.215           99.799
   44 (vir)    64          96.758          -2.403          -2.336         -14.637          106.656
   45 (vir)    64          97.743          -4.886          -1.950         -14.306          105.213
   46 (vir)    64          98.568           2.660          -1.430         -12.972          112.770
   47 (vir)    64         104.205          -0.078          -1.554         -13.051          115.624
   48 (vir)    64         108.343          -1.082          -1.684         -14.097          119.674
   49 (vir)    64         108.815          -6.819          -2.480         -15.938          115.455
   50 (vir)    64         113.481           2.719          -1.990         -14.834          129.044
   51 (vir)    64         118.012          -4.041          -2.318         -15.708          127.361
   52 (vir)    64         128.055           0.050          -2.165         -15.374          141.315
   53 (vir)    64         135.120          -2.906          -2.080         -14.360          144.494
   54 (vir)    64         138.505           8.670          -2.661         -15.924          160.439
   55 (vir)    64         145.092           8.888          -1.557         -16.552          168.975
   56 (vir)    64         168.240          -2.739          -2.621         -18.068          180.948
   57 (vir)    64         203.228           2.228          -0.323          -9.447          214.580
   58 (vir)    64         255.400           4.166          -0.896         -17.350          276.020
 
 
  kpoint:      65             coordinate:     0.2313    0.3844    0.0000
 
    n           k   ϵ_nk^DFT (eV)     Σ^c_nk (eV)     Σ^x_nk (eV)    v_nk^xc (eV)   ϵ_nk^G0W0 (eV)
 
    1 (occ)    65         -17.922           7.845         -27.368         -17.696          -19.750
    2 (occ)    65         -12.042           4.702         -22.339         -15.645          -14.034
    3 (occ)    65         -10.103           4.124         -22.448         -16.331          -12.096
    4 (occ)    65          -4.036           2.034         -19.644         -16.224           -5.422
    5 (vir)    65           1.042          -3.843          -5.746         -10.993            2.447
    6 (vir)    65           8.832          -4.458          -4.730         -10.585           10.230
    7 (vir)    65           9.130          -3.365          -2.338          -6.831           10.257
    8 (vir)    65          10.034          -3.212          -2.373          -6.587           11.035
    9 (vir)    65          11.151          -3.474          -3.082          -7.911           12.505
   10 (vir)    65          12.378          -2.503          -0.751          -4.038           13.162
   11 (vir)    65          14.510          -5.239          -4.330         -11.051           15.992
   12 (vir)    65          14.552          -2.717          -1.155          -4.828           15.508
   13 (vir)    65          15.487          -4.544          -3.299          -9.128           16.772
   14 (vir)    65          16.669          -3.475          -2.280          -6.963           17.877
   15 (vir)    65          19.272          -3.518          -1.910          -6.328           20.173
   16 (vir)    65          19.370          -3.023          -1.132          -5.147           20.361
   17 (vir)    65          22.378          -5.224          -2.800          -9.251           23.605
   18 (vir)    65          23.782          -7.385          -4.532         -13.717           25.582
   19 (vir)    65          25.594          -3.675          -1.013          -6.618           27.525
   20 (vir)    65          27.959          -5.401          -2.677         -10.019           29.900
   21 (vir)    65          28.818          -3.602          -1.542          -6.611           30.285
   22 (vir)    65          36.551          -1.984          -1.583          -7.532           40.516
   23 (vir)    65          38.784          -3.290          -2.983         -11.256           43.766
   24 (vir)    65          39.367          -5.137          -2.886         -11.503           42.847
   25 (vir)    65          41.245          -4.172          -2.285          -9.900           44.686
   26 (vir)    65          41.586          -2.801          -2.059         -10.126           46.852
   27 (vir)    65          47.163          -3.420          -2.139         -11.404           53.008
   28 (vir)    65          47.422          -3.008          -2.907         -11.966           53.473
   29 (vir)    65          50.297          -2.015          -1.419          -7.472           54.334
   30 (vir)    65          50.317          -5.008          -3.045         -12.738           55.002
   31 (vir)    65          52.072          -0.178          -3.743         -13.736           61.887
   32 (vir)    65          59.135          -0.333          -2.624         -12.588           68.765
   33 (vir)    65          61.222          -1.378          -2.579         -12.450           69.715
   34 (vir)    65          62.267          -2.553          -1.687         -10.177           68.204
   35 (vir)    65          65.875          -3.662          -2.345         -12.010           71.878
   36 (vir)    65          67.098          -2.586          -2.026         -11.707           74.193
   37 (vir)    65          68.952          -0.309          -2.125         -12.542           79.061
   38 (vir)    65          72.079          -1.560          -2.349         -13.238           81.408
   39 (vir)    65          73.573          -1.454          -0.448         -10.180           81.851
   40 (vir)    65          75.140          -2.448          -2.212         -12.564           83.044
   41 (vir)    65          83.892          -5.369          -2.622         -13.979           89.881
   42 (vir)    65          87.221          -0.163          -2.228         -13.881           98.711
   43 (vir)    65          89.421          -2.300          -2.467         -15.292           99.945
   44 (vir)    65          96.531          -1.829          -2.253         -14.541          106.989
   45 (vir)    65          97.581          -4.606          -1.966         -14.342          105.351
   46 (vir)    65          98.503           4.161          -1.249         -13.018          114.433
   47 (vir)    65         104.309          -3.043          -1.480         -13.132          112.918
   48 (vir)    65         108.549          -0.928          -1.704         -14.195          120.110
   49 (vir)    65         109.130          -3.189          -2.379         -15.889          119.450
   50 (vir)    65         113.763           0.713          -2.014         -14.898          127.360
   51 (vir)    65         117.977          -5.343          -2.294         -15.633          125.973
   52 (vir)    65         128.507          -0.567          -1.963         -15.523          141.500
   53 (vir)    65         135.269          -2.774          -1.952         -14.137          144.680
   54 (vir)    65         138.562           5.268          -2.221         -15.934          157.543
   55 (vir)    65         145.114           8.510          -1.485         -16.539          168.678
   56 (vir)    65         168.506          -3.360          -2.588         -18.020          180.577
   57 (vir)    65         203.752           3.621          -0.344          -9.477          216.506
   58 (vir)    65         255.393           5.375          -0.894         -17.342          277.216
 
 
  kpoint:      66             coordinate:     0.2245    0.3878    0.0000
 
    n           k   ϵ_nk^DFT (eV)     Σ^c_nk (eV)     Σ^x_nk (eV)    v_nk^xc (eV)   ϵ_nk^G0W0 (eV)
 
    1 (occ)    66         -17.940           7.850         -27.362         -17.685          -19.767
    2 (occ)    66         -12.074           4.718         -22.351         -15.636          -14.071
    3 (occ)    66         -10.017           4.093         -22.445         -16.367          -12.002
    4 (occ)    66          -4.064           2.041         -19.620         -16.190           -5.453
    5 (vir)    66           1.050          -3.836          -5.759         -10.999            2.453
    6 (vir)    66           8.737          -4.470          -4.819         -10.702           10.151
    7 (vir)    66           9.184          -3.379          -2.328          -6.829           10.306
    8 (vir)    66           9.967          -3.204          -2.355          -6.554           10.961
    9 (vir)    66          11.054          -3.425          -3.020          -7.783           12.392
   10 (vir)    66          12.309          -2.491          -0.738          -4.007           13.087
   11 (vir)    66          14.542          -5.168          -4.288         -10.917           16.003
   12 (vir)    66          14.578          -2.734          -1.197          -4.905           15.552
   13 (vir)    66          15.596          -4.732          -3.459          -9.529           16.933
   14 (vir)    66          16.772          -3.301          -2.060          -6.518           17.929
   15 (vir)    66          19.216          -3.606          -1.947          -6.487           20.150
   16 (vir)    66          19.538          -3.056          -1.120          -5.161           20.523
   17 (vir)    66          22.358          -5.334          -2.870          -9.464           23.618
   18 (vir)    66          23.811          -7.294          -4.474         -13.578           25.621
   19 (vir)    66          25.516          -3.692          -1.023          -6.614           27.415
   20 (vir)    66          27.926          -5.367          -2.696         -10.011           29.874
   21 (vir)    66          29.026          -3.312          -1.560          -6.594           30.749
   22 (vir)    66          36.515          -1.642          -1.387          -7.565           41.051
   23 (vir)    66          38.575          -3.311          -2.963         -11.187           43.488
   24 (vir)    66          39.271          -5.228          -2.923         -11.622           42.742
   25 (vir)    66          41.215          -4.288          -2.234          -9.869           44.562
   26 (vir)    66          41.624          -2.787          -2.002          -9.951           46.787
   27 (vir)    66          47.213          -3.989          -2.082         -11.298           52.439
   28 (vir)    66          47.329          -3.026          -2.232         -10.399           52.470
   29 (vir)    66          49.522          -2.428          -2.091          -9.051           54.054
   30 (vir)    66          50.392          -5.147          -2.930         -12.695           55.010
   31 (vir)    66          51.983          -0.261          -3.724         -13.687           61.684
   32 (vir)    66          59.420          -0.135          -2.557         -12.488           69.217
   33 (vir)    66          61.234          -1.711          -2.488         -12.308           69.343
   34 (vir)    66          61.858          -2.493          -1.700         -10.150           67.815
   35 (vir)    66          65.638          -3.187          -2.301         -12.069           72.220
   36 (vir)    66          67.016          -2.131          -2.091         -11.856           74.649
   37 (vir)    66          68.555          -0.468          -2.112         -12.498           78.472
   38 (vir)    66          71.760          -1.463          -2.375         -13.275           81.196
   39 (vir)    66          73.480          -0.735          -0.680         -10.263           82.327
   40 (vir)    66          75.153          -2.587          -2.204         -12.576           82.938
   41 (vir)    66          84.232          -3.325          -2.488         -14.192           92.612
   42 (vir)    66          87.032          -0.483          -2.218         -13.776           98.107
   43 (vir)    66          89.629          -2.392          -2.465         -15.335          100.106
   44 (vir)    66          96.304          -1.403          -2.179         -14.440          107.162
   45 (vir)    66          97.418          -4.530          -1.981         -14.377          105.284
   46 (vir)    66          98.450           6.175          -1.114         -13.071          116.582
   47 (vir)    66         104.387          -3.219          -1.459         -13.221          112.930
   48 (vir)    66         108.733          -0.755          -1.726         -14.288          120.540
   49 (vir)    66         109.463          -0.092          -2.253         -15.833          122.950
   50 (vir)    66         114.068          -0.036          -2.059         -14.983          126.957
   51 (vir)    66         117.962          -5.506          -2.291         -15.530          125.695
   52 (vir)    66         128.775          -0.943          -1.722         -15.633          141.743
   53 (vir)    66         135.588          -1.897          -1.765         -13.995          145.920
   54 (vir)    66         138.649           1.213          -1.832         -15.927          153.957
   55 (vir)    66         145.169           6.326          -1.428         -16.520          166.587
   56 (vir)    66         168.769          -0.998          -2.529         -17.971          183.212
   57 (vir)    66         204.269           0.504          -0.375          -9.506          213.905
   58 (vir)    66         255.391           6.232          -0.892         -17.333          278.064
 
 
  kpoint:      67             coordinate:     0.2177    0.3912    0.0000
 
    n           k   ϵ_nk^DFT (eV)     Σ^c_nk (eV)     Σ^x_nk (eV)    v_nk^xc (eV)   ϵ_nk^G0W0 (eV)
 
    1 (occ)    67         -17.958           7.855         -27.355         -17.674          -19.784
    2 (occ)    67         -12.106           4.733         -22.363         -15.628          -14.108
    3 (occ)    67          -9.929           4.062         -22.443         -16.403          -11.907
    4 (occ)    67          -4.093           2.049         -19.597         -16.156           -5.485
    5 (vir)    67           1.056          -3.830          -5.770         -11.002            2.459
    6 (vir)    67           8.638          -4.483          -4.916         -10.828           10.068
    7 (vir)    67           9.239          -3.392          -2.316          -6.826           10.357
    8 (vir)    67           9.902          -3.195          -2.335          -6.518           10.890
    9 (vir)    67          10.958          -3.368          -2.946          -7.634           12.278
   10 (vir)    67          12.243          -2.479          -0.725          -3.976           13.015
   11 (vir)    67          14.572          -5.104          -4.247         -10.793           16.014
   12 (vir)    67          14.607          -2.753          -1.238          -4.983           15.598
   13 (vir)    67          15.707          -4.923          -3.629          -9.940           17.095
   14 (vir)    67          16.869          -3.119          -1.838          -6.060           17.971
   15 (vir)    67          19.173          -3.690          -1.988          -6.652           20.148
   16 (vir)    67          19.712          -3.088          -1.110          -5.180           20.694
   17 (vir)    67          22.339          -5.446          -2.943          -9.672           23.623
   18 (vir)    67          23.841          -7.203          -4.413         -13.435           25.660
   19 (vir)    67          25.437          -3.698          -1.032          -6.608           27.315
   20 (vir)    67          27.889          -5.328          -2.716         -10.002           29.847
   21 (vir)    67          29.235          -3.052          -1.591          -6.589           31.180
   22 (vir)    67          36.488          -2.526          -1.232          -7.596           40.325
   23 (vir)    67          38.360          -3.349          -2.937         -11.108           43.181
   24 (vir)    67          39.180          -5.342          -2.971         -11.739           42.605
   25 (vir)    67          41.168          -4.384          -2.206          -9.844           44.421
   26 (vir)    67          41.640          -2.733          -1.925          -9.703           46.685
   27 (vir)    67          46.978          -2.999          -1.405          -8.332           50.907
   28 (vir)    67          47.279          -4.400          -2.026         -11.198           52.050
   29 (vir)    67          49.098          -2.843          -2.939         -11.223           54.539
   30 (vir)    67          50.469          -5.087          -2.830         -12.645           55.198
   31 (vir)    67          51.908          -0.304          -3.699         -13.631           61.536
   32 (vir)    67          59.704          -0.537          -2.491         -12.374           69.051
   33 (vir)    67          61.198          -1.877          -2.387         -12.133           69.067
   34 (vir)    67          61.478          -2.441          -1.716         -10.129           67.450
   35 (vir)    67          65.423          -2.442          -2.316         -12.242           72.907
   36 (vir)    67          66.967          -1.678          -2.157         -11.941           75.073
   37 (vir)    67          68.127          -0.589          -2.098         -12.445           77.885
   38 (vir)    67          71.440          -1.329          -2.399         -13.312           81.024
   39 (vir)    67          73.407           0.361          -0.978         -10.348           83.138
   40 (vir)    67          75.166          -2.751          -2.198         -12.586           82.804
   41 (vir)    67          84.521          -2.464          -2.366         -14.395           94.086
   42 (vir)    67          86.840          -1.055          -2.211         -13.694           97.268
   43 (vir)    67          89.854          -2.492          -2.461         -15.360          100.262
   44 (vir)    67          96.077          -1.112          -2.119         -14.336          107.182
   45 (vir)    67          97.254          -4.506          -1.996         -14.409          105.161
   46 (vir)    67          98.410           7.743          -1.037         -13.130          118.246
   47 (vir)    67         104.444          -3.252          -1.498         -13.315          113.009
   48 (vir)    67         108.898          -0.577          -1.747         -14.376          120.950
   49 (vir)    67         109.815          -0.049          -2.132         -15.773          123.407
   50 (vir)    67         114.393           0.225          -2.125         -15.097          127.590
   51 (vir)    67         117.971          -4.351          -2.299         -15.390          126.711
   52 (vir)    67         128.868          -0.946          -1.482         -15.684          142.123
   53 (vir)    67         136.042          -0.363          -1.501         -13.973          148.152
   54 (vir)    67         138.783          -0.116          -1.555         -15.888          153.000
   55 (vir)    67         145.265           2.776          -1.396         -16.493          163.137
   56 (vir)    67         169.028          -0.684          -2.434         -17.920          183.830
   57 (vir)    67         204.772          -2.595          -0.409          -9.535          211.302
   58 (vir)    67         255.396           6.967          -0.890         -17.324          278.796
 
 
  kpoint:      68             coordinate:     0.2109    0.3946    0.0000
 
    n           k   ϵ_nk^DFT (eV)     Σ^c_nk (eV)     Σ^x_nk (eV)    v_nk^xc (eV)   ϵ_nk^G0W0 (eV)
 
    1 (occ)    68         -17.976           7.861         -27.349         -17.663          -19.801
    2 (occ)    68         -12.137           4.748         -22.374         -15.619          -14.144
    3 (occ)    68          -9.841           4.031         -22.442         -16.440          -11.811
    4 (occ)    68          -4.121           2.057         -19.575         -16.123           -5.516
    5 (vir)    68           1.062          -3.823          -5.780         -11.005            2.464
    6 (vir)    68           8.535          -4.497          -5.018         -10.961            9.981
    7 (vir)    68           9.296          -3.405          -2.303          -6.821           10.409
    8 (vir)    68           9.840          -3.185          -2.313          -6.479           10.820
    9 (vir)    68          10.864          -3.308          -2.863          -7.470           12.164
   10 (vir)    68          12.179          -2.467          -0.713          -3.946           12.944
   11 (vir)    68          14.599          -5.047          -4.208         -10.681           16.024
   12 (vir)    68          14.637          -2.774          -1.279          -5.061           15.646
   13 (vir)    68          15.818          -5.108          -3.799         -10.346           17.257
   14 (vir)    68          16.958          -2.938          -1.625          -5.611           18.007
   15 (vir)    68          19.147          -3.764          -2.030          -6.815           20.167
   16 (vir)    68          19.891          -3.120          -1.101          -5.204           20.875
   17 (vir)    68          22.320          -5.558          -3.018          -9.876           23.621
   18 (vir)    68          23.874          -7.113          -4.351         -13.289           25.699
   19 (vir)    68          25.360          -3.697          -1.043          -6.602           27.222
   20 (vir)    68          27.848          -5.285          -2.738          -9.991           29.816
   21 (vir)    68          29.442          -2.894          -1.626          -6.597           31.518
   22 (vir)    68          36.468          -4.478          -1.149          -7.623           38.464
   23 (vir)    68          38.136          -3.398          -2.905         -11.018           42.850
   24 (vir)    68          39.095          -5.485          -3.035         -11.857           42.432
   25 (vir)    68          41.105          -4.414          -2.197          -9.818           44.312
   26 (vir)    68          41.618          -2.651          -1.818          -9.339           46.489
   27 (vir)    68          46.422          -3.022          -0.984          -7.214           49.631
   28 (vir)    68          47.358          -4.612          -1.975         -11.107           51.878
   29 (vir)    68          48.992          -2.865          -3.417         -12.582           55.291
   30 (vir)    68          50.549          -4.850          -2.765         -12.586           55.520
   31 (vir)    68          51.848          -0.298          -3.666         -13.566           61.451
   32 (vir)    68          59.985          -1.109          -2.424         -12.234           68.687
   33 (vir)    68          61.115          -2.003          -2.299         -11.954           68.767
   34 (vir)    68          61.128          -2.390          -1.735         -10.115           67.117
   35 (vir)    68          65.234          -1.248          -2.384         -12.486           74.088
   36 (vir)    68          66.952          -1.286          -2.215         -11.990           75.440
   37 (vir)    68          67.671          -0.680          -2.082         -12.384           77.292
   38 (vir)    68          71.121          -1.174          -2.422         -13.349           80.874
   39 (vir)    68          73.353           3.792          -1.282         -10.436           86.299
   40 (vir)    68          75.176          -2.932          -2.192         -12.595           82.646
   41 (vir)    68          84.758          -2.474          -2.279         -14.585           94.590
   42 (vir)    68          86.647          -1.743          -2.206         -13.629           96.326
   43 (vir)    68          90.091          -2.606          -2.456         -15.378          100.407
   44 (vir)    68          95.845          -0.842          -2.078         -14.233          107.158
   45 (vir)    68          97.087          -4.399          -2.009         -14.439          105.118
   46 (vir)    68          98.382          -1.723          -1.019         -13.193          108.833
   47 (vir)    68         104.484          -2.861          -1.591         -13.412          113.444
   48 (vir)    68         109.047          -0.410          -1.770         -14.460          121.326
   49 (vir)    68         110.189          -0.586          -2.047         -15.713          123.269
   50 (vir)    68         114.731         -11.571          -2.206         -15.249          116.204
   51 (vir)    68         118.010          -3.286          -2.306         -15.203          127.621
   52 (vir)    68         128.821          -0.754          -1.276         -15.683          142.474
   53 (vir)    68         136.556           0.145          -1.192         -14.092          149.601
   54 (vir)    68         138.988          -0.767          -1.411         -15.794          152.604
   55 (vir)    68         145.415           0.719          -1.396         -16.453          161.190
   56 (vir)    68         169.282          -0.747          -2.300         -17.869          184.104
   57 (vir)    68         205.251          -2.787          -0.440          -9.561          211.585
   58 (vir)    68         255.407           7.524          -0.888         -17.313          279.356
 
 
  kpoint:      69             coordinate:     0.2041    0.3980    0.0000
 
    n           k   ϵ_nk^DFT (eV)     Σ^c_nk (eV)     Σ^x_nk (eV)    v_nk^xc (eV)   ϵ_nk^G0W0 (eV)
 
    1 (occ)    69         -17.994           7.866         -27.343         -17.652          -19.819
    2 (occ)    69         -12.167           4.762         -22.384         -15.611          -14.179
    3 (occ)    69          -9.752           4.000         -22.442         -16.478          -11.715
    4 (occ)    69          -4.150           2.065         -19.554         -16.090           -5.548
    5 (vir)    69           1.067          -3.816          -5.789         -11.006            2.468
    6 (vir)    69           8.428          -4.511          -5.124         -11.097            9.890
    7 (vir)    69           9.353          -3.417          -2.290          -6.814           10.461
    8 (vir)    69           9.781          -3.175          -2.290          -6.437           10.754
    9 (vir)    69          10.772          -3.246          -2.774          -7.298           12.050
   10 (vir)    69          12.116          -2.457          -0.701          -3.917           12.876
   11 (vir)    69          14.624          -4.997          -4.171         -10.578           16.034
   12 (vir)    69          14.671          -2.797          -1.319          -5.140           15.696
   13 (vir)    69          15.927          -5.280          -3.960         -10.727           17.413
   14 (vir)    69          17.039          -2.770          -1.435          -5.205           18.039
   15 (vir)    69          19.141          -3.825          -2.068          -6.960           20.207
   16 (vir)    69          20.074          -3.150          -1.094          -5.235           21.064
   17 (vir)    69          22.302          -5.666          -3.095         -10.073           23.613
   18 (vir)    69          23.909          -7.024          -4.289         -13.141           25.737
   19 (vir)    69          25.283          -3.695          -1.055          -6.596           27.130
   20 (vir)    69          27.804          -5.239          -2.759          -9.977           29.783
   21 (vir)    69          29.645          -2.851          -1.655          -6.619           31.758
   22 (vir)    69          36.454          -4.745          -1.154          -7.648           38.202
   23 (vir)    69          37.900          -3.448          -2.865         -10.913           42.500
   24 (vir)    69          39.022          -5.610          -3.119         -11.978           42.271
   25 (vir)    69          41.030          -4.325          -2.202          -9.787           44.290
   26 (vir)    69          41.536          -2.567          -1.668          -8.819           46.120
   27 (vir)    69          45.844          -3.039          -0.927          -7.083           48.961
   28 (vir)    69          47.451          -4.581          -1.935         -11.029           51.964
   29 (vir)    69          49.047          -2.819          -3.581         -13.133           55.781
   30 (vir)    69          50.630          -4.482          -2.742         -12.513           55.919
   31 (vir)    69          51.805          -0.247          -3.625         -13.494           61.427
   32 (vir)    69          60.256          -1.500          -2.338         -12.024           68.441
   33 (vir)    69          60.808          -2.336          -1.757         -10.108           66.823
   34 (vir)    69          60.994          -2.375          -2.259         -11.838           68.199
   35 (vir)    69          65.072          -0.036          -2.488         -12.757           75.306
   36 (vir)    69          66.968          -1.084          -2.258         -12.022           75.649
   37 (vir)    69          67.191          -0.754          -2.066         -12.317           76.688
   38 (vir)    69          70.807          -1.027          -2.442         -13.383           80.721
   39 (vir)    69          73.320          -2.273          -1.538         -10.526           80.035
   40 (vir)    69          75.182          -3.121          -2.187         -12.601           82.475
   41 (vir)    69          84.942          -2.760          -2.234         -14.758           94.705
   42 (vir)    69          86.452          -2.283          -2.202         -13.574           95.542
   43 (vir)    69          90.336          -2.733          -2.451         -15.392          100.544
   44 (vir)    69          95.607          -0.354          -2.053         -14.133          107.333
   45 (vir)    69          96.919          -4.143          -2.021         -14.464          105.220
   46 (vir)    69          98.363         -10.251          -1.047         -13.259          100.324
   47 (vir)    69         104.513          -1.824          -1.715         -13.510          114.484
   48 (vir)    69         109.179          -0.268          -1.793         -14.539          121.658
   49 (vir)    69         110.584          -1.058          -2.021         -15.656          123.161
   50 (vir)    69         115.073           5.874          -2.287         -15.449          134.109
   51 (vir)    69         118.089          -2.616          -2.301         -14.959          128.131
   52 (vir)    69         128.681          -0.535          -1.126         -15.653          142.673
   53 (vir)    69         137.042           0.237          -0.931         -14.340          150.688
   54 (vir)    69         139.290          -0.678          -1.353         -15.634          152.892
   55 (vir)    69         145.632          -0.237          -1.422         -16.396          160.368
   56 (vir)    69         169.533          -0.841          -2.129         -17.818          184.381
   57 (vir)    69         205.700          -2.820          -0.459          -9.585          212.007
   58 (vir)    69         255.424           6.586          -0.886         -17.302          278.426
 
 
  kpoint:      70             coordinate:     0.1973    0.4014    0.0000
 
    n           k   ϵ_nk^DFT (eV)     Σ^c_nk (eV)     Σ^x_nk (eV)    v_nk^xc (eV)   ϵ_nk^G0W0 (eV)
 
    1 (occ)    70         -18.012           7.871         -27.336         -17.641          -19.836
    2 (occ)    70         -12.197           4.775         -22.394         -15.603          -14.213
    3 (occ)    70          -9.662           3.969         -22.442         -16.517          -11.618
    4 (occ)    70          -4.179           2.074         -19.533         -16.058           -5.580
    5 (vir)    70           1.071          -3.808          -5.797         -11.006            2.471
    6 (vir)    70           8.317          -4.525          -5.231         -11.233            9.795
    7 (vir)    70           9.411          -3.428          -2.275          -6.805           10.514
    8 (vir)    70           9.725          -3.163          -2.265          -6.394           10.690
    9 (vir)    70          10.682          -3.183          -2.682          -7.122           11.939
   10 (vir)    70          12.056          -2.446          -0.689          -3.889           12.810
   11 (vir)    70          14.648          -4.954          -4.137         -10.485           16.042
   12 (vir)    70          14.709          -2.821          -1.358          -5.220           15.750
   13 (vir)    70          16.031          -5.429          -4.104         -11.061           17.559
   14 (vir)    70          17.110          -2.630          -1.286          -4.879           18.073
   15 (vir)    70          19.156          -3.870          -2.094          -7.071           20.264
   16 (vir)    70          20.260          -3.182          -1.090          -5.272           21.260
   17 (vir)    70          22.284          -5.769          -3.174         -10.262           23.603
   18 (vir)    70          23.947          -6.935          -4.230         -12.992           25.774
   19 (vir)    70          25.208          -3.697          -1.068          -6.590           27.033
   20 (vir)    70          27.758          -5.189          -2.781          -9.959           29.747
   21 (vir)    70          29.842          -2.923          -1.671          -6.657           31.905
   22 (vir)    70          36.441          -3.952          -1.241          -7.672           38.919
   23 (vir)    70          37.651          -3.492          -2.817         -10.789           42.130
   24 (vir)    70          38.962          -5.633          -3.222         -12.105           42.212
   25 (vir)    70          40.944          -4.105          -2.215          -9.748           44.372
   26 (vir)    70          41.370          -2.513          -1.473          -8.139           45.522
   27 (vir)    70          45.364          -3.124          -1.041          -7.471           48.670
   28 (vir)    70          47.555          -4.309          -1.913         -10.968           52.301
   29 (vir)    70          49.172          -2.817          -3.625         -13.352           56.081
   30 (vir)    70          50.713          -3.976          -2.762         -12.420           56.395
   31 (vir)    70          51.780          -0.161          -3.575         -13.415           61.459
   32 (vir)    70          60.488          -1.396          -2.151         -11.517           68.457
   33 (vir)    70          60.519          -2.278          -1.782         -10.109           66.568
   34 (vir)    70          60.872          -3.196          -2.362         -12.035           67.349
   35 (vir)    70          64.933           0.476          -2.607         -13.021           75.823
   36 (vir)    70          66.687          -0.818          -2.047         -12.245           76.067
   37 (vir)    70          67.016          -1.340          -2.282         -12.053           75.447
   38 (vir)    70          70.499          -0.916          -2.461         -13.414           80.536
   39 (vir)    70          73.306          -9.443          -1.699         -10.619           72.784
   40 (vir)    70          75.181          -3.302          -2.183         -12.606           82.302
   41 (vir)    70          85.072          -2.971          -2.229         -14.915           94.787
   42 (vir)    70          86.255          -2.563          -2.199         -13.529           95.021
   43 (vir)    70          90.584          -2.862          -2.445         -15.407          100.684
   44 (vir)    70          95.358           1.170          -2.036         -14.038          108.531
   45 (vir)    70          96.748          -3.772          -2.031         -14.485          105.430
   46 (vir)    70          98.348          -5.374          -1.106         -13.324          105.192
   47 (vir)    70         104.539          -1.064          -1.834         -13.609          115.250
   48 (vir)    70         109.298          -0.154          -1.816         -14.614          121.943
   49 (vir)    70         111.003          -1.423          -2.054         -15.606          123.132
   50 (vir)    70         115.407           0.774          -2.347         -15.701          129.536
   51 (vir)    70         118.218          -2.096          -2.275         -14.655          128.502
   52 (vir)    70         128.489          -0.380          -1.048         -15.613          142.674
   53 (vir)    70         137.442           0.230          -0.824         -14.648          151.496
   54 (vir)    70         139.693           0.416          -1.306         -15.461          154.264
   55 (vir)    70         145.934          -0.710          -1.461         -16.319          160.082
   56 (vir)    70         169.780          -0.854          -1.925         -17.768          184.769
   57 (vir)    70         206.113          -3.347          -0.459          -9.606          211.913
   58 (vir)    70         255.446          -3.889          -0.884         -17.291          267.965
 
 
  kpoint:      71             coordinate:     0.1905    0.4048    0.0000
 
    n           k   ϵ_nk^DFT (eV)     Σ^c_nk (eV)     Σ^x_nk (eV)    v_nk^xc (eV)   ϵ_nk^G0W0 (eV)
 
    1 (occ)    71         -18.031           7.877         -27.330         -17.631          -19.853
    2 (occ)    71         -12.226           4.789         -22.403         -15.595          -14.245
    3 (occ)    71          -9.572           3.939         -22.444         -16.556          -11.521
    4 (occ)    71          -4.207           2.082         -19.514         -16.027           -5.611
    5 (vir)    71           1.075          -3.801          -5.804         -11.004            2.474
    6 (vir)    71           8.204          -4.537          -5.336         -11.366            9.697
    7 (vir)    71           9.470          -3.438          -2.259          -6.794           10.566
    8 (vir)    71           9.671          -3.152          -2.240          -6.349           10.629
    9 (vir)    71          10.595          -3.122          -2.590          -6.947           11.831
   10 (vir)    71          11.998          -2.436          -0.678          -3.862           12.746
   11 (vir)    71          14.672          -4.915          -4.106         -10.400           16.050
   12 (vir)    71          14.751          -2.848          -1.396          -5.301           15.808
   13 (vir)    71          16.130          -5.544          -4.218         -11.325           17.693
   14 (vir)    71          17.168          -2.538          -1.195          -4.676           18.111
   15 (vir)    71          19.195          -3.894          -2.098          -7.131           20.335
   16 (vir)    71          20.448          -3.216          -1.088          -5.316           21.461
   17 (vir)    71          22.267          -5.863          -3.252         -10.441           23.593
   18 (vir)    71          23.989          -6.848          -4.176         -12.842           25.808
   19 (vir)    71          25.133          -3.709          -1.083          -6.587           26.928
   20 (vir)    71          27.710          -5.136          -2.801          -9.935           29.709
   21 (vir)    71          30.033          -3.086          -1.673          -6.710           31.984
   22 (vir)    71          36.427          -3.340          -1.384          -7.695           39.398
   23 (vir)    71          37.384          -3.525          -2.759         -10.639           41.739
   24 (vir)    71          38.919          -5.515          -3.344         -12.238           42.298
   25 (vir)    71          40.853          -3.778          -2.231          -9.696           44.541
   26 (vir)    71          41.106          -2.501          -1.258          -7.389           44.736
   27 (vir)    71          45.034          -3.294          -1.226          -8.091           48.605
   28 (vir)    71          47.671          -3.895          -1.915         -10.929           52.791
   29 (vir)    71          49.328          -2.835          -3.629         -13.444           56.307
   30 (vir)    71          50.797          -3.318          -2.812         -12.299           56.967
   31 (vir)    71          51.773          -0.047          -3.519         -13.333           61.540
   32 (vir)    71          60.261          -2.225          -1.809         -10.116           66.342
   33 (vir)    71          60.508          -0.045          -1.960         -10.849           69.352
   34 (vir)    71          60.928          -3.221          -2.505         -12.425           67.627
   35 (vir)    71          64.814           0.445          -2.725         -13.253           75.787
   36 (vir)    71          66.165          -0.880          -2.028         -12.170           75.427
   37 (vir)    71          67.093          -2.262          -2.291         -12.087           74.628
   38 (vir)    71          70.196          -0.865          -2.478         -13.442           80.294
   39 (vir)    71          73.313          -2.408          -1.742         -10.716           79.880
   40 (vir)    71          75.170          -3.462          -2.178         -12.609           82.138
   41 (vir)    71          85.152          -2.983          -2.254         -15.053           94.968
   42 (vir)    71          86.054          -2.649          -2.196         -13.490           94.698
   43 (vir)    71          90.834          -2.979          -2.441         -15.425          100.839
   44 (vir)    71          95.099          -2.643          -2.018         -13.950          104.388
   45 (vir)    71          96.576          -3.387          -2.039         -14.498          105.649
   46 (vir)    71          98.329          -2.757          -1.179         -13.387          107.780
   47 (vir)    71         104.567          -0.720          -1.910         -13.708          115.645
   48 (vir)    71         109.404          -0.071          -1.839         -14.687          122.180
   49 (vir)    71         111.444          -1.733          -2.117         -15.565          123.160
   50 (vir)    71         115.719          -1.282          -2.364         -15.991          128.064
   51 (vir)    71         118.410          -1.548          -2.215         -14.305          128.952
   52 (vir)    71         128.277          -0.271          -1.046         -15.574          142.535
   53 (vir)    71         137.755           0.007          -0.876         -14.912          151.798
   54 (vir)    71         140.155          -0.211          -1.256         -15.363          154.051
   55 (vir)    71         146.339          -0.950          -1.495         -16.223          160.118
   56 (vir)    71         170.027          -0.838          -1.697         -17.719          185.211
   57 (vir)    71         206.482          -7.658          -0.436          -9.625          208.013
   58 (vir)    71         255.472          -4.059          -0.881         -17.280          267.812
 
 
  kpoint:      72             coordinate:     0.1837    0.4082    0.0000
 
    n           k   ϵ_nk^DFT (eV)     Σ^c_nk (eV)     Σ^x_nk (eV)    v_nk^xc (eV)   ϵ_nk^G0W0 (eV)
 
    1 (occ)    72         -18.049           7.882         -27.324         -17.620          -19.870
    2 (occ)    72         -12.254           4.802         -22.412         -15.587          -14.277
    3 (occ)    72          -9.482           3.909         -22.447         -16.595          -11.424
    4 (occ)    72          -4.235           2.091         -19.495         -15.997           -5.642
    5 (vir)    72           1.078          -3.793          -5.810         -11.001            2.475
    6 (vir)    72           8.088          -4.547          -5.438         -11.493            9.596
    7 (vir)    72           9.528          -3.447          -2.243          -6.780           10.617
    8 (vir)    72           9.619          -3.140          -2.214          -6.304           10.570
    9 (vir)    72          10.511          -3.063          -2.499          -6.776           11.725
   10 (vir)    72          11.942          -2.426          -0.667          -3.835           12.685
   11 (vir)    72          14.695          -4.881          -4.077         -10.321           16.057
   12 (vir)    72          14.798          -2.877          -1.433          -5.383           15.870
   13 (vir)    72          16.222          -5.612          -4.290         -11.491           17.810
   14 (vir)    72          17.215          -2.514          -1.179          -4.633           18.155
   15 (vir)    72          19.260          -3.897          -2.074          -7.130           20.418
   16 (vir)    72          20.639          -3.253          -1.088          -5.368           21.665
   17 (vir)    72          22.250          -5.949          -3.326         -10.609           23.584
   18 (vir)    72          24.035          -6.762          -4.127         -12.693           25.840
   19 (vir)    72          25.061          -3.735          -1.101          -6.585           26.810
   20 (vir)    72          27.662          -5.079          -2.819          -9.905           29.668
   21 (vir)    72          30.216          -3.275          -1.665          -6.781           32.058
   22 (vir)    72          36.407          -3.078          -1.544          -7.721           39.506
   23 (vir)    72          37.097          -3.546          -2.688         -10.456           41.319
   24 (vir)    72          38.895          -5.340          -3.480         -12.377           42.453
   25 (vir)    72          40.757          -2.522          -1.066          -6.719           43.888
   26 (vir)    72          40.759          -3.415          -2.244          -9.630           44.731
   27 (vir)    72          44.862          -3.472          -1.415          -8.724           48.698
   28 (vir)    72          47.798          -3.508          -1.942         -10.916           53.264
   29 (vir)    72          49.501          -2.856          -3.618         -13.483           56.510
   30 (vir)    72          50.881          -2.557          -2.871         -12.142           57.594
   31 (vir)    72          51.787           0.103          -3.457         -13.252           61.685
   32 (vir)    72          60.032          -2.191          -1.840         -10.130           66.131
   33 (vir)    72          60.334          -0.674          -2.020         -10.795           68.435
   34 (vir)    72          61.158          -2.952          -2.415         -12.242           68.033
   35 (vir)    72          64.712           0.330          -2.831         -13.442           75.652
   36 (vir)    72          65.627          -0.946          -2.007         -12.092           74.767
   37 (vir)    72          67.197          -3.593          -2.290         -12.127           73.441
   38 (vir)    72          69.899          -0.883          -2.493         -13.464           79.987
   39 (vir)    72          73.340          -1.709          -1.668         -10.816           80.780
   40 (vir)    72          75.147          -3.588          -2.173         -12.611           81.996
   41 (vir)    72          85.183          -2.749          -2.301         -15.174           95.306
   42 (vir)    72          85.850          -2.634          -2.195         -13.457           94.478
   43 (vir)    72          91.082          -3.070          -2.437         -15.447          101.022
   44 (vir)    72          94.825          -5.028          -1.990         -13.870          101.677
   45 (vir)    72          96.404          -3.068          -2.045         -14.503          105.793
   46 (vir)    72          98.296          -1.891          -1.255         -13.445          108.594
   47 (vir)    72         104.604          -0.593          -1.914         -13.808          115.905
   48 (vir)    72         109.499          -0.018          -1.863         -14.756          122.374
   49 (vir)    72         111.908          -1.994          -2.160         -15.536          123.289
   50 (vir)    72         115.995          -1.436          -2.326         -16.283          128.516
   51 (vir)    72         118.673          -1.118          -2.100         -13.948          129.403
   52 (vir)    72         128.071           1.808          -1.110         -15.543          144.312
   53 (vir)    72         138.018          -1.014          -0.987         -15.088          151.105
   54 (vir)    72         140.613          -4.000          -1.245         -15.365          150.734
   55 (vir)    72         146.860          -1.058          -1.520         -16.119          160.401
   56 (vir)    72         170.279          -0.713          -1.448         -17.671          185.790
   57 (vir)    72         206.805          -0.243          -0.392          -9.639          215.809
   58 (vir)    72         255.500          -3.141          -0.876         -17.268          268.751
 
 
  kpoint:      73             coordinate:     0.1769    0.4116    0.0000
 
    n           k   ϵ_nk^DFT (eV)     Σ^c_nk (eV)     Σ^x_nk (eV)    v_nk^xc (eV)   ϵ_nk^G0W0 (eV)
 
    1 (occ)    73         -18.067           7.887         -27.317         -17.610          -19.887
    2 (occ)    73         -12.281           4.814         -22.421         -15.580          -14.308
    3 (occ)    73          -9.392           3.880         -22.450         -16.635          -11.328
    4 (occ)    73          -4.263           2.100         -19.478         -15.968           -5.673
    5 (vir)    73           1.080          -3.785          -5.815         -10.997            2.476
    6 (vir)    73           7.971          -4.555          -5.537         -11.613            9.492
    7 (vir)    73           9.570          -3.128          -2.188          -6.259           10.514
    8 (vir)    73           9.585          -3.455          -2.225          -6.763           10.668
    9 (vir)    73          10.431          -3.008          -2.412          -6.611           11.622
   10 (vir)    73          11.888          -2.416          -0.656          -3.809           12.625
   11 (vir)    73          14.718          -4.851          -4.050         -10.249           16.065
   12 (vir)    73          14.850          -2.908          -1.469          -5.465           15.937
   13 (vir)    73          16.304          -5.620          -4.307         -11.529           17.908
   14 (vir)    73          17.251          -2.574          -1.250          -4.780           18.207
   15 (vir)    73          19.351          -3.881          -2.022          -7.068           20.516
   16 (vir)    73          20.829          -3.297          -1.092          -5.429           21.870
   17 (vir)    73          22.234          -6.025          -3.395         -10.763           23.577
   18 (vir)    73          24.085          -6.679          -4.084         -12.546           25.869
   19 (vir)    73          24.990          -3.775          -1.122          -6.586           26.679
   20 (vir)    73          27.613          -5.018          -2.835          -9.867           29.627
   21 (vir)    73          30.390          -3.420          -1.654          -6.869           32.185
   22 (vir)    73          36.378          -3.072          -1.682          -7.751           39.375
   23 (vir)    73          36.786          -3.556          -2.602         -10.232           40.860
   24 (vir)    73          38.891          -5.266          -3.620         -12.522           42.526
   25 (vir)    73          40.355          -2.568          -0.926          -6.231           43.092
   26 (vir)    73          40.668          -3.084          -2.250          -9.549           44.882
   27 (vir)    73          44.823          -3.578          -1.570          -9.245           48.920
   28 (vir)    73          47.937          -3.280          -1.993         -10.937           53.600
   29 (vir)    73          49.682          -2.869          -3.600         -13.497           56.710
   30 (vir)    73          50.962          -1.772          -2.917         -11.937           58.210
   31 (vir)    73          51.822           0.344          -3.390         -13.175           61.952
   32 (vir)    73          59.832          -2.182          -1.875         -10.151           65.927
   33 (vir)    73          60.125          -1.207          -2.075         -10.754           67.597
   34 (vir)    73          61.409          -2.831          -2.327         -12.094           68.345
   35 (vir)    73          64.626           0.292          -2.917         -13.585           75.585
   36 (vir)    73          65.079          -1.017          -1.983         -12.011           74.089
   37 (vir)    73          67.323          -4.890          -2.290         -12.171           72.313
   38 (vir)    73          69.609          -0.961          -2.506         -13.483           79.624
   39 (vir)    73          73.388          -1.344          -1.502         -10.920           81.462
   40 (vir)    73          75.111          -3.670          -2.169         -12.611           81.883
   41 (vir)    73          85.170          -2.255          -2.361         -15.277           95.831
   42 (vir)    73          85.641          -2.577          -2.194         -13.429           94.299
   43 (vir)    73          91.327          -3.129          -2.435         -15.477          101.240
   44 (vir)    73          94.538          -4.275          -1.947         -13.797          102.113
   45 (vir)    73          96.232          -2.840          -2.049         -14.498          105.841
   46 (vir)    73          98.241          -1.632          -1.332         -13.494          108.771
   47 (vir)    73         104.656          -0.560          -1.835         -13.908          116.169
   48 (vir)    73         109.584           0.005          -1.886         -14.822          122.525
   49 (vir)    73         112.391          -2.175          -2.133         -15.518          123.601
   50 (vir)    73         116.229          -1.461          -2.245         -16.533          129.057
   51 (vir)    73         119.010          -0.787          -1.905         -13.633          129.951
   52 (vir)    73         127.891          -1.777          -1.213         -15.521          140.422
   53 (vir)    73         138.273          -1.777          -1.042         -15.187          150.641
   54 (vir)    73         141.017          -6.058          -1.283         -15.433          149.110
   55 (vir)    73         147.497          -1.104          -1.551         -16.024          160.866
   56 (vir)    73         170.541          -0.641          -1.174         -17.624          186.350
   57 (vir)    73         207.080          -0.504          -0.331          -9.649          215.893
   58 (vir)    73         255.528          -2.509          -0.868         -17.256          269.408
 
 
  kpoint:      74             coordinate:     0.1701    0.4150    0.0000
 
    n           k   ϵ_nk^DFT (eV)     Σ^c_nk (eV)     Σ^x_nk (eV)    v_nk^xc (eV)   ϵ_nk^G0W0 (eV)
 
    1 (occ)    74         -18.085           7.892         -27.312         -17.601          -19.904
    2 (occ)    74         -12.307           4.826         -22.429         -15.573          -14.338
    3 (occ)    74          -9.303           3.850         -22.455         -16.675          -11.232
    4 (occ)    74          -4.290           2.108         -19.461         -15.940           -5.703
    5 (vir)    74           1.081          -3.778          -5.819         -10.992            2.476
    6 (vir)    74           7.852          -4.561          -5.630         -11.725            9.387
    7 (vir)    74           9.523          -3.116          -2.162          -6.215           10.460
    8 (vir)    74           9.641          -3.461          -2.207          -6.745           10.718
    9 (vir)    74          10.354          -2.957          -2.329          -6.455           11.523
   10 (vir)    74          11.837          -2.406          -0.645          -3.783           12.568
   11 (vir)    74          14.740          -4.824          -4.025         -10.183           16.074
   12 (vir)    74          14.908          -2.942          -1.504          -5.548           16.010
   13 (vir)    74          16.377          -5.553          -4.255         -11.412           17.981
   14 (vir)    74          17.278          -2.734          -1.414          -5.136           18.266
   15 (vir)    74          19.465          -3.848          -1.946          -6.957           20.627
   16 (vir)    74          21.019          -3.349          -1.099          -5.501           22.072
   17 (vir)    74          22.218          -6.091          -3.455         -10.901           23.573
   18 (vir)    74          24.139          -6.601          -4.046         -12.404           25.896
   19 (vir)    74          24.923          -3.828          -1.146          -6.590           26.538
   20 (vir)    74          27.566          -4.953          -2.847          -9.820           29.585
   21 (vir)    74          30.554          -3.512          -1.651          -6.975           32.367
   22 (vir)    74          36.339          -3.205          -1.773          -7.783           39.144
   23 (vir)    74          36.450          -3.559          -2.502          -9.965           40.355
   24 (vir)    74          38.904          -5.470          -3.750         -12.667           42.350
   25 (vir)    74          39.936          -2.636          -0.844          -5.936           42.392
   26 (vir)    74          40.584          -2.817          -2.247          -9.455           44.976
   27 (vir)    74          44.884          -3.572          -1.685          -9.636           49.263
   28 (vir)    74          48.086          -3.250          -2.061         -10.998           53.773
   29 (vir)    74          49.869          -2.869          -3.580         -13.498           56.918
   30 (vir)    74          51.040          -1.042          -2.928         -11.677           58.748
   31 (vir)    74          51.881           0.824          -3.315         -13.105           62.495
   32 (vir)    74          59.660          -2.181          -1.913         -10.180           65.745
   33 (vir)    74          59.916          -1.549          -2.113         -10.723           66.977
   34 (vir)    74          61.654          -2.722          -2.233         -11.984           68.684
   35 (vir)    74          64.524          -1.093          -1.956         -11.925           73.400
   36 (vir)    74          64.557           0.408          -2.975         -13.681           75.672
   37 (vir)    74          67.468          -5.959          -2.297         -12.215           71.426
   38 (vir)    74          69.326          -1.081          -2.517         -13.496           79.224
   39 (vir)    74          73.457          -1.005          -1.288         -11.028           82.192
   40 (vir)    74          75.058          -3.702          -2.164         -12.611           81.802
   41 (vir)    74          85.118          -1.560          -2.431         -15.365           96.492
   42 (vir)    74          85.427          -2.510          -2.193         -13.405           94.129
   43 (vir)    74          91.565          -3.156          -2.434         -15.515          101.490
   44 (vir)    74          94.236          -3.905          -1.889         -13.732          102.174
   45 (vir)    74          96.062          -2.682          -2.049         -14.479          105.810
   46 (vir)    74          98.155          -1.713          -1.408         -13.534          108.568
   47 (vir)    74         104.726          -0.577          -1.688         -14.009          116.471
   48 (vir)    74         109.661          -0.003          -1.910         -14.886          122.634
   49 (vir)    74         112.890          -2.402          -2.009         -15.513          123.992
   50 (vir)    74         116.423          -2.207          -2.147         -16.715          128.783
   51 (vir)    74         119.405          -0.465          -1.612         -13.393          130.720
   52 (vir)    74         127.756          -2.681          -1.319         -15.509          139.264
   53 (vir)    74         138.556          -2.467          -0.957         -15.230          150.363
   54 (vir)    74         141.350          -3.095          -1.335         -15.521          152.441
   55 (vir)    74         148.243          -1.144          -1.613         -15.955          161.440
   56 (vir)    74         170.821          -0.332          -0.861         -17.576          187.204
   57 (vir)    74         207.304          -0.812          -0.262          -9.655          215.884
   58 (vir)    74         255.554          -2.071          -0.856         -17.245          269.872
 
 
  kpoint:      75             coordinate:     0.1633    0.4184    0.0000
 
    n           k   ϵ_nk^DFT (eV)     Σ^c_nk (eV)     Σ^x_nk (eV)    v_nk^xc (eV)   ϵ_nk^G0W0 (eV)
 
    1 (occ)    75         -18.102           7.897         -27.306         -17.591          -19.920
    2 (occ)    75         -12.333           4.837         -22.436         -15.566          -14.366
    3 (occ)    75          -9.215           3.821         -22.459         -16.716          -11.137
    4 (occ)    75          -4.317           2.117         -19.446         -15.914           -5.732
    5 (vir)    75           1.082          -3.770          -5.823         -10.987            2.476
    6 (vir)    75           7.733          -4.564          -5.716         -11.827            9.279
    7 (vir)    75           9.479          -3.104          -2.137          -6.171           10.409
    8 (vir)    75           9.696          -3.466          -2.188          -6.724           10.766
    9 (vir)    75          10.281          -2.910          -2.251          -6.307           11.427
   10 (vir)    75          11.787          -2.397          -0.635          -3.759           12.513
   11 (vir)    75          14.763          -4.800          -4.000         -10.121           16.083
   12 (vir)    75          14.972          -2.978          -1.536          -5.630           16.088
   13 (vir)    75          16.437          -5.405          -4.127         -11.118           18.024
   14 (vir)    75          17.301          -2.999          -1.672          -5.704           18.333
   15 (vir)    75          19.601          -3.806          -1.854          -6.814           20.755
   16 (vir)    75          21.207          -3.410          -1.110          -5.584           22.271
   17 (vir)    75          22.204          -6.150          -3.504         -11.021           23.570
   18 (vir)    75          24.198          -6.532          -4.010         -12.265           25.920
   19 (vir)    75          24.858          -3.885          -1.174          -6.599           26.398
   20 (vir)    75          27.520          -4.882          -2.856          -9.762           29.544
   21 (vir)    75          30.708          -3.589          -1.665          -7.100           32.554
   22 (vir)    75          36.089          -3.560          -2.389          -9.661           39.801
   23 (vir)    75          36.288          -3.372          -1.807          -7.816           38.925
   24 (vir)    75          38.926          -6.192          -3.857         -12.803           41.680
   25 (vir)    75          39.527          -2.723          -0.806          -5.795           41.793
   26 (vir)    75          40.517          -2.611          -2.231          -9.362           45.037
   27 (vir)    75          45.020          -3.452          -1.768          -9.923           49.723
   28 (vir)    75          48.245          -3.396          -2.141         -11.109           53.818
   29 (vir)    75          50.058          -2.856          -3.559         -13.494           57.137
   30 (vir)    75          51.115          -0.416          -2.890         -11.360           59.169
   31 (vir)    75          51.965           1.849          -3.230         -13.039           63.623
   32 (vir)    75          59.511          -2.159          -1.956         -10.217           65.613
   33 (vir)    75          59.720          -1.890          -2.125         -10.713           66.418
   34 (vir)    75          61.885          -2.697          -2.135         -11.905           68.958
   35 (vir)    75          63.969          -1.168          -1.926         -11.835           72.710
   36 (vir)    75          64.513           0.735          -2.997         -13.729           75.980
   37 (vir)    75          67.627          -6.818          -2.316         -12.257           70.749
   38 (vir)    75          69.049          -1.220          -2.526         -13.504           78.808
   39 (vir)    75          73.547          -0.330          -1.072         -11.138           83.283
   40 (vir)    75          74.986          -3.682          -2.160         -12.611           81.754
   41 (vir)    75          85.031          -0.776          -2.508         -15.439           97.186
   42 (vir)    75          85.206          -2.444          -2.194         -13.386           93.954
   43 (vir)    75          91.795          -3.161          -2.437         -15.565          101.762
   44 (vir)    75          93.920          -3.508          -1.820         -13.674          102.266
   45 (vir)    75          95.897          -2.567          -2.045         -14.445          105.730
   46 (vir)    75          98.030          -2.180          -1.479         -13.564          107.935
   47 (vir)    75         104.817          -0.686          -1.509         -14.110          116.731
   48 (vir)    75         109.731          -0.044          -1.934         -14.948          122.702
   49 (vir)    75         113.401          -2.872          -1.796         -15.519          124.252
   50 (vir)    75         116.586          -3.331          -2.065         -16.829          128.019
   51 (vir)    75         119.836          -0.137          -1.244         -13.235          131.690
   52 (vir)    75         127.683          -4.005          -1.385         -15.505          137.798
   53 (vir)    75         138.894          -3.760          -0.694         -15.237          149.677
   54 (vir)    75         141.613          -3.857          -1.345         -15.594          152.004
   55 (vir)    75         149.077          -1.208          -1.722         -15.923          162.070
   56 (vir)    75         171.131           0.284          -0.491         -17.527          188.451
   57 (vir)    75         207.478          -0.407          -0.194          -9.656          216.534
   58 (vir)    75         255.575          -1.720          -0.840         -17.234          270.249
 
 
  kpoint:      76             coordinate:     0.1565    0.4218    0.0000
 
    n           k   ϵ_nk^DFT (eV)     Σ^c_nk (eV)     Σ^x_nk (eV)    v_nk^xc (eV)   ϵ_nk^G0W0 (eV)
 
    1 (occ)    76         -18.119           7.902         -27.301         -17.582          -19.936
    2 (occ)    76         -12.357           4.848         -22.443         -15.559          -14.393
    3 (occ)    76          -9.127           3.793         -22.465         -16.756          -11.043
    4 (occ)    76          -4.343           2.125         -19.431         -15.888           -5.761
    5 (vir)    76           1.082          -3.762          -5.825         -10.980            2.475
    6 (vir)    76           7.613          -4.566          -5.797         -11.920            9.170
    7 (vir)    76           9.437          -3.093          -2.112          -6.129           10.360
    8 (vir)    76           9.749          -3.469          -2.169          -6.701           10.812
    9 (vir)    76          10.212          -2.867          -2.178          -6.169           11.336
   10 (vir)    76          11.739          -2.388          -0.625          -3.734           12.460
   11 (vir)    76          14.787          -4.779          -3.976         -10.063           16.095
   12 (vir)    76          15.043          -3.017          -1.567          -5.713           16.171
   13 (vir)    76          16.485          -5.177          -3.921         -10.646           18.032
   14 (vir)    76          17.321          -3.361          -2.015          -6.469           18.414
   15 (vir)    76          19.757          -3.759          -1.755          -6.658           20.901
   16 (vir)    76          21.391          -3.482          -1.126          -5.679           22.463
   17 (vir)    76          22.190          -6.201          -3.543         -11.121           23.567
   18 (vir)    76          24.260          -6.475          -3.975         -12.132           25.942
   19 (vir)    76          24.799          -3.938          -1.206          -6.613           26.266
   20 (vir)    76          27.478          -4.806          -2.859          -9.692           29.505
   21 (vir)    76          30.851          -3.681          -1.701          -7.242           32.711
   22 (vir)    76          35.706          -3.566          -2.267          -9.331           39.204
   23 (vir)    76          36.226          -3.523          -1.796          -7.847           38.754
   24 (vir)    76          38.950          -7.288          -3.928         -12.906           40.640
   25 (vir)    76          39.141          -2.820          -0.797          -5.757           41.280
   26 (vir)    76          40.474          -2.438          -2.207          -9.294           45.123
   27 (vir)    76          45.210          -3.245          -1.830         -10.141           50.276
   28 (vir)    76          48.414          -3.635          -2.230         -11.277           53.827
   29 (vir)    76          50.248          -2.826          -3.539         -13.486           57.369
   30 (vir)    76          51.187           0.076          -2.799         -10.988           59.453
   31 (vir)    76          52.072          -9.839          -3.129         -12.971           52.075
   32 (vir)    76          59.383          -2.093          -2.005         -10.265           65.549
   33 (vir)    76          59.546          -2.362          -2.107         -10.724           65.802
   34 (vir)    76          62.090          -3.037          -2.052         -11.866           68.867
   35 (vir)    76          63.421          -1.234          -1.890         -11.738           72.035
   36 (vir)    76          64.500           0.600          -2.970         -13.721           75.852
   37 (vir)    76          67.798          -7.541          -2.348         -12.294           70.203
   38 (vir)    76          68.780          -1.362          -2.533         -13.508           78.392
   39 (vir)    76          73.658           3.744          -0.901         -11.252           87.752
   40 (vir)    76          74.892          -3.611          -2.156         -12.611           81.736
   41 (vir)    76          84.914          -0.002          -2.590         -15.501           97.824
   42 (vir)    76          84.979          -2.385          -2.195         -13.370           93.769
   43 (vir)    76          92.012          -3.155          -2.442         -15.629          102.043
   44 (vir)    76          93.589          -2.404          -1.748         -13.622          103.059
   45 (vir)    76          95.741          -2.471          -2.037         -14.394          105.626
   46 (vir)    76          97.862          -2.826          -1.534         -13.583          107.086
   47 (vir)    76         104.929          -0.794          -1.348         -14.208          116.995
   48 (vir)    76         109.798          -0.115          -1.957         -15.010          122.735
   49 (vir)    76         113.917          -3.942          -1.542         -15.534          123.967
   50 (vir)    76         116.728          -3.990          -2.020         -16.891          127.609
   51 (vir)    76         120.271           0.177          -0.873         -13.155          132.730
   52 (vir)    76         127.687          -6.550          -1.379         -15.507          135.265
   53 (vir)    76         139.314          -6.612          -0.287         -15.228          147.642
   54 (vir)    76         141.820          -3.935          -1.262         -15.626          152.249
   55 (vir)    76         149.980          -1.356          -1.869         -15.930          162.684
   56 (vir)    76         171.485          -4.197          -0.049         -17.473          184.713
   57 (vir)    76         207.606          -0.540          -0.134          -9.653          216.585
   58 (vir)    76         255.589          -1.367          -0.821         -17.224          270.625
 
 
  kpoint:      77             coordinate:     0.1497    0.4252    0.0000
 
    n           k   ϵ_nk^DFT (eV)     Σ^c_nk (eV)     Σ^x_nk (eV)    v_nk^xc (eV)   ϵ_nk^G0W0 (eV)
 
    1 (occ)    77         -18.136           7.908         -27.296         -17.573          -19.951
    2 (occ)    77         -12.381           4.858         -22.450         -15.553          -14.420
    3 (occ)    77          -9.041           3.766         -22.471         -16.796          -10.950
    4 (occ)    77          -4.368           2.134         -19.418         -15.863           -5.789
    5 (vir)    77           1.081          -3.755          -5.827         -10.973            2.473
    6 (vir)    77           7.494          -4.565          -5.871         -12.002            9.061
    7 (vir)    77           9.396          -3.082          -2.088          -6.088           10.314
    8 (vir)    77           9.800          -3.471          -2.149          -6.676           10.856
    9 (vir)    77          10.146          -2.827          -2.110          -6.041           11.250
   10 (vir)    77          11.693          -2.379          -0.616          -3.711           12.409
   11 (vir)    77          14.811          -4.761          -3.952         -10.010           16.108
   12 (vir)    77          15.120          -3.058          -1.596          -5.794           16.260
   13 (vir)    77          16.519          -4.886          -3.651         -10.022           18.003
   14 (vir)    77          17.342          -3.799          -2.424          -7.392           18.511
   15 (vir)    77          19.931          -3.714          -1.658          -6.505           21.064
   16 (vir)    77          21.570          -3.565          -1.148          -5.789           22.646
   17 (vir)    77          22.177          -6.243          -3.571         -11.199           23.562
   18 (vir)    77          24.327          -6.431          -3.937         -12.004           25.963
   19 (vir)    77          24.744          -3.982          -1.242          -6.632           26.153
   20 (vir)    77          27.439          -4.723          -2.856          -9.608           29.468
   21 (vir)    77          30.984          -3.791          -1.763          -7.402           32.832
   22 (vir)    77          35.307          -3.582          -2.144          -8.992           38.573
   23 (vir)    77          36.155          -3.669          -1.757          -7.874           38.602
   24 (vir)    77          38.786          -2.919          -0.804          -5.776           40.839
   25 (vir)    77          38.964          -7.771          -3.961         -12.945           40.177
   26 (vir)    77          40.463          -2.247          -2.182          -9.283           45.317
   27 (vir)    77          45.442          -3.014          -1.878         -10.315           50.865
   28 (vir)    77          48.589          -3.768          -2.331         -11.510           54.000
   29 (vir)    77          50.437          -2.779          -3.520         -13.477           57.616
   30 (vir)    77          51.261           0.294          -2.660         -10.572           59.467
   31 (vir)    77          52.203           4.158          -3.011         -12.891           66.242
   32 (vir)    77          59.269          -1.987          -2.061         -10.328           65.548
   33 (vir)    77          59.404          -3.100          -2.058         -10.753           64.998
   34 (vir)    77          62.262          -3.683          -2.006         -11.877           68.450
   35 (vir)    77          62.890          -1.279          -1.848         -11.629           71.392
   36 (vir)    77          64.532          -2.841          -2.885         -13.648           72.453
   37 (vir)    77          67.979          -8.164          -2.388         -12.325           69.751
   38 (vir)    77          68.518          -1.494          -2.538         -13.505           77.992
   39 (vir)    77          73.790         -11.199          -0.804         -11.367           73.154
   40 (vir)    77          74.776          -3.494          -2.153         -12.611           81.739
   41 (vir)    77          84.746          -2.333          -2.196         -13.357           93.574
   42 (vir)    77          84.773           0.682          -2.675         -15.553           98.333
   43 (vir)    77          92.214          -3.150          -2.452         -15.709          102.320
   44 (vir)    77          93.244           0.823          -1.685         -13.575          105.956
   45 (vir)    77          95.596          -2.374          -2.024         -14.321          105.519
   46 (vir)    77          97.650          -2.374          -1.566         -13.592          107.303
   47 (vir)    77         105.061          -1.029          -1.246         -14.304          117.091
   48 (vir)    77         109.862          -0.207          -1.981         -15.070          122.744
   49 (vir)    77         114.432         -12.121          -1.314         -15.556          116.554
   50 (vir)    77         116.860          -4.515          -2.024         -16.920          127.241
   51 (vir)    77         120.678           0.480          -0.595         -13.141          133.704
   52 (vir)    77         127.779           8.462          -1.302         -15.515          150.453
   53 (vir)    77         139.836           3.340           0.126         -15.238          158.541
   54 (vir)    77         141.994          -4.859          -1.033         -15.583          151.685
   55 (vir)    77         150.932          -1.912          -2.026         -15.974          162.968
   56 (vir)    77         171.901           2.328           0.460         -17.413          192.102
   57 (vir)    77         207.690          -0.674          -0.089          -9.645          216.572
   58 (vir)    77         255.594          -0.943          -0.802         -17.215          271.064
 
 
  kpoint:      78             coordinate:     0.1429    0.4286    0.0000
 
    n           k   ϵ_nk^DFT (eV)     Σ^c_nk (eV)     Σ^x_nk (eV)    v_nk^xc (eV)   ϵ_nk^G0W0 (eV)
 
    1 (occ)    78         -18.152           7.913         -27.291         -17.564          -19.967
    2 (occ)    78         -12.403           4.868         -22.456         -15.546          -14.445
    3 (occ)    78          -8.956           3.739         -22.478         -16.836          -10.859
    4 (occ)    78          -4.393           2.142         -19.405         -15.840           -5.816
    5 (vir)    78           1.080          -3.747          -5.829         -10.966            2.471
    6 (vir)    78           7.377          -4.562          -5.938         -12.075            8.951
    7 (vir)    78           9.358          -3.071          -2.065          -6.049           10.271
    8 (vir)    78           9.849          -3.471          -2.130          -6.650           10.898
    9 (vir)    78          10.083          -2.791          -2.047          -5.923           11.168
   10 (vir)    78          11.650          -2.371          -0.606          -3.688           12.361
   11 (vir)    78          14.835          -4.745          -3.930          -9.962           16.122
   12 (vir)    78          15.204          -3.102          -1.622          -5.874           16.354
   13 (vir)    78          16.539          -4.560          -3.342          -9.301           17.939
   14 (vir)    78          17.367          -4.277          -2.869          -8.404           18.625
   15 (vir)    78          20.119          -3.676          -1.570          -6.370           21.244
   16 (vir)    78          21.741          -3.660          -1.177          -5.915           22.819
   17 (vir)    78          22.166          -6.276          -3.587         -11.251           23.554
   18 (vir)    78          24.397          -6.402          -3.894         -11.883           25.983
   19 (vir)    78          24.697          -4.012          -1.281          -6.659           26.063
   20 (vir)    78          27.406          -4.634          -2.846          -9.508           29.434
   21 (vir)    78          31.106          -3.910          -1.847          -7.577           32.927
   22 (vir)    78          34.898          -3.615          -2.024          -8.662           37.920
   23 (vir)    78          36.077          -3.857          -1.715          -7.895           38.400
   24 (vir)    78          38.460          -3.010          -0.814          -5.818           40.453
   25 (vir)    78          38.959          -7.654          -3.956         -12.896           40.246
   26 (vir)    78          40.489          -2.041          -2.169          -9.352           45.630
   27 (vir)    78          45.707          -2.825          -1.918         -10.462           51.426
   28 (vir)    78          48.765          -3.488          -2.453         -11.805           54.630
   29 (vir)    78          50.624          -2.717          -3.501         -13.468           57.874
   30 (vir)    78          51.338          -0.125          -2.484         -10.130           58.859
   31 (vir)    78          52.356          -0.491          -2.880         -12.791           61.775
   32 (vir)    78          59.159          -1.863          -2.123         -10.410           65.584
   33 (vir)    78          59.299          -4.117          -1.985         -10.793           63.991
   34 (vir)    78          62.388          -1.295          -1.800         -11.506           70.799
   35 (vir)    78          62.391          -3.808          -2.015         -11.941           68.510
   36 (vir)    78          64.618          -6.408          -2.744         -13.506           68.971
   37 (vir)    78          68.167          -8.649          -2.434         -12.348           69.432
   38 (vir)    78          68.265          -1.606          -2.541         -13.497           77.615
   39 (vir)    78          73.944          -6.443          -0.793         -11.484           78.191
   40 (vir)    78          74.633          -3.342          -2.150         -12.612           81.752
   41 (vir)    78          84.507          -2.286          -2.198         -13.347           93.369
   42 (vir)    78          84.611           1.222          -2.762         -15.597           98.668
   43 (vir)    78          92.396          -3.153          -2.466         -15.805          102.581
   44 (vir)    78          92.886           3.447          -1.642         -13.532          108.223
   45 (vir)    78          95.469          -2.266          -2.006         -14.228          105.425
   46 (vir)    78          97.392          -1.225          -1.568         -13.591          108.190
   47 (vir)    78         105.212          -1.114          -1.226         -14.396          117.268
   48 (vir)    78         109.927          -0.309          -2.004         -15.129          122.743
   49 (vir)    78         114.940           4.597          -1.178         -15.583          133.942
   50 (vir)    78         116.990          -4.831          -2.079         -16.929          127.009
   51 (vir)    78         121.030           1.039          -0.482         -13.183          134.770
   52 (vir)    78         127.957           2.258          -1.204         -15.530          144.541
   53 (vir)    78         140.465           9.673           0.250         -15.357          165.745
   54 (vir)    78         142.176           1.353          -0.561         -15.382          158.351
   55 (vir)    78         151.919          -4.223          -2.152         -16.048          161.593
   56 (vir)    78         172.404           2.837           0.991         -17.342          193.574
   57 (vir)    78         207.735          -0.763          -0.064          -9.633          216.541
   58 (vir)    78         255.586          -0.382          -0.788         -17.206          271.623
 
 
  kpoint:      79             coordinate:     0.1361    0.4320    0.0000
 
    n           k   ϵ_nk^DFT (eV)     Σ^c_nk (eV)     Σ^x_nk (eV)    v_nk^xc (eV)   ϵ_nk^G0W0 (eV)
 
    1 (occ)    79         -18.168           7.918         -27.287         -17.556          -19.981
    2 (occ)    79         -12.425           4.877         -22.462         -15.540          -14.469
    3 (occ)    79          -8.872           3.713         -22.486         -16.876          -10.770
    4 (occ)    79          -4.417           2.150         -19.393         -15.817           -5.842
    5 (vir)    79           1.079          -3.740          -5.829         -10.958            2.468
    6 (vir)    79           7.261          -4.558          -6.000         -12.139            8.842
    7 (vir)    79           9.322          -3.061          -2.043          -6.011           10.229
    8 (vir)    79           9.896          -3.470          -2.110          -6.623           10.938
    9 (vir)    79          10.024          -2.757          -1.990          -5.815           11.092
   10 (vir)    79          11.608          -2.363          -0.597          -3.666           12.314
   11 (vir)    79          14.860          -4.731          -3.908          -9.918           16.139
   12 (vir)    79          15.294          -3.148          -1.646          -5.953           16.454
   13 (vir)    79          16.548          -4.231          -3.024          -8.554           17.846
   14 (vir)    79          17.394          -4.758          -3.316          -9.431           18.751
   15 (vir)    79          20.321          -3.648          -1.496          -6.262           21.439
   16 (vir)    79          21.902          -3.765          -1.215          -6.057           22.978
   17 (vir)    79          22.157          -6.296          -3.590         -11.273           23.544
   18 (vir)    79          24.470          -6.387          -3.846         -11.767           26.004
   19 (vir)    79          24.659          -4.033          -1.324          -6.694           25.996
   20 (vir)    79          27.379          -4.538          -2.829          -9.391           29.404
   21 (vir)    79          31.218          -4.031          -1.946          -7.767           33.007
   22 (vir)    79          34.486          -3.667          -1.912          -8.350           37.258
   23 (vir)    79          35.995          -4.106          -1.686          -7.912           38.116
   24 (vir)    79          38.158          -3.087          -0.822          -5.860           40.109
   25 (vir)    79          38.932          -7.440          -3.920         -12.765           40.337
   26 (vir)    79          40.551          -2.027          -2.181          -9.494           45.837
   27 (vir)    79          46.000          -2.713          -1.954         -10.592           51.925
   28 (vir)    79          48.938          -2.620          -2.603         -12.151           55.865
   29 (vir)    79          50.805          -2.640          -3.485         -13.460           58.141
   30 (vir)    79          51.424          -1.222          -2.290          -9.694           57.606
   31 (vir)    79          52.530          -5.217          -2.751         -12.664           57.227
   32 (vir)    79          59.043          -1.746          -2.191         -10.521           65.628
   33 (vir)    79          59.239          -4.992          -1.903         -10.841           63.185
   34 (vir)    79          61.934          -1.279          -1.747         -11.360           70.268
   35 (vir)    79          62.475          -3.619          -2.071         -12.042           68.827
   36 (vir)    79          64.765          -7.723          -2.578         -13.312           67.776
   37 (vir)    79          68.020          -1.694          -2.541         -13.482           77.267
   38 (vir)    79          68.362          -8.894          -2.478         -12.362           69.352
   39 (vir)    79          74.117          -5.391          -0.860         -11.600           79.466
   40 (vir)    79          74.462          -3.167          -2.149         -12.614           81.760
   41 (vir)    79          84.263          -2.246          -2.199         -13.338           93.156
   42 (vir)    79          84.433           1.592          -2.850         -15.634           98.809
   43 (vir)    79          92.516           4.024          -1.626         -13.493          108.408
   44 (vir)    79          92.553          -3.165          -2.484         -15.914          102.819
   45 (vir)    79          95.364          -2.140          -1.983         -14.116          105.357
   46 (vir)    79          97.090          -1.322          -1.547         -13.582          107.802
   47 (vir)    79         105.377          -0.627          -1.287         -14.483          117.946
   48 (vir)    79         109.995          -0.404          -2.027         -15.188          122.752
   49 (vir)    79         115.432           2.030          -1.175         -15.613          131.899
   50 (vir)    79         117.125          -5.298          -2.171         -16.924          126.580
   51 (vir)    79         121.312           4.615          -0.541         -13.264          138.650
   52 (vir)    79         128.206           0.316          -1.165         -15.558          142.914
   53 (vir)    79         141.129           5.004          -0.382         -15.791          161.542
   54 (vir)    79         142.477           1.823           0.332         -14.831          159.463
   55 (vir)    79         152.930          -4.267          -2.212         -16.149          162.600
   56 (vir)    79         173.025           1.897           1.437         -17.254          193.613
   57 (vir)    79         207.748          -0.837          -0.063          -9.615          216.464
   58 (vir)    79         255.565           0.413          -0.783         -17.199          272.394
 
 
  kpoint:      80             coordinate:     0.1293    0.4354    0.0000
 
    n           k   ϵ_nk^DFT (eV)     Σ^c_nk (eV)     Σ^x_nk (eV)    v_nk^xc (eV)   ϵ_nk^G0W0 (eV)
 
    1 (occ)    80         -18.183           7.923         -27.283         -17.548          -19.996
    2 (occ)    80         -12.445           4.886         -22.467         -15.535          -14.491
    3 (occ)    80          -8.791           3.688         -22.494         -16.915          -10.683
    4 (occ)    80          -4.440           2.158         -19.382         -15.796           -5.868
    5 (vir)    80           1.077          -3.733          -5.830         -10.950            2.465
    6 (vir)    80           7.147          -4.552          -6.056         -12.194            8.734
    7 (vir)    80           9.288          -3.051          -2.022          -5.976           10.190
    8 (vir)    80           9.940          -3.468          -2.091          -6.595           10.976
    9 (vir)    80           9.969          -2.727          -1.937          -5.717           11.022
   10 (vir)    80          11.569          -2.356          -0.589          -3.645           12.269
   11 (vir)    80          14.886          -4.720          -3.888          -9.878           16.157
   12 (vir)    80          15.391          -3.195          -1.666          -6.028           16.558
   13 (vir)    80          16.545          -3.924          -2.726          -7.843           17.739
   14 (vir)    80          17.426          -5.211          -3.738         -10.406           18.883
   15 (vir)    80          20.533          -3.636          -1.442          -6.194           21.649
   16 (vir)    80          22.049          -3.880          -1.263          -6.217           23.123
   17 (vir)    80          22.152          -6.297          -3.580         -11.256           23.532
   18 (vir)    80          24.545          -6.383          -3.791         -11.657           26.028
   19 (vir)    80          24.631          -4.049          -1.370          -6.740           25.951
   20 (vir)    80          27.361          -4.436          -2.803          -9.255           29.377
   21 (vir)    80          31.320          -4.155          -2.054          -7.969           33.080
   22 (vir)    80          34.079          -3.735          -1.807          -8.063           36.599
   23 (vir)    80          35.912          -4.346          -1.682          -7.928           37.813
   24 (vir)    80          37.877          -3.146          -0.824          -5.888           39.795
   25 (vir)    80          38.885          -7.311          -3.864         -12.579           40.290
   26 (vir)    80          40.642          -2.082          -2.222          -9.675           46.013
   27 (vir)    80          46.315          -2.672          -1.987         -10.713           52.369
   28 (vir)    80          49.098          -1.452          -2.780         -12.517           57.383
   29 (vir)    80          50.980          -2.551          -3.470         -13.451           58.410
   30 (vir)    80          51.520          -1.942          -2.098          -9.304           56.784
   31 (vir)    80          52.725          -6.424          -2.640         -12.511           56.172
   32 (vir)    80          58.902          -1.652          -2.257         -10.664           65.657
   33 (vir)    80          59.227          -5.185          -1.832         -10.892           63.101
   34 (vir)    80          61.548          -1.243          -1.696         -11.189           69.799
   35 (vir)    80          62.521          -3.625          -2.143         -12.143           68.896
   36 (vir)    80          64.974          -8.204          -2.434         -13.100           67.436
   37 (vir)    80          67.784          -1.753          -2.539         -13.459           76.952
   38 (vir)    80          68.565          -8.734          -2.518         -12.368           69.681
   39 (vir)    80          74.261          -2.984          -2.148         -12.618           81.747
   40 (vir)    80          74.311          -5.108          -0.984         -11.717           79.936
   41 (vir)    80          84.016          -2.213          -2.202         -13.332           92.933
   42 (vir)    80          84.242           1.765          -2.936         -15.667           98.737
   43 (vir)    80          92.134           4.185          -1.639         -13.457          108.137
   44 (vir)    80          92.682          -3.177          -2.504         -16.031          103.031
   45 (vir)    80          95.287          -1.999          -1.956         -13.992          105.324
   46 (vir)    80          96.748           1.604          -1.516         -13.563          110.399
   47 (vir)    80         105.555           0.754          -1.411         -14.565          119.462
   48 (vir)    80         110.068          -0.481          -2.050         -15.247          122.783
   49 (vir)    80         115.900           1.387          -1.318         -15.648          131.617
   50 (vir)    80         117.274          -6.062          -2.280         -16.907          125.838
   51 (vir)    80         121.523          -7.111          -0.714         -13.365          127.063
   52 (vir)    80         128.497          -0.299          -1.251         -15.604          142.551
   53 (vir)    80         141.600           1.355          -1.315         -16.348          157.987
   54 (vir)    80         143.152           2.872           0.894         -14.141          161.060
   55 (vir)    80         153.959          -3.125          -2.189         -16.272          164.917
   56 (vir)    80         173.807          -0.072           1.620         -17.142          192.498
   57 (vir)    80         207.738          -0.928          -0.095          -9.594          216.309
   58 (vir)    80         255.528           1.565          -0.792         -17.192          273.493
 
 
  kpoint:      81             coordinate:     0.1224    0.4388    0.0000
 
    n           k   ϵ_nk^DFT (eV)     Σ^c_nk (eV)     Σ^x_nk (eV)    v_nk^xc (eV)   ϵ_nk^G0W0 (eV)
 
    1 (occ)    81         -18.198           7.927         -27.279         -17.540          -20.010
    2 (occ)    81         -12.464           4.894         -22.472         -15.529          -14.513
    3 (occ)    81          -8.712           3.664         -22.503         -16.953          -10.598
    4 (occ)    81          -4.462           2.165         -19.371         -15.776           -5.892
    5 (vir)    81           1.075          -3.726          -5.830         -10.942            2.462
    6 (vir)    81           7.036          -4.544          -6.106         -12.241            8.627
    7 (vir)    81           9.256          -3.041          -2.002          -5.942           10.154
    8 (vir)    81           9.917          -2.699          -1.889          -5.627           10.956
    9 (vir)    81           9.981          -3.465          -2.072          -6.567           11.011
   10 (vir)    81          11.531          -2.348          -0.581          -3.625           12.227
   11 (vir)    81          14.913          -4.711          -3.869          -9.843           16.176
   12 (vir)    81          15.494          -3.244          -1.683          -6.100           16.667
   13 (vir)    81          16.534          -3.653          -2.464          -7.210           17.628
   14 (vir)    81          17.460          -5.616          -4.116         -11.286           19.014
   15 (vir)    81          20.753          -3.651          -1.413          -6.184           21.872
   16 (vir)    81          22.151          -6.268          -3.549         -11.186           23.520
   17 (vir)    81          22.180          -3.999          -1.323          -6.394           23.252
   18 (vir)    81          24.615          -4.067          -1.418          -6.798           25.928
   19 (vir)    81          24.623          -6.382          -3.733         -11.552           26.060
   20 (vir)    81          27.351          -4.327          -2.767          -9.098           29.356
   21 (vir)    81          31.413          -4.285          -2.162          -8.180           33.146
   22 (vir)    81          33.681          -3.814          -1.711          -7.800           35.957
   23 (vir)    81          35.831          -4.466          -1.705          -7.948           37.608
   24 (vir)    81          37.610          -3.190          -0.819          -5.897           39.498
   25 (vir)    81          38.824          -7.282          -3.796         -12.369           40.116
   26 (vir)    81          40.753          -1.733          -2.292          -9.860           46.589
   27 (vir)    81          46.651          -2.674          -2.019         -10.826           52.784
   28 (vir)    81          49.240          -0.429          -2.968         -12.863           58.705
   29 (vir)    81          51.144          -2.455          -3.456         -13.441           58.674
   30 (vir)    81          51.627          -1.636          -1.931          -9.008           57.069
   31 (vir)    81          52.939          -6.870          -2.562         -12.338           55.845
   32 (vir)    81          58.719          -1.588          -2.309         -10.832           65.655
   33 (vir)    81          59.267          -5.265          -1.800         -10.946           63.148
   34 (vir)    81          61.253          -1.214          -1.659         -11.004           69.384
   35 (vir)    81          62.541          -4.061          -2.196         -12.206           68.489
   36 (vir)    81          65.236          -7.812          -2.352         -12.899           67.970
   37 (vir)    81          67.559          -1.780          -2.532         -13.428           76.675
   38 (vir)    81          68.776          -7.863          -2.550         -12.363           70.727
   39 (vir)    81          74.028          -2.803          -2.149         -12.624           81.701
   40 (vir)    81          74.524          -5.162          -1.131         -11.831           80.061
   41 (vir)    81          83.767          -2.188          -2.204         -13.326           92.701
   42 (vir)    81          84.042           1.724          -3.019         -15.696           98.443
   43 (vir)    81          91.742           4.515          -1.678         -13.425          108.004
   44 (vir)    81          92.778          -3.172          -2.525         -16.143          103.224
   45 (vir)    81          95.241          -1.850          -1.928         -13.867          105.330
   46 (vir)    81          96.367           5.210          -1.496         -13.538          113.620
   47 (vir)    81         105.742           5.882          -1.571         -14.642          124.694
   48 (vir)    81         110.149          -0.533          -2.072         -15.305          122.848
   49 (vir)    81         116.333           1.275          -1.589         -15.697          131.716
   50 (vir)    81         117.445          -7.348          -2.380         -16.872          124.589
   51 (vir)    81         121.676          -4.703          -0.928         -13.472          129.517
   52 (vir)    81         128.796          -0.272          -1.463         -15.670          142.731
   53 (vir)    81         141.808           0.908          -1.493         -16.480          157.704
   54 (vir)    81         144.279           2.810          -0.106         -13.885          160.868
   55 (vir)    81         154.999          -2.929          -2.086         -16.413          166.397
   56 (vir)    81         174.806          -2.168           1.288         -16.997          190.924
   57 (vir)    81         207.715          -1.027          -0.174          -9.568          216.082
   58 (vir)    81         255.474           2.185          -0.818         -17.187          274.027
 
 
  kpoint:      82             coordinate:     0.1156    0.4422    0.0000
 
    n           k   ϵ_nk^DFT (eV)     Σ^c_nk (eV)     Σ^x_nk (eV)    v_nk^xc (eV)   ϵ_nk^G0W0 (eV)
 
    1 (occ)    82         -18.212           7.932         -27.276         -17.533          -20.023
    2 (occ)    82         -12.483           4.902         -22.477         -15.524          -14.533
    3 (occ)    82          -8.635           3.640         -22.513         -16.991          -10.516
    4 (occ)    82          -4.483           2.173         -19.362         -15.757           -5.915
    5 (vir)    82           1.073          -3.719          -5.829         -10.934            2.458
    6 (vir)    82           6.928          -4.536          -6.150         -12.281            8.523
    7 (vir)    82           9.225          -3.033          -1.984          -5.910           10.119
    8 (vir)    82           9.868          -2.673          -1.846          -5.546           10.895
    9 (vir)    82          10.020          -3.461          -2.054          -6.538           11.044
   10 (vir)    82          11.496          -2.342          -0.573          -3.606           12.187
   11 (vir)    82          14.941          -4.704          -3.853          -9.812           16.197
   12 (vir)    82          15.603          -3.295          -1.695          -6.167           16.780
   13 (vir)    82          16.517          -3.420          -2.243          -6.670           17.523
   14 (vir)    82          17.496          -5.970          -4.446         -12.057           19.138
   15 (vir)    82          20.979          -3.710          -1.424          -6.262           22.108
   16 (vir)    82          22.158          -6.192          -3.486         -11.029           23.509
   17 (vir)    82          22.292          -4.117          -1.397          -6.587           23.365
   18 (vir)    82          24.611          -4.094          -1.468          -6.872           25.922
   19 (vir)    82          24.703          -6.378          -3.673         -11.452           26.103
   20 (vir)    82          27.354          -4.215          -2.720          -8.921           29.340
   21 (vir)    82          31.497          -4.424          -2.266          -8.397           33.203
   22 (vir)    82          33.299          -3.893          -1.622          -7.560           35.344
   23 (vir)    82          35.752          -4.448          -1.750          -7.976           37.531
   24 (vir)    82          37.354          -3.223          -0.808          -5.885           39.208
   25 (vir)    82          38.757          -7.344          -3.722         -12.151           39.842
   26 (vir)    82          40.874          -1.199          -2.379         -10.026           47.323
   27 (vir)    82          47.003          -2.693          -2.051         -10.936           53.195
   28 (vir)    82          49.356           0.435          -3.147         -13.144           59.788
   29 (vir)    82          51.294          -2.359          -3.443         -13.428           58.921
   30 (vir)    82          51.746          -0.749          -1.804          -8.840           58.034
   31 (vir)    82          53.169          -6.624          -2.522         -12.164           56.187
   32 (vir)    82          58.487          -1.546          -2.335         -11.003           65.608
   33 (vir)    82          59.356          -5.358          -1.829         -11.012           63.182
   34 (vir)    82          61.062          -1.203          -1.650         -10.833           69.042
   35 (vir)    82          62.555          -4.971          -2.210         -12.202           67.576
   36 (vir)    82          65.543          -6.307          -2.349         -12.725           69.612
   37 (vir)    82          67.346          -1.771          -2.522         -13.386           76.439
   38 (vir)    82          68.999          -5.864          -2.573         -12.349           72.911
   39 (vir)    82          73.762          -2.631          -2.150         -12.632           81.613
   40 (vir)    82          74.754          -5.512          -1.273         -11.943           79.913
   41 (vir)    82          83.518          -2.174          -2.206         -13.321           92.459
   42 (vir)    82          83.836           1.501          -3.096         -15.723           97.964
   43 (vir)    82          91.339           4.997          -1.732         -13.395          107.998
   44 (vir)    82          92.840          -3.127          -2.543         -16.237          103.408
   45 (vir)    82          95.230          -1.708          -1.902         -13.757          105.376
   46 (vir)    82          95.953          -2.391          -1.501         -13.505          105.565
   47 (vir)    82         105.935          12.661          -1.741         -14.715          131.570
   48 (vir)    82         110.238          -0.559          -2.094         -15.364          122.949
   49 (vir)    82         116.718           1.801          -1.942         -15.773          132.350
   50 (vir)    82         117.649          -7.789          -2.451         -16.805          124.215
   51 (vir)    82         121.787          -4.630          -1.127         -13.574          129.604
   52 (vir)    82         129.072           0.663          -1.748         -15.749          143.737
   53 (vir)    82         141.903          -4.552          -1.462         -16.472          152.361
   54 (vir)    82         145.691           3.401          -2.027         -13.804          160.869
   55 (vir)    82         156.048          -3.102          -1.931         -16.568          167.583
   56 (vir)    82         176.094          -3.428           0.149         -16.808          189.623
   57 (vir)    82         207.693          -1.126          -0.324          -9.539          215.781
   58 (vir)    82         255.403          -0.382          -0.860         -17.182          271.343
 
 
  kpoint:      83             coordinate:     0.1088    0.4456    0.0000
 
    n           k   ϵ_nk^DFT (eV)     Σ^c_nk (eV)     Σ^x_nk (eV)    v_nk^xc (eV)   ϵ_nk^G0W0 (eV)
 
    1 (occ)    83         -18.225           7.936         -27.273         -17.527          -20.035
    2 (occ)    83         -12.500           4.910         -22.481         -15.519          -14.552
    3 (occ)    83          -8.561           3.618         -22.523         -17.028          -10.437
    4 (occ)    83          -4.503           2.180         -19.353         -15.739           -5.937
    5 (vir)    83           1.071          -3.713          -5.829         -10.925            2.455
    6 (vir)    83           6.824          -4.526          -6.190         -12.314            8.422
    7 (vir)    83           9.197          -3.024          -1.966          -5.881           10.087
    8 (vir)    83           9.822          -2.650          -1.807          -5.473           10.838
    9 (vir)    83          10.056          -3.456          -2.036          -6.510           11.075
   10 (vir)    83          11.462          -2.335          -0.566          -3.588           12.149
   11 (vir)    83          14.970          -4.699          -3.839          -9.787           16.220
   12 (vir)    83          15.717          -3.346          -1.704          -6.230           16.897
   13 (vir)    83          16.495          -3.223          -2.062          -6.220           17.430
   14 (vir)    83          17.533          -6.273          -4.728         -12.721           19.253
   15 (vir)    83          21.205          -3.846          -1.500          -6.497           22.357
   16 (vir)    83          22.176          -6.034          -3.361         -10.721           23.502
   17 (vir)    83          22.382          -4.229          -1.485          -6.793           23.462
   18 (vir)    83          24.619          -4.134          -1.518          -6.963           25.930
   19 (vir)    83          24.783          -6.363          -3.612         -11.356           26.164
   20 (vir)    83          27.370          -4.103          -2.662          -8.725           29.331
   21 (vir)    83          31.575          -4.569          -2.364          -8.617           33.259
   22 (vir)    83          32.936          -3.961          -1.539          -7.337           34.774
   23 (vir)    83          35.678          -4.382          -1.808          -8.020           37.507
   24 (vir)    83          37.103          -3.247          -0.791          -5.855           38.919
   25 (vir)    83          38.689          -7.408          -3.644         -11.932           39.570
   26 (vir)    83          40.996          -0.884          -2.469         -10.163           47.806
   27 (vir)    83          47.369          -2.712          -2.085         -11.044           53.616
   28 (vir)    83          49.445           1.440          -3.295         -13.329           60.920
   29 (vir)    83          51.426          -2.270          -3.430         -13.409           59.136
   30 (vir)    83          51.873          -0.097          -1.717          -8.810           58.869
   31 (vir)    83          53.410          -5.606          -2.509         -12.015           57.310
   32 (vir)    83          58.214          -1.509          -2.336         -11.151           65.520
   33 (vir)    83          59.486          -4.513          -1.930         -11.109           64.153
   34 (vir)    83          60.973          -1.171          -1.669         -10.704           68.838
   35 (vir)    83          62.584          -5.577          -2.175         -12.109           66.941
   36 (vir)    83          65.887          -4.330          -2.412         -12.583           71.729
   37 (vir)    83          67.145          -1.719          -2.507         -13.331           76.250
   38 (vir)    83          69.235          -3.339          -2.587         -12.322           75.630
   39 (vir)    83          73.463          -2.475          -2.153         -12.643           81.478
   40 (vir)    83          75.002          -6.207          -1.382         -12.051           79.464
   41 (vir)    83          83.271          -2.171          -2.208         -13.315           92.208
   42 (vir)    83          83.627           1.173          -3.163         -15.749           97.385
   43 (vir)    83          90.927           4.727          -1.791         -13.368          107.230
   44 (vir)    83          92.870          -3.034          -2.557         -16.303          103.582
   45 (vir)    83          95.251          -1.584          -1.881         -13.671          105.458
   46 (vir)    83          95.508          -5.783          -1.542         -13.465          101.648
   47 (vir)    83         106.134          -1.346          -1.904         -14.783          117.668
   48 (vir)    83         110.339          -0.561          -2.114         -15.422          123.086
   49 (vir)    83         117.044           4.034          -2.293         -15.883          134.669
   50 (vir)    83         117.894          -4.695          -2.508         -16.700          127.391
   51 (vir)    83         121.878          -5.107          -1.289         -13.667          129.149
   52 (vir)    83         129.302           3.127          -2.039         -15.835          146.226
   53 (vir)    83         141.959           0.965          -1.475         -16.452          157.901
   54 (vir)    83         147.266           3.736          -4.203         -13.796          160.595
   55 (vir)    83         157.100          -3.420          -1.766         -16.734          168.647
   56 (vir)    83         177.761          -3.296          -2.039         -16.565          188.991
   57 (vir)    83         207.692          -1.285          -0.583          -9.507          215.331
   58 (vir)    83         255.314          -2.436          -0.915         -17.178          269.141
 
 
  kpoint:      84             coordinate:     0.1020    0.4490    0.0000
 
    n           k   ϵ_nk^DFT (eV)     Σ^c_nk (eV)     Σ^x_nk (eV)    v_nk^xc (eV)   ϵ_nk^G0W0 (eV)
 
    1 (occ)    84         -18.238           7.940         -27.270         -17.520          -20.047
    2 (occ)    84         -12.517           4.917         -22.485         -15.515          -14.570
    3 (occ)    84          -8.490           3.597         -22.533         -17.065          -10.361
    4 (occ)    84          -4.522           2.186         -19.344         -15.722           -5.958
    5 (vir)    84           1.068          -3.706          -5.828         -10.917            2.451
    6 (vir)    84           6.723          -4.516          -6.225         -12.341            8.324
    7 (vir)    84           9.170          -3.016          -1.950          -5.853           10.057
    8 (vir)    84           9.779          -2.630          -1.772          -5.408           10.785
    9 (vir)    84          10.089          -3.450          -2.019          -6.483           11.103
   10 (vir)    84          11.431          -2.329          -0.559          -3.570           12.113
   11 (vir)    84          15.000          -4.696          -3.827          -9.768           16.245
   12 (vir)    84          15.835          -3.397          -1.708          -6.287           17.016
   13 (vir)    84          16.470          -3.057          -1.914          -5.853           17.351
   14 (vir)    84          17.570          -6.534          -4.969         -13.288           19.356
   15 (vir)    84          21.420          -4.128          -1.697          -7.021           22.617
   16 (vir)    84          22.218          -5.726          -3.118         -10.127           23.501
   17 (vir)    84          22.452          -4.327          -1.588          -7.009           23.545
   18 (vir)    84          24.636          -4.189          -1.570          -7.071           25.948
   19 (vir)    84          24.863          -6.331          -3.554         -11.265           26.243
   20 (vir)    84          27.401          -3.994          -2.592          -8.515           29.330
   21 (vir)    84          31.648          -4.700          -2.456          -8.836           33.328
   22 (vir)    84          32.596          -4.011          -1.460          -7.128           34.254
   23 (vir)    84          35.610          -4.370          -1.870          -8.082           37.452
   24 (vir)    84          36.854          -3.265          -0.770          -5.808           38.627
   25 (vir)    84          38.625          -7.123          -3.564         -11.712           39.650
   26 (vir)    84          41.114          -0.808          -2.547         -10.267           48.026
   27 (vir)    84          47.745          -2.719          -2.121         -11.150           54.055
   28 (vir)    84          49.506           2.794          -3.402         -13.412           62.310
   29 (vir)    84          51.537          -2.199          -3.413         -13.379           59.303
   30 (vir)    84          52.007          -0.576          -1.663          -8.897           58.664
   31 (vir)    84          53.655          -4.521          -2.499         -11.913           58.548
   32 (vir)    84          57.920          -1.463          -2.322         -11.272           65.407
   33 (vir)    84          59.639          -3.677          -2.091         -11.264           65.135
   34 (vir)    84          60.971          -1.063          -1.708         -10.631           68.831
   35 (vir)    84          62.655          -4.996          -2.094         -11.907           67.472
   36 (vir)    84          66.261          -3.221          -2.509         -12.471           73.002
   37 (vir)    84          66.960          -1.618          -2.485         -13.260           76.117
   38 (vir)    84          69.489          -1.637          -2.593         -12.281           77.540
   39 (vir)    84          73.130          -2.340          -2.157         -12.657           81.290
   40 (vir)    84          75.264          -7.348          -1.446         -12.156           78.626
   41 (vir)    84          83.030          -2.181          -2.210         -13.309           91.948
   42 (vir)    84          83.417           0.795          -3.218         -15.776           96.769
   43 (vir)    84          90.507          -2.737          -1.840         -13.343           99.273
   44 (vir)    84          92.872          -2.910          -2.564         -16.337          103.736
   45 (vir)    84          95.035          -4.392          -1.615         -13.420          102.448
   46 (vir)    84          95.301          -1.483          -1.865         -13.613          105.566
   47 (vir)    84         106.335           5.947          -2.048         -14.847          125.081
   48 (vir)    84         110.453          -0.546          -2.134         -15.480          123.253
   49 (vir)    84         117.312           8.606          -2.547         -15.997          139.369
   50 (vir)    84         118.175          -4.343          -2.584         -16.581          127.829
   51 (vir)    84         121.969          -5.773          -1.419         -13.754          128.532
   52 (vir)    84         129.477           2.688          -2.287         -15.922          145.800
   53 (vir)    84         142.005           2.789          -1.556         -16.433          159.670
   54 (vir)    84         148.907           3.522          -5.984         -13.861          160.306
   55 (vir)    84         158.149          -3.896          -1.635         -16.903          169.522
   56 (vir)    84         179.904          -2.736          -5.291         -16.262          188.138
   57 (vir)    84         207.744          -1.228          -1.012          -9.476          214.980
   58 (vir)    84         255.209          -3.660          -0.975         -17.175          267.749
 
 
  kpoint:      85             coordinate:     0.0952    0.4524    0.0000
 
    n           k   ϵ_nk^DFT (eV)     Σ^c_nk (eV)     Σ^x_nk (eV)    v_nk^xc (eV)   ϵ_nk^G0W0 (eV)
 
    1 (occ)    85         -18.250           7.944         -27.267         -17.514          -20.059
    2 (occ)    85         -12.532           4.923         -22.488         -15.511          -14.587
    3 (occ)    85          -8.423           3.577         -22.543         -17.099          -10.289
    4 (occ)    85          -4.540           2.193         -19.337         -15.707           -5.978
    5 (vir)    85           1.066          -3.701          -5.827         -10.909            2.447
    6 (vir)    85           6.628          -4.506          -6.255         -12.363            8.230
    7 (vir)    85           9.145          -3.009          -1.935          -5.828           10.030
    8 (vir)    85           9.740          -2.613          -1.741          -5.350           10.736
    9 (vir)    85          10.120          -3.444          -2.004          -6.457           11.129
   10 (vir)    85          11.401          -2.323          -0.553          -3.554           12.079
   11 (vir)    85          15.031          -4.694          -3.819          -9.754           16.272
   12 (vir)    85          15.957          -3.449          -1.708          -6.338           17.137
   13 (vir)    85          16.443          -2.920          -1.793          -5.553           17.283
   14 (vir)    85          17.606          -6.759          -5.174         -13.773           19.447
   15 (vir)    85          21.607          -4.634          -2.087          -7.990           22.876
   16 (vir)    85          22.299          -5.191          -2.684          -9.092           23.515
   17 (vir)    85          22.500          -4.410          -1.704          -7.232           23.618
   18 (vir)    85          24.660          -4.257          -1.621          -7.189           25.971
   19 (vir)    85          24.943          -6.287          -3.500         -11.178           26.335
   20 (vir)    85          27.451          -3.897          -2.514          -8.301           29.340
   21 (vir)    85          31.717          -4.798          -2.543          -9.052           33.428
   22 (vir)    85          32.283          -4.038          -1.384          -6.928           33.789
   23 (vir)    85          35.549          -4.448          -1.929          -8.167           37.340
   24 (vir)    85          36.604          -3.276          -0.747          -5.750           38.331
   25 (vir)    85          38.569          -6.175          -3.482         -11.488           40.400
   26 (vir)    85          41.223          -0.831          -2.601         -10.339           48.130
   27 (vir)    85          48.128          -2.709          -2.161         -11.256           54.513
   28 (vir)    85          49.540          -9.122          -3.470         -13.405           50.353
   29 (vir)    85          51.623          -2.160          -3.391         -13.333           59.405
   30 (vir)    85          52.142          -4.361          -1.633          -9.067           55.214
   31 (vir)    85          53.899          -4.029          -2.471         -11.870           59.268
   32 (vir)    85          57.629          -1.414          -2.304         -11.377           65.287
   33 (vir)    85          59.789          -3.562          -2.278         -11.499           65.448
   34 (vir)    85          61.034          -0.899          -1.757         -10.609           68.987
   35 (vir)    85          62.795          -3.817          -1.974         -11.591           68.595
   36 (vir)    85          66.659          -2.812          -2.599         -12.383           73.631
   37 (vir)    85          66.793          -1.453          -2.456         -13.171           76.054
   38 (vir)    85          69.766          -0.683          -2.588         -12.225           78.720
   39 (vir)    85          72.766          -2.229          -2.162         -12.672           81.047
   40 (vir)    85          75.541          -9.011          -1.459         -12.256           77.327
   41 (vir)    85          82.795          -2.201          -2.211         -13.302           91.684
   42 (vir)    85          83.208           0.382          -3.258         -15.804           96.136
   43 (vir)    85          90.079          -5.421          -1.869         -13.323           96.111
   44 (vir)    85          92.853          -2.780          -2.566         -16.344          103.851
   45 (vir)    85          94.538          -2.899          -1.704         -13.368          103.303
   46 (vir)    85          95.372          -1.408          -1.853         -13.580          105.691
   47 (vir)    85         106.536           6.480          -2.169         -14.908          125.755
   48 (vir)    85         110.581          -0.521          -2.152         -15.536          123.444
   49 (vir)    85         117.540          10.654          -2.668         -16.077          141.603
   50 (vir)    85         118.469          -4.933          -2.671         -16.486          127.351
   51 (vir)    85         122.078           4.900          -1.534         -13.841          139.286
   52 (vir)    85         129.593          -0.069          -2.472         -16.005          143.056
   53 (vir)    85         142.052           4.125          -1.686         -16.416          160.907
   54 (vir)    85         150.517           1.790          -6.835         -14.003          159.475
   55 (vir)    85         159.187          -4.661          -1.563         -17.068          170.030
   56 (vir)    85         182.610          -1.312          -9.169         -15.895          188.025
   57 (vir)    85         207.903          -1.074          -1.715          -9.455          214.568
   58 (vir)    85         255.087          -4.712          -1.030         -17.173          266.518
 
 
  kpoint:      86             coordinate:     0.0884    0.4558    0.0000
 
    n           k   ϵ_nk^DFT (eV)     Σ^c_nk (eV)     Σ^x_nk (eV)    v_nk^xc (eV)   ϵ_nk^G0W0 (eV)
 
    1 (occ)    86         -18.261           7.947         -27.264         -17.509          -20.069
    2 (occ)    86         -12.547           4.929         -22.492         -15.507          -14.603
    3 (occ)    86          -8.358           3.558         -22.553         -17.133          -10.220
    4 (occ)    86          -4.557           2.199         -19.330         -15.692           -5.996
    5 (vir)    86           1.063          -3.695          -5.826         -10.902            2.444
    6 (vir)    86           6.536          -4.495          -6.281         -12.381            8.141
    7 (vir)    86           9.123          -3.002          -1.921          -5.805           10.004
    8 (vir)    86           9.704          -2.598          -1.714          -5.298           10.690
    9 (vir)    86          10.148          -3.438          -1.989          -6.432           11.152
   10 (vir)    86          11.374          -2.318          -0.547          -3.539           12.048
   11 (vir)    86          15.064          -4.695          -3.812          -9.745           16.302
   12 (vir)    86          16.081          -3.500          -1.703          -6.381           17.260
   13 (vir)    86          16.416          -2.809          -1.690          -5.308           17.225
   14 (vir)    86          17.641          -6.953          -5.349         -14.190           19.529
   15 (vir)    86          21.744          -5.277          -2.606          -9.234           23.095
   16 (vir)    86          22.443          -4.524          -2.121          -7.785           23.583
   17 (vir)    86          22.529          -4.476          -1.834          -7.463           23.682
   18 (vir)    86          24.684          -4.330          -1.670          -7.308           25.992
   19 (vir)    86          25.022          -6.238          -3.450         -11.096           26.429
   20 (vir)    86          27.519          -3.820          -2.429          -8.095           29.366
   21 (vir)    86          31.787          -4.865          -2.628          -9.262           33.556
   22 (vir)    86          32.000          -4.040          -1.310          -6.732           33.381
   23 (vir)    86          35.494          -4.596          -1.981          -8.277           37.193
   24 (vir)    86          36.351          -3.277          -0.724          -5.681           38.031
   25 (vir)    86          38.525          -5.184          -3.398         -11.259           41.202
   26 (vir)    86          41.319          -0.873          -2.624         -10.379           48.201
   27 (vir)    86          48.512          -2.676          -2.209         -11.363           54.990
   28 (vir)    86          49.551         -10.751          -3.506         -13.331           48.626
   29 (vir)    86          51.684          -2.171          -3.357         -13.266           59.422
   30 (vir)    86          52.276          -5.325          -1.619          -9.281           54.614
   31 (vir)    86          54.135          -4.016          -2.415         -11.884           59.588
   32 (vir)    86          57.359          -1.383          -2.291         -11.479           65.164
   33 (vir)    86          59.904          -4.273          -2.443         -11.802           64.989
   34 (vir)    86          61.146          -1.120          -1.812         -10.633           68.847
   35 (vir)    86          63.031          -3.249          -1.826         -11.195           69.151
   36 (vir)    86          66.645          -1.202          -2.419         -13.059           76.083
   37 (vir)    86          67.073          -2.643          -2.644         -12.316           74.101
   38 (vir)    86          70.071           0.012          -2.566         -12.152           79.669
   39 (vir)    86          72.372          -2.145          -2.169         -12.689           80.748
   40 (vir)    86          75.831         -10.974          -1.430         -12.351           75.777
   41 (vir)    86          82.568          -2.231          -2.213         -13.294           91.418
   42 (vir)    86          83.004          -0.042          -3.280         -15.835           95.516
   43 (vir)    86          89.644          -3.728          -1.874         -13.305           97.347
   44 (vir)    86          92.819          -2.667          -2.564         -16.332          103.919
   45 (vir)    86          94.020          -1.546          -1.789         -13.310          103.995
   46 (vir)    86          95.457          -1.353          -1.845         -13.566          105.823
   47 (vir)    86         106.737           9.125          -2.264         -14.965          128.563
   48 (vir)    86         110.723          -0.495          -2.169         -15.592          123.651
   49 (vir)    86         117.742           9.770          -2.675         -16.112          140.949
   50 (vir)    86         118.754          -4.424          -2.726         -16.419          128.024
   51 (vir)    86         122.220           8.007          -1.654         -13.933          142.505
   52 (vir)    86         129.651          -2.345          -2.593         -16.083          140.795
   53 (vir)    86         142.109           4.853          -1.830         -16.399          161.532
   54 (vir)    86         152.013          -0.713          -6.580         -14.208          158.927
   55 (vir)    86         160.201          -5.775          -1.556         -17.221          170.092
   56 (vir)    86         185.913           0.639         -12.612         -15.464          189.405
   57 (vir)    86         208.270          -0.897          -2.868          -9.466          213.970
   58 (vir)    86         254.952          -4.638          -1.071         -17.170          266.412
 
 
  kpoint:      87             coordinate:     0.0816    0.4592    0.0000
 
    n           k   ϵ_nk^DFT (eV)     Σ^c_nk (eV)     Σ^x_nk (eV)    v_nk^xc (eV)   ϵ_nk^G0W0 (eV)
 
    1 (occ)    87         -18.272           7.951         -27.261         -17.503          -20.079
    2 (occ)    87         -12.560           4.935         -22.495         -15.503          -14.617
    3 (occ)    87          -8.297           3.541         -22.563         -17.165          -10.155
    4 (occ)    87          -4.573           2.204         -19.324         -15.679           -6.013
    5 (vir)    87           1.061          -3.690          -5.825         -10.894            2.440
    6 (vir)    87           6.451          -4.485          -6.304         -12.394            8.056
    7 (vir)    87           9.101          -2.996          -1.908          -5.783            9.981
    8 (vir)    87           9.670          -2.585          -1.689          -5.253           10.648
    9 (vir)    87          10.173          -3.431          -1.976          -6.408           11.174
   10 (vir)    87          11.349          -2.313          -0.541          -3.525           12.019
   11 (vir)    87          15.097          -4.697          -3.808          -9.742           16.335
   12 (vir)    87          16.207          -3.551          -1.693          -6.418           17.382
   13 (vir)    87          16.388          -2.723          -1.602          -5.108           17.172
   14 (vir)    87          17.674          -7.123          -5.499         -14.549           19.601
   15 (vir)    87          21.828          -5.772          -3.020         -10.197           23.233
   16 (vir)    87          22.542          -4.527          -1.975          -7.701           23.741
   17 (vir)    87          22.651          -4.008          -1.663          -6.765           23.744
   18 (vir)    87          24.705          -4.398          -1.711          -7.411           26.006
   19 (vir)    87          25.098          -6.194          -3.405         -11.017           26.516
   20 (vir)    87          27.608          -3.770          -2.342          -7.915           29.411
   21 (vir)    87          31.749          -4.015          -1.238          -6.536           33.032
   22 (vir)    87          31.859          -4.928          -2.713          -9.467           33.686
   23 (vir)    87          35.447          -4.783          -2.028          -8.408           37.043
   24 (vir)    87          36.093          -3.269          -0.702          -5.606           37.727
   25 (vir)    87          38.496          -4.651          -3.311         -11.025           41.558
   26 (vir)    87          41.402          -0.970          -2.618         -10.390           48.204
   27 (vir)    87          48.890          -2.613          -2.268         -11.474           55.483
   28 (vir)    87          49.543         -10.712          -3.515         -13.212           48.528
   29 (vir)    87          51.724          -2.254          -3.305         -13.171           59.337
   30 (vir)    87          52.408          -5.532          -1.619          -9.511           54.768
   31 (vir)    87          54.360          -4.257          -2.341         -11.943           59.706
   32 (vir)    87          57.123          -1.387          -2.287         -11.589           65.038
   33 (vir)    87          59.961          -5.643          -2.557         -12.121           63.882
   34 (vir)    87          61.292          -3.305          -1.872         -10.699           66.813
   35 (vir)    87          63.371          -3.293          -1.656         -10.789           69.211
   36 (vir)    87          66.521          -0.818          -2.372         -12.920           76.251
   37 (vir)    87          67.497          -2.573          -2.623         -12.264           74.564
   38 (vir)    87          70.410           0.774          -2.512         -12.061           80.732
   39 (vir)    87          71.953          -2.089          -2.176         -12.707           80.394
   40 (vir)    87          76.132         -12.470          -1.375         -12.440           74.727
   41 (vir)    87          82.351          -2.267          -2.214         -13.286           91.157
   42 (vir)    87          82.805          -0.435          -3.285         -15.870           94.954
   43 (vir)    87          89.202           0.225          -1.855         -13.292          100.863
   44 (vir)    87          92.776          -2.579          -2.560         -16.307          103.944
   45 (vir)    87          93.483          -0.391          -1.844         -13.248          104.496
   46 (vir)    87          95.549          -1.314          -1.840         -13.562          105.957
   47 (vir)    87         106.933          10.324          -2.327         -15.019          129.949
   48 (vir)    87         110.879          -0.473          -2.185         -15.646          123.868
   49 (vir)    87         117.931           7.833          -2.598         -16.110          139.275
   50 (vir)    87         119.019          -2.929          -2.723         -16.370          129.737
   51 (vir)    87         122.405           1.264          -1.790         -14.035          135.913
   52 (vir)    87         129.655          -4.564          -2.659         -16.157          138.589
   53 (vir)    87         142.184           4.324          -1.948         -16.382          160.942
   54 (vir)    87         153.338          -2.530          -5.463         -14.453          159.797
   55 (vir)    87         161.179          -7.198          -1.603         -17.356          169.734
   56 (vir)    87         189.708           1.763         -14.050         -14.934          192.355
   57 (vir)    87         209.051          -0.750          -4.759          -9.574          213.116
   58 (vir)    87         254.805          -3.433          -1.092         -17.168          267.448
 
 
  kpoint:      88             coordinate:     0.0748    0.4626    0.0000
 
    n           k   ϵ_nk^DFT (eV)     Σ^c_nk (eV)     Σ^x_nk (eV)    v_nk^xc (eV)   ϵ_nk^G0W0 (eV)
 
    1 (occ)    88         -18.282           7.954         -27.259         -17.499          -20.088
    2 (occ)    88         -12.572           4.940         -22.498         -15.500          -14.630
    3 (occ)    88          -8.241           3.524         -22.573         -17.195          -10.094
    4 (occ)    88          -4.587           2.209         -19.318         -15.666           -6.029
    5 (vir)    88           1.058          -3.685          -5.824         -10.887            2.437
    6 (vir)    88           6.370          -4.475          -6.323         -12.404            7.977
    7 (vir)    88           9.082          -2.990          -1.897          -5.764            9.959
    8 (vir)    88           9.640          -2.575          -1.668          -5.213           10.610
    9 (vir)    88          10.196          -3.425          -1.963          -6.386           11.194
   10 (vir)    88          11.326          -2.309          -0.536          -3.512           11.993
   11 (vir)    88          15.132          -4.702          -3.806          -9.745           16.370
   12 (vir)    88          16.334          -3.600          -1.678          -6.446           17.502
   13 (vir)    88          16.362          -2.657          -1.524          -4.944           17.125
   14 (vir)    88          17.704          -7.271          -5.628         -14.861           19.666
   15 (vir)    88          21.876          -6.037          -3.248         -10.715           23.305
   16 (vir)    88          22.542          -4.567          -2.127          -7.948           23.797
   17 (vir)    88          22.904          -3.721          -1.392          -6.196           23.987
   18 (vir)    88          24.717          -4.451          -1.741          -7.483           26.008
   19 (vir)    88          25.172          -6.154          -3.363         -10.942           26.597
   20 (vir)    88          27.716          -3.759          -2.259          -7.779           29.478
   21 (vir)    88          31.536          -3.959          -1.168          -6.334           32.742
   22 (vir)    88          31.939          -5.004          -2.801          -9.667           33.800
   23 (vir)    88          35.406          -4.991          -2.073          -8.556           36.897
   24 (vir)    88          35.828          -3.249          -0.682          -5.526           37.423
   25 (vir)    88          38.482          -4.397          -3.221         -10.789           41.654
   26 (vir)    88          41.469          -1.361          -2.589         -10.373           47.893
   27 (vir)    88          49.249          -2.508          -2.348         -11.597           55.990
   28 (vir)    88          49.519         -10.103          -3.507         -13.070           48.979
   29 (vir)    88          51.754          -2.427          -3.225         -13.044           59.146
   30 (vir)    88          52.536          -5.651          -1.636          -9.736           54.985
   31 (vir)    88          54.576          -4.612          -2.270         -12.032           59.725
   32 (vir)    88          56.926          -1.437          -2.291         -11.710           64.907
   33 (vir)    88          59.953          -7.064          -2.621         -12.404           62.672
   34 (vir)    88          61.459          -4.923          -1.938         -10.805           65.402
   35 (vir)    88          63.807          -3.557          -1.470         -10.442           69.222
   36 (vir)    88          66.424          -0.205          -2.314         -12.750           76.654
   37 (vir)    88          67.922          -2.663          -2.534         -12.221           74.947
   38 (vir)    88          70.785           1.602          -2.415         -11.954           81.927
   39 (vir)    88          71.512          -2.061          -2.184         -12.726           79.993
   40 (vir)    88          76.443         -12.803          -1.314         -12.525           74.851
   41 (vir)    88          82.146          -2.304          -2.215         -13.278           90.904
   42 (vir)    88          82.615          -0.779          -3.277         -15.910           94.468
   43 (vir)    88          88.755           1.771          -1.822         -13.283          101.987
   44 (vir)    88          92.728          -2.514          -2.556         -16.278          103.936
   45 (vir)    88          92.929           0.531          -1.852         -13.182          104.791
   46 (vir)    88          95.645          -1.285          -1.836         -13.565          106.088
   47 (vir)    88         107.124           4.478          -2.355         -15.069          124.316
   48 (vir)    88         111.049          -0.455          -2.199         -15.698          124.093
   49 (vir)    88         118.107           5.353          -2.465         -16.082          137.076
   50 (vir)    88         119.260          -2.050          -2.669         -16.331          130.871
   51 (vir)    88         122.639          -1.176          -1.932         -14.145          133.677
   52 (vir)    88         129.609          -6.926          -2.683         -16.227          136.227
   53 (vir)    88         142.282           3.050          -2.010         -16.363          159.684
   54 (vir)    88         154.466          -3.837          -3.960         -14.710          161.379
   55 (vir)    88         162.112          -8.872          -1.691         -17.471          169.021
   56 (vir)    88         193.626           0.774         -12.057         -14.186          196.529
   57 (vir)    88         210.676          -0.961          -7.550          -9.925          212.089
   58 (vir)    88         254.652          -2.176          -1.087         -17.165          268.553
 
 
  kpoint:      89             coordinate:     0.0680    0.4660    0.0000
 
    n           k   ϵ_nk^DFT (eV)     Σ^c_nk (eV)     Σ^x_nk (eV)    v_nk^xc (eV)   ϵ_nk^G0W0 (eV)
 
    1 (occ)    89         -18.291           7.957         -27.257         -17.495          -20.097
    2 (occ)    89         -12.583           4.944         -22.500         -15.496          -14.642
    3 (occ)    89          -8.188           3.509         -22.582         -17.224          -10.037
    4 (occ)    89          -4.600           2.214         -19.313         -15.655           -6.044
    5 (vir)    89           1.056          -3.681          -5.822         -10.881            2.433
    6 (vir)    89           6.296          -4.465          -6.337         -12.409            7.903
    7 (vir)    89           9.064          -2.985          -1.886          -5.747            9.939
    8 (vir)    89           9.614          -2.563          -1.647          -5.173           10.577
    9 (vir)    89          10.217          -3.419          -1.952          -6.365           11.211
   10 (vir)    89          11.305          -2.305          -0.532          -3.500           11.968
   11 (vir)    89          15.168          -4.708          -3.806          -9.753           16.406
   12 (vir)    89          16.344          -2.612          -1.447          -4.788           17.073
   13 (vir)    89          16.459          -3.648          -1.658          -6.467           17.620
   14 (vir)    89          17.732          -7.403          -5.742         -15.140           19.727
   15 (vir)    89          21.907          -6.160          -3.354         -10.948           23.341
   16 (vir)    89          22.532          -4.599          -2.288          -8.205           23.851
   17 (vir)    89          23.186          -3.574          -1.242          -5.920           24.288
   18 (vir)    89          24.718          -4.480          -1.755          -7.510           25.994
   19 (vir)    89          25.251          -6.113          -3.348         -10.920           26.710
   20 (vir)    89          27.839          -3.791          -2.185          -7.703           29.566
   21 (vir)    89          31.363          -3.870          -1.098          -6.122           32.517
   22 (vir)    89          32.030          -5.073          -2.896          -9.865           33.926
   23 (vir)    89          35.554          -3.212          -0.665          -5.444           37.122
   24 (vir)    89          35.633          -5.424          -2.167          -9.032           37.073
   25 (vir)    89          38.754          -4.417          -3.098         -10.401           41.641
   26 (vir)    89          41.629          -3.623          -2.513         -10.343           45.836
   27 (vir)    89          49.481          -9.007          -3.481         -12.908           49.901
   28 (vir)    89          49.572          -2.353          -2.460         -11.739           56.498
   29 (vir)    89          51.795          -2.681          -3.106         -12.880           58.889
   30 (vir)    89          52.821          -4.552          -1.904         -10.401           56.766
   31 (vir)    89          54.905          -5.524          -2.193         -12.048           59.236
   32 (vir)    89          56.767          -1.528          -2.305         -11.840           64.774
   33 (vir)    89          59.992          -8.179          -2.644         -12.795           61.963
   34 (vir)    89          61.635          -5.084          -2.011         -10.950           65.491
   35 (vir)    89          64.439          -3.663          -1.316         -10.115           69.575
   36 (vir)    89          66.356           0.852          -2.245         -12.548           77.510
   37 (vir)    89          68.941          -3.269          -2.295         -12.473           75.850
   38 (vir)    89          71.056          -2.056          -2.194         -12.744           79.551
   39 (vir)    89          72.513          -1.288          -2.046         -11.390           80.569
   40 (vir)    89          76.771         -12.354          -1.251         -12.627           75.792
   41 (vir)    89          81.952          -2.338          -2.216         -13.269           90.668
   42 (vir)    89          82.529          -1.241          -3.229         -15.962           94.020
   43 (vir)    89          88.305           1.184          -1.784         -13.276          100.982
   44 (vir)    89          92.410           1.181          -1.801         -13.099          104.890
   45 (vir)    89          92.680          -2.468          -2.550         -16.246          103.908
   46 (vir)    89          95.738          -1.260          -1.832         -13.570          106.216
   47 (vir)    89         107.317         -10.888          -2.313         -15.118          109.234
   48 (vir)    89         111.231          -0.439          -2.212         -15.747          124.327
   49 (vir)    89         118.401          -6.454          -2.136         -16.171          125.983
   50 (vir)    89         119.823           0.727          -2.521         -16.282          134.312
   51 (vir)    89         122.926          -1.954          -2.076         -14.276          133.172
   52 (vir)    89         129.658          -1.793          -2.720         -16.369          141.514
   53 (vir)    89         142.711           1.466          -1.813         -16.354          158.717
   54 (vir)    89         159.111          -0.794          -2.375         -16.207          172.150
   55 (vir)    89         163.155          -6.573          -1.624         -17.554          172.513
   56 (vir)    89         203.884          -0.515          -0.425         -10.060          213.003
   57 (vir)    89         253.940          -0.655          -0.888         -17.176          269.573
   58 (vir)    89      272113.839          -0.000          -0.000          -0.000       272113.838
 
 
  kpoint:      90             coordinate:     0.0612    0.4694    0.0000
 
    n           k   ϵ_nk^DFT (eV)     Σ^c_nk (eV)     Σ^x_nk (eV)    v_nk^xc (eV)   ϵ_nk^G0W0 (eV)
 
    1 (occ)    90         -18.299           7.960         -27.256         -17.491          -20.104
    2 (occ)    90         -12.593           4.949         -22.502         -15.494          -14.653
    3 (occ)    90          -8.139           3.495         -22.592         -17.250           -9.985
    4 (occ)    90          -4.613           2.219         -19.309         -15.645           -6.057
    5 (vir)    90           1.054          -3.677          -5.821         -10.875            2.430
    6 (vir)    90           6.228          -4.456          -6.351         -12.414            7.835
    7 (vir)    90           9.049          -2.981          -1.877          -5.731            9.922
    8 (vir)    90           9.589          -2.555          -1.631          -5.144           10.547
    9 (vir)    90          10.235          -3.413          -1.942          -6.347           11.227
   10 (vir)    90          11.286          -2.302          -0.527          -3.490           11.946
   11 (vir)    90          15.203          -4.717          -3.809          -9.767           16.445
   12 (vir)    90          16.320          -2.574          -1.386          -4.677           17.037
   13 (vir)    90          16.581          -3.693          -1.634          -6.480           17.734
   14 (vir)    90          17.758          -7.515          -5.839         -15.377           19.780
   15 (vir)    90          21.928          -6.216          -3.404         -11.051           23.359
   16 (vir)    90          22.515          -4.626          -2.457          -8.473           23.904
   17 (vir)    90          23.480          -3.502          -1.155          -5.781           24.603
   18 (vir)    90          24.707          -4.483          -1.747          -7.484           25.960
   19 (vir)    90          25.316          -6.048          -3.310         -10.846           26.803
   20 (vir)    90          27.973          -3.871          -2.124          -7.695           29.673
   21 (vir)    90          31.235          -3.746          -1.030          -5.898           32.357
   22 (vir)    90          32.137          -5.142          -3.000         -10.066           34.061
   23 (vir)    90          35.272          -3.153          -0.651          -5.362           36.829
   24 (vir)    90          35.549          -5.668          -2.212          -9.126           36.795
   25 (vir)    90          38.748          -4.089          -2.997         -10.196           41.857
   26 (vir)    90          41.637          -4.329          -2.478         -10.273           45.103
   27 (vir)    90          49.433          -7.430          -3.456         -12.771           51.317
   28 (vir)    90          49.832          -2.164          -2.612         -11.904           56.961
   29 (vir)    90          51.878          -2.944          -2.942         -12.679           58.671
   30 (vir)    90          52.911          -4.169          -1.930         -10.473           57.285
   31 (vir)    90          55.070          -6.233          -2.222         -12.186           58.800
   32 (vir)    90          56.640          -1.647          -2.325         -11.975           64.643
   33 (vir)    90          59.851          -8.531          -2.686         -12.921           61.555
   34 (vir)    90          61.811          -4.989          -2.089         -11.132           65.865
   35 (vir)    90          64.965          -4.865          -1.192          -9.995           68.902
   36 (vir)    90          66.320           2.507          -2.166         -12.314           78.975
   37 (vir)    90          69.251          -4.000          -2.230         -12.385           75.406
   38 (vir)    90          70.592          -2.071          -2.204         -12.763           79.080
   39 (vir)    90          72.804          -0.732          -1.975         -11.325           81.422
   40 (vir)    90          77.120         -11.395          -1.223         -12.714           77.217
   41 (vir)    90          81.773          -2.364          -2.217         -13.262           90.453
   42 (vir)    90          82.341          -1.259          -3.208         -16.009           93.883
   43 (vir)    90          87.852           0.564          -1.764         -13.287           99.940
   44 (vir)    90          91.843           1.348          -1.735         -13.034          104.490
   45 (vir)    90          92.634          -2.436          -2.545         -16.215          103.868
   46 (vir)    90          95.826          -1.234          -1.829         -13.577          106.339
   47 (vir)    90         107.484           9.438          -2.278         -15.158          129.802
   48 (vir)    90         111.422          -0.418          -2.223         -15.793          124.574
   49 (vir)    90         118.526           2.536          -1.996         -16.087          135.153
   50 (vir)    90         119.986           1.491          -2.497         -16.258          135.238
   51 (vir)    90         123.250          -2.169          -2.150         -14.394          133.325
   52 (vir)    90         129.486          -9.243          -2.688         -16.410          133.964
   53 (vir)    90         142.945           0.027          -1.787         -16.327          157.512
   54 (vir)    90         158.989          -0.832          -2.244         -16.169          172.082
   55 (vir)    90         164.058          -3.609          -1.698         -17.684          176.435
   56 (vir)    90         203.477           0.298          -0.373         -10.054          213.456
   57 (vir)    90         253.794          -0.511          -0.856         -17.180          269.607
   58 (vir)    90      272113.839          -0.000          -0.000          -0.000       272113.838
 
 
  kpoint:      91             coordinate:     0.0544    0.4728    0.0000
 
    n           k   ϵ_nk^DFT (eV)     Σ^c_nk (eV)     Σ^x_nk (eV)    v_nk^xc (eV)   ϵ_nk^G0W0 (eV)
 
    1 (occ)    91         -18.306           7.962         -27.254         -17.487          -20.111
    2 (occ)    91         -12.602           4.952         -22.504         -15.491          -14.663
    3 (occ)    91          -8.095           3.483         -22.600         -17.275           -9.938
    4 (occ)    91          -4.623           2.223         -19.304         -15.636           -6.069
    5 (vir)    91           1.052          -3.674          -5.820         -10.869            2.427
    6 (vir)    91           6.166          -4.448          -6.363         -12.418            7.773
    7 (vir)    91           9.035          -2.977          -1.869          -5.718            9.906
    8 (vir)    91           9.567          -2.548          -1.619          -5.121           10.521
    9 (vir)    91          10.251          -3.407          -1.933          -6.330           11.240
   10 (vir)    91          11.269          -2.298          -0.524          -3.480           11.927
   11 (vir)    91          15.239          -4.728          -3.813          -9.784           16.483
   12 (vir)    91          16.298          -2.540          -1.333          -4.585           17.010
   13 (vir)    91          16.699          -3.735          -1.607          -6.485           17.842
   14 (vir)    91          17.780          -7.611          -5.923         -15.583           19.829
   15 (vir)    91          21.943          -6.238          -3.423         -11.085           23.367
   16 (vir)    91          22.493          -4.652          -2.631          -8.748           23.958
   17 (vir)    91          23.780          -3.470          -1.103          -5.722           24.929
   18 (vir)    91          24.685          -4.461          -1.719          -7.405           25.910
   19 (vir)    91          25.376          -5.960          -3.275         -10.779           26.920
   20 (vir)    91          28.109          -3.995          -2.077          -7.755           29.791
   21 (vir)    91          31.158          -3.588          -0.965          -5.663           32.268
   22 (vir)    91          32.263          -5.203          -3.119         -10.276           34.217
   23 (vir)    91          34.980          -3.062          -0.642          -5.280           36.557
   24 (vir)    91          35.482          -5.931          -2.254          -9.209           36.506
   25 (vir)    91          38.755          -3.740          -2.898         -10.010           42.128
   26 (vir)    91          41.631          -4.875          -2.435         -10.172           44.494
   27 (vir)    91          49.376          -6.086          -3.427         -12.636           52.499
   28 (vir)    91          50.007          -2.012          -2.784         -12.074           57.285
   29 (vir)    91          52.031          -3.118          -2.753         -12.465           58.626
   30 (vir)    91          52.998          -3.967          -1.974         -10.546           57.603
   31 (vir)    91          55.243          -7.960          -2.279         -12.310           57.314
   32 (vir)    91          56.536          -1.775          -2.350         -12.110           64.521
   33 (vir)    91          59.677          -8.805          -2.730         -13.019           61.161
   34 (vir)    91          61.978          -4.917          -2.172         -11.345           66.233
   35 (vir)    91          65.509          -6.115          -1.136          -9.916           68.174
   36 (vir)    91          66.318           2.303          -2.078         -12.054           78.597
   37 (vir)    91          69.548          -8.702          -2.160         -12.278           70.964
   38 (vir)    91          70.130          -2.104          -2.214         -12.780           78.591
   39 (vir)    91          73.087           0.741          -1.902         -11.285           83.210
   40 (vir)    91          77.486         -10.231          -1.255         -12.782           78.783
   41 (vir)    91          81.607          -2.379          -2.219         -13.255           90.264
   42 (vir)    91          82.168          -1.289          -3.195         -16.061           93.745
   43 (vir)    91          87.405           0.277          -1.757         -13.305           99.230
   44 (vir)    91          91.260           1.339          -1.644         -12.973          103.927
   45 (vir)    91          92.590          -2.413          -2.540         -16.186          103.823
   46 (vir)    91          95.907          -1.205          -1.827         -13.584          106.459
   47 (vir)    91         107.641           3.571          -2.212         -15.193          124.193
   48 (vir)    91         111.619          -0.389          -2.232         -15.835          124.832
   49 (vir)    91         118.628           0.950          -1.865         -16.007          133.720
   50 (vir)    91         120.170          -1.195          -2.492         -16.241          132.724
   51 (vir)    91         123.603          -2.020          -2.151         -14.497          133.929
   52 (vir)    91         129.285          -7.143          -2.657         -16.456          135.941
   53 (vir)    91         143.213          -0.644          -1.726         -16.301          157.144
   54 (vir)    91         158.874          -0.958          -2.065         -16.133          171.985
   55 (vir)    91         164.912          -0.098          -1.764         -17.805          180.855
   56 (vir)    91         203.079           2.028          -0.326         -10.047          214.829
   57 (vir)    91         253.647          -0.899          -0.831         -17.184          269.100
   58 (vir)    91      272113.839           0.000          -0.000          -0.000       272113.839
 
 
  kpoint:      92             coordinate:     0.0476    0.4762    0.0000
 
    n           k   ϵ_nk^DFT (eV)     Σ^c_nk (eV)     Σ^x_nk (eV)    v_nk^xc (eV)   ϵ_nk^G0W0 (eV)
 
    1 (occ)    92         -18.313           7.964         -27.253         -17.484          -20.118
    2 (occ)    92         -12.610           4.956         -22.506         -15.489          -14.671
    3 (occ)    92          -8.056           3.472         -22.609         -17.297           -9.896
    4 (occ)    92          -4.633           2.226         -19.301         -15.628           -6.080
    5 (vir)    92           1.050          -3.670          -5.819         -10.864            2.425
    6 (vir)    92           6.111          -4.441          -6.373         -12.420            7.718
    7 (vir)    92           9.022          -2.974          -1.863          -5.707            9.892
    8 (vir)    92           9.547          -2.541          -1.608          -5.101           10.499
    9 (vir)    92          10.265          -3.402          -1.925          -6.315           11.252
   10 (vir)    92          11.254          -2.296          -0.521          -3.472           11.909
   11 (vir)    92          15.275          -4.740          -3.819          -9.804           16.520
   12 (vir)    92          16.278          -2.503          -1.290          -4.509           16.993
   13 (vir)    92          16.810          -3.775          -1.576          -6.483           17.942
   14 (vir)    92          17.800          -7.694          -5.996         -15.762           19.872
   15 (vir)    92          21.956          -6.242          -3.429         -11.083           23.368
   16 (vir)    92          22.470          -4.677          -2.809          -9.029           24.012
   17 (vir)    92          24.077          -3.464          -1.071          -5.710           25.251
   18 (vir)    92          24.653          -4.418          -1.670          -7.280           25.844
   19 (vir)    92          25.430          -5.850          -3.241         -10.718           27.057
   20 (vir)    92          28.239          -4.154          -2.043          -7.870           29.912
   21 (vir)    92          31.136          -3.408          -0.906          -5.424           32.247
   22 (vir)    92          32.409          -5.256          -3.254         -10.500           34.400
   23 (vir)    92          34.680          -2.921          -0.636          -5.201           36.325
   24 (vir)    92          35.432          -6.167          -2.288          -9.271           36.248
   25 (vir)    92          38.780          -3.307          -2.800          -9.849           42.522
   26 (vir)    92          41.611          -5.196          -2.386         -10.039           44.068
   27 (vir)    92          49.314          -5.311          -3.398         -12.508           53.112
   28 (vir)    92          50.090          -1.955          -2.935         -12.210           57.410
   29 (vir)    92          52.266          -3.166          -2.582         -12.280           58.797
   30 (vir)    92          53.079          -3.866          -2.034         -10.617           57.796
   31 (vir)    92          55.428         -10.167          -2.357         -12.419           55.322
   32 (vir)    92          56.445          -1.899          -2.377         -12.242           64.410
   33 (vir)    92          59.475          -8.639          -2.778         -13.100           61.159
   34 (vir)    92          62.128          -4.903          -2.256         -11.574           66.544
   35 (vir)    92          66.058          -6.394          -1.161          -9.861           68.364
   36 (vir)    92          66.347          -1.664          -1.988         -11.781           74.477
   37 (vir)    92          69.678          -2.150          -2.226         -12.796           78.098
   38 (vir)    92          69.820          -7.220          -2.092         -12.153           72.661
   39 (vir)    92          73.368           0.782          -1.836         -11.268           83.582
   40 (vir)    92          77.860          -9.044          -1.362         -12.834           80.289
   41 (vir)    92          81.456          -2.385          -2.220         -13.250           90.100
   42 (vir)    92          82.010          -1.262          -3.196         -16.119           93.670
   43 (vir)    92          86.970           0.168          -1.764         -13.332           98.706
   44 (vir)    92          90.661           1.110          -1.543         -12.914          103.142
   45 (vir)    92          92.551          -2.397          -2.536         -16.160          103.778
   46 (vir)    92          95.979          -1.171          -1.826         -13.591          106.574
   47 (vir)    92         107.784           0.545          -2.130         -15.224          121.423
   48 (vir)    92         111.815          -0.349          -2.239         -15.872          125.099
   49 (vir)    92         118.702          -0.584          -1.767         -15.938          132.289
   50 (vir)    92         120.382          -1.545          -2.499         -16.224          132.562
   51 (vir)    92         123.971          -1.675          -2.084         -14.583          134.795
   52 (vir)    92         129.057          -8.129          -2.633         -16.507          134.802
   53 (vir)    92         143.509          -0.726          -1.638         -16.277          157.422
   54 (vir)    92         158.765          -0.813          -1.850         -16.099          172.202
   55 (vir)    92         165.711           1.069          -1.817         -17.917          182.880
   56 (vir)    92         202.699          -0.028          -0.288         -10.039          212.422
   57 (vir)    92         253.501          -2.140          -0.821         -17.188          267.728
   58 (vir)    92      272113.839           0.000           0.000          -0.000       272113.839
 
 
  kpoint:      93             coordinate:     0.0408    0.4796    0.0000
 
    n           k   ϵ_nk^DFT (eV)     Σ^c_nk (eV)     Σ^x_nk (eV)    v_nk^xc (eV)   ϵ_nk^G0W0 (eV)
 
    1 (occ)    93         -18.319           7.966         -27.252         -17.481          -20.123
    2 (occ)    93         -12.617           4.959         -22.507         -15.487          -14.679
    3 (occ)    93          -8.022           3.463         -22.616         -17.316           -9.859
    4 (occ)    93          -4.642           2.229         -19.298         -15.621           -6.089
    5 (vir)    93           1.048          -3.668          -5.818         -10.859            2.422
    6 (vir)    93           6.062          -4.434          -6.381         -12.421            7.669
    7 (vir)    93           9.012          -2.971          -1.857          -5.697            9.880
    8 (vir)    93           9.531          -2.535          -1.599          -5.085           10.481
    9 (vir)    93          10.276          -3.398          -1.919          -6.303           11.263
   10 (vir)    93          11.241          -2.294          -0.518          -3.465           11.895
   11 (vir)    93          15.308          -4.753          -3.826          -9.826           16.556
   12 (vir)    93          16.261          -2.463          -1.257          -4.446           16.987
   13 (vir)    93          16.912          -3.810          -1.544          -6.475           18.033
   14 (vir)    93          17.816          -7.764          -6.058         -15.916           19.910
   15 (vir)    93          21.967          -6.236          -3.429         -11.063           23.366
   16 (vir)    93          22.445          -4.701          -2.985          -9.307           24.066
   17 (vir)    93          24.361          -3.477          -1.053          -5.727           25.558
   18 (vir)    93          24.615          -4.361          -1.606          -7.120           25.768
   19 (vir)    93          25.479          -5.727          -3.210         -10.665           27.207
   20 (vir)    93          28.356          -4.326          -2.018          -8.018           30.029
   21 (vir)    93          31.173          -3.225          -0.854          -5.198           32.292
   22 (vir)    93          32.574          -5.310          -3.406         -10.742           34.601
   23 (vir)    93          34.371          -2.702          -0.634          -5.125           36.160
   24 (vir)    93          35.399          -6.264          -2.313          -9.306           36.128
   25 (vir)    93          38.825          -2.722          -2.709          -9.721           43.116
   26 (vir)    93          41.575          -5.303          -2.329          -9.869           43.811
   27 (vir)    93          49.247          -4.855          -3.372         -12.390           53.409
   28 (vir)    93          50.102          -1.976          -3.038         -12.292           57.379
   29 (vir)    93          52.565          -3.126          -2.456         -12.144           59.127
   30 (vir)    93          53.156          -3.802          -2.109         -10.682           57.926
   31 (vir)    93          55.629          -9.602          -2.449         -12.510           56.088
   32 (vir)    93          56.356          -2.009          -2.406         -12.369           64.310
   33 (vir)    93          59.248          -8.225          -2.827         -13.172           61.369
   34 (vir)    93          62.257          -4.933          -2.335         -11.805           66.794
   35 (vir)    93          66.404          -2.560          -1.899         -11.510           73.455
   36 (vir)    93          66.600          -5.805          -1.266          -9.820           69.348
   37 (vir)    93          69.248          -2.205          -2.238         -12.811           77.616
   38 (vir)    93          70.053          -4.895          -2.039         -12.014           75.134
   39 (vir)    93          73.660          -0.906          -1.790         -11.271           82.235
   40 (vir)    93          78.232          -7.804          -1.542         -12.875           81.761
   41 (vir)    93          81.321          -2.384          -2.222         -13.246           89.961
   42 (vir)    93          81.868          -1.119          -3.212         -16.177           93.714
   43 (vir)    93          86.558           0.046          -1.777         -13.372           98.200
   44 (vir)    93          90.048           0.368          -1.449         -12.858          101.824
   45 (vir)    93          92.516          -2.385          -2.532         -16.137          103.736
   46 (vir)    93          96.041          -1.133          -1.825         -13.598          106.682
   47 (vir)    93         107.910          -1.152          -2.049         -15.249          119.957
   48 (vir)    93         112.006          -0.305          -2.245         -15.905          125.362
   49 (vir)    93         118.750          -1.579          -1.716         -15.886          131.342
   50 (vir)    93         120.623           3.226          -2.505         -16.202          137.546
   51 (vir)    93         124.345          -1.247          -1.969         -14.647          135.776
   52 (vir)    93         128.806           4.792          -2.619         -16.563          147.541
   53 (vir)    93         143.827          -0.214          -1.537         -16.256          158.332
   54 (vir)    93         158.662          -0.653          -1.616         -16.067          172.459
   55 (vir)    93         166.444           0.516          -1.858         -18.019          183.121
   56 (vir)    93         202.343          -1.806          -0.264         -10.032          210.305
   57 (vir)    93         253.363          -6.637          -0.830         -17.191          263.087
   58 (vir)    93      272113.839           0.000           0.000          -0.000       272113.839
 
 
  kpoint:      94             coordinate:     0.0340    0.4830    0.0000
 
    n           k   ϵ_nk^DFT (eV)     Σ^c_nk (eV)     Σ^x_nk (eV)    v_nk^xc (eV)   ϵ_nk^G0W0 (eV)
 
    1 (occ)    94         -18.323           7.968         -27.251         -17.479          -20.128
    2 (occ)    94         -12.623           4.961         -22.508         -15.485          -14.685
    3 (occ)    94          -7.993           3.455         -22.622         -17.332           -9.828
    4 (occ)    94          -4.649           2.232         -19.295         -15.615           -6.097
    5 (vir)    94           1.047          -3.665          -5.817         -10.856            2.420
    6 (vir)    94           6.021          -4.428          -6.388         -12.422            7.627
    7 (vir)    94           9.003          -2.969          -1.852          -5.689            9.871
    8 (vir)    94           9.517          -2.530          -1.592          -5.073           10.467
    9 (vir)    94          10.286          -3.394          -1.913          -6.292           11.271
   10 (vir)    94          11.230          -2.292          -0.516          -3.459           11.882
   11 (vir)    94          15.339          -4.766          -3.833          -9.849           16.589
   12 (vir)    94          16.246          -2.418          -1.233          -4.395           16.990
   13 (vir)    94          17.004          -3.841          -1.512          -6.463           18.113
   14 (vir)    94          17.830          -7.824          -6.111         -16.045           19.941
   15 (vir)    94          21.977          -6.223          -3.427         -11.035           23.362
   16 (vir)    94          22.422          -4.725          -3.153          -9.574           24.119
   17 (vir)    94          24.575          -4.297          -1.531          -6.942           25.689
   18 (vir)    94          24.623          -3.501          -1.043          -5.760           25.840
   19 (vir)    94          25.520          -5.602          -3.183         -10.622           27.357
   20 (vir)    94          28.452          -4.490          -1.998          -8.170           30.133
   21 (vir)    94          31.269          -3.065          -0.813          -5.005           32.396
   22 (vir)    94          32.750          -5.380          -3.571         -11.001           34.800
   23 (vir)    94          34.055          -2.394          -0.634          -5.053           36.080
   24 (vir)    94          35.383          -6.062          -2.326          -9.310           36.305
   25 (vir)    94          38.893          -2.018          -2.629          -9.635           43.881
   26 (vir)    94          41.520          -5.231          -2.266          -9.661           43.684
   27 (vir)    94          49.178          -4.548          -3.351         -12.285           53.565
   28 (vir)    94          50.070          -2.029          -3.098         -12.329           57.273
   29 (vir)    94          52.900          -3.040          -2.370         -12.047           59.537
   30 (vir)    94          53.225          -3.756          -2.196         -10.740           58.012
   31 (vir)    94          55.847          -8.205          -2.541         -12.581           57.682
   32 (vir)    94          56.262          -2.102          -2.437         -12.493           64.216
   33 (vir)    94          58.999          -8.077          -2.874         -13.242           61.291
   34 (vir)    94          62.363          -4.987          -2.406         -12.020           66.989
   35 (vir)    94          66.480          -2.635          -1.817         -11.258           73.286
   36 (vir)    94          67.122          -4.987          -1.429          -9.779           70.485
   37 (vir)    94          68.852          -2.267          -2.250         -12.825           77.160
   38 (vir)    94          70.232          -3.516          -2.011         -11.874           76.578
   39 (vir)    94          73.967          -1.785          -1.775         -11.282           81.689
   40 (vir)    94          78.591          -6.418          -1.772         -12.908           83.308
   41 (vir)    94          81.203          -2.381          -2.224         -13.243           89.841
   42 (vir)    94          81.740          -0.812          -3.236         -16.231           93.923
   43 (vir)    94          86.185          -0.258          -1.794         -13.435           97.568
   44 (vir)    94          89.430          -1.043          -1.374         -12.799           99.812
   45 (vir)    94          92.487          -2.378          -2.529         -16.117          103.698
   46 (vir)    94          96.094          -1.094          -1.824         -13.604          106.780
   47 (vir)    94         108.017          -1.985          -1.984         -15.269          119.317
   48 (vir)    94         112.185          -0.264          -2.248         -15.934          125.605
   49 (vir)    94         118.778          -1.927          -1.709         -15.850          130.992
   50 (vir)    94         120.881           1.120          -2.502         -16.175          135.674
   51 (vir)    94         124.713          -0.756          -1.837         -14.689          136.809
   52 (vir)    94         128.536          -0.429          -2.611         -16.626          142.122
   53 (vir)    94         144.153           1.046          -1.438         -16.238          160.000
   54 (vir)    94         158.564          -0.441          -1.378         -16.035          172.780
   55 (vir)    94         167.100           0.020          -1.892         -18.109          183.337
   56 (vir)    94         202.021          -1.758          -0.254         -10.025          210.034
   57 (vir)    94         253.236          -0.489          -0.861         -17.195          269.081
   58 (vir)    94      272113.839          -0.000           0.000          -0.000       272113.839
 
 
  kpoint:      95             coordinate:     0.0272    0.4864    0.0000
 
    n           k   ϵ_nk^DFT (eV)     Σ^c_nk (eV)     Σ^x_nk (eV)    v_nk^xc (eV)   ϵ_nk^G0W0 (eV)
 
    1 (occ)    95         -18.327           7.969         -27.250         -17.477          -20.131
    2 (occ)    95         -12.628           4.963         -22.509         -15.484          -14.690
    3 (occ)    95          -7.969           3.448         -22.627         -17.346           -9.802
    4 (occ)    95          -4.655           2.234         -19.293         -15.611           -6.103
    5 (vir)    95           1.045          -3.663          -5.816         -10.852            2.419
    6 (vir)    95           5.987          -4.422          -6.394         -12.421            7.592
    7 (vir)    95           8.995          -2.967          -1.848          -5.682            9.863
    8 (vir)    95           9.505          -2.526          -1.587          -5.064           10.456
    9 (vir)    95          10.294          -3.391          -1.908          -6.283           11.278
   10 (vir)    95          11.221          -2.290          -0.514          -3.455           11.872
   11 (vir)    95          15.367          -4.778          -3.840          -9.869           16.618
   12 (vir)    95          16.235          -2.372          -1.219          -4.354           16.998
   13 (vir)    95          17.082          -3.868          -1.481          -6.448           18.182
   14 (vir)    95          17.841          -7.873          -6.154         -16.151           19.966
   15 (vir)    95          21.986          -6.208          -3.425         -11.006           23.358
   16 (vir)    95          22.401          -4.746          -3.306          -9.819           24.168
   17 (vir)    95          24.536          -4.231          -1.455          -6.763           25.613
   18 (vir)    95          24.853          -3.531          -1.038          -5.800           26.084
   19 (vir)    95          25.555          -5.488          -3.161         -10.591           27.497
   20 (vir)    95          28.526          -4.627          -1.980          -8.302           30.221
   21 (vir)    95          31.420          -2.948          -0.785          -4.859           32.547
   22 (vir)    95          32.926          -5.483          -3.740         -11.267           34.970
   23 (vir)    95          33.734          -2.068          -0.636          -4.986           36.016
   24 (vir)    95          35.382          -5.474          -2.329          -9.285           36.864
   25 (vir)    95          38.983          -1.485          -2.566          -9.602           44.533
   26 (vir)    95          41.449          -5.007          -2.194          -9.414           43.662
   27 (vir)    95          49.112          -4.321          -3.335         -12.196           53.652
   28 (vir)    95          50.021          -2.083          -3.130         -12.339           57.147
   29 (vir)    95          53.244          -2.938          -2.310         -11.966           59.962
   30 (vir)    95          53.284          -3.726          -2.289         -10.789           58.058
   31 (vir)    95          56.084          -7.169          -2.625         -12.625           58.914
   32 (vir)    95          56.158          -2.180          -2.469         -12.617           64.126
   33 (vir)    95          58.730          -8.180          -2.915         -13.317           60.952
   34 (vir)    95          62.446          -5.048          -2.465         -12.205           67.139
   35 (vir)    95          66.565          -2.626          -1.747         -11.039           73.231
   36 (vir)    95          67.612          -4.301          -1.620          -9.730           71.421
   37 (vir)    95          68.502          -2.332          -2.262         -12.837           76.746
   38 (vir)    95          70.343          -2.802          -2.016         -11.753           77.277
   39 (vir)    95          74.289          -1.932          -1.804         -11.288           81.842
   40 (vir)    95          78.923          -5.027          -2.011         -12.941           84.825
   41 (vir)    95          81.104          -2.381          -2.226         -13.242           89.739
   42 (vir)    95          81.623          -0.269          -3.261         -16.272           94.364
   43 (vir)    95          85.870          -0.766          -1.814         -13.530           96.820
   44 (vir)    95          88.821          -2.115          -1.323         -12.732           98.115
   45 (vir)    95          92.463          -2.373          -2.526         -16.101          103.665
   46 (vir)    95          96.137          -1.058          -1.824         -13.610          106.865
   47 (vir)    95         108.105          -2.008          -1.941         -15.284          119.440
   48 (vir)    95         112.344          -0.237          -2.251         -15.957          125.813
   49 (vir)    95         118.791          -1.743          -1.733         -15.827          131.141
   50 (vir)    95         121.141           0.198          -2.484         -16.144          134.999
   51 (vir)    95         125.064          -0.795          -1.722         -14.704          137.251
   52 (vir)    95         128.254          -1.083          -2.600         -16.702          141.274
   53 (vir)    95         144.470          -0.998          -1.352         -16.225          158.344
   54 (vir)    95         158.474          -0.329          -1.153         -16.006          172.998
   55 (vir)    95         167.667          -0.397          -1.924         -18.187          183.533
   56 (vir)    95         201.741          -1.824          -0.257         -10.019          209.679
   57 (vir)    95         253.124          10.633          -0.908         -17.198          280.047
   58 (vir)    95      272113.839           0.000           0.000          -0.000       272113.839
 
 
  kpoint:      96             coordinate:     0.0204    0.4898    0.0000
 
    n           k   ϵ_nk^DFT (eV)     Σ^c_nk (eV)     Σ^x_nk (eV)    v_nk^xc (eV)   ϵ_nk^G0W0 (eV)
 
    1 (occ)    96         -18.330           7.970         -27.250         -17.475          -20.135
    2 (occ)    96         -12.632           4.965         -22.510         -15.483          -14.694
    3 (occ)    96          -7.950           3.443         -22.632         -17.357           -9.781
    4 (occ)    96          -4.659           2.235         -19.292         -15.607           -6.108
    5 (vir)    96           1.044          -3.662          -5.815         -10.850            2.417
    6 (vir)    96           5.960          -4.418          -6.398         -12.421            7.565
    7 (vir)    96           8.990          -2.966          -1.845          -5.678            9.857
    8 (vir)    96           9.497          -2.522          -1.583          -5.057           10.449
    9 (vir)    96          10.300          -3.388          -1.905          -6.276           11.284
   10 (vir)    96          11.214          -2.289          -0.512          -3.451           11.864
   11 (vir)    96          15.390          -4.789          -3.846          -9.887           16.642
   12 (vir)    96          16.226          -2.329          -1.210          -4.324           17.011
   13 (vir)    96          17.146          -3.888          -1.455          -6.434           18.236
   14 (vir)    96          17.850          -7.911          -6.188         -16.234           19.985
   15 (vir)    96          21.993          -6.192          -3.424         -10.979           23.356
   16 (vir)    96          22.384          -4.765          -3.437         -10.028           24.210
   17 (vir)    96          24.501          -4.172          -1.384          -6.601           25.546
   18 (vir)    96          25.042          -3.559          -1.033          -5.833           26.284
   19 (vir)    96          25.582          -5.393          -3.147         -10.575           27.617
   20 (vir)    96          28.579          -4.728          -1.964          -8.402           30.289
   21 (vir)    96          31.620          -2.887          -0.768          -4.765           32.730
   22 (vir)    96          33.086          -5.617          -3.897         -11.520           35.091
   23 (vir)    96          33.410          -1.873          -0.637          -4.925           35.826
   24 (vir)    96          35.393          -4.744          -2.325          -9.241           37.565
   25 (vir)    96          39.089          -1.394          -2.528          -9.629           44.796
   26 (vir)    96          41.365          -4.655          -2.114          -9.139           43.735
   27 (vir)    96          49.053          -4.152          -3.325         -12.124           53.700
   28 (vir)    96          49.969          -2.127          -3.146         -12.338           57.034
   29 (vir)    96          53.333          -3.715          -2.380         -10.828           58.066
   30 (vir)    96          53.569          -2.840          -2.261         -11.881           60.349
   31 (vir)    96          56.044          -2.249          -2.505         -12.746           64.036
   32 (vir)    96          56.336          -6.366          -2.693         -12.630           59.906
   33 (vir)    96          58.449          -8.380          -2.947         -13.407           60.529
   34 (vir)    96          62.509          -5.103          -2.509         -12.352           67.249
   35 (vir)    96          66.648          -2.628          -1.690         -10.862           73.191
   36 (vir)    96          68.054          -3.773          -1.802          -9.660           72.139
   37 (vir)    96          68.212          -2.397          -2.274         -12.850           76.391
   38 (vir)    96          70.383          -2.448          -2.050         -11.673           77.558
   39 (vir)    96          74.606          -1.665          -1.878         -11.279           82.341
   40 (vir)    96          79.216          -4.039          -2.207         -12.971           85.941
   41 (vir)    96          81.025          -2.386          -2.228         -13.242           89.653
   42 (vir)    96          81.510           0.653          -3.278         -16.297           95.183
   43 (vir)    96          85.636          -1.043          -1.850         -13.672           96.414
   44 (vir)    96          88.248          -2.528          -1.291         -12.644           97.073
   45 (vir)    96          92.444          -2.370          -2.524         -16.088          103.638
   46 (vir)    96          96.170          -1.027          -1.824         -13.614          106.934
   47 (vir)    96         108.173          -1.501          -1.919         -15.295          120.047
   48 (vir)    96         112.476          -0.224          -2.253         -15.975          125.974
   49 (vir)    96         118.795          -1.321          -1.775         -15.813          131.512
   50 (vir)    96         121.380          -3.270          -2.450         -16.111          131.772
   51 (vir)    96         125.388          -0.606          -1.648         -14.680          137.814
   52 (vir)    96         127.975          -1.237          -2.579         -16.801          140.961
   53 (vir)    96         144.755          -1.077          -1.288         -16.215          158.605
   54 (vir)    96         158.395          -0.244          -0.957         -15.981          173.174
   55 (vir)    96         168.131          -0.753          -1.957         -18.250          183.671
   56 (vir)    96         201.512           4.922          -0.268         -10.014          216.180
   57 (vir)    96         253.033           7.796          -0.963         -17.200          277.066
   58 (vir)    96      272113.839           0.000           0.000          -0.000       272113.839
 
 
  kpoint:      97             coordinate:     0.0136    0.4932    0.0000
 
    n           k   ϵ_nk^DFT (eV)     Σ^c_nk (eV)     Σ^x_nk (eV)    v_nk^xc (eV)   ϵ_nk^G0W0 (eV)
 
    1 (occ)    97         -18.333           7.971         -27.250         -17.474          -20.137
    2 (occ)    97         -12.634           4.966         -22.511         -15.482          -14.697
    3 (occ)    97          -7.936           3.439         -22.635         -17.365           -9.767
    4 (occ)    97          -4.662           2.237         -19.291         -15.604           -6.112
    5 (vir)    97           1.044          -3.661          -5.815         -10.848            2.416
    6 (vir)    97           5.941          -4.415          -6.401         -12.421            7.545
    7 (vir)    97           8.986          -2.965          -1.843          -5.674            9.853
    8 (vir)    97           9.490          -2.519          -1.580          -5.053           10.443
    9 (vir)    97          10.305          -3.386          -1.902          -6.271           11.287
   10 (vir)    97          11.209          -2.289          -0.511          -3.448           11.858
   11 (vir)    97          15.407          -4.797          -3.851          -9.900           16.660
   12 (vir)    97          16.219          -2.292          -1.207          -4.303           17.023
   13 (vir)    97          17.192          -3.903          -1.434          -6.421           18.276
   14 (vir)    97          17.856          -7.939          -6.213         -16.294           19.998
   15 (vir)    97          21.998          -6.178          -3.424         -10.957           23.354
   16 (vir)    97          22.371          -4.779          -3.538         -10.189           24.243
   17 (vir)    97          24.474          -4.124          -1.327          -6.471           25.494
   18 (vir)    97          25.183          -3.577          -1.026          -5.849           26.430
   19 (vir)    97          25.600          -5.327          -3.142         -10.578           27.709
   20 (vir)    97          28.613          -4.795          -1.951          -8.469           30.336
   21 (vir)    97          31.859          -2.885          -0.765          -4.713           32.922
   22 (vir)    97          33.089          -1.803          -0.633          -4.876           35.529
   23 (vir)    97          33.213          -5.762          -4.025         -11.731           35.157
   24 (vir)    97          35.409          -4.244          -2.320          -9.193           38.038
   25 (vir)    97          39.196          -1.677          -2.517          -9.710           44.713
   26 (vir)    97          41.281          -4.230          -2.034          -8.862           43.878
   27 (vir)    97          49.005          -4.031          -3.320         -12.072           53.726
   28 (vir)    97          49.926          -2.157          -3.154         -12.332           56.948
   29 (vir)    97          53.370          -3.721          -2.456         -10.856           58.048
   30 (vir)    97          53.847          -2.771          -2.215         -11.784           60.644
   31 (vir)    97          55.929          -2.315          -2.545         -12.881           63.950
   32 (vir)    97          56.593          -5.596          -2.741         -12.573           60.829
   33 (vir)    97          58.169          -8.541          -2.971         -13.535           60.191
   34 (vir)    97          62.552          -5.144          -2.539         -12.457           67.325
   35 (vir)    97          66.717          -2.645          -1.648         -10.732           73.155
   36 (vir)    97          67.994          -2.461          -2.284         -12.861           76.110
   37 (vir)    97          68.423          -3.268          -1.950          -9.564           72.769
   38 (vir)    97          70.366          -2.343          -2.098         -11.655           77.580
   39 (vir)    97          74.884          -1.272          -1.984         -11.253           82.881
   40 (vir)    97          79.455           0.607          -2.320         -12.991           90.732
   41 (vir)    97          80.967          -2.393          -2.230         -13.242           89.586
   42 (vir)    97          81.403           2.332          -3.285         -16.312           96.762
   43 (vir)    97          85.497          -0.640          -1.915         -13.860           96.803
   44 (vir)    97          87.753          -2.788          -1.261         -12.526           96.229
   45 (vir)    97          92.430          -2.369          -2.522         -16.079          103.618
   46 (vir)    97          96.193          -1.004          -1.824         -13.618          106.984
   47 (vir)    97         108.220          -0.967          -1.913         -15.302          120.641
   48 (vir)    97         112.576          -0.224          -2.253         -15.988          126.087
   49 (vir)    97         118.795          -0.949          -1.818         -15.805          131.833
   50 (vir)    97         121.577          -8.512          -2.407         -16.082          126.739
   51 (vir)    97         125.668          -0.490          -1.623         -14.602          138.156
   52 (vir)    97         127.719          -1.012          -2.547         -16.938          141.097
   53 (vir)    97         144.985          -1.032          -1.246         -16.209          158.916
   54 (vir)    97         158.333          -0.188          -0.803         -15.960          173.302
   55 (vir)    97         168.477          -1.013          -1.987         -18.296          183.772
   56 (vir)    97         201.342           0.819          -0.282         -10.010          211.889
   57 (vir)    97         252.965           6.623          -1.015         -17.202          275.775
   58 (vir)    97      272113.839           0.000           0.000          -0.000       272113.839
 
 
  kpoint:      98             coordinate:     0.0068    0.4966    0.0000
 
    n           k   ϵ_nk^DFT (eV)     Σ^c_nk (eV)     Σ^x_nk (eV)    v_nk^xc (eV)   ϵ_nk^G0W0 (eV)
 
    1 (occ)    98         -18.334           7.972         -27.249         -17.474          -20.138
    2 (occ)    98         -12.636           4.966         -22.511         -15.482          -14.699
    3 (occ)    98          -7.928           3.437         -22.636         -17.370           -9.758
    4 (occ)    98          -4.664           2.237         -19.290         -15.603           -6.114
    5 (vir)    98           1.043          -3.660          -5.814         -10.847            2.416
    6 (vir)    98           5.930          -4.414          -6.403         -12.421            7.534
    7 (vir)    98           8.983          -2.964          -1.841          -5.672            9.850
    8 (vir)    98           9.487          -2.518          -1.579          -5.050           10.441
    9 (vir)    98          10.307          -3.385          -1.901          -6.268           11.290
   10 (vir)    98          11.206          -2.288          -0.511          -3.447           11.854
   11 (vir)    98          15.418          -4.802          -3.854          -9.908           16.671
   12 (vir)    98          16.216          -2.268          -1.206          -4.290           17.032
   13 (vir)    98          17.221          -3.913          -1.421          -6.413           18.300
   14 (vir)    98          17.859          -7.956          -6.228         -16.330           20.005
   15 (vir)    98          22.002          -6.168          -3.424         -10.943           23.353
   16 (vir)    98          22.362          -4.788          -3.601         -10.291           24.264
   17 (vir)    98          24.457          -4.093          -1.290          -6.387           25.462
   18 (vir)    98          25.270          -3.584          -1.015          -5.846           26.518
   19 (vir)    98          25.611          -5.293          -3.146         -10.597           27.769
   20 (vir)    98          28.632          -4.832          -1.943          -8.506           30.363
   21 (vir)    98          32.122          -2.891          -0.790          -4.681           33.123
   22 (vir)    98          32.779          -1.717          -0.605          -4.851           35.307
   23 (vir)    98          33.295          -5.876          -4.107         -11.870           35.182
   24 (vir)    98          35.424          -4.011          -2.317          -9.157           38.253
   25 (vir)    98          39.279          -2.052          -2.523          -9.806           44.511
   26 (vir)    98          41.215          -3.858          -1.969          -8.639           44.027
   27 (vir)    98          48.974          -3.957          -3.319         -12.041           53.739
   28 (vir)    98          49.898          -2.175          -3.157         -12.328           56.895
   29 (vir)    98          53.392          -3.733          -2.507         -10.873           58.025
   30 (vir)    98          54.042          -2.746          -2.177         -11.687           60.807
   31 (vir)    98          55.838          -2.374          -2.582         -13.001           63.883
   32 (vir)    98          56.823          -4.753          -2.763         -12.422           61.728
   33 (vir)    98          57.925          -8.332          -2.991         -13.730           60.331
   34 (vir)    98          62.578          -5.169          -2.557         -12.519           67.370
   35 (vir)    98          66.763          -2.664          -1.622         -10.651           73.127
   36 (vir)    98          67.858          -2.514          -2.292         -12.871           75.923
   37 (vir)    98          68.681          -2.620          -2.043          -9.452           73.471
   38 (vir)    98          70.321          -2.471          -2.140         -11.695           77.404
   39 (vir)    98          75.077          -0.976          -2.082         -11.225           83.244
   40 (vir)    98          79.617          -1.852          -2.351         -12.989           88.404
   41 (vir)    98          80.932          -2.401          -2.230         -13.242           89.543
   42 (vir)    98          81.316           5.641          -3.291         -16.330           99.995
   43 (vir)    98          85.445           0.025          -1.997         -14.055           97.528
   44 (vir)    98          87.401          -3.155          -1.225         -12.391           95.412
   45 (vir)    98          92.422          -2.369          -2.521         -16.074          103.606
   46 (vir)    98          96.207          -0.989          -1.824         -13.620          107.014
   47 (vir)    98         108.249          -0.676          -1.915         -15.305          120.964
   48 (vir)    98         112.638          -0.228          -2.254         -15.996          126.152
   49 (vir)    98         118.794          -0.757          -1.849         -15.801          131.989
   50 (vir)    98         121.706          -7.807          -2.370         -16.061          127.590
   51 (vir)    98         125.872          -0.420          -1.630         -14.474          138.296
   52 (vir)    98         127.523           1.854          -2.514         -17.103          143.965
   53 (vir)    98         145.134          -1.009          -1.224         -16.206          159.107
   54 (vir)    98         158.292          -0.157          -0.704         -15.947          173.378
   55 (vir)    98         168.690          -1.158          -2.010         -18.324          183.847
   56 (vir)    98         201.237           0.037          -0.294         -10.008          210.989
   57 (vir)    98         252.923           5.956          -1.051         -17.203          275.031
   58 (vir)    98      272113.839          -0.000           0.000          -0.000       272113.839
 
 
  kpoint:      99             coordinate:     0.0000    0.5000    0.0000
 
    n           k   ϵ_nk^DFT (eV)     Σ^c_nk (eV)     Σ^x_nk (eV)    v_nk^xc (eV)   ϵ_nk^G0W0 (eV)
 
    1 (occ)    99         -18.334           7.972         -27.249         -17.473          -20.138
    2 (occ)    99         -12.637           4.967         -22.511         -15.482          -14.699
    3 (occ)    99          -7.925           3.436         -22.637         -17.371           -9.755
    4 (occ)    99          -4.665           2.238         -19.290         -15.602           -6.115
    5 (vir)    99           1.043          -3.660          -5.814         -10.847            2.416
    6 (vir)    99           5.926          -4.413          -6.404         -12.421            7.530
    7 (vir)    99           8.983          -2.964          -1.841          -5.672            9.849
    8 (vir)    99           9.485          -2.517          -1.578          -5.049           10.440
    9 (vir)    99          10.308          -3.385          -1.900          -6.267           11.290
   10 (vir)    99          11.205          -2.288          -0.511          -3.446           11.853
   11 (vir)    99          15.422          -4.803          -3.854          -9.911           16.675
   12 (vir)    99          16.214          -2.260          -1.206          -4.286           17.035
   13 (vir)    99          17.231          -3.916          -1.416          -6.410           18.309
   14 (vir)    99          17.860          -7.961          -6.233         -16.342           20.007
   15 (vir)    99          22.003          -6.165          -3.424         -10.939           23.353
   16 (vir)    99          22.360          -4.791          -3.623         -10.325           24.272
   17 (vir)    99          24.451          -4.083          -1.277          -6.359           25.451
   18 (vir)    99          25.300          -3.584          -1.009          -5.839           26.546
   19 (vir)    99          25.615          -5.283          -3.150         -10.608           27.790
   20 (vir)    99          28.638          -4.843          -1.940          -8.517           30.372
   21 (vir)    99          32.319          -2.427          -0.914          -4.605           33.584
   22 (vir)    99          32.567          -2.304          -0.480          -4.909           34.692
   23 (vir)    99          33.323          -5.919          -4.135         -11.919           35.187
   24 (vir)    99          35.430          -3.948          -2.315          -9.144           38.311
   25 (vir)    99          39.311          -2.222          -2.529          -9.851           44.412
   26 (vir)    99          41.190          -3.705          -1.943          -8.550           44.091
   27 (vir)    99          48.963          -3.932          -3.318         -12.030           53.744
   28 (vir)    99          49.889          -2.180          -3.158         -12.326           56.877
   29 (vir)    99          53.400          -3.738          -2.525         -10.878           58.015
   30 (vir)    99          54.115          -2.747          -2.160         -11.642           60.850
   31 (vir)    99          55.801          -2.401          -2.598         -13.054           63.856
   32 (vir)    99          56.930          -4.210          -2.763         -12.279           62.236
   33 (vir)    99          57.813          -7.852          -3.005         -13.887           60.843
   34 (vir)    99          62.586          -5.178          -2.563         -12.539           67.385
   35 (vir)    99          66.779          -2.673          -1.613         -10.623           73.116
   36 (vir)    99          67.812          -2.536          -2.296         -12.875           75.856
   37 (vir)    99          68.777          -2.254          -2.074          -9.394           73.843
   38 (vir)    99          70.297          -2.635          -2.157         -11.729           77.233
   39 (vir)    99          75.147          -0.876          -2.122         -11.212           83.361
   40 (vir)    99          79.677          -2.120          -2.350         -12.982           88.189
   41 (vir)    99          80.921          -2.404          -2.231         -13.242           89.528
   42 (vir)    99          81.280         -12.498          -3.295         -16.341           81.828
   43 (vir)    99          85.436          -0.004          -2.039         -14.148           97.542
   44 (vir)    99          87.270          -3.399          -1.204         -12.323           94.990
   45 (vir)    99          92.420          -2.368          -2.521         -16.072          103.602
   46 (vir)    99          96.212          -0.984          -1.824         -13.621          107.024
   47 (vir)    99         108.258          -0.597          -1.916         -15.307          121.052
   48 (vir)    99         112.659          -0.231          -2.254         -15.998          126.173
   49 (vir)    99         118.793          -0.710          -1.860         -15.800          132.023
   50 (vir)    99         121.751          -7.107          -2.356         -16.053          128.342
   51 (vir)    99         125.951          -0.389          -1.638         -14.395          138.320
   52 (vir)    99         127.446          -8.878          -2.500         -17.194          133.263
   53 (vir)    99         145.186          -1.004          -1.217         -16.205          159.169
   54 (vir)    99         158.278          -0.147          -0.670         -15.942          173.403
   55 (vir)    99         168.763          -1.202          -2.018         -18.334          183.877
   56 (vir)    99         201.202          -0.095          -0.298         -10.007          210.816
   57 (vir)    99         252.908           5.700          -1.064         -17.203          274.748
   58 (vir)    99      272113.839          -0.000           0.000          -0.000       272113.839
 
 
  kpoint:     100             coordinate:     0.0000    0.4898    0.0000
 
    n           k   ϵ_nk^DFT (eV)     Σ^c_nk (eV)     Σ^x_nk (eV)    v_nk^xc (eV)   ϵ_nk^G0W0 (eV)
 
    1 (occ)   100         -18.341           7.973         -27.246         -17.469          -20.144
    2 (occ)   100         -12.627           4.964         -22.514         -15.487          -14.690
    3 (occ)   100          -7.923           3.435         -22.637         -17.372           -9.753
    4 (occ)   100          -4.675           2.239         -19.279         -15.590           -6.125
    5 (vir)   100           1.056          -3.663          -5.825         -10.861            2.429
    6 (vir)   100           5.923          -4.407          -6.389         -12.397            7.524
    7 (vir)   100           8.864          -2.866          -1.816          -5.560            9.741
    8 (vir)   100           9.609          -2.626          -1.625          -5.197           10.555
    9 (vir)   100          10.225          -3.256          -1.764          -5.969           11.173
   10 (vir)   100          11.279          -2.411          -0.647          -3.743           11.964
   11 (vir)   100          15.298          -4.374          -3.441          -8.987           16.470
   12 (vir)   100          16.304          -2.715          -1.653          -5.260           17.195
   13 (vir)   100          17.215          -3.904          -1.406          -6.381           18.286
   14 (vir)   100          17.845          -7.954          -6.236         -16.338           19.993
   15 (vir)   100          22.028          -6.154          -3.384         -10.888           23.378
   16 (vir)   100          22.351          -4.784          -3.621         -10.323           24.269
   17 (vir)   100          24.314          -3.995          -1.263          -6.283           25.339
   18 (vir)   100          25.304          -3.585          -1.007          -5.838           26.550
   19 (vir)   100          25.608          -5.406          -3.121         -10.561           27.642
   20 (vir)   100          28.619          -4.782          -1.907          -8.439           30.369
   21 (vir)   100          32.327          -2.421          -0.911          -4.605           33.600
   22 (vir)   100          32.381          -2.362          -0.530          -5.052           34.542
   23 (vir)   100          33.339          -5.894          -4.129         -11.921           35.237
   24 (vir)   100          35.320          -4.072          -2.287          -9.057           38.017
   25 (vir)   100          39.240          -2.258          -2.528          -9.868           44.322
   26 (vir)   100          41.198          -3.688          -1.931          -8.552           44.131
   27 (vir)   100          48.842          -4.025          -3.239         -11.912           53.490
   28 (vir)   100          49.795          -2.164          -3.158         -12.337           56.811
   29 (vir)   100          53.287          -3.694          -2.538         -11.110           58.164
   30 (vir)   100          54.040          -2.762          -2.163         -11.649           60.763
   31 (vir)   100          55.844          -2.380          -2.592         -13.032           63.904
   32 (vir)   100          57.013          -4.737          -2.735         -12.224           61.765
   33 (vir)   100          57.808          -8.328          -2.980         -13.884           60.385
   34 (vir)   100          62.543          -5.163          -2.545         -12.443           67.279
   35 (vir)   100          67.009          -2.732          -1.633         -10.728           73.372
   36 (vir)   100          67.902          -2.492          -2.295         -12.887           76.002
   37 (vir)   100          68.776          -1.854          -1.982          -9.397           74.337
   38 (vir)   100          70.299          -3.586          -2.149         -11.751           76.315
   39 (vir)   100          75.097          -0.898          -2.075         -11.235           83.359
   40 (vir)   100          79.669          -2.059          -2.308         -12.978           88.280
   41 (vir)   100          80.780          -2.566          -2.235         -13.246           89.225
   42 (vir)   100          81.266           4.730          -3.335         -16.323           98.983
   43 (vir)   100          85.441          -0.116          -2.039         -14.150           97.436
   44 (vir)   100          87.386          -3.619          -1.391         -12.324           94.701
   45 (vir)   100          92.460          -2.227          -2.517         -16.063          103.779
   46 (vir)   100          96.233          -0.961          -1.825         -13.636          107.082
   47 (vir)   100         108.158          -1.132          -1.879         -15.286          120.433
   48 (vir)   100         112.726          -0.350          -2.253         -16.003          126.126
   49 (vir)   100         118.766          -1.319          -1.850         -15.834          131.431
   50 (vir)   100         121.698          -5.777          -2.324         -16.044          129.641
   51 (vir)   100         125.922          -0.416          -1.730         -14.408          138.184
   52 (vir)   100         127.540          -7.089          -2.574         -17.170          135.047
   53 (vir)   100         145.223          -1.084          -1.318         -16.199          159.020
   54 (vir)   100         158.304          -0.313          -0.876         -15.944          173.060
   55 (vir)   100         168.748          -1.373          -2.002         -18.338          183.711
   56 (vir)   100         201.217          -0.150          -0.330         -10.008          210.746
   57 (vir)   100         252.875           3.882          -1.075         -17.200          272.882
   58 (vir)   100      272113.839          -0.000           0.000          -0.000       272113.839
 
 
  kpoint:     101             coordinate:     0.0000    0.4796    0.0000
 
    n           k   ϵ_nk^DFT (eV)     Σ^c_nk (eV)     Σ^x_nk (eV)    v_nk^xc (eV)   ϵ_nk^G0W0 (eV)
 
    1 (occ)   101         -18.359           7.978         -27.237         -17.456          -20.162
    2 (occ)   101         -12.599           4.957         -22.523         -15.503          -14.662
    3 (occ)   101          -7.917           3.433         -22.636         -17.373           -9.746
    4 (occ)   101          -4.703           2.244         -19.249         -15.552           -6.156
    5 (vir)   101           1.093          -3.670          -5.857         -10.902            2.468
    6 (vir)   101           5.914          -4.389          -6.342         -12.324            7.508
    7 (vir)   101           8.640          -2.783          -1.827          -5.497            9.527
    8 (vir)   101           9.846          -2.745          -1.681          -5.372           10.792
    9 (vir)   101          10.024          -3.044          -1.547          -5.483           10.916
   10 (vir)   101          11.450          -2.618          -0.866          -4.226           12.191
   11 (vir)   101          15.020          -3.820          -2.901          -7.764           16.063
   12 (vir)   101          16.479          -3.349          -2.282          -6.619           17.468
   13 (vir)   101          17.166          -3.865          -1.375          -6.290           18.216
   14 (vir)   101          17.798          -7.932          -6.245         -16.327           19.949
   15 (vir)   101          22.104          -6.113          -3.284         -10.748           23.455
   16 (vir)   101          22.327          -4.768          -3.616         -10.315           24.258
   17 (vir)   101          23.905          -3.761          -1.221          -6.060           24.983
   18 (vir)   101          25.315          -3.586          -1.003          -5.835           26.561
   19 (vir)   101          25.586          -5.654          -3.040         -10.413           27.304
   20 (vir)   101          28.565          -4.672          -1.812          -8.214           30.296
   21 (vir)   101          31.921          -2.748          -0.678          -5.482           33.976
   22 (vir)   101          32.353          -2.349          -0.904          -4.604           33.704
   23 (vir)   101          33.388          -5.824          -4.112         -11.926           35.377
   24 (vir)   101          34.984          -4.326          -2.212          -8.809           37.255
   25 (vir)   101          39.046          -2.321          -2.534          -9.926           44.117
   26 (vir)   101          41.221          -3.815          -1.900          -8.560           44.067
   27 (vir)   101          48.495          -4.620          -3.042         -11.626           52.459
   28 (vir)   101          49.561          -2.115          -3.157         -12.358           56.648
   29 (vir)   101          53.037          -3.333          -2.607         -11.644           58.739
   30 (vir)   101          53.827          -2.804          -2.174         -11.668           60.517
   31 (vir)   101          55.944          -2.323          -2.575         -12.980           64.025
   32 (vir)   101          57.181          -5.669          -2.654         -12.135           60.993
   33 (vir)   101          57.795          -9.319          -2.920         -13.877           59.434
   34 (vir)   101          62.445          -5.164          -2.506         -12.227           67.002
   35 (vir)   101          67.653          -2.776          -1.676         -10.970           74.172
   36 (vir)   101          68.143          -2.373          -2.294         -12.918           76.393
   37 (vir)   101          68.776           0.469          -1.743          -9.406           76.909
   38 (vir)   101          70.305          -4.626          -2.131         -11.813           75.360
   39 (vir)   101          74.958           3.363          -1.970         -11.301           87.652
   40 (vir)   101          79.646          -1.569          -2.197         -12.964           88.844
   41 (vir)   101          80.410          -2.913          -2.245         -13.254           88.507
   42 (vir)   101          81.222           0.061          -3.437         -16.273           94.120
   43 (vir)   101          85.455          -0.104          -2.044         -14.157           97.464
   44 (vir)   101          87.725           0.378          -1.778         -12.326           98.651
   45 (vir)   101          92.564          -1.844          -2.505         -16.037          104.252
   46 (vir)   101          96.291          -0.765          -1.828         -13.679          107.377
   47 (vir)   101         107.879          -2.745          -1.805         -15.231          118.560
   48 (vir)   101         112.923          -0.585          -2.249         -16.018          126.107
   49 (vir)   101         118.695          -1.971          -1.845         -15.921          130.800
   50 (vir)   101         121.542          -2.206          -2.249         -16.017          133.103
   51 (vir)   101         125.833          -0.615          -1.984         -14.443          137.676
   52 (vir)   101         127.799          -1.966          -2.710         -17.108          140.231
   53 (vir)   101         145.333          -1.285          -1.581         -16.180          158.647
   54 (vir)   101         158.371          -2.025          -1.389         -15.949          170.906
   55 (vir)   101         168.704          -5.842          -1.954         -18.348          179.256
   56 (vir)   101         201.259          -1.427          -0.403         -10.012          209.440
   57 (vir)   101         252.784           1.459          -1.092         -17.191          270.341
   58 (vir)   101      272113.839           0.000          -0.000          -0.000       272113.839
 
 
  kpoint:     102             coordinate:     0.0000    0.4694    0.0000
 
    n           k   ϵ_nk^DFT (eV)     Σ^c_nk (eV)     Σ^x_nk (eV)    v_nk^xc (eV)   ϵ_nk^G0W0 (eV)
 
    1 (occ)   102         -18.388           7.985         -27.223         -17.434          -20.192
    2 (occ)   102         -12.553           4.945         -22.536         -15.529          -14.615
    3 (occ)   102          -7.906           3.430         -22.635         -17.376           -9.735
    4 (occ)   102          -4.750           2.253         -19.202         -15.493           -6.207
    5 (vir)   102           1.154          -3.683          -5.906         -10.968            2.533
    6 (vir)   102           5.898          -4.357          -6.258         -12.196            7.479
    7 (vir)   102           8.400          -2.747          -1.886          -5.529            9.296
    8 (vir)   102           9.770          -2.865          -1.374          -5.081           10.612
    9 (vir)   102          10.110          -2.842          -1.743          -5.537           11.062
   10 (vir)   102          11.656          -2.797          -1.045          -4.625           12.439
   11 (vir)   102          14.679          -3.439          -2.508          -6.878           15.610
   12 (vir)   102          16.651          -3.844          -2.784          -7.697           17.720
   13 (vir)   102          17.074          -3.790          -1.318          -6.121           18.087
   14 (vir)   102          17.722          -7.897          -6.259         -16.310           19.876
   15 (vir)   102          22.229          -6.031          -3.168         -10.551           23.581
   16 (vir)   102          22.288          -4.749          -3.608         -10.304           24.235
   17 (vir)   102          23.253          -3.490          -1.165          -5.746           24.345
   18 (vir)   102          25.334          -3.583          -0.996          -5.830           26.585
   19 (vir)   102          25.539          -5.751          -2.923         -10.148           27.013
   20 (vir)   102          28.483          -4.628          -1.666          -7.896           30.085
   21 (vir)   102          31.395          -4.386          -0.910          -6.142           32.242
   22 (vir)   102          32.395          -2.226          -0.896          -4.604           33.877
   23 (vir)   102          33.468          -5.758          -4.089         -11.934           35.555
   24 (vir)   102          34.419          -4.414          -2.120          -8.463           36.349
   25 (vir)   102          38.778          -2.265          -2.558         -10.025           43.980
   26 (vir)   102          41.260          -4.229          -1.866          -8.572           43.738
   27 (vir)   102          47.976          -5.603          -2.839         -11.329           50.862
   28 (vir)   102          49.278          -2.064          -3.151         -12.370           56.432
   29 (vir)   102          52.791          -1.821          -2.733         -12.211           60.447
   30 (vir)   102          53.507          -2.863          -2.192         -11.695           60.147
   31 (vir)   102          56.048          -2.267          -2.553         -12.920           64.149
   32 (vir)   102          57.298          -6.640          -2.563         -12.091           60.186
   33 (vir)   102          57.774          -8.870          -2.862         -13.865           59.907
   34 (vir)   102          62.341          -5.214          -2.468         -11.999           66.658
   35 (vir)   102          68.465          -2.274          -2.292         -12.953           76.852
   36 (vir)   102          68.615          -2.497          -1.719         -11.243           75.643
   37 (vir)   102          68.775           0.356          -1.443          -9.423           77.111
   38 (vir)   102          70.308          -4.093          -2.122         -11.898           75.991
   39 (vir)   102          74.771          -6.835          -1.880         -11.408           77.464
   40 (vir)   102          79.608          -4.761          -2.058         -12.942           85.730
   41 (vir)   102          79.927          -2.877          -2.251         -13.265           88.063
   42 (vir)   102          81.152          -1.906          -3.547         -16.204           91.903
   43 (vir)   102          85.477           0.929          -2.059         -14.167           98.515
   44 (vir)   102          88.255           2.299          -1.997         -12.328          100.885
   45 (vir)   102          92.700          -1.425          -2.490         -16.000          104.786
   46 (vir)   102          96.379          -0.247          -1.835         -13.739          108.037
   47 (vir)   102         107.471          -2.372          -1.777         -15.157          118.479
   48 (vir)   102         113.251          -0.753          -2.246         -16.042          126.294
   49 (vir)   102         118.607          -0.646          -1.877         -16.028          132.112
   50 (vir)   102         121.292          -1.357          -2.177         -15.979          133.736
   51 (vir)   102         125.683          -1.799          -2.330         -14.494          136.047
   52 (vir)   102         128.165          -2.992          -2.740         -17.030          139.464
   53 (vir)   102         145.510          -3.248          -1.899         -16.151          156.513
   54 (vir)   102         158.450           6.134          -1.968         -15.957          178.573
   55 (vir)   102         168.636          -3.462          -1.881         -18.365          181.657
   56 (vir)   102         201.311          -2.203          -0.477         -10.016          208.646
   57 (vir)   102         252.655          -3.936          -1.090         -17.177          264.806
   58 (vir)   102      272113.839           0.000          -0.000          -0.000       272113.839
 
 
  kpoint:     103             coordinate:     0.0000    0.4592    0.0000
 
    n           k   ϵ_nk^DFT (eV)     Σ^c_nk (eV)     Σ^x_nk (eV)    v_nk^xc (eV)   ϵ_nk^G0W0 (eV)
 
    1 (occ)   103         -18.429           7.996         -27.204         -17.405          -20.232
    2 (occ)   103         -12.489           4.927         -22.551         -15.564          -14.549
    3 (occ)   103          -7.891           3.425         -22.633         -17.379           -9.719
    4 (occ)   103          -4.814           2.265         -19.142         -15.415           -6.275
    5 (vir)   103           1.237          -3.701          -5.970         -11.055            2.621
    6 (vir)   103           5.874          -4.307          -6.132         -11.999            7.435
    7 (vir)   103           8.161          -2.741          -1.991          -5.642            9.071
    8 (vir)   103           9.490          -2.718          -1.241          -4.757           10.288
    9 (vir)   103          10.381          -2.936          -1.824          -5.722           11.343
   10 (vir)   103          11.869          -2.945          -1.188          -4.948           12.684
   11 (vir)   103          14.309          -3.161          -2.204          -6.210           15.154
   12 (vir)   103          16.790          -4.237          -3.183          -8.567           17.938
   13 (vir)   103          16.924          -3.664          -1.230          -5.853           17.883
   14 (vir)   103          17.617          -7.851          -6.277         -16.286           19.775
   15 (vir)   103          22.239          -4.734          -3.598         -10.289           24.196
   16 (vir)   103          22.398          -5.918          -3.076         -10.346           23.750
   17 (vir)   103          22.457          -3.299          -1.121          -5.466           23.504
   18 (vir)   103          25.361          -3.573          -0.989          -5.824           26.623
   19 (vir)   103          25.454          -5.567          -2.777          -9.737           26.847
   20 (vir)   103          28.386          -4.597          -1.508          -7.580           29.860
   21 (vir)   103          30.967          -4.818          -1.166          -6.860           31.842
   22 (vir)   103          32.455          -2.145          -0.890          -4.604           34.024
   23 (vir)   103          33.579          -5.766          -4.064         -11.943           35.692
   24 (vir)   103          33.652          -4.306          -2.054          -8.130           35.423
   25 (vir)   103          38.492          -1.838          -2.601         -10.141           44.194
   26 (vir)   103          41.315          -4.670          -1.845          -8.589           43.388
   27 (vir)   103          47.367          -4.847          -2.732         -11.126           50.914
   28 (vir)   103          49.008          -2.067          -3.141         -12.368           56.168
   29 (vir)   103          52.609          -0.861          -2.856         -12.660           61.552
   30 (vir)   103          53.115          -2.942          -2.215         -11.726           59.684
   31 (vir)   103          56.124          -2.251          -2.532         -12.865           64.206
   32 (vir)   103          57.291          -7.286          -2.527         -12.090           59.568
   33 (vir)   103          57.745          -6.915          -2.841         -13.848           61.837
   34 (vir)   103          62.261          -5.170          -2.437         -11.805           66.458
   35 (vir)   103          68.774          -0.039          -1.185          -9.447           76.996
   36 (vir)   103          68.799          -2.162          -2.288         -12.982           77.330
   37 (vir)   103          69.805          -1.596          -1.754         -11.501           77.957
   38 (vir)   103          70.287          -2.257          -2.144         -11.982           77.868
   39 (vir)   103          74.602         -10.954          -1.839         -11.555           73.365
   40 (vir)   103          79.442          -2.405          -2.256         -13.278           88.060
   41 (vir)   103          79.556          -4.997          -1.938         -12.910           85.532
   42 (vir)   103          81.059          -2.334          -3.603         -16.128           91.250
   43 (vir)   103          85.509         -10.018          -2.090         -14.182           87.584
   44 (vir)   103          88.927           0.855          -1.805         -12.331          100.309
   45 (vir)   103          92.842          -1.223          -2.472         -15.956          105.103
   46 (vir)   103          96.487          -0.034          -1.844         -13.807          108.417
   47 (vir)   103         106.996           0.569          -1.865         -15.079          120.779
   48 (vir)   103         113.705          -0.795          -2.245         -16.077          126.742
   49 (vir)   103         118.523           1.024          -1.938         -16.129          133.737
   50 (vir)   103         120.960          -0.714          -2.153         -15.936          134.030
   51 (vir)   103         125.471          -3.053          -2.659         -14.551          134.310
   52 (vir)   103         128.579          -2.767          -2.579         -16.955          140.187
   53 (vir)   103         145.742           2.239          -2.140         -16.114          161.956
   54 (vir)   103         158.512           3.447          -2.371         -15.967          175.555
   55 (vir)   103         168.552          -5.134          -1.792         -18.388          180.014
   56 (vir)   103         201.355          -1.250          -0.525         -10.020          209.599
   57 (vir)   103         252.512          -3.035          -1.061         -17.163          265.578
   58 (vir)   103      272113.839           0.000          -0.000          -0.000       272113.838
 
 
  kpoint:     104             coordinate:     0.0000    0.4490    0.0000
 
    n           k   ϵ_nk^DFT (eV)     Σ^c_nk (eV)     Σ^x_nk (eV)    v_nk^xc (eV)   ϵ_nk^G0W0 (eV)
 
    1 (occ)   104         -18.480           8.009         -27.182         -17.370          -20.283
    2 (occ)   104         -12.408           4.904         -22.568         -15.607          -14.465
    3 (occ)   104          -7.872           3.419         -22.631         -17.384           -9.699
    4 (occ)   104          -4.893           2.282         -19.073         -15.322           -6.361
    5 (vir)   104           1.340          -3.725          -6.043         -11.158            2.731
    6 (vir)   104           5.841          -4.235          -5.952         -11.718            7.373
    7 (vir)   104           7.931          -2.761          -2.152          -5.845            8.863
    8 (vir)   104           9.196          -2.592          -1.134          -4.483            9.953
    9 (vir)   104          10.649          -3.038          -1.929          -5.943           11.624
   10 (vir)   104          12.078          -3.075          -1.312          -5.227           12.918
   11 (vir)   104          13.926          -2.928          -1.947          -5.665           14.716
   12 (vir)   104          16.701          -3.475          -1.108          -5.471           17.589
   13 (vir)   104          16.888          -4.553          -3.494          -9.273           18.113
   14 (vir)   104          17.484          -7.795          -6.297         -16.257           19.648
   15 (vir)   104          21.665          -3.212          -1.114          -5.341           22.679
   16 (vir)   104          22.183          -4.724          -3.588         -10.273           24.144
   17 (vir)   104          22.606          -5.812          -3.020         -10.188           23.963
   18 (vir)   104          25.309          -5.197          -2.594          -9.147           26.665
   19 (vir)   104          25.395          -3.557          -0.982          -5.817           26.674
   20 (vir)   104          28.291          -4.458          -1.383          -7.349           29.799
   21 (vir)   104          30.684          -4.587          -1.384          -7.458           32.171
   22 (vir)   104          32.532          -2.116          -0.888          -4.605           34.134
   23 (vir)   104          32.765          -4.200          -2.046          -7.935           34.455
   24 (vir)   104          33.719          -5.903          -4.040         -11.954           35.730
   25 (vir)   104          38.228          -0.947          -2.648         -10.238           44.871
   26 (vir)   104          41.386          -4.747          -1.844          -8.610           43.405
   27 (vir)   104          46.746          -4.491          -2.730         -11.020           50.545
   28 (vir)   104          48.773          -2.121          -3.129         -12.358           55.881
   29 (vir)   104          52.486          -1.464          -2.942         -12.962           61.042
   30 (vir)   104          52.684          -3.075          -2.243         -11.759           59.125
   31 (vir)   104          56.161          -2.241          -2.524         -12.818           64.215
   32 (vir)   104          57.157          -6.766          -2.574         -12.116           59.933
   33 (vir)   104          57.707          -5.766          -2.870         -13.827           62.898
   34 (vir)   104          62.214          -4.633          -2.412         -11.649           66.817
   35 (vir)   104          68.773          -0.138          -1.046          -9.479           77.068
   36 (vir)   104          69.089          -2.123          -2.280         -12.993           77.679
   37 (vir)   104          70.206          -2.218          -2.194         -12.042           77.836
   38 (vir)   104          71.155          -0.700          -1.782         -11.738           80.411
   39 (vir)   104          74.527          -7.868          -1.841         -11.742           76.561
   40 (vir)   104          79.030          -2.179          -2.268         -13.298           87.882
   41 (vir)   104          79.493          -4.789          -1.873         -12.869           85.701
   42 (vir)   104          80.949          -2.092          -3.561         -16.053           91.349
   43 (vir)   104          85.550          -9.016          -2.127         -14.200           88.608
   44 (vir)   104          89.688          -0.446          -1.286         -12.339          100.296
   45 (vir)   104          92.979          -1.228          -2.454         -15.908          105.206
   46 (vir)   104          96.610          -0.479          -1.856         -13.874          108.149
   47 (vir)   104         106.507           2.956          -2.055         -15.008          122.416
   48 (vir)   104         114.282          -0.682          -2.247         -16.121          127.473
   49 (vir)   104         118.454           3.928          -1.988         -16.211          136.605
   50 (vir)   104         120.563           1.050          -2.191         -15.897          135.319
   51 (vir)   104         125.199          -8.664          -2.850         -14.607          128.292
   52 (vir)   104         128.997          -1.212          -2.299         -16.888          142.374
   53 (vir)   104         146.019           0.294          -2.188         -16.072          160.196
   54 (vir)   104         158.537           1.387          -2.463         -15.978          173.439
   55 (vir)   104         168.464          -8.336          -1.705         -18.415          176.837
   56 (vir)   104         201.370          -0.796          -0.548         -10.024          210.050
   57 (vir)   104         252.375          -2.532          -1.022         -17.149          265.969
   58 (vir)   104      272113.839           0.000          -0.000          -0.000       272113.838
 
 
  kpoint:     105             coordinate:     0.0000    0.4388    0.0000
 
    n           k   ϵ_nk^DFT (eV)     Σ^c_nk (eV)     Σ^x_nk (eV)    v_nk^xc (eV)   ϵ_nk^G0W0 (eV)
 
    1 (occ)   105         -18.540           8.026         -27.158         -17.330          -20.343
    2 (occ)   105         -12.311           4.876         -22.585         -15.657          -14.364
    3 (occ)   105          -7.849           3.412         -22.628         -17.389           -9.675
    4 (occ)   105          -4.985           2.304         -18.999         -15.219           -6.461
    5 (vir)   105           1.462          -3.754          -6.121         -11.274            2.861
    6 (vir)   105           5.796          -4.135          -5.706         -11.334            7.288
    7 (vir)   105           7.715          -2.810          -2.379          -6.154            8.680
    8 (vir)   105           8.896          -2.482          -1.043          -4.244            9.615
    9 (vir)   105          10.905          -3.153          -2.066          -6.210           11.896
   10 (vir)   105          12.273          -3.192          -1.427          -5.480           13.134
   11 (vir)   105          13.544          -2.715          -1.718          -5.191           14.302
   12 (vir)   105          16.398          -3.233          -0.959          -5.000           17.206
   13 (vir)   105          16.944          -4.802          -3.725          -9.819           18.235
   14 (vir)   105          17.326          -7.731          -6.321         -16.222           19.496
   15 (vir)   105          21.003          -3.213          -1.147          -5.393           22.036
   16 (vir)   105          22.124          -4.719          -3.577         -10.256           24.084
   17 (vir)   105          22.842          -5.765          -2.991         -10.135           24.220
   18 (vir)   105          25.077          -4.650          -2.354          -8.351           26.424
   19 (vir)   105          25.438          -3.539          -0.975          -5.811           26.734
   20 (vir)   105          28.210          -4.285          -1.312          -7.224           29.837
   21 (vir)   105          30.525          -4.418          -1.536          -7.878           32.449
   22 (vir)   105          31.878          -4.107          -2.086          -7.946           33.631
   23 (vir)   105          32.628          -2.119          -0.890          -4.607           34.226
   24 (vir)   105          33.886          -6.181          -4.013         -11.966           35.657
   25 (vir)   105          38.005          -0.495          -2.683         -10.301           45.128
   26 (vir)   105          41.473          -4.247          -1.858          -8.635           44.004
   27 (vir)   105          46.154          -3.506          -2.782         -10.974           50.840
   28 (vir)   105          48.571          -2.168          -3.116         -12.346           55.633
   29 (vir)   105          52.238          -3.315          -2.275         -11.791           58.439
   30 (vir)   105          52.392          -2.179          -3.004         -13.140           60.350
   31 (vir)   105          56.160          -2.171          -2.533         -12.777           64.234
   32 (vir)   105          56.929          -5.874          -2.668         -12.163           60.549
   33 (vir)   105          57.662          -5.198          -2.930         -13.800           63.335
   34 (vir)   105          62.198          -3.549          -2.391         -11.523           67.782
   35 (vir)   105          68.772           0.017          -1.047          -9.521           77.264
   36 (vir)   105          69.305          -2.037          -2.266         -12.980           77.983
   37 (vir)   105          70.041          -3.558          -2.227         -12.070           76.326
   38 (vir)   105          72.609          -0.262          -1.805         -11.955           82.497
   39 (vir)   105          74.604           2.242          -1.891         -11.958           86.913
   40 (vir)   105          78.729          -1.967          -2.303         -13.329           87.788
   41 (vir)   105          79.420          -3.651          -1.872         -12.819           86.717
   42 (vir)   105          80.827          -1.324          -3.429         -15.981           92.055
   43 (vir)   105          85.601          -7.693          -2.156         -14.221           89.973
   44 (vir)   105          90.487          -0.703          -0.779         -12.355          101.359
   45 (vir)   105          93.113          -1.241          -2.437         -15.858          105.293
   46 (vir)   105          96.744          -0.820          -1.871         -13.937          107.990
   47 (vir)   105         106.041           3.314          -2.235         -14.948          122.068
   48 (vir)   105         114.974          -0.241          -2.254         -16.174          128.653
   49 (vir)   105         118.404           4.978          -2.004         -16.273          137.651
   50 (vir)   105         120.114           2.591          -2.265         -15.865          136.306
   51 (vir)   105         124.867           0.735          -2.811         -14.654          137.446
   52 (vir)   105         129.396          -1.735          -2.069         -16.829          142.421
   53 (vir)   105         146.324          -0.345          -1.998         -16.027          160.009
   54 (vir)   105         158.525          -0.520          -2.231         -15.990          171.765
   55 (vir)   105         168.382          -0.210          -1.654         -18.445          184.963
   56 (vir)   105         201.342          -0.820          -0.552         -10.027          209.996
   57 (vir)   105         252.253          -2.061          -0.998         -17.137          266.331
   58 (vir)   105      272113.839           0.000          -0.000          -0.000       272113.838
 
 
  kpoint:     106             coordinate:     0.0000    0.4286    0.0000
 
    n           k   ϵ_nk^DFT (eV)     Σ^c_nk (eV)     Σ^x_nk (eV)    v_nk^xc (eV)   ϵ_nk^G0W0 (eV)
 
    1 (occ)   106         -18.608           8.045         -27.133         -17.286          -20.410
    2 (occ)   106         -12.200           4.843         -22.603         -15.712          -14.249
    3 (occ)   106          -7.821           3.403         -22.624         -17.396           -9.646
    4 (occ)   106          -5.089           2.331         -18.925         -15.110           -6.573
    5 (vir)   106           1.601          -3.789          -6.200         -11.396            3.008
    6 (vir)   106           5.736          -4.004          -5.387         -10.830            7.175
    7 (vir)   106           7.517          -2.890          -2.680          -6.582            8.528
    8 (vir)   106           8.595          -2.385          -0.966          -4.033            9.277
    9 (vir)   106          11.137          -3.282          -2.241          -6.525           12.139
   10 (vir)   106          12.448          -3.296          -1.536          -5.707           13.323
   11 (vir)   106          13.181          -2.521          -1.506          -4.771           13.925
   12 (vir)   106          16.035          -2.981          -0.806          -4.519           16.767
   13 (vir)   106          16.961          -4.979          -3.885         -10.199           18.296
   14 (vir)   106          17.144          -7.659          -6.347         -16.183           19.321
   15 (vir)   106          20.529          -3.280          -1.194          -5.545           21.599
   16 (vir)   106          22.067          -4.714          -3.565         -10.239           24.026
   17 (vir)   106          23.085          -5.838          -2.987         -10.242           24.502
   18 (vir)   106          24.740          -4.002          -2.053          -7.373           26.058
   19 (vir)   106          25.488          -3.524          -0.969          -5.804           26.800
   20 (vir)   106          28.146          -4.264          -1.290          -7.184           29.776
   21 (vir)   106          30.455          -4.434          -1.632          -8.145           32.535
   22 (vir)   106          31.113          -3.785          -2.119          -8.130           33.338
   23 (vir)   106          32.741          -2.138          -0.894          -4.611           34.321
   24 (vir)   106          34.077          -6.590          -3.980         -11.977           35.484
   25 (vir)   106          37.828          -1.131          -2.704         -10.335           44.328
   26 (vir)   106          41.577          -3.488          -1.873          -8.664           44.880
   27 (vir)   106          45.608          -1.921          -2.832         -10.954           51.808
   28 (vir)   106          48.395          -2.169          -3.105         -12.333           55.453
   29 (vir)   106          51.791          -3.667          -2.310         -11.823           57.638
   30 (vir)   106          52.297          -2.751          -3.071         -13.221           59.696
   31 (vir)   106          56.128          -2.007          -2.558         -12.741           64.304
   32 (vir)   106          56.660          -5.967          -2.757         -12.231           60.166
   33 (vir)   106          57.610          -4.904          -2.983         -13.768           63.490
   34 (vir)   106          62.208          -2.773          -2.371         -11.421           68.485
   35 (vir)   106          68.770           0.168          -1.153          -9.574           77.360
   36 (vir)   106          69.433          -1.795          -2.245         -12.943           78.337
   37 (vir)   106          69.794          -3.898          -2.208         -12.078           75.766
   38 (vir)   106          74.124          -0.008          -1.826         -12.158           84.447
   39 (vir)   106          74.844          -0.745          -1.998         -12.183           84.285
   40 (vir)   106          78.549          -1.668          -2.366         -13.371           87.886
   41 (vir)   106          79.341          -3.240          -1.914         -12.760           86.947
   42 (vir)   106          80.697          -0.669          -3.268         -15.912           92.672
   43 (vir)   106          85.661          -9.091          -2.161         -14.246           88.653
   44 (vir)   106          91.280          -0.594          -0.635         -12.381          102.432
   45 (vir)   106          93.245          -1.122          -2.421         -15.805          105.507
   46 (vir)   106          96.889          -0.882          -1.892         -13.996          108.111
   47 (vir)   106         105.622           0.096          -2.276         -14.898          118.340
   48 (vir)   106         115.775           2.114          -2.265         -16.237          131.861
   49 (vir)   106         118.371           0.678          -1.989         -16.318          133.377
   50 (vir)   106         119.627           1.776          -2.329         -15.845          134.918
   51 (vir)   106         124.481          -1.497          -2.527         -14.689          135.146
   52 (vir)   106         129.763          -2.810          -2.039         -16.776          141.690
   53 (vir)   106         146.645          -0.914          -1.617         -15.983          160.096
   54 (vir)   106         158.489          -0.551          -1.754         -16.006          172.189
   55 (vir)   106         168.320          -0.462          -1.685         -18.477          184.650
   56 (vir)   106         201.256          -0.801          -0.525         -10.032          209.963
   57 (vir)   106         252.145          -0.717          -1.006         -17.129          267.552
   58 (vir)   106      272113.839           0.000          -0.000          -0.000       272113.839
 
 
  kpoint:     107             coordinate:     0.0000    0.4184    0.0000
 
    n           k   ϵ_nk^DFT (eV)     Σ^c_nk (eV)     Σ^x_nk (eV)    v_nk^xc (eV)   ϵ_nk^G0W0 (eV)
 
    1 (occ)   107         -18.684           8.067         -27.108         -17.240          -20.485
    2 (occ)   107         -12.075           4.806         -22.622         -15.771          -14.119
    3 (occ)   107          -7.790           3.393         -22.621         -17.404           -9.613
    4 (occ)   107          -5.203           2.362         -18.852         -14.997           -6.696
    5 (vir)   107           1.754          -3.829          -6.277         -11.522            3.170
    6 (vir)   107           5.658          -3.841          -4.992         -10.203            7.029
    7 (vir)   107           7.340          -3.003          -3.056          -7.132            8.413
    8 (vir)   107           8.296          -2.302          -0.899          -3.847            8.943
    9 (vir)   107          11.313          -3.395          -2.444          -6.830           12.305
   10 (vir)   107          12.588          -3.378          -1.635          -5.895           13.470
   11 (vir)   107          12.868          -2.383          -1.320          -4.458           13.623
   12 (vir)   107          15.656          -2.777          -0.675          -4.127           16.332
   13 (vir)   107          16.940          -7.557          -6.355         -16.090           19.118
   14 (vir)   107          16.946          -5.101          -3.996         -10.456           18.305
   15 (vir)   107          20.235          -3.367          -1.231          -5.699           21.335
   16 (vir)   107          22.014          -4.707          -3.554         -10.223           23.976
   17 (vir)   107          23.286          -5.996          -3.011         -10.470           24.750
   18 (vir)   107          24.333          -3.476          -1.738          -6.394           25.512
   19 (vir)   107          25.546          -3.514          -0.963          -5.799           26.869
   20 (vir)   107          28.097          -4.490          -1.300          -7.198           29.505
   21 (vir)   107          30.446          -4.597          -1.689          -8.306           32.466
   22 (vir)   107          30.549          -3.519          -2.080          -8.355           33.305
   23 (vir)   107          32.874          -2.156          -0.896          -4.618           34.440
   24 (vir)   107          34.292          -7.119          -3.939         -11.988           35.221
   25 (vir)   107          37.703          -2.069          -2.719         -10.351           43.266
   26 (vir)   107          41.697          -3.088          -1.884          -8.696           45.421
   27 (vir)   107          45.108          -1.044          -2.851         -10.942           52.155
   28 (vir)   107          48.235          -2.129          -3.098         -12.320           55.328
   29 (vir)   107          51.354          -3.971          -2.346         -11.853           56.890
   30 (vir)   107          52.177          -3.293          -3.149         -13.219           58.954
   31 (vir)   107          56.068          -1.701          -2.591         -12.707           64.482
   32 (vir)   107          56.401           0.532          -2.813         -12.329           66.448
   33 (vir)   107          57.551          -4.662          -2.998         -13.731           63.622
   34 (vir)   107          62.241          -2.443          -2.351         -11.334           68.781
   35 (vir)   107          68.768          -1.409          -1.299          -9.640           75.701
   36 (vir)   107          69.472          -1.145          -2.218         -12.885           78.993
   37 (vir)   107          69.494          -1.237          -2.166         -12.078           78.168
   38 (vir)   107          75.222          -1.778          -2.130         -12.403           83.717
   39 (vir)   107          75.665           0.263          -1.848         -12.348           86.428
   40 (vir)   107          78.485          -0.800          -2.444         -13.424           88.665
   41 (vir)   107          79.258          -3.519          -1.958         -12.691           86.472
   42 (vir)   107          80.567           0.566          -3.153         -15.839           93.819
   43 (vir)   107          85.729           4.153          -2.139         -14.272          102.016
   44 (vir)   107          92.038           0.708          -0.975         -12.422          104.193
   45 (vir)   107          93.380          -0.872          -2.405         -15.750          105.853
   46 (vir)   107          97.045          -0.572          -1.915         -14.051          108.608
   47 (vir)   107         105.262          -1.357          -2.134         -14.855          116.625
   48 (vir)   107         116.674          -6.674          -2.278         -16.308          124.031
   49 (vir)   107         118.352          -1.566          -1.967         -16.353          131.172
   50 (vir)   107         119.112          -1.313          -2.347         -15.837          131.289
   51 (vir)   107         124.048          -0.534          -2.072         -14.708          136.151
   52 (vir)   107         130.094          -3.957          -2.236         -16.724          140.625
   53 (vir)   107         146.965          -1.609          -1.179         -15.941          160.118
   54 (vir)   107         158.453           0.666          -1.172         -16.024          173.972
   55 (vir)   107         168.293          -0.746          -1.828         -18.508          184.226
   56 (vir)   107         201.106          -0.508          -0.445         -10.039          210.192
   57 (vir)   107         252.045           3.240          -1.044         -17.123          271.364
   58 (vir)   107      272113.839          -0.000          -0.000          -0.000       272113.839
 
 
  kpoint:     108             coordinate:     0.0000    0.4082    0.0000
 
    n           k   ϵ_nk^DFT (eV)     Σ^c_nk (eV)     Σ^x_nk (eV)    v_nk^xc (eV)   ϵ_nk^G0W0 (eV)
 
    1 (occ)   108         -18.766           8.090         -27.082         -17.192          -20.566
    2 (occ)   108         -11.937           4.765         -22.640         -15.834          -13.977
    3 (occ)   108          -7.754           3.382         -22.616         -17.412           -9.576
    4 (occ)   108          -5.325           2.398         -18.785         -14.884           -6.828
    5 (vir)   108           1.918          -3.873          -6.349         -11.648            3.343
    6 (vir)   108           5.560          -3.650          -4.536          -9.476            6.850
    7 (vir)   108           7.187          -3.145          -3.490          -7.781            8.333
    8 (vir)   108           8.005          -2.231          -0.842          -3.686            8.617
    9 (vir)   108          11.375          -3.374          -2.569          -6.863           12.295
   10 (vir)   108          12.666          -2.418          -1.268          -4.516           13.496
   11 (vir)   108          12.678          -3.420          -1.708          -6.001           13.551
   12 (vir)   108          15.317          -2.660          -0.591          -3.900           15.966
   13 (vir)   108          16.718          -7.493          -6.409         -16.094           18.909
   14 (vir)   108          16.906          -5.102          -3.990         -10.434           18.249
   15 (vir)   108          20.081          -3.438          -1.248          -5.803           21.198
   16 (vir)   108          21.969          -4.698          -3.543         -10.210           23.938
   17 (vir)   108          23.239          -5.331          -2.699          -9.442           24.652
   18 (vir)   108          24.078          -3.943          -1.845          -6.932           25.221
   19 (vir)   108          25.612          -3.510          -0.957          -5.796           26.941
   20 (vir)   108          28.061          -4.795          -1.325          -7.243           29.184
   21 (vir)   108          30.208          -4.380          -1.952          -8.471           32.348
   22 (vir)   108          30.481          -4.809          -1.723          -8.400           32.349
   23 (vir)   108          33.026          -2.094          -0.896          -4.629           34.666
   24 (vir)   108          34.526          -7.556          -3.893         -11.997           35.074
   25 (vir)   108          37.634          -2.800          -2.741         -10.361           42.455
   26 (vir)   108          41.833          -3.464          -1.892          -8.729           45.206
   27 (vir)   108          44.651          -1.013          -2.840         -10.933           51.731
   28 (vir)   108          48.086          -2.076          -3.092         -12.307           55.225
   29 (vir)   108          50.930          -3.956          -2.382         -11.881           56.474
   30 (vir)   108          52.013          -3.974          -3.212         -13.151           57.978
   31 (vir)   108          55.984          -1.270          -2.621         -12.675           64.768
   32 (vir)   108          56.192          -2.508          -2.846         -12.456           63.294
   33 (vir)   108          57.486          -4.488          -2.963         -13.689           63.724
   34 (vir)   108          62.292          -2.301          -2.332         -11.257           68.917
   35 (vir)   108          68.765          -0.306          -1.416          -9.720           76.763
   36 (vir)   108          69.171          -1.785          -2.168         -12.077           77.296
   37 (vir)   108          69.428           2.116          -2.187         -12.809           82.167
   38 (vir)   108          75.698          -3.446          -2.237         -12.616           82.631
   39 (vir)   108          77.206           0.479          -1.870         -12.525           88.340
   40 (vir)   108          78.524         -10.610          -2.508         -13.484           78.890
   41 (vir)   108          79.175          -4.518          -1.961         -12.611           85.308
   42 (vir)   108          80.443           2.987          -3.126         -15.755           96.059
   43 (vir)   108          85.807          -1.113          -2.094         -14.301           96.901
   44 (vir)   108          92.735          -0.541          -1.624         -12.479          103.049
   45 (vir)   108          93.523          -0.615          -2.389         -15.691          106.210
   46 (vir)   108          97.213           1.481          -1.937         -14.103          110.859
   47 (vir)   108         104.974          -1.119          -1.908         -14.813          116.760
   48 (vir)   108         117.661          -4.894          -2.289         -16.387          126.865
   49 (vir)   108         118.344          -1.635          -1.954         -16.381          131.136
   50 (vir)   108         118.576           0.212          -2.313         -15.841          132.316
   51 (vir)   108         123.575           1.282          -1.582         -14.713          137.988
   52 (vir)   108         130.388          -2.918          -2.552         -16.670          141.587
   53 (vir)   108         147.271          -1.531          -0.857         -15.906          160.789
   54 (vir)   108         158.444          -0.484          -0.662         -16.047          173.346
   55 (vir)   108         168.312          -1.043          -2.065         -18.537          183.741
   56 (vir)   108         200.884           1.972          -0.323         -10.049          212.582
   57 (vir)   108         251.941          -0.923          -1.100         -17.120          267.038
   58 (vir)   108      272113.839          -0.000          -0.000          -0.000       272113.839
 
 
  kpoint:     109             coordinate:     0.0000    0.3980    0.0000
 
    n           k   ϵ_nk^DFT (eV)     Σ^c_nk (eV)     Σ^x_nk (eV)    v_nk^xc (eV)   ϵ_nk^G0W0 (eV)
 
    1 (occ)   109         -18.852           8.116         -27.058         -17.143          -20.652
    2 (occ)   109         -11.788           4.720         -22.656         -15.900          -13.824
    3 (occ)   109          -7.714           3.370         -22.612         -17.422           -9.534
    4 (occ)   109          -5.453           2.437         -18.723         -14.773           -6.966
    5 (vir)   109           2.093          -3.921          -6.414         -11.769            3.527
    6 (vir)   109           5.442          -3.445          -4.052          -8.697            6.642
    7 (vir)   109           7.060          -3.305          -3.948          -8.478            8.284
    8 (vir)   109           7.722          -2.173          -0.796          -3.550            8.303
    9 (vir)   109          11.265          -3.132          -2.459          -6.381           12.055
   10 (vir)   109          12.633          -2.723          -1.514          -5.201           13.598
   11 (vir)   109          12.696          -3.394          -1.725          -5.961           13.538
   12 (vir)   109          15.065          -2.654          -0.581          -3.897           15.727
   13 (vir)   109          16.478          -7.402          -6.445         -16.046           18.677
   14 (vir)   109          16.851          -5.045          -3.920         -10.279           18.166
   15 (vir)   109          20.027          -3.479          -1.243          -5.850           21.155
   16 (vir)   109          21.934          -4.689          -3.532         -10.199           23.911
   17 (vir)   109          22.783          -4.181          -2.143          -7.559           24.018
   18 (vir)   109          24.176          -5.000          -2.323          -8.636           25.489
   19 (vir)   109          25.686          -3.511          -0.952          -5.795           27.019
   20 (vir)   109          28.037          -4.899          -1.349          -7.304           29.093
   21 (vir)   109          30.060          -5.679          -1.793          -8.413           31.002
   22 (vir)   109          30.550          -4.938          -1.743          -8.455           32.324
   23 (vir)   109          33.198          -1.874          -0.892          -4.645           35.077
   24 (vir)   109          34.779          -6.303          -3.847         -12.006           36.634
   25 (vir)   109          37.626          -3.305          -2.775         -10.376           41.922
   26 (vir)   109          41.986          -6.891          -1.912          -8.763           41.946
   27 (vir)   109          44.237          -1.780          -2.814         -10.920           50.564
   28 (vir)   109          47.941          -2.082          -3.083         -12.292           55.069
   29 (vir)   109          50.523          -3.593          -2.417         -11.906           56.419
   30 (vir)   109          51.797          -4.908          -3.226         -13.035           56.698
   31 (vir)   109          55.878          -1.435          -2.638         -12.644           64.450
   32 (vir)   109          56.058          -3.048          -2.882         -12.606           62.733
   33 (vir)   109          57.416          -4.592          -2.898         -13.642           63.569
   34 (vir)   109          62.360          -2.229          -2.312         -11.188           69.006
   35 (vir)   109          68.761          -0.266          -1.453          -9.816           76.859
   36 (vir)   109          68.851          -2.648          -2.251         -12.076           76.027
   37 (vir)   109          69.314         -11.873          -2.149         -12.721           68.013
   38 (vir)   109          76.231          -4.530          -2.292         -12.835           82.243
   39 (vir)   109          78.647          -5.779          -2.529         -13.546           83.884
   40 (vir)   109          78.724           0.745          -1.892         -12.694           90.271
   41 (vir)   109          79.096          -5.218          -1.895         -12.521           84.504
   42 (vir)   109          80.337          -3.590          -3.166         -15.642           89.223
   43 (vir)   109          85.893          -1.871          -2.042         -14.331           96.312
   44 (vir)   109          93.352          -1.291          -2.238         -12.556          102.379
   45 (vir)   109          93.676          -0.509          -2.370         -15.628          106.425
   46 (vir)   109          97.391           2.604          -1.950         -14.154          112.199
   47 (vir)   109         104.767          -2.769          -1.766         -14.768          114.999
   48 (vir)   109         118.022          -1.183          -2.223         -15.856          130.472
   49 (vir)   109         118.344          -3.652          -1.986         -16.408          129.113
   50 (vir)   109         118.723         -12.577          -2.298         -16.473          120.322
   51 (vir)   109         123.075          -2.254          -1.193         -14.702          134.330
   52 (vir)   109         130.640          -2.528          -2.815         -16.611          141.908
   53 (vir)   109         147.550          -1.316          -0.779         -15.877          161.333
   54 (vir)   109         158.485          -1.308          -0.418         -16.075          172.835
   55 (vir)   109         168.389          -5.398          -2.312         -18.562          179.241
   56 (vir)   109         200.585          -2.358          -0.213         -10.063          208.077
   57 (vir)   109         251.824         -10.698          -1.157         -17.119          257.087
   58 (vir)   109      272113.839          -0.000          -0.000          -0.000       272113.838
 
 
  kpoint:     110             coordinate:     0.0000    0.3878    0.0000
 
    n           k   ϵ_nk^DFT (eV)     Σ^c_nk (eV)     Σ^x_nk (eV)    v_nk^xc (eV)   ϵ_nk^G0W0 (eV)
 
    1 (occ)   110         -18.944           8.144         -27.036         -17.094          -20.741
    2 (occ)   110         -11.628           4.671         -22.670         -15.968          -13.661
    3 (occ)   110          -7.671           3.356         -22.607         -17.433           -9.489
    4 (occ)   110          -5.587           2.481         -18.668         -14.664           -7.110
    5 (vir)   110           2.275          -3.969          -6.470         -11.882            3.718
    6 (vir)   110           5.303          -3.242          -3.580          -7.934            6.415
    7 (vir)   110           6.957          -3.466          -4.389          -9.155            8.257
    8 (vir)   110           7.450          -2.126          -0.759          -3.439            8.003
    9 (vir)   110          11.020          -2.858          -2.247          -5.782           11.697
   10 (vir)   110          12.629          -3.287          -1.665          -5.743           13.420
   11 (vir)   110          12.730          -3.114          -1.927          -6.124           13.813
   12 (vir)   110          14.925          -2.756          -0.661          -4.128           15.636
   13 (vir)   110          16.224          -7.306          -6.483         -15.995           18.431
   14 (vir)   110          16.789          -4.908          -3.755          -9.939           18.066
   15 (vir)   110          20.044          -3.495          -1.224          -5.853           21.179
   16 (vir)   110          21.909          -4.682          -3.522         -10.191           23.896
   17 (vir)   110          22.202          -3.706          -1.916          -6.781           23.361
   18 (vir)   110          24.385          -5.500          -2.586          -9.504           25.802
   19 (vir)   110          25.769          -3.514          -0.947          -5.797           27.104
   20 (vir)   110          28.024          -4.873          -1.365          -7.370           29.156
   21 (vir)   110          30.061          -5.467          -1.698          -8.210           31.106
   22 (vir)   110          30.644          -4.901          -1.752          -8.488           32.479
   23 (vir)   110          33.391          -1.677          -0.886          -4.666           35.494
   24 (vir)   110          35.048          -4.494          -3.810         -12.014           38.758
   25 (vir)   110          37.684          -3.515          -2.815         -10.403           41.756
   26 (vir)   110          42.156          -1.547          -1.956          -8.796           47.448
   27 (vir)   110          43.866          -5.946          -2.788         -10.902           46.035
   28 (vir)   110          47.797          -2.237          -3.069         -12.275           54.766
   29 (vir)   110          50.135          -3.197          -2.451         -11.926           56.413
   30 (vir)   110          51.534          -5.866          -3.183         -12.893           55.378
   31 (vir)   110          55.751          -2.301          -2.640         -12.613           63.423
   32 (vir)   110          56.004          -2.751          -2.928         -12.760           63.085
   33 (vir)   110          57.341          -4.757          -2.836         -13.590           63.339
   34 (vir)   110          62.441          -2.194          -2.293         -11.123           69.076
   35 (vir)   110          68.546          -3.998          -2.340         -12.078           74.286
   36 (vir)   110          68.757          -0.870          -1.445          -9.927           76.368
   37 (vir)   110          69.141         -10.930          -2.100         -12.628           68.739
   38 (vir)   110          76.781          -4.896          -2.333         -13.093           82.645
   39 (vir)   110          78.836          -8.861          -2.501         -13.611           81.085
   40 (vir)   110          79.026          -5.226          -1.756         -12.420           84.464
   41 (vir)   110          80.204           0.439          -1.908         -12.845           91.580
   42 (vir)   110          80.267          -4.484          -3.197         -15.471           88.056
   43 (vir)   110          85.987          -2.301          -1.988         -14.363           96.060
   44 (vir)   110          93.842          -0.571          -2.350         -15.562          106.483
   45 (vir)   110          93.874          -1.080          -2.532         -12.654          102.915
   46 (vir)   110          97.580           6.346          -1.950         -14.205          116.181
   47 (vir)   110         104.654          -4.342          -1.816         -14.714          113.209
   48 (vir)   110         117.451          -2.502          -2.147         -15.880          128.681
   49 (vir)   110         118.348          -8.637          -2.024         -16.434          124.121
   50 (vir)   110         119.846          -0.126          -2.301         -16.565          133.984
   51 (vir)   110         122.560          -1.107          -0.970         -14.678          135.162
   52 (vir)   110         130.848          -2.062          -2.896         -16.546          142.437
   53 (vir)   110         147.792          -1.314          -0.958         -15.858          161.378
   54 (vir)   110         158.594          -4.318          -0.593         -16.109          169.792
   55 (vir)   110         168.535          -2.572          -2.464         -18.581          182.081
   56 (vir)   110         200.200          -2.094          -0.192         -10.080          207.995
   57 (vir)   110         251.686          -9.231          -1.195         -17.118          258.378
   58 (vir)   110      272113.839          -0.000          -0.000          -0.000       272113.838
 
 
  kpoint:     111             coordinate:     0.0000    0.3776    0.0000
 
    n           k   ϵ_nk^DFT (eV)     Σ^c_nk (eV)     Σ^x_nk (eV)    v_nk^xc (eV)   ϵ_nk^G0W0 (eV)
 
    1 (occ)   111         -19.038           8.174         -27.015         -17.045          -20.834
    2 (occ)   111         -11.460           4.618         -22.681         -16.036          -13.487
    3 (occ)   111          -7.623           3.341         -22.602         -17.445           -9.439
    4 (occ)   111          -5.724           2.527         -18.620         -14.560           -7.257
    5 (vir)   111           2.463          -4.018          -6.515         -11.982            3.913
    6 (vir)   111           5.148          -3.055          -3.156          -7.240            6.176
    7 (vir)   111           6.878          -3.614          -4.779          -9.757            8.242
    8 (vir)   111           7.190          -2.092          -0.735          -3.357            7.720
    9 (vir)   111          10.716          -2.662          -2.083          -5.351           11.322
   10 (vir)   111          12.484          -3.129          -1.548          -5.413           13.220
   11 (vir)   111          12.877          -3.476          -2.364          -7.010           14.047
   12 (vir)   111          14.896          -2.927          -0.806          -4.509           15.671
   13 (vir)   111          15.956          -7.207          -6.522         -15.944           18.171
   14 (vir)   111          16.731          -4.692          -3.493          -9.417           17.963
   15 (vir)   111          20.110          -3.493          -1.194          -5.826           21.249
   16 (vir)   111          21.628          -3.507          -1.841          -6.493           22.774
   17 (vir)   111          21.897          -4.680          -3.514         -10.186           23.890
   18 (vir)   111          24.596          -5.816          -2.768         -10.065           26.077
   19 (vir)   111          25.859          -3.518          -0.942          -5.801           27.200
   20 (vir)   111          28.022          -4.702          -1.375          -7.437           29.381
   21 (vir)   111          30.170          -4.886          -1.718          -7.924           31.490
   22 (vir)   111          30.760          -4.722          -1.754          -8.511           32.795
   23 (vir)   111          33.604          -1.596          -0.883          -4.695           35.820
   24 (vir)   111          35.330          -4.129          -3.781         -12.022           39.443
   25 (vir)   111          37.810          -3.144          -2.850         -10.448           42.264
   26 (vir)   111          42.342          -3.520          -2.021          -8.827           45.628
   27 (vir)   111          43.543          -5.619          -2.765         -10.874           46.033
   28 (vir)   111          47.652          -2.466          -3.050         -12.254           54.390
   29 (vir)   111          49.765          -2.968          -2.484         -11.941           56.254
   30 (vir)   111          51.235          -6.399          -3.106         -12.747           54.477
   31 (vir)   111          55.602          -2.626          -2.634         -12.580           62.922
   32 (vir)   111          56.024          -1.749          -2.970         -12.905           64.210
   33 (vir)   111          57.264          -4.841          -2.806         -13.534           63.152
   34 (vir)   111          62.536          -2.198          -2.275         -11.060           69.123
   35 (vir)   111          68.266          -4.531          -2.426         -12.078           73.386
   36 (vir)   111          68.751          -1.058          -1.347         -10.057           76.402
   37 (vir)   111          68.923          -3.523          -2.044         -12.532           75.889
   38 (vir)   111          77.305          -3.605          -2.443         -13.438           84.695
   39 (vir)   111          78.969          -7.555          -1.554         -12.308           82.168
   40 (vir)   111          79.074          -2.461          -2.442         -13.670           87.841
   41 (vir)   111          80.262          -4.532          -3.119         -15.192           87.802
   42 (vir)   111          81.636           0.415          -1.922         -12.987           93.117
   43 (vir)   111          86.088          -2.757          -1.934         -14.395           95.792
   44 (vir)   111          94.023          -0.648          -2.328         -15.491          106.538
   45 (vir)   111          94.287           1.100          -2.447         -12.772          105.712
   46 (vir)   111          97.776          -0.147          -1.940         -14.258          109.949
   47 (vir)   111         104.647          -4.400          -2.010         -14.651          112.888
   48 (vir)   111         116.858          -3.388          -2.094         -15.909          127.285
   49 (vir)   111         118.355          -0.378          -2.074         -16.463          132.366
   50 (vir)   111         121.017          -0.803          -2.300         -16.662          134.576
   51 (vir)   111         122.042          -1.596          -0.878         -14.646          134.216
   52 (vir)   111         131.008          -3.055          -2.776         -16.474          141.652
   53 (vir)   111         147.986          -0.821          -1.269         -15.850          161.745
   54 (vir)   111         158.776         -10.264          -1.210         -16.148          163.450
   55 (vir)   111         168.757          -2.154          -2.451         -18.593          182.745
   56 (vir)   111         199.723          -1.832          -0.297         -10.101          207.695
   57 (vir)   111         251.524          -2.608          -1.197         -17.117          264.835
   58 (vir)   111      272113.839          -0.000          -0.000          -0.000       272113.838
 
 
  kpoint:     112             coordinate:     0.0000    0.3673    0.0000
 
    n           k   ϵ_nk^DFT (eV)     Σ^c_nk (eV)     Σ^x_nk (eV)    v_nk^xc (eV)   ϵ_nk^G0W0 (eV)
 
    1 (occ)   112         -19.135           8.205         -26.997         -16.998          -20.929
    2 (occ)   112         -11.282           4.561         -22.689         -16.106          -13.303
    3 (occ)   112          -7.572           3.325         -22.597         -17.458           -9.386
    4 (occ)   112          -5.864           2.576         -18.579         -14.460           -7.407
    5 (vir)   112           2.654          -4.063          -6.546         -12.064            4.109
    6 (vir)   112           4.979          -2.891          -2.798          -6.644            5.934
    7 (vir)   112           6.816          -3.738          -5.098         -10.252            8.233
    8 (vir)   112           6.943          -2.070          -0.723          -3.304            7.455
    9 (vir)   112          10.396          -2.530          -1.977          -5.074           10.963
   10 (vir)   112          12.284          -2.970          -1.418          -5.078           12.974
   11 (vir)   112          13.026          -3.818          -2.812          -7.873           14.269
   12 (vir)   112          14.951          -3.116          -0.968          -4.918           15.784
   13 (vir)   112          15.678          -7.107          -6.562         -15.891           17.901
   14 (vir)   112          16.688          -4.404          -3.143          -8.729           17.869
   15 (vir)   112          20.211          -3.484          -1.158          -5.780           21.349
   16 (vir)   112          21.101          -3.450          -1.842          -6.438           22.247
   17 (vir)   112          21.898          -4.683          -3.506         -10.185           23.895
   18 (vir)   112          24.785          -6.085          -2.903         -10.500           26.296
   19 (vir)   112          25.959          -3.517          -0.936          -5.809           27.314
   20 (vir)   112          28.032          -4.356          -1.388          -7.498           29.786
   21 (vir)   112          30.352          -5.124          -1.817          -7.622           31.034
   22 (vir)   112          30.894          -4.511          -1.755          -8.531           33.160
   23 (vir)   112          33.839          -1.577          -0.885          -4.733           36.110
   24 (vir)   112          35.625          -3.951          -3.754         -12.033           39.954
   25 (vir)   112          38.000          -1.815          -2.878         -10.520           43.827
   26 (vir)   112          42.543          -5.334          -2.078          -8.853           43.985
   27 (vir)   112          43.279          -6.873          -2.734         -10.829           44.500
   28 (vir)   112          47.505          -2.592          -3.028         -12.228           54.112
   29 (vir)   112          49.415          -2.881          -2.516         -11.949           55.967
   30 (vir)   112          50.915          -5.599          -3.027         -12.606           54.896
   31 (vir)   112          55.431          -2.711          -2.635         -12.545           62.630
   32 (vir)   112          56.103          -0.730          -2.992         -13.030           65.411
   33 (vir)   112          57.184          -4.755          -2.813         -13.475           63.091
   34 (vir)   112          62.643          -2.233          -2.257         -10.997           69.150
   35 (vir)   112          68.012          -2.832          -2.428         -12.076           74.828
   36 (vir)   112          68.672          -2.616          -1.988         -12.437           76.505
   37 (vir)   112          68.743          -0.887          -1.216         -10.205           76.845
   38 (vir)   112          77.745          -2.320          -2.695         -13.922           86.651
   39 (vir)   112          78.929           5.504          -1.311         -12.185           95.307
   40 (vir)   112          79.346          -2.172          -2.394         -13.724           88.503
   41 (vir)   112          80.367          -2.991          -2.871         -14.756           89.262
   42 (vir)   112          83.015           0.568          -1.932         -13.118           94.768
   43 (vir)   112          86.195          -2.724          -1.872         -14.428           96.026
   44 (vir)   112          94.220          -0.600          -2.306         -15.416          106.730
   45 (vir)   112          94.583          -1.822          -2.146         -12.905          103.520
   46 (vir)   112          97.978          -1.395          -1.930         -14.314          108.967
   47 (vir)   112         104.754          -5.268          -2.183         -14.583          111.887
   48 (vir)   112         116.238           5.130          -2.079         -15.938          135.227
   49 (vir)   112         118.362          -4.778          -2.111         -16.494          127.967
   50 (vir)   112         121.537         -10.379          -0.814         -14.611          124.954
   51 (vir)   112         122.221          -0.911          -2.298         -16.761          135.774
   52 (vir)   112         131.115          -0.427          -2.546         -16.397          144.538
   53 (vir)   112         148.128           2.285          -1.507         -15.851          164.757
   54 (vir)   112         159.028           2.824          -2.104         -16.191          175.939
   55 (vir)   112         169.057          -2.804          -2.298         -18.598          182.553
   56 (vir)   112         199.145          -1.420          -0.481         -10.122          207.366
   57 (vir)   112         251.337          -2.024          -1.158         -17.114          265.269
   58 (vir)   112      272113.839          -0.000          -0.000          -0.000       272113.838
 
 
  kpoint:     113             coordinate:     0.0000    0.3571    0.0000
 
    n           k   ϵ_nk^DFT (eV)     Σ^c_nk (eV)     Σ^x_nk (eV)    v_nk^xc (eV)   ϵ_nk^G0W0 (eV)
 
    1 (occ)   113         -19.234           8.237         -26.980         -16.951          -21.026
    2 (occ)   113         -11.097           4.502         -22.693         -16.176          -13.112
    3 (occ)   113          -7.517           3.308         -22.591         -17.472           -9.328
    4 (occ)   113          -6.005           2.627         -18.545         -14.364           -7.558
    5 (vir)   113           2.846          -4.101          -6.559         -12.118            4.304
    6 (vir)   113           4.801          -2.753          -2.507          -6.152            5.693
    7 (vir)   113           6.711          -2.063          -0.726          -3.288            7.210
    8 (vir)   113           6.770          -3.834          -5.343         -10.632            8.225
    9 (vir)   113          10.079          -2.439          -1.916          -4.904           10.627
   10 (vir)   113          12.057          -2.838          -1.303          -4.795           12.711
   11 (vir)   113          13.150          -4.152          -3.273          -8.736           14.461
   12 (vir)   113          15.062          -3.290          -1.117          -5.288           15.942
   13 (vir)   113          15.390          -7.006          -6.601         -15.838           17.620
   14 (vir)   113          16.668          -4.063          -2.728          -7.915           17.793
   15 (vir)   113          20.337          -3.475          -1.121          -5.726           21.467
   16 (vir)   113          20.633          -3.479          -1.891          -6.512           21.775
   17 (vir)   113          21.913          -4.689          -3.499         -10.186           23.911
   18 (vir)   113          24.943          -6.336          -2.995         -10.845           26.457
   19 (vir)   113          26.066          -3.501          -0.929          -5.820           27.457
   20 (vir)   113          28.056          -4.108          -1.413          -7.551           30.086
   21 (vir)   113          30.583          -2.655          -1.893          -7.348           33.383
   22 (vir)   113          31.044          -4.393          -1.759          -8.552           33.445
   23 (vir)   113          34.094          -1.574          -0.895          -4.783           36.409
   24 (vir)   113          35.931          -3.644          -3.718         -12.047           40.616
   25 (vir)   113          38.243          -0.886          -2.909         -10.627           45.074
   26 (vir)   113          42.760          -4.588          -2.084          -8.871           44.958
   27 (vir)   113          43.088          -3.043          -2.679         -10.758           48.124
   28 (vir)   113          47.353          -2.592          -3.009         -12.197           53.950
   29 (vir)   113          49.088          -2.877          -2.547         -11.948           55.611
   30 (vir)   113          50.587          -2.761          -2.965         -12.475           57.337
   31 (vir)   113          55.233          -2.736          -2.655         -12.507           62.350
   32 (vir)   113          56.227          -0.124          -2.994         -13.133           66.242
   33 (vir)   113          57.104          -4.494          -2.841         -13.412           63.181
   34 (vir)   113          62.762          -2.252          -2.238         -10.935           69.206
   35 (vir)   113          67.786          -1.748          -2.345         -12.073           75.766
   36 (vir)   113          68.398          -2.508          -1.949         -12.346           76.286
   37 (vir)   113          68.733           0.548          -1.082         -10.372           78.571
   38 (vir)   113          78.045          -2.595          -3.026         -14.497           86.921
   39 (vir)   113          78.912           1.016          -1.051         -12.051           90.928
   40 (vir)   113          79.639          -2.097          -2.398         -13.771           88.915
   41 (vir)   113          80.631          -1.849          -2.537         -14.213           90.458
   42 (vir)   113          84.337           0.961          -1.941         -13.237           96.594
   43 (vir)   113          86.306         -10.350          -1.806         -14.461           88.612
   44 (vir)   113          94.434          -0.418          -2.286         -15.338          107.068
   45 (vir)   113          94.762          -0.499          -1.853         -13.042          105.451
   46 (vir)   113          98.182          -1.582          -1.938         -14.373          109.035
   47 (vir)   113         104.978          -2.411          -2.205         -14.518          114.879
   48 (vir)   113         115.587           8.781          -2.103         -15.960          138.225
   49 (vir)   113         118.368         -12.550          -2.117         -16.528          120.229
   50 (vir)   113         121.057          -2.022          -0.696         -14.577          132.916
   51 (vir)   113         123.446          -0.580          -2.301         -16.862          137.427
   52 (vir)   113         131.166          -0.926          -2.337         -16.314          144.218
   53 (vir)   113         148.214           0.992          -1.507         -15.862          163.560
   54 (vir)   113         159.332           1.237          -2.945         -16.240          173.863
   55 (vir)   113         169.438          -4.578          -2.108         -18.595          181.348
   56 (vir)   113         198.460          -0.992          -0.631         -10.142          206.980
   57 (vir)   113         251.129          -2.083          -1.087         -17.110          265.068
   58 (vir)   113      272113.839          -0.000          -0.000          -0.000       272113.838
 
 
  kpoint:     114             coordinate:     0.0000    0.3469    0.0000
 
    n           k   ϵ_nk^DFT (eV)     Σ^c_nk (eV)     Σ^x_nk (eV)    v_nk^xc (eV)   ϵ_nk^G0W0 (eV)
 
    1 (occ)   114         -19.334           8.270         -26.966         -16.906          -21.123
    2 (occ)   114         -10.905           4.440         -22.695         -16.247          -12.913
    3 (occ)   114          -7.459           3.290         -22.586         -17.487           -9.267
    4 (occ)   114          -6.147           2.679         -18.516         -14.274           -7.710
    5 (vir)   114           3.036          -4.128          -6.549         -12.133            4.492
    6 (vir)   114           4.617          -2.638          -2.275          -5.752            5.456
    7 (vir)   114           6.494          -2.075          -0.751          -3.319            6.987
    8 (vir)   114           6.735          -3.903          -5.518         -10.903            8.217
    9 (vir)   114           9.771          -2.379          -1.893          -4.815           10.314
   10 (vir)   114          11.820          -2.738          -1.210          -4.574           12.445
   11 (vir)   114          13.236          -4.473          -3.730          -9.575           14.608
   12 (vir)   114          15.095          -6.905          -6.641         -15.784           17.332
   13 (vir)   114          15.208          -3.441          -1.244          -5.603           16.127
   14 (vir)   114          16.679          -3.699          -2.286          -7.048           17.741
   15 (vir)   114          20.231          -3.555          -1.972          -6.659           21.363
   16 (vir)   114          20.479          -3.471          -1.084          -5.670           21.594
   17 (vir)   114          21.940          -4.698          -3.494         -10.191           23.940
   18 (vir)   114          25.069          -6.555          -3.050         -11.108           26.572
   19 (vir)   114          26.183          -3.458          -0.922          -5.835           27.639
   20 (vir)   114          28.096          -4.143          -1.454          -7.594           30.092
   21 (vir)   114          30.842          -2.565          -1.850          -7.129           33.557
   22 (vir)   114          31.208          -4.439          -1.769          -8.577           33.577
   23 (vir)   114          34.370          -1.567          -0.910          -4.848           36.741
   24 (vir)   114          36.246          -3.149          -3.661         -12.066           41.501
   25 (vir)   114          38.513          -1.154          -2.957         -10.780           45.182
   26 (vir)   114          42.990          -3.276          -2.026          -8.898           46.585
   27 (vir)   114          42.995          -2.494          -2.569         -10.638           48.570
   28 (vir)   114          47.199          -2.508          -2.997         -12.160           53.854
   29 (vir)   114          48.785          -2.910          -2.578         -11.937           55.234
   30 (vir)   114          50.260          -2.596          -2.924         -12.353           57.093
   31 (vir)   114          55.008          -2.721          -2.696         -12.463           62.054
   32 (vir)   114          56.382           0.040          -2.991         -13.216           66.647
   33 (vir)   114          57.026          -4.289          -2.863         -13.348           63.222
   34 (vir)   114          62.892          -2.206          -2.217         -10.871           69.340
   35 (vir)   114          67.589          -1.842          -2.226         -12.069           75.589
   36 (vir)   114          68.109          -2.434          -1.938         -12.260           75.997
   37 (vir)   114          68.721          -2.878          -0.973         -10.556           75.426
   38 (vir)   114          78.195          -3.051          -3.257         -14.994           86.881
   39 (vir)   114          78.920          -0.219          -0.803         -11.906           89.804
   40 (vir)   114          79.944          -2.039          -2.464         -13.810           89.251
   41 (vir)   114          81.060          -1.552          -2.312         -13.733           90.929
   42 (vir)   114          85.604           1.599          -1.950         -13.344           98.597
   43 (vir)   114          86.422         -10.065          -1.752         -14.495           89.099
   44 (vir)   114          94.664          -0.201          -2.266         -15.258          107.455
   45 (vir)   114          94.829          -0.581          -1.691         -13.171          105.727
   46 (vir)   114          98.383          -1.593          -1.971         -14.434          109.253
   47 (vir)   114         105.310          -0.727          -2.097         -14.465          116.951
   48 (vir)   114         114.898          -5.300          -2.147         -15.970          123.423
   49 (vir)   114         118.372           0.933          -2.088         -16.565          133.781
   50 (vir)   114         120.611          -1.882          -0.535         -14.549          132.744
   51 (vir)   114         124.677          -7.702          -2.313         -16.963          131.626
   52 (vir)   114         131.160          -1.712          -2.237         -16.227          143.438
   53 (vir)   114         148.240          -1.526          -1.265         -15.881          161.330
   54 (vir)   114         159.656          -0.992          -3.365         -16.292          171.591
   55 (vir)   114         169.896          -1.564          -2.004         -18.587          184.915
   56 (vir)   114         197.665          -0.930          -0.638         -10.157          206.253
   57 (vir)   114         250.909          -2.123          -1.011         -17.103          264.878
   58 (vir)   114      272113.839          -0.000          -0.000          -0.000       272113.838
 
 
  kpoint:     115             coordinate:     0.0000    0.3367    0.0000
 
    n           k   ϵ_nk^DFT (eV)     Σ^c_nk (eV)     Σ^x_nk (eV)    v_nk^xc (eV)   ϵ_nk^G0W0 (eV)
 
    1 (occ)   115         -19.435           8.304         -26.953         -16.863          -21.221
    2 (occ)   115         -10.708           4.376         -22.695         -16.318          -12.708
    3 (occ)   115          -7.397           3.271         -22.580         -17.504           -9.202
    4 (occ)   115          -6.289           2.733         -18.494         -14.189           -7.861
    5 (vir)   115           3.221          -4.134          -6.505         -12.088            4.670
    6 (vir)   115           4.431          -2.544          -2.092          -5.430            5.224
    7 (vir)   115           6.294          -2.109          -0.807          -3.412            6.790
    8 (vir)   115           6.707          -3.945          -5.632         -11.075            8.205
    9 (vir)   115           9.479          -2.344          -1.904          -4.796           10.026
   10 (vir)   115          11.582          -2.665          -1.136          -4.405           12.186
   11 (vir)   115          13.276          -4.758          -4.154         -10.336           14.700
   12 (vir)   115          14.794          -6.805          -6.680         -15.730           17.038
   13 (vir)   115          15.375          -3.567          -1.349          -5.868           16.327
   14 (vir)   115          16.720          -3.352          -1.866          -6.218           17.720
   15 (vir)   115          19.896          -3.651          -2.067          -6.839           21.018
   16 (vir)   115          20.631          -3.474          -1.049          -5.620           21.728
   17 (vir)   115          21.981          -4.707          -3.489         -10.199           23.984
   18 (vir)   115          25.163          -6.725          -3.078         -11.296           26.656
   19 (vir)   115          26.308          -3.397          -0.916          -5.853           27.849
   20 (vir)   115          28.153          -4.558          -1.504          -7.625           29.717
   21 (vir)   115          31.116          -2.445          -1.660          -6.972           33.982
   22 (vir)   115          31.384          -4.665          -1.787          -8.607           33.539
   23 (vir)   115          34.664          -1.525          -0.928          -4.933           37.143
   24 (vir)   115          36.568          -2.745          -3.585         -12.093           42.331
   25 (vir)   115          38.775          -1.661          -3.022         -10.981           45.074
   26 (vir)   115          43.032          -2.460          -2.488         -10.525           48.610
   27 (vir)   115          43.234          -2.333          -1.829          -8.877           47.948
   28 (vir)   115          47.040          -2.342          -2.989         -12.117           53.826
   29 (vir)   115          48.510          -2.914          -2.605         -11.911           54.902
   30 (vir)   115          49.942          -2.992          -2.896         -12.235           56.289
   31 (vir)   115          54.752          -2.563          -2.748         -12.412           61.852
   32 (vir)   115          56.559          -0.346          -2.997         -13.278           66.495
   33 (vir)   115          56.951          -4.332          -2.862         -13.282           63.039
   34 (vir)   115          63.035          -2.131          -2.192         -10.804           69.516
   35 (vir)   115          67.421          -2.419          -2.140         -12.063           74.925
   36 (vir)   115          67.815          -2.342          -1.951         -12.181           75.703
   37 (vir)   115          68.706          -1.340          -0.921         -10.757           77.202
   38 (vir)   115          78.229          -3.298          -3.320         -15.322           86.934
   39 (vir)   115          78.959          -1.680          -0.610         -11.754           88.422
   40 (vir)   115          80.252          -1.926          -2.567         -13.840           89.599
   41 (vir)   115          81.612          -1.402          -2.251         -13.408           91.367
   42 (vir)   115          86.539         -11.662          -1.744         -14.527           87.660
   43 (vir)   115          86.816           2.058          -1.959         -13.442          100.357
   44 (vir)   115          94.799          -0.431          -1.646         -13.283          106.005
   45 (vir)   115          94.912          -0.076          -2.246         -15.177          107.767
   46 (vir)   115          98.578          -0.843          -2.024         -14.500          110.211
   47 (vir)   115         105.733          -0.736          -2.003         -14.434          117.427
   48 (vir)   115         114.170          -4.852          -2.185         -15.966          123.099
   49 (vir)   115         118.370          -1.262          -2.044         -16.604          131.667
   50 (vir)   115         120.209          -1.957          -0.460         -14.531          132.324
   51 (vir)   115         125.904          -2.399          -2.334         -17.062          138.232
   52 (vir)   115         131.097          -2.593          -2.258         -16.137          142.383
   53 (vir)   115         148.208          -2.274          -0.963         -15.906          160.878
   54 (vir)   115         159.957          -0.152          -3.148         -16.347          173.004
   55 (vir)   115         170.424          -1.410          -2.051         -18.574          185.537
   56 (vir)   115         196.759          -1.214          -0.487         -10.163          205.220
   57 (vir)   115         250.688          -2.299          -0.958         -17.094          264.525
   58 (vir)   115      272113.839          -0.000          -0.000          -0.000       272113.838
 
 
  kpoint:     116             coordinate:     0.0000    0.3265    0.0000
 
    n           k   ϵ_nk^DFT (eV)     Σ^c_nk (eV)     Σ^x_nk (eV)    v_nk^xc (eV)   ϵ_nk^G0W0 (eV)
 
    1 (occ)   116         -19.535           8.337         -26.942         -16.821          -21.319
    2 (occ)   116         -10.504           4.310         -22.694         -16.389          -12.498
    3 (occ)   116          -7.331           3.251         -22.574         -17.521           -9.134
    4 (occ)   116          -6.431           2.787         -18.476         -14.108           -8.012
    5 (vir)   116           3.397          -4.111          -6.412         -11.954            4.828
    6 (vir)   116           4.244          -2.467          -1.947          -5.170            5.000
    7 (vir)   116           6.115          -2.176          -0.909          -3.596            6.627
    8 (vir)   116           6.685          -3.963          -5.688         -11.154            8.188
    9 (vir)   116           9.202          -2.333          -1.950          -4.843            9.762
   10 (vir)   116          11.351          -2.611          -1.078          -4.276           11.939
   11 (vir)   116          13.269          -4.988          -4.516         -10.966           14.730
   12 (vir)   116          14.488          -6.706          -6.720         -15.676           16.738
   13 (vir)   116          15.556          -3.672          -1.438          -6.092           16.538
   14 (vir)   116          16.784          -3.056          -1.518          -5.522           17.733
   15 (vir)   116          19.634          -3.748          -2.151          -7.010           20.744
   16 (vir)   116          20.787          -3.481          -1.018          -5.578           21.867
   17 (vir)   116          22.034          -4.716          -3.485         -10.209           24.042
   18 (vir)   116          25.228          -6.833          -3.089         -11.416           26.722
   19 (vir)   116          26.443          -3.354          -0.914          -5.875           28.050
   20 (vir)   116          28.230          -5.079          -1.545          -7.645           29.251
   21 (vir)   116          31.395          -2.674          -1.392          -6.870           34.199
   22 (vir)   116          31.572          -4.984          -1.807          -8.642           33.423
   23 (vir)   116          34.975          -1.451          -0.950          -5.041           37.615
   24 (vir)   116          36.896          -2.873          -3.503         -12.130           42.650
   25 (vir)   116          38.987          -2.085          -3.091         -11.211           45.022
   26 (vir)   116          43.230          -2.692          -2.395         -10.396           48.538
   27 (vir)   116          43.490          -1.652          -1.609          -8.857           49.087
   28 (vir)   116          46.877          -2.055          -2.980         -12.067           53.910
   29 (vir)   116          48.270          -2.698          -2.628         -11.868           54.812
   30 (vir)   116          49.636          -3.459          -2.872         -12.118           55.423
   31 (vir)   116          54.462          -1.141          -2.791         -12.353           62.883
   32 (vir)   116          56.748          -1.060          -3.013         -13.322           65.997
   33 (vir)   116          56.881          -4.528          -2.843         -13.217           62.728
   34 (vir)   116          63.192          -2.157          -2.162         -10.734           69.607
   35 (vir)   116          67.283          -2.882          -2.133         -12.057           74.325
   36 (vir)   116          67.522          -7.012          -1.968         -12.113           70.654
   37 (vir)   116          68.689          -0.822          -0.960         -10.972           77.878
   38 (vir)   116          78.195          -3.377          -3.290         -15.517           87.044
   39 (vir)   116          79.031          -0.375          -0.525         -11.594           89.725
   40 (vir)   116          80.558          -4.313          -2.652         -13.861           87.453
   41 (vir)   116          82.238          -4.218          -2.254         -13.205           88.970
   42 (vir)   116          86.656          -5.477          -1.811         -14.560           93.928
   43 (vir)   116          87.976           1.394          -1.968         -13.529          100.931
   44 (vir)   116          94.693          -1.515          -1.659         -13.370          104.888
   45 (vir)   116          95.176          -0.063          -2.226         -15.097          107.984
   46 (vir)   116          98.761          -0.607          -2.078         -14.568          110.645
   47 (vir)   116         106.223          -1.139          -2.052         -14.428          117.460
   48 (vir)   116         113.402          -4.680          -2.201         -15.946          122.467
   49 (vir)   116         118.361          -2.050          -2.018         -16.644          130.937
   50 (vir)   116         119.851          -1.824          -0.624         -14.524          131.927
   51 (vir)   116         127.114          -2.170          -2.361         -17.159          139.742
   52 (vir)   116         130.980          -3.463          -2.347         -16.045          141.214
   53 (vir)   116         148.120          -2.367          -0.877         -15.935          160.810
   54 (vir)   116         160.180          -0.435          -2.363         -16.404          173.787
   55 (vir)   116         171.014          -1.356          -2.228         -18.559          185.989
   56 (vir)   116         195.753           3.498          -0.280         -10.156          209.127
   57 (vir)   116         250.482          -2.672          -0.948         -17.082          263.944
   58 (vir)   116      272113.839          -0.000          -0.000          -0.000       272113.838
 
 
  kpoint:     117             coordinate:     0.0000    0.3163    0.0000
 
    n           k   ϵ_nk^DFT (eV)     Σ^c_nk (eV)     Σ^x_nk (eV)    v_nk^xc (eV)   ϵ_nk^G0W0 (eV)
 
    1 (occ)   117         -19.635           8.372         -26.934         -16.781          -21.416
    2 (occ)   117         -10.297           4.243         -22.690         -16.461          -12.284
    3 (occ)   117          -7.263           3.229         -22.569         -17.540           -9.062
    4 (occ)   117          -6.571           2.842         -18.463         -14.032           -8.160
    5 (vir)   117           3.557          -4.042          -6.245         -11.689            4.958
    6 (vir)   117           4.058          -2.402          -1.831          -4.958            4.783
    7 (vir)   117           5.960          -2.285          -1.082          -3.912            6.505
    8 (vir)   117           6.665          -3.956          -5.691         -11.142            8.161
    9 (vir)   117           8.944          -2.343          -2.034          -4.960            9.526
   10 (vir)   117          11.128          -2.571          -1.030          -4.181           11.708
   11 (vir)   117          13.217          -5.153          -4.803         -11.440           14.702
   12 (vir)   117          14.179          -6.606          -6.760         -15.621           16.434
   13 (vir)   117          15.745          -3.762          -1.511          -6.282           16.754
   14 (vir)   117          16.853          -2.834          -1.280          -5.035           17.774
   15 (vir)   117          19.452          -3.830          -2.194          -7.122           20.550
   16 (vir)   117          20.943          -3.488          -0.992          -5.551           22.014
   17 (vir)   117          22.100          -4.726          -3.482         -10.222           24.114
   18 (vir)   117          25.266          -6.884          -3.084         -11.477           26.775
   19 (vir)   117          26.587          -3.353          -0.917          -5.902           28.218
   20 (vir)   117          28.330          -5.071          -1.559          -7.651           29.350
   21 (vir)   117          31.675          -3.063          -1.169          -6.814           34.257
   22 (vir)   117          31.770          -5.182          -1.824          -8.681           33.445
   23 (vir)   117          35.298          -2.280          -0.974          -5.181           37.224
   24 (vir)   117          37.229          -3.502          -3.442         -12.178           42.464
   25 (vir)   117          39.122          -2.361          -3.150         -11.432           45.043
   26 (vir)   117          43.599          -3.168          -2.343         -10.316           48.404
   27 (vir)   117          43.756          -1.680          -1.427          -8.820           49.469
   28 (vir)   117          46.712          -1.834          -2.961         -12.013           53.929
   29 (vir)   117          48.070          -2.290          -2.644         -11.803           54.939
   30 (vir)   117          49.348          -3.970          -2.845         -11.995           54.527
   31 (vir)   117          54.138          -8.728          -2.804         -12.284           54.890
   32 (vir)   117          56.820          -4.653          -2.828         -13.155           62.494
   33 (vir)   117          56.942          -1.669          -3.031         -13.347           65.589
   34 (vir)   117          63.362          -2.619          -2.127         -10.659           69.275
   35 (vir)   117          67.177          -3.083          -2.205         -12.051           73.940
   36 (vir)   117          67.236          -4.003          -1.965         -12.055           73.323
   37 (vir)   117          68.669          -1.604          -1.117         -11.199           77.147
   38 (vir)   117          78.124          -3.202          -3.254         -15.633           87.301
   39 (vir)   117          79.140           0.180          -0.598         -11.431           90.153
   40 (vir)   117          80.857          -4.074          -2.664         -13.871           87.989
   41 (vir)   117          82.902          -6.629          -2.213         -13.072           87.133
   42 (vir)   117          86.772          -6.006          -1.956         -14.592           93.402
   43 (vir)   117          89.087           0.272          -1.974         -13.608          100.992
   44 (vir)   117          94.529          -1.752          -1.705         -13.428          104.501
   45 (vir)   117          95.456          -0.069          -2.206         -15.019          108.200
   46 (vir)   117          98.929          -3.594          -2.108         -14.640          107.868
   47 (vir)   117         106.754          -1.940          -2.251         -14.449          117.011
   48 (vir)   117         112.599          -4.216          -2.204         -15.909          122.088
   49 (vir)   117         118.341          -2.815          -2.043         -16.686          130.170
   50 (vir)   117         119.539          -1.816          -1.086         -14.525          131.162
   51 (vir)   117         128.299          -2.327          -2.384         -17.250          140.839
   52 (vir)   117         130.812          -3.242          -2.440         -15.951          141.081
   53 (vir)   117         147.978          -2.096          -1.200         -15.966          160.648
   54 (vir)   117         160.264          -1.315          -1.364         -16.463          174.048
   55 (vir)   117         171.654          -1.275          -2.460         -18.543          186.462
   56 (vir)   117         194.666          -3.366          -0.167         -10.133          201.267
   57 (vir)   117         250.305          -1.697          -0.978         -17.070          264.700
   58 (vir)   117      272113.839          -0.000          -0.000          -0.000       272113.838
 
 
  kpoint:     118             coordinate:     0.0000    0.3061    0.0000
 
    n           k   ϵ_nk^DFT (eV)     Σ^c_nk (eV)     Σ^x_nk (eV)    v_nk^xc (eV)   ϵ_nk^G0W0 (eV)
 
    1 (occ)   118         -19.735           8.406         -26.927         -16.743          -21.513
    2 (occ)   118         -10.085           4.173         -22.685         -16.532          -12.065
    3 (occ)   118          -7.191           3.207         -22.563         -17.560           -8.987
    4 (occ)   118          -6.710           2.896         -18.454         -13.961           -8.307
    5 (vir)   118           3.696          -3.910          -5.972         -11.234            5.047
    6 (vir)   118           3.875          -2.348          -1.739          -4.785            4.572
    7 (vir)   118           5.834          -2.453          -1.357          -4.413            6.436
    8 (vir)   118           6.646          -3.924          -5.638         -11.037            8.121
    9 (vir)   118           8.703          -2.375          -2.162          -5.157            9.323
   10 (vir)   118          10.916          -2.542          -0.992          -4.112           11.493
   11 (vir)   118          13.130          -5.254          -5.015         -11.763           14.624
   12 (vir)   118          13.868          -6.508          -6.800         -15.567           16.128
   13 (vir)   118          15.939          -3.840          -1.572          -6.443           16.970
   14 (vir)   118          16.905          -2.702          -1.179          -4.804           17.829
   15 (vir)   118          19.362          -3.875          -2.165          -7.124           20.444
   16 (vir)   118          21.094          -3.496          -0.973          -5.540           22.166
   17 (vir)   118          22.177          -4.737          -3.479         -10.238           24.198
   18 (vir)   118          25.280          -6.887          -3.068         -11.490           26.815
   19 (vir)   118          26.740          -3.401          -0.926          -5.932           28.345
   20 (vir)   118          28.453          -5.037          -1.539          -7.646           29.523
   21 (vir)   118          31.954          -3.195          -1.094          -6.788           34.453
   22 (vir)   118          31.980          -5.112          -1.836          -8.722           33.754
   23 (vir)   118          35.627          -2.751          -1.006          -5.358           37.228
   24 (vir)   118          37.566          -4.045          -3.425         -12.241           42.338
   25 (vir)   118          39.179          -2.365          -3.201         -11.617           45.229
   26 (vir)   118          44.032          -2.243          -1.378          -8.761           49.172
   27 (vir)   118          44.123          -3.770          -2.344         -10.325           48.334
   28 (vir)   118          46.542          -2.232          -2.930         -11.953           53.334
   29 (vir)   118          47.920          -2.428          -2.652         -11.712           54.552
   30 (vir)   118          49.083          -4.241          -2.813         -11.853           53.882
   31 (vir)   118          53.779          -3.168          -2.776         -12.205           60.040
   32 (vir)   118          56.771          -4.607          -2.842         -13.095           62.418
   33 (vir)   118          57.132          -2.027          -3.034         -13.355           65.427
   34 (vir)   118          63.550          -3.970          -2.091         -10.578           68.067
   35 (vir)   118          66.965          -5.714          -1.928         -12.009           71.332
   36 (vir)   118          67.104          -2.866          -2.322         -12.047           73.963
   37 (vir)   118          68.647           1.107          -1.396         -11.434           79.792
   38 (vir)   118          78.034          -2.762          -3.259         -15.703           87.716
   39 (vir)   118          79.287          -0.301          -0.858         -11.267           89.395
   40 (vir)   118          81.145          -7.099          -2.584         -13.871           85.333
   41 (vir)   118          83.586          -6.255          -2.083         -12.977           88.225
   42 (vir)   118          86.884         -10.417          -2.141         -14.622           88.948
   43 (vir)   118          90.153          -0.256          -1.977         -13.677          101.597
   44 (vir)   118          94.328          -2.687          -1.798         -13.459          103.301
   45 (vir)   118          95.751          -0.004          -2.186         -14.944          108.505
   46 (vir)   118          99.077          -6.923          -2.104         -14.716          104.766
   47 (vir)   118         107.300          -2.956          -2.498         -14.492          116.339
   48 (vir)   118         111.765          -3.110          -2.225         -15.859          122.288
   49 (vir)   118         118.306          -4.050          -2.121         -16.728          128.864
   50 (vir)   118         119.268          -2.127          -1.717         -14.534          129.958
   51 (vir)   118         129.450          -2.809          -2.395         -17.337          141.582
   52 (vir)   118         130.596          -2.109          -2.500         -15.858          141.844
   53 (vir)   118         147.785          -2.146          -1.888         -15.997          159.748
   54 (vir)   118         160.148          -1.350          -0.624         -16.518          174.692
   55 (vir)   118         172.331          -1.368          -2.682         -18.527          186.808
   56 (vir)   118         193.529          -2.400          -0.230         -10.094          200.993
   57 (vir)   118         250.172           6.633          -1.031         -17.058          272.832
   58 (vir)   118      272113.839          -0.000          -0.000          -0.000       272113.838
 
 
  kpoint:     119             coordinate:     0.0000    0.2959    0.0000
 
    n           k   ϵ_nk^DFT (eV)     Σ^c_nk (eV)     Σ^x_nk (eV)    v_nk^xc (eV)   ϵ_nk^G0W0 (eV)
 
    1 (occ)   119         -19.833           8.441         -26.922         -16.706          -21.609
    2 (occ)   119          -9.870           4.102         -22.678         -16.604          -11.841
    3 (occ)   119          -7.117           3.185         -22.558         -17.581           -8.909
    4 (occ)   119          -6.846           2.950         -18.449         -13.894           -8.450
    5 (vir)   119           3.695          -2.302          -1.665          -4.641            4.369
    6 (vir)   119           3.805          -3.701          -5.561         -10.539            5.081
    7 (vir)   119           5.744          -2.694          -1.766          -5.148            6.432
    8 (vir)   119           6.625          -3.863          -5.525         -10.826            8.063
    9 (vir)   119           8.482          -2.433          -2.340          -5.448            9.157
   10 (vir)   119          10.714          -2.524          -0.963          -4.066           11.293
   11 (vir)   119          13.013          -5.305          -5.164         -11.964           14.509
   12 (vir)   119          13.556          -6.410          -6.840         -15.514           15.820
   13 (vir)   119          16.136          -3.908          -1.622          -6.579           17.186
   14 (vir)   119          16.921          -2.664          -1.211          -4.830           17.876
   15 (vir)   119          19.372          -3.866          -2.054          -6.988           20.440
   16 (vir)   119          21.237          -3.507          -0.962          -5.549           22.318
   17 (vir)   119          22.266          -4.750          -3.477         -10.255           24.294
   18 (vir)   119          25.273          -6.855          -3.041         -11.461           26.839
   19 (vir)   119          26.903          -3.496          -0.936          -5.967           28.436
   20 (vir)   119          28.600          -4.672          -1.494          -7.632           30.065
   21 (vir)   119          32.202          -4.855          -1.845          -8.762           34.264
   22 (vir)   119          32.232          -3.370          -1.193          -6.782           34.451
   23 (vir)   119          35.955          -2.688          -1.049          -5.580           37.798
   24 (vir)   119          37.905          -4.381          -3.459         -12.320           42.385
   25 (vir)   119          39.176          -2.013          -3.254         -11.763           45.672
   26 (vir)   119          44.314          -2.672          -1.516          -8.679           48.806
   27 (vir)   119          44.756          -4.297          -2.402         -10.449           48.506
   28 (vir)   119          46.368          -2.560          -2.892         -11.890           52.807
   29 (vir)   119          47.832          -2.963          -2.651         -11.588           53.806
   30 (vir)   119          48.849          -3.029          -2.772         -11.675           54.723
   31 (vir)   119          53.390          -2.346          -2.716         -12.114           60.441
   32 (vir)   119          56.738          -4.392          -2.892         -13.041           62.495
   33 (vir)   119          57.314          -2.008          -3.014         -13.345           65.637
   34 (vir)   119          63.756          -4.385          -2.054         -10.490           67.807
   35 (vir)   119          66.713          -2.388          -1.871         -11.976           74.429
   36 (vir)   119          67.067          -1.944          -2.439         -12.048           74.731
   37 (vir)   119          68.624           3.406          -1.764         -11.673           81.939
   38 (vir)   119          77.934          -2.237          -3.310         -15.746           88.133
   39 (vir)   119          79.476          -1.416          -1.285         -11.105           87.879
   40 (vir)   119          81.423          -1.480          -2.445         -13.859           91.357
   41 (vir)   119          84.277          -6.455          -1.901         -12.905           88.826
   42 (vir)   119          86.990         -10.138          -2.295         -14.652           89.209
   43 (vir)   119          91.177          -0.340          -1.976         -13.739          102.600
   44 (vir)   119          94.107          -4.958          -1.943         -13.461          100.667
   45 (vir)   119          96.057           0.134          -2.166         -14.876          108.901
   46 (vir)   119          99.204          -0.790          -2.078         -14.793          111.129
   47 (vir)   119         107.838          -2.951          -2.667         -14.553          116.772
   48 (vir)   119         110.909          -1.897          -2.296         -15.796          122.512
   49 (vir)   119         118.252          -1.984          -2.226         -16.769          130.811
   50 (vir)   119         119.034          -2.666          -2.231         -14.548          128.685
   51 (vir)   119         130.338          -1.489          -2.523         -15.765          142.090
   52 (vir)   119         130.559          -1.931          -2.392         -17.416          143.652
   53 (vir)   119         147.545          -1.607          -2.653         -16.026          159.310
   54 (vir)   119         159.783           0.234          -0.496         -16.566          176.087
   55 (vir)   119         173.029          -1.381          -2.869         -18.514          187.293
   56 (vir)   119         192.381          -2.105          -0.412         -10.041          199.905
   57 (vir)   119         250.094           3.535          -1.081         -17.047          269.596
   58 (vir)   119      272113.839          -0.000          -0.000          -0.000       272113.838
 
 
  kpoint:     120             coordinate:     0.0000    0.2857    0.0000
 
    n           k   ϵ_nk^DFT (eV)     Σ^c_nk (eV)     Σ^x_nk (eV)    v_nk^xc (eV)   ϵ_nk^G0W0 (eV)
 
    1 (occ)   120         -19.930           8.475         -26.919         -16.672          -21.703
    2 (occ)   120          -9.652           4.030         -22.668         -16.675          -11.614
    3 (occ)   120          -7.040           3.161         -22.553         -17.604           -8.829
    4 (occ)   120          -6.980           3.004         -18.446         -13.832           -8.591
    5 (vir)   120           3.519          -2.262          -1.605          -4.522            4.173
    6 (vir)   120           3.875          -3.417          -5.005          -9.596            5.049
    7 (vir)   120           5.697          -3.007          -2.316          -6.121            6.494
    8 (vir)   120           6.600          -3.769          -5.343         -10.495            7.983
    9 (vir)   120           8.280          -2.521          -2.580          -5.851            9.030
   10 (vir)   120          10.524          -2.519          -0.943          -4.044           11.106
   11 (vir)   120          12.874          -5.317          -5.264         -12.074           14.367
   12 (vir)   120          13.245          -6.314          -6.879         -15.460           15.511
   13 (vir)   120          16.335          -3.967          -1.662          -6.692           17.399
   14 (vir)   120          16.889          -2.703          -1.337          -5.045           17.894
   15 (vir)   120          19.482          -3.808          -1.887          -6.755           20.542
   16 (vir)   120          21.370          -3.525          -0.960          -5.579           22.464
   17 (vir)   120          22.367          -4.762          -3.476         -10.275           24.403
   18 (vir)   120          25.248          -6.802          -3.005         -11.399           26.840
   19 (vir)   120          27.075          -3.626          -0.946          -6.006           28.509
   20 (vir)   120          28.773          -3.879          -1.451          -7.611           31.054
   21 (vir)   120          32.436          -4.653          -1.855          -8.799           34.727
   22 (vir)   120          32.512          -3.037          -1.399          -6.786           34.862
   23 (vir)   120          36.271          -2.751          -1.109          -5.854           38.265
   24 (vir)   120          38.244          -4.773          -3.526         -12.416           42.361
   25 (vir)   120          39.135          -1.575          -3.309         -11.881           46.133
   26 (vir)   120          44.603          -3.223          -1.816          -8.573           48.137
   27 (vir)   120          45.439          -4.557          -2.520         -10.713           49.076
   28 (vir)   120          46.189          -2.592          -2.857         -11.824           52.565
   29 (vir)   120          47.818          -3.727          -2.640         -11.428           52.879
   30 (vir)   120          48.666           0.960          -2.711         -11.422           58.337
   31 (vir)   120          52.975          -2.235          -2.652         -12.013           60.101
   32 (vir)   120          56.723          -4.074          -2.962         -12.992           62.680
   33 (vir)   120          57.483          -1.500          -2.974         -13.317           66.326
   34 (vir)   120          63.984          -4.026          -2.017         -10.393           68.335
   35 (vir)   120          66.484          -1.539          -1.826         -11.956           75.076
   36 (vir)   120          67.070          -0.822          -2.531         -12.054           75.771
   37 (vir)   120          68.600         -11.392          -2.150         -11.913           66.972
   38 (vir)   120          77.830          -1.619          -3.381         -15.771           88.600
   39 (vir)   120          79.706          -2.645          -1.792         -10.949           86.217
   40 (vir)   120          81.688          -1.510          -2.320         -13.836           91.693
   41 (vir)   120          84.969          -4.857          -1.750         -12.849           91.211
   42 (vir)   120          87.086          -8.542          -2.343         -14.679           90.880
   43 (vir)   120          92.161           0.087          -1.973         -13.794          104.069
   44 (vir)   120          93.880          -2.002          -2.090         -13.436          103.223
   45 (vir)   120          96.374           0.252          -2.147         -14.814          109.294
   46 (vir)   120          99.308          -1.648          -2.059         -14.872          110.474
   47 (vir)   120         108.348          -2.336          -2.701         -14.626          117.937
   48 (vir)   120         110.039          -1.719          -2.418         -15.722          121.624
   49 (vir)   120         118.174          -1.787          -2.316         -16.808          130.878
   50 (vir)   120         118.832          -3.316          -2.324         -14.563          127.755
   51 (vir)   120         130.036          -2.596          -2.516         -15.675          140.599
   52 (vir)   120         131.620          -2.162          -2.378         -17.488          144.569
   53 (vir)   120         147.262           0.218          -3.095         -16.051          160.435
   54 (vir)   120         159.144           1.335          -1.014         -16.602          176.067
   55 (vir)   120         173.733          -1.822          -3.028         -18.504          187.387
   56 (vir)   120         191.267          -4.378          -0.565          -9.981          196.304
   57 (vir)   120         250.077           3.697          -1.108         -17.039          269.704
   58 (vir)   120      272113.839          -0.000          -0.000          -0.000       272113.838
 
 
  kpoint:     121             coordinate:     0.0000    0.2755    0.0000
 
    n           k   ϵ_nk^DFT (eV)     Σ^c_nk (eV)     Σ^x_nk (eV)    v_nk^xc (eV)   ϵ_nk^G0W0 (eV)
 
    1 (occ)   121         -20.025           8.509         -26.917         -16.639          -21.795
    2 (occ)   121          -9.431           3.957         -22.658         -16.747          -11.385
    3 (occ)   121          -7.111           3.056         -18.446         -13.773           -8.728
    4 (occ)   121          -6.960           3.137         -22.549         -17.627           -8.746
    5 (vir)   121           3.347          -2.228          -1.556          -4.421            3.984
    6 (vir)   121           3.903          -3.093          -4.353          -8.496            4.954
    7 (vir)   121           5.696          -3.365          -2.955          -7.238            6.614
    8 (vir)   121           6.568          -3.639          -5.084         -10.030            7.876
    9 (vir)   121           8.100          -2.647          -2.891          -6.385            8.947
   10 (vir)   121          10.346          -2.527          -0.932          -4.045           10.932
   11 (vir)   121          12.720          -5.304          -5.330         -12.123           14.208
   12 (vir)   121          12.934          -6.219          -6.918         -15.406           15.203
   13 (vir)   121          16.534          -4.015          -1.692          -6.783           17.610
   14 (vir)   121          16.815          -2.785          -1.503          -5.344           17.871
   15 (vir)   121          19.679          -3.729          -1.711          -6.503           20.743
   16 (vir)   121          21.492          -3.553          -0.970          -5.631           22.600
   17 (vir)   121          22.478          -4.773          -3.475         -10.296           24.526
   18 (vir)   121          25.209          -6.740          -2.963         -11.305           26.810
   19 (vir)   121          27.259          -3.749          -0.950          -6.049           28.608
   20 (vir)   121          28.969          -3.588          -1.435          -7.589           31.535
   21 (vir)   121          32.684          -4.676          -1.867          -8.827           34.969
   22 (vir)   121          32.794          -2.263          -1.586          -6.795           35.741
   23 (vir)   121          36.562          -2.902          -1.185          -6.184           38.659
   24 (vir)   121          38.581          -5.567          -3.594         -12.529           41.949
   25 (vir)   121          39.078          -1.415          -3.355         -11.981           46.289
   26 (vir)   121          44.897          -3.685          -2.165          -8.443           47.489
   27 (vir)   121          46.002          -2.538          -2.836         -11.758           52.386
   28 (vir)   121          46.094          -4.390          -2.694         -11.162           50.172
   29 (vir)   121          47.894          -4.574          -2.621         -11.233           51.932
   30 (vir)   121          48.578           5.323          -2.608         -11.037           62.330
   31 (vir)   121          52.544          -2.287          -2.615         -11.903           59.546
   32 (vir)   121          56.732          -3.764          -3.021         -12.952           62.899
   33 (vir)   121          57.634          -0.576          -2.923         -13.270           67.405
   34 (vir)   121          64.239          -4.077          -1.976         -10.286           68.471
   35 (vir)   121          66.282          -1.558          -1.826         -11.949           74.847
   36 (vir)   121          67.116           0.731          -2.591         -12.068           77.324
   37 (vir)   121          68.577          -5.893          -2.462         -12.151           72.373
   38 (vir)   121          77.725          -0.766          -3.434         -15.781           89.306
   39 (vir)   121          79.977          -3.319          -2.232         -10.803           85.229
   40 (vir)   121          81.943          -1.386          -2.285         -13.801           92.072
   41 (vir)   121          85.657          -1.793          -1.711         -12.809           94.962
   42 (vir)   121          87.171          -6.623          -2.246         -14.704           93.006
   43 (vir)   121          93.108           1.918          -1.969         -13.842          106.900
   44 (vir)   121          93.660          -0.704          -2.152         -13.383          104.188
   45 (vir)   121          96.696           0.247          -2.129         -14.763          109.577
   46 (vir)   121          99.392          -1.707          -2.073         -14.950          110.562
   47 (vir)   121         108.815          -2.066          -2.627         -14.704          118.826
   48 (vir)   121         109.164          -2.505          -2.558         -15.638          119.738
   49 (vir)   121         118.064           7.472          -2.356         -16.841          140.021
   50 (vir)   121         118.656          -3.427          -1.843         -14.579          127.965
   51 (vir)   121         129.691          -0.594          -2.480         -15.588          142.205
   52 (vir)   121         132.628          -0.647          -2.361         -17.551          147.172
   53 (vir)   121         146.938         -10.115          -2.931         -16.072          149.964
   54 (vir)   121         158.239           0.516          -1.873         -16.621          173.502
   55 (vir)   121         174.427          -3.339          -3.159         -18.497          186.426
   56 (vir)   121         190.223          -0.948          -0.572          -9.920          198.624
   57 (vir)   121         250.118          -0.176          -1.102         -17.034          265.874
   58 (vir)   121      272113.839          -0.000          -0.000          -0.000       272113.838
 
 
  kpoint:     122             coordinate:     0.0000    0.2653    0.0000
 
    n           k   ϵ_nk^DFT (eV)     Σ^c_nk (eV)     Σ^x_nk (eV)    v_nk^xc (eV)   ϵ_nk^G0W0 (eV)
 
    1 (occ)   122         -20.118           8.542         -26.916         -16.607          -21.885
    2 (occ)   122          -9.209           3.884         -22.646         -16.819          -11.153
    3 (occ)   122          -7.239           3.108         -18.448         -13.717           -8.862
    4 (occ)   122          -6.879           3.112         -22.545         -17.652           -8.660
    5 (vir)   122           3.181          -2.197          -1.517          -4.336            3.802
    6 (vir)   122           3.890          -2.778          -3.697          -7.398            4.812
    7 (vir)   122           5.738          -3.714          -3.590          -8.334            6.768
    8 (vir)   122           6.527          -3.471          -4.744          -9.425            7.737
    9 (vir)   122           7.943          -2.811          -3.278          -7.055            8.909
   10 (vir)   122          10.181          -2.550          -0.932          -4.072           10.772
   11 (vir)   122          12.555          -5.276          -5.374         -12.131           14.037
   12 (vir)   122          12.626          -6.126          -6.956         -15.353           14.897
   13 (vir)   122          16.709          -2.879          -1.671          -5.646           17.805
   14 (vir)   122          16.731          -4.053          -1.713          -6.853           17.818
   15 (vir)   122          19.943          -3.665          -1.559          -6.299           21.017
   16 (vir)   122          21.603          -3.596          -0.991          -5.705           22.721
   17 (vir)   122          22.599          -4.781          -3.474         -10.318           24.662
   18 (vir)   122          25.157          -6.679          -2.916         -11.180           26.743
   19 (vir)   122          27.452          -3.817          -0.950          -6.097           28.782
   20 (vir)   122          29.185          -4.170          -1.461          -7.574           31.127
   21 (vir)   122          32.949          -4.910          -1.881          -8.841           34.999
   22 (vir)   122          33.083          -0.822          -1.637          -6.805           37.428
   23 (vir)   122          36.815          -3.097          -1.278          -6.567           39.007
   24 (vir)   122          38.912          -6.286          -3.627         -12.658           41.658
   25 (vir)   122          39.017          -1.539          -3.387         -12.072           46.164
   26 (vir)   122          45.194          -3.308          -2.402          -8.290           47.774
   27 (vir)   122          45.803          -2.433          -2.831         -11.694           52.232
   28 (vir)   122          46.599          -4.278          -2.893         -11.770           51.198
   29 (vir)   122          48.075          -4.919          -2.591         -11.007           51.572
   30 (vir)   122          48.675          -1.657          -2.456         -10.534           55.097
   31 (vir)   122          52.113          -4.886          -2.625         -11.787           56.388
   32 (vir)   122          56.770          -3.672          -3.041         -12.919           62.975
   33 (vir)   122          57.767           0.406          -2.873         -13.206           68.505
   34 (vir)   122          64.526          -3.873          -1.929         -10.166           68.891
   35 (vir)   122          66.109          -1.416          -1.883         -11.953           74.762
   36 (vir)   122          67.209           3.574          -2.626         -12.093           80.250
   37 (vir)   122          68.555          -2.389          -2.623         -12.382           75.924
   38 (vir)   122          77.620           0.922          -3.442         -15.779           90.880
   39 (vir)   122          80.290          -2.989          -2.435         -10.672           85.538
   40 (vir)   122          82.188          -1.268          -2.367         -13.754           92.307
   41 (vir)   122          86.338          -1.372          -1.801         -12.786           95.950
   42 (vir)   122          87.241          -4.536          -2.028         -14.725           95.403
   43 (vir)   122          93.461          -0.631          -2.062         -13.303          104.070
   44 (vir)   122          94.022           3.581          -1.966         -13.884          109.521
   45 (vir)   122          97.018           0.157          -2.114         -14.724          109.785
   46 (vir)   122          99.458          -0.835          -2.128         -15.024          111.520
   47 (vir)   122         108.292          -5.556          -2.656         -15.544          115.623
   48 (vir)   122         109.227          -1.845          -2.523         -14.782          119.642
   49 (vir)   122         117.919           1.119          -2.337         -16.868          133.569
   50 (vir)   122         118.502          -2.765          -0.904         -14.592          129.426
   51 (vir)   122         129.296          -1.258          -2.404         -15.506          141.140
   52 (vir)   122         133.580          -2.000          -2.349         -17.605          146.836
   53 (vir)   122         146.578          -6.579          -2.173         -16.088          153.914
   54 (vir)   122         157.119          -0.911          -2.611         -16.622          170.220
   55 (vir)   122         175.094          -3.092          -3.229         -18.493          187.267
   56 (vir)   122         189.278          -0.965          -0.435          -9.865          197.743
   57 (vir)   122         250.211          -2.002          -1.063         -17.033          264.179
   58 (vir)   122      272113.839          -0.000          -0.000          -0.000       272113.838
 
 
  kpoint:     123             coordinate:     0.0000    0.2551    0.0000
 
    n           k   ϵ_nk^DFT (eV)     Σ^c_nk (eV)     Σ^x_nk (eV)    v_nk^xc (eV)   ϵ_nk^G0W0 (eV)
 
    1 (occ)   123         -20.209           8.575         -26.916         -16.577          -21.972
    2 (occ)   123          -8.986           3.810         -22.635         -16.892          -10.920
    3 (occ)   123          -7.363           3.158         -18.453         -13.666           -8.992
    4 (occ)   123          -6.795           3.087         -22.542         -17.678           -8.572
    5 (vir)   123           3.020          -2.171          -1.485          -4.263            3.627
    6 (vir)   123           3.842          -2.514          -3.120          -6.440            4.649
    7 (vir)   123           5.814          -4.011          -4.135          -9.267            6.934
    8 (vir)   123           6.473          -3.271          -4.333          -8.697            7.566
    9 (vir)   123           7.811          -3.012          -3.733          -7.846            8.913
   10 (vir)   123          10.029          -2.587          -0.944          -4.129           10.628
   11 (vir)   123          12.320          -6.035          -6.992         -15.300           14.594
   12 (vir)   123          12.383          -5.239          -5.402         -12.114           13.856
   13 (vir)   123          16.584          -2.967          -1.823          -5.912           17.706
   14 (vir)   123          16.924          -4.080          -1.724          -6.902           18.022
   15 (vir)   123          20.256          -3.643          -1.448          -6.172           21.336
   16 (vir)   123          21.706          -3.659          -1.024          -5.803           22.826
   17 (vir)   123          22.730          -4.786          -3.473         -10.341           24.812
   18 (vir)   123          25.098          -6.620          -2.859         -11.023           26.642
   19 (vir)   123          27.657          -3.792          -0.948          -6.150           29.067
   20 (vir)   123          29.419          -4.944          -1.515          -7.572           30.531
   21 (vir)   123          33.232          -5.190          -1.891          -8.834           34.986
   22 (vir)   123          33.380          -1.284          -1.511          -6.813           37.398
   23 (vir)   123          37.015          -3.367          -1.383          -6.993           39.258
   24 (vir)   123          38.962          -1.852          -3.400         -12.158           45.869
   25 (vir)   123          39.235          -6.106          -3.611         -12.800           42.318
   26 (vir)   123          45.496          -1.561          -2.383          -8.120           49.671
   27 (vir)   123          45.589          -2.193          -2.836         -11.633           52.193
   28 (vir)   123          46.839          -3.834          -3.018         -12.199           52.185
   29 (vir)   123          48.375          -4.668          -2.554         -10.765           51.918
   30 (vir)   123          49.050          -3.344          -2.314         -10.243           53.635
   31 (vir)   123          51.697          -5.077          -2.670         -11.665           55.615
   32 (vir)   123          56.840          -5.044          -3.017         -12.894           61.673
   33 (vir)   123          57.882           0.600          -2.830         -13.125           68.777
   34 (vir)   123          64.851          -2.316          -1.868         -10.033           70.700
   35 (vir)   123          65.967          -5.050          -1.974         -11.966           70.910
   36 (vir)   123          67.351          -9.962          -2.636         -12.132           66.884
   37 (vir)   123          68.537          -0.998          -2.605         -12.603           77.537
   38 (vir)   123          77.518           4.905          -3.402         -15.764           94.785
   39 (vir)   123          80.643          -1.757          -2.269         -10.560           87.177
   40 (vir)   123          82.427          -3.785          -2.522         -13.696           89.815
   41 (vir)   123          87.007          -1.861          -1.956         -12.784           95.975
   42 (vir)   123          87.294          -3.203          -1.768         -14.740           97.064
   43 (vir)   123          93.293          -0.893          -1.830         -13.192          103.761
   44 (vir)   123          94.902           2.021          -1.962         -13.920          108.881
   45 (vir)   123          97.331           0.137          -2.104         -14.704          110.068
   46 (vir)   123          99.516          -6.332          -2.203         -15.088          106.069
   47 (vir)   123         107.433          -3.770          -2.661         -15.441          116.442
   48 (vir)   123         109.578          -1.936          -2.451         -14.855          120.046
   49 (vir)   123         117.732          -2.354          -2.275         -16.885          129.987
   50 (vir)   123         118.367          -2.285           0.137         -14.604          130.822
   51 (vir)   123         128.841          -2.090          -2.279         -15.431          139.903
   52 (vir)   123         134.473          -3.409          -2.349         -17.648          146.362
   53 (vir)   123         146.185          -5.374          -1.157         -16.099          155.753
   54 (vir)   123         155.871          -0.363          -2.876         -16.612          169.244
   55 (vir)   123         175.721          -2.338          -3.191         -18.493          188.684
   56 (vir)   123         188.442          -0.865          -0.259          -9.817          197.136
   57 (vir)   123         250.342          -2.091          -1.001         -17.036          264.286
   58 (vir)   123      272113.839          -0.000          -0.000          -0.000       272113.838
 
 
  kpoint:     124             coordinate:     0.0000    0.2449    0.0000
 
    n           k   ϵ_nk^DFT (eV)     Σ^c_nk (eV)     Σ^x_nk (eV)    v_nk^xc (eV)   ϵ_nk^G0W0 (eV)
 
    1 (occ)   124         -20.297           8.607         -26.916         -16.549          -22.058
    2 (occ)   124          -8.763           3.737         -22.624         -16.964          -10.686
    3 (occ)   124          -7.484           3.207         -18.458         -13.617           -9.117
    4 (occ)   124          -6.709           3.061         -22.540         -17.705           -8.483
    5 (vir)   124           2.864          -2.147          -1.459          -4.201            3.459
    6 (vir)   124           3.770          -2.310          -2.655          -5.676            4.480
    7 (vir)   124           5.913          -4.237          -4.554          -9.975            7.096
    8 (vir)   124           6.406          -3.053          -3.879          -7.896            7.369
    9 (vir)   124           7.705          -3.237          -4.227          -8.710            8.951
   10 (vir)   124           9.893          -2.639          -0.970          -4.221           10.506
   11 (vir)   124          12.019          -5.946          -7.026         -15.247           14.294
   12 (vir)   124          12.207          -5.198          -5.420         -12.082           13.671
   13 (vir)   124          16.447          -3.041          -1.955          -6.132           17.583
   14 (vir)   124          17.113          -4.096          -1.726          -6.929           18.220
   15 (vir)   124          20.603          -3.676          -1.381          -6.133           21.679
   16 (vir)   124          21.805          -3.739          -1.071          -5.925           22.920
   17 (vir)   124          22.871          -4.792          -3.473         -10.366           24.972
   18 (vir)   124          25.035          -6.549          -2.787         -10.826           26.525
   19 (vir)   124          27.872          -3.661          -0.949          -6.208           29.471
   20 (vir)   124          29.663          -3.399          -1.566          -7.592           32.290
   21 (vir)   124          33.537          -5.291          -1.888          -8.801           35.159
   22 (vir)   124          33.689          -1.819          -1.268          -6.820           37.422
   23 (vir)   124          37.153          -3.704          -1.497          -7.442           39.393
   24 (vir)   124          38.919          -2.212          -3.403         -12.241           45.546
   25 (vir)   124          39.545          -5.610          -3.559         -12.950           43.326
   26 (vir)   124          45.355          -1.733          -2.839         -11.579           52.362
   27 (vir)   124          45.803          -0.737          -2.057          -7.940           50.949
   28 (vir)   124          46.856          -3.476          -3.047         -12.289           52.621
   29 (vir)   124          48.799          -4.356          -2.513         -10.531           52.462
   30 (vir)   124          49.642          -4.238          -2.196         -10.318           53.525
   31 (vir)   124          51.319          -3.376          -2.708         -11.542           56.777
   32 (vir)   124          56.948          -5.368          -2.967         -12.876           61.489
   33 (vir)   124          57.983          -2.014          -2.791         -13.029           66.208
   34 (vir)   124          65.223          -1.496          -1.793          -9.883           71.817
   35 (vir)   124          65.857          -3.072          -2.053         -11.987           72.720
   36 (vir)   124          67.541          -9.669          -2.618         -12.187           67.440
   37 (vir)   124          68.524          -0.710          -2.443         -12.813           78.183
   38 (vir)   124          77.420          -2.882          -3.335         -15.737           86.939
   39 (vir)   124          81.031          -0.676          -1.720         -10.473           89.108
   40 (vir)   124          82.663          -2.639          -2.652         -13.627           90.998
   41 (vir)   124          87.326          -2.397          -1.566         -14.747           98.111
   42 (vir)   124          87.658          -2.763          -2.057         -12.810           95.648
   43 (vir)   124          93.171          -1.446          -1.555         -13.045          103.216
   44 (vir)   124          95.752           0.232          -1.957         -13.950          107.978
   45 (vir)   124          97.625           0.247          -2.105         -14.712          110.479
   46 (vir)   124          99.577          -3.546          -2.262         -15.131          108.900
   47 (vir)   124         106.596          -1.956          -2.558         -15.327          117.409
   48 (vir)   124         109.864          -4.924          -2.429         -14.919          117.430
   49 (vir)   124         117.500          -2.549          -2.200         -16.888          129.639
   50 (vir)   124         118.247          -1.995           0.837         -14.611          131.700
   51 (vir)   124         128.315          -2.217          -2.098         -15.366          139.365
   52 (vir)   124         135.305          -3.473          -2.358         -17.680          147.155
   53 (vir)   124         145.762          -4.182          -0.389         -16.104          157.296
   54 (vir)   124         154.608          -0.644          -2.622         -16.597          167.938
   55 (vir)   124         176.293          -1.905          -3.036         -18.496          189.848
   56 (vir)   124         187.713          -2.096          -0.158          -9.777          195.237
   57 (vir)   124         250.496          -2.265          -0.938         -17.042          264.335
   58 (vir)   124      272113.839          -0.000          -0.000          -0.000       272113.838
 
 
  kpoint:     125             coordinate:     0.0000    0.2347    0.0000
 
    n           k   ϵ_nk^DFT (eV)     Σ^c_nk (eV)     Σ^x_nk (eV)    v_nk^xc (eV)   ϵ_nk^G0W0 (eV)
 
    1 (occ)   125         -20.383           8.637         -26.917         -16.522          -22.140
    2 (occ)   125          -8.540           3.664         -22.614         -17.037          -10.453
    3 (occ)   125          -7.601           3.255         -18.465         -13.572           -9.239
    4 (occ)   125          -6.622           3.035         -22.538         -17.733           -8.392
    5 (vir)   125           2.714          -2.127          -1.436          -4.148            3.298
    6 (vir)   125           3.681          -2.159          -2.298          -5.092            4.316
    7 (vir)   125           6.025          -4.392          -4.849         -10.464            7.248
    8 (vir)   125           6.325          -2.836          -3.425          -7.092            7.156
    9 (vir)   125           7.623          -3.466          -4.721          -9.576            9.013
   10 (vir)   125           9.772          -2.708          -1.013          -4.355           10.406
   11 (vir)   125          11.721          -5.860          -7.059         -15.194           13.997
   12 (vir)   125          12.028          -5.156          -5.431         -12.042           13.483
   13 (vir)   125          16.306          -3.099          -2.066          -6.309           17.449
   14 (vir)   125          17.294          -4.104          -1.718          -6.934           18.406
   15 (vir)   125          20.972          -3.762          -1.360          -6.189           22.039
   16 (vir)   125          21.904          -3.828          -1.130          -6.071           23.017
   17 (vir)   125          23.020          -4.800          -3.473         -10.391           25.139
   18 (vir)   125          24.975          -6.440          -2.690         -10.575           26.420
   19 (vir)   125          28.099          -3.504          -0.958          -6.271           29.909
   20 (vir)   125          29.913          -3.263          -1.584          -7.642           32.708
   21 (vir)   125          33.866          -5.020          -1.866          -8.736           35.716
   22 (vir)   125          34.012          -2.873          -1.036          -6.827           36.930
   23 (vir)   125          37.220          -3.906          -1.615          -7.891           39.590
   24 (vir)   125          38.891          -2.478          -3.402         -12.321           45.333
   25 (vir)   125          39.837          -5.263          -3.500         -13.099           44.172
   26 (vir)   125          45.098          -1.741          -2.837         -11.532           52.052
   27 (vir)   125          46.117          -0.484          -1.516          -7.763           51.881
   28 (vir)   125          46.763          -5.283          -3.048         -12.242           50.674
   29 (vir)   125          49.350          -4.330          -2.475         -10.332           52.876
   30 (vir)   125          50.322          -4.530          -2.065         -10.549           54.276
   31 (vir)   125          51.001          -3.019          -2.684         -11.421           56.719
   32 (vir)   125          57.099          -4.405          -2.927         -12.863           62.631
   33 (vir)   125          58.077          -4.013          -2.747         -12.922           64.239
   34 (vir)   125          65.653          -1.299          -1.706          -9.716           72.364
   35 (vir)   125          65.779          -2.801          -2.080         -12.015           72.914
   36 (vir)   125          67.780          -1.581          -2.581         -12.260           75.878
   37 (vir)   125          68.518          -0.701          -2.232         -13.007           78.592
   38 (vir)   125          77.326           1.957          -3.266         -15.695           91.713
   39 (vir)   125          81.452           0.075          -0.945         -10.418           91.000
   40 (vir)   125          82.901          -2.240          -2.656         -13.547           91.553
   41 (vir)   125          87.335          -1.969          -1.497         -14.741           98.610
   42 (vir)   125          88.281          -4.233          -2.012         -12.870           94.906
   43 (vir)   125          93.111          -1.777          -1.357         -12.858          102.835
   44 (vir)   125          96.572          -1.008          -1.949         -13.975          107.590
   45 (vir)   125          97.884           0.367          -2.115         -14.762          110.898
   46 (vir)   125          99.658          -3.104          -2.274         -15.138          109.418
   47 (vir)   125         105.792          -1.547          -2.386         -15.203          117.062
   48 (vir)   125         110.082          -3.390          -2.433         -14.968          119.226
   49 (vir)   125         117.219          -4.300          -2.136         -16.877          127.661
   50 (vir)   125         118.140          -1.658           0.887         -14.615          131.985
   51 (vir)   125         127.707          -2.105          -1.865         -15.314          139.051
   52 (vir)   125         136.079          -3.441          -2.367         -17.700          147.972
   53 (vir)   125         145.313          -2.592          -0.290         -16.104          158.535
   54 (vir)   125         153.451          -1.287          -2.095         -16.586          166.654
   55 (vir)   125         176.799          -1.506          -2.814         -18.502          190.981
   56 (vir)   125         187.080          -1.644          -0.177          -9.744          195.003
   57 (vir)   125         250.654          -0.763          -0.902         -17.050          266.040
   58 (vir)   125      272113.839          -0.000          -0.000          -0.000       272113.838
 
 
  kpoint:     126             coordinate:     0.0000    0.2245    0.0000
 
    n           k   ϵ_nk^DFT (eV)     Σ^c_nk (eV)     Σ^x_nk (eV)    v_nk^xc (eV)   ϵ_nk^G0W0 (eV)
 
    1 (occ)   126         -20.466           8.667         -26.919         -16.497          -22.220
    2 (occ)   126          -8.317           3.591         -22.604         -17.110          -10.220
    3 (occ)   126          -7.713           3.300         -18.472         -13.529           -9.356
    4 (occ)   126          -6.534           3.009         -22.537         -17.763           -8.299
    5 (vir)   126           2.570          -2.109          -1.418          -4.102            3.145
    6 (vir)   126           3.583          -2.048          -2.029          -4.653            4.160
    7 (vir)   126           6.141          -4.483          -5.037         -10.763            7.384
    8 (vir)   126           6.233          -2.638          -3.010          -6.356            6.940
    9 (vir)   126           7.563          -3.680          -5.175         -10.375            9.083
   10 (vir)   126           9.668          -2.798          -1.076          -4.538           10.331
   11 (vir)   126          11.430          -5.776          -7.090         -15.142           13.705
   12 (vir)   126          11.848          -5.114          -5.437         -11.999           13.295
   13 (vir)   126          16.163          -3.144          -2.152          -6.448           17.315
   14 (vir)   126          17.465          -4.106          -1.699          -6.915           18.575
   15 (vir)   126          21.349          -3.901          -1.388          -6.358           22.418
   16 (vir)   126          22.010          -3.917          -1.202          -6.243           23.134
   17 (vir)   126          23.179          -4.812          -3.472         -10.416           25.311
   18 (vir)   126          24.927          -6.270          -2.558         -10.247           26.345
   19 (vir)   126          28.338          -3.403          -0.976          -6.340           30.299
   20 (vir)   126          30.161          -5.007          -1.563          -7.727           31.318
   21 (vir)   126          34.223          -4.373          -1.816          -8.636           36.670
   22 (vir)   126          34.353          -3.627          -0.945          -6.833           36.613
   23 (vir)   126          37.216          -3.744          -1.733          -8.317           40.057
   24 (vir)   126          38.880          -2.362          -3.402         -12.400           45.516
   25 (vir)   126          40.105          -5.060          -3.459         -13.236           44.821
   26 (vir)   126          44.816          -2.168          -2.832         -11.492           51.308
   27 (vir)   126          46.443          -0.915          -0.963          -7.603           52.168
   28 (vir)   126          46.628          -6.670          -3.051         -12.169           49.076
   29 (vir)   126          50.016          -4.492          -2.452         -10.192           53.263
   30 (vir)   126          50.765          -7.973          -2.575         -11.306           51.522
   31 (vir)   126          51.010          -4.832          -1.952         -10.820           55.046
   32 (vir)   126          57.298          -3.599          -2.930         -12.854           63.622
   33 (vir)   126          58.173          -5.122          -2.697         -12.807           63.162
   34 (vir)   126          65.734          -3.517          -2.048         -12.047           72.216
   35 (vir)   126          66.153          -1.083          -1.616          -9.532           72.986
   36 (vir)   126          68.062          -1.464          -2.550         -12.357           76.404
   37 (vir)   126          68.522          -1.709          -2.086         -13.186           77.913
   38 (vir)   126          77.241          -2.781          -3.207         -15.636           86.890
   39 (vir)   126          81.899          -0.085          -0.260         -10.405           91.959
   40 (vir)   126          83.146          -5.268          -2.493         -13.457           88.841
   41 (vir)   126          87.319          -2.005          -1.564         -14.713           98.462
   42 (vir)   126          88.860          -5.999          -1.847         -12.968           93.982
   43 (vir)   126          93.133          -2.223          -1.279         -12.628          102.259
   44 (vir)   126          97.363          -1.948          -1.938         -13.995          107.473
   45 (vir)   126          98.090           0.051          -2.130         -14.864          110.874
   46 (vir)   126          99.778          -3.056          -2.241         -15.098          109.579
   47 (vir)   126         105.030          -1.804          -2.222         -15.068          116.071
   48 (vir)   126         110.232          -4.155          -2.435         -14.998          118.639
   49 (vir)   126         116.887          -9.507          -2.094         -16.847          122.132
   50 (vir)   126         118.048          -1.386           0.256         -14.614          131.533
   51 (vir)   126         127.017          -2.083          -1.603         -15.282          138.613
   52 (vir)   126         136.797          -3.369          -2.371         -17.709          148.765
   53 (vir)   126         144.842          -2.245          -0.971         -16.098          157.723
   54 (vir)   126         152.511          -1.687          -1.647         -16.588          165.765
   55 (vir)   126         177.231          -1.084          -2.621         -18.510          192.036
   56 (vir)   126         186.531          -1.605          -0.277          -9.714          194.364
   57 (vir)   126         250.801          -1.749          -0.915         -17.060          265.196
   58 (vir)   126      272113.839          -0.000          -0.000          -0.000       272113.838
 
 
  kpoint:     127             coordinate:     0.0000    0.2143    0.0000
 
    n           k   ϵ_nk^DFT (eV)     Σ^c_nk (eV)     Σ^x_nk (eV)    v_nk^xc (eV)   ϵ_nk^G0W0 (eV)
 
    1 (occ)   127         -20.546           8.697         -26.921         -16.473          -22.298
    2 (occ)   127          -8.096           3.519         -22.595         -17.184           -9.988
    3 (occ)   127          -7.822           3.345         -18.481         -13.490           -9.468
    4 (occ)   127          -6.444           2.982         -22.537         -17.793           -8.206
    5 (vir)   127           2.431          -2.092          -1.404          -4.063            2.998
    6 (vir)   127           3.481          -1.966          -1.825          -4.322            4.012
    7 (vir)   127           6.131          -2.470          -2.659          -5.730            6.733
    8 (vir)   127           6.256          -4.519          -5.135         -10.900            7.503
    9 (vir)   127           7.523          -3.868          -5.566         -11.065            9.154
   10 (vir)   127           9.582          -2.913          -1.165          -4.776           10.281
   11 (vir)   127          11.144          -5.695          -7.120         -15.090           13.418
   12 (vir)   127          11.669          -5.073          -5.441         -11.953           13.109
   13 (vir)   127          16.022          -3.176          -2.215          -6.557           17.187
   14 (vir)   127          17.624          -4.103          -1.671          -6.875           18.726
   15 (vir)   127          21.718          -4.102          -1.468          -6.667           22.815
   16 (vir)   127          22.129          -4.003          -1.287          -6.442           23.282
   17 (vir)   127          23.345          -4.827          -3.472         -10.442           25.488
   18 (vir)   127          24.905          -6.016          -2.380          -9.807           26.316
   19 (vir)   127          28.590          -3.355          -1.000          -6.413           30.647
   20 (vir)   127          30.400          -3.615          -1.534          -7.849           33.100
   21 (vir)   127          34.606          -3.737          -1.736          -8.502           37.635
   22 (vir)   127          34.713          -3.752          -1.047          -6.839           36.754
   23 (vir)   127          37.143          -3.581          -1.846          -8.703           40.420
   24 (vir)   127          38.887          -0.217          -3.405         -12.477           47.742
   25 (vir)   127          40.342          -4.920          -3.440         -13.349           45.331
   26 (vir)   127          44.514          -2.355          -2.829         -11.457           50.786
   27 (vir)   127          46.476          -7.462          -3.060         -12.099           48.054
   28 (vir)   127          46.785          -1.048          -0.639          -7.478           52.575
   29 (vir)   127          50.631          -3.245          -2.412         -11.201           56.174
   30 (vir)   127          50.779          -4.336          -2.452         -10.129           54.119
   31 (vir)   127          51.665          -5.355          -1.914         -11.097           55.494
   32 (vir)   127          57.547          -2.872          -2.988         -12.844           64.530
   33 (vir)   127          58.285          -5.913          -2.646         -12.689           62.415
   34 (vir)   127          65.720          -2.744          -1.990         -12.082           73.068
   35 (vir)   127          66.737          -2.296          -1.532          -9.335           72.244
   36 (vir)   127          68.382           0.176          -2.564         -12.480           78.474
   37 (vir)   127          68.539          -3.337          -2.097         -13.346           76.450
   38 (vir)   127          77.167          -3.453          -3.156         -15.558           86.116
   39 (vir)   127          82.361           3.340          -0.045         -10.450           96.105
   40 (vir)   127          83.402          -1.714          -2.227         -13.358           92.819
   41 (vir)   127          87.278          -2.694          -1.714         -14.649           97.519
   42 (vir)   127          89.375          -6.206          -1.719         -13.096           94.546
   43 (vir)   127          93.265          -2.217          -1.222         -12.363          102.189
   44 (vir)   127          98.127          -2.667          -1.926         -14.012          107.546
   45 (vir)   127          98.232          -2.131          -2.141         -15.009          108.969
   46 (vir)   127          99.950          -2.109          -2.189         -15.016          110.667
   47 (vir)   127         104.321          -1.595          -2.151         -14.921          115.496
   48 (vir)   127         110.313          -4.805          -2.420         -15.002          118.090
   49 (vir)   127         116.499          -1.275          -2.076         -16.797          129.945
   50 (vir)   127         117.970          -1.444          -0.783         -14.609          130.352
   51 (vir)   127         126.260          -3.009          -1.383         -15.277          137.145
   52 (vir)   127         137.463           0.890          -2.363         -17.704          153.694
   53 (vir)   127         144.353          -2.111          -2.157         -16.088          156.173
   54 (vir)   127         151.873           0.511          -1.504         -16.607          167.486
   55 (vir)   127         177.584          -0.968          -2.539         -18.519          192.596
   56 (vir)   127         186.051           1.887          -0.374          -9.687          197.252
   57 (vir)   127         250.921           2.814          -0.978         -17.070          269.828
   58 (vir)   127      272113.839          -0.000          -0.000          -0.000       272113.838
 
 
  kpoint:     128             coordinate:     0.0000    0.2041    0.0000
 
    n           k   ϵ_nk^DFT (eV)     Σ^c_nk (eV)     Σ^x_nk (eV)    v_nk^xc (eV)   ϵ_nk^G0W0 (eV)
 
    1 (occ)   128         -20.623           8.725         -26.925         -16.451          -22.372
    2 (occ)   128          -7.926           3.387         -18.490         -13.453           -9.576
    3 (occ)   128          -7.877           3.448         -22.586         -17.257           -9.758
    4 (occ)   128          -6.354           2.956         -22.538         -17.825           -8.112
    5 (vir)   128           2.299          -2.078          -1.392          -4.029            2.858
    6 (vir)   128           3.377          -1.905          -1.669          -4.070            3.873
    7 (vir)   128           6.024          -2.334          -2.378          -5.227            6.539
    8 (vir)   128           6.364          -4.505          -5.158         -10.901            7.601
    9 (vir)   128           7.499          -4.024          -5.887         -11.633            9.220
   10 (vir)   128           9.517          -3.056          -1.281          -5.074           10.254
   11 (vir)   128          10.864          -5.616          -7.150         -15.038           13.137
   12 (vir)   128          11.492          -5.032          -5.444         -11.908           12.924
   13 (vir)   128          15.883          -3.197          -2.260          -6.640           17.065
   14 (vir)   128          17.770          -4.097          -1.632          -6.815           18.856
   15 (vir)   128          22.061          -4.397          -1.608          -7.149           23.205
   16 (vir)   128          22.267          -4.084          -1.384          -6.667           23.467
   17 (vir)   128          23.520          -4.841          -3.472         -10.468           25.675
   18 (vir)   128          24.931          -5.645          -2.150          -9.217           26.352
   19 (vir)   128          28.853          -3.344          -1.024          -6.492           30.978
   20 (vir)   128          30.625          -3.179          -1.540          -8.005           33.910
   21 (vir)   128          35.013          -3.351          -1.635          -8.343           38.369
   22 (vir)   128          35.097          -3.646          -1.281          -6.847           37.017
   23 (vir)   128          37.008          -3.964          -1.950          -9.040           40.134
   24 (vir)   128          38.912           1.841          -3.409         -12.552           49.896
   25 (vir)   128          40.543          -4.883          -3.425         -13.426           45.661
   26 (vir)   128          44.202          -2.371          -2.828         -11.423           50.426
   27 (vir)   128          46.319          -8.500          -3.071         -12.036           46.783
   28 (vir)   128          47.149          -1.112          -0.695          -7.406           52.748
   29 (vir)   128          50.615          -3.147          -2.273         -11.110           56.304
   30 (vir)   128          51.611          -3.946          -2.478         -10.146           55.333
   31 (vir)   128          52.265          -5.887          -1.979         -11.368           55.767
   32 (vir)   128          57.852          -2.503          -3.092         -12.830           65.087
   33 (vir)   128          58.427          -6.079          -2.607         -12.574           62.316
   34 (vir)   128          65.737          -2.898          -1.958         -12.120           73.001
   35 (vir)   128          67.419          -2.616          -1.462          -9.130           72.471
   36 (vir)   128          68.570          -2.833          -2.298         -13.486           76.925
   37 (vir)   128          68.729          -2.619          -2.647         -12.636           76.098
   38 (vir)   128          77.109          -3.606          -3.098         -15.456           85.862
   39 (vir)   128          82.825           7.209          -0.565         -10.578          100.047
   40 (vir)   128          83.676          -1.178          -1.994         -13.250           93.754
   41 (vir)   128          87.216          -4.682          -1.883         -14.525           95.176
   42 (vir)   128          89.806          -9.656          -1.797         -13.225           91.579
   43 (vir)   128          93.530           0.769          -1.038         -12.095          105.355
   44 (vir)   128          98.312          -3.477          -2.151         -15.172          107.856
   45 (vir)   128          98.864          -2.568          -1.914         -14.021          108.404
   46 (vir)   128         100.175          -2.129          -2.152         -14.919          110.813
   47 (vir)   128         103.675          -1.372          -2.225         -14.761          114.839
   48 (vir)   128         110.323           3.662          -2.392         -14.975          126.568
   49 (vir)   128         116.048           5.560          -2.084         -16.730          136.254
   50 (vir)   128         117.909          -1.852          -1.790         -14.598          128.865
   51 (vir)   128         125.474           0.723          -1.310         -15.306          140.193
   52 (vir)   128         138.087           0.016          -2.347         -17.686          153.443
   53 (vir)   128         143.852          -2.010          -3.303         -16.072          154.611
   54 (vir)   128         151.588           0.264          -1.658         -16.645          166.839
   55 (vir)   128         177.855          -0.948          -2.581         -18.529          192.855
   56 (vir)   128         185.632           0.029          -0.396          -9.662          194.926
   57 (vir)   128         251.000           1.290          -1.061         -17.081          268.310
   58 (vir)   128      272113.839          -0.000          -0.000          -0.000       272113.838
 
 
  kpoint:     129             coordinate:     0.0000    0.1939    0.0000
 
    n           k   ϵ_nk^DFT (eV)     Σ^c_nk (eV)     Σ^x_nk (eV)    v_nk^xc (eV)   ϵ_nk^G0W0 (eV)
 
    1 (occ)   129         -20.697           8.752         -26.928         -16.430          -22.443
    2 (occ)   129          -8.026           3.428         -18.499         -13.418           -9.679
    3 (occ)   129          -7.660           3.378         -22.578         -17.331           -9.529
    4 (occ)   129          -6.264           2.930         -22.541         -17.857           -8.018
    5 (vir)   129           2.172          -2.065          -1.384          -4.001            2.724
    6 (vir)   129           3.275          -1.859          -1.548          -3.875            3.744
    7 (vir)   129           5.913          -2.227          -2.160          -4.835            6.361
    8 (vir)   129           6.462          -4.450          -5.118         -10.784            7.679
    9 (vir)   129           7.486          -4.152          -6.144         -12.090            9.281
   10 (vir)   129           9.472          -3.227          -1.427          -5.433           10.251
   11 (vir)   129          10.593          -5.539          -7.177         -14.986           12.862
   12 (vir)   129          11.318          -4.992          -5.448         -11.863           12.742
   13 (vir)   129          15.749          -3.211          -2.294          -6.701           16.945
   14 (vir)   129          17.901          -4.087          -1.585          -6.739           18.968
   15 (vir)   129          22.350          -4.814          -1.809          -7.809           23.537
   16 (vir)   129          22.431          -4.163          -1.492          -6.915           23.691
   17 (vir)   129          23.703          -4.848          -3.473         -10.495           25.877
   18 (vir)   129          25.030          -5.148          -1.877          -8.471           26.477
   19 (vir)   129          29.130          -3.357          -1.042          -6.576           31.308
   20 (vir)   129          30.830          -3.124          -1.615          -8.188           34.280
   21 (vir)   129          35.438          -3.184          -1.530          -8.169           38.893
   22 (vir)   129          35.507          -3.479          -1.499          -6.856           37.385
   23 (vir)   129          36.818          -4.720          -2.044          -9.326           39.380
   24 (vir)   129          38.955           0.693          -3.414         -12.626           48.860
   25 (vir)   129          40.703          -5.304          -3.393         -13.457           45.462
   26 (vir)   129          43.894          -2.307          -2.822         -11.386           50.151
   27 (vir)   129          46.163          -9.740          -3.082         -11.978           45.318
   28 (vir)   129          47.541          -1.224          -1.111          -7.405           52.611
   29 (vir)   129          50.730          -3.127          -2.238         -11.036           56.402
   30 (vir)   129          52.478          -3.722          -2.525         -10.238           56.468
   31 (vir)   129          52.794          -5.757          -2.126         -11.624           56.534
   32 (vir)   129          58.215          -2.541          -3.209         -12.810           65.274
   33 (vir)   129          58.614          -1.926          -2.592         -12.470           66.566
   34 (vir)   129          65.785          -2.962          -1.991         -12.159           72.991
   35 (vir)   129          68.213          -2.850          -1.409          -8.930           72.885
   36 (vir)   129          68.620          -3.223          -2.662         -13.606           76.342
   37 (vir)   129          69.093          -3.254          -2.784         -12.828           75.883
   38 (vir)   129          77.071          -3.616          -3.022         -15.328           85.761
   39 (vir)   129          83.271          -0.884          -1.780         -10.831           91.439
   40 (vir)   129          83.974          -0.947          -1.938         -13.132           94.222
   41 (vir)   129          87.143          -6.454          -2.083         -14.299           92.905
   42 (vir)   129          90.143          -0.636          -2.043         -13.315          100.778
   43 (vir)   129          93.940           1.670          -0.742         -11.865          106.733
   44 (vir)   129          98.344          -3.921          -2.174         -15.324          107.573
   45 (vir)   129          99.575          -2.208          -1.906         -14.029          109.490
   46 (vir)   129         100.440          -2.049          -2.139         -14.831          111.083
   47 (vir)   129         103.105          -1.730          -2.443         -14.590          113.522
   48 (vir)   129         110.258          -1.930          -2.359         -14.907          120.876
   49 (vir)   129         115.531           3.645          -2.143         -16.653          133.685
   50 (vir)   129         117.869          -2.344          -2.369         -14.581          127.737
   51 (vir)   129         124.716           0.285          -1.452         -15.371          138.920
   52 (vir)   129         138.679           0.145          -2.333         -17.656          154.147
   53 (vir)   129         143.344          -2.348          -3.852         -16.053          153.197
   54 (vir)   129         151.674           0.929          -1.921         -16.702          167.384
   55 (vir)   129         178.046          -0.993          -2.684         -18.540          192.909
   56 (vir)   129         185.263          -0.542          -0.333          -9.638          194.025
   57 (vir)   129         251.027          -0.124          -1.117         -17.092          266.879
   58 (vir)   129      272113.839          -0.000          -0.000          -0.000       272113.838
 
 
  kpoint:     130             coordinate:     0.0000    0.1837    0.0000
 
    n           k   ϵ_nk^DFT (eV)     Σ^c_nk (eV)     Σ^x_nk (eV)    v_nk^xc (eV)   ϵ_nk^G0W0 (eV)
 
    1 (occ)   130         -20.767           8.778         -26.932         -16.410          -22.511
    2 (occ)   130          -8.122           3.467         -18.509         -13.386           -9.778
    3 (occ)   130          -7.447           3.310         -22.571         -17.405           -9.304
    4 (occ)   130          -6.175           2.904         -22.544         -17.890           -7.924
    5 (vir)   130           2.051          -2.053          -1.378          -3.976            2.597
    6 (vir)   130           3.176          -1.823          -1.454          -3.724            3.622
    7 (vir)   130           5.801          -2.145          -1.995          -4.537            6.199
    8 (vir)   130           6.549          -4.360          -5.025         -10.572            7.736
    9 (vir)   130           7.484          -4.255          -6.349         -12.456            9.337
   10 (vir)   130           9.448          -3.422          -1.600          -5.846           10.273
   11 (vir)   130          10.329          -5.465          -7.202         -14.935           12.596
   12 (vir)   130          11.148          -4.951          -5.453         -11.819           12.562
   13 (vir)   130          15.618          -3.219          -2.324          -6.745           16.821
   14 (vir)   130          18.018          -4.072          -1.533          -6.653           19.067
   15 (vir)   130          22.560          -5.307          -2.043          -8.556           23.766
   16 (vir)   130          22.624          -4.244          -1.611          -7.184           23.953
   17 (vir)   130          23.893          -4.840          -3.473         -10.522           26.101
   18 (vir)   130          25.232          -4.619          -1.598          -7.660           26.675
   19 (vir)   130          29.420          -3.380          -1.053          -6.666           31.653
   20 (vir)   130          31.013          -3.341          -1.751          -8.391           34.313
   21 (vir)   130          35.871          -3.240          -1.441          -7.997           39.188
   22 (vir)   130          35.946          -2.864          -1.554          -6.868           38.396
   23 (vir)   130          36.581          -5.226          -2.125          -9.562           38.793
   24 (vir)   130          39.014          -1.686          -3.423         -12.698           46.604
   25 (vir)   130          40.816          -6.476          -3.338         -13.436           44.438
   26 (vir)   130          43.611          -2.226          -2.804         -11.336           49.916
   27 (vir)   130          46.009         -10.216          -3.090         -11.925           44.627
   28 (vir)   130          47.965           1.228          -1.699          -7.484           54.978
   29 (vir)   130          50.989          -3.209          -2.330         -10.982           56.432
   30 (vir)   130          53.243          -5.170          -2.295         -11.856           57.635
   31 (vir)   130          53.345          -3.622          -2.584         -10.385           57.524
   32 (vir)   130          58.638          -2.747          -3.298         -12.781           65.374
   33 (vir)   130          58.858           4.280          -2.603         -12.383           72.918
   34 (vir)   130          65.863          -3.170          -2.086         -12.201           72.807
   35 (vir)   130          68.692          -1.142          -3.091         -13.703           78.163
   36 (vir)   130          69.128          -1.676          -1.367          -8.752           74.837
   37 (vir)   130          69.459          -3.628          -2.942         -13.060           75.950
   38 (vir)   130          77.062          -3.337          -2.932         -15.170           85.964
   39 (vir)   130          83.668           1.562          -3.236         -11.272           93.266
   40 (vir)   130          84.301          -1.519          -2.108         -13.007           93.681
   41 (vir)   130          87.079          -1.117          -2.453         -13.909           97.418
   42 (vir)   130          90.397          -0.482          -2.208         -13.339          101.046
   43 (vir)   130          94.485           0.741          -0.555         -11.699          106.371
   44 (vir)   130          98.345          -3.762          -2.221         -15.455          107.817
   45 (vir)   130         100.260          -1.720          -1.902         -14.033          110.671
   46 (vir)   130         100.730          -2.014          -2.145         -14.761          111.332
   47 (vir)   130         102.619          -1.937          -2.746         -14.407          112.343
   48 (vir)   130         110.108          -1.699          -2.316         -14.789          120.882
   49 (vir)   130         114.947           2.137          -2.297         -16.582          131.369
   50 (vir)   130         117.855          -2.509          -2.349         -14.559          127.555
   51 (vir)   130         124.051           0.164          -1.754         -15.468          137.928
   52 (vir)   130         139.253           0.019          -2.332         -17.612          154.552
   53 (vir)   130         142.838          -2.672          -3.505         -16.029          152.690
   54 (vir)   130         152.122           5.532          -2.086         -16.776          172.344
   55 (vir)   130         178.160          -1.130          -2.754         -18.550          192.826
   56 (vir)   130         184.938          -0.749          -0.238          -9.616          193.567
   57 (vir)   130         250.993          -0.870          -1.105         -17.103          266.120
   58 (vir)   130      272113.839          -0.000          -0.000          -0.000       272113.838
 
 
  kpoint:     131             coordinate:     0.0000    0.1735    0.0000
 
    n           k   ϵ_nk^DFT (eV)     Σ^c_nk (eV)     Σ^x_nk (eV)    v_nk^xc (eV)   ϵ_nk^G0W0 (eV)
 
    1 (occ)   131         -20.834           8.802         -26.936         -16.392          -22.576
    2 (occ)   131          -8.212           3.504         -18.519         -13.356           -9.871
    3 (occ)   131          -7.238           3.243         -22.567         -17.478           -9.083
    4 (occ)   131          -6.085           2.878         -22.548         -17.924           -7.831
    5 (vir)   131           1.937          -2.042          -1.373          -3.955            2.477
    6 (vir)   131           3.080          -1.796          -1.379          -3.605            3.510
    7 (vir)   131           5.691          -2.082          -1.871          -4.310            6.049
    8 (vir)   131           6.623          -4.244          -4.891         -10.287            7.775
    9 (vir)   131           7.488          -4.337          -6.512         -12.751            9.390
   10 (vir)   131           9.445          -3.633          -1.794          -6.301           10.318
   11 (vir)   131          10.074          -5.394          -7.224         -14.884           12.340
   12 (vir)   131          10.981          -4.912          -5.458         -11.775           12.386
   13 (vir)   131          15.493          -3.223          -2.354          -6.774           16.691
   14 (vir)   131          18.123          -4.051          -1.477          -6.563           19.157
   15 (vir)   131          22.679          -5.754          -2.258          -9.221           23.888
   16 (vir)   131          22.850          -4.328          -1.738          -7.467           24.252
   17 (vir)   131          24.090          -4.813          -3.474         -10.549           26.352
   18 (vir)   131          25.551          -4.227          -1.373          -6.952           26.902
   19 (vir)   131          29.724          -3.394          -1.061          -6.760           32.029
   20 (vir)   131          31.172          -4.164          -1.910          -8.605           33.703
   21 (vir)   131          36.296          -4.482          -1.385          -7.864           38.293
   22 (vir)   131          36.306          -5.163          -2.187          -9.740           38.697
   23 (vir)   131          36.413          -1.942          -1.385          -6.886           39.972
   24 (vir)   131          39.092          -3.232          -3.440         -12.765           45.186
   25 (vir)   131          40.881          -7.110          -3.269         -13.365           43.868
   26 (vir)   131          43.371          -2.224          -2.763         -11.261           49.645
   27 (vir)   131          45.857          -9.586          -3.093         -11.873           45.051
   28 (vir)   131          48.427          -3.117          -2.201          -7.649           50.759
   29 (vir)   131          51.402          -4.439          -2.495         -10.950           55.417
   30 (vir)   131          53.612          -5.174          -2.422         -12.058           58.074
   31 (vir)   131          54.180          -3.623          -2.641         -10.563           58.479
   32 (vir)   131          59.126          -2.766          -3.324         -12.742           65.777
   33 (vir)   131          59.164          -8.533          -2.622         -12.321           60.329
   34 (vir)   131          65.969          -4.565          -2.200         -12.245           71.449
   35 (vir)   131          68.791          -7.589          -3.472         -13.776           71.507
   36 (vir)   131          69.811          -4.076          -3.083         -13.333           75.986
   37 (vir)   131          70.162          -0.004          -1.326          -8.615           77.448
   38 (vir)   131          77.089          -2.842          -2.839         -14.983           86.391
   39 (vir)   131          83.971          -3.197          -4.207         -11.959           88.526
   40 (vir)   131          84.665          -5.078          -2.412         -12.873           90.049
   41 (vir)   131          87.057          -7.532          -3.194         -13.295           89.626
   42 (vir)   131          90.591           0.465          -2.097         -13.303          102.262
   43 (vir)   131          95.140          -0.133          -0.679         -11.595          105.922
   44 (vir)   131          98.329          -1.910          -2.281         -15.567          109.704
   45 (vir)   131         100.921          -1.106          -1.900         -14.036          111.951
   46 (vir)   131         101.032          -1.804          -2.156         -14.707          111.778
   47 (vir)   131         102.227          -1.729          -3.043         -14.215          111.670
   48 (vir)   131         109.858          -1.501          -2.249         -14.615          120.722
   49 (vir)   131         114.313          -0.009          -2.559         -16.540          128.285
   50 (vir)   131         117.871          -2.410          -1.847         -14.531          128.145
   51 (vir)   131         123.538           0.252          -2.063         -15.582          137.310
   52 (vir)   131         139.824          -1.967          -2.349         -17.556          153.063
   53 (vir)   131         142.339          -2.957          -2.365         -16.002          153.019
   54 (vir)   131         152.903          -2.038          -2.064         -16.867          165.668
   55 (vir)   131         178.203          -1.377          -2.734         -18.560          192.651
   56 (vir)   131         184.651          -0.879          -0.194          -9.595          193.174
   57 (vir)   131         250.887          -1.269          -1.017         -17.112          265.713
   58 (vir)   131      272113.839          -0.000          -0.000          -0.000       272113.838
 
 
  kpoint:     132             coordinate:     0.0000    0.1633    0.0000
 
    n           k   ϵ_nk^DFT (eV)     Σ^c_nk (eV)     Σ^x_nk (eV)    v_nk^xc (eV)   ϵ_nk^G0W0 (eV)
 
    1 (occ)   132         -20.898           8.826         -26.940         -16.374          -22.637
    2 (occ)   132          -8.298           3.539         -18.528         -13.329           -9.959
    3 (occ)   132          -7.034           3.179         -22.565         -17.552           -8.868
    4 (occ)   132          -5.997           2.853         -22.554         -17.959           -7.740
    5 (vir)   132           1.828          -2.033          -1.370          -3.938            2.363
    6 (vir)   132           2.989          -1.775          -1.320          -3.512            3.406
    7 (vir)   132           5.584          -2.034          -1.778          -4.140            5.912
    8 (vir)   132           6.686          -4.113          -4.728          -9.955            7.800
    9 (vir)   132           7.498          -4.403          -6.644         -12.991            9.441
   10 (vir)   132           9.462          -3.854          -2.003          -6.780           10.385
   11 (vir)   132           9.828          -5.326          -7.244         -14.834           12.093
   12 (vir)   132          10.820          -4.874          -5.461         -11.731           12.215
   13 (vir)   132          15.373          -3.224          -2.383          -6.791           16.558
   14 (vir)   132          18.217          -4.028          -1.423          -6.476           19.242
   15 (vir)   132          22.719          -6.072          -2.414          -9.689           23.921
   16 (vir)   132          23.109          -4.406          -1.870          -7.761           24.594
   17 (vir)   132          24.295          -4.766          -3.475         -10.577           26.630
   18 (vir)   132          25.978          -4.070          -1.232          -6.462           27.138
   19 (vir)   132          30.041          -3.402          -1.075          -6.859           32.424
   20 (vir)   132          31.305          -5.401          -2.045          -8.822           32.681
   21 (vir)   132          35.999          -5.183          -2.250          -9.907           38.473
   22 (vir)   132          36.697           1.718          -1.336          -7.748           44.827
   23 (vir)   132          36.909          -2.152          -1.072          -6.927           40.611
   24 (vir)   132          39.194          -4.103          -3.458         -12.812           44.445
   25 (vir)   132          40.898          -7.105          -3.196         -13.251           43.848
   26 (vir)   132          43.194          -2.364          -2.692         -11.148           49.286
   27 (vir)   132          45.709          -8.986          -3.086         -11.822           45.459
   28 (vir)   132          48.928          -4.400          -2.422          -7.898           50.004
   29 (vir)   132          51.983         -10.421          -2.628         -10.940           49.874
   30 (vir)   132          53.909          -5.808          -2.477         -12.226           57.849
   31 (vir)   132          54.954          -3.759          -2.687         -10.747           59.255
   32 (vir)   132          59.533          -4.729          -2.619         -12.283           64.469
   33 (vir)   132          59.680          -1.732          -3.266         -12.696           67.377
   34 (vir)   132          66.103          -8.028          -2.274         -12.292           68.093
   35 (vir)   132          68.921          -4.821          -3.700         -13.820           74.220
   36 (vir)   132          70.132           1.120          -3.196         -13.643           81.699
   37 (vir)   132          71.304           0.054          -1.282          -8.538           78.614
   38 (vir)   132          77.159          -3.500          -2.754         -14.770           85.675
   39 (vir)   132          84.130          -4.486          -4.210         -12.852           88.286
   40 (vir)   132          85.071          -0.025          -2.645         -12.731           95.133
   41 (vir)   132          87.119          -3.700          -4.236         -12.494           91.676
   42 (vir)   132          90.750          -4.483          -1.777         -13.226           97.717
   43 (vir)   132          95.876          -0.524          -1.099         -11.535          105.787
   44 (vir)   132          98.303          -0.987          -2.332         -15.661          110.646
   45 (vir)   132         101.338          -0.664          -2.159         -14.665          113.180
   46 (vir)   132         101.559          -1.023          -1.894         -14.037          112.679
   47 (vir)   132         101.937          -4.025          -3.240         -14.016          108.689
   48 (vir)   132         109.488          -1.623          -2.161         -14.393          120.097
   49 (vir)   132         113.664          -1.961          -2.842         -16.540          125.401
   50 (vir)   132         117.926          -2.121          -1.179         -14.496          129.122
   51 (vir)   132         123.220          -3.207          -2.235         -15.693          133.470
   52 (vir)   132         140.412          -3.582          -2.380         -17.488          151.938
   53 (vir)   132         141.858          -3.068          -0.902         -15.970          153.857
   54 (vir)   132         153.981          -2.100          -1.910         -16.970          166.940
   55 (vir)   132         178.183          -1.330          -2.638         -18.568          192.783
   56 (vir)   132         184.396          -1.268          -0.259          -9.578          192.447
   57 (vir)   132         250.700          -1.555          -0.886         -17.121          265.380
   58 (vir)   132      272113.839          -0.000          -0.000          -0.000       272113.838
 
 
  kpoint:     133             coordinate:     0.0000    0.1531    0.0000
 
    n           k   ϵ_nk^DFT (eV)     Σ^c_nk (eV)     Σ^x_nk (eV)    v_nk^xc (eV)   ϵ_nk^G0W0 (eV)
 
    1 (occ)   133         -20.958           8.848         -26.944         -16.358          -22.696
    2 (occ)   133          -8.379           3.572         -18.537         -13.303          -10.042
    3 (occ)   133          -6.835           3.117         -22.565         -17.625           -8.658
    4 (occ)   133          -5.911           2.829         -22.561         -17.993           -7.650
    5 (vir)   133           1.726          -2.026          -1.367          -3.924            2.257
    6 (vir)   133           2.905          -1.758          -1.274          -3.439            3.311
    7 (vir)   133           5.480          -1.997          -1.709          -4.011            5.785
    8 (vir)   133           6.738          -3.976          -4.552          -9.603            7.814
    9 (vir)   133           7.512          -4.458          -6.752         -13.190            9.491
   10 (vir)   133           9.497          -4.075          -2.214          -7.259           10.467
   11 (vir)   133           9.593          -5.261          -7.260         -14.785           11.857
   12 (vir)   133          10.664          -4.838          -5.461         -11.686           12.052
   13 (vir)   133          15.258          -3.221          -2.406          -6.798           16.430
   14 (vir)   133          18.306          -4.008          -1.372          -6.397           19.322
   15 (vir)   133          22.699          -6.269          -2.509          -9.965           23.886
   16 (vir)   133          23.400          -4.466          -2.007          -8.061           24.989
   17 (vir)   133          24.506          -4.702          -3.477         -10.605           26.931
   18 (vir)   133          26.495          -4.089          -1.157          -6.188           27.437
   19 (vir)   133          30.372          -3.423          -1.099          -6.962           32.812
   20 (vir)   133          31.413          -4.997          -2.129          -9.036           33.323
   21 (vir)   133          35.668          -4.878          -2.296         -10.026           38.519
   22 (vir)   133          37.053          -0.939          -1.306          -7.713           42.521
   23 (vir)   133          37.422          -3.138          -0.819          -7.043           40.507
   24 (vir)   133          39.333          -5.413          -3.441         -12.786           43.265
   25 (vir)   133          40.868          -7.069          -3.122         -13.104           43.781
   26 (vir)   133          43.096          -2.591          -2.581         -10.983           48.907
   27 (vir)   133          45.562          -8.140          -3.068         -11.770           46.125
   28 (vir)   133          49.467          -3.427          -2.330          -8.222           51.932
   29 (vir)   133          52.744          -8.011          -2.638         -10.955           53.050
   30 (vir)   133          54.145          -6.762          -2.473         -12.365           57.275
   31 (vir)   133          55.652          -3.892          -2.718         -10.916           59.958
   32 (vir)   133          59.960          -4.449          -2.573         -12.265           65.204
   33 (vir)   133          60.304          -6.168          -3.131         -12.647           63.652
   34 (vir)   133          66.263          -7.042          -2.278         -12.343           69.285
   35 (vir)   133          69.089          -3.761          -3.723         -13.832           75.438
   36 (vir)   133          70.408          -1.560          -3.293         -13.977           79.531
   37 (vir)   133          72.526          -0.094          -1.235          -8.532           79.730
   38 (vir)   133          77.276          -5.205          -2.678         -14.543           83.935
   39 (vir)   133          84.114          -2.749          -3.550         -13.741           91.556
   40 (vir)   133          85.526          -0.639          -2.608         -12.583           94.862
   41 (vir)   133          87.289          -2.941          -4.941         -11.711           91.118
   42 (vir)   133          90.891          -1.520          -1.496         -13.125          101.000
   43 (vir)   133          96.668          -1.046          -1.608         -11.503          105.516
   44 (vir)   133          98.275          -1.508          -2.354         -15.743          110.156
   45 (vir)   133         101.645          -2.129          -2.140         -14.630          112.005
   46 (vir)   133         101.752          -2.403          -3.256         -13.815          109.909
   47 (vir)   133         102.173          -1.076          -1.881         -14.039          113.254
   48 (vir)   133         108.982          -2.312          -2.074         -14.159          118.755
   49 (vir)   133         113.053          -3.497          -2.978         -16.565          123.143
   50 (vir)   133         118.025          -1.574          -0.685         -14.456          130.222
   51 (vir)   133         123.113          -3.170          -2.238         -15.782          133.487
   52 (vir)   133         141.034          -3.748          -2.406         -17.410          152.290
   53 (vir)   133         141.403          -2.733           0.263         -15.933          154.865
   54 (vir)   133         155.310          -2.630          -1.764         -17.083          167.999
   55 (vir)   133         178.109          -1.180          -2.532         -18.576          192.973
   56 (vir)   133         184.165          -1.196          -0.416          -9.564          192.117
   57 (vir)   133         250.424          -1.705          -0.777         -17.127          265.069
   58 (vir)   133      272113.839          -0.000          -0.000          -0.000       272113.838
 
 
  kpoint:     134             coordinate:     0.0000    0.1429    0.0000
 
    n           k   ϵ_nk^DFT (eV)     Σ^c_nk (eV)     Σ^x_nk (eV)    v_nk^xc (eV)   ϵ_nk^G0W0 (eV)
 
    1 (occ)   134         -21.014           8.869         -26.948         -16.343          -22.750
    2 (occ)   134          -8.455           3.602         -18.546         -13.279          -10.120
    3 (occ)   134          -6.643           3.058         -22.567         -17.697           -8.455
    4 (occ)   134          -5.826           2.806         -22.570         -18.028           -7.562
    5 (vir)   134           1.630          -2.019          -1.365          -3.911            2.157
    6 (vir)   134           2.826          -1.747          -1.237          -3.383            3.225
    7 (vir)   134           5.381          -1.969          -1.658          -3.914            5.668
    8 (vir)   134           6.784          -3.844          -4.374          -9.255            7.821
    9 (vir)   134           7.528          -4.503          -6.842         -13.358            9.540
   10 (vir)   134           9.369          -5.200          -7.274         -14.736           11.631
   11 (vir)   134           9.548          -4.290          -2.419          -7.720           10.559
   12 (vir)   134          10.515          -4.805          -5.455         -11.641           11.896
   13 (vir)   134          15.149          -3.213          -2.417          -6.797           16.315
   14 (vir)   134          18.392          -3.996          -1.326          -6.329           19.399
   15 (vir)   134          22.642          -6.390          -2.557         -10.106           23.801
   16 (vir)   134          23.720          -4.509          -2.146          -8.363           25.428
   17 (vir)   134          24.724          -4.630          -3.480         -10.635           27.249
   18 (vir)   134          27.084          -4.078          -1.109          -6.076           27.973
   19 (vir)   134          30.716          -3.457          -1.135          -7.068           33.191
   20 (vir)   134          31.496          -4.139          -2.168          -9.241           34.430
   21 (vir)   134          35.316          -4.653          -2.333         -10.116           38.447
   22 (vir)   134          37.354           1.494          -1.288          -7.751           45.311
   23 (vir)   134          37.924          -3.557          -0.876          -7.397           40.888
   24 (vir)   134          39.544         -10.256          -3.295         -12.528           38.522
   25 (vir)   134          40.796          -7.121          -3.040         -12.939           43.573
   26 (vir)   134          43.085          -2.773          -2.424         -10.761           48.649
   27 (vir)   134          45.417          -6.840          -3.041         -11.713           47.249
   28 (vir)   134          50.042          -2.700          -2.054          -8.611           53.900
   29 (vir)   134          53.696          -4.683          -2.512         -10.994           57.495
   30 (vir)   134          54.338          -7.975          -2.448         -12.483           56.397
   31 (vir)   134          56.263          -3.361          -2.735         -11.058           61.226
   32 (vir)   134          60.438          -5.000          -2.495         -12.257           65.199
   33 (vir)   134          61.001          -5.181          -2.957         -12.607           65.469
   34 (vir)   134          66.445          -4.878          -2.228         -12.400           71.738
   35 (vir)   134          69.303          -3.540          -3.550         -13.805           76.017
   36 (vir)   134          70.628          -2.410          -3.394         -14.317           79.142
   37 (vir)   134          73.790          -0.146          -1.193          -8.600           81.052
   38 (vir)   134          77.443          -7.053          -2.602         -14.315           82.103
   39 (vir)   134          83.937          -2.374          -2.942         -14.422           93.043
   40 (vir)   134          86.034          -3.378          -2.237         -12.430           92.849
   41 (vir)   134          87.553          -2.329          -4.661         -11.144           91.707
   42 (vir)   134          91.026          -1.247          -1.481         -13.009          101.307
   43 (vir)   134          97.489          -1.781          -1.945         -11.491          105.254
   44 (vir)   134          98.247          -3.325          -2.344         -15.813          108.390
   45 (vir)   134         101.675          -1.686          -3.047         -13.616          110.558
   46 (vir)   134         101.952          -2.999          -2.097         -14.597          111.453
   47 (vir)   134         102.764          -1.106          -1.858         -14.043          113.843
   48 (vir)   134         108.349          -3.277          -2.002         -13.961          117.031
   49 (vir)   134         112.521          -5.122          -2.862         -16.573          121.110
   50 (vir)   134         118.174          -0.866          -0.569         -14.411          131.150
   51 (vir)   134         123.219          -4.154          -2.139         -15.841          132.766
   52 (vir)   134         140.984          -1.986           0.641         -15.890          155.529
   53 (vir)   134         141.708          -2.447          -2.402         -17.325          154.184
   54 (vir)   134         156.843          -9.295          -1.745         -17.201          163.003
   55 (vir)   134         177.990          -1.134          -2.478         -18.581          192.959
   56 (vir)   134         183.947          -1.412          -0.572          -9.556          191.520
   57 (vir)   134         250.046          -5.459          -0.751         -17.132          260.968
   58 (vir)   134      272113.839          -0.000          -0.000          -0.000       272113.839
 
 
  kpoint:     135             coordinate:     0.0000    0.1327    0.0000
 
    n           k   ϵ_nk^DFT (eV)     Σ^c_nk (eV)     Σ^x_nk (eV)    v_nk^xc (eV)   ϵ_nk^G0W0 (eV)
 
    1 (occ)   135         -21.067           8.888         -26.952         -16.330          -22.801
    2 (occ)   135          -8.526           3.631         -18.555         -13.257          -10.192
    3 (occ)   135          -6.459           3.002         -22.571         -17.769           -8.259
    4 (occ)   135          -5.744           2.783         -22.579         -18.063           -7.477
    5 (vir)   135           1.540          -2.014          -1.364          -3.901            2.065
    6 (vir)   135           2.755          -1.739          -1.210          -3.342            3.149
    7 (vir)   135           5.288          -1.947          -1.621          -3.841            5.561
    8 (vir)   135           6.824          -3.726          -4.206          -8.933            7.825
    9 (vir)   135           7.546          -4.543          -6.919         -13.502            9.587
   10 (vir)   135           9.156          -5.143          -7.286         -14.689           11.416
   11 (vir)   135           9.613          -4.493          -2.606          -8.143           10.657
   12 (vir)   135          10.372          -4.775          -5.445         -11.595           11.748
   13 (vir)   135          15.045          -3.201          -2.415          -6.789           16.218
   14 (vir)   135          18.482          -3.989          -1.284          -6.273           19.483
   15 (vir)   135          22.563          -6.471          -2.572         -10.164           23.683
   16 (vir)   135          24.064          -4.560          -2.287          -8.666           25.882
   17 (vir)   135          24.947          -4.553          -3.484         -10.666           27.577
   18 (vir)   135          27.729          -3.827          -1.055          -6.075           28.923
   19 (vir)   135          31.072          -3.499          -1.177          -7.176           33.571
   20 (vir)   135          31.555          -3.692          -2.192          -9.432           35.103
   21 (vir)   135          34.950          -4.574          -2.361         -10.182           38.198
   22 (vir)   135          37.592          -2.754          -1.294          -7.856           41.401
   23 (vir)   135          38.351          -3.719          -1.377          -8.252           41.506
   24 (vir)   135          39.898          -4.726          -2.942         -11.782           44.012
   25 (vir)   135          40.685          -7.170          -2.947         -12.766           43.333
   26 (vir)   135          43.162          -2.820          -2.228         -10.494           48.607
   27 (vir)   135          45.275          -3.873          -3.016         -11.647           50.034
   28 (vir)   135          50.647          -2.539          -1.786          -9.053           55.374
   29 (vir)   135          54.503          -9.521          -2.434         -12.587           55.135
   30 (vir)   135          54.844          -3.484          -2.331         -11.061           60.090
   31 (vir)   135          56.790          -3.445          -2.742         -11.168           61.771
   32 (vir)   135          60.960          -5.430          -2.428         -12.245           65.347
   33 (vir)   135          61.772          -4.628          -2.810         -12.593           66.927
   34 (vir)   135          66.645          -3.180          -2.180         -12.464           73.749
   35 (vir)   135          69.571          -4.001          -3.249         -13.727           76.049
   36 (vir)   135          70.785          -2.736          -3.504         -14.644           79.189
   37 (vir)   135          75.050          -0.285          -1.163          -8.735           82.337
   38 (vir)   135          77.654          -4.526          -2.511         -14.104           84.721
   39 (vir)   135          83.637          -3.390          -2.716         -14.867           92.399
   40 (vir)   135          86.600          -0.556          -1.687         -12.274           96.630
   41 (vir)   135          87.874          -1.534          -3.534         -10.813           93.619
   42 (vir)   135          91.158          -1.814          -1.753         -12.884          100.475
   43 (vir)   135          98.219          -4.863          -2.319         -15.875          106.913
   44 (vir)   135          98.313          -2.735          -1.923         -11.496          105.151
   45 (vir)   135         101.701          -1.996          -2.634         -13.425          110.496
   46 (vir)   135         102.263          -1.983          -2.035         -14.563          112.807
   47 (vir)   135         103.331          -1.176          -1.827         -14.053          114.381
   48 (vir)   135         107.630          -4.165          -1.935         -13.832          115.363
   49 (vir)   135         112.083          -5.889          -2.557         -16.534          120.171
   50 (vir)   135         118.380          -0.319          -0.835         -14.361          131.587
   51 (vir)   135         123.527          -4.040          -2.025         -15.868          133.330
   52 (vir)   135         140.610          -0.625           0.087         -15.840          155.912
   53 (vir)   135         142.449          -2.149          -2.350         -17.235          155.185
   54 (vir)   135         158.531          -2.685          -1.891         -17.316          171.271
   55 (vir)   135         177.836          -1.325          -2.493         -18.585          192.603
   56 (vir)   135         183.731          -1.722          -0.605          -9.557          190.962
   57 (vir)   135         249.554          -4.090          -0.829         -17.134          261.769
   58 (vir)   135      272113.839          -0.000          -0.000          -0.000       272113.839
 
 
  kpoint:     136             coordinate:     0.0000    0.1224    0.0000
 
    n           k   ϵ_nk^DFT (eV)     Σ^c_nk (eV)     Σ^x_nk (eV)    v_nk^xc (eV)   ϵ_nk^G0W0 (eV)
 
    1 (occ)   136         -21.116           8.906         -26.956         -16.317          -22.849
    2 (occ)   136          -8.592           3.658         -18.563         -13.238          -10.260
    3 (occ)   136          -6.283           2.949         -22.576         -17.839           -8.071
    4 (occ)   136          -5.665           2.762         -22.589         -18.097           -7.395
    5 (vir)   136           1.457          -2.008          -1.363          -3.893            1.979
    6 (vir)   136           2.691          -1.734          -1.190          -3.315            3.082
    7 (vir)   136           5.199          -1.930          -1.593          -3.786            5.462
    8 (vir)   136           6.864          -3.627          -4.058          -8.653            7.832
    9 (vir)   136           7.566          -4.578          -6.984         -13.628            9.632
   10 (vir)   136           8.955          -5.090          -7.296         -14.643           11.212
   11 (vir)   136           9.690          -4.676          -2.769          -8.516           10.760
   12 (vir)   136          10.237          -4.746          -5.432         -11.549           11.608
   13 (vir)   136          14.946          -3.185          -2.402          -6.776           16.135
   14 (vir)   136          18.581          -3.977          -1.245          -6.230           19.590
   15 (vir)   136          22.472          -6.527          -2.569         -10.174           23.549
   16 (vir)   136          24.427          -4.655          -2.433          -8.968           26.307
   17 (vir)   136          25.177          -4.471          -3.490         -10.699           27.915
   18 (vir)   136          28.421          -3.562          -0.990          -6.153           30.022
   19 (vir)   136          31.440          -3.550          -1.216          -7.283           33.958
   20 (vir)   136          31.591          -3.453          -2.236          -9.607           35.508
   21 (vir)   136          34.573          -4.566          -2.380         -10.227           37.854
   22 (vir)   136          37.772          -2.388          -1.332          -8.004           42.056
   23 (vir)   136          38.640          -4.301          -2.016          -9.412           41.734
   24 (vir)   136          40.465          -4.376          -2.605         -10.755           44.239
   25 (vir)   136          40.541          -7.206          -2.850         -12.596           43.081
   26 (vir)   136          43.319          -2.725          -2.016         -10.202           48.779
   27 (vir)   136          45.138           0.752          -3.001         -11.567           54.456
   28 (vir)   136          51.274          -3.182          -1.679          -9.533           55.945
   29 (vir)   136          54.653         -10.642          -2.445         -12.685           54.250
   30 (vir)   136          56.182          -2.995          -2.218         -11.156           62.125
   31 (vir)   136          57.237          -3.861          -2.745         -11.248           61.878
   32 (vir)   136          61.525          -5.852          -2.422         -12.217           65.469
   33 (vir)   136          62.619          -3.398          -2.755         -12.635           69.101
   34 (vir)   136          66.861          -2.773          -2.188         -12.536           74.436
   35 (vir)   136          69.908          -4.302          -2.923         -13.586           76.269
   36 (vir)   136          70.881          -2.550          -3.615         -14.941           79.658
   37 (vir)   136          76.258          -3.585          -1.142          -8.922           80.453
   38 (vir)   136          77.900          -3.223          -2.397         -13.921           86.201
   39 (vir)   136          83.257          -6.613          -2.791         -15.141           88.995
   40 (vir)   136          87.224           0.903          -1.272         -12.122           98.976
   41 (vir)   136          88.223          -1.570          -2.300         -10.640           94.994
   42 (vir)   136          91.288          -1.141          -2.111         -12.752          100.788
   43 (vir)   136          98.193          -5.186          -2.305         -15.931          106.633
   44 (vir)   136          99.101          -3.294          -1.499         -11.520          105.828
   45 (vir)   136         101.826          -0.239          -2.123         -13.246          112.711
   46 (vir)   136         102.583          -1.589          -1.977         -14.522          113.540
   47 (vir)   136         103.874          -1.382          -1.790         -14.068          114.769
   48 (vir)   136         106.905          -2.917          -1.883         -13.766          115.872
   49 (vir)   136         111.730          -3.757          -2.236         -16.444          122.181
   50 (vir)   136         118.645          -0.054          -1.347         -14.309          131.554
   51 (vir)   136         124.024          -3.362          -1.940         -15.868          134.590
   52 (vir)   136         140.292           0.109          -1.144         -15.781          155.039
   53 (vir)   136         143.263          -2.647          -2.245         -17.146          155.517
   54 (vir)   136         160.323          -2.509          -2.136         -17.422          173.100
   55 (vir)   136         177.655          -2.426          -2.533         -18.587          191.283
   56 (vir)   136         183.497          -1.889          -0.436          -9.572          190.744
   57 (vir)   136         248.935          -3.426          -0.981         -17.134          261.662
   58 (vir)   136      272113.839          -0.000           0.000          -0.000       272113.839
 
 
  kpoint:     137             coordinate:     0.0000    0.1122    0.0000
 
    n           k   ϵ_nk^DFT (eV)     Σ^c_nk (eV)     Σ^x_nk (eV)    v_nk^xc (eV)   ϵ_nk^G0W0 (eV)
 
    1 (occ)   137         -21.161           8.923         -26.959         -16.306          -22.892
    2 (occ)   137          -8.653           3.683         -18.571         -13.219          -10.322
    3 (occ)   137          -6.116           2.899         -22.583         -17.907           -7.893
    4 (occ)   137          -5.590           2.742         -22.599         -18.131           -7.316
    5 (vir)   137           1.380          -2.003          -1.364          -3.887            1.900
    6 (vir)   137           2.636          -1.732          -1.177          -3.300            3.028
    7 (vir)   137           5.117          -1.916          -1.574          -3.745            5.372
    8 (vir)   137           6.907          -3.551          -3.934          -8.426            7.848
    9 (vir)   137           7.586          -4.609          -7.040         -13.739            9.676
   10 (vir)   137           8.767          -5.040          -7.305         -14.599           11.021
   11 (vir)   137           9.778          -4.834          -2.901          -8.828           10.870
   12 (vir)   137          10.109          -4.719          -5.418         -11.502           11.474
   13 (vir)   137          14.854          -3.169          -2.384          -6.758           16.059
   14 (vir)   137          18.695          -3.963          -1.207          -6.199           19.724
   15 (vir)   137          22.376          -6.562          -2.558         -10.157           23.413
   16 (vir)   137          24.804          -4.826          -2.583          -9.268           26.663
   17 (vir)   137          25.411          -4.379          -3.498         -10.735           28.268
   18 (vir)   137          29.146          -3.456          -0.937          -6.290           31.044
   19 (vir)   137          31.605          -3.252          -2.311          -9.760           35.801
   20 (vir)   137          31.818          -3.606          -1.242          -7.387           34.357
   21 (vir)   137          34.191          -4.552          -2.390         -10.253           37.502
   22 (vir)   137          37.909          -2.606          -1.400          -8.165           42.068
   23 (vir)   137          38.801          -5.132          -2.391         -10.295           41.572
   24 (vir)   137          40.369          -7.303          -2.766         -12.440           42.740
   25 (vir)   137          41.244          -4.076          -2.517         -10.053           44.704
   26 (vir)   137          43.540          -2.399          -1.814          -9.912           49.238
   27 (vir)   137          45.015          -1.287          -2.992         -11.455           52.191
   28 (vir)   137          51.912          -4.628          -1.770         -10.033           55.548
   29 (vir)   137          54.798         -11.933          -2.477         -12.783           53.171
   30 (vir)   137          57.613          -3.975          -2.747         -11.300           62.192
   31 (vir)   137          57.696          -3.323          -2.255         -11.279           63.397
   32 (vir)   137          62.136          -4.314          -2.492         -12.162           67.491
   33 (vir)   137          63.534          -2.173          -2.822         -12.770           71.309
   34 (vir)   137          67.085          -3.128          -2.270         -12.620           74.308
   35 (vir)   137          70.332          -1.798          -2.669         -13.362           79.227
   36 (vir)   137          70.922          -1.648          -3.712         -15.200           80.762
   37 (vir)   137          77.373          -2.075          -1.115          -9.145           83.328
   38 (vir)   137          78.167          -3.077          -2.267         -13.772           86.594
   39 (vir)   137          82.831          -2.162          -2.974         -15.307           93.001
   40 (vir)   137          87.905          -0.381          -1.278         -11.980           98.226
   41 (vir)   137          88.585           0.269          -1.696         -10.552           97.711
   42 (vir)   137          91.408           0.175          -2.263         -12.615          101.935
   43 (vir)   137          98.165          -4.825          -2.323         -15.985          107.002
   44 (vir)   137          99.794           0.543          -0.797         -11.574          111.114
   45 (vir)   137         102.041           0.149          -1.695         -13.083          113.579
   46 (vir)   137         102.926          -2.397          -1.949         -14.470          113.050
   47 (vir)   137         104.390          -1.766          -1.750         -14.090          114.964
   48 (vir)   137         106.277          -1.422          -1.881         -13.740          116.714
   49 (vir)   137         111.449           2.043          -2.054         -16.310          127.747
   50 (vir)   137         118.970           1.204          -1.933         -14.259          132.499
   51 (vir)   137         124.694           2.934          -1.871         -15.845          141.603
   52 (vir)   137         140.041           0.603          -2.528         -15.711          153.828
   53 (vir)   137         144.151          -2.428          -2.102         -17.060          156.681
   54 (vir)   137         162.168          -0.424          -2.352         -17.506          176.899
   55 (vir)   137         177.455          -1.189          -2.535         -18.587          192.318
   56 (vir)   137         183.223          -0.230          -0.102          -9.605          192.496
   57 (vir)   137         248.173          -3.458          -1.133         -17.130          260.712
   58 (vir)   137      272113.839          -0.000           0.000          -0.000       272113.839
 
 
  kpoint:     138             coordinate:     0.0000    0.1020    0.0000
 
    n           k   ϵ_nk^DFT (eV)     Σ^c_nk (eV)     Σ^x_nk (eV)    v_nk^xc (eV)   ϵ_nk^G0W0 (eV)
 
    1 (occ)   138         -21.203           8.938         -26.963         -16.295          -22.932
    2 (occ)   138          -8.709           3.705         -18.579         -13.203          -10.379
    3 (occ)   138          -5.959           2.853         -22.592         -17.973           -7.725
    4 (occ)   138          -5.519           2.723         -22.610         -18.164           -7.242
    5 (vir)   138           1.309          -1.999          -1.364          -3.881            1.827
    6 (vir)   138           2.590          -1.732          -1.170          -3.299            2.987
    7 (vir)   138           5.041          -1.906          -1.559          -3.715            5.290
    8 (vir)   138           6.957          -3.499          -3.840          -8.262            7.880
    9 (vir)   138           7.606          -4.637          -7.089         -13.837            9.718
   10 (vir)   138           8.593          -4.995          -7.312         -14.557           10.843
   11 (vir)   138           9.876          -4.961          -2.999          -9.072           10.988
   12 (vir)   138           9.990          -4.691          -5.406         -11.455           11.348
   13 (vir)   138          14.767          -3.154          -2.368          -6.738           15.983
   14 (vir)   138          18.832          -3.962          -1.172          -6.178           19.877
   15 (vir)   138          22.282          -6.574          -2.546         -10.126           23.288
   16 (vir)   138          25.187          -5.078          -2.740          -9.567           26.936
   17 (vir)   138          25.649          -4.275          -3.510         -10.773           28.637
   18 (vir)   138          29.895          -3.583          -0.927          -6.470           31.855
   19 (vir)   138          31.599          -2.794          -2.403          -9.887           36.290
   20 (vir)   138          32.202          -3.648          -1.254          -7.486           34.786
   21 (vir)   138          33.807          -4.501          -2.390         -10.262           37.177
   22 (vir)   138          38.017          -4.035          -1.479          -8.315           40.819
   23 (vir)   138          38.879          -6.634          -2.513         -10.816           40.548
   24 (vir)   138          40.175          -7.252          -2.709         -12.303           42.516
   25 (vir)   138          42.182          -3.869          -2.548          -9.832           45.597
   26 (vir)   138          43.810          -1.028          -1.638          -9.643           50.787
   27 (vir)   138          44.927          -2.283          -2.947         -11.258           50.955
   28 (vir)   138          52.549          -4.901          -1.991         -10.537           56.194
   29 (vir)   138          54.945         -12.799          -2.516         -12.882           52.512
   30 (vir)   138          57.926          -3.983          -2.750         -11.332           62.526
   31 (vir)   138          59.357          -3.176          -2.421         -11.424           65.184
   32 (vir)   138          62.804           1.163          -2.597         -12.066           73.437
   33 (vir)   138          64.502          -2.601          -2.988         -13.040           71.953
   34 (vir)   138          67.315          -3.326          -2.394         -12.717           74.312
   35 (vir)   138          70.865          -0.623          -2.545         -13.043           80.740
   36 (vir)   138          70.917          -0.374          -3.784         -15.418           82.177
   37 (vir)   138          78.363          -2.037          -1.070          -9.385           84.641
   38 (vir)   138          78.440          -3.524          -2.150         -13.652           86.419
   39 (vir)   138          82.389          -1.410          -3.122         -15.401           93.259
   40 (vir)   138          88.634           0.291          -1.751         -11.860           99.034
   41 (vir)   138          88.963           0.563          -2.058         -10.498           97.966
   42 (vir)   138          91.509           0.591          -2.049         -12.472          102.524
   43 (vir)   138          98.137          -3.950          -2.370         -16.039          107.855
   44 (vir)   138         100.308           1.363          -0.126         -11.681          113.226
   45 (vir)   138         102.336           0.139          -1.531         -12.935          113.879
   46 (vir)   138         103.305          -5.251          -1.974         -14.400          110.480
   47 (vir)   138         104.876          -1.549          -1.707         -14.120          115.740
   48 (vir)   138         105.870          -0.574          -1.872         -13.720          117.145
   49 (vir)   138         111.229           0.476          -2.074         -16.130          125.761
   50 (vir)   138         119.348           0.916          -2.467         -14.214          132.011
   51 (vir)   138         125.517           1.246          -1.781         -15.805          140.787
   52 (vir)   138         139.865           0.814          -3.509         -15.628          152.798
   53 (vir)   138         145.103          -1.795          -1.950         -16.984          158.341
   54 (vir)   138         164.017          -0.960          -2.422         -17.557          178.192
   55 (vir)   138         177.241           0.821          -2.455         -18.585          194.193
   56 (vir)   138         182.875          -0.209           0.242          -9.667          192.575
   57 (vir)   138         247.251           1.023          -1.207         -17.123          264.190
   58 (vir)   138      272113.839           0.000           0.000          -0.000       272113.839
 
 
  kpoint:     139             coordinate:     0.0000    0.0918    0.0000
 
    n           k   ϵ_nk^DFT (eV)     Σ^c_nk (eV)     Σ^x_nk (eV)    v_nk^xc (eV)   ϵ_nk^G0W0 (eV)
 
    1 (occ)   139         -21.240           8.952         -26.966         -16.286          -22.968
    2 (occ)   139          -8.759           3.726         -18.586         -13.188          -10.431
    3 (occ)   139          -5.813           2.812         -22.603         -18.035           -7.569
    4 (occ)   139          -5.452           2.706         -22.621         -18.195           -7.173
    5 (vir)   139           1.245          -1.996          -1.365          -3.876            1.761
    6 (vir)   139           2.555          -1.736          -1.169          -3.311            2.961
    7 (vir)   139           4.971          -1.898          -1.549          -3.692            5.216
    8 (vir)   139           7.020          -3.475          -3.782          -8.174            7.937
    9 (vir)   139           7.626          -4.661          -7.132         -13.926            9.758
   10 (vir)   139           8.433          -4.953          -7.317         -14.517           10.680
   11 (vir)   139           9.880          -4.663          -5.396         -11.408           11.229
   12 (vir)   139           9.986          -5.054          -3.057          -9.239           11.114
   13 (vir)   139          14.687          -3.141          -2.358          -6.715           15.904
   14 (vir)   139          19.003          -3.992          -1.140          -6.166           20.038
   15 (vir)   139          22.192          -6.559          -2.537         -10.089           23.185
   16 (vir)   139          25.571          -5.330          -2.902          -9.864           27.204
   17 (vir)   139          25.890          -4.161          -3.525         -10.816           29.020
   18 (vir)   139          30.652          -3.948          -0.976          -6.680           32.408
   19 (vir)   139          31.576           0.147          -2.479          -9.987           39.231
   20 (vir)   139          32.591          -3.672          -1.255          -7.573           35.237
   21 (vir)   139          33.425          -4.427          -2.382         -10.256           36.873
   22 (vir)   139          38.115          -6.069          -1.550          -8.442           38.938
   23 (vir)   139          38.901          -8.301          -2.518         -11.114           39.196
   24 (vir)   139          39.964          -7.068          -2.686         -12.191           42.401
   25 (vir)   139          43.183          -3.891          -2.683         -10.190           46.799
   26 (vir)   139          44.114          -2.836          -1.485          -9.404           49.197
   27 (vir)   139          44.959          -2.491          -2.706         -10.764           50.527
   28 (vir)   139          53.171          -4.615          -2.236         -11.024           57.344
   29 (vir)   139          55.099           1.177          -2.555         -12.983           66.704
   30 (vir)   139          58.186          -4.076          -2.751         -11.348           62.707
   31 (vir)   139          61.122          -2.819          -2.605         -11.581           67.278
   32 (vir)   139          63.548           1.424          -2.644         -11.918           74.245
   33 (vir)   139          65.489          -3.871          -3.185         -13.473           71.906
   34 (vir)   139          67.549          -3.516          -2.506         -12.829           74.356
   35 (vir)   139          70.875           0.749          -3.826         -15.599           83.399
   36 (vir)   139          71.533          -1.043          -2.539         -12.639           80.589
   37 (vir)   139          78.705          -3.687          -2.084         -13.554           86.488
   38 (vir)   139          79.210          -2.514          -1.004          -9.627           85.319
   39 (vir)   139          81.961          -2.818          -3.174         -15.440           91.410
   40 (vir)   139          89.374           0.228          -3.230         -10.444           96.815
   41 (vir)   139          89.397          -0.997          -2.406         -11.774           97.768
   42 (vir)   139          91.574           0.725          -1.578         -12.324          103.044
   43 (vir)   139          98.108          -7.428          -2.424         -16.096          104.352
   44 (vir)   139         100.557           2.055           0.094         -11.855          114.561
   45 (vir)   139         102.706           0.017          -1.713         -12.795          113.805
   46 (vir)   139         103.741          -3.054          -2.039         -14.306          112.955
   47 (vir)   139         105.327           0.338          -1.661         -14.157          118.160
   48 (vir)   139         105.800          -0.197          -1.689         -13.696          117.610
   49 (vir)   139         111.073           0.115          -2.253         -15.890          124.825
   50 (vir)   139         119.771           0.229          -2.863         -14.181          131.318
   51 (vir)   139         126.468          -0.050          -1.653         -15.752          140.516
   52 (vir)   139         139.775           0.491          -3.743         -15.529          152.051
   53 (vir)   139         146.099          -1.537          -1.817         -16.920          159.665
   54 (vir)   139         165.819          -1.214          -2.304         -17.557          179.858
   55 (vir)   139         177.020           1.779          -2.302         -18.582          195.079
   56 (vir)   139         182.411          -0.129           0.378          -9.773          192.432
   57 (vir)   139         246.154          -1.182          -1.168         -17.112          260.917
   58 (vir)   139      272113.839           0.000           0.000          -0.000       272113.839
 
 
  kpoint:     140             coordinate:     0.0000    0.0816    0.0000
 
    n           k   ϵ_nk^DFT (eV)     Σ^c_nk (eV)     Σ^x_nk (eV)    v_nk^xc (eV)   ϵ_nk^G0W0 (eV)
 
    1 (occ)   140         -21.274           8.964         -26.969         -16.278          -23.001
    2 (occ)   140          -8.804           3.744         -18.591         -13.175          -10.477
    3 (occ)   140          -5.679           2.774         -22.616         -18.095           -7.427
    4 (occ)   140          -5.391           2.690         -22.631         -18.224           -7.109
    5 (vir)   140           1.188          -1.994          -1.365          -3.872            1.701
    6 (vir)   140           2.532          -1.745          -1.177          -3.340            2.950
    7 (vir)   140           4.908          -1.892          -1.543          -3.676            5.150
    8 (vir)   140           7.102          -3.489          -3.767          -8.177            8.023
    9 (vir)   140           7.644          -4.683          -7.171         -14.005            9.796
   10 (vir)   140           8.286          -4.914          -7.319         -14.477           10.530
   11 (vir)   140           9.780          -4.636          -5.386         -11.362           11.121
   12 (vir)   140          10.112          -5.113          -3.069          -9.318           11.248
   13 (vir)   140          14.614          -3.126          -2.355          -6.692           15.825
   14 (vir)   140          19.227          -4.071          -1.113          -6.162           20.204
   15 (vir)   140          22.111          -6.516          -2.531         -10.051           23.114
   16 (vir)   140          25.949          -5.440          -3.065         -10.160           27.605
   17 (vir)   140          26.133          -4.046          -3.546         -10.864           29.405
   18 (vir)   140          31.402          -4.126          -1.070          -6.905           33.111
   19 (vir)   140          31.537          -3.341          -2.510         -10.055           35.740
   20 (vir)   140          32.810          -3.546          -1.240          -7.548           35.573
   21 (vir)   140          33.050          -4.360          -2.365         -10.237           36.562
   22 (vir)   140          38.221          -3.218          -1.604          -8.538           41.937
   23 (vir)   140          38.879          -6.430          -2.502         -11.290           41.237
   24 (vir)   140          39.664          -6.774          -2.615         -11.944           42.218
   25 (vir)   140          43.888          -6.147          -3.183         -11.250           45.808
   26 (vir)   140          44.440          -4.188          -1.340          -9.198           48.111
   27 (vir)   140          45.464          -3.302          -2.026          -9.782           49.918
   28 (vir)   140          53.079          -4.638          -2.341         -10.997           57.098
   29 (vir)   140          55.258          -1.669          -2.596         -13.084           64.077
   30 (vir)   140          58.400          -4.131          -2.749         -11.352           62.873
   31 (vir)   140          62.925          -2.407          -2.675         -11.731           69.573
   32 (vir)   140          64.398          -0.998          -2.543         -11.705           72.562
   33 (vir)   140          66.087          -4.922          -2.952         -12.921           71.134
   34 (vir)   140          67.805          -3.531          -2.576         -12.958           74.657
   35 (vir)   140          70.116          -1.684          -2.623         -12.745           78.554
   36 (vir)   140          70.809           1.533          -3.839         -15.751           84.254
   37 (vir)   140          78.948          -2.862          -2.098         -13.469           87.457
   38 (vir)   140          79.909           2.468          -0.935          -9.858           91.300
   39 (vir)   140          81.168          -3.975          -3.091         -15.469           89.572
   40 (vir)   140          88.794          -1.240          -3.940         -11.130           94.744
   41 (vir)   140          90.174          -0.861          -2.774         -11.738           98.278
   42 (vir)   140          91.580          -0.908          -1.192         -12.170          101.650
   43 (vir)   140          98.082          -7.156          -2.457         -16.161          104.630
   44 (vir)   140         100.547           2.305          -0.280         -12.043          114.614
   45 (vir)   140         100.763          -0.457          -1.997         -11.638          109.946
   46 (vir)   140         104.253          -2.273          -2.071         -14.185          114.094
   47 (vir)   140         105.739           0.934          -1.616         -14.199          119.256
   48 (vir)   140         106.078          -0.335          -1.411         -13.739          118.071
   49 (vir)   140         110.997           0.254          -2.462         -15.554          124.343
   50 (vir)   140         118.122          -2.769          -3.589         -13.366          125.130
   51 (vir)   140         127.516          -0.356          -1.512         -15.691          141.339
   52 (vir)   140         137.615           1.882          -3.030         -15.260          151.727
   53 (vir)   140         147.114          -1.771          -1.721         -16.871          160.493
   54 (vir)   140         167.525          -1.395          -2.055         -17.482          181.557
   55 (vir)   140         176.540           4.192          -2.031         -18.543          197.244
   56 (vir)   140         181.777           0.035           0.137          -9.946          191.895
   57 (vir)   140         210.639          12.933           1.884         -14.790          240.246
   58 (vir)   140         244.872          -1.370          -1.044         -17.098          259.555
 
 
  kpoint:     141             coordinate:     0.0000    0.0714    0.0000
 
    n           k   ϵ_nk^DFT (eV)     Σ^c_nk (eV)     Σ^x_nk (eV)    v_nk^xc (eV)   ϵ_nk^G0W0 (eV)
 
    1 (occ)   141         -21.304           8.975         -26.973         -16.270          -23.031
    2 (occ)   141          -8.844           3.760         -18.597         -13.164          -10.518
    3 (occ)   141          -5.559           2.740         -22.629         -18.149           -7.299
    4 (occ)   141          -5.336           2.676         -22.643         -18.251           -7.052
    5 (vir)   141           1.137          -1.992          -1.365          -3.869            1.649
    6 (vir)   141           2.523          -1.761          -1.193          -3.389            2.957
    7 (vir)   141           4.852          -1.888          -1.538          -3.665            5.091
    8 (vir)   141           7.212          -3.557          -3.807          -8.296            8.144
    9 (vir)   141           7.661          -4.701          -7.206         -14.076            9.831
   10 (vir)   141           8.156          -4.880          -7.321         -14.444           10.398
   11 (vir)   141           9.691          -4.612          -5.374         -11.318           11.023
   12 (vir)   141          10.263          -5.136          -3.024          -9.290           11.393
   13 (vir)   141          14.548          -3.110          -2.355          -6.669           15.751
   14 (vir)   141          19.533          -4.190          -1.094          -6.167           20.416
   15 (vir)   141          22.040          -6.455          -2.527         -10.015           23.073
   16 (vir)   141          26.315          -5.303          -3.228         -10.454           28.237
   17 (vir)   141          26.374          -3.940          -3.573         -10.917           29.778
   18 (vir)   141          31.485          -3.647          -2.485         -10.089           35.443
   19 (vir)   141          32.126          -4.159          -1.170          -7.127           33.923
   20 (vir)   141          32.686          -4.327          -2.342         -10.205           36.222
   21 (vir)   141          33.193          -3.629          -1.220          -7.618           35.961
   22 (vir)   141          38.353          -3.115          -1.640          -8.602           42.200
   23 (vir)   141          38.819          -5.976          -2.510         -11.401           41.734
   24 (vir)   141          39.406          -6.567          -2.610         -11.846           42.076
   25 (vir)   141          44.051          -3.826          -3.398         -11.625           48.452
   26 (vir)   141          44.776          -4.916          -1.196          -9.021           47.685
   27 (vir)   141          46.672          -5.084          -1.712          -9.678           49.554
   28 (vir)   141          53.620          -5.426          -2.414         -11.430           57.211
   29 (vir)   141          55.420          -2.708          -2.642         -13.182           63.252
   30 (vir)   141          58.575          -4.029          -2.743         -11.349           63.152
   31 (vir)   141          64.627          -2.588          -2.564         -11.871           71.347
   32 (vir)   141          65.399          -2.018          -2.263         -11.419           72.537
   33 (vir)   141          67.087          -6.193          -3.084         -13.640           71.450
   34 (vir)   141          68.176          -3.724          -2.622         -13.083           74.913
   35 (vir)   141          70.694          -7.221          -2.363         -11.971           73.081
   36 (vir)   141          70.729           2.512          -3.830         -15.877           85.288
   37 (vir)   141          79.158          -1.113          -2.174         -13.385           89.256
   38 (vir)   141          80.464           5.363          -0.902         -10.069           94.994
   39 (vir)   141          80.610          -6.235          -3.018         -15.425           86.782
   40 (vir)   141          88.866          -9.145          -4.331         -11.206           86.596
   41 (vir)   141          90.951          -1.173          -2.536         -11.766           99.008
   42 (vir)   141          91.498          -0.696          -1.220         -12.013          101.596
   43 (vir)   141          98.072          -7.143          -2.462         -16.237          104.703
   44 (vir)   141         100.406           0.988          -1.053         -12.158          112.499
   45 (vir)   141         101.053          -5.979          -2.558         -11.357          103.873
   46 (vir)   141         104.855          -2.242          -1.951         -14.034          114.696
   47 (vir)   141         106.110           0.698          -1.583         -14.243          119.468
   48 (vir)   141         106.575          -0.823          -1.489         -13.966          118.230
   49 (vir)   141         111.046          -0.264          -2.542         -15.065          123.305
   50 (vir)   141         118.094          -7.333          -3.486         -13.142          120.417
   51 (vir)   141         128.620          -0.626          -1.414         -15.625          142.205
   52 (vir)   141         137.059          -4.983          -2.191         -15.157          145.041
   53 (vir)   141         148.116          -2.509          -1.670         -16.837          160.773
   54 (vir)   141         169.083          -5.731          -1.795         -17.289          178.845
   55 (vir)   141         176.385          -2.036          -1.894         -18.540          190.996
   56 (vir)   141         180.908          -0.399          -0.481         -10.230          190.258
   57 (vir)   141         204.831          10.917          -0.174         -15.094          230.668
   58 (vir)   141         243.405          -1.528          -0.916         -17.081          258.043
 
 
  kpoint:     142             coordinate:     0.0000    0.0612    0.0000
 
    n           k   ϵ_nk^DFT (eV)     Σ^c_nk (eV)     Σ^x_nk (eV)    v_nk^xc (eV)   ϵ_nk^G0W0 (eV)
 
    1 (occ)   142         -21.330           8.985         -26.976         -16.264          -23.056
    2 (occ)   142          -8.879           3.774         -18.601         -13.154          -10.553
    3 (occ)   142          -5.452           2.711         -22.643         -18.199           -7.185
    4 (occ)   142          -5.287           2.663         -22.653         -18.275           -7.001
    5 (vir)   142           1.094          -1.992          -1.364          -3.865            1.603
    6 (vir)   142           2.531          -1.785          -1.222          -3.461            2.985
    7 (vir)   142           4.803          -1.885          -1.535          -3.657            5.040
    8 (vir)   142           7.359          -3.698          -3.921          -8.571            8.311
    9 (vir)   142           7.677          -4.716          -7.237         -14.139            9.863
   10 (vir)   142           8.042          -4.851          -7.322         -14.413           10.283
   11 (vir)   142           9.612          -4.591          -5.362         -11.277           10.937
   12 (vir)   142          10.454          -5.116          -2.909          -9.128           11.557
   13 (vir)   142          14.489          -3.093          -2.354          -6.646           15.688
   14 (vir)   142          19.980          -4.303          -1.085          -6.188           20.780
   15 (vir)   142          21.981          -6.400          -2.520          -9.984           23.044
   16 (vir)   142          26.611          -3.855          -3.607         -10.976           30.125
   17 (vir)   142          26.661          -4.923          -3.393         -10.745           29.090
   18 (vir)   142          31.424          -4.524          -2.414         -10.091           34.577
   19 (vir)   142          32.339          -4.338          -2.314         -10.161           35.848
   20 (vir)   142          32.807          -4.045          -1.240          -7.324           34.846
   21 (vir)   142          33.569          -3.700          -1.196          -7.666           36.339
   22 (vir)   142          38.541          -2.869          -1.662          -8.631           42.641
   23 (vir)   142          38.723          -6.020          -2.546         -11.479           41.636
   24 (vir)   142          39.142          -6.449          -2.603         -11.780           41.870
   25 (vir)   142          44.029          -6.412          -3.411         -11.639           45.846
   26 (vir)   142          45.112           1.942          -1.062          -8.871           54.863
   27 (vir)   142          48.182          -4.445          -1.820         -10.126           52.044
   28 (vir)   142          54.114          -5.656          -2.403         -11.821           57.875
   29 (vir)   142          55.580          -2.816          -2.693         -13.271           63.341
   30 (vir)   142          58.717          -3.822          -2.733         -11.342           63.504
   31 (vir)   142          65.871          -3.868          -2.371         -12.111           71.743
   32 (vir)   142          66.606          -2.558          -1.893         -11.075           73.229
   33 (vir)   142          67.979          -6.133          -3.319         -14.544           73.071
   34 (vir)   142          68.979          -3.962          -2.617         -13.061           75.461
   35 (vir)   142          70.648         -11.434          -3.824         -15.986           71.376
   36 (vir)   142          71.478          -4.536          -1.934         -11.102           76.110
   37 (vir)   142          79.326          -9.440          -2.253         -13.292           80.925
   38 (vir)   142          80.066          -6.340          -2.936         -15.326           86.116
   39 (vir)   142          80.891           6.768          -0.943         -10.253           96.970
   40 (vir)   142          88.906          -8.361          -3.921         -11.258           87.881
   41 (vir)   142          91.301          -1.081          -1.696         -11.858          100.382
   42 (vir)   142          91.734          -2.232          -1.809         -11.874           99.566
   43 (vir)   142          98.100          -6.405          -2.452         -16.324          105.567
   44 (vir)   142         100.287          -1.696          -1.942         -12.161          108.811
   45 (vir)   142         101.377          -2.377          -2.852         -11.056          107.204
   46 (vir)   142         105.551          -3.804          -1.591         -13.858          114.014
   47 (vir)   142         106.435           0.364          -1.574         -14.287          119.512
   48 (vir)   142         107.099          -1.461          -2.154         -14.424          117.908
   49 (vir)   142         111.297          -1.533          -2.463         -14.387          121.688
   50 (vir)   142         117.959          -4.207          -2.897         -12.891          123.747
   51 (vir)   142         129.733          -1.113          -1.431         -15.554          142.743
   52 (vir)   142         136.441          -3.008          -1.424         -15.074          147.082
   53 (vir)   142         149.068          -3.572          -1.662         -16.817          160.652
   54 (vir)   142         170.424          -1.783          -1.629         -16.886          183.899
   55 (vir)   142         176.229          -1.339          -1.819         -18.539          191.609
   56 (vir)   142         179.741          -1.592          -1.258         -10.723          187.615
   57 (vir)   142         199.484           4.426          -2.039         -15.443          217.313
   58 (vir)   142         241.776          -1.647          -0.868         -17.064          256.326
 
 
  kpoint:     143             coordinate:     0.0000    0.0510    0.0000
 
    n           k   ϵ_nk^DFT (eV)     Σ^c_nk (eV)     Σ^x_nk (eV)    v_nk^xc (eV)   ϵ_nk^G0W0 (eV)
 
    1 (occ)   143         -21.351           8.993         -26.978         -16.259          -23.078
    2 (occ)   143          -8.908           3.785         -18.605         -13.145          -10.583
    3 (occ)   143          -5.360           2.686         -22.656         -18.243           -7.087
    4 (occ)   143          -5.244           2.653         -22.664         -18.297           -6.958
    5 (vir)   143           1.057          -1.991          -1.362          -3.862            1.566
    6 (vir)   143           2.559          -1.818          -1.264          -3.561            3.039
    7 (vir)   143           4.762          -1.883          -1.534          -3.652            4.997
    8 (vir)   143           7.551          -3.938          -4.127          -9.053            8.538
    9 (vir)   143           7.691          -4.730          -7.263         -14.193            9.891
   10 (vir)   143           7.945          -4.825          -7.322         -14.387           10.185
   11 (vir)   143           9.545          -4.575          -5.348         -11.241           10.863
   12 (vir)   143          10.713          -5.046          -2.704          -8.802           11.766
   13 (vir)   143          14.439          -3.079          -2.348          -6.626           15.638
   14 (vir)   143          20.677          -4.402          -1.088          -6.244           21.431
   15 (vir)   143          21.937          -6.378          -2.512          -9.958           23.006
   16 (vir)   143          26.838          -3.797          -3.652         -11.043           30.432
   17 (vir)   143          26.984          -4.504          -3.561         -11.031           29.950
   18 (vir)   143          31.357          -5.577          -2.324         -10.060           33.517
   19 (vir)   143          32.015          -4.388          -2.281         -10.106           35.452
   20 (vir)   143          33.427          -3.893          -1.265          -7.477           35.747
   21 (vir)   143          33.931          -3.765          -1.163          -7.687           36.690
   22 (vir)   143          38.597          -6.307          -2.590         -11.550           41.250
   23 (vir)   143          38.840          -2.443          -1.671          -8.616           43.342
   24 (vir)   143          38.877          -6.414          -2.594         -11.751           41.620
   25 (vir)   143          43.976          -7.326          -3.392         -11.624           44.882
   26 (vir)   143          45.434          -2.207          -0.950          -8.743           51.019
   27 (vir)   143          49.762          -4.593          -2.160         -10.774           53.783
   28 (vir)   143          54.550          -5.645          -2.364         -12.157           58.698
   29 (vir)   143          55.725          -1.782          -2.735         -13.344           64.552
   30 (vir)   143          58.830          -3.624          -2.721         -11.333           63.817
   31 (vir)   143          66.290           0.108          -2.357         -12.443           76.484
   32 (vir)   143          68.061          -2.612          -1.643         -10.757           74.563
   33 (vir)   143          68.697          -5.074          -3.587         -15.306           75.343
   34 (vir)   143          70.567          -6.011          -2.414         -12.851           74.993
   35 (vir)   143          70.591           3.470          -3.802         -16.035           86.293
   36 (vir)   143          72.485          -0.876          -1.581         -10.515           80.544
   37 (vir)   143          79.438          -4.931          -2.258         -13.181           85.430
   38 (vir)   143          79.550          -5.764          -2.822         -15.148           86.112
   39 (vir)   143          81.207          -4.745          -1.081         -10.410           85.791
   40 (vir)   143          88.920          -6.142          -2.906         -11.281           91.153
   41 (vir)   143          90.973          -1.280          -2.275         -11.707           99.125
   42 (vir)   143          92.581          -2.074          -1.129         -12.087          101.467
   43 (vir)   143          98.225          -3.954          -2.441         -16.423          108.253
   44 (vir)   143         100.310          -5.190          -2.743         -12.040          104.417
   45 (vir)   143         101.728          -1.050          -2.416         -10.719          108.981
   46 (vir)   143         106.333          -4.488          -1.071         -13.663          114.438
   47 (vir)   143         106.712          -1.446          -1.602         -14.328          117.992
   48 (vir)   143         107.467          -2.086          -2.976         -14.981          117.386
   49 (vir)   143         111.835          -3.842          -2.473         -13.627          119.147
   50 (vir)   143         117.688          -3.368          -1.873         -12.624          125.070
   51 (vir)   143         130.795          -2.752          -1.594         -15.480          141.929
   52 (vir)   143         135.766          -1.789          -1.050         -15.031          147.958
   53 (vir)   143         149.938          -3.279          -1.693         -16.809          161.776
   54 (vir)   143         171.438          -1.970          -1.552         -16.023          183.940
   55 (vir)   143         176.065          -1.048          -1.809         -18.539          191.746
   56 (vir)   143         178.263          -3.593          -1.849         -11.687          184.508
   57 (vir)   143         194.767          -3.794          -3.263         -15.819          203.529
   58 (vir)   143         240.038          -1.496          -0.929         -17.050          254.663
 
 
  kpoint:     144             coordinate:     0.0000    0.0408    0.0000
 
    n           k   ϵ_nk^DFT (eV)     Σ^c_nk (eV)     Σ^x_nk (eV)    v_nk^xc (eV)   ϵ_nk^G0W0 (eV)
 
    1 (occ)   144         -21.369           9.000         -26.980         -16.255          -23.095
    2 (occ)   144          -8.933           3.795         -18.608         -13.138          -10.607
    3 (occ)   144          -5.284           2.666         -22.667         -18.280           -7.005
    4 (occ)   144          -5.209           2.644         -22.672         -18.315           -6.921
    5 (vir)   144           1.028          -1.990          -1.360          -3.858            1.536
    6 (vir)   144           2.608          -1.858          -1.320          -3.692            3.122
    7 (vir)   144           4.728          -1.881          -1.533          -3.648            4.962
    8 (vir)   144           7.702          -4.742          -7.285         -14.239            9.914
    9 (vir)   144           7.787          -4.288          -4.432          -9.768            8.836
   10 (vir)   144           7.865          -4.804          -7.321         -14.365           10.104
   11 (vir)   144           9.489          -4.563          -5.335         -11.210           10.801
   12 (vir)   144          11.080          -4.919          -2.408          -8.314           12.067
   13 (vir)   144          14.397          -3.069          -2.336          -6.607           15.599
   14 (vir)   144          21.840          -4.277          -1.115          -6.400           22.848
   15 (vir)   144          21.908          -6.390          -2.501          -9.940           22.957
   16 (vir)   144          27.050          -3.768          -3.705         -11.115           30.691
   17 (vir)   144          27.283          -4.264          -3.731         -11.308           30.596
   18 (vir)   144          31.290          -4.047          -2.240         -10.004           35.008
   19 (vir)   144          31.723          -4.468          -2.242         -10.041           35.054
   20 (vir)   144          33.970          -3.816          -1.242          -7.565           36.478
   21 (vir)   144          34.270          -3.848          -1.111          -7.672           36.983
   22 (vir)   144          38.449          -6.769          -2.625         -11.632           40.687
   23 (vir)   144          38.622          -6.438          -2.595         -11.763           41.352
   24 (vir)   144          39.376          -2.159          -1.660          -8.538           44.096
   25 (vir)   144          43.927          -7.415          -3.367         -11.619           44.764
   26 (vir)   144          45.730          -3.045          -0.869          -8.635           50.452
   27 (vir)   144          51.271          -5.246          -2.527         -11.516           55.013
   28 (vir)   144          54.918          -5.657          -2.346         -12.433           59.348
   29 (vir)   144          55.838           1.143          -2.760         -13.394           67.615
   30 (vir)   144          58.917          -3.435          -2.711         -11.323           64.095
   31 (vir)   144          66.062          -2.601          -2.465         -12.616           73.612
   32 (vir)   144          69.241          -4.402          -3.771         -15.747           76.816
   33 (vir)   144          69.635          -3.109          -2.131         -11.597           75.993
   34 (vir)   144          70.728           1.260          -3.351         -14.994           83.630
   35 (vir)   144          72.774          -0.397          -2.133         -12.621           82.866
   36 (vir)   144          73.640          -0.772          -1.573         -10.445           81.741
   37 (vir)   144          79.079          -5.991          -2.657         -14.843           85.274
   38 (vir)   144          79.477          -6.392          -2.132         -13.032           83.984
   39 (vir)   144          81.431          -1.303          -1.309         -10.536           89.356
   40 (vir)   144          88.916          -2.194          -1.798         -11.275           96.200
   41 (vir)   144          90.521          -2.027          -2.506         -11.562           97.550
   42 (vir)   144          93.648          -0.290          -1.085         -12.493          104.766
   43 (vir)   144          98.622          -4.107          -2.437         -16.520          108.598
   44 (vir)   144         100.555          -7.310          -3.008         -11.783          102.020
   45 (vir)   144         102.100           0.915          -0.914         -10.335          112.436
   46 (vir)   144         106.940          -7.370          -1.672         -14.364          112.263
   47 (vir)   144         107.206          -0.352          -0.652         -13.437          119.638
   48 (vir)   144         107.581          -2.722          -3.272         -15.404          116.991
   49 (vir)   144         112.661          -3.273          -2.620         -13.000          119.767
   50 (vir)   144         117.271          -2.344          -0.573         -12.362          126.716
   51 (vir)   144         131.743          -2.199          -1.851         -15.404          143.097
   52 (vir)   144         135.067          -0.881          -1.105         -15.040          148.121
   53 (vir)   144         150.695          -1.168          -1.759         -16.810          164.578
   54 (vir)   144         171.867          -3.315          -1.364         -14.000          181.188
   55 (vir)   144         175.888          -0.895          -1.842         -18.543          191.695
   56 (vir)   144         176.659          -3.459          -2.057         -13.833          184.976
   57 (vir)   144         190.829         -11.466          -3.707         -16.191          191.848
   58 (vir)   144         238.287          -0.952          -1.047         -17.043          253.331
 
 
  kpoint:     145             coordinate:     0.0000    0.0306    0.0000
 
    n           k   ϵ_nk^DFT (eV)     Σ^c_nk (eV)     Σ^x_nk (eV)    v_nk^xc (eV)   ϵ_nk^G0W0 (eV)
 
    1 (occ)   145         -21.383           9.005         -26.981         -16.251          -23.108
    2 (occ)   145          -8.951           3.802         -18.610         -13.132          -10.627
    3 (occ)   145          -5.224           2.650         -22.676         -18.310           -6.941
    4 (occ)   145          -5.181           2.637         -22.679         -18.330           -6.892
    5 (vir)   145           1.005          -1.988          -1.358          -3.855            1.514
    6 (vir)   145           2.677          -1.904          -1.388          -3.849            3.233
    7 (vir)   145           4.701          -1.880          -1.532          -3.646            4.935
    8 (vir)   145           7.711          -4.752          -7.301         -14.275            9.933
    9 (vir)   145           7.802          -4.787          -7.321         -14.347           10.041
   10 (vir)   145           8.046          -4.717          -4.788         -10.636            9.177
   11 (vir)   145           9.446          -4.554          -5.324         -11.185           10.753
   12 (vir)   145          11.585          -4.767          -2.068          -7.765           12.515
   13 (vir)   145          14.364          -3.066          -2.322          -6.592           15.568
   14 (vir)   145          21.894          -6.405          -2.493          -9.930           22.925
   15 (vir)   145          23.819          -4.103          -1.223          -6.855           25.348
   16 (vir)   145          27.236          -3.764          -3.765         -11.189           30.895
   17 (vir)   145          27.589          -4.290          -3.874         -11.554           30.978
   18 (vir)   145          31.228          -4.324          -2.177          -9.932           34.658
   19 (vir)   145          31.473          -4.562          -2.200          -9.972           34.683
   20 (vir)   145          34.418          -3.731          -1.165          -7.579           37.101
   21 (vir)   145          34.572          -3.969          -1.030          -7.618           37.190
   22 (vir)   145          38.293          -7.387          -2.652         -11.739           39.993
   23 (vir)   145          38.387          -6.639          -2.623         -11.819           40.944
   24 (vir)   145          40.493          -2.623          -1.615          -8.376           44.631
   25 (vir)   145          43.893          -9.522          -3.340         -11.627           42.659
   26 (vir)   145          45.991          -3.034          -0.811          -8.541           50.687
   27 (vir)   145          52.597          -5.730          -2.743         -12.248           56.371
   28 (vir)   145          55.210          -5.847          -2.371         -12.646           59.639
   29 (vir)   145          55.894          -8.232          -2.762         -13.407           58.307
   30 (vir)   145          58.982          -3.156          -2.703         -11.314           64.437
   31 (vir)   145          65.312          -2.714          -2.587         -12.626           72.637
   32 (vir)   145          69.643          -3.887          -3.866         -15.949           77.839
   33 (vir)   145          70.178          -6.845          -3.680         -15.386           75.039
   34 (vir)   145          72.165          -0.724          -2.170         -11.201           80.472
   35 (vir)   145          74.802          -1.287          -1.937         -10.901           82.479
   36 (vir)   145          75.476           0.117          -1.888         -12.228           85.933
   37 (vir)   145          78.670          -6.270          -2.420         -14.308           84.287
   38 (vir)   145          79.410          -1.356          -1.922         -12.821           88.953
   39 (vir)   145          81.584          -0.589          -1.589         -10.634           90.040
   40 (vir)   145          88.900          -0.699          -1.165         -11.245           98.281
   41 (vir)   145          89.984          -0.788          -2.262         -11.421           98.355
   42 (vir)   145          95.046          -0.311          -1.749         -13.408          106.395
   43 (vir)   145         100.059          -2.124          -2.549         -16.485          111.871
   44 (vir)   145         101.070          -5.755          -2.009         -11.368          104.674
   45 (vir)   145         102.476           4.266           1.675          -9.911          118.329
   46 (vir)   145         107.118          -2.923          -1.767         -14.394          116.822
   47 (vir)   145         107.438          -5.813          -2.925         -15.651          114.351
   48 (vir)   145         108.339          -0.275          -0.633         -13.112          120.543
   49 (vir)   145         113.650          -2.041          -2.114         -12.563          122.058
   50 (vir)   145         116.739          -1.162           0.791         -12.145          128.513
   51 (vir)   145         132.507          -1.820          -2.051         -15.335          143.971
   52 (vir)   145         134.405          -0.594          -1.386         -15.098          147.522
   53 (vir)   145         151.311          -0.641          -1.847         -16.815          165.638
   54 (vir)   145         171.134          -0.789          -0.771         -10.935          180.509
   55 (vir)   145         175.582          -2.583          -2.087         -17.052          187.965
   56 (vir)   145         175.700          -0.996          -1.879         -18.551          191.376
   57 (vir)   145         187.770          -9.708          -3.599         -16.523          190.986
   58 (vir)   145         236.660          -1.120          -1.128         -17.046          251.457
 
 
  kpoint:     146             coordinate:     0.0000    0.0204    0.0000
 
    n           k   ϵ_nk^DFT (eV)     Σ^c_nk (eV)     Σ^x_nk (eV)    v_nk^xc (eV)   ϵ_nk^G0W0 (eV)
 
    1 (occ)   146         -21.393           9.008         -26.981         -16.249          -23.117
    2 (occ)   146          -8.965           3.808         -18.611         -13.128          -10.640
    3 (occ)   146          -5.181           2.638         -22.683         -18.331           -6.894
    4 (occ)   146          -5.160           2.632         -22.684         -18.340           -6.871
    5 (vir)   146           0.990          -1.986          -1.357          -3.852            1.499
    6 (vir)   146           2.753          -1.949          -1.458          -4.008            3.353
    7 (vir)   146           4.682          -1.879          -1.532          -3.645            4.917
    8 (vir)   146           7.717          -4.761          -7.311         -14.302            9.947
    9 (vir)   146           7.757          -4.776          -7.320         -14.334            9.995
   10 (vir)   146           8.276          -5.122          -5.089         -11.420            9.485
   11 (vir)   146           9.415          -4.547          -5.316         -11.167           10.719
   12 (vir)   146          12.171          -4.656          -1.786          -7.342           13.072
   13 (vir)   146          14.340          -3.069          -2.308          -6.581           15.544
   14 (vir)   146          21.892          -6.419          -2.492          -9.925           22.905
   15 (vir)   146          26.471          -3.835          -2.108          -8.602           29.131
   16 (vir)   146          27.384          -3.776          -3.824         -11.258           31.041
   17 (vir)   146          28.264          -5.236          -3.347         -11.049           30.730
   18 (vir)   146          31.177          -4.531          -2.136          -9.857           34.368
   19 (vir)   146          31.278          -4.653          -2.158          -9.906           34.373
   20 (vir)   146          34.756          -3.791          -1.026          -7.524           37.463
   21 (vir)   146          34.816          -4.105          -0.925          -7.531           37.317
   22 (vir)   146          38.150          -7.920          -2.688         -11.868           39.410
   23 (vir)   146          38.191          -7.811          -2.681         -11.907           39.606
   24 (vir)   146          43.154          -2.839          -1.550          -8.317           47.082
   25 (vir)   146          43.876          -7.968          -3.317         -11.643           44.234
   26 (vir)   146          46.244          -1.441          -0.775          -8.423           52.450
   27 (vir)   146          53.669          -6.196          -2.810         -12.890           57.553
   28 (vir)   146          55.422          -6.088          -2.424         -12.796           59.706
   29 (vir)   146          55.861          -7.641          -2.722         -13.355           58.853
   30 (vir)   146          59.027          -2.794          -2.699         -11.307           64.841
   31 (vir)   146          63.911          -3.334          -2.663         -12.457           70.370
   32 (vir)   146          69.927          -3.486          -3.922         -16.033           78.552
   33 (vir)   146          70.188          -2.467          -3.906         -15.908           79.722
   34 (vir)   146          74.232          -0.087          -2.395         -10.974           82.724
   35 (vir)   146          75.815          -0.357          -2.451         -11.921           84.928
   36 (vir)   146          78.335          -1.081          -2.165         -13.353           88.443
   37 (vir)   146          78.488          -0.567          -1.872         -11.547           87.596
   38 (vir)   146          79.175           0.124          -1.752         -12.498           90.046
   39 (vir)   146          81.681          -0.287          -1.859         -10.702           90.236
   40 (vir)   146          88.881          -2.864          -1.271         -11.201           95.948
   41 (vir)   146          89.444          -0.321          -1.874         -11.289           98.539
   42 (vir)   146          96.139          -6.567          -2.193         -14.695          102.075
   43 (vir)   146         101.844           3.462           0.700         -10.745          116.751
   44 (vir)   146         102.824           7.578           4.860          -9.488          124.749
   45 (vir)   146         104.384          -1.658          -2.614         -16.193          116.306
   46 (vir)   146         107.066           0.830          -2.359         -15.896          121.433
   47 (vir)   146         107.245          -1.712          -1.868         -14.416          118.081
   48 (vir)   146         111.998          -1.953          -1.570         -13.083          121.558
   49 (vir)   146         114.604           0.389          -0.085         -12.250          127.158
   50 (vir)   146         116.177           0.366           1.988         -12.008          130.538
   51 (vir)   146         133.029          -1.473          -2.047         -15.291          144.799
   52 (vir)   146         133.856          -0.666          -1.656         -15.183          146.716
   53 (vir)   146         151.767          -0.453          -1.940         -16.821          166.195
   54 (vir)   146         169.302          -0.665          -0.188          -9.799          178.248
   55 (vir)   146         175.310          -2.537          -1.964         -18.366          189.175
   56 (vir)   146         175.514          -0.371          -1.891         -18.562          191.813
   57 (vir)   146         185.628           0.448          -3.327         -16.782          199.530
   58 (vir)   146         235.321          -0.799          -1.127         -17.058          250.454
 
 
  kpoint:     147             coordinate:     0.0000    0.0102    0.0000
 
    n           k   ϵ_nk^DFT (eV)     Σ^c_nk (eV)     Σ^x_nk (eV)    v_nk^xc (eV)   ϵ_nk^G0W0 (eV)
 
    1 (occ)   147         -21.399           9.009         -26.981         -16.248          -23.123
    2 (occ)   147          -8.973           3.811         -18.612         -13.125          -10.649
    3 (occ)   147          -5.155           2.632         -22.687         -18.345           -6.866
    4 (occ)   147          -5.148           2.629         -22.686         -18.347           -6.858
    5 (vir)   147           0.981          -1.986          -1.356          -3.850            1.488
    6 (vir)   147           2.816          -1.985          -1.513          -4.130            3.447
    7 (vir)   147           4.671          -1.878          -1.532          -3.644            4.906
    8 (vir)   147           7.721          -4.766          -7.317         -14.319            9.957
    9 (vir)   147           7.730          -4.769          -7.319         -14.326            9.968
   10 (vir)   147           8.429          -5.390          -5.262         -11.909            9.686
   11 (vir)   147           9.397          -4.543          -5.312         -11.157           10.699
   12 (vir)   147          12.648          -4.616          -1.627          -7.128           13.534
   13 (vir)   147          14.325          -3.072          -2.298          -6.574           15.528
   14 (vir)   147          21.895          -6.463          -2.499          -9.925           22.858
   15 (vir)   147          27.399          -3.741          -3.706         -11.038           30.991
   16 (vir)   147          27.480          -3.792          -3.869         -11.308           31.128
   17 (vir)   147          30.402          -5.530          -2.121          -9.871           32.621
   18 (vir)   147          31.148          -4.651          -2.104          -9.790           34.183
   19 (vir)   147          31.154          -4.721          -2.126          -9.857           34.164
   20 (vir)   147          34.966          -4.052          -0.865          -7.444           37.493
   21 (vir)   147          34.980          -4.210          -0.826          -7.444           37.387
   22 (vir)   147          38.047          -7.716          -2.737         -11.987           39.581
   23 (vir)   147          38.058          -9.077          -2.748         -11.997           38.229
   24 (vir)   147          43.871          -7.368          -3.305         -11.658           44.855
   25 (vir)   147          46.104          -3.722          -0.834          -8.640           50.189
   26 (vir)   147          49.079          -2.657          -1.614          -8.966           53.774
   27 (vir)   147          54.449           1.917          -2.892         -13.438           66.913
   28 (vir)   147          55.550          -5.741          -2.477         -12.885           60.218
   29 (vir)   147          55.722          -7.854          -2.589         -13.176           58.455
   30 (vir)   147          59.054          -2.497          -2.697         -11.302           65.162
   31 (vir)   147          61.555          -3.104          -2.657         -11.998           67.791
   32 (vir)   147          70.098          -3.313          -3.962         -16.065           78.888
   33 (vir)   147          70.167          -1.701          -3.989         -16.038           80.515
   34 (vir)   147          76.144           0.409          -2.490         -11.484           85.547
   35 (vir)   147          76.531           4.760          -2.849         -13.581           92.023
   36 (vir)   147          78.092          -0.070          -1.967         -11.786           87.841
   37 (vir)   147          78.671           0.400          -1.791         -11.953           89.234
   38 (vir)   147          80.895          -0.352          -2.356         -10.937           89.124
   39 (vir)   147          81.733          -0.139          -2.054         -10.743           90.284
   40 (vir)   147          88.866          -1.187          -1.813         -11.161           97.027
   41 (vir)   147          89.024           0.104          -1.722         -11.187           98.593
   42 (vir)   147          96.560          -6.747          -2.241         -15.273          102.845
   43 (vir)   147         102.717           0.217           4.477          -9.807          117.217
   44 (vir)   147         103.081          10.313           7.609          -9.154          130.156
   45 (vir)   147         106.546           0.559          -2.364         -16.447          121.188
   46 (vir)   147         106.926          -2.362          -2.109         -14.739          117.195
   47 (vir)   147         107.322          -1.340          -1.945         -14.429          118.466
   48 (vir)   147         115.305           2.483           2.888         -12.030          132.706
   49 (vir)   147         115.734           1.356           2.801         -11.954          131.845
   50 (vir)   147         131.186          -0.696          -2.804         -15.367          143.054
   51 (vir)   147         133.297          -0.295          -1.888         -15.280          146.394
   52 (vir)   147         133.495          -0.795          -1.807         -15.254          146.146
   53 (vir)   147         152.046          -0.359          -2.011         -16.826          166.502
   54 (vir)   147         167.554          -0.734          -0.123          -9.763          176.460
   55 (vir)   147         175.302          -0.982          -1.738         -18.560          191.143
   56 (vir)   147         175.369          -0.856          -1.882         -18.571          191.201
   57 (vir)   147         184.380           3.044          -3.146         -16.944          201.222
   58 (vir)   147         234.435           2.138          -1.080         -17.073          252.566
 
 
  kpoint:     148             coordinate:     0.0000    0.0000    0.0000
 
    n           k   ϵ_nk^DFT (eV)     Σ^c_nk (eV)     Σ^x_nk (eV)    v_nk^xc (eV)   ϵ_nk^G0W0 (eV)
 
    1 (occ)   148         -21.401           9.010         -26.981         -16.247          -23.125
    2 (occ)   148          -8.975           3.812         -18.612         -13.124          -10.651
    3 (occ)   148          -5.147           2.630         -22.689         -18.349           -6.857
    4 (occ)   148          -5.143           2.628         -22.687         -18.349           -6.853
    5 (vir)   148           0.978          -1.986          -1.356          -3.849            1.485
    6 (vir)   148           2.840          -1.999          -1.534          -4.176            3.483
    7 (vir)   148           4.667          -1.878          -1.532          -3.644            4.902
    8 (vir)   148           7.719          -4.764          -7.320         -14.324            9.958
    9 (vir)   148           7.724          -4.770          -7.318         -14.324            9.960
   10 (vir)   148           8.482          -5.480          -5.314         -12.066            9.753
   11 (vir)   148           9.391          -4.542          -5.310         -11.153           10.692
   12 (vir)   148          12.829          -4.610          -1.579          -7.068           13.708
   13 (vir)   148          14.320          -3.074          -2.295          -6.571           15.523
   14 (vir)   148          21.897          -6.494          -2.503          -9.925           22.825
   15 (vir)   148          27.513          -3.812          -3.898         -11.328           31.132
   16 (vir)   148          27.514          -3.799          -3.882         -11.327           31.160
   17 (vir)   148          31.111          -4.634          -2.158          -9.838           34.156
   18 (vir)   148          31.111          -4.777          -2.099          -9.839           34.074
   19 (vir)   148          31.389          -5.410          -2.010          -9.881           33.850
   20 (vir)   148          35.037          -4.231          -0.789          -7.406           37.422
   21 (vir)   148          35.038          -4.241          -0.783          -7.405           37.418
   22 (vir)   148          38.009          -7.127          -2.755         -12.038           40.165
   23 (vir)   148          38.010          -9.845          -2.786         -12.037           37.415
   24 (vir)   148          43.870          -8.107          -3.302         -11.664           44.125
   25 (vir)   148          46.226          -1.199          -0.768          -8.552           52.811
   26 (vir)   148          53.738          -0.556          -1.872         -10.407           61.718
   27 (vir)   148          54.796          -1.943          -3.048         -13.824           63.629
   28 (vir)   148          55.591          -3.622          -2.356         -12.914           62.526
   29 (vir)   148          55.594          -6.168          -2.547         -12.915           59.794
   30 (vir)   148          59.062          -2.908          -2.722         -11.301           64.733
   31 (vir)   148          59.063          -1.070          -2.622         -11.300           66.671
   32 (vir)   148          70.156          -9.711          -3.962         -16.073           72.556
   33 (vir)   148          70.158          -1.539          -4.031         -16.070           80.658
   34 (vir)   148          76.804          -2.927          -3.003         -14.829           85.702
   35 (vir)   148          77.359          -0.521          -2.406         -12.883           87.315
   36 (vir)   148          77.988           0.657          -1.931         -10.581           87.295
   37 (vir)   148          77.990          -1.551          -1.866         -10.579           85.152
   38 (vir)   148          81.748           0.001          -3.010         -10.758           89.496
   39 (vir)   148          81.751          -0.125          -1.832         -10.756           90.550
   40 (vir)   148          88.859          -1.404          -2.292         -11.145           96.308
   41 (vir)   148          88.862           0.951          -1.560         -11.146           99.400
   42 (vir)   148          96.661          -3.053          -2.236         -15.407          106.779
   43 (vir)   148         103.174          -0.281           5.936          -9.024          117.854
   44 (vir)   148         103.179           5.937           9.592          -9.023          127.731
   45 (vir)   148         106.234          -2.270          -2.983         -17.065          118.047
   46 (vir)   148         107.346          -1.295          -1.861         -14.434          118.624
   47 (vir)   148         107.349          -1.096          -2.308         -14.434          118.380
   48 (vir)   148         115.562           0.864           2.412         -11.946          130.783
   49 (vir)   148         115.566           4.237           5.083         -11.944          136.829
   50 (vir)   148         133.368          -1.442          -1.879         -15.282          145.329
   51 (vir)   148         133.372          -0.442          -1.768         -15.283          146.445
   52 (vir)   148         152.138          -0.156          -1.678         -16.828          167.132
   53 (vir)   148         152.147          -0.440          -3.113         -16.827          165.420
   54 (vir)   148         166.850           6.187          -0.245          -9.815          182.607
   55 (vir)   148         175.312          -1.124          -1.515         -18.574          191.248
   56 (vir)   148         175.314          -0.910          -1.988         -18.575          190.990
   57 (vir)   148         183.973           4.784          -3.093         -16.999          202.663
   58 (vir)   148         234.125           1.412          -1.054         -17.079          251.561
 
