cpu-bind=MASK - cn1301, task  0  0 [2720273]: mask |BBBBBBBB|BBBBBBBB|BBBBBBBB|BBBBBBBB|BBBBBBBB|BBBBBBBB|BBBBBBBB|BBBBBBBB|BBBBBBBB|BBBBBBBB|BBBBBBBB|BBBBBBBB||||BBBBBBBB|BBBBBBBB|BBBBBBBB|BBBBBBBB|BBBBBBBB|BBBBBBBB|BBBBBBBB|BBBBBBBB|BBBBBBBB|BBBBBBBB|BBBBBBBB|BBBBBBBB|  set
Running "module reset". Resetting modules to system default. The following $MODULEPATH directories have been removed: None
cpu-bind=MASK - cn1302, task 96  0 [2516363]: mask |BB------|--------|--------|--------|--------|--------|--------|--------|--------|--------|--------|--------||||--------|--------|--------|--------|--------|--------|--------|--------|--------|--------|--------|--------|  set
cpu-bind=MASK - cn1304, task 288  0 [2800973]: mask |BB------|--------|--------|--------|--------|--------|--------|--------|--------|--------|--------|--------||||--------|--------|--------|--------|--------|--------|--------|--------|--------|--------|--------|--------|  set
cpu-bind=MASK - cn1303, task 192  0 [2739894]: mask |BB------|--------|--------|--------|--------|--------|--------|--------|--------|--------|--------|--------||||--------|--------|--------|--------|--------|--------|--------|--------|--------|--------|--------|--------|  set
cpu-bind=MASK - cn1302, task 97  1 [2516364]: mask |--BB----|--------|--------|--------|--------|--------|--------|--------|--------|--------|--------|--------||||--------|--------|--------|--------|--------|--------|--------|--------|--------|--------|--------|--------|  set
cpu-bind=MASK - cn1304, task 289  1 [2800974]: mask |--BB----|--------|--------|--------|--------|--------|--------|--------|--------|--------|--------|--------||||--------|--------|--------|--------|--------|--------|--------|--------|--------|--------|--------|--------|  set
cpu-bind=MASK - cn1302, task 98  2 [2516365]: mask |----BB--|--------|--------|--------|--------|--------|--------|--------|--------|--------|--------|--------||||--------|--------|--------|--------|--------|--------|--------|--------|--------|--------|--------|--------|  set
cpu-bind=MASK - cn1303, task 193  1 [2739895]: mask |--BB----|--------|--------|--------|--------|--------|--------|--------|--------|--------|--------|--------||||--------|--------|--------|--------|--------|--------|--------|--------|--------|--------|--------|--------|  set
cpu-bind=MASK - cn1302, task 99  3 [2516366]: mask |------BB|--------|--------|--------|--------|--------|--------|--------|--------|--------|--------|--------||||--------|--------|--------|--------|--------|--------|--------|--------|--------|--------|--------|--------|  set
cpu-bind=MASK - cn1304, task 290  2 [2800975]: mask |----BB--|--------|--------|--------|--------|--------|--------|--------|--------|--------|--------|--------||||--------|--------|--------|--------|--------|--------|--------|--------|--------|--------|--------|--------|  set
cpu-bind=MASK - cn1303, task 194  2 [2739896]: mask |----BB--|--------|--------|--------|--------|--------|--------|--------|--------|--------|--------|--------||||--------|--------|--------|--------|--------|--------|--------|--------|--------|--------|--------|--------|  set
cpu-bind=MASK - cn1302, task 100  4 [2516367]: mask |--------|--------|--------|--------|--------|--------|--------|--------|--------|BB------|--------|--------||||--------|--------|--------|--------|--------|--------|--------|--------|--------|--------|--------|--------|  set
cpu-bind=MASK - cn1304, task 291  3 [2800976]: mask |------BB|--------|--------|--------|--------|--------|--------|--------|--------|--------|--------|--------||||--------|--------|--------|--------|--------|--------|--------|--------|--------|--------|--------|--------|  set
cpu-bind=MASK - cn1302, task 101  5 [2516368]: mask |--------|--------|--------|--------|--------|--------|--------|--------|--------|--BB----|--------|--------||||--------|--------|--------|--------|--------|--------|--------|--------|--------|--------|--------|--------|  set
cpu-bind=MASK - cn1303, task 195  3 [2739897]: mask |------BB|--------|--------|--------|--------|--------|--------|--------|--------|--------|--------|--------||||--------|--------|--------|--------|--------|--------|--------|--------|--------|--------|--------|--------|  set
cpu-bind=MASK - cn1302, task 102  6 [2516369]: mask |--------|--------|--------|--------|--------|--------|--------|--------|--------|----BB--|--------|--------||||--------|--------|--------|--------|--------|--------|--------|--------|--------|--------|--------|--------|  set
cpu-bind=MASK - cn1304, task 292  4 [2800977]: mask |--------|--------|--------|--------|--------|--------|--------|--------|--------|BB------|--------|--------||||--------|--------|--------|--------|--------|--------|--------|--------|--------|--------|--------|--------|  set
cpu-bind=MASK - cn1302, task 103  7 [2516370]: mask |--------|--------|--------|--------|--------|--------|--------|--------|--------|------BB|--------|--------||||--------|--------|--------|--------|--------|--------|--------|--------|--------|--------|--------|--------|  set
cpu-bind=MASK - cn1303, task 196  4 [2739898]: mask |--------|--------|--------|--------|--------|--------|--------|--------|--------|BB------|--------|--------||||--------|--------|--------|--------|--------|--------|--------|--------|--------|--------|--------|--------|  set
cpu-bind=MASK - cn1302, task 104  8 [2516371]: mask |--------|--------|--------|BB------|--------|--------|--------|--------|--------|--------|--------|--------||||--------|--------|--------|--------|--------|--------|--------|--------|--------|--------|--------|--------|  set
cpu-bind=MASK - cn1304, task 293  5 [2800978]: mask |--------|--------|--------|--------|--------|--------|--------|--------|--------|--BB----|--------|--------||||--------|--------|--------|--------|--------|--------|--------|--------|--------|--------|--------|--------|  set
cpu-bind=MASK - cn1302, task 105  9 [2516372]: mask |--------|--------|--------|--BB----|--------|--------|--------|--------|--------|--------|--------|--------||||--------|--------|--------|--------|--------|--------|--------|--------|--------|--------|--------|--------|  set
cpu-bind=MASK - cn1303, task 197  5 [2739899]: mask |--------|--------|--------|--------|--------|--------|--------|--------|--------|--BB----|--------|--------||||--------|--------|--------|--------|--------|--------|--------|--------|--------|--------|--------|--------|  set
cpu-bind=MASK - cn1304, task 294  6 [2800979]: mask |--------|--------|--------|--------|--------|--------|--------|--------|--------|----BB--|--------|--------||||--------|--------|--------|--------|--------|--------|--------|--------|--------|--------|--------|--------|  set
cpu-bind=MASK - cn1302, task 106 10 [2516373]: mask |--------|--------|--------|----BB--|--------|--------|--------|--------|--------|--------|--------|--------||||--------|--------|--------|--------|--------|--------|--------|--------|--------|--------|--------|--------|  set
cpu-bind=MASK - cn1304, task 295  7 [2800980]: mask |--------|--------|--------|--------|--------|--------|--------|--------|--------|------BB|--------|--------||||--------|--------|--------|--------|--------|--------|--------|--------|--------|--------|--------|--------|  set
cpu-bind=MASK - cn1303, task 198  6 [2739900]: mask |--------|--------|--------|--------|--------|--------|--------|--------|--------|----BB--|--------|--------||||--------|--------|--------|--------|--------|--------|--------|--------|--------|--------|--------|--------|  set
cpu-bind=MASK - cn1302, task 107 11 [2516374]: mask |--------|--------|--------|------BB|--------|--------|--------|--------|--------|--------|--------|--------||||--------|--------|--------|--------|--------|--------|--------|--------|--------|--------|--------|--------|  set
cpu-bind=MASK - cn1304, task 296  8 [2800981]: mask |--------|--------|--------|BB------|--------|--------|--------|--------|--------|--------|--------|--------||||--------|--------|--------|--------|--------|--------|--------|--------|--------|--------|--------|--------|  set
cpu-bind=MASK - cn1304, task 297  9 [2800982]: mask |--------|--------|--------|--BB----|--------|--------|--------|--------|--------|--------|--------|--------||||--------|--------|--------|--------|--------|--------|--------|--------|--------|--------|--------|--------|  set
cpu-bind=MASK - cn1302, task 108 12 [2516375]: mask |--------|--------|--------|--------|--------|--------|BB------|--------|--------|--------|--------|--------||||--------|--------|--------|--------|--------|--------|--------|--------|--------|--------|--------|--------|  set
cpu-bind=MASK - cn1303, task 199  7 [2739901]: mask |--------|--------|--------|--------|--------|--------|--------|--------|--------|------BB|--------|--------||||--------|--------|--------|--------|--------|--------|--------|--------|--------|--------|--------|--------|  set
cpu-bind=MASK - cn1302, task 109 13 [2516376]: mask |--------|--------|--------|--------|--------|--------|--BB----|--------|--------|--------|--------|--------||||--------|--------|--------|--------|--------|--------|--------|--------|--------|--------|--------|--------|  set
cpu-bind=MASK - cn1304, task 298 10 [2800983]: mask |--------|--------|--------|----BB--|--------|--------|--------|--------|--------|--------|--------|--------||||--------|--------|--------|--------|--------|--------|--------|--------|--------|--------|--------|--------|  set
cpu-bind=MASK - cn1302, task 110 14 [2516377]: mask |--------|--------|--------|--------|--------|--------|----BB--|--------|--------|--------|--------|--------||||--------|--------|--------|--------|--------|--------|--------|--------|--------|--------|--------|--------|  set
cpu-bind=MASK - cn1303, task 200  8 [2739902]: mask |--------|--------|--------|BB------|--------|--------|--------|--------|--------|--------|--------|--------||||--------|--------|--------|--------|--------|--------|--------|--------|--------|--------|--------|--------|  set
cpu-bind=MASK - cn1302, task 111 15 [2516378]: mask |--------|--------|--------|--------|--------|--------|------BB|--------|--------|--------|--------|--------||||--------|--------|--------|--------|--------|--------|--------|--------|--------|--------|--------|--------|  set
cpu-bind=MASK - cn1303, task 201  9 [2739903]: mask |--------|--------|--------|--BB----|--------|--------|--------|--------|--------|--------|--------|--------||||--------|--------|--------|--------|--------|--------|--------|--------|--------|--------|--------|--------|  set
cpu-bind=MASK - cn1304, task 299 11 [2800984]: mask |--------|--------|--------|------BB|--------|--------|--------|--------|--------|--------|--------|--------||||--------|--------|--------|--------|--------|--------|--------|--------|--------|--------|--------|--------|  set
cpu-bind=MASK - cn1302, task 112 16 [2516379]: mask |--------|BB------|--------|--------|--------|--------|--------|--------|--------|--------|--------|--------||||--------|--------|--------|--------|--------|--------|--------|--------|--------|--------|--------|--------|  set
cpu-bind=MASK - cn1303, task 202 10 [2739904]: mask |--------|--------|--------|----BB--|--------|--------|--------|--------|--------|--------|--------|--------||||--------|--------|--------|--------|--------|--------|--------|--------|--------|--------|--------|--------|  set
cpu-bind=MASK - cn1304, task 300 12 [2800985]: mask |--------|--------|--------|--------|--------|--------|BB------|--------|--------|--------|--------|--------||||--------|--------|--------|--------|--------|--------|--------|--------|--------|--------|--------|--------|  set
cpu-bind=MASK - cn1302, task 113 17 [2516380]: mask |--------|--BB----|--------|--------|--------|--------|--------|--------|--------|--------|--------|--------||||--------|--------|--------|--------|--------|--------|--------|--------|--------|--------|--------|--------|  set
cpu-bind=MASK - cn1304, task 301 13 [2800986]: mask |--------|--------|--------|--------|--------|--------|--BB----|--------|--------|--------|--------|--------||||--------|--------|--------|--------|--------|--------|--------|--------|--------|--------|--------|--------|  set
cpu-bind=MASK - cn1302, task 114 18 [2516381]: mask |--------|----BB--|--------|--------|--------|--------|--------|--------|--------|--------|--------|--------||||--------|--------|--------|--------|--------|--------|--------|--------|--------|--------|--------|--------|  set
cpu-bind=MASK - cn1303, task 203 11 [2739905]: mask |--------|--------|--------|------BB|--------|--------|--------|--------|--------|--------|--------|--------||||--------|--------|--------|--------|--------|--------|--------|--------|--------|--------|--------|--------|  set
cpu-bind=MASK - cn1302, task 115 19 [2516382]: mask |--------|------BB|--------|--------|--------|--------|--------|--------|--------|--------|--------|--------||||--------|--------|--------|--------|--------|--------|--------|--------|--------|--------|--------|--------|  set
cpu-bind=MASK - cn1303, task 204 12 [2739906]: mask |--------|--------|--------|--------|--------|--------|BB------|--------|--------|--------|--------|--------||||--------|--------|--------|--------|--------|--------|--------|--------|--------|--------|--------|--------|  set
cpu-bind=MASK - cn1304, task 302 14 [2800987]: mask |--------|--------|--------|--------|--------|--------|----BB--|--------|--------|--------|--------|--------||||--------|--------|--------|--------|--------|--------|--------|--------|--------|--------|--------|--------|  set
cpu-bind=MASK - cn1302, task 116 20 [2516383]: mask |--------|--------|--------|--------|--------|--------|--------|--------|--------|--------|BB------|--------||||--------|--------|--------|--------|--------|--------|--------|--------|--------|--------|--------|--------|  set
cpu-bind=MASK - cn1302, task 117 21 [2516384]: mask |--------|--------|--------|--------|--------|--------|--------|--------|--------|--------|--BB----|--------||||--------|--------|--------|--------|--------|--------|--------|--------|--------|--------|--------|--------|  set
cpu-bind=MASK - cn1303, task 205 13 [2739907]: mask |--------|--------|--------|--------|--------|--------|--BB----|--------|--------|--------|--------|--------||||--------|--------|--------|--------|--------|--------|--------|--------|--------|--------|--------|--------|  set
cpu-bind=MASK - cn1304, task 303 15 [2800988]: mask |--------|--------|--------|--------|--------|--------|------BB|--------|--------|--------|--------|--------||||--------|--------|--------|--------|--------|--------|--------|--------|--------|--------|--------|--------|  set
cpu-bind=MASK - cn1302, task 118 22 [2516385]: mask |--------|--------|--------|--------|--------|--------|--------|--------|--------|--------|----BB--|--------||||--------|--------|--------|--------|--------|--------|--------|--------|--------|--------|--------|--------|  set
cpu-bind=MASK - cn1304, task 304 16 [2800989]: mask |--------|BB------|--------|--------|--------|--------|--------|--------|--------|--------|--------|--------||||--------|--------|--------|--------|--------|--------|--------|--------|--------|--------|--------|--------|  set
cpu-bind=MASK - cn1303, task 206 14 [2739908]: mask |--------|--------|--------|--------|--------|--------|----BB--|--------|--------|--------|--------|--------||||--------|--------|--------|--------|--------|--------|--------|--------|--------|--------|--------|--------|  set
cpu-bind=MASK - cn1302, task 119 23 [2516386]: mask |--------|--------|--------|--------|--------|--------|--------|--------|--------|--------|------BB|--------||||--------|--------|--------|--------|--------|--------|--------|--------|--------|--------|--------|--------|  set
cpu-bind=MASK - cn1304, task 305 17 [2800990]: mask |--------|--BB----|--------|--------|--------|--------|--------|--------|--------|--------|--------|--------||||--------|--------|--------|--------|--------|--------|--------|--------|--------|--------|--------|--------|  set
cpu-bind=MASK - cn1302, task 120 24 [2516387]: mask |--------|--------|--------|--------|BB------|--------|--------|--------|--------|--------|--------|--------||||--------|--------|--------|--------|--------|--------|--------|--------|--------|--------|--------|--------|  set
cpu-bind=MASK - cn1303, task 207 15 [2739909]: mask |--------|--------|--------|--------|--------|--------|------BB|--------|--------|--------|--------|--------||||--------|--------|--------|--------|--------|--------|--------|--------|--------|--------|--------|--------|  set
cpu-bind=MASK - cn1304, task 306 18 [2800991]: mask |--------|----BB--|--------|--------|--------|--------|--------|--------|--------|--------|--------|--------||||--------|--------|--------|--------|--------|--------|--------|--------|--------|--------|--------|--------|  set
cpu-bind=MASK - cn1302, task 121 25 [2516388]: mask |--------|--------|--------|--------|--BB----|--------|--------|--------|--------|--------|--------|--------||||--------|--------|--------|--------|--------|--------|--------|--------|--------|--------|--------|--------|  set
cpu-bind=MASK - cn1303, task 208 16 [2739910]: mask |--------|BB------|--------|--------|--------|--------|--------|--------|--------|--------|--------|--------||||--------|--------|--------|--------|--------|--------|--------|--------|--------|--------|--------|--------|  set
cpu-bind=MASK - cn1304, task 307 19 [2800992]: mask |--------|------BB|--------|--------|--------|--------|--------|--------|--------|--------|--------|--------||||--------|--------|--------|--------|--------|--------|--------|--------|--------|--------|--------|--------|  set
cpu-bind=MASK - cn1302, task 122 26 [2516389]: mask |--------|--------|--------|--------|----BB--|--------|--------|--------|--------|--------|--------|--------||||--------|--------|--------|--------|--------|--------|--------|--------|--------|--------|--------|--------|  set
cpu-bind=MASK - cn1302, task 123 27 [2516390]: mask |--------|--------|--------|--------|------BB|--------|--------|--------|--------|--------|--------|--------||||--------|--------|--------|--------|--------|--------|--------|--------|--------|--------|--------|--------|  set
cpu-bind=MASK - cn1304, task 308 20 [2800993]: mask |--------|--------|--------|--------|--------|--------|--------|--------|--------|--------|BB------|--------||||--------|--------|--------|--------|--------|--------|--------|--------|--------|--------|--------|--------|  set
cpu-bind=MASK - cn1302, task 124 28 [2516391]: mask |--------|--------|--------|--------|--------|--------|--------|BB------|--------|--------|--------|--------||||--------|--------|--------|--------|--------|--------|--------|--------|--------|--------|--------|--------|  set
cpu-bind=MASK - cn1303, task 209 17 [2739911]: mask |--------|--BB----|--------|--------|--------|--------|--------|--------|--------|--------|--------|--------||||--------|--------|--------|--------|--------|--------|--------|--------|--------|--------|--------|--------|  set
cpu-bind=MASK - cn1302, task 125 29 [2516392]: mask |--------|--------|--------|--------|--------|--------|--------|--BB----|--------|--------|--------|--------||||--------|--------|--------|--------|--------|--------|--------|--------|--------|--------|--------|--------|  set
cpu-bind=MASK - cn1301, task  0  0 [2720692]: mask |BB------|--------|--------|--------|--------|--------|--------|--------|--------|--------|--------|--------||||--------|--------|--------|--------|--------|--------|--------|--------|--------|--------|--------|--------|  set
cpu-bind=MASK - cn1303, task 210 18 [2739912]: mask |--------|----BB--|--------|--------|--------|--------|--------|--------|--------|--------|--------|--------||||--------|--------|--------|--------|--------|--------|--------|--------|--------|--------|--------|--------|  set
cpu-bind=MASK - cn1304, task 309 21 [2800994]: mask |--------|--------|--------|--------|--------|--------|--------|--------|--------|--------|--BB----|--------||||--------|--------|--------|--------|--------|--------|--------|--------|--------|--------|--------|--------|  set
cpu-bind=MASK - cn1302, task 126 30 [2516393]: mask |--------|--------|--------|--------|--------|--------|--------|----BB--|--------|--------|--------|--------||||--------|--------|--------|--------|--------|--------|--------|--------|--------|--------|--------|--------|  set
cpu-bind=MASK - cn1302, task 127 31 [2516394]: mask |--------|--------|--------|--------|--------|--------|--------|------BB|--------|--------|--------|--------||||--------|--------|--------|--------|--------|--------|--------|--------|--------|--------|--------|--------|  set
cpu-bind=MASK - cn1301, task  1  1 [2720693]: mask |--BB----|--------|--------|--------|--------|--------|--------|--------|--------|--------|--------|--------||||--------|--------|--------|--------|--------|--------|--------|--------|--------|--------|--------|--------|  set
cpu-bind=MASK - cn1304, task 310 22 [2800995]: mask |--------|--------|--------|--------|--------|--------|--------|--------|--------|--------|----BB--|--------||||--------|--------|--------|--------|--------|--------|--------|--------|--------|--------|--------|--------|  set
cpu-bind=MASK - cn1302, task 128 32 [2516395]: mask |--------|--------|BB------|--------|--------|--------|--------|--------|--------|--------|--------|--------||||--------|--------|--------|--------|--------|--------|--------|--------|--------|--------|--------|--------|  set
cpu-bind=MASK - cn1303, task 211 19 [2739913]: mask |--------|------BB|--------|--------|--------|--------|--------|--------|--------|--------|--------|--------||||--------|--------|--------|--------|--------|--------|--------|--------|--------|--------|--------|--------|  set
cpu-bind=MASK - cn1304, task 311 23 [2800996]: mask |--------|--------|--------|--------|--------|--------|--------|--------|--------|--------|------BB|--------||||--------|--------|--------|--------|--------|--------|--------|--------|--------|--------|--------|--------|  set
cpu-bind=MASK - cn1302, task 129 33 [2516396]: mask |--------|--------|--BB----|--------|--------|--------|--------|--------|--------|--------|--------|--------||||--------|--------|--------|--------|--------|--------|--------|--------|--------|--------|--------|--------|  set
cpu-bind=MASK - cn1301, task  2  2 [2720694]: mask |----BB--|--------|--------|--------|--------|--------|--------|--------|--------|--------|--------|--------||||--------|--------|--------|--------|--------|--------|--------|--------|--------|--------|--------|--------|  set
cpu-bind=MASK - cn1302, task 130 34 [2516397]: mask |--------|--------|----BB--|--------|--------|--------|--------|--------|--------|--------|--------|--------||||--------|--------|--------|--------|--------|--------|--------|--------|--------|--------|--------|--------|  set
cpu-bind=MASK - cn1304, task 312 24 [2800997]: mask |--------|--------|--------|--------|BB------|--------|--------|--------|--------|--------|--------|--------||||--------|--------|--------|--------|--------|--------|--------|--------|--------|--------|--------|--------|  set
cpu-bind=MASK - cn1303, task 212 20 [2739914]: mask |--------|--------|--------|--------|--------|--------|--------|--------|--------|--------|BB------|--------||||--------|--------|--------|--------|--------|--------|--------|--------|--------|--------|--------|--------|  set
cpu-bind=MASK - cn1302, task 131 35 [2516398]: mask |--------|--------|------BB|--------|--------|--------|--------|--------|--------|--------|--------|--------||||--------|--------|--------|--------|--------|--------|--------|--------|--------|--------|--------|--------|  set
cpu-bind=MASK - cn1301, task  3  3 [2720695]: mask |------BB|--------|--------|--------|--------|--------|--------|--------|--------|--------|--------|--------||||--------|--------|--------|--------|--------|--------|--------|--------|--------|--------|--------|--------|  set
cpu-bind=MASK - cn1304, task 313 25 [2800998]: mask |--------|--------|--------|--------|--BB----|--------|--------|--------|--------|--------|--------|--------||||--------|--------|--------|--------|--------|--------|--------|--------|--------|--------|--------|--------|  set
cpu-bind=MASK - cn1302, task 132 36 [2516399]: mask |--------|--------|--------|--------|--------|--------|--------|--------|--------|--------|--------|BB------||||--------|--------|--------|--------|--------|--------|--------|--------|--------|--------|--------|--------|  set
cpu-bind=MASK - cn1301, task  4  4 [2720696]: mask |--------|--------|--------|--------|--------|--------|--------|--------|--------|BB------|--------|--------||||--------|--------|--------|--------|--------|--------|--------|--------|--------|--------|--------|--------|  set
cpu-bind=MASK - cn1304, task 314 26 [2800999]: mask |--------|--------|--------|--------|----BB--|--------|--------|--------|--------|--------|--------|--------||||--------|--------|--------|--------|--------|--------|--------|--------|--------|--------|--------|--------|  set
cpu-bind=MASK - cn1302, task 133 37 [2516400]: mask |--------|--------|--------|--------|--------|--------|--------|--------|--------|--------|--------|--BB----||||--------|--------|--------|--------|--------|--------|--------|--------|--------|--------|--------|--------|  set
cpu-bind=MASK - cn1303, task 213 21 [2739915]: mask |--------|--------|--------|--------|--------|--------|--------|--------|--------|--------|--BB----|--------||||--------|--------|--------|--------|--------|--------|--------|--------|--------|--------|--------|--------|  set
cpu-bind=MASK - cn1302, task 134 38 [2516401]: mask |--------|--------|--------|--------|--------|--------|--------|--------|--------|--------|--------|----BB--||||--------|--------|--------|--------|--------|--------|--------|--------|--------|--------|--------|--------|  set
cpu-bind=MASK - cn1301, task  5  5 [2720697]: mask |--------|--------|--------|--------|--------|--------|--------|--------|--------|--BB----|--------|--------||||--------|--------|--------|--------|--------|--------|--------|--------|--------|--------|--------|--------|  set
cpu-bind=MASK - cn1302, task 135 39 [2516402]: mask |--------|--------|--------|--------|--------|--------|--------|--------|--------|--------|--------|------BB||||--------|--------|--------|--------|--------|--------|--------|--------|--------|--------|--------|--------|  set
cpu-bind=MASK - cn1304, task 315 27 [2801000]: mask |--------|--------|--------|--------|------BB|--------|--------|--------|--------|--------|--------|--------||||--------|--------|--------|--------|--------|--------|--------|--------|--------|--------|--------|--------|  set
cpu-bind=MASK - cn1303, task 214 22 [2739916]: mask |--------|--------|--------|--------|--------|--------|--------|--------|--------|--------|----BB--|--------||||--------|--------|--------|--------|--------|--------|--------|--------|--------|--------|--------|--------|  set
cpu-bind=MASK - cn1302, task 136 40 [2516403]: mask |--------|--------|--------|--------|--------|BB------|--------|--------|--------|--------|--------|--------||||--------|--------|--------|--------|--------|--------|--------|--------|--------|--------|--------|--------|  set
cpu-bind=MASK - cn1301, task  6  6 [2720698]: mask |--------|--------|--------|--------|--------|--------|--------|--------|--------|----BB--|--------|--------||||--------|--------|--------|--------|--------|--------|--------|--------|--------|--------|--------|--------|  set
cpu-bind=MASK - cn1302, task 137 41 [2516404]: mask |--------|--------|--------|--------|--------|--BB----|--------|--------|--------|--------|--------|--------||||--------|--------|--------|--------|--------|--------|--------|--------|--------|--------|--------|--------|  set
cpu-bind=MASK - cn1304, task 316 28 [2801001]: mask |--------|--------|--------|--------|--------|--------|--------|BB------|--------|--------|--------|--------||||--------|--------|--------|--------|--------|--------|--------|--------|--------|--------|--------|--------|  set
cpu-bind=MASK - cn1301, task  7  7 [2720699]: mask |--------|--------|--------|--------|--------|--------|--------|--------|--------|------BB|--------|--------||||--------|--------|--------|--------|--------|--------|--------|--------|--------|--------|--------|--------|  set
cpu-bind=MASK - cn1302, task 138 42 [2516405]: mask |--------|--------|--------|--------|--------|----BB--|--------|--------|--------|--------|--------|--------||||--------|--------|--------|--------|--------|--------|--------|--------|--------|--------|--------|--------|  set
cpu-bind=MASK - cn1303, task 215 23 [2739917]: mask |--------|--------|--------|--------|--------|--------|--------|--------|--------|--------|------BB|--------||||--------|--------|--------|--------|--------|--------|--------|--------|--------|--------|--------|--------|  set
cpu-bind=MASK - cn1302, task 139 43 [2516406]: mask |--------|--------|--------|--------|--------|------BB|--------|--------|--------|--------|--------|--------||||--------|--------|--------|--------|--------|--------|--------|--------|--------|--------|--------|--------|  set
cpu-bind=MASK - cn1304, task 317 29 [2801002]: mask |--------|--------|--------|--------|--------|--------|--------|--BB----|--------|--------|--------|--------||||--------|--------|--------|--------|--------|--------|--------|--------|--------|--------|--------|--------|  set
cpu-bind=MASK - cn1301, task  8  8 [2720700]: mask |--------|--------|--------|BB------|--------|--------|--------|--------|--------|--------|--------|--------||||--------|--------|--------|--------|--------|--------|--------|--------|--------|--------|--------|--------|  set
cpu-bind=MASK - cn1302, task 140 44 [2516407]: mask |--------|--------|--------|--------|--------|--------|--------|--------|BB------|--------|--------|--------||||--------|--------|--------|--------|--------|--------|--------|--------|--------|--------|--------|--------|  set
cpu-bind=MASK - cn1302, task 141 45 [2516408]: mask |--------|--------|--------|--------|--------|--------|--------|--------|--BB----|--------|--------|--------||||--------|--------|--------|--------|--------|--------|--------|--------|--------|--------|--------|--------|  set
cpu-bind=MASK - cn1303, task 216 24 [2739918]: mask |--------|--------|--------|--------|BB------|--------|--------|--------|--------|--------|--------|--------||||--------|--------|--------|--------|--------|--------|--------|--------|--------|--------|--------|--------|  set
cpu-bind=MASK - cn1301, task  9  9 [2720701]: mask |--------|--------|--------|--BB----|--------|--------|--------|--------|--------|--------|--------|--------||||--------|--------|--------|--------|--------|--------|--------|--------|--------|--------|--------|--------|  set
cpu-bind=MASK - cn1302, task 142 46 [2516409]: mask |--------|--------|--------|--------|--------|--------|--------|--------|----BB--|--------|--------|--------||||--------|--------|--------|--------|--------|--------|--------|--------|--------|--------|--------|--------|  set
cpu-bind=MASK - cn1304, task 318 30 [2801003]: mask |--------|--------|--------|--------|--------|--------|--------|----BB--|--------|--------|--------|--------||||--------|--------|--------|--------|--------|--------|--------|--------|--------|--------|--------|--------|  set
cpu-bind=MASK - cn1301, task 10 10 [2720702]: mask |--------|--------|--------|----BB--|--------|--------|--------|--------|--------|--------|--------|--------||||--------|--------|--------|--------|--------|--------|--------|--------|--------|--------|--------|--------|  set
cpu-bind=MASK - cn1302, task 143 47 [2516410]: mask |--------|--------|--------|--------|--------|--------|--------|--------|------BB|--------|--------|--------||||--------|--------|--------|--------|--------|--------|--------|--------|--------|--------|--------|--------|  set
cpu-bind=MASK - cn1303, task 217 25 [2739919]: mask |--------|--------|--------|--------|--BB----|--------|--------|--------|--------|--------|--------|--------||||--------|--------|--------|--------|--------|--------|--------|--------|--------|--------|--------|--------|  set
cpu-bind=MASK - cn1304, task 319 31 [2801004]: mask |--------|--------|--------|--------|--------|--------|--------|------BB|--------|--------|--------|--------||||--------|--------|--------|--------|--------|--------|--------|--------|--------|--------|--------|--------|  set
cpu-bind=MASK - cn1302, task 144 48 [2516411]: mask |--------|--------|--------|--------|--------|--------|--------|--------|--------|--------|--------|--------||||BB------|--------|--------|--------|--------|--------|--------|--------|--------|--------|--------|--------|  set
cpu-bind=MASK - cn1301, task 11 11 [2720703]: mask |--------|--------|--------|------BB|--------|--------|--------|--------|--------|--------|--------|--------||||--------|--------|--------|--------|--------|--------|--------|--------|--------|--------|--------|--------|  set
cpu-bind=MASK - cn1303, task 218 26 [2739920]: mask |--------|--------|--------|--------|----BB--|--------|--------|--------|--------|--------|--------|--------||||--------|--------|--------|--------|--------|--------|--------|--------|--------|--------|--------|--------|  set
cpu-bind=MASK - cn1302, task 145 49 [2516412]: mask |--------|--------|--------|--------|--------|--------|--------|--------|--------|--------|--------|--------||||--BB----|--------|--------|--------|--------|--------|--------|--------|--------|--------|--------|--------|  set
cpu-bind=MASK - cn1301, task 12 12 [2720704]: mask |--------|--------|--------|--------|--------|--------|BB------|--------|--------|--------|--------|--------||||--------|--------|--------|--------|--------|--------|--------|--------|--------|--------|--------|--------|  set
cpu-bind=MASK - cn1304, task 320 32 [2801005]: mask |--------|--------|BB------|--------|--------|--------|--------|--------|--------|--------|--------|--------||||--------|--------|--------|--------|--------|--------|--------|--------|--------|--------|--------|--------|  set
cpu-bind=MASK - cn1302, task 146 50 [2516413]: mask |--------|--------|--------|--------|--------|--------|--------|--------|--------|--------|--------|--------||||----BB--|--------|--------|--------|--------|--------|--------|--------|--------|--------|--------|--------|  set
cpu-bind=MASK - cn1303, task 219 27 [2739921]: mask |--------|--------|--------|--------|------BB|--------|--------|--------|--------|--------|--------|--------||||--------|--------|--------|--------|--------|--------|--------|--------|--------|--------|--------|--------|  set
cpu-bind=MASK - cn1302, task 147 51 [2516414]: mask |--------|--------|--------|--------|--------|--------|--------|--------|--------|--------|--------|--------||||------BB|--------|--------|--------|--------|--------|--------|--------|--------|--------|--------|--------|  set
cpu-bind=MASK - cn1301, task 13 13 [2720705]: mask |--------|--------|--------|--------|--------|--------|--BB----|--------|--------|--------|--------|--------||||--------|--------|--------|--------|--------|--------|--------|--------|--------|--------|--------|--------|  set
cpu-bind=MASK - cn1302, task 148 52 [2516415]: mask |--------|--------|--------|--------|--------|--------|--------|--------|--------|--------|--------|--------||||--------|--------|--------|--------|--------|--------|--------|--------|--------|BB------|--------|--------|  set
cpu-bind=MASK - cn1304, task 321 33 [2801006]: mask |--------|--------|--BB----|--------|--------|--------|--------|--------|--------|--------|--------|--------||||--------|--------|--------|--------|--------|--------|--------|--------|--------|--------|--------|--------|  set
cpu-bind=MASK - cn1302, task 149 53 [2516416]: mask |--------|--------|--------|--------|--------|--------|--------|--------|--------|--------|--------|--------||||--------|--------|--------|--------|--------|--------|--------|--------|--------|--BB----|--------|--------|  set
cpu-bind=MASK - cn1303, task 220 28 [2739922]: mask |--------|--------|--------|--------|--------|--------|--------|BB------|--------|--------|--------|--------||||--------|--------|--------|--------|--------|--------|--------|--------|--------|--------|--------|--------|  set
cpu-bind=MASK - cn1301, task 14 14 [2720706]: mask |--------|--------|--------|--------|--------|--------|----BB--|--------|--------|--------|--------|--------||||--------|--------|--------|--------|--------|--------|--------|--------|--------|--------|--------|--------|  set
cpu-bind=MASK - cn1302, task 150 54 [2516417]: mask |--------|--------|--------|--------|--------|--------|--------|--------|--------|--------|--------|--------||||--------|--------|--------|--------|--------|--------|--------|--------|--------|----BB--|--------|--------|  set
cpu-bind=MASK - cn1304, task 322 34 [2801007]: mask |--------|--------|----BB--|--------|--------|--------|--------|--------|--------|--------|--------|--------||||--------|--------|--------|--------|--------|--------|--------|--------|--------|--------|--------|--------|  set
cpu-bind=MASK - cn1303, task 221 29 [2739923]: mask |--------|--------|--------|--------|--------|--------|--------|--BB----|--------|--------|--------|--------||||--------|--------|--------|--------|--------|--------|--------|--------|--------|--------|--------|--------|  set
cpu-bind=MASK - cn1301, task 15 15 [2720707]: mask |--------|--------|--------|--------|--------|--------|------BB|--------|--------|--------|--------|--------||||--------|--------|--------|--------|--------|--------|--------|--------|--------|--------|--------|--------|  set
cpu-bind=MASK - cn1302, task 151 55 [2516418]: mask |--------|--------|--------|--------|--------|--------|--------|--------|--------|--------|--------|--------||||--------|--------|--------|--------|--------|--------|--------|--------|--------|------BB|--------|--------|  set
cpu-bind=MASK - cn1301, task 16 16 [2720708]: mask |--------|BB------|--------|--------|--------|--------|--------|--------|--------|--------|--------|--------||||--------|--------|--------|--------|--------|--------|--------|--------|--------|--------|--------|--------|  set
cpu-bind=MASK - cn1303, task 222 30 [2739924]: mask |--------|--------|--------|--------|--------|--------|--------|----BB--|--------|--------|--------|--------||||--------|--------|--------|--------|--------|--------|--------|--------|--------|--------|--------|--------|  set
cpu-bind=MASK - cn1302, task 152 56 [2516419]: mask |--------|--------|--------|--------|--------|--------|--------|--------|--------|--------|--------|--------||||--------|--------|--------|BB------|--------|--------|--------|--------|--------|--------|--------|--------|  set
cpu-bind=MASK - cn1301, task 17 17 [2720709]: mask |--------|--BB----|--------|--------|--------|--------|--------|--------|--------|--------|--------|--------||||--------|--------|--------|--------|--------|--------|--------|--------|--------|--------|--------|--------|  set
cpu-bind=MASK - cn1304, task 323 35 [2801008]: mask |--------|--------|------BB|--------|--------|--------|--------|--------|--------|--------|--------|--------||||--------|--------|--------|--------|--------|--------|--------|--------|--------|--------|--------|--------|  set
cpu-bind=MASK - cn1303, task 223 31 [2739925]: mask |--------|--------|--------|--------|--------|--------|--------|------BB|--------|--------|--------|--------||||--------|--------|--------|--------|--------|--------|--------|--------|--------|--------|--------|--------|  set
cpu-bind=MASK - cn1302, task 153 57 [2516420]: mask |--------|--------|--------|--------|--------|--------|--------|--------|--------|--------|--------|--------||||--------|--------|--------|--BB----|--------|--------|--------|--------|--------|--------|--------|--------|  set
cpu-bind=MASK - cn1301, task 18 18 [2720710]: mask |--------|----BB--|--------|--------|--------|--------|--------|--------|--------|--------|--------|--------||||--------|--------|--------|--------|--------|--------|--------|--------|--------|--------|--------|--------|  set
cpu-bind=MASK - cn1304, task 324 36 [2801009]: mask |--------|--------|--------|--------|--------|--------|--------|--------|--------|--------|--------|BB------||||--------|--------|--------|--------|--------|--------|--------|--------|--------|--------|--------|--------|  set
cpu-bind=MASK - cn1302, task 154 58 [2516421]: mask |--------|--------|--------|--------|--------|--------|--------|--------|--------|--------|--------|--------||||--------|--------|--------|----BB--|--------|--------|--------|--------|--------|--------|--------|--------|  set
cpu-bind=MASK - cn1301, task 19 19 [2720711]: mask |--------|------BB|--------|--------|--------|--------|--------|--------|--------|--------|--------|--------||||--------|--------|--------|--------|--------|--------|--------|--------|--------|--------|--------|--------|  set
cpu-bind=MASK - cn1302, task 155 59 [2516422]: mask |--------|--------|--------|--------|--------|--------|--------|--------|--------|--------|--------|--------||||--------|--------|--------|------BB|--------|--------|--------|--------|--------|--------|--------|--------|  set
cpu-bind=MASK - cn1301, task 20 20 [2720712]: mask |--------|--------|--------|--------|--------|--------|--------|--------|--------|--------|BB------|--------||||--------|--------|--------|--------|--------|--------|--------|--------|--------|--------|--------|--------|  set
cpu-bind=MASK - cn1304, task 325 37 [2801010]: mask |--------|--------|--------|--------|--------|--------|--------|--------|--------|--------|--------|--BB----||||--------|--------|--------|--------|--------|--------|--------|--------|--------|--------|--------|--------|  set
cpu-bind=MASK - cn1303, task 224 32 [2739926]: mask |--------|--------|BB------|--------|--------|--------|--------|--------|--------|--------|--------|--------||||--------|--------|--------|--------|--------|--------|--------|--------|--------|--------|--------|--------|  set
cpu-bind=MASK - cn1301, task 21 21 [2720713]: mask |--------|--------|--------|--------|--------|--------|--------|--------|--------|--------|--BB----|--------||||--------|--------|--------|--------|--------|--------|--------|--------|--------|--------|--------|--------|  set
cpu-bind=MASK - cn1302, task 156 60 [2516423]: mask |--------|--------|--------|--------|--------|--------|--------|--------|--------|--------|--------|--------||||--------|--------|--------|--------|--------|--------|BB------|--------|--------|--------|--------|--------|  set
cpu-bind=MASK - cn1303, task 225 33 [2739927]: mask |--------|--------|--BB----|--------|--------|--------|--------|--------|--------|--------|--------|--------||||--------|--------|--------|--------|--------|--------|--------|--------|--------|--------|--------|--------|  set
cpu-bind=MASK - cn1304, task 326 38 [2801011]: mask |--------|--------|--------|--------|--------|--------|--------|--------|--------|--------|--------|----BB--||||--------|--------|--------|--------|--------|--------|--------|--------|--------|--------|--------|--------|  set
cpu-bind=MASK - cn1301, task 22 22 [2720714]: mask |--------|--------|--------|--------|--------|--------|--------|--------|--------|--------|----BB--|--------||||--------|--------|--------|--------|--------|--------|--------|--------|--------|--------|--------|--------|  set
cpu-bind=MASK - cn1302, task 157 61 [2516424]: mask |--------|--------|--------|--------|--------|--------|--------|--------|--------|--------|--------|--------||||--------|--------|--------|--------|--------|--------|--BB----|--------|--------|--------|--------|--------|  set
cpu-bind=MASK - cn1301, task 23 23 [2720715]: mask |--------|--------|--------|--------|--------|--------|--------|--------|--------|--------|------BB|--------||||--------|--------|--------|--------|--------|--------|--------|--------|--------|--------|--------|--------|  set
cpu-bind=MASK - cn1302, task 158 62 [2516425]: mask |--------|--------|--------|--------|--------|--------|--------|--------|--------|--------|--------|--------||||--------|--------|--------|--------|--------|--------|----BB--|--------|--------|--------|--------|--------|  set
cpu-bind=MASK - cn1304, task 327 39 [2801012]: mask |--------|--------|--------|--------|--------|--------|--------|--------|--------|--------|--------|------BB||||--------|--------|--------|--------|--------|--------|--------|--------|--------|--------|--------|--------|  set
cpu-bind=MASK - cn1301, task 24 24 [2720716]: mask |--------|--------|--------|--------|BB------|--------|--------|--------|--------|--------|--------|--------||||--------|--------|--------|--------|--------|--------|--------|--------|--------|--------|--------|--------|  set
cpu-bind=MASK - cn1303, task 226 34 [2739928]: mask |--------|--------|----BB--|--------|--------|--------|--------|--------|--------|--------|--------|--------||||--------|--------|--------|--------|--------|--------|--------|--------|--------|--------|--------|--------|  set
cpu-bind=MASK - cn1302, task 159 63 [2516426]: mask |--------|--------|--------|--------|--------|--------|--------|--------|--------|--------|--------|--------||||--------|--------|--------|--------|--------|--------|------BB|--------|--------|--------|--------|--------|  set
cpu-bind=MASK - cn1304, task 328 40 [2801013]: mask |--------|--------|--------|--------|--------|BB------|--------|--------|--------|--------|--------|--------||||--------|--------|--------|--------|--------|--------|--------|--------|--------|--------|--------|--------|  set
cpu-bind=MASK - cn1301, task 25 25 [2720717]: mask |--------|--------|--------|--------|--BB----|--------|--------|--------|--------|--------|--------|--------||||--------|--------|--------|--------|--------|--------|--------|--------|--------|--------|--------|--------|  set
cpu-bind=MASK - cn1303, task 227 35 [2739929]: mask |--------|--------|------BB|--------|--------|--------|--------|--------|--------|--------|--------|--------||||--------|--------|--------|--------|--------|--------|--------|--------|--------|--------|--------|--------|  set
cpu-bind=MASK - cn1301, task 26 26 [2720718]: mask |--------|--------|--------|--------|----BB--|--------|--------|--------|--------|--------|--------|--------||||--------|--------|--------|--------|--------|--------|--------|--------|--------|--------|--------|--------|  set
cpu-bind=MASK - cn1302, task 160 64 [2516427]: mask |--------|--------|--------|--------|--------|--------|--------|--------|--------|--------|--------|--------||||--------|BB------|--------|--------|--------|--------|--------|--------|--------|--------|--------|--------|  set
cpu-bind=MASK - cn1303, task 228 36 [2739930]: mask |--------|--------|--------|--------|--------|--------|--------|--------|--------|--------|--------|BB------||||--------|--------|--------|--------|--------|--------|--------|--------|--------|--------|--------|--------|  set
cpu-bind=MASK - cn1304, task 329 41 [2801014]: mask |--------|--------|--------|--------|--------|--BB----|--------|--------|--------|--------|--------|--------||||--------|--------|--------|--------|--------|--------|--------|--------|--------|--------|--------|--------|  set
cpu-bind=MASK - cn1301, task 27 27 [2720719]: mask |--------|--------|--------|--------|------BB|--------|--------|--------|--------|--------|--------|--------||||--------|--------|--------|--------|--------|--------|--------|--------|--------|--------|--------|--------|  set
cpu-bind=MASK - cn1302, task 161 65 [2516428]: mask |--------|--------|--------|--------|--------|--------|--------|--------|--------|--------|--------|--------||||--------|--BB----|--------|--------|--------|--------|--------|--------|--------|--------|--------|--------|  set
cpu-bind=MASK - cn1303, task 229 37 [2739931]: mask |--------|--------|--------|--------|--------|--------|--------|--------|--------|--------|--------|--BB----||||--------|--------|--------|--------|--------|--------|--------|--------|--------|--------|--------|--------|  set
cpu-bind=MASK - cn1304, task 330 42 [2801015]: mask |--------|--------|--------|--------|--------|----BB--|--------|--------|--------|--------|--------|--------||||--------|--------|--------|--------|--------|--------|--------|--------|--------|--------|--------|--------|  set
cpu-bind=MASK - cn1302, task 162 66 [2516429]: mask |--------|--------|--------|--------|--------|--------|--------|--------|--------|--------|--------|--------||||--------|----BB--|--------|--------|--------|--------|--------|--------|--------|--------|--------|--------|  set
cpu-bind=MASK - cn1301, task 28 28 [2720720]: mask |--------|--------|--------|--------|--------|--------|--------|BB------|--------|--------|--------|--------||||--------|--------|--------|--------|--------|--------|--------|--------|--------|--------|--------|--------|  set
cpu-bind=MASK - cn1301, task 29 29 [2720721]: mask |--------|--------|--------|--------|--------|--------|--------|--BB----|--------|--------|--------|--------||||--------|--------|--------|--------|--------|--------|--------|--------|--------|--------|--------|--------|  set
cpu-bind=MASK - cn1304, task 331 43 [2801016]: mask |--------|--------|--------|--------|--------|------BB|--------|--------|--------|--------|--------|--------||||--------|--------|--------|--------|--------|--------|--------|--------|--------|--------|--------|--------|  set
cpu-bind=MASK - cn1302, task 163 67 [2516430]: mask |--------|--------|--------|--------|--------|--------|--------|--------|--------|--------|--------|--------||||--------|------BB|--------|--------|--------|--------|--------|--------|--------|--------|--------|--------|  set
cpu-bind=MASK - cn1303, task 230 38 [2739932]: mask |--------|--------|--------|--------|--------|--------|--------|--------|--------|--------|--------|----BB--||||--------|--------|--------|--------|--------|--------|--------|--------|--------|--------|--------|--------|  set
cpu-bind=MASK - cn1302, task 164 68 [2516431]: mask |--------|--------|--------|--------|--------|--------|--------|--------|--------|--------|--------|--------||||--------|--------|--------|--------|--------|--------|--------|--------|--------|--------|BB------|--------|  set
cpu-bind=MASK - cn1301, task 30 30 [2720722]: mask |--------|--------|--------|--------|--------|--------|--------|----BB--|--------|--------|--------|--------||||--------|--------|--------|--------|--------|--------|--------|--------|--------|--------|--------|--------|  set
cpu-bind=MASK - cn1304, task 332 44 [2801017]: mask |--------|--------|--------|--------|--------|--------|--------|--------|BB------|--------|--------|--------||||--------|--------|--------|--------|--------|--------|--------|--------|--------|--------|--------|--------|  set
cpu-bind=MASK - cn1302, task 165 69 [2516432]: mask |--------|--------|--------|--------|--------|--------|--------|--------|--------|--------|--------|--------||||--------|--------|--------|--------|--------|--------|--------|--------|--------|--------|--BB----|--------|  set
cpu-bind=MASK - cn1301, task 31 31 [2720723]: mask |--------|--------|--------|--------|--------|--------|--------|------BB|--------|--------|--------|--------||||--------|--------|--------|--------|--------|--------|--------|--------|--------|--------|--------|--------|  set
cpu-bind=MASK - cn1301, task 32 32 [2720724]: mask |--------|--------|BB------|--------|--------|--------|--------|--------|--------|--------|--------|--------||||--------|--------|--------|--------|--------|--------|--------|--------|--------|--------|--------|--------|  set
cpu-bind=MASK - cn1302, task 166 70 [2516433]: mask |--------|--------|--------|--------|--------|--------|--------|--------|--------|--------|--------|--------||||--------|--------|--------|--------|--------|--------|--------|--------|--------|--------|----BB--|--------|  set
cpu-bind=MASK - cn1303, task 231 39 [2739933]: mask |--------|--------|--------|--------|--------|--------|--------|--------|--------|--------|--------|------BB||||--------|--------|--------|--------|--------|--------|--------|--------|--------|--------|--------|--------|  set
cpu-bind=MASK - cn1304, task 333 45 [2801018]: mask |--------|--------|--------|--------|--------|--------|--------|--------|--BB----|--------|--------|--------||||--------|--------|--------|--------|--------|--------|--------|--------|--------|--------|--------|--------|  set
cpu-bind=MASK - cn1301, task 33 33 [2720725]: mask |--------|--------|--BB----|--------|--------|--------|--------|--------|--------|--------|--------|--------||||--------|--------|--------|--------|--------|--------|--------|--------|--------|--------|--------|--------|  set
cpu-bind=MASK - cn1302, task 167 71 [2516434]: mask |--------|--------|--------|--------|--------|--------|--------|--------|--------|--------|--------|--------||||--------|--------|--------|--------|--------|--------|--------|--------|--------|--------|------BB|--------|  set
cpu-bind=MASK - cn1302, task 168 72 [2516435]: mask |--------|--------|--------|--------|--------|--------|--------|--------|--------|--------|--------|--------||||--------|--------|--------|--------|BB------|--------|--------|--------|--------|--------|--------|--------|  set
cpu-bind=MASK - cn1303, task 232 40 [2739934]: mask |--------|--------|--------|--------|--------|BB------|--------|--------|--------|--------|--------|--------||||--------|--------|--------|--------|--------|--------|--------|--------|--------|--------|--------|--------|  set
cpu-bind=MASK - cn1301, task 34 34 [2720726]: mask |--------|--------|----BB--|--------|--------|--------|--------|--------|--------|--------|--------|--------||||--------|--------|--------|--------|--------|--------|--------|--------|--------|--------|--------|--------|  set
cpu-bind=MASK - cn1304, task 334 46 [2801019]: mask |--------|--------|--------|--------|--------|--------|--------|--------|----BB--|--------|--------|--------||||--------|--------|--------|--------|--------|--------|--------|--------|--------|--------|--------|--------|  set
cpu-bind=MASK - cn1302, task 169 73 [2516436]: mask |--------|--------|--------|--------|--------|--------|--------|--------|--------|--------|--------|--------||||--------|--------|--------|--------|--BB----|--------|--------|--------|--------|--------|--------|--------|  set
cpu-bind=MASK - cn1303, task 233 41 [2739935]: mask |--------|--------|--------|--------|--------|--BB----|--------|--------|--------|--------|--------|--------||||--------|--------|--------|--------|--------|--------|--------|--------|--------|--------|--------|--------|  set
cpu-bind=MASK - cn1302, task 170 74 [2516437]: mask |--------|--------|--------|--------|--------|--------|--------|--------|--------|--------|--------|--------||||--------|--------|--------|--------|----BB--|--------|--------|--------|--------|--------|--------|--------|  set
cpu-bind=MASK - cn1301, task 35 35 [2720727]: mask |--------|--------|------BB|--------|--------|--------|--------|--------|--------|--------|--------|--------||||--------|--------|--------|--------|--------|--------|--------|--------|--------|--------|--------|--------|  set
cpu-bind=MASK - cn1302, task 171 75 [2516438]: mask |--------|--------|--------|--------|--------|--------|--------|--------|--------|--------|--------|--------||||--------|--------|--------|--------|------BB|--------|--------|--------|--------|--------|--------|--------|  set
cpu-bind=MASK - cn1304, task 335 47 [2801020]: mask |--------|--------|--------|--------|--------|--------|--------|--------|------BB|--------|--------|--------||||--------|--------|--------|--------|--------|--------|--------|--------|--------|--------|--------|--------|  set
cpu-bind=MASK - cn1301, task 36 36 [2720728]: mask |--------|--------|--------|--------|--------|--------|--------|--------|--------|--------|--------|BB------||||--------|--------|--------|--------|--------|--------|--------|--------|--------|--------|--------|--------|  set
cpu-bind=MASK - cn1302, task 172 76 [2516439]: mask |--------|--------|--------|--------|--------|--------|--------|--------|--------|--------|--------|--------||||--------|--------|--------|--------|--------|--------|--------|BB------|--------|--------|--------|--------|  set
cpu-bind=MASK - cn1303, task 234 42 [2739936]: mask |--------|--------|--------|--------|--------|----BB--|--------|--------|--------|--------|--------|--------||||--------|--------|--------|--------|--------|--------|--------|--------|--------|--------|--------|--------|  set
cpu-bind=MASK - cn1301, task 37 37 [2720729]: mask |--------|--------|--------|--------|--------|--------|--------|--------|--------|--------|--------|--BB----||||--------|--------|--------|--------|--------|--------|--------|--------|--------|--------|--------|--------|  set
cpu-bind=MASK - cn1302, task 173 77 [2516440]: mask |--------|--------|--------|--------|--------|--------|--------|--------|--------|--------|--------|--------||||--------|--------|--------|--------|--------|--------|--------|--BB----|--------|--------|--------|--------|  set
cpu-bind=MASK - cn1304, task 336 48 [2801021]: mask |--------|--------|--------|--------|--------|--------|--------|--------|--------|--------|--------|--------||||BB------|--------|--------|--------|--------|--------|--------|--------|--------|--------|--------|--------|  set
cpu-bind=MASK - cn1301, task 38 38 [2720730]: mask |--------|--------|--------|--------|--------|--------|--------|--------|--------|--------|--------|----BB--||||--------|--------|--------|--------|--------|--------|--------|--------|--------|--------|--------|--------|  set
cpu-bind=MASK - cn1303, task 235 43 [2739937]: mask |--------|--------|--------|--------|--------|------BB|--------|--------|--------|--------|--------|--------||||--------|--------|--------|--------|--------|--------|--------|--------|--------|--------|--------|--------|  set
cpu-bind=MASK - cn1302, task 174 78 [2516441]: mask |--------|--------|--------|--------|--------|--------|--------|--------|--------|--------|--------|--------||||--------|--------|--------|--------|--------|--------|--------|----BB--|--------|--------|--------|--------|  set
cpu-bind=MASK - cn1303, task 236 44 [2739938]: mask |--------|--------|--------|--------|--------|--------|--------|--------|BB------|--------|--------|--------||||--------|--------|--------|--------|--------|--------|--------|--------|--------|--------|--------|--------|  set
cpu-bind=MASK - cn1301, task 39 39 [2720731]: mask |--------|--------|--------|--------|--------|--------|--------|--------|--------|--------|--------|------BB||||--------|--------|--------|--------|--------|--------|--------|--------|--------|--------|--------|--------|  set
cpu-bind=MASK - cn1302, task 175 79 [2516442]: mask |--------|--------|--------|--------|--------|--------|--------|--------|--------|--------|--------|--------||||--------|--------|--------|--------|--------|--------|--------|------BB|--------|--------|--------|--------|  set
cpu-bind=MASK - cn1304, task 337 49 [2801022]: mask |--------|--------|--------|--------|--------|--------|--------|--------|--------|--------|--------|--------||||--BB----|--------|--------|--------|--------|--------|--------|--------|--------|--------|--------|--------|  set
cpu-bind=MASK - cn1302, task 176 80 [2516443]: mask |--------|--------|--------|--------|--------|--------|--------|--------|--------|--------|--------|--------||||--------|--------|BB------|--------|--------|--------|--------|--------|--------|--------|--------|--------|  set
cpu-bind=MASK - cn1301, task 40 40 [2720732]: mask |--------|--------|--------|--------|--------|BB------|--------|--------|--------|--------|--------|--------||||--------|--------|--------|--------|--------|--------|--------|--------|--------|--------|--------|--------|  set
cpu-bind=MASK - cn1303, task 237 45 [2739939]: mask |--------|--------|--------|--------|--------|--------|--------|--------|--BB----|--------|--------|--------||||--------|--------|--------|--------|--------|--------|--------|--------|--------|--------|--------|--------|  set
cpu-bind=MASK - cn1302, task 177 81 [2516444]: mask |--------|--------|--------|--------|--------|--------|--------|--------|--------|--------|--------|--------||||--------|--------|--BB----|--------|--------|--------|--------|--------|--------|--------|--------|--------|  set
cpu-bind=MASK - cn1301, task 41 41 [2720733]: mask |--------|--------|--------|--------|--------|--BB----|--------|--------|--------|--------|--------|--------||||--------|--------|--------|--------|--------|--------|--------|--------|--------|--------|--------|--------|  set
cpu-bind=MASK - cn1304, task 338 50 [2801023]: mask |--------|--------|--------|--------|--------|--------|--------|--------|--------|--------|--------|--------||||----BB--|--------|--------|--------|--------|--------|--------|--------|--------|--------|--------|--------|  set
cpu-bind=MASK - cn1302, task 178 82 [2516445]: mask |--------|--------|--------|--------|--------|--------|--------|--------|--------|--------|--------|--------||||--------|--------|----BB--|--------|--------|--------|--------|--------|--------|--------|--------|--------|  set
cpu-bind=MASK - cn1301, task 42 42 [2720734]: mask |--------|--------|--------|--------|--------|----BB--|--------|--------|--------|--------|--------|--------||||--------|--------|--------|--------|--------|--------|--------|--------|--------|--------|--------|--------|  set
cpu-bind=MASK - cn1302, task 179 83 [2516446]: mask |--------|--------|--------|--------|--------|--------|--------|--------|--------|--------|--------|--------||||--------|--------|------BB|--------|--------|--------|--------|--------|--------|--------|--------|--------|  set
cpu-bind=MASK - cn1302, task 180 84 [2516447]: mask |--------|--------|--------|--------|--------|--------|--------|--------|--------|--------|--------|--------||||--------|--------|--------|--------|--------|--------|--------|--------|--------|--------|--------|BB------|  set
cpu-bind=MASK - cn1304, task 339 51 [2801024]: mask |--------|--------|--------|--------|--------|--------|--------|--------|--------|--------|--------|--------||||------BB|--------|--------|--------|--------|--------|--------|--------|--------|--------|--------|--------|  set
cpu-bind=MASK - cn1303, task 238 46 [2739940]: mask |--------|--------|--------|--------|--------|--------|--------|--------|----BB--|--------|--------|--------||||--------|--------|--------|--------|--------|--------|--------|--------|--------|--------|--------|--------|  set
cpu-bind=MASK - cn1301, task 43 43 [2720735]: mask |--------|--------|--------|--------|--------|------BB|--------|--------|--------|--------|--------|--------||||--------|--------|--------|--------|--------|--------|--------|--------|--------|--------|--------|--------|  set
cpu-bind=MASK - cn1302, task 181 85 [2516448]: mask |--------|--------|--------|--------|--------|--------|--------|--------|--------|--------|--------|--------||||--------|--------|--------|--------|--------|--------|--------|--------|--------|--------|--------|--BB----|  set
cpu-bind=MASK - cn1304, task 340 52 [2801025]: mask |--------|--------|--------|--------|--------|--------|--------|--------|--------|--------|--------|--------||||--------|--------|--------|--------|--------|--------|--------|--------|--------|BB------|--------|--------|  set
cpu-bind=MASK - cn1302, task 182 86 [2516449]: mask |--------|--------|--------|--------|--------|--------|--------|--------|--------|--------|--------|--------||||--------|--------|--------|--------|--------|--------|--------|--------|--------|--------|--------|----BB--|  set
cpu-bind=MASK - cn1301, task 44 44 [2720736]: mask |--------|--------|--------|--------|--------|--------|--------|--------|BB------|--------|--------|--------||||--------|--------|--------|--------|--------|--------|--------|--------|--------|--------|--------|--------|  set
cpu-bind=MASK - cn1303, task 239 47 [2739941]: mask |--------|--------|--------|--------|--------|--------|--------|--------|------BB|--------|--------|--------||||--------|--------|--------|--------|--------|--------|--------|--------|--------|--------|--------|--------|  set
cpu-bind=MASK - cn1301, task 45 45 [2720737]: mask |--------|--------|--------|--------|--------|--------|--------|--------|--BB----|--------|--------|--------||||--------|--------|--------|--------|--------|--------|--------|--------|--------|--------|--------|--------|  set
cpu-bind=MASK - cn1302, task 183 87 [2516450]: mask |--------|--------|--------|--------|--------|--------|--------|--------|--------|--------|--------|--------||||--------|--------|--------|--------|--------|--------|--------|--------|--------|--------|--------|------BB|  set
cpu-bind=MASK - cn1301, task 46 46 [2720738]: mask |--------|--------|--------|--------|--------|--------|--------|--------|----BB--|--------|--------|--------||||--------|--------|--------|--------|--------|--------|--------|--------|--------|--------|--------|--------|  set
cpu-bind=MASK - cn1302, task 184 88 [2516451]: mask |--------|--------|--------|--------|--------|--------|--------|--------|--------|--------|--------|--------||||--------|--------|--------|--------|--------|BB------|--------|--------|--------|--------|--------|--------|  set
cpu-bind=MASK - cn1304, task 341 53 [2801026]: mask |--------|--------|--------|--------|--------|--------|--------|--------|--------|--------|--------|--------||||--------|--------|--------|--------|--------|--------|--------|--------|--------|--BB----|--------|--------|  set
cpu-bind=MASK - cn1303, task 240 48 [2739942]: mask |--------|--------|--------|--------|--------|--------|--------|--------|--------|--------|--------|--------||||BB------|--------|--------|--------|--------|--------|--------|--------|--------|--------|--------|--------|  set
cpu-bind=MASK - cn1301, task 47 47 [2720739]: mask |--------|--------|--------|--------|--------|--------|--------|--------|------BB|--------|--------|--------||||--------|--------|--------|--------|--------|--------|--------|--------|--------|--------|--------|--------|  set
cpu-bind=MASK - cn1302, task 185 89 [2516452]: mask |--------|--------|--------|--------|--------|--------|--------|--------|--------|--------|--------|--------||||--------|--------|--------|--------|--------|--BB----|--------|--------|--------|--------|--------|--------|  set
cpu-bind=MASK - cn1304, task 342 54 [2801027]: mask |--------|--------|--------|--------|--------|--------|--------|--------|--------|--------|--------|--------||||--------|--------|--------|--------|--------|--------|--------|--------|--------|----BB--|--------|--------|  set
cpu-bind=MASK - cn1302, task 186 90 [2516453]: mask |--------|--------|--------|--------|--------|--------|--------|--------|--------|--------|--------|--------||||--------|--------|--------|--------|--------|----BB--|--------|--------|--------|--------|--------|--------|  set
cpu-bind=MASK - cn1301, task 48 48 [2720740]: mask |--------|--------|--------|--------|--------|--------|--------|--------|--------|--------|--------|--------||||BB------|--------|--------|--------|--------|--------|--------|--------|--------|--------|--------|--------|  set
cpu-bind=MASK - cn1302, task 187 91 [2516454]: mask |--------|--------|--------|--------|--------|--------|--------|--------|--------|--------|--------|--------||||--------|--------|--------|--------|--------|------BB|--------|--------|--------|--------|--------|--------|  set
cpu-bind=MASK - cn1303, task 241 49 [2739943]: mask |--------|--------|--------|--------|--------|--------|--------|--------|--------|--------|--------|--------||||--BB----|--------|--------|--------|--------|--------|--------|--------|--------|--------|--------|--------|  set
cpu-bind=MASK - cn1304, task 343 55 [2801028]: mask |--------|--------|--------|--------|--------|--------|--------|--------|--------|--------|--------|--------||||--------|--------|--------|--------|--------|--------|--------|--------|--------|------BB|--------|--------|  set
cpu-bind=MASK - cn1301, task 49 49 [2720741]: mask |--------|--------|--------|--------|--------|--------|--------|--------|--------|--------|--------|--------||||--BB----|--------|--------|--------|--------|--------|--------|--------|--------|--------|--------|--------|  set
cpu-bind=MASK - cn1304, task 344 56 [2801029]: mask |--------|--------|--------|--------|--------|--------|--------|--------|--------|--------|--------|--------||||--------|--------|--------|BB------|--------|--------|--------|--------|--------|--------|--------|--------|  set
cpu-bind=MASK - cn1302, task 188 92 [2516455]: mask |--------|--------|--------|--------|--------|--------|--------|--------|--------|--------|--------|--------||||--------|--------|--------|--------|--------|--------|--------|--------|BB------|--------|--------|--------|  set
cpu-bind=MASK - cn1301, task 50 50 [2720742]: mask |--------|--------|--------|--------|--------|--------|--------|--------|--------|--------|--------|--------||||----BB--|--------|--------|--------|--------|--------|--------|--------|--------|--------|--------|--------|  set
cpu-bind=MASK - cn1303, task 242 50 [2739944]: mask |--------|--------|--------|--------|--------|--------|--------|--------|--------|--------|--------|--------||||----BB--|--------|--------|--------|--------|--------|--------|--------|--------|--------|--------|--------|  set
cpu-bind=MASK - cn1301, task 51 51 [2720743]: mask |--------|--------|--------|--------|--------|--------|--------|--------|--------|--------|--------|--------||||------BB|--------|--------|--------|--------|--------|--------|--------|--------|--------|--------|--------|  set
cpu-bind=MASK - cn1302, task 189 93 [2516456]: mask |--------|--------|--------|--------|--------|--------|--------|--------|--------|--------|--------|--------||||--------|--------|--------|--------|--------|--------|--------|--------|--BB----|--------|--------|--------|  set
cpu-bind=MASK - cn1302, task 190 94 [2516457]: mask |--------|--------|--------|--------|--------|--------|--------|--------|--------|--------|--------|--------||||--------|--------|--------|--------|--------|--------|--------|--------|----BB--|--------|--------|--------|  set
cpu-bind=MASK - cn1301, task 52 52 [2720744]: mask |--------|--------|--------|--------|--------|--------|--------|--------|--------|--------|--------|--------||||--------|--------|--------|--------|--------|--------|--------|--------|--------|BB------|--------|--------|  set
cpu-bind=MASK - cn1304, task 345 57 [2801030]: mask |--------|--------|--------|--------|--------|--------|--------|--------|--------|--------|--------|--------||||--------|--------|--------|--BB----|--------|--------|--------|--------|--------|--------|--------|--------|  set
cpu-bind=MASK - cn1303, task 243 51 [2739945]: mask |--------|--------|--------|--------|--------|--------|--------|--------|--------|--------|--------|--------||||------BB|--------|--------|--------|--------|--------|--------|--------|--------|--------|--------|--------|  set
cpu-bind=MASK - cn1301, task 53 53 [2720745]: mask |--------|--------|--------|--------|--------|--------|--------|--------|--------|--------|--------|--------||||--------|--------|--------|--------|--------|--------|--------|--------|--------|--BB----|--------|--------|  set
cpu-bind=MASK - cn1304, task 346 58 [2801031]: mask |--------|--------|--------|--------|--------|--------|--------|--------|--------|--------|--------|--------||||--------|--------|--------|----BB--|--------|--------|--------|--------|--------|--------|--------|--------|  set
cpu-bind=MASK - cn1301, task 54 54 [2720746]: mask |--------|--------|--------|--------|--------|--------|--------|--------|--------|--------|--------|--------||||--------|--------|--------|--------|--------|--------|--------|--------|--------|----BB--|--------|--------|  set
cpu-bind=MASK - cn1303, task 244 52 [2739946]: mask |--------|--------|--------|--------|--------|--------|--------|--------|--------|--------|--------|--------||||--------|--------|--------|--------|--------|--------|--------|--------|--------|BB------|--------|--------|  set
cpu-bind=MASK - cn1301, task 55 55 [2720747]: mask |--------|--------|--------|--------|--------|--------|--------|--------|--------|--------|--------|--------||||--------|--------|--------|--------|--------|--------|--------|--------|--------|------BB|--------|--------|  set
cpu-bind=MASK - cn1301, task 56 56 [2720748]: mask |--------|--------|--------|--------|--------|--------|--------|--------|--------|--------|--------|--------||||--------|--------|--------|BB------|--------|--------|--------|--------|--------|--------|--------|--------|  set
cpu-bind=MASK - cn1303, task 245 53 [2739947]: mask |--------|--------|--------|--------|--------|--------|--------|--------|--------|--------|--------|--------||||--------|--------|--------|--------|--------|--------|--------|--------|--------|--BB----|--------|--------|  set
cpu-bind=MASK - cn1304, task 347 59 [2801032]: mask |--------|--------|--------|--------|--------|--------|--------|--------|--------|--------|--------|--------||||--------|--------|--------|------BB|--------|--------|--------|--------|--------|--------|--------|--------|  set
cpu-bind=MASK - cn1301, task 57 57 [2720749]: mask |--------|--------|--------|--------|--------|--------|--------|--------|--------|--------|--------|--------||||--------|--------|--------|--BB----|--------|--------|--------|--------|--------|--------|--------|--------|  set
cpu-bind=MASK - cn1304, task 348 60 [2801033]: mask |--------|--------|--------|--------|--------|--------|--------|--------|--------|--------|--------|--------||||--------|--------|--------|--------|--------|--------|BB------|--------|--------|--------|--------|--------|  set
cpu-bind=MASK - cn1303, task 246 54 [2739948]: mask |--------|--------|--------|--------|--------|--------|--------|--------|--------|--------|--------|--------||||--------|--------|--------|--------|--------|--------|--------|--------|--------|----BB--|--------|--------|  set
cpu-bind=MASK - cn1301, task 58 58 [2720750]: mask |--------|--------|--------|--------|--------|--------|--------|--------|--------|--------|--------|--------||||--------|--------|--------|----BB--|--------|--------|--------|--------|--------|--------|--------|--------|  set
cpu-bind=MASK - cn1304, task 349 61 [2801034]: mask |--------|--------|--------|--------|--------|--------|--------|--------|--------|--------|--------|--------||||--------|--------|--------|--------|--------|--------|--BB----|--------|--------|--------|--------|--------|  set
cpu-bind=MASK - cn1303, task 247 55 [2739949]: mask |--------|--------|--------|--------|--------|--------|--------|--------|--------|--------|--------|--------||||--------|--------|--------|--------|--------|--------|--------|--------|--------|------BB|--------|--------|  set
cpu-bind=MASK - cn1301, task 59 59 [2720751]: mask |--------|--------|--------|--------|--------|--------|--------|--------|--------|--------|--------|--------||||--------|--------|--------|------BB|--------|--------|--------|--------|--------|--------|--------|--------|  set
cpu-bind=MASK - cn1304, task 350 62 [2801035]: mask |--------|--------|--------|--------|--------|--------|--------|--------|--------|--------|--------|--------||||--------|--------|--------|--------|--------|--------|----BB--|--------|--------|--------|--------|--------|  set
cpu-bind=MASK - cn1303, task 248 56 [2739950]: mask |--------|--------|--------|--------|--------|--------|--------|--------|--------|--------|--------|--------||||--------|--------|--------|BB------|--------|--------|--------|--------|--------|--------|--------|--------|  set
cpu-bind=MASK - cn1301, task 60 60 [2720752]: mask |--------|--------|--------|--------|--------|--------|--------|--------|--------|--------|--------|--------||||--------|--------|--------|--------|--------|--------|BB------|--------|--------|--------|--------|--------|  set
cpu-bind=MASK - cn1304, task 351 63 [2801036]: mask |--------|--------|--------|--------|--------|--------|--------|--------|--------|--------|--------|--------||||--------|--------|--------|--------|--------|--------|------BB|--------|--------|--------|--------|--------|  set
cpu-bind=MASK - cn1301, task 61 61 [2720753]: mask |--------|--------|--------|--------|--------|--------|--------|--------|--------|--------|--------|--------||||--------|--------|--------|--------|--------|--------|--BB----|--------|--------|--------|--------|--------|  set
cpu-bind=MASK - cn1303, task 249 57 [2739951]: mask |--------|--------|--------|--------|--------|--------|--------|--------|--------|--------|--------|--------||||--------|--------|--------|--BB----|--------|--------|--------|--------|--------|--------|--------|--------|  set
cpu-bind=MASK - cn1304, task 352 64 [2801037]: mask |--------|--------|--------|--------|--------|--------|--------|--------|--------|--------|--------|--------||||--------|BB------|--------|--------|--------|--------|--------|--------|--------|--------|--------|--------|  set
cpu-bind=MASK - cn1301, task 62 62 [2720754]: mask |--------|--------|--------|--------|--------|--------|--------|--------|--------|--------|--------|--------||||--------|--------|--------|--------|--------|--------|----BB--|--------|--------|--------|--------|--------|  set
cpu-bind=MASK - cn1301, task 63 63 [2720755]: mask |--------|--------|--------|--------|--------|--------|--------|--------|--------|--------|--------|--------||||--------|--------|--------|--------|--------|--------|------BB|--------|--------|--------|--------|--------|  set
cpu-bind=MASK - cn1303, task 250 58 [2739952]: mask |--------|--------|--------|--------|--------|--------|--------|--------|--------|--------|--------|--------||||--------|--------|--------|----BB--|--------|--------|--------|--------|--------|--------|--------|--------|  set
cpu-bind=MASK - cn1304, task 353 65 [2801038]: mask |--------|--------|--------|--------|--------|--------|--------|--------|--------|--------|--------|--------||||--------|--BB----|--------|--------|--------|--------|--------|--------|--------|--------|--------|--------|  set
cpu-bind=MASK - cn1301, task 64 64 [2720756]: mask |--------|--------|--------|--------|--------|--------|--------|--------|--------|--------|--------|--------||||--------|BB------|--------|--------|--------|--------|--------|--------|--------|--------|--------|--------|  set
cpu-bind=MASK - cn1304, task 354 66 [2801039]: mask |--------|--------|--------|--------|--------|--------|--------|--------|--------|--------|--------|--------||||--------|----BB--|--------|--------|--------|--------|--------|--------|--------|--------|--------|--------|  set
cpu-bind=MASK - cn1301, task 65 65 [2720757]: mask |--------|--------|--------|--------|--------|--------|--------|--------|--------|--------|--------|--------||||--------|--BB----|--------|--------|--------|--------|--------|--------|--------|--------|--------|--------|  set
cpu-bind=MASK - cn1303, task 251 59 [2739953]: mask |--------|--------|--------|--------|--------|--------|--------|--------|--------|--------|--------|--------||||--------|--------|--------|------BB|--------|--------|--------|--------|--------|--------|--------|--------|  set
cpu-bind=MASK - cn1304, task 355 67 [2801040]: mask |--------|--------|--------|--------|--------|--------|--------|--------|--------|--------|--------|--------||||--------|------BB|--------|--------|--------|--------|--------|--------|--------|--------|--------|--------|  set
cpu-bind=MASK - cn1301, task 66 66 [2720758]: mask |--------|--------|--------|--------|--------|--------|--------|--------|--------|--------|--------|--------||||--------|----BB--|--------|--------|--------|--------|--------|--------|--------|--------|--------|--------|  set
cpu-bind=MASK - cn1303, task 252 60 [2739954]: mask |--------|--------|--------|--------|--------|--------|--------|--------|--------|--------|--------|--------||||--------|--------|--------|--------|--------|--------|BB------|--------|--------|--------|--------|--------|  set
cpu-bind=MASK - cn1301, task 67 67 [2720759]: mask |--------|--------|--------|--------|--------|--------|--------|--------|--------|--------|--------|--------||||--------|------BB|--------|--------|--------|--------|--------|--------|--------|--------|--------|--------|  set
cpu-bind=MASK - cn1304, task 356 68 [2801041]: mask |--------|--------|--------|--------|--------|--------|--------|--------|--------|--------|--------|--------||||--------|--------|--------|--------|--------|--------|--------|--------|--------|--------|BB------|--------|  set
cpu-bind=MASK - cn1301, task 68 68 [2720760]: mask |--------|--------|--------|--------|--------|--------|--------|--------|--------|--------|--------|--------||||--------|--------|--------|--------|--------|--------|--------|--------|--------|--------|BB------|--------|  set
cpu-bind=MASK - cn1303, task 253 61 [2739955]: mask |--------|--------|--------|--------|--------|--------|--------|--------|--------|--------|--------|--------||||--------|--------|--------|--------|--------|--------|--BB----|--------|--------|--------|--------|--------|  set
cpu-bind=MASK - cn1301, task 69 69 [2720761]: mask |--------|--------|--------|--------|--------|--------|--------|--------|--------|--------|--------|--------||||--------|--------|--------|--------|--------|--------|--------|--------|--------|--------|--BB----|--------|  set
cpu-bind=MASK - cn1303, task 254 62 [2739956]: mask |--------|--------|--------|--------|--------|--------|--------|--------|--------|--------|--------|--------||||--------|--------|--------|--------|--------|--------|----BB--|--------|--------|--------|--------|--------|  set
cpu-bind=MASK - cn1301, task 70 70 [2720762]: mask |--------|--------|--------|--------|--------|--------|--------|--------|--------|--------|--------|--------||||--------|--------|--------|--------|--------|--------|--------|--------|--------|--------|----BB--|--------|  set
cpu-bind=MASK - cn1304, task 357 69 [2801042]: mask |--------|--------|--------|--------|--------|--------|--------|--------|--------|--------|--------|--------||||--------|--------|--------|--------|--------|--------|--------|--------|--------|--------|--BB----|--------|  set
cpu-bind=MASK - cn1303, task 255 63 [2739957]: mask |--------|--------|--------|--------|--------|--------|--------|--------|--------|--------|--------|--------||||--------|--------|--------|--------|--------|--------|------BB|--------|--------|--------|--------|--------|  set
cpu-bind=MASK - cn1301, task 71 71 [2720763]: mask |--------|--------|--------|--------|--------|--------|--------|--------|--------|--------|--------|--------||||--------|--------|--------|--------|--------|--------|--------|--------|--------|--------|------BB|--------|  set
cpu-bind=MASK - cn1304, task 358 70 [2801043]: mask |--------|--------|--------|--------|--------|--------|--------|--------|--------|--------|--------|--------||||--------|--------|--------|--------|--------|--------|--------|--------|--------|--------|----BB--|--------|  set
cpu-bind=MASK - cn1301, task 72 72 [2720764]: mask |--------|--------|--------|--------|--------|--------|--------|--------|--------|--------|--------|--------||||--------|--------|--------|--------|BB------|--------|--------|--------|--------|--------|--------|--------|  set
cpu-bind=MASK - cn1304, task 359 71 [2801044]: mask |--------|--------|--------|--------|--------|--------|--------|--------|--------|--------|--------|--------||||--------|--------|--------|--------|--------|--------|--------|--------|--------|--------|------BB|--------|  set
cpu-bind=MASK - cn1303, task 256 64 [2739958]: mask |--------|--------|--------|--------|--------|--------|--------|--------|--------|--------|--------|--------||||--------|BB------|--------|--------|--------|--------|--------|--------|--------|--------|--------|--------|  set
cpu-bind=MASK - cn1301, task 73 73 [2720765]: mask |--------|--------|--------|--------|--------|--------|--------|--------|--------|--------|--------|--------||||--------|--------|--------|--------|--BB----|--------|--------|--------|--------|--------|--------|--------|  set
cpu-bind=MASK - cn1302, task 191 95 [2516458]: mask |--------|--------|--------|--------|--------|--------|--------|--------|--------|--------|--------|--------||||--------|--------|--------|--------|--------|--------|--------|--------|------BB|--------|--------|--------|  set
cpu-bind=MASK - cn1301, task 74 74 [2720766]: mask |--------|--------|--------|--------|--------|--------|--------|--------|--------|--------|--------|--------||||--------|--------|--------|--------|----BB--|--------|--------|--------|--------|--------|--------|--------|  set
cpu-bind=MASK - cn1303, task 257 65 [2739959]: mask |--------|--------|--------|--------|--------|--------|--------|--------|--------|--------|--------|--------||||--------|--BB----|--------|--------|--------|--------|--------|--------|--------|--------|--------|--------|  set
cpu-bind=MASK - cn1304, task 360 72 [2801045]: mask |--------|--------|--------|--------|--------|--------|--------|--------|--------|--------|--------|--------||||--------|--------|--------|--------|BB------|--------|--------|--------|--------|--------|--------|--------|  set
cpu-bind=MASK - cn1301, task 75 75 [2720767]: mask |--------|--------|--------|--------|--------|--------|--------|--------|--------|--------|--------|--------||||--------|--------|--------|--------|------BB|--------|--------|--------|--------|--------|--------|--------|  set
cpu-bind=MASK - cn1301, task 76 76 [2720768]: mask |--------|--------|--------|--------|--------|--------|--------|--------|--------|--------|--------|--------||||--------|--------|--------|--------|--------|--------|--------|BB------|--------|--------|--------|--------|  set
cpu-bind=MASK - cn1304, task 361 73 [2801046]: mask |--------|--------|--------|--------|--------|--------|--------|--------|--------|--------|--------|--------||||--------|--------|--------|--------|--BB----|--------|--------|--------|--------|--------|--------|--------|  set
cpu-bind=MASK - cn1303, task 258 66 [2739960]: mask |--------|--------|--------|--------|--------|--------|--------|--------|--------|--------|--------|--------||||--------|----BB--|--------|--------|--------|--------|--------|--------|--------|--------|--------|--------|  set
cpu-bind=MASK - cn1304, task 362 74 [2801047]: mask |--------|--------|--------|--------|--------|--------|--------|--------|--------|--------|--------|--------||||--------|--------|--------|--------|----BB--|--------|--------|--------|--------|--------|--------|--------|  set
cpu-bind=MASK - cn1301, task 77 77 [2720769]: mask |--------|--------|--------|--------|--------|--------|--------|--------|--------|--------|--------|--------||||--------|--------|--------|--------|--------|--------|--------|--BB----|--------|--------|--------|--------|  set
cpu-bind=MASK - cn1303, task 259 67 [2739961]: mask |--------|--------|--------|--------|--------|--------|--------|--------|--------|--------|--------|--------||||--------|------BB|--------|--------|--------|--------|--------|--------|--------|--------|--------|--------|  set
cpu-bind=MASK - cn1301, task 78 78 [2720770]: mask |--------|--------|--------|--------|--------|--------|--------|--------|--------|--------|--------|--------||||--------|--------|--------|--------|--------|--------|--------|----BB--|--------|--------|--------|--------|  set
cpu-bind=MASK - cn1304, task 363 75 [2801048]: mask |--------|--------|--------|--------|--------|--------|--------|--------|--------|--------|--------|--------||||--------|--------|--------|--------|------BB|--------|--------|--------|--------|--------|--------|--------|  set
cpu-bind=MASK - cn1301, task 79 79 [2720771]: mask |--------|--------|--------|--------|--------|--------|--------|--------|--------|--------|--------|--------||||--------|--------|--------|--------|--------|--------|--------|------BB|--------|--------|--------|--------|  set
cpu-bind=MASK - cn1303, task 260 68 [2739962]: mask |--------|--------|--------|--------|--------|--------|--------|--------|--------|--------|--------|--------||||--------|--------|--------|--------|--------|--------|--------|--------|--------|--------|BB------|--------|  set
cpu-bind=MASK - cn1304, task 364 76 [2801049]: mask |--------|--------|--------|--------|--------|--------|--------|--------|--------|--------|--------|--------||||--------|--------|--------|--------|--------|--------|--------|BB------|--------|--------|--------|--------|  set
cpu-bind=MASK - cn1301, task 80 80 [2720772]: mask |--------|--------|--------|--------|--------|--------|--------|--------|--------|--------|--------|--------||||--------|--------|BB------|--------|--------|--------|--------|--------|--------|--------|--------|--------|  set
cpu-bind=MASK - cn1303, task 261 69 [2739963]: mask |--------|--------|--------|--------|--------|--------|--------|--------|--------|--------|--------|--------||||--------|--------|--------|--------|--------|--------|--------|--------|--------|--------|--BB----|--------|  set
cpu-bind=MASK - cn1301, task 81 81 [2720773]: mask |--------|--------|--------|--------|--------|--------|--------|--------|--------|--------|--------|--------||||--------|--------|--BB----|--------|--------|--------|--------|--------|--------|--------|--------|--------|  set
cpu-bind=MASK - cn1304, task 365 77 [2801050]: mask |--------|--------|--------|--------|--------|--------|--------|--------|--------|--------|--------|--------||||--------|--------|--------|--------|--------|--------|--------|--BB----|--------|--------|--------|--------|  set
cpu-bind=MASK - cn1303, task 262 70 [2739964]: mask |--------|--------|--------|--------|--------|--------|--------|--------|--------|--------|--------|--------||||--------|--------|--------|--------|--------|--------|--------|--------|--------|--------|----BB--|--------|  set
cpu-bind=MASK - cn1304, task 366 78 [2801051]: mask |--------|--------|--------|--------|--------|--------|--------|--------|--------|--------|--------|--------||||--------|--------|--------|--------|--------|--------|--------|----BB--|--------|--------|--------|--------|  set
cpu-bind=MASK - cn1301, task 82 82 [2720774]: mask |--------|--------|--------|--------|--------|--------|--------|--------|--------|--------|--------|--------||||--------|--------|----BB--|--------|--------|--------|--------|--------|--------|--------|--------|--------|  set
cpu-bind=MASK - cn1303, task 263 71 [2739965]: mask |--------|--------|--------|--------|--------|--------|--------|--------|--------|--------|--------|--------||||--------|--------|--------|--------|--------|--------|--------|--------|--------|--------|------BB|--------|  set
cpu-bind=MASK - cn1301, task 83 83 [2720775]: mask |--------|--------|--------|--------|--------|--------|--------|--------|--------|--------|--------|--------||||--------|--------|------BB|--------|--------|--------|--------|--------|--------|--------|--------|--------|  set
cpu-bind=MASK - cn1304, task 367 79 [2801052]: mask |--------|--------|--------|--------|--------|--------|--------|--------|--------|--------|--------|--------||||--------|--------|--------|--------|--------|--------|--------|------BB|--------|--------|--------|--------|  set
cpu-bind=MASK - cn1301, task 84 84 [2720776]: mask |--------|--------|--------|--------|--------|--------|--------|--------|--------|--------|--------|--------||||--------|--------|--------|--------|--------|--------|--------|--------|--------|--------|--------|BB------|  set
cpu-bind=MASK - cn1303, task 264 72 [2739966]: mask |--------|--------|--------|--------|--------|--------|--------|--------|--------|--------|--------|--------||||--------|--------|--------|--------|BB------|--------|--------|--------|--------|--------|--------|--------|  set
cpu-bind=MASK - cn1301, task 85 85 [2720777]: mask |--------|--------|--------|--------|--------|--------|--------|--------|--------|--------|--------|--------||||--------|--------|--------|--------|--------|--------|--------|--------|--------|--------|--------|--BB----|  set
cpu-bind=MASK - cn1304, task 368 80 [2801053]: mask |--------|--------|--------|--------|--------|--------|--------|--------|--------|--------|--------|--------||||--------|--------|BB------|--------|--------|--------|--------|--------|--------|--------|--------|--------|  set
cpu-bind=MASK - cn1301, task 86 86 [2720778]: mask |--------|--------|--------|--------|--------|--------|--------|--------|--------|--------|--------|--------||||--------|--------|--------|--------|--------|--------|--------|--------|--------|--------|--------|----BB--|  set
cpu-bind=MASK - cn1303, task 265 73 [2739967]: mask |--------|--------|--------|--------|--------|--------|--------|--------|--------|--------|--------|--------||||--------|--------|--------|--------|--BB----|--------|--------|--------|--------|--------|--------|--------|  set
cpu-bind=MASK - cn1301, task 87 87 [2720779]: mask |--------|--------|--------|--------|--------|--------|--------|--------|--------|--------|--------|--------||||--------|--------|--------|--------|--------|--------|--------|--------|--------|--------|--------|------BB|  set
cpu-bind=MASK - cn1304, task 369 81 [2801054]: mask |--------|--------|--------|--------|--------|--------|--------|--------|--------|--------|--------|--------||||--------|--------|--BB----|--------|--------|--------|--------|--------|--------|--------|--------|--------|  set
cpu-bind=MASK - cn1303, task 266 74 [2739968]: mask |--------|--------|--------|--------|--------|--------|--------|--------|--------|--------|--------|--------||||--------|--------|--------|--------|----BB--|--------|--------|--------|--------|--------|--------|--------|  set
cpu-bind=MASK - cn1301, task 88 88 [2720780]: mask |--------|--------|--------|--------|--------|--------|--------|--------|--------|--------|--------|--------||||--------|--------|--------|--------|--------|BB------|--------|--------|--------|--------|--------|--------|  set
cpu-bind=MASK - cn1301, task 89 89 [2720781]: mask |--------|--------|--------|--------|--------|--------|--------|--------|--------|--------|--------|--------||||--------|--------|--------|--------|--------|--BB----|--------|--------|--------|--------|--------|--------|  set
cpu-bind=MASK - cn1303, task 267 75 [2739969]: mask |--------|--------|--------|--------|--------|--------|--------|--------|--------|--------|--------|--------||||--------|--------|--------|--------|------BB|--------|--------|--------|--------|--------|--------|--------|  set
cpu-bind=MASK - cn1301, task 90 90 [2720782]: mask |--------|--------|--------|--------|--------|--------|--------|--------|--------|--------|--------|--------||||--------|--------|--------|--------|--------|----BB--|--------|--------|--------|--------|--------|--------|  set
cpu-bind=MASK - cn1304, task 370 82 [2801055]: mask |--------|--------|--------|--------|--------|--------|--------|--------|--------|--------|--------|--------||||--------|--------|----BB--|--------|--------|--------|--------|--------|--------|--------|--------|--------|  set
cpu-bind=MASK - cn1301, task 91 91 [2720783]: mask |--------|--------|--------|--------|--------|--------|--------|--------|--------|--------|--------|--------||||--------|--------|--------|--------|--------|------BB|--------|--------|--------|--------|--------|--------|  set
cpu-bind=MASK - cn1304, task 371 83 [2801056]: mask |--------|--------|--------|--------|--------|--------|--------|--------|--------|--------|--------|--------||||--------|--------|------BB|--------|--------|--------|--------|--------|--------|--------|--------|--------|  set
cpu-bind=MASK - cn1301, task 92 92 [2720784]: mask |--------|--------|--------|--------|--------|--------|--------|--------|--------|--------|--------|--------||||--------|--------|--------|--------|--------|--------|--------|--------|BB------|--------|--------|--------|  set
cpu-bind=MASK - cn1303, task 268 76 [2739970]: mask |--------|--------|--------|--------|--------|--------|--------|--------|--------|--------|--------|--------||||--------|--------|--------|--------|--------|--------|--------|BB------|--------|--------|--------|--------|  set
cpu-bind=MASK - cn1304, task 372 84 [2801057]: mask |--------|--------|--------|--------|--------|--------|--------|--------|--------|--------|--------|--------||||--------|--------|--------|--------|--------|--------|--------|--------|--------|--------|--------|BB------|  set
cpu-bind=MASK - cn1301, task 93 93 [2720785]: mask |--------|--------|--------|--------|--------|--------|--------|--------|--------|--------|--------|--------||||--------|--------|--------|--------|--------|--------|--------|--------|--BB----|--------|--------|--------|  set
cpu-bind=MASK - cn1303, task 269 77 [2739971]: mask |--------|--------|--------|--------|--------|--------|--------|--------|--------|--------|--------|--------||||--------|--------|--------|--------|--------|--------|--------|--BB----|--------|--------|--------|--------|  set
cpu-bind=MASK - cn1301, task 94 94 [2720786]: mask |--------|--------|--------|--------|--------|--------|--------|--------|--------|--------|--------|--------||||--------|--------|--------|--------|--------|--------|--------|--------|----BB--|--------|--------|--------|  set
cpu-bind=MASK - cn1304, task 373 85 [2801058]: mask |--------|--------|--------|--------|--------|--------|--------|--------|--------|--------|--------|--------||||--------|--------|--------|--------|--------|--------|--------|--------|--------|--------|--------|--BB----|  set
cpu-bind=MASK - cn1303, task 270 78 [2739972]: mask |--------|--------|--------|--------|--------|--------|--------|--------|--------|--------|--------|--------||||--------|--------|--------|--------|--------|--------|--------|----BB--|--------|--------|--------|--------|  set
cpu-bind=MASK - cn1304, task 374 86 [2801059]: mask |--------|--------|--------|--------|--------|--------|--------|--------|--------|--------|--------|--------||||--------|--------|--------|--------|--------|--------|--------|--------|--------|--------|--------|----BB--|  set
cpu-bind=MASK - cn1304, task 375 87 [2801060]: mask |--------|--------|--------|--------|--------|--------|--------|--------|--------|--------|--------|--------||||--------|--------|--------|--------|--------|--------|--------|--------|--------|--------|--------|------BB|  set
cpu-bind=MASK - cn1303, task 271 79 [2739973]: mask |--------|--------|--------|--------|--------|--------|--------|--------|--------|--------|--------|--------||||--------|--------|--------|--------|--------|--------|--------|------BB|--------|--------|--------|--------|  set
cpu-bind=MASK - cn1304, task 376 88 [2801061]: mask |--------|--------|--------|--------|--------|--------|--------|--------|--------|--------|--------|--------||||--------|--------|--------|--------|--------|BB------|--------|--------|--------|--------|--------|--------|  set
cpu-bind=MASK - cn1303, task 272 80 [2739974]: mask |--------|--------|--------|--------|--------|--------|--------|--------|--------|--------|--------|--------||||--------|--------|BB------|--------|--------|--------|--------|--------|--------|--------|--------|--------|  set
cpu-bind=MASK - cn1303, task 273 81 [2739975]: mask |--------|--------|--------|--------|--------|--------|--------|--------|--------|--------|--------|--------||||--------|--------|--BB----|--------|--------|--------|--------|--------|--------|--------|--------|--------|  set
cpu-bind=MASK - cn1304, task 377 89 [2801062]: mask |--------|--------|--------|--------|--------|--------|--------|--------|--------|--------|--------|--------||||--------|--------|--------|--------|--------|--BB----|--------|--------|--------|--------|--------|--------|  set
cpu-bind=MASK - cn1304, task 378 90 [2801063]: mask |--------|--------|--------|--------|--------|--------|--------|--------|--------|--------|--------|--------||||--------|--------|--------|--------|--------|----BB--|--------|--------|--------|--------|--------|--------|  set
cpu-bind=MASK - cn1303, task 274 82 [2739976]: mask |--------|--------|--------|--------|--------|--------|--------|--------|--------|--------|--------|--------||||--------|--------|----BB--|--------|--------|--------|--------|--------|--------|--------|--------|--------|  set
cpu-bind=MASK - cn1304, task 379 91 [2801064]: mask |--------|--------|--------|--------|--------|--------|--------|--------|--------|--------|--------|--------||||--------|--------|--------|--------|--------|------BB|--------|--------|--------|--------|--------|--------|  set
cpu-bind=MASK - cn1303, task 275 83 [2739977]: mask |--------|--------|--------|--------|--------|--------|--------|--------|--------|--------|--------|--------||||--------|--------|------BB|--------|--------|--------|--------|--------|--------|--------|--------|--------|  set
cpu-bind=MASK - cn1304, task 380 92 [2801065]: mask |--------|--------|--------|--------|--------|--------|--------|--------|--------|--------|--------|--------||||--------|--------|--------|--------|--------|--------|--------|--------|BB------|--------|--------|--------|  set
cpu-bind=MASK - cn1303, task 276 84 [2739978]: mask |--------|--------|--------|--------|--------|--------|--------|--------|--------|--------|--------|--------||||--------|--------|--------|--------|--------|--------|--------|--------|--------|--------|--------|BB------|  set
cpu-bind=MASK - cn1304, task 381 93 [2801066]: mask |--------|--------|--------|--------|--------|--------|--------|--------|--------|--------|--------|--------||||--------|--------|--------|--------|--------|--------|--------|--------|--BB----|--------|--------|--------|  set
cpu-bind=MASK - cn1304, task 382 94 [2801067]: mask |--------|--------|--------|--------|--------|--------|--------|--------|--------|--------|--------|--------||||--------|--------|--------|--------|--------|--------|--------|--------|----BB--|--------|--------|--------|  set
cpu-bind=MASK - cn1303, task 277 85 [2739979]: mask |--------|--------|--------|--------|--------|--------|--------|--------|--------|--------|--------|--------||||--------|--------|--------|--------|--------|--------|--------|--------|--------|--------|--------|--BB----|  set
cpu-bind=MASK - cn1303, task 278 86 [2739980]: mask |--------|--------|--------|--------|--------|--------|--------|--------|--------|--------|--------|--------||||--------|--------|--------|--------|--------|--------|--------|--------|--------|--------|--------|----BB--|  set
cpu-bind=MASK - cn1303, task 279 87 [2739981]: mask |--------|--------|--------|--------|--------|--------|--------|--------|--------|--------|--------|--------||||--------|--------|--------|--------|--------|--------|--------|--------|--------|--------|--------|------BB|  set
cpu-bind=MASK - cn1303, task 280 88 [2739982]: mask |--------|--------|--------|--------|--------|--------|--------|--------|--------|--------|--------|--------||||--------|--------|--------|--------|--------|BB------|--------|--------|--------|--------|--------|--------|  set
cpu-bind=MASK - cn1303, task 281 89 [2739983]: mask |--------|--------|--------|--------|--------|--------|--------|--------|--------|--------|--------|--------||||--------|--------|--------|--------|--------|--BB----|--------|--------|--------|--------|--------|--------|  set
cpu-bind=MASK - cn1303, task 282 90 [2739984]: mask |--------|--------|--------|--------|--------|--------|--------|--------|--------|--------|--------|--------||||--------|--------|--------|--------|--------|----BB--|--------|--------|--------|--------|--------|--------|  set
cpu-bind=MASK - cn1303, task 283 91 [2739985]: mask |--------|--------|--------|--------|--------|--------|--------|--------|--------|--------|--------|--------||||--------|--------|--------|--------|--------|------BB|--------|--------|--------|--------|--------|--------|  set
cpu-bind=MASK - cn1303, task 284 92 [2739986]: mask |--------|--------|--------|--------|--------|--------|--------|--------|--------|--------|--------|--------||||--------|--------|--------|--------|--------|--------|--------|--------|BB------|--------|--------|--------|  set
cpu-bind=MASK - cn1303, task 285 93 [2739987]: mask |--------|--------|--------|--------|--------|--------|--------|--------|--------|--------|--------|--------||||--------|--------|--------|--------|--------|--------|--------|--------|--BB----|--------|--------|--------|  set
cpu-bind=MASK - cn1303, task 286 94 [2739988]: mask |--------|--------|--------|--------|--------|--------|--------|--------|--------|--------|--------|--------||||--------|--------|--------|--------|--------|--------|--------|--------|----BB--|--------|--------|--------|  set
cpu-bind=MASK - cn1301, task 95 95 [2720787]: mask |--------|--------|--------|--------|--------|--------|--------|--------|--------|--------|--------|--------||||--------|--------|--------|--------|--------|--------|--------|--------|------BB|--------|--------|--------|  set
cpu-bind=MASK - cn1304, task 383 95 [2801068]: mask |--------|--------|--------|--------|--------|--------|--------|--------|--------|--------|--------|--------||||--------|--------|--------|--------|--------|--------|--------|--------|------BB|--------|--------|--------|  set
cpu-bind=MASK - cn1303, task 287 95 [2739989]: mask |--------|--------|--------|--------|--------|--------|--------|--------|--------|--------|--------|--------||||--------|--------|--------|--------|--------|--------|--------|--------|------BB|--------|--------|--------|  set
