cpu-bind=MASK - cn1301, task  0  0 [2708739]: mask |BBBBBBBB|BBBBBBBB|BBBBBBBB|BBBBBBBB|BBBBBBBB|BBBBBBBB|BBBBBBBB|BBBBBBBB|BBBBBBBB|BBBBBBBB|BBBBBBBB|BBBBBBBB||||BBBBBBBB|BBBBBBBB|BBBBBBBB|BBBBBBBB|BBBBBBBB|BBBBBBBB|BBBBBBBB|BBBBBBBB|BBBBBBBB|BBBBBBBB|BBBBBBBB|BBBBBBBB|  set
Running "module reset". Resetting modules to system default. The following $MODULEPATH directories have been removed: None
cpu-bind=MASK - cn1301, task  0  0 [2709149]: mask |BB------|--------|--------|--------|--------|--------|--------|--------|--------|--------|--------|--------||||--------|--------|--------|--------|--------|--------|--------|--------|--------|--------|--------|--------|  set
cpu-bind=MASK - cn1301, task  1  1 [2709150]: mask |--BB----|--------|--------|--------|--------|--------|--------|--------|--------|--------|--------|--------||||--------|--------|--------|--------|--------|--------|--------|--------|--------|--------|--------|--------|  set
cpu-bind=MASK - cn1301, task  2  2 [2709151]: mask |----BB--|--------|--------|--------|--------|--------|--------|--------|--------|--------|--------|--------||||--------|--------|--------|--------|--------|--------|--------|--------|--------|--------|--------|--------|  set
cpu-bind=MASK - cn1302, task 96  0 [2506083]: mask |BB------|--------|--------|--------|--------|--------|--------|--------|--------|--------|--------|--------||||--------|--------|--------|--------|--------|--------|--------|--------|--------|--------|--------|--------|  set
cpu-bind=MASK - cn1301, task  3  3 [2709152]: mask |------BB|--------|--------|--------|--------|--------|--------|--------|--------|--------|--------|--------||||--------|--------|--------|--------|--------|--------|--------|--------|--------|--------|--------|--------|  set
cpu-bind=MASK - cn1302, task 97  1 [2506084]: mask |--BB----|--------|--------|--------|--------|--------|--------|--------|--------|--------|--------|--------||||--------|--------|--------|--------|--------|--------|--------|--------|--------|--------|--------|--------|  set
cpu-bind=MASK - cn1301, task  4  4 [2709153]: mask |--------|--------|--------|--------|--------|--------|--------|--------|--------|BB------|--------|--------||||--------|--------|--------|--------|--------|--------|--------|--------|--------|--------|--------|--------|  set
cpu-bind=MASK - cn1302, task 98  2 [2506085]: mask |----BB--|--------|--------|--------|--------|--------|--------|--------|--------|--------|--------|--------||||--------|--------|--------|--------|--------|--------|--------|--------|--------|--------|--------|--------|  set
cpu-bind=MASK - cn1301, task  5  5 [2709154]: mask |--------|--------|--------|--------|--------|--------|--------|--------|--------|--BB----|--------|--------||||--------|--------|--------|--------|--------|--------|--------|--------|--------|--------|--------|--------|  set
cpu-bind=MASK - cn1301, task  6  6 [2709155]: mask |--------|--------|--------|--------|--------|--------|--------|--------|--------|----BB--|--------|--------||||--------|--------|--------|--------|--------|--------|--------|--------|--------|--------|--------|--------|  set
cpu-bind=MASK - cn1302, task 99  3 [2506086]: mask |------BB|--------|--------|--------|--------|--------|--------|--------|--------|--------|--------|--------||||--------|--------|--------|--------|--------|--------|--------|--------|--------|--------|--------|--------|  set
cpu-bind=MASK - cn1302, task 100  4 [2506087]: mask |--------|--------|--------|--------|--------|--------|--------|--------|--------|BB------|--------|--------||||--------|--------|--------|--------|--------|--------|--------|--------|--------|--------|--------|--------|  set
cpu-bind=MASK - cn1301, task  7  7 [2709156]: mask |--------|--------|--------|--------|--------|--------|--------|--------|--------|------BB|--------|--------||||--------|--------|--------|--------|--------|--------|--------|--------|--------|--------|--------|--------|  set
cpu-bind=MASK - cn1301, task  8  8 [2709157]: mask |--------|--------|--------|BB------|--------|--------|--------|--------|--------|--------|--------|--------||||--------|--------|--------|--------|--------|--------|--------|--------|--------|--------|--------|--------|  set
cpu-bind=MASK - cn1302, task 101  5 [2506088]: mask |--------|--------|--------|--------|--------|--------|--------|--------|--------|--BB----|--------|--------||||--------|--------|--------|--------|--------|--------|--------|--------|--------|--------|--------|--------|  set
cpu-bind=MASK - cn1302, task 102  6 [2506089]: mask |--------|--------|--------|--------|--------|--------|--------|--------|--------|----BB--|--------|--------||||--------|--------|--------|--------|--------|--------|--------|--------|--------|--------|--------|--------|  set
cpu-bind=MASK - cn1301, task  9  9 [2709158]: mask |--------|--------|--------|--BB----|--------|--------|--------|--------|--------|--------|--------|--------||||--------|--------|--------|--------|--------|--------|--------|--------|--------|--------|--------|--------|  set
cpu-bind=MASK - cn1302, task 103  7 [2506090]: mask |--------|--------|--------|--------|--------|--------|--------|--------|--------|------BB|--------|--------||||--------|--------|--------|--------|--------|--------|--------|--------|--------|--------|--------|--------|  set
cpu-bind=MASK - cn1301, task 10 10 [2709159]: mask |--------|--------|--------|----BB--|--------|--------|--------|--------|--------|--------|--------|--------||||--------|--------|--------|--------|--------|--------|--------|--------|--------|--------|--------|--------|  set
cpu-bind=MASK - cn1302, task 104  8 [2506091]: mask |--------|--------|--------|BB------|--------|--------|--------|--------|--------|--------|--------|--------||||--------|--------|--------|--------|--------|--------|--------|--------|--------|--------|--------|--------|  set
cpu-bind=MASK - cn1302, task 105  9 [2506092]: mask |--------|--------|--------|--BB----|--------|--------|--------|--------|--------|--------|--------|--------||||--------|--------|--------|--------|--------|--------|--------|--------|--------|--------|--------|--------|  set
cpu-bind=MASK - cn1301, task 11 11 [2709160]: mask |--------|--------|--------|------BB|--------|--------|--------|--------|--------|--------|--------|--------||||--------|--------|--------|--------|--------|--------|--------|--------|--------|--------|--------|--------|  set
cpu-bind=MASK - cn1301, task 12 12 [2709161]: mask |--------|--------|--------|--------|--------|--------|BB------|--------|--------|--------|--------|--------||||--------|--------|--------|--------|--------|--------|--------|--------|--------|--------|--------|--------|  set
cpu-bind=MASK - cn1302, task 106 10 [2506093]: mask |--------|--------|--------|----BB--|--------|--------|--------|--------|--------|--------|--------|--------||||--------|--------|--------|--------|--------|--------|--------|--------|--------|--------|--------|--------|  set
cpu-bind=MASK - cn1302, task 107 11 [2506094]: mask |--------|--------|--------|------BB|--------|--------|--------|--------|--------|--------|--------|--------||||--------|--------|--------|--------|--------|--------|--------|--------|--------|--------|--------|--------|  set
cpu-bind=MASK - cn1301, task 13 13 [2709162]: mask |--------|--------|--------|--------|--------|--------|--BB----|--------|--------|--------|--------|--------||||--------|--------|--------|--------|--------|--------|--------|--------|--------|--------|--------|--------|  set
cpu-bind=MASK - cn1302, task 108 12 [2506095]: mask |--------|--------|--------|--------|--------|--------|BB------|--------|--------|--------|--------|--------||||--------|--------|--------|--------|--------|--------|--------|--------|--------|--------|--------|--------|  set
cpu-bind=MASK - cn1301, task 14 14 [2709163]: mask |--------|--------|--------|--------|--------|--------|----BB--|--------|--------|--------|--------|--------||||--------|--------|--------|--------|--------|--------|--------|--------|--------|--------|--------|--------|  set
cpu-bind=MASK - cn1302, task 109 13 [2506096]: mask |--------|--------|--------|--------|--------|--------|--BB----|--------|--------|--------|--------|--------||||--------|--------|--------|--------|--------|--------|--------|--------|--------|--------|--------|--------|  set
cpu-bind=MASK - cn1301, task 15 15 [2709164]: mask |--------|--------|--------|--------|--------|--------|------BB|--------|--------|--------|--------|--------||||--------|--------|--------|--------|--------|--------|--------|--------|--------|--------|--------|--------|  set
cpu-bind=MASK - cn1304, task 288  0 [2790133]: mask |BB------|--------|--------|--------|--------|--------|--------|--------|--------|--------|--------|--------||||--------|--------|--------|--------|--------|--------|--------|--------|--------|--------|--------|--------|  set
cpu-bind=MASK - cn1301, task 16 16 [2709165]: mask |--------|BB------|--------|--------|--------|--------|--------|--------|--------|--------|--------|--------||||--------|--------|--------|--------|--------|--------|--------|--------|--------|--------|--------|--------|  set
cpu-bind=MASK - cn1302, task 110 14 [2506097]: mask |--------|--------|--------|--------|--------|--------|----BB--|--------|--------|--------|--------|--------||||--------|--------|--------|--------|--------|--------|--------|--------|--------|--------|--------|--------|  set
cpu-bind=MASK - cn1301, task 17 17 [2709166]: mask |--------|--BB----|--------|--------|--------|--------|--------|--------|--------|--------|--------|--------||||--------|--------|--------|--------|--------|--------|--------|--------|--------|--------|--------|--------|  set
cpu-bind=MASK - cn1302, task 111 15 [2506098]: mask |--------|--------|--------|--------|--------|--------|------BB|--------|--------|--------|--------|--------||||--------|--------|--------|--------|--------|--------|--------|--------|--------|--------|--------|--------|  set
cpu-bind=MASK - cn1301, task 18 18 [2709167]: mask |--------|----BB--|--------|--------|--------|--------|--------|--------|--------|--------|--------|--------||||--------|--------|--------|--------|--------|--------|--------|--------|--------|--------|--------|--------|  set
cpu-bind=MASK - cn1304, task 289  1 [2790134]: mask |--BB----|--------|--------|--------|--------|--------|--------|--------|--------|--------|--------|--------||||--------|--------|--------|--------|--------|--------|--------|--------|--------|--------|--------|--------|  set
cpu-bind=MASK - cn1302, task 112 16 [2506099]: mask |--------|BB------|--------|--------|--------|--------|--------|--------|--------|--------|--------|--------||||--------|--------|--------|--------|--------|--------|--------|--------|--------|--------|--------|--------|  set
cpu-bind=MASK - cn1301, task 19 19 [2709168]: mask |--------|------BB|--------|--------|--------|--------|--------|--------|--------|--------|--------|--------||||--------|--------|--------|--------|--------|--------|--------|--------|--------|--------|--------|--------|  set
cpu-bind=MASK - cn1301, task 20 20 [2709169]: mask |--------|--------|--------|--------|--------|--------|--------|--------|--------|--------|BB------|--------||||--------|--------|--------|--------|--------|--------|--------|--------|--------|--------|--------|--------|  set
cpu-bind=MASK - cn1302, task 113 17 [2506100]: mask |--------|--BB----|--------|--------|--------|--------|--------|--------|--------|--------|--------|--------||||--------|--------|--------|--------|--------|--------|--------|--------|--------|--------|--------|--------|  set
cpu-bind=MASK - cn1304, task 290  2 [2790135]: mask |----BB--|--------|--------|--------|--------|--------|--------|--------|--------|--------|--------|--------||||--------|--------|--------|--------|--------|--------|--------|--------|--------|--------|--------|--------|  set
cpu-bind=MASK - cn1301, task 21 21 [2709170]: mask |--------|--------|--------|--------|--------|--------|--------|--------|--------|--------|--BB----|--------||||--------|--------|--------|--------|--------|--------|--------|--------|--------|--------|--------|--------|  set
cpu-bind=MASK - cn1302, task 114 18 [2506101]: mask |--------|----BB--|--------|--------|--------|--------|--------|--------|--------|--------|--------|--------||||--------|--------|--------|--------|--------|--------|--------|--------|--------|--------|--------|--------|  set
cpu-bind=MASK - cn1302, task 115 19 [2506102]: mask |--------|------BB|--------|--------|--------|--------|--------|--------|--------|--------|--------|--------||||--------|--------|--------|--------|--------|--------|--------|--------|--------|--------|--------|--------|  set
cpu-bind=MASK - cn1301, task 22 22 [2709171]: mask |--------|--------|--------|--------|--------|--------|--------|--------|--------|--------|----BB--|--------||||--------|--------|--------|--------|--------|--------|--------|--------|--------|--------|--------|--------|  set
cpu-bind=MASK - cn1304, task 291  3 [2790136]: mask |------BB|--------|--------|--------|--------|--------|--------|--------|--------|--------|--------|--------||||--------|--------|--------|--------|--------|--------|--------|--------|--------|--------|--------|--------|  set
cpu-bind=MASK - cn1302, task 116 20 [2506103]: mask |--------|--------|--------|--------|--------|--------|--------|--------|--------|--------|BB------|--------||||--------|--------|--------|--------|--------|--------|--------|--------|--------|--------|--------|--------|  set
cpu-bind=MASK - cn1301, task 23 23 [2709172]: mask |--------|--------|--------|--------|--------|--------|--------|--------|--------|--------|------BB|--------||||--------|--------|--------|--------|--------|--------|--------|--------|--------|--------|--------|--------|  set
cpu-bind=MASK - cn1302, task 117 21 [2506104]: mask |--------|--------|--------|--------|--------|--------|--------|--------|--------|--------|--BB----|--------||||--------|--------|--------|--------|--------|--------|--------|--------|--------|--------|--------|--------|  set
cpu-bind=MASK - cn1301, task 24 24 [2709173]: mask |--------|--------|--------|--------|BB------|--------|--------|--------|--------|--------|--------|--------||||--------|--------|--------|--------|--------|--------|--------|--------|--------|--------|--------|--------|  set
cpu-bind=MASK - cn1304, task 292  4 [2790137]: mask |--------|--------|--------|--------|--------|--------|--------|--------|--------|BB------|--------|--------||||--------|--------|--------|--------|--------|--------|--------|--------|--------|--------|--------|--------|  set
cpu-bind=MASK - cn1302, task 118 22 [2506105]: mask |--------|--------|--------|--------|--------|--------|--------|--------|--------|--------|----BB--|--------||||--------|--------|--------|--------|--------|--------|--------|--------|--------|--------|--------|--------|  set
cpu-bind=MASK - cn1302, task 119 23 [2506106]: mask |--------|--------|--------|--------|--------|--------|--------|--------|--------|--------|------BB|--------||||--------|--------|--------|--------|--------|--------|--------|--------|--------|--------|--------|--------|  set
cpu-bind=MASK - cn1301, task 25 25 [2709174]: mask |--------|--------|--------|--------|--BB----|--------|--------|--------|--------|--------|--------|--------||||--------|--------|--------|--------|--------|--------|--------|--------|--------|--------|--------|--------|  set
cpu-bind=MASK - cn1302, task 120 24 [2506107]: mask |--------|--------|--------|--------|BB------|--------|--------|--------|--------|--------|--------|--------||||--------|--------|--------|--------|--------|--------|--------|--------|--------|--------|--------|--------|  set
cpu-bind=MASK - cn1301, task 26 26 [2709175]: mask |--------|--------|--------|--------|----BB--|--------|--------|--------|--------|--------|--------|--------||||--------|--------|--------|--------|--------|--------|--------|--------|--------|--------|--------|--------|  set
cpu-bind=MASK - cn1304, task 293  5 [2790138]: mask |--------|--------|--------|--------|--------|--------|--------|--------|--------|--BB----|--------|--------||||--------|--------|--------|--------|--------|--------|--------|--------|--------|--------|--------|--------|  set
cpu-bind=MASK - cn1302, task 121 25 [2506108]: mask |--------|--------|--------|--------|--BB----|--------|--------|--------|--------|--------|--------|--------||||--------|--------|--------|--------|--------|--------|--------|--------|--------|--------|--------|--------|  set
cpu-bind=MASK - cn1301, task 27 27 [2709176]: mask |--------|--------|--------|--------|------BB|--------|--------|--------|--------|--------|--------|--------||||--------|--------|--------|--------|--------|--------|--------|--------|--------|--------|--------|--------|  set
cpu-bind=MASK - cn1302, task 122 26 [2506109]: mask |--------|--------|--------|--------|----BB--|--------|--------|--------|--------|--------|--------|--------||||--------|--------|--------|--------|--------|--------|--------|--------|--------|--------|--------|--------|  set
cpu-bind=MASK - cn1301, task 28 28 [2709177]: mask |--------|--------|--------|--------|--------|--------|--------|BB------|--------|--------|--------|--------||||--------|--------|--------|--------|--------|--------|--------|--------|--------|--------|--------|--------|  set
cpu-bind=MASK - cn1304, task 294  6 [2790139]: mask |--------|--------|--------|--------|--------|--------|--------|--------|--------|----BB--|--------|--------||||--------|--------|--------|--------|--------|--------|--------|--------|--------|--------|--------|--------|  set
cpu-bind=MASK - cn1301, task 29 29 [2709178]: mask |--------|--------|--------|--------|--------|--------|--------|--BB----|--------|--------|--------|--------||||--------|--------|--------|--------|--------|--------|--------|--------|--------|--------|--------|--------|  set
cpu-bind=MASK - cn1302, task 123 27 [2506110]: mask |--------|--------|--------|--------|------BB|--------|--------|--------|--------|--------|--------|--------||||--------|--------|--------|--------|--------|--------|--------|--------|--------|--------|--------|--------|  set
cpu-bind=MASK - cn1304, task 295  7 [2790140]: mask |--------|--------|--------|--------|--------|--------|--------|--------|--------|------BB|--------|--------||||--------|--------|--------|--------|--------|--------|--------|--------|--------|--------|--------|--------|  set
cpu-bind=MASK - cn1302, task 124 28 [2506111]: mask |--------|--------|--------|--------|--------|--------|--------|BB------|--------|--------|--------|--------||||--------|--------|--------|--------|--------|--------|--------|--------|--------|--------|--------|--------|  set
cpu-bind=MASK - cn1304, task 296  8 [2790141]: mask |--------|--------|--------|BB------|--------|--------|--------|--------|--------|--------|--------|--------||||--------|--------|--------|--------|--------|--------|--------|--------|--------|--------|--------|--------|  set
cpu-bind=MASK - cn1301, task 30 30 [2709179]: mask |--------|--------|--------|--------|--------|--------|--------|----BB--|--------|--------|--------|--------||||--------|--------|--------|--------|--------|--------|--------|--------|--------|--------|--------|--------|  set
cpu-bind=MASK - cn1302, task 125 29 [2506112]: mask |--------|--------|--------|--------|--------|--------|--------|--BB----|--------|--------|--------|--------||||--------|--------|--------|--------|--------|--------|--------|--------|--------|--------|--------|--------|  set
cpu-bind=MASK - cn1304, task 297  9 [2790142]: mask |--------|--------|--------|--BB----|--------|--------|--------|--------|--------|--------|--------|--------||||--------|--------|--------|--------|--------|--------|--------|--------|--------|--------|--------|--------|  set
cpu-bind=MASK - cn1301, task 31 31 [2709180]: mask |--------|--------|--------|--------|--------|--------|--------|------BB|--------|--------|--------|--------||||--------|--------|--------|--------|--------|--------|--------|--------|--------|--------|--------|--------|  set
cpu-bind=MASK - cn1302, task 126 30 [2506113]: mask |--------|--------|--------|--------|--------|--------|--------|----BB--|--------|--------|--------|--------||||--------|--------|--------|--------|--------|--------|--------|--------|--------|--------|--------|--------|  set
cpu-bind=MASK - cn1302, task 127 31 [2506114]: mask |--------|--------|--------|--------|--------|--------|--------|------BB|--------|--------|--------|--------||||--------|--------|--------|--------|--------|--------|--------|--------|--------|--------|--------|--------|  set
cpu-bind=MASK - cn1301, task 32 32 [2709181]: mask |--------|--------|BB------|--------|--------|--------|--------|--------|--------|--------|--------|--------||||--------|--------|--------|--------|--------|--------|--------|--------|--------|--------|--------|--------|  set
cpu-bind=MASK - cn1304, task 298 10 [2790143]: mask |--------|--------|--------|----BB--|--------|--------|--------|--------|--------|--------|--------|--------||||--------|--------|--------|--------|--------|--------|--------|--------|--------|--------|--------|--------|  set
cpu-bind=MASK - cn1301, task 33 33 [2709182]: mask |--------|--------|--BB----|--------|--------|--------|--------|--------|--------|--------|--------|--------||||--------|--------|--------|--------|--------|--------|--------|--------|--------|--------|--------|--------|  set
cpu-bind=MASK - cn1302, task 128 32 [2506115]: mask |--------|--------|BB------|--------|--------|--------|--------|--------|--------|--------|--------|--------||||--------|--------|--------|--------|--------|--------|--------|--------|--------|--------|--------|--------|  set
cpu-bind=MASK - cn1302, task 129 33 [2506116]: mask |--------|--------|--BB----|--------|--------|--------|--------|--------|--------|--------|--------|--------||||--------|--------|--------|--------|--------|--------|--------|--------|--------|--------|--------|--------|  set
cpu-bind=MASK - cn1303, task 192  0 [2729691]: mask |BB------|--------|--------|--------|--------|--------|--------|--------|--------|--------|--------|--------||||--------|--------|--------|--------|--------|--------|--------|--------|--------|--------|--------|--------|  set
cpu-bind=MASK - cn1301, task 34 34 [2709183]: mask |--------|--------|----BB--|--------|--------|--------|--------|--------|--------|--------|--------|--------||||--------|--------|--------|--------|--------|--------|--------|--------|--------|--------|--------|--------|  set
cpu-bind=MASK - cn1304, task 299 11 [2790144]: mask |--------|--------|--------|------BB|--------|--------|--------|--------|--------|--------|--------|--------||||--------|--------|--------|--------|--------|--------|--------|--------|--------|--------|--------|--------|  set
cpu-bind=MASK - cn1302, task 130 34 [2506117]: mask |--------|--------|----BB--|--------|--------|--------|--------|--------|--------|--------|--------|--------||||--------|--------|--------|--------|--------|--------|--------|--------|--------|--------|--------|--------|  set
cpu-bind=MASK - cn1301, task 35 35 [2709184]: mask |--------|--------|------BB|--------|--------|--------|--------|--------|--------|--------|--------|--------||||--------|--------|--------|--------|--------|--------|--------|--------|--------|--------|--------|--------|  set
cpu-bind=MASK - cn1302, task 131 35 [2506118]: mask |--------|--------|------BB|--------|--------|--------|--------|--------|--------|--------|--------|--------||||--------|--------|--------|--------|--------|--------|--------|--------|--------|--------|--------|--------|  set
cpu-bind=MASK - cn1301, task 36 36 [2709185]: mask |--------|--------|--------|--------|--------|--------|--------|--------|--------|--------|--------|BB------||||--------|--------|--------|--------|--------|--------|--------|--------|--------|--------|--------|--------|  set
cpu-bind=MASK - cn1303, task 193  1 [2729692]: mask |--BB----|--------|--------|--------|--------|--------|--------|--------|--------|--------|--------|--------||||--------|--------|--------|--------|--------|--------|--------|--------|--------|--------|--------|--------|  set
cpu-bind=MASK - cn1302, task 132 36 [2506119]: mask |--------|--------|--------|--------|--------|--------|--------|--------|--------|--------|--------|BB------||||--------|--------|--------|--------|--------|--------|--------|--------|--------|--------|--------|--------|  set
cpu-bind=MASK - cn1304, task 300 12 [2790145]: mask |--------|--------|--------|--------|--------|--------|BB------|--------|--------|--------|--------|--------||||--------|--------|--------|--------|--------|--------|--------|--------|--------|--------|--------|--------|  set
cpu-bind=MASK - cn1301, task 37 37 [2709186]: mask |--------|--------|--------|--------|--------|--------|--------|--------|--------|--------|--------|--BB----||||--------|--------|--------|--------|--------|--------|--------|--------|--------|--------|--------|--------|  set
cpu-bind=MASK - cn1302, task 133 37 [2506120]: mask |--------|--------|--------|--------|--------|--------|--------|--------|--------|--------|--------|--BB----||||--------|--------|--------|--------|--------|--------|--------|--------|--------|--------|--------|--------|  set
cpu-bind=MASK - cn1304, task 301 13 [2790146]: mask |--------|--------|--------|--------|--------|--------|--BB----|--------|--------|--------|--------|--------||||--------|--------|--------|--------|--------|--------|--------|--------|--------|--------|--------|--------|  set
cpu-bind=MASK - cn1301, task 38 38 [2709187]: mask |--------|--------|--------|--------|--------|--------|--------|--------|--------|--------|--------|----BB--||||--------|--------|--------|--------|--------|--------|--------|--------|--------|--------|--------|--------|  set
cpu-bind=MASK - cn1302, task 134 38 [2506121]: mask |--------|--------|--------|--------|--------|--------|--------|--------|--------|--------|--------|----BB--||||--------|--------|--------|--------|--------|--------|--------|--------|--------|--------|--------|--------|  set
cpu-bind=MASK - cn1301, task 39 39 [2709188]: mask |--------|--------|--------|--------|--------|--------|--------|--------|--------|--------|--------|------BB||||--------|--------|--------|--------|--------|--------|--------|--------|--------|--------|--------|--------|  set
cpu-bind=MASK - cn1303, task 194  2 [2729693]: mask |----BB--|--------|--------|--------|--------|--------|--------|--------|--------|--------|--------|--------||||--------|--------|--------|--------|--------|--------|--------|--------|--------|--------|--------|--------|  set
cpu-bind=MASK - cn1304, task 302 14 [2790147]: mask |--------|--------|--------|--------|--------|--------|----BB--|--------|--------|--------|--------|--------||||--------|--------|--------|--------|--------|--------|--------|--------|--------|--------|--------|--------|  set
cpu-bind=MASK - cn1302, task 135 39 [2506122]: mask |--------|--------|--------|--------|--------|--------|--------|--------|--------|--------|--------|------BB||||--------|--------|--------|--------|--------|--------|--------|--------|--------|--------|--------|--------|  set
cpu-bind=MASK - cn1302, task 136 40 [2506123]: mask |--------|--------|--------|--------|--------|BB------|--------|--------|--------|--------|--------|--------||||--------|--------|--------|--------|--------|--------|--------|--------|--------|--------|--------|--------|  set
cpu-bind=MASK - cn1301, task 40 40 [2709189]: mask |--------|--------|--------|--------|--------|BB------|--------|--------|--------|--------|--------|--------||||--------|--------|--------|--------|--------|--------|--------|--------|--------|--------|--------|--------|  set
cpu-bind=MASK - cn1302, task 137 41 [2506124]: mask |--------|--------|--------|--------|--------|--BB----|--------|--------|--------|--------|--------|--------||||--------|--------|--------|--------|--------|--------|--------|--------|--------|--------|--------|--------|  set
cpu-bind=MASK - cn1301, task 41 41 [2709190]: mask |--------|--------|--------|--------|--------|--BB----|--------|--------|--------|--------|--------|--------||||--------|--------|--------|--------|--------|--------|--------|--------|--------|--------|--------|--------|  set
cpu-bind=MASK - cn1304, task 303 15 [2790148]: mask |--------|--------|--------|--------|--------|--------|------BB|--------|--------|--------|--------|--------||||--------|--------|--------|--------|--------|--------|--------|--------|--------|--------|--------|--------|  set
cpu-bind=MASK - cn1303, task 195  3 [2729694]: mask |------BB|--------|--------|--------|--------|--------|--------|--------|--------|--------|--------|--------||||--------|--------|--------|--------|--------|--------|--------|--------|--------|--------|--------|--------|  set
cpu-bind=MASK - cn1302, task 138 42 [2506125]: mask |--------|--------|--------|--------|--------|----BB--|--------|--------|--------|--------|--------|--------||||--------|--------|--------|--------|--------|--------|--------|--------|--------|--------|--------|--------|  set
cpu-bind=MASK - cn1301, task 42 42 [2709191]: mask |--------|--------|--------|--------|--------|----BB--|--------|--------|--------|--------|--------|--------||||--------|--------|--------|--------|--------|--------|--------|--------|--------|--------|--------|--------|  set
cpu-bind=MASK - cn1304, task 304 16 [2790149]: mask |--------|BB------|--------|--------|--------|--------|--------|--------|--------|--------|--------|--------||||--------|--------|--------|--------|--------|--------|--------|--------|--------|--------|--------|--------|  set
cpu-bind=MASK - cn1301, task 43 43 [2709192]: mask |--------|--------|--------|--------|--------|------BB|--------|--------|--------|--------|--------|--------||||--------|--------|--------|--------|--------|--------|--------|--------|--------|--------|--------|--------|  set
cpu-bind=MASK - cn1302, task 139 43 [2506126]: mask |--------|--------|--------|--------|--------|------BB|--------|--------|--------|--------|--------|--------||||--------|--------|--------|--------|--------|--------|--------|--------|--------|--------|--------|--------|  set
cpu-bind=MASK - cn1303, task 196  4 [2729695]: mask |--------|--------|--------|--------|--------|--------|--------|--------|--------|BB------|--------|--------||||--------|--------|--------|--------|--------|--------|--------|--------|--------|--------|--------|--------|  set
cpu-bind=MASK - cn1304, task 305 17 [2790150]: mask |--------|--BB----|--------|--------|--------|--------|--------|--------|--------|--------|--------|--------||||--------|--------|--------|--------|--------|--------|--------|--------|--------|--------|--------|--------|  set
cpu-bind=MASK - cn1301, task 44 44 [2709193]: mask |--------|--------|--------|--------|--------|--------|--------|--------|BB------|--------|--------|--------||||--------|--------|--------|--------|--------|--------|--------|--------|--------|--------|--------|--------|  set
cpu-bind=MASK - cn1302, task 140 44 [2506127]: mask |--------|--------|--------|--------|--------|--------|--------|--------|BB------|--------|--------|--------||||--------|--------|--------|--------|--------|--------|--------|--------|--------|--------|--------|--------|  set
cpu-bind=MASK - cn1302, task 141 45 [2506128]: mask |--------|--------|--------|--------|--------|--------|--------|--------|--BB----|--------|--------|--------||||--------|--------|--------|--------|--------|--------|--------|--------|--------|--------|--------|--------|  set
cpu-bind=MASK - cn1304, task 306 18 [2790151]: mask |--------|----BB--|--------|--------|--------|--------|--------|--------|--------|--------|--------|--------||||--------|--------|--------|--------|--------|--------|--------|--------|--------|--------|--------|--------|  set
cpu-bind=MASK - cn1301, task 45 45 [2709194]: mask |--------|--------|--------|--------|--------|--------|--------|--------|--BB----|--------|--------|--------||||--------|--------|--------|--------|--------|--------|--------|--------|--------|--------|--------|--------|  set
cpu-bind=MASK - cn1303, task 197  5 [2729696]: mask |--------|--------|--------|--------|--------|--------|--------|--------|--------|--BB----|--------|--------||||--------|--------|--------|--------|--------|--------|--------|--------|--------|--------|--------|--------|  set
cpu-bind=MASK - cn1304, task 307 19 [2790152]: mask |--------|------BB|--------|--------|--------|--------|--------|--------|--------|--------|--------|--------||||--------|--------|--------|--------|--------|--------|--------|--------|--------|--------|--------|--------|  set
cpu-bind=MASK - cn1301, task 46 46 [2709195]: mask |--------|--------|--------|--------|--------|--------|--------|--------|----BB--|--------|--------|--------||||--------|--------|--------|--------|--------|--------|--------|--------|--------|--------|--------|--------|  set
cpu-bind=MASK - cn1302, task 142 46 [2506129]: mask |--------|--------|--------|--------|--------|--------|--------|--------|----BB--|--------|--------|--------||||--------|--------|--------|--------|--------|--------|--------|--------|--------|--------|--------|--------|  set
cpu-bind=MASK - cn1301, task 47 47 [2709196]: mask |--------|--------|--------|--------|--------|--------|--------|--------|------BB|--------|--------|--------||||--------|--------|--------|--------|--------|--------|--------|--------|--------|--------|--------|--------|  set
cpu-bind=MASK - cn1302, task 143 47 [2506130]: mask |--------|--------|--------|--------|--------|--------|--------|--------|------BB|--------|--------|--------||||--------|--------|--------|--------|--------|--------|--------|--------|--------|--------|--------|--------|  set
cpu-bind=MASK - cn1304, task 308 20 [2790153]: mask |--------|--------|--------|--------|--------|--------|--------|--------|--------|--------|BB------|--------||||--------|--------|--------|--------|--------|--------|--------|--------|--------|--------|--------|--------|  set
cpu-bind=MASK - cn1302, task 144 48 [2506131]: mask |--------|--------|--------|--------|--------|--------|--------|--------|--------|--------|--------|--------||||BB------|--------|--------|--------|--------|--------|--------|--------|--------|--------|--------|--------|  set
cpu-bind=MASK - cn1301, task 48 48 [2709197]: mask |--------|--------|--------|--------|--------|--------|--------|--------|--------|--------|--------|--------||||BB------|--------|--------|--------|--------|--------|--------|--------|--------|--------|--------|--------|  set
cpu-bind=MASK - cn1303, task 198  6 [2729697]: mask |--------|--------|--------|--------|--------|--------|--------|--------|--------|----BB--|--------|--------||||--------|--------|--------|--------|--------|--------|--------|--------|--------|--------|--------|--------|  set
cpu-bind=MASK - cn1302, task 145 49 [2506132]: mask |--------|--------|--------|--------|--------|--------|--------|--------|--------|--------|--------|--------||||--BB----|--------|--------|--------|--------|--------|--------|--------|--------|--------|--------|--------|  set
cpu-bind=MASK - cn1301, task 49 49 [2709198]: mask |--------|--------|--------|--------|--------|--------|--------|--------|--------|--------|--------|--------||||--BB----|--------|--------|--------|--------|--------|--------|--------|--------|--------|--------|--------|  set
cpu-bind=MASK - cn1302, task 146 50 [2506133]: mask |--------|--------|--------|--------|--------|--------|--------|--------|--------|--------|--------|--------||||----BB--|--------|--------|--------|--------|--------|--------|--------|--------|--------|--------|--------|  set
cpu-bind=MASK - cn1303, task 199  7 [2729698]: mask |--------|--------|--------|--------|--------|--------|--------|--------|--------|------BB|--------|--------||||--------|--------|--------|--------|--------|--------|--------|--------|--------|--------|--------|--------|  set
cpu-bind=MASK - cn1302, task 147 51 [2506134]: mask |--------|--------|--------|--------|--------|--------|--------|--------|--------|--------|--------|--------||||------BB|--------|--------|--------|--------|--------|--------|--------|--------|--------|--------|--------|  set
cpu-bind=MASK - cn1304, task 309 21 [2790154]: mask |--------|--------|--------|--------|--------|--------|--------|--------|--------|--------|--BB----|--------||||--------|--------|--------|--------|--------|--------|--------|--------|--------|--------|--------|--------|  set
cpu-bind=MASK - cn1301, task 50 50 [2709199]: mask |--------|--------|--------|--------|--------|--------|--------|--------|--------|--------|--------|--------||||----BB--|--------|--------|--------|--------|--------|--------|--------|--------|--------|--------|--------|  set
cpu-bind=MASK - cn1302, task 148 52 [2506135]: mask |--------|--------|--------|--------|--------|--------|--------|--------|--------|--------|--------|--------||||--------|--------|--------|--------|--------|--------|--------|--------|--------|BB------|--------|--------|  set
cpu-bind=MASK - cn1301, task 51 51 [2709200]: mask |--------|--------|--------|--------|--------|--------|--------|--------|--------|--------|--------|--------||||------BB|--------|--------|--------|--------|--------|--------|--------|--------|--------|--------|--------|  set
cpu-bind=MASK - cn1303, task 200  8 [2729699]: mask |--------|--------|--------|BB------|--------|--------|--------|--------|--------|--------|--------|--------||||--------|--------|--------|--------|--------|--------|--------|--------|--------|--------|--------|--------|  set
cpu-bind=MASK - cn1302, task 149 53 [2506136]: mask |--------|--------|--------|--------|--------|--------|--------|--------|--------|--------|--------|--------||||--------|--------|--------|--------|--------|--------|--------|--------|--------|--BB----|--------|--------|  set
cpu-bind=MASK - cn1304, task 310 22 [2790155]: mask |--------|--------|--------|--------|--------|--------|--------|--------|--------|--------|----BB--|--------||||--------|--------|--------|--------|--------|--------|--------|--------|--------|--------|--------|--------|  set
cpu-bind=MASK - cn1301, task 52 52 [2709201]: mask |--------|--------|--------|--------|--------|--------|--------|--------|--------|--------|--------|--------||||--------|--------|--------|--------|--------|--------|--------|--------|--------|BB------|--------|--------|  set
cpu-bind=MASK - cn1303, task 201  9 [2729700]: mask |--------|--------|--------|--BB----|--------|--------|--------|--------|--------|--------|--------|--------||||--------|--------|--------|--------|--------|--------|--------|--------|--------|--------|--------|--------|  set
cpu-bind=MASK - cn1302, task 150 54 [2506137]: mask |--------|--------|--------|--------|--------|--------|--------|--------|--------|--------|--------|--------||||--------|--------|--------|--------|--------|--------|--------|--------|--------|----BB--|--------|--------|  set
cpu-bind=MASK - cn1304, task 311 23 [2790156]: mask |--------|--------|--------|--------|--------|--------|--------|--------|--------|--------|------BB|--------||||--------|--------|--------|--------|--------|--------|--------|--------|--------|--------|--------|--------|  set
cpu-bind=MASK - cn1301, task 53 53 [2709202]: mask |--------|--------|--------|--------|--------|--------|--------|--------|--------|--------|--------|--------||||--------|--------|--------|--------|--------|--------|--------|--------|--------|--BB----|--------|--------|  set
cpu-bind=MASK - cn1303, task 202 10 [2729701]: mask |--------|--------|--------|----BB--|--------|--------|--------|--------|--------|--------|--------|--------||||--------|--------|--------|--------|--------|--------|--------|--------|--------|--------|--------|--------|  set
cpu-bind=MASK - cn1302, task 151 55 [2506138]: mask |--------|--------|--------|--------|--------|--------|--------|--------|--------|--------|--------|--------||||--------|--------|--------|--------|--------|--------|--------|--------|--------|------BB|--------|--------|  set
cpu-bind=MASK - cn1302, task 152 56 [2506139]: mask |--------|--------|--------|--------|--------|--------|--------|--------|--------|--------|--------|--------||||--------|--------|--------|BB------|--------|--------|--------|--------|--------|--------|--------|--------|  set
cpu-bind=MASK - cn1304, task 312 24 [2790157]: mask |--------|--------|--------|--------|BB------|--------|--------|--------|--------|--------|--------|--------||||--------|--------|--------|--------|--------|--------|--------|--------|--------|--------|--------|--------|  set
cpu-bind=MASK - cn1301, task 54 54 [2709203]: mask |--------|--------|--------|--------|--------|--------|--------|--------|--------|--------|--------|--------||||--------|--------|--------|--------|--------|--------|--------|--------|--------|----BB--|--------|--------|  set
cpu-bind=MASK - cn1302, task 153 57 [2506140]: mask |--------|--------|--------|--------|--------|--------|--------|--------|--------|--------|--------|--------||||--------|--------|--------|--BB----|--------|--------|--------|--------|--------|--------|--------|--------|  set
cpu-bind=MASK - cn1301, task 55 55 [2709204]: mask |--------|--------|--------|--------|--------|--------|--------|--------|--------|--------|--------|--------||||--------|--------|--------|--------|--------|--------|--------|--------|--------|------BB|--------|--------|  set
cpu-bind=MASK - cn1303, task 203 11 [2729702]: mask |--------|--------|--------|------BB|--------|--------|--------|--------|--------|--------|--------|--------||||--------|--------|--------|--------|--------|--------|--------|--------|--------|--------|--------|--------|  set
cpu-bind=MASK - cn1302, task 154 58 [2506141]: mask |--------|--------|--------|--------|--------|--------|--------|--------|--------|--------|--------|--------||||--------|--------|--------|----BB--|--------|--------|--------|--------|--------|--------|--------|--------|  set
cpu-bind=MASK - cn1304, task 313 25 [2790158]: mask |--------|--------|--------|--------|--BB----|--------|--------|--------|--------|--------|--------|--------||||--------|--------|--------|--------|--------|--------|--------|--------|--------|--------|--------|--------|  set
cpu-bind=MASK - cn1301, task 56 56 [2709205]: mask |--------|--------|--------|--------|--------|--------|--------|--------|--------|--------|--------|--------||||--------|--------|--------|BB------|--------|--------|--------|--------|--------|--------|--------|--------|  set
cpu-bind=MASK - cn1303, task 204 12 [2729703]: mask |--------|--------|--------|--------|--------|--------|BB------|--------|--------|--------|--------|--------||||--------|--------|--------|--------|--------|--------|--------|--------|--------|--------|--------|--------|  set
cpu-bind=MASK - cn1301, task 57 57 [2709206]: mask |--------|--------|--------|--------|--------|--------|--------|--------|--------|--------|--------|--------||||--------|--------|--------|--BB----|--------|--------|--------|--------|--------|--------|--------|--------|  set
cpu-bind=MASK - cn1302, task 155 59 [2506142]: mask |--------|--------|--------|--------|--------|--------|--------|--------|--------|--------|--------|--------||||--------|--------|--------|------BB|--------|--------|--------|--------|--------|--------|--------|--------|  set
cpu-bind=MASK - cn1301, task 58 58 [2709207]: mask |--------|--------|--------|--------|--------|--------|--------|--------|--------|--------|--------|--------||||--------|--------|--------|----BB--|--------|--------|--------|--------|--------|--------|--------|--------|  set
cpu-bind=MASK - cn1304, task 314 26 [2790159]: mask |--------|--------|--------|--------|----BB--|--------|--------|--------|--------|--------|--------|--------||||--------|--------|--------|--------|--------|--------|--------|--------|--------|--------|--------|--------|  set
cpu-bind=MASK - cn1302, task 156 60 [2506143]: mask |--------|--------|--------|--------|--------|--------|--------|--------|--------|--------|--------|--------||||--------|--------|--------|--------|--------|--------|BB------|--------|--------|--------|--------|--------|  set
cpu-bind=MASK - cn1303, task 205 13 [2729704]: mask |--------|--------|--------|--------|--------|--------|--BB----|--------|--------|--------|--------|--------||||--------|--------|--------|--------|--------|--------|--------|--------|--------|--------|--------|--------|  set
cpu-bind=MASK - cn1302, task 157 61 [2506144]: mask |--------|--------|--------|--------|--------|--------|--------|--------|--------|--------|--------|--------||||--------|--------|--------|--------|--------|--------|--BB----|--------|--------|--------|--------|--------|  set
cpu-bind=MASK - cn1303, task 206 14 [2729705]: mask |--------|--------|--------|--------|--------|--------|----BB--|--------|--------|--------|--------|--------||||--------|--------|--------|--------|--------|--------|--------|--------|--------|--------|--------|--------|  set
cpu-bind=MASK - cn1301, task 59 59 [2709208]: mask |--------|--------|--------|--------|--------|--------|--------|--------|--------|--------|--------|--------||||--------|--------|--------|------BB|--------|--------|--------|--------|--------|--------|--------|--------|  set
cpu-bind=MASK - cn1304, task 315 27 [2790160]: mask |--------|--------|--------|--------|------BB|--------|--------|--------|--------|--------|--------|--------||||--------|--------|--------|--------|--------|--------|--------|--------|--------|--------|--------|--------|  set
cpu-bind=MASK - cn1302, task 158 62 [2506145]: mask |--------|--------|--------|--------|--------|--------|--------|--------|--------|--------|--------|--------||||--------|--------|--------|--------|--------|--------|----BB--|--------|--------|--------|--------|--------|  set
cpu-bind=MASK - cn1302, task 159 63 [2506146]: mask |--------|--------|--------|--------|--------|--------|--------|--------|--------|--------|--------|--------||||--------|--------|--------|--------|--------|--------|------BB|--------|--------|--------|--------|--------|  set
cpu-bind=MASK - cn1301, task 60 60 [2709209]: mask |--------|--------|--------|--------|--------|--------|--------|--------|--------|--------|--------|--------||||--------|--------|--------|--------|--------|--------|BB------|--------|--------|--------|--------|--------|  set
cpu-bind=MASK - cn1303, task 207 15 [2729706]: mask |--------|--------|--------|--------|--------|--------|------BB|--------|--------|--------|--------|--------||||--------|--------|--------|--------|--------|--------|--------|--------|--------|--------|--------|--------|  set
cpu-bind=MASK - cn1304, task 316 28 [2790161]: mask |--------|--------|--------|--------|--------|--------|--------|BB------|--------|--------|--------|--------||||--------|--------|--------|--------|--------|--------|--------|--------|--------|--------|--------|--------|  set
cpu-bind=MASK - cn1301, task 61 61 [2709210]: mask |--------|--------|--------|--------|--------|--------|--------|--------|--------|--------|--------|--------||||--------|--------|--------|--------|--------|--------|--BB----|--------|--------|--------|--------|--------|  set
cpu-bind=MASK - cn1304, task 317 29 [2790162]: mask |--------|--------|--------|--------|--------|--------|--------|--BB----|--------|--------|--------|--------||||--------|--------|--------|--------|--------|--------|--------|--------|--------|--------|--------|--------|  set
cpu-bind=MASK - cn1302, task 160 64 [2506147]: mask |--------|--------|--------|--------|--------|--------|--------|--------|--------|--------|--------|--------||||--------|BB------|--------|--------|--------|--------|--------|--------|--------|--------|--------|--------|  set
cpu-bind=MASK - cn1303, task 208 16 [2729707]: mask |--------|BB------|--------|--------|--------|--------|--------|--------|--------|--------|--------|--------||||--------|--------|--------|--------|--------|--------|--------|--------|--------|--------|--------|--------|  set
cpu-bind=MASK - cn1302, task 161 65 [2506148]: mask |--------|--------|--------|--------|--------|--------|--------|--------|--------|--------|--------|--------||||--------|--BB----|--------|--------|--------|--------|--------|--------|--------|--------|--------|--------|  set
cpu-bind=MASK - cn1301, task 62 62 [2709211]: mask |--------|--------|--------|--------|--------|--------|--------|--------|--------|--------|--------|--------||||--------|--------|--------|--------|--------|--------|----BB--|--------|--------|--------|--------|--------|  set
cpu-bind=MASK - cn1304, task 318 30 [2790163]: mask |--------|--------|--------|--------|--------|--------|--------|----BB--|--------|--------|--------|--------||||--------|--------|--------|--------|--------|--------|--------|--------|--------|--------|--------|--------|  set
cpu-bind=MASK - cn1302, task 162 66 [2506149]: mask |--------|--------|--------|--------|--------|--------|--------|--------|--------|--------|--------|--------||||--------|----BB--|--------|--------|--------|--------|--------|--------|--------|--------|--------|--------|  set
cpu-bind=MASK - cn1301, task 63 63 [2709212]: mask |--------|--------|--------|--------|--------|--------|--------|--------|--------|--------|--------|--------||||--------|--------|--------|--------|--------|--------|------BB|--------|--------|--------|--------|--------|  set
cpu-bind=MASK - cn1303, task 209 17 [2729708]: mask |--------|--BB----|--------|--------|--------|--------|--------|--------|--------|--------|--------|--------||||--------|--------|--------|--------|--------|--------|--------|--------|--------|--------|--------|--------|  set
cpu-bind=MASK - cn1302, task 163 67 [2506150]: mask |--------|--------|--------|--------|--------|--------|--------|--------|--------|--------|--------|--------||||--------|------BB|--------|--------|--------|--------|--------|--------|--------|--------|--------|--------|  set
cpu-bind=MASK - cn1301, task 64 64 [2709213]: mask |--------|--------|--------|--------|--------|--------|--------|--------|--------|--------|--------|--------||||--------|BB------|--------|--------|--------|--------|--------|--------|--------|--------|--------|--------|  set
cpu-bind=MASK - cn1304, task 319 31 [2790164]: mask |--------|--------|--------|--------|--------|--------|--------|------BB|--------|--------|--------|--------||||--------|--------|--------|--------|--------|--------|--------|--------|--------|--------|--------|--------|  set
cpu-bind=MASK - cn1302, task 164 68 [2506151]: mask |--------|--------|--------|--------|--------|--------|--------|--------|--------|--------|--------|--------||||--------|--------|--------|--------|--------|--------|--------|--------|--------|--------|BB------|--------|  set
cpu-bind=MASK - cn1301, task 65 65 [2709214]: mask |--------|--------|--------|--------|--------|--------|--------|--------|--------|--------|--------|--------||||--------|--BB----|--------|--------|--------|--------|--------|--------|--------|--------|--------|--------|  set
cpu-bind=MASK - cn1303, task 210 18 [2729709]: mask |--------|----BB--|--------|--------|--------|--------|--------|--------|--------|--------|--------|--------||||--------|--------|--------|--------|--------|--------|--------|--------|--------|--------|--------|--------|  set
cpu-bind=MASK - cn1301, task 66 66 [2709215]: mask |--------|--------|--------|--------|--------|--------|--------|--------|--------|--------|--------|--------||||--------|----BB--|--------|--------|--------|--------|--------|--------|--------|--------|--------|--------|  set
cpu-bind=MASK - cn1304, task 320 32 [2790165]: mask |--------|--------|BB------|--------|--------|--------|--------|--------|--------|--------|--------|--------||||--------|--------|--------|--------|--------|--------|--------|--------|--------|--------|--------|--------|  set
cpu-bind=MASK - cn1303, task 211 19 [2729710]: mask |--------|------BB|--------|--------|--------|--------|--------|--------|--------|--------|--------|--------||||--------|--------|--------|--------|--------|--------|--------|--------|--------|--------|--------|--------|  set
cpu-bind=MASK - cn1302, task 165 69 [2506152]: mask |--------|--------|--------|--------|--------|--------|--------|--------|--------|--------|--------|--------||||--------|--------|--------|--------|--------|--------|--------|--------|--------|--------|--BB----|--------|  set
cpu-bind=MASK - cn1303, task 212 20 [2729711]: mask |--------|--------|--------|--------|--------|--------|--------|--------|--------|--------|BB------|--------||||--------|--------|--------|--------|--------|--------|--------|--------|--------|--------|--------|--------|  set
cpu-bind=MASK - cn1301, task 67 67 [2709216]: mask |--------|--------|--------|--------|--------|--------|--------|--------|--------|--------|--------|--------||||--------|------BB|--------|--------|--------|--------|--------|--------|--------|--------|--------|--------|  set
cpu-bind=MASK - cn1302, task 166 70 [2506153]: mask |--------|--------|--------|--------|--------|--------|--------|--------|--------|--------|--------|--------||||--------|--------|--------|--------|--------|--------|--------|--------|--------|--------|----BB--|--------|  set
cpu-bind=MASK - cn1303, task 213 21 [2729712]: mask |--------|--------|--------|--------|--------|--------|--------|--------|--------|--------|--BB----|--------||||--------|--------|--------|--------|--------|--------|--------|--------|--------|--------|--------|--------|  set
cpu-bind=MASK - cn1301, task 68 68 [2709217]: mask |--------|--------|--------|--------|--------|--------|--------|--------|--------|--------|--------|--------||||--------|--------|--------|--------|--------|--------|--------|--------|--------|--------|BB------|--------|  set
cpu-bind=MASK - cn1304, task 321 33 [2790166]: mask |--------|--------|--BB----|--------|--------|--------|--------|--------|--------|--------|--------|--------||||--------|--------|--------|--------|--------|--------|--------|--------|--------|--------|--------|--------|  set
cpu-bind=MASK - cn1302, task 167 71 [2506154]: mask |--------|--------|--------|--------|--------|--------|--------|--------|--------|--------|--------|--------||||--------|--------|--------|--------|--------|--------|--------|--------|--------|--------|------BB|--------|  set
cpu-bind=MASK - cn1301, task 69 69 [2709218]: mask |--------|--------|--------|--------|--------|--------|--------|--------|--------|--------|--------|--------||||--------|--------|--------|--------|--------|--------|--------|--------|--------|--------|--BB----|--------|  set
cpu-bind=MASK - cn1302, task 168 72 [2506155]: mask |--------|--------|--------|--------|--------|--------|--------|--------|--------|--------|--------|--------||||--------|--------|--------|--------|BB------|--------|--------|--------|--------|--------|--------|--------|  set
cpu-bind=MASK - cn1304, task 322 34 [2790167]: mask |--------|--------|----BB--|--------|--------|--------|--------|--------|--------|--------|--------|--------||||--------|--------|--------|--------|--------|--------|--------|--------|--------|--------|--------|--------|  set
cpu-bind=MASK - cn1302, task 169 73 [2506156]: mask |--------|--------|--------|--------|--------|--------|--------|--------|--------|--------|--------|--------||||--------|--------|--------|--------|--BB----|--------|--------|--------|--------|--------|--------|--------|  set
cpu-bind=MASK - cn1304, task 323 35 [2790168]: mask |--------|--------|------BB|--------|--------|--------|--------|--------|--------|--------|--------|--------||||--------|--------|--------|--------|--------|--------|--------|--------|--------|--------|--------|--------|  set
cpu-bind=MASK - cn1301, task 70 70 [2709219]: mask |--------|--------|--------|--------|--------|--------|--------|--------|--------|--------|--------|--------||||--------|--------|--------|--------|--------|--------|--------|--------|--------|--------|----BB--|--------|  set
cpu-bind=MASK - cn1302, task 170 74 [2506157]: mask |--------|--------|--------|--------|--------|--------|--------|--------|--------|--------|--------|--------||||--------|--------|--------|--------|----BB--|--------|--------|--------|--------|--------|--------|--------|  set
cpu-bind=MASK - cn1302, task 171 75 [2506158]: mask |--------|--------|--------|--------|--------|--------|--------|--------|--------|--------|--------|--------||||--------|--------|--------|--------|------BB|--------|--------|--------|--------|--------|--------|--------|  set
cpu-bind=MASK - cn1304, task 324 36 [2790169]: mask |--------|--------|--------|--------|--------|--------|--------|--------|--------|--------|--------|BB------||||--------|--------|--------|--------|--------|--------|--------|--------|--------|--------|--------|--------|  set
cpu-bind=MASK - cn1301, task 71 71 [2709220]: mask |--------|--------|--------|--------|--------|--------|--------|--------|--------|--------|--------|--------||||--------|--------|--------|--------|--------|--------|--------|--------|--------|--------|------BB|--------|  set
cpu-bind=MASK - cn1302, task 172 76 [2506159]: mask |--------|--------|--------|--------|--------|--------|--------|--------|--------|--------|--------|--------||||--------|--------|--------|--------|--------|--------|--------|BB------|--------|--------|--------|--------|  set
cpu-bind=MASK - cn1303, task 214 22 [2729713]: mask |--------|--------|--------|--------|--------|--------|--------|--------|--------|--------|----BB--|--------||||--------|--------|--------|--------|--------|--------|--------|--------|--------|--------|--------|--------|  set
cpu-bind=MASK - cn1302, task 173 77 [2506160]: mask |--------|--------|--------|--------|--------|--------|--------|--------|--------|--------|--------|--------||||--------|--------|--------|--------|--------|--------|--------|--BB----|--------|--------|--------|--------|  set
cpu-bind=MASK - cn1301, task 72 72 [2709221]: mask |--------|--------|--------|--------|--------|--------|--------|--------|--------|--------|--------|--------||||--------|--------|--------|--------|BB------|--------|--------|--------|--------|--------|--------|--------|  set
cpu-bind=MASK - cn1303, task 215 23 [2729714]: mask |--------|--------|--------|--------|--------|--------|--------|--------|--------|--------|------BB|--------||||--------|--------|--------|--------|--------|--------|--------|--------|--------|--------|--------|--------|  set
cpu-bind=MASK - cn1302, task 174 78 [2506161]: mask |--------|--------|--------|--------|--------|--------|--------|--------|--------|--------|--------|--------||||--------|--------|--------|--------|--------|--------|--------|----BB--|--------|--------|--------|--------|  set
cpu-bind=MASK - cn1304, task 325 37 [2790170]: mask |--------|--------|--------|--------|--------|--------|--------|--------|--------|--------|--------|--BB----||||--------|--------|--------|--------|--------|--------|--------|--------|--------|--------|--------|--------|  set
cpu-bind=MASK - cn1301, task 73 73 [2709222]: mask |--------|--------|--------|--------|--------|--------|--------|--------|--------|--------|--------|--------||||--------|--------|--------|--------|--BB----|--------|--------|--------|--------|--------|--------|--------|  set
cpu-bind=MASK - cn1303, task 216 24 [2729715]: mask |--------|--------|--------|--------|BB------|--------|--------|--------|--------|--------|--------|--------||||--------|--------|--------|--------|--------|--------|--------|--------|--------|--------|--------|--------|  set
cpu-bind=MASK - cn1302, task 175 79 [2506162]: mask |--------|--------|--------|--------|--------|--------|--------|--------|--------|--------|--------|--------||||--------|--------|--------|--------|--------|--------|--------|------BB|--------|--------|--------|--------|  set
cpu-bind=MASK - cn1303, task 217 25 [2729716]: mask |--------|--------|--------|--------|--BB----|--------|--------|--------|--------|--------|--------|--------||||--------|--------|--------|--------|--------|--------|--------|--------|--------|--------|--------|--------|  set
cpu-bind=MASK - cn1301, task 74 74 [2709223]: mask |--------|--------|--------|--------|--------|--------|--------|--------|--------|--------|--------|--------||||--------|--------|--------|--------|----BB--|--------|--------|--------|--------|--------|--------|--------|  set
cpu-bind=MASK - cn1304, task 326 38 [2790171]: mask |--------|--------|--------|--------|--------|--------|--------|--------|--------|--------|--------|----BB--||||--------|--------|--------|--------|--------|--------|--------|--------|--------|--------|--------|--------|  set
cpu-bind=MASK - cn1301, task 75 75 [2709224]: mask |--------|--------|--------|--------|--------|--------|--------|--------|--------|--------|--------|--------||||--------|--------|--------|--------|------BB|--------|--------|--------|--------|--------|--------|--------|  set
cpu-bind=MASK - cn1302, task 176 80 [2506163]: mask |--------|--------|--------|--------|--------|--------|--------|--------|--------|--------|--------|--------||||--------|--------|BB------|--------|--------|--------|--------|--------|--------|--------|--------|--------|  set
cpu-bind=MASK - cn1301, task 76 76 [2709225]: mask |--------|--------|--------|--------|--------|--------|--------|--------|--------|--------|--------|--------||||--------|--------|--------|--------|--------|--------|--------|BB------|--------|--------|--------|--------|  set
cpu-bind=MASK - cn1304, task 327 39 [2790172]: mask |--------|--------|--------|--------|--------|--------|--------|--------|--------|--------|--------|------BB||||--------|--------|--------|--------|--------|--------|--------|--------|--------|--------|--------|--------|  set
cpu-bind=MASK - cn1302, task 177 81 [2506164]: mask |--------|--------|--------|--------|--------|--------|--------|--------|--------|--------|--------|--------||||--------|--------|--BB----|--------|--------|--------|--------|--------|--------|--------|--------|--------|  set
cpu-bind=MASK - cn1303, task 218 26 [2729717]: mask |--------|--------|--------|--------|----BB--|--------|--------|--------|--------|--------|--------|--------||||--------|--------|--------|--------|--------|--------|--------|--------|--------|--------|--------|--------|  set
cpu-bind=MASK - cn1301, task 77 77 [2709226]: mask |--------|--------|--------|--------|--------|--------|--------|--------|--------|--------|--------|--------||||--------|--------|--------|--------|--------|--------|--------|--BB----|--------|--------|--------|--------|  set
cpu-bind=MASK - cn1302, task 178 82 [2506165]: mask |--------|--------|--------|--------|--------|--------|--------|--------|--------|--------|--------|--------||||--------|--------|----BB--|--------|--------|--------|--------|--------|--------|--------|--------|--------|  set
cpu-bind=MASK - cn1302, task 179 83 [2506166]: mask |--------|--------|--------|--------|--------|--------|--------|--------|--------|--------|--------|--------||||--------|--------|------BB|--------|--------|--------|--------|--------|--------|--------|--------|--------|  set
cpu-bind=MASK - cn1303, task 219 27 [2729718]: mask |--------|--------|--------|--------|------BB|--------|--------|--------|--------|--------|--------|--------||||--------|--------|--------|--------|--------|--------|--------|--------|--------|--------|--------|--------|  set
cpu-bind=MASK - cn1304, task 328 40 [2790173]: mask |--------|--------|--------|--------|--------|BB------|--------|--------|--------|--------|--------|--------||||--------|--------|--------|--------|--------|--------|--------|--------|--------|--------|--------|--------|  set
cpu-bind=MASK - cn1301, task 78 78 [2709227]: mask |--------|--------|--------|--------|--------|--------|--------|--------|--------|--------|--------|--------||||--------|--------|--------|--------|--------|--------|--------|----BB--|--------|--------|--------|--------|  set
cpu-bind=MASK - cn1302, task 180 84 [2506167]: mask |--------|--------|--------|--------|--------|--------|--------|--------|--------|--------|--------|--------||||--------|--------|--------|--------|--------|--------|--------|--------|--------|--------|--------|BB------|  set
cpu-bind=MASK - cn1302, task 181 85 [2506168]: mask |--------|--------|--------|--------|--------|--------|--------|--------|--------|--------|--------|--------||||--------|--------|--------|--------|--------|--------|--------|--------|--------|--------|--------|--BB----|  set
cpu-bind=MASK - cn1301, task 79 79 [2709228]: mask |--------|--------|--------|--------|--------|--------|--------|--------|--------|--------|--------|--------||||--------|--------|--------|--------|--------|--------|--------|------BB|--------|--------|--------|--------|  set
cpu-bind=MASK - cn1303, task 220 28 [2729719]: mask |--------|--------|--------|--------|--------|--------|--------|BB------|--------|--------|--------|--------||||--------|--------|--------|--------|--------|--------|--------|--------|--------|--------|--------|--------|  set
cpu-bind=MASK - cn1304, task 329 41 [2790174]: mask |--------|--------|--------|--------|--------|--BB----|--------|--------|--------|--------|--------|--------||||--------|--------|--------|--------|--------|--------|--------|--------|--------|--------|--------|--------|  set
cpu-bind=MASK - cn1302, task 182 86 [2506169]: mask |--------|--------|--------|--------|--------|--------|--------|--------|--------|--------|--------|--------||||--------|--------|--------|--------|--------|--------|--------|--------|--------|--------|--------|----BB--|  set
cpu-bind=MASK - cn1303, task 221 29 [2729720]: mask |--------|--------|--------|--------|--------|--------|--------|--BB----|--------|--------|--------|--------||||--------|--------|--------|--------|--------|--------|--------|--------|--------|--------|--------|--------|  set
cpu-bind=MASK - cn1302, task 183 87 [2506170]: mask |--------|--------|--------|--------|--------|--------|--------|--------|--------|--------|--------|--------||||--------|--------|--------|--------|--------|--------|--------|--------|--------|--------|--------|------BB|  set
cpu-bind=MASK - cn1301, task 80 80 [2709229]: mask |--------|--------|--------|--------|--------|--------|--------|--------|--------|--------|--------|--------||||--------|--------|BB------|--------|--------|--------|--------|--------|--------|--------|--------|--------|  set
cpu-bind=MASK - cn1304, task 330 42 [2790175]: mask |--------|--------|--------|--------|--------|----BB--|--------|--------|--------|--------|--------|--------||||--------|--------|--------|--------|--------|--------|--------|--------|--------|--------|--------|--------|  set
cpu-bind=MASK - cn1303, task 222 30 [2729721]: mask |--------|--------|--------|--------|--------|--------|--------|----BB--|--------|--------|--------|--------||||--------|--------|--------|--------|--------|--------|--------|--------|--------|--------|--------|--------|  set
cpu-bind=MASK - cn1302, task 184 88 [2506171]: mask |--------|--------|--------|--------|--------|--------|--------|--------|--------|--------|--------|--------||||--------|--------|--------|--------|--------|BB------|--------|--------|--------|--------|--------|--------|  set
cpu-bind=MASK - cn1301, task 81 81 [2709230]: mask |--------|--------|--------|--------|--------|--------|--------|--------|--------|--------|--------|--------||||--------|--------|--BB----|--------|--------|--------|--------|--------|--------|--------|--------|--------|  set
cpu-bind=MASK - cn1302, task 185 89 [2506172]: mask |--------|--------|--------|--------|--------|--------|--------|--------|--------|--------|--------|--------||||--------|--------|--------|--------|--------|--BB----|--------|--------|--------|--------|--------|--------|  set
cpu-bind=MASK - cn1304, task 331 43 [2790176]: mask |--------|--------|--------|--------|--------|------BB|--------|--------|--------|--------|--------|--------||||--------|--------|--------|--------|--------|--------|--------|--------|--------|--------|--------|--------|  set
cpu-bind=MASK - cn1301, task 82 82 [2709231]: mask |--------|--------|--------|--------|--------|--------|--------|--------|--------|--------|--------|--------||||--------|--------|----BB--|--------|--------|--------|--------|--------|--------|--------|--------|--------|  set
cpu-bind=MASK - cn1302, task 186 90 [2506173]: mask |--------|--------|--------|--------|--------|--------|--------|--------|--------|--------|--------|--------||||--------|--------|--------|--------|--------|----BB--|--------|--------|--------|--------|--------|--------|  set
cpu-bind=MASK - cn1303, task 223 31 [2729722]: mask |--------|--------|--------|--------|--------|--------|--------|------BB|--------|--------|--------|--------||||--------|--------|--------|--------|--------|--------|--------|--------|--------|--------|--------|--------|  set
cpu-bind=MASK - cn1301, task 83 83 [2709232]: mask |--------|--------|--------|--------|--------|--------|--------|--------|--------|--------|--------|--------||||--------|--------|------BB|--------|--------|--------|--------|--------|--------|--------|--------|--------|  set
cpu-bind=MASK - cn1304, task 332 44 [2790177]: mask |--------|--------|--------|--------|--------|--------|--------|--------|BB------|--------|--------|--------||||--------|--------|--------|--------|--------|--------|--------|--------|--------|--------|--------|--------|  set
cpu-bind=MASK - cn1302, task 187 91 [2506174]: mask |--------|--------|--------|--------|--------|--------|--------|--------|--------|--------|--------|--------||||--------|--------|--------|--------|--------|------BB|--------|--------|--------|--------|--------|--------|  set
cpu-bind=MASK - cn1303, task 224 32 [2729723]: mask |--------|--------|BB------|--------|--------|--------|--------|--------|--------|--------|--------|--------||||--------|--------|--------|--------|--------|--------|--------|--------|--------|--------|--------|--------|  set
cpu-bind=MASK - cn1301, task 84 84 [2709233]: mask |--------|--------|--------|--------|--------|--------|--------|--------|--------|--------|--------|--------||||--------|--------|--------|--------|--------|--------|--------|--------|--------|--------|--------|BB------|  set
cpu-bind=MASK - cn1302, task 188 92 [2506175]: mask |--------|--------|--------|--------|--------|--------|--------|--------|--------|--------|--------|--------||||--------|--------|--------|--------|--------|--------|--------|--------|BB------|--------|--------|--------|  set
cpu-bind=MASK - cn1301, task 85 85 [2709234]: mask |--------|--------|--------|--------|--------|--------|--------|--------|--------|--------|--------|--------||||--------|--------|--------|--------|--------|--------|--------|--------|--------|--------|--------|--BB----|  set
cpu-bind=MASK - cn1302, task 189 93 [2506176]: mask |--------|--------|--------|--------|--------|--------|--------|--------|--------|--------|--------|--------||||--------|--------|--------|--------|--------|--------|--------|--------|--BB----|--------|--------|--------|  set
cpu-bind=MASK - cn1304, task 333 45 [2790178]: mask |--------|--------|--------|--------|--------|--------|--------|--------|--BB----|--------|--------|--------||||--------|--------|--------|--------|--------|--------|--------|--------|--------|--------|--------|--------|  set
cpu-bind=MASK - cn1301, task 86 86 [2709235]: mask |--------|--------|--------|--------|--------|--------|--------|--------|--------|--------|--------|--------||||--------|--------|--------|--------|--------|--------|--------|--------|--------|--------|--------|----BB--|  set
cpu-bind=MASK - cn1303, task 225 33 [2729724]: mask |--------|--------|--BB----|--------|--------|--------|--------|--------|--------|--------|--------|--------||||--------|--------|--------|--------|--------|--------|--------|--------|--------|--------|--------|--------|  set
cpu-bind=MASK - cn1302, task 190 94 [2506177]: mask |--------|--------|--------|--------|--------|--------|--------|--------|--------|--------|--------|--------||||--------|--------|--------|--------|--------|--------|--------|--------|----BB--|--------|--------|--------|  set
cpu-bind=MASK - cn1301, task 87 87 [2709236]: mask |--------|--------|--------|--------|--------|--------|--------|--------|--------|--------|--------|--------||||--------|--------|--------|--------|--------|--------|--------|--------|--------|--------|--------|------BB|  set
cpu-bind=MASK - cn1303, task 226 34 [2729725]: mask |--------|--------|----BB--|--------|--------|--------|--------|--------|--------|--------|--------|--------||||--------|--------|--------|--------|--------|--------|--------|--------|--------|--------|--------|--------|  set
cpu-bind=MASK - cn1301, task 88 88 [2709237]: mask |--------|--------|--------|--------|--------|--------|--------|--------|--------|--------|--------|--------||||--------|--------|--------|--------|--------|BB------|--------|--------|--------|--------|--------|--------|  set
cpu-bind=MASK - cn1303, task 227 35 [2729726]: mask |--------|--------|------BB|--------|--------|--------|--------|--------|--------|--------|--------|--------||||--------|--------|--------|--------|--------|--------|--------|--------|--------|--------|--------|--------|  set
cpu-bind=MASK - cn1304, task 334 46 [2790179]: mask |--------|--------|--------|--------|--------|--------|--------|--------|----BB--|--------|--------|--------||||--------|--------|--------|--------|--------|--------|--------|--------|--------|--------|--------|--------|  set
cpu-bind=MASK - cn1303, task 228 36 [2729727]: mask |--------|--------|--------|--------|--------|--------|--------|--------|--------|--------|--------|BB------||||--------|--------|--------|--------|--------|--------|--------|--------|--------|--------|--------|--------|  set
cpu-bind=MASK - cn1301, task 89 89 [2709238]: mask |--------|--------|--------|--------|--------|--------|--------|--------|--------|--------|--------|--------||||--------|--------|--------|--------|--------|--BB----|--------|--------|--------|--------|--------|--------|  set
cpu-bind=MASK - cn1304, task 335 47 [2790180]: mask |--------|--------|--------|--------|--------|--------|--------|--------|------BB|--------|--------|--------||||--------|--------|--------|--------|--------|--------|--------|--------|--------|--------|--------|--------|  set
cpu-bind=MASK - cn1303, task 229 37 [2729728]: mask |--------|--------|--------|--------|--------|--------|--------|--------|--------|--------|--------|--BB----||||--------|--------|--------|--------|--------|--------|--------|--------|--------|--------|--------|--------|  set
cpu-bind=MASK - cn1301, task 90 90 [2709239]: mask |--------|--------|--------|--------|--------|--------|--------|--------|--------|--------|--------|--------||||--------|--------|--------|--------|--------|----BB--|--------|--------|--------|--------|--------|--------|  set
cpu-bind=MASK - cn1304, task 336 48 [2790181]: mask |--------|--------|--------|--------|--------|--------|--------|--------|--------|--------|--------|--------||||BB------|--------|--------|--------|--------|--------|--------|--------|--------|--------|--------|--------|  set
cpu-bind=MASK - cn1301, task 91 91 [2709240]: mask |--------|--------|--------|--------|--------|--------|--------|--------|--------|--------|--------|--------||||--------|--------|--------|--------|--------|------BB|--------|--------|--------|--------|--------|--------|  set
cpu-bind=MASK - cn1304, task 337 49 [2790182]: mask |--------|--------|--------|--------|--------|--------|--------|--------|--------|--------|--------|--------||||--BB----|--------|--------|--------|--------|--------|--------|--------|--------|--------|--------|--------|  set
cpu-bind=MASK - cn1303, task 230 38 [2729729]: mask |--------|--------|--------|--------|--------|--------|--------|--------|--------|--------|--------|----BB--||||--------|--------|--------|--------|--------|--------|--------|--------|--------|--------|--------|--------|  set
cpu-bind=MASK - cn1301, task 92 92 [2709241]: mask |--------|--------|--------|--------|--------|--------|--------|--------|--------|--------|--------|--------||||--------|--------|--------|--------|--------|--------|--------|--------|BB------|--------|--------|--------|  set
cpu-bind=MASK - cn1304, task 338 50 [2790183]: mask |--------|--------|--------|--------|--------|--------|--------|--------|--------|--------|--------|--------||||----BB--|--------|--------|--------|--------|--------|--------|--------|--------|--------|--------|--------|  set
cpu-bind=MASK - cn1301, task 93 93 [2709242]: mask |--------|--------|--------|--------|--------|--------|--------|--------|--------|--------|--------|--------||||--------|--------|--------|--------|--------|--------|--------|--------|--BB----|--------|--------|--------|  set
cpu-bind=MASK - cn1303, task 231 39 [2729730]: mask |--------|--------|--------|--------|--------|--------|--------|--------|--------|--------|--------|------BB||||--------|--------|--------|--------|--------|--------|--------|--------|--------|--------|--------|--------|  set
cpu-bind=MASK - cn1301, task 94 94 [2709243]: mask |--------|--------|--------|--------|--------|--------|--------|--------|--------|--------|--------|--------||||--------|--------|--------|--------|--------|--------|--------|--------|----BB--|--------|--------|--------|  set
cpu-bind=MASK - cn1303, task 232 40 [2729731]: mask |--------|--------|--------|--------|--------|BB------|--------|--------|--------|--------|--------|--------||||--------|--------|--------|--------|--------|--------|--------|--------|--------|--------|--------|--------|  set
cpu-bind=MASK - cn1304, task 339 51 [2790184]: mask |--------|--------|--------|--------|--------|--------|--------|--------|--------|--------|--------|--------||||------BB|--------|--------|--------|--------|--------|--------|--------|--------|--------|--------|--------|  set
cpu-bind=MASK - cn1304, task 340 52 [2790185]: mask |--------|--------|--------|--------|--------|--------|--------|--------|--------|--------|--------|--------||||--------|--------|--------|--------|--------|--------|--------|--------|--------|BB------|--------|--------|  set
cpu-bind=MASK - cn1303, task 233 41 [2729732]: mask |--------|--------|--------|--------|--------|--BB----|--------|--------|--------|--------|--------|--------||||--------|--------|--------|--------|--------|--------|--------|--------|--------|--------|--------|--------|  set
cpu-bind=MASK - cn1304, task 341 53 [2790186]: mask |--------|--------|--------|--------|--------|--------|--------|--------|--------|--------|--------|--------||||--------|--------|--------|--------|--------|--------|--------|--------|--------|--BB----|--------|--------|  set
cpu-bind=MASK - cn1303, task 234 42 [2729733]: mask |--------|--------|--------|--------|--------|----BB--|--------|--------|--------|--------|--------|--------||||--------|--------|--------|--------|--------|--------|--------|--------|--------|--------|--------|--------|  set
cpu-bind=MASK - cn1304, task 342 54 [2790187]: mask |--------|--------|--------|--------|--------|--------|--------|--------|--------|--------|--------|--------||||--------|--------|--------|--------|--------|--------|--------|--------|--------|----BB--|--------|--------|  set
cpu-bind=MASK - cn1303, task 235 43 [2729734]: mask |--------|--------|--------|--------|--------|------BB|--------|--------|--------|--------|--------|--------||||--------|--------|--------|--------|--------|--------|--------|--------|--------|--------|--------|--------|  set
cpu-bind=MASK - cn1304, task 343 55 [2790188]: mask |--------|--------|--------|--------|--------|--------|--------|--------|--------|--------|--------|--------||||--------|--------|--------|--------|--------|--------|--------|--------|--------|------BB|--------|--------|  set
cpu-bind=MASK - cn1304, task 344 56 [2790189]: mask |--------|--------|--------|--------|--------|--------|--------|--------|--------|--------|--------|--------||||--------|--------|--------|BB------|--------|--------|--------|--------|--------|--------|--------|--------|  set
cpu-bind=MASK - cn1303, task 236 44 [2729735]: mask |--------|--------|--------|--------|--------|--------|--------|--------|BB------|--------|--------|--------||||--------|--------|--------|--------|--------|--------|--------|--------|--------|--------|--------|--------|  set
cpu-bind=MASK - cn1304, task 345 57 [2790190]: mask |--------|--------|--------|--------|--------|--------|--------|--------|--------|--------|--------|--------||||--------|--------|--------|--BB----|--------|--------|--------|--------|--------|--------|--------|--------|  set
cpu-bind=MASK - cn1303, task 237 45 [2729736]: mask |--------|--------|--------|--------|--------|--------|--------|--------|--BB----|--------|--------|--------||||--------|--------|--------|--------|--------|--------|--------|--------|--------|--------|--------|--------|  set
cpu-bind=MASK - cn1304, task 346 58 [2790191]: mask |--------|--------|--------|--------|--------|--------|--------|--------|--------|--------|--------|--------||||--------|--------|--------|----BB--|--------|--------|--------|--------|--------|--------|--------|--------|  set
cpu-bind=MASK - cn1303, task 238 46 [2729737]: mask |--------|--------|--------|--------|--------|--------|--------|--------|----BB--|--------|--------|--------||||--------|--------|--------|--------|--------|--------|--------|--------|--------|--------|--------|--------|  set
cpu-bind=MASK - cn1304, task 347 59 [2790192]: mask |--------|--------|--------|--------|--------|--------|--------|--------|--------|--------|--------|--------||||--------|--------|--------|------BB|--------|--------|--------|--------|--------|--------|--------|--------|  set
cpu-bind=MASK - cn1304, task 348 60 [2790193]: mask |--------|--------|--------|--------|--------|--------|--------|--------|--------|--------|--------|--------||||--------|--------|--------|--------|--------|--------|BB------|--------|--------|--------|--------|--------|  set
cpu-bind=MASK - cn1303, task 239 47 [2729738]: mask |--------|--------|--------|--------|--------|--------|--------|--------|------BB|--------|--------|--------||||--------|--------|--------|--------|--------|--------|--------|--------|--------|--------|--------|--------|  set
cpu-bind=MASK - cn1304, task 349 61 [2790194]: mask |--------|--------|--------|--------|--------|--------|--------|--------|--------|--------|--------|--------||||--------|--------|--------|--------|--------|--------|--BB----|--------|--------|--------|--------|--------|  set
cpu-bind=MASK - cn1303, task 240 48 [2729739]: mask |--------|--------|--------|--------|--------|--------|--------|--------|--------|--------|--------|--------||||BB------|--------|--------|--------|--------|--------|--------|--------|--------|--------|--------|--------|  set
cpu-bind=MASK - cn1303, task 241 49 [2729740]: mask |--------|--------|--------|--------|--------|--------|--------|--------|--------|--------|--------|--------||||--BB----|--------|--------|--------|--------|--------|--------|--------|--------|--------|--------|--------|  set
cpu-bind=MASK - cn1304, task 350 62 [2790195]: mask |--------|--------|--------|--------|--------|--------|--------|--------|--------|--------|--------|--------||||--------|--------|--------|--------|--------|--------|----BB--|--------|--------|--------|--------|--------|  set
cpu-bind=MASK - cn1303, task 242 50 [2729741]: mask |--------|--------|--------|--------|--------|--------|--------|--------|--------|--------|--------|--------||||----BB--|--------|--------|--------|--------|--------|--------|--------|--------|--------|--------|--------|  set
cpu-bind=MASK - cn1304, task 351 63 [2790196]: mask |--------|--------|--------|--------|--------|--------|--------|--------|--------|--------|--------|--------||||--------|--------|--------|--------|--------|--------|------BB|--------|--------|--------|--------|--------|  set
cpu-bind=MASK - cn1303, task 243 51 [2729742]: mask |--------|--------|--------|--------|--------|--------|--------|--------|--------|--------|--------|--------||||------BB|--------|--------|--------|--------|--------|--------|--------|--------|--------|--------|--------|  set
cpu-bind=MASK - cn1304, task 352 64 [2790197]: mask |--------|--------|--------|--------|--------|--------|--------|--------|--------|--------|--------|--------||||--------|BB------|--------|--------|--------|--------|--------|--------|--------|--------|--------|--------|  set
cpu-bind=MASK - cn1303, task 244 52 [2729743]: mask |--------|--------|--------|--------|--------|--------|--------|--------|--------|--------|--------|--------||||--------|--------|--------|--------|--------|--------|--------|--------|--------|BB------|--------|--------|  set
cpu-bind=MASK - cn1304, task 353 65 [2790198]: mask |--------|--------|--------|--------|--------|--------|--------|--------|--------|--------|--------|--------||||--------|--BB----|--------|--------|--------|--------|--------|--------|--------|--------|--------|--------|  set
cpu-bind=MASK - cn1301, task 95 95 [2709244]: mask |--------|--------|--------|--------|--------|--------|--------|--------|--------|--------|--------|--------||||--------|--------|--------|--------|--------|--------|--------|--------|------BB|--------|--------|--------|  set
cpu-bind=MASK - cn1303, task 245 53 [2729744]: mask |--------|--------|--------|--------|--------|--------|--------|--------|--------|--------|--------|--------||||--------|--------|--------|--------|--------|--------|--------|--------|--------|--BB----|--------|--------|  set
cpu-bind=MASK - cn1304, task 354 66 [2790199]: mask |--------|--------|--------|--------|--------|--------|--------|--------|--------|--------|--------|--------||||--------|----BB--|--------|--------|--------|--------|--------|--------|--------|--------|--------|--------|  set
cpu-bind=MASK - cn1304, task 355 67 [2790200]: mask |--------|--------|--------|--------|--------|--------|--------|--------|--------|--------|--------|--------||||--------|------BB|--------|--------|--------|--------|--------|--------|--------|--------|--------|--------|  set
cpu-bind=MASK - cn1303, task 246 54 [2729745]: mask |--------|--------|--------|--------|--------|--------|--------|--------|--------|--------|--------|--------||||--------|--------|--------|--------|--------|--------|--------|--------|--------|----BB--|--------|--------|  set
cpu-bind=MASK - cn1303, task 247 55 [2729746]: mask |--------|--------|--------|--------|--------|--------|--------|--------|--------|--------|--------|--------||||--------|--------|--------|--------|--------|--------|--------|--------|--------|------BB|--------|--------|  set
cpu-bind=MASK - cn1304, task 356 68 [2790201]: mask |--------|--------|--------|--------|--------|--------|--------|--------|--------|--------|--------|--------||||--------|--------|--------|--------|--------|--------|--------|--------|--------|--------|BB------|--------|  set
cpu-bind=MASK - cn1302, task 191 95 [2506178]: mask |--------|--------|--------|--------|--------|--------|--------|--------|--------|--------|--------|--------||||--------|--------|--------|--------|--------|--------|--------|--------|------BB|--------|--------|--------|  set
cpu-bind=MASK - cn1303, task 248 56 [2729747]: mask |--------|--------|--------|--------|--------|--------|--------|--------|--------|--------|--------|--------||||--------|--------|--------|BB------|--------|--------|--------|--------|--------|--------|--------|--------|  set
cpu-bind=MASK - cn1304, task 357 69 [2790202]: mask |--------|--------|--------|--------|--------|--------|--------|--------|--------|--------|--------|--------||||--------|--------|--------|--------|--------|--------|--------|--------|--------|--------|--BB----|--------|  set
cpu-bind=MASK - cn1303, task 249 57 [2729748]: mask |--------|--------|--------|--------|--------|--------|--------|--------|--------|--------|--------|--------||||--------|--------|--------|--BB----|--------|--------|--------|--------|--------|--------|--------|--------|  set
cpu-bind=MASK - cn1304, task 358 70 [2790203]: mask |--------|--------|--------|--------|--------|--------|--------|--------|--------|--------|--------|--------||||--------|--------|--------|--------|--------|--------|--------|--------|--------|--------|----BB--|--------|  set
cpu-bind=MASK - cn1303, task 250 58 [2729749]: mask |--------|--------|--------|--------|--------|--------|--------|--------|--------|--------|--------|--------||||--------|--------|--------|----BB--|--------|--------|--------|--------|--------|--------|--------|--------|  set
cpu-bind=MASK - cn1304, task 359 71 [2790204]: mask |--------|--------|--------|--------|--------|--------|--------|--------|--------|--------|--------|--------||||--------|--------|--------|--------|--------|--------|--------|--------|--------|--------|------BB|--------|  set
cpu-bind=MASK - cn1303, task 251 59 [2729750]: mask |--------|--------|--------|--------|--------|--------|--------|--------|--------|--------|--------|--------||||--------|--------|--------|------BB|--------|--------|--------|--------|--------|--------|--------|--------|  set
cpu-bind=MASK - cn1304, task 360 72 [2790205]: mask |--------|--------|--------|--------|--------|--------|--------|--------|--------|--------|--------|--------||||--------|--------|--------|--------|BB------|--------|--------|--------|--------|--------|--------|--------|  set
cpu-bind=MASK - cn1303, task 252 60 [2729751]: mask |--------|--------|--------|--------|--------|--------|--------|--------|--------|--------|--------|--------||||--------|--------|--------|--------|--------|--------|BB------|--------|--------|--------|--------|--------|  set
cpu-bind=MASK - cn1303, task 253 61 [2729752]: mask |--------|--------|--------|--------|--------|--------|--------|--------|--------|--------|--------|--------||||--------|--------|--------|--------|--------|--------|--BB----|--------|--------|--------|--------|--------|  set
cpu-bind=MASK - cn1304, task 361 73 [2790206]: mask |--------|--------|--------|--------|--------|--------|--------|--------|--------|--------|--------|--------||||--------|--------|--------|--------|--BB----|--------|--------|--------|--------|--------|--------|--------|  set
cpu-bind=MASK - cn1303, task 254 62 [2729753]: mask |--------|--------|--------|--------|--------|--------|--------|--------|--------|--------|--------|--------||||--------|--------|--------|--------|--------|--------|----BB--|--------|--------|--------|--------|--------|  set
cpu-bind=MASK - cn1304, task 362 74 [2790207]: mask |--------|--------|--------|--------|--------|--------|--------|--------|--------|--------|--------|--------||||--------|--------|--------|--------|----BB--|--------|--------|--------|--------|--------|--------|--------|  set
cpu-bind=MASK - cn1303, task 255 63 [2729754]: mask |--------|--------|--------|--------|--------|--------|--------|--------|--------|--------|--------|--------||||--------|--------|--------|--------|--------|--------|------BB|--------|--------|--------|--------|--------|  set
cpu-bind=MASK - cn1304, task 363 75 [2790208]: mask |--------|--------|--------|--------|--------|--------|--------|--------|--------|--------|--------|--------||||--------|--------|--------|--------|------BB|--------|--------|--------|--------|--------|--------|--------|  set
cpu-bind=MASK - cn1303, task 256 64 [2729755]: mask |--------|--------|--------|--------|--------|--------|--------|--------|--------|--------|--------|--------||||--------|BB------|--------|--------|--------|--------|--------|--------|--------|--------|--------|--------|  set
cpu-bind=MASK - cn1304, task 364 76 [2790209]: mask |--------|--------|--------|--------|--------|--------|--------|--------|--------|--------|--------|--------||||--------|--------|--------|--------|--------|--------|--------|BB------|--------|--------|--------|--------|  set
cpu-bind=MASK - cn1303, task 257 65 [2729756]: mask |--------|--------|--------|--------|--------|--------|--------|--------|--------|--------|--------|--------||||--------|--BB----|--------|--------|--------|--------|--------|--------|--------|--------|--------|--------|  set
cpu-bind=MASK - cn1303, task 258 66 [2729757]: mask |--------|--------|--------|--------|--------|--------|--------|--------|--------|--------|--------|--------||||--------|----BB--|--------|--------|--------|--------|--------|--------|--------|--------|--------|--------|  set
cpu-bind=MASK - cn1304, task 365 77 [2790210]: mask |--------|--------|--------|--------|--------|--------|--------|--------|--------|--------|--------|--------||||--------|--------|--------|--------|--------|--------|--------|--BB----|--------|--------|--------|--------|  set
cpu-bind=MASK - cn1303, task 259 67 [2729758]: mask |--------|--------|--------|--------|--------|--------|--------|--------|--------|--------|--------|--------||||--------|------BB|--------|--------|--------|--------|--------|--------|--------|--------|--------|--------|  set
cpu-bind=MASK - cn1303, task 260 68 [2729759]: mask |--------|--------|--------|--------|--------|--------|--------|--------|--------|--------|--------|--------||||--------|--------|--------|--------|--------|--------|--------|--------|--------|--------|BB------|--------|  set
cpu-bind=MASK - cn1304, task 366 78 [2790211]: mask |--------|--------|--------|--------|--------|--------|--------|--------|--------|--------|--------|--------||||--------|--------|--------|--------|--------|--------|--------|----BB--|--------|--------|--------|--------|  set
cpu-bind=MASK - cn1303, task 261 69 [2729760]: mask |--------|--------|--------|--------|--------|--------|--------|--------|--------|--------|--------|--------||||--------|--------|--------|--------|--------|--------|--------|--------|--------|--------|--BB----|--------|  set
cpu-bind=MASK - cn1304, task 367 79 [2790212]: mask |--------|--------|--------|--------|--------|--------|--------|--------|--------|--------|--------|--------||||--------|--------|--------|--------|--------|--------|--------|------BB|--------|--------|--------|--------|  set
cpu-bind=MASK - cn1304, task 368 80 [2790213]: mask |--------|--------|--------|--------|--------|--------|--------|--------|--------|--------|--------|--------||||--------|--------|BB------|--------|--------|--------|--------|--------|--------|--------|--------|--------|  set
cpu-bind=MASK - cn1303, task 262 70 [2729761]: mask |--------|--------|--------|--------|--------|--------|--------|--------|--------|--------|--------|--------||||--------|--------|--------|--------|--------|--------|--------|--------|--------|--------|----BB--|--------|  set
cpu-bind=MASK - cn1304, task 369 81 [2790214]: mask |--------|--------|--------|--------|--------|--------|--------|--------|--------|--------|--------|--------||||--------|--------|--BB----|--------|--------|--------|--------|--------|--------|--------|--------|--------|  set
cpu-bind=MASK - cn1303, task 263 71 [2729762]: mask |--------|--------|--------|--------|--------|--------|--------|--------|--------|--------|--------|--------||||--------|--------|--------|--------|--------|--------|--------|--------|--------|--------|------BB|--------|  set
cpu-bind=MASK - cn1304, task 370 82 [2790215]: mask |--------|--------|--------|--------|--------|--------|--------|--------|--------|--------|--------|--------||||--------|--------|----BB--|--------|--------|--------|--------|--------|--------|--------|--------|--------|  set
cpu-bind=MASK - cn1303, task 264 72 [2729763]: mask |--------|--------|--------|--------|--------|--------|--------|--------|--------|--------|--------|--------||||--------|--------|--------|--------|BB------|--------|--------|--------|--------|--------|--------|--------|  set
cpu-bind=MASK - cn1304, task 371 83 [2790216]: mask |--------|--------|--------|--------|--------|--------|--------|--------|--------|--------|--------|--------||||--------|--------|------BB|--------|--------|--------|--------|--------|--------|--------|--------|--------|  set
cpu-bind=MASK - cn1303, task 265 73 [2729764]: mask |--------|--------|--------|--------|--------|--------|--------|--------|--------|--------|--------|--------||||--------|--------|--------|--------|--BB----|--------|--------|--------|--------|--------|--------|--------|  set
cpu-bind=MASK - cn1304, task 372 84 [2790217]: mask |--------|--------|--------|--------|--------|--------|--------|--------|--------|--------|--------|--------||||--------|--------|--------|--------|--------|--------|--------|--------|--------|--------|--------|BB------|  set
cpu-bind=MASK - cn1303, task 266 74 [2729765]: mask |--------|--------|--------|--------|--------|--------|--------|--------|--------|--------|--------|--------||||--------|--------|--------|--------|----BB--|--------|--------|--------|--------|--------|--------|--------|  set
cpu-bind=MASK - cn1304, task 373 85 [2790218]: mask |--------|--------|--------|--------|--------|--------|--------|--------|--------|--------|--------|--------||||--------|--------|--------|--------|--------|--------|--------|--------|--------|--------|--------|--BB----|  set
cpu-bind=MASK - cn1303, task 267 75 [2729766]: mask |--------|--------|--------|--------|--------|--------|--------|--------|--------|--------|--------|--------||||--------|--------|--------|--------|------BB|--------|--------|--------|--------|--------|--------|--------|  set
cpu-bind=MASK - cn1303, task 268 76 [2729767]: mask |--------|--------|--------|--------|--------|--------|--------|--------|--------|--------|--------|--------||||--------|--------|--------|--------|--------|--------|--------|BB------|--------|--------|--------|--------|  set
cpu-bind=MASK - cn1304, task 374 86 [2790219]: mask |--------|--------|--------|--------|--------|--------|--------|--------|--------|--------|--------|--------||||--------|--------|--------|--------|--------|--------|--------|--------|--------|--------|--------|----BB--|  set
cpu-bind=MASK - cn1303, task 269 77 [2729768]: mask |--------|--------|--------|--------|--------|--------|--------|--------|--------|--------|--------|--------||||--------|--------|--------|--------|--------|--------|--------|--BB----|--------|--------|--------|--------|  set
cpu-bind=MASK - cn1304, task 375 87 [2790220]: mask |--------|--------|--------|--------|--------|--------|--------|--------|--------|--------|--------|--------||||--------|--------|--------|--------|--------|--------|--------|--------|--------|--------|--------|------BB|  set
cpu-bind=MASK - cn1303, task 270 78 [2729769]: mask |--------|--------|--------|--------|--------|--------|--------|--------|--------|--------|--------|--------||||--------|--------|--------|--------|--------|--------|--------|----BB--|--------|--------|--------|--------|  set
cpu-bind=MASK - cn1303, task 271 79 [2729770]: mask |--------|--------|--------|--------|--------|--------|--------|--------|--------|--------|--------|--------||||--------|--------|--------|--------|--------|--------|--------|------BB|--------|--------|--------|--------|  set
cpu-bind=MASK - cn1304, task 376 88 [2790221]: mask |--------|--------|--------|--------|--------|--------|--------|--------|--------|--------|--------|--------||||--------|--------|--------|--------|--------|BB------|--------|--------|--------|--------|--------|--------|  set
cpu-bind=MASK - cn1303, task 272 80 [2729771]: mask |--------|--------|--------|--------|--------|--------|--------|--------|--------|--------|--------|--------||||--------|--------|BB------|--------|--------|--------|--------|--------|--------|--------|--------|--------|  set
cpu-bind=MASK - cn1304, task 377 89 [2790222]: mask |--------|--------|--------|--------|--------|--------|--------|--------|--------|--------|--------|--------||||--------|--------|--------|--------|--------|--BB----|--------|--------|--------|--------|--------|--------|  set
cpu-bind=MASK - cn1304, task 378 90 [2790223]: mask |--------|--------|--------|--------|--------|--------|--------|--------|--------|--------|--------|--------||||--------|--------|--------|--------|--------|----BB--|--------|--------|--------|--------|--------|--------|  set
cpu-bind=MASK - cn1303, task 273 81 [2729772]: mask |--------|--------|--------|--------|--------|--------|--------|--------|--------|--------|--------|--------||||--------|--------|--BB----|--------|--------|--------|--------|--------|--------|--------|--------|--------|  set
cpu-bind=MASK - cn1304, task 379 91 [2790224]: mask |--------|--------|--------|--------|--------|--------|--------|--------|--------|--------|--------|--------||||--------|--------|--------|--------|--------|------BB|--------|--------|--------|--------|--------|--------|  set
cpu-bind=MASK - cn1303, task 274 82 [2729773]: mask |--------|--------|--------|--------|--------|--------|--------|--------|--------|--------|--------|--------||||--------|--------|----BB--|--------|--------|--------|--------|--------|--------|--------|--------|--------|  set
cpu-bind=MASK - cn1303, task 275 83 [2729774]: mask |--------|--------|--------|--------|--------|--------|--------|--------|--------|--------|--------|--------||||--------|--------|------BB|--------|--------|--------|--------|--------|--------|--------|--------|--------|  set
cpu-bind=MASK - cn1304, task 380 92 [2790225]: mask |--------|--------|--------|--------|--------|--------|--------|--------|--------|--------|--------|--------||||--------|--------|--------|--------|--------|--------|--------|--------|BB------|--------|--------|--------|  set
cpu-bind=MASK - cn1303, task 276 84 [2729775]: mask |--------|--------|--------|--------|--------|--------|--------|--------|--------|--------|--------|--------||||--------|--------|--------|--------|--------|--------|--------|--------|--------|--------|--------|BB------|  set
cpu-bind=MASK - cn1303, task 277 85 [2729776]: mask |--------|--------|--------|--------|--------|--------|--------|--------|--------|--------|--------|--------||||--------|--------|--------|--------|--------|--------|--------|--------|--------|--------|--------|--BB----|  set
cpu-bind=MASK - cn1304, task 381 93 [2790226]: mask |--------|--------|--------|--------|--------|--------|--------|--------|--------|--------|--------|--------||||--------|--------|--------|--------|--------|--------|--------|--------|--BB----|--------|--------|--------|  set
cpu-bind=MASK - cn1303, task 278 86 [2729777]: mask |--------|--------|--------|--------|--------|--------|--------|--------|--------|--------|--------|--------||||--------|--------|--------|--------|--------|--------|--------|--------|--------|--------|--------|----BB--|  set
cpu-bind=MASK - cn1304, task 382 94 [2790227]: mask |--------|--------|--------|--------|--------|--------|--------|--------|--------|--------|--------|--------||||--------|--------|--------|--------|--------|--------|--------|--------|----BB--|--------|--------|--------|  set
cpu-bind=MASK - cn1303, task 279 87 [2729778]: mask |--------|--------|--------|--------|--------|--------|--------|--------|--------|--------|--------|--------||||--------|--------|--------|--------|--------|--------|--------|--------|--------|--------|--------|------BB|  set
cpu-bind=MASK - cn1303, task 280 88 [2729779]: mask |--------|--------|--------|--------|--------|--------|--------|--------|--------|--------|--------|--------||||--------|--------|--------|--------|--------|BB------|--------|--------|--------|--------|--------|--------|  set
cpu-bind=MASK - cn1303, task 281 89 [2729780]: mask |--------|--------|--------|--------|--------|--------|--------|--------|--------|--------|--------|--------||||--------|--------|--------|--------|--------|--BB----|--------|--------|--------|--------|--------|--------|  set
cpu-bind=MASK - cn1303, task 282 90 [2729781]: mask |--------|--------|--------|--------|--------|--------|--------|--------|--------|--------|--------|--------||||--------|--------|--------|--------|--------|----BB--|--------|--------|--------|--------|--------|--------|  set
cpu-bind=MASK - cn1303, task 283 91 [2729782]: mask |--------|--------|--------|--------|--------|--------|--------|--------|--------|--------|--------|--------||||--------|--------|--------|--------|--------|------BB|--------|--------|--------|--------|--------|--------|  set
cpu-bind=MASK - cn1303, task 284 92 [2729783]: mask |--------|--------|--------|--------|--------|--------|--------|--------|--------|--------|--------|--------||||--------|--------|--------|--------|--------|--------|--------|--------|BB------|--------|--------|--------|  set
cpu-bind=MASK - cn1303, task 285 93 [2729784]: mask |--------|--------|--------|--------|--------|--------|--------|--------|--------|--------|--------|--------||||--------|--------|--------|--------|--------|--------|--------|--------|--BB----|--------|--------|--------|  set
cpu-bind=MASK - cn1303, task 286 94 [2729785]: mask |--------|--------|--------|--------|--------|--------|--------|--------|--------|--------|--------|--------||||--------|--------|--------|--------|--------|--------|--------|--------|----BB--|--------|--------|--------|  set
cpu-bind=MASK - cn1304, task 383 95 [2790228]: mask |--------|--------|--------|--------|--------|--------|--------|--------|--------|--------|--------|--------||||--------|--------|--------|--------|--------|--------|--------|--------|------BB|--------|--------|--------|  set
cpu-bind=MASK - cn1303, task 287 95 [2729786]: mask |--------|--------|--------|--------|--------|--------|--------|--------|--------|--------|--------|--------||||--------|--------|--------|--------|--------|--------|--------|--------|------BB|--------|--------|--------|  set
slurmstepd: error: *** STEP 180314.0 ON cn1301 CANCELLED AT 2025-10-14T11:02:55 ***
srun: Job step aborted: Waiting up to 32 seconds for job step to finish.
srun: error: cn1304: tasks 288-383: Killed
srun: Terminating StepId=180314.0
srun: error: cn1302: tasks 96-191: Killed
srun: error: cn1301: task 0: Exited with exit code 1
srun: error: cn1301: tasks 1-95: Killed
srun: error: cn1303: tasks 192-287: Killed
