cpu-bind=MASK - cn1301, task  0  0 [2706504]: mask |BBBBBBBB|BBBBBBBB|BBBBBBBB|BBBBBBBB|BBBBBBBB|BBBBBBBB|BBBBBBBB|BBBBBBBB|BBBBBBBB|BBBBBBBB|BBBBBBBB|BBBBBBBB||||BBBBBBBB|BBBBBBBB|BBBBBBBB|BBBBBBBB|BBBBBBBB|BBBBBBBB|BBBBBBBB|BBBBBBBB|BBBBBBBB|BBBBBBBB|BBBBBBBB|BBBBBBBB|  set
Running "module reset". Resetting modules to system default. The following $MODULEPATH directories have been removed: None
rm: cannot remove 'cp2k.out': No such file or directory
cpu-bind=MASK - cn1301, task  0  0 [2706921]: mask |BB------|--------|--------|--------|--------|--------|--------|--------|--------|--------|--------|--------||||--------|--------|--------|--------|--------|--------|--------|--------|--------|--------|--------|--------|  set
cpu-bind=MASK - cn1301, task  1  1 [2706922]: mask |--BB----|--------|--------|--------|--------|--------|--------|--------|--------|--------|--------|--------||||--------|--------|--------|--------|--------|--------|--------|--------|--------|--------|--------|--------|  set
cpu-bind=MASK - cn1301, task  2  2 [2706923]: mask |----BB--|--------|--------|--------|--------|--------|--------|--------|--------|--------|--------|--------||||--------|--------|--------|--------|--------|--------|--------|--------|--------|--------|--------|--------|  set
cpu-bind=MASK - cn1301, task  3  3 [2706924]: mask |------BB|--------|--------|--------|--------|--------|--------|--------|--------|--------|--------|--------||||--------|--------|--------|--------|--------|--------|--------|--------|--------|--------|--------|--------|  set
cpu-bind=MASK - cn1301, task  4  4 [2706925]: mask |--------|--------|--------|--------|--------|--------|--------|--------|--------|BB------|--------|--------||||--------|--------|--------|--------|--------|--------|--------|--------|--------|--------|--------|--------|  set
cpu-bind=MASK - cn1301, task  5  5 [2706926]: mask |--------|--------|--------|--------|--------|--------|--------|--------|--------|--BB----|--------|--------||||--------|--------|--------|--------|--------|--------|--------|--------|--------|--------|--------|--------|  set
cpu-bind=MASK - cn1301, task  6  6 [2706927]: mask |--------|--------|--------|--------|--------|--------|--------|--------|--------|----BB--|--------|--------||||--------|--------|--------|--------|--------|--------|--------|--------|--------|--------|--------|--------|  set
cpu-bind=MASK - cn1301, task  7  7 [2706928]: mask |--------|--------|--------|--------|--------|--------|--------|--------|--------|------BB|--------|--------||||--------|--------|--------|--------|--------|--------|--------|--------|--------|--------|--------|--------|  set
cpu-bind=MASK - cn1301, task  8  8 [2706929]: mask |--------|--------|--------|BB------|--------|--------|--------|--------|--------|--------|--------|--------||||--------|--------|--------|--------|--------|--------|--------|--------|--------|--------|--------|--------|  set
cpu-bind=MASK - cn1301, task  9  9 [2706930]: mask |--------|--------|--------|--BB----|--------|--------|--------|--------|--------|--------|--------|--------||||--------|--------|--------|--------|--------|--------|--------|--------|--------|--------|--------|--------|  set
cpu-bind=MASK - cn1301, task 10 10 [2706931]: mask |--------|--------|--------|----BB--|--------|--------|--------|--------|--------|--------|--------|--------||||--------|--------|--------|--------|--------|--------|--------|--------|--------|--------|--------|--------|  set
cpu-bind=MASK - cn1301, task 11 11 [2706932]: mask |--------|--------|--------|------BB|--------|--------|--------|--------|--------|--------|--------|--------||||--------|--------|--------|--------|--------|--------|--------|--------|--------|--------|--------|--------|  set
cpu-bind=MASK - cn1301, task 12 12 [2706933]: mask |--------|--------|--------|--------|--------|--------|BB------|--------|--------|--------|--------|--------||||--------|--------|--------|--------|--------|--------|--------|--------|--------|--------|--------|--------|  set
cpu-bind=MASK - cn1301, task 13 13 [2706934]: mask |--------|--------|--------|--------|--------|--------|--BB----|--------|--------|--------|--------|--------||||--------|--------|--------|--------|--------|--------|--------|--------|--------|--------|--------|--------|  set
cpu-bind=MASK - cn1301, task 14 14 [2706935]: mask |--------|--------|--------|--------|--------|--------|----BB--|--------|--------|--------|--------|--------||||--------|--------|--------|--------|--------|--------|--------|--------|--------|--------|--------|--------|  set
cpu-bind=MASK - cn1301, task 15 15 [2706936]: mask |--------|--------|--------|--------|--------|--------|------BB|--------|--------|--------|--------|--------||||--------|--------|--------|--------|--------|--------|--------|--------|--------|--------|--------|--------|  set
cpu-bind=MASK - cn1301, task 16 16 [2706937]: mask |--------|BB------|--------|--------|--------|--------|--------|--------|--------|--------|--------|--------||||--------|--------|--------|--------|--------|--------|--------|--------|--------|--------|--------|--------|  set
cpu-bind=MASK - cn1301, task 17 17 [2706938]: mask |--------|--BB----|--------|--------|--------|--------|--------|--------|--------|--------|--------|--------||||--------|--------|--------|--------|--------|--------|--------|--------|--------|--------|--------|--------|  set
cpu-bind=MASK - cn1301, task 18 18 [2706939]: mask |--------|----BB--|--------|--------|--------|--------|--------|--------|--------|--------|--------|--------||||--------|--------|--------|--------|--------|--------|--------|--------|--------|--------|--------|--------|  set
cpu-bind=MASK - cn1301, task 19 19 [2706940]: mask |--------|------BB|--------|--------|--------|--------|--------|--------|--------|--------|--------|--------||||--------|--------|--------|--------|--------|--------|--------|--------|--------|--------|--------|--------|  set
cpu-bind=MASK - cn1301, task 20 20 [2706941]: mask |--------|--------|--------|--------|--------|--------|--------|--------|--------|--------|BB------|--------||||--------|--------|--------|--------|--------|--------|--------|--------|--------|--------|--------|--------|  set
cpu-bind=MASK - cn1301, task 21 21 [2706942]: mask |--------|--------|--------|--------|--------|--------|--------|--------|--------|--------|--BB----|--------||||--------|--------|--------|--------|--------|--------|--------|--------|--------|--------|--------|--------|  set
cpu-bind=MASK - cn1301, task 22 22 [2706943]: mask |--------|--------|--------|--------|--------|--------|--------|--------|--------|--------|----BB--|--------||||--------|--------|--------|--------|--------|--------|--------|--------|--------|--------|--------|--------|  set
cpu-bind=MASK - cn1301, task 23 23 [2706944]: mask |--------|--------|--------|--------|--------|--------|--------|--------|--------|--------|------BB|--------||||--------|--------|--------|--------|--------|--------|--------|--------|--------|--------|--------|--------|  set
cpu-bind=MASK - cn1301, task 24 24 [2706945]: mask |--------|--------|--------|--------|BB------|--------|--------|--------|--------|--------|--------|--------||||--------|--------|--------|--------|--------|--------|--------|--------|--------|--------|--------|--------|  set
cpu-bind=MASK - cn1301, task 25 25 [2706946]: mask |--------|--------|--------|--------|--BB----|--------|--------|--------|--------|--------|--------|--------||||--------|--------|--------|--------|--------|--------|--------|--------|--------|--------|--------|--------|  set
cpu-bind=MASK - cn1302, task 96  0 [2504347]: mask |BB------|--------|--------|--------|--------|--------|--------|--------|--------|--------|--------|--------||||--------|--------|--------|--------|--------|--------|--------|--------|--------|--------|--------|--------|  set
cpu-bind=MASK - cn1301, task 26 26 [2706947]: mask |--------|--------|--------|--------|----BB--|--------|--------|--------|--------|--------|--------|--------||||--------|--------|--------|--------|--------|--------|--------|--------|--------|--------|--------|--------|  set
cpu-bind=MASK - cn1301, task 27 27 [2706948]: mask |--------|--------|--------|--------|------BB|--------|--------|--------|--------|--------|--------|--------||||--------|--------|--------|--------|--------|--------|--------|--------|--------|--------|--------|--------|  set
cpu-bind=MASK - cn1302, task 97  1 [2504348]: mask |--BB----|--------|--------|--------|--------|--------|--------|--------|--------|--------|--------|--------||||--------|--------|--------|--------|--------|--------|--------|--------|--------|--------|--------|--------|  set
cpu-bind=MASK - cn1301, task 28 28 [2706949]: mask |--------|--------|--------|--------|--------|--------|--------|BB------|--------|--------|--------|--------||||--------|--------|--------|--------|--------|--------|--------|--------|--------|--------|--------|--------|  set
cpu-bind=MASK - cn1301, task 29 29 [2706950]: mask |--------|--------|--------|--------|--------|--------|--------|--BB----|--------|--------|--------|--------||||--------|--------|--------|--------|--------|--------|--------|--------|--------|--------|--------|--------|  set
cpu-bind=MASK - cn1302, task 98  2 [2504349]: mask |----BB--|--------|--------|--------|--------|--------|--------|--------|--------|--------|--------|--------||||--------|--------|--------|--------|--------|--------|--------|--------|--------|--------|--------|--------|  set
cpu-bind=MASK - cn1301, task 30 30 [2706951]: mask |--------|--------|--------|--------|--------|--------|--------|----BB--|--------|--------|--------|--------||||--------|--------|--------|--------|--------|--------|--------|--------|--------|--------|--------|--------|  set
cpu-bind=MASK - cn1302, task 99  3 [2504350]: mask |------BB|--------|--------|--------|--------|--------|--------|--------|--------|--------|--------|--------||||--------|--------|--------|--------|--------|--------|--------|--------|--------|--------|--------|--------|  set
cpu-bind=MASK - cn1301, task 31 31 [2706952]: mask |--------|--------|--------|--------|--------|--------|--------|------BB|--------|--------|--------|--------||||--------|--------|--------|--------|--------|--------|--------|--------|--------|--------|--------|--------|  set
cpu-bind=MASK - cn1302, task 100  4 [2504351]: mask |--------|--------|--------|--------|--------|--------|--------|--------|--------|BB------|--------|--------||||--------|--------|--------|--------|--------|--------|--------|--------|--------|--------|--------|--------|  set
cpu-bind=MASK - cn1301, task 32 32 [2706953]: mask |--------|--------|BB------|--------|--------|--------|--------|--------|--------|--------|--------|--------||||--------|--------|--------|--------|--------|--------|--------|--------|--------|--------|--------|--------|  set
cpu-bind=MASK - cn1302, task 101  5 [2504352]: mask |--------|--------|--------|--------|--------|--------|--------|--------|--------|--BB----|--------|--------||||--------|--------|--------|--------|--------|--------|--------|--------|--------|--------|--------|--------|  set
cpu-bind=MASK - cn1301, task 33 33 [2706954]: mask |--------|--------|--BB----|--------|--------|--------|--------|--------|--------|--------|--------|--------||||--------|--------|--------|--------|--------|--------|--------|--------|--------|--------|--------|--------|  set
cpu-bind=MASK - cn1301, task 34 34 [2706955]: mask |--------|--------|----BB--|--------|--------|--------|--------|--------|--------|--------|--------|--------||||--------|--------|--------|--------|--------|--------|--------|--------|--------|--------|--------|--------|  set
cpu-bind=MASK - cn1302, task 102  6 [2504353]: mask |--------|--------|--------|--------|--------|--------|--------|--------|--------|----BB--|--------|--------||||--------|--------|--------|--------|--------|--------|--------|--------|--------|--------|--------|--------|  set
cpu-bind=MASK - cn1301, task 35 35 [2706956]: mask |--------|--------|------BB|--------|--------|--------|--------|--------|--------|--------|--------|--------||||--------|--------|--------|--------|--------|--------|--------|--------|--------|--------|--------|--------|  set
cpu-bind=MASK - cn1301, task 36 36 [2706957]: mask |--------|--------|--------|--------|--------|--------|--------|--------|--------|--------|--------|BB------||||--------|--------|--------|--------|--------|--------|--------|--------|--------|--------|--------|--------|  set
cpu-bind=MASK - cn1302, task 103  7 [2504354]: mask |--------|--------|--------|--------|--------|--------|--------|--------|--------|------BB|--------|--------||||--------|--------|--------|--------|--------|--------|--------|--------|--------|--------|--------|--------|  set
cpu-bind=MASK - cn1301, task 37 37 [2706958]: mask |--------|--------|--------|--------|--------|--------|--------|--------|--------|--------|--------|--BB----||||--------|--------|--------|--------|--------|--------|--------|--------|--------|--------|--------|--------|  set
cpu-bind=MASK - cn1302, task 104  8 [2504355]: mask |--------|--------|--------|BB------|--------|--------|--------|--------|--------|--------|--------|--------||||--------|--------|--------|--------|--------|--------|--------|--------|--------|--------|--------|--------|  set
cpu-bind=MASK - cn1301, task 38 38 [2706959]: mask |--------|--------|--------|--------|--------|--------|--------|--------|--------|--------|--------|----BB--||||--------|--------|--------|--------|--------|--------|--------|--------|--------|--------|--------|--------|  set
cpu-bind=MASK - cn1302, task 105  9 [2504356]: mask |--------|--------|--------|--BB----|--------|--------|--------|--------|--------|--------|--------|--------||||--------|--------|--------|--------|--------|--------|--------|--------|--------|--------|--------|--------|  set
cpu-bind=MASK - cn1301, task 39 39 [2706960]: mask |--------|--------|--------|--------|--------|--------|--------|--------|--------|--------|--------|------BB||||--------|--------|--------|--------|--------|--------|--------|--------|--------|--------|--------|--------|  set
cpu-bind=MASK - cn1302, task 106 10 [2504357]: mask |--------|--------|--------|----BB--|--------|--------|--------|--------|--------|--------|--------|--------||||--------|--------|--------|--------|--------|--------|--------|--------|--------|--------|--------|--------|  set
cpu-bind=MASK - cn1301, task 40 40 [2706961]: mask |--------|--------|--------|--------|--------|BB------|--------|--------|--------|--------|--------|--------||||--------|--------|--------|--------|--------|--------|--------|--------|--------|--------|--------|--------|  set
cpu-bind=MASK - cn1302, task 107 11 [2504358]: mask |--------|--------|--------|------BB|--------|--------|--------|--------|--------|--------|--------|--------||||--------|--------|--------|--------|--------|--------|--------|--------|--------|--------|--------|--------|  set
cpu-bind=MASK - cn1301, task 41 41 [2706962]: mask |--------|--------|--------|--------|--------|--BB----|--------|--------|--------|--------|--------|--------||||--------|--------|--------|--------|--------|--------|--------|--------|--------|--------|--------|--------|  set
cpu-bind=MASK - cn1302, task 108 12 [2504359]: mask |--------|--------|--------|--------|--------|--------|BB------|--------|--------|--------|--------|--------||||--------|--------|--------|--------|--------|--------|--------|--------|--------|--------|--------|--------|  set
cpu-bind=MASK - cn1301, task 42 42 [2706963]: mask |--------|--------|--------|--------|--------|----BB--|--------|--------|--------|--------|--------|--------||||--------|--------|--------|--------|--------|--------|--------|--------|--------|--------|--------|--------|  set
cpu-bind=MASK - cn1302, task 109 13 [2504360]: mask |--------|--------|--------|--------|--------|--------|--BB----|--------|--------|--------|--------|--------||||--------|--------|--------|--------|--------|--------|--------|--------|--------|--------|--------|--------|  set
cpu-bind=MASK - cn1301, task 43 43 [2706964]: mask |--------|--------|--------|--------|--------|------BB|--------|--------|--------|--------|--------|--------||||--------|--------|--------|--------|--------|--------|--------|--------|--------|--------|--------|--------|  set
cpu-bind=MASK - cn1302, task 110 14 [2504361]: mask |--------|--------|--------|--------|--------|--------|----BB--|--------|--------|--------|--------|--------||||--------|--------|--------|--------|--------|--------|--------|--------|--------|--------|--------|--------|  set
cpu-bind=MASK - cn1301, task 44 44 [2706965]: mask |--------|--------|--------|--------|--------|--------|--------|--------|BB------|--------|--------|--------||||--------|--------|--------|--------|--------|--------|--------|--------|--------|--------|--------|--------|  set
cpu-bind=MASK - cn1302, task 111 15 [2504362]: mask |--------|--------|--------|--------|--------|--------|------BB|--------|--------|--------|--------|--------||||--------|--------|--------|--------|--------|--------|--------|--------|--------|--------|--------|--------|  set
cpu-bind=MASK - cn1301, task 45 45 [2706966]: mask |--------|--------|--------|--------|--------|--------|--------|--------|--BB----|--------|--------|--------||||--------|--------|--------|--------|--------|--------|--------|--------|--------|--------|--------|--------|  set
cpu-bind=MASK - cn1301, task 46 46 [2706967]: mask |--------|--------|--------|--------|--------|--------|--------|--------|----BB--|--------|--------|--------||||--------|--------|--------|--------|--------|--------|--------|--------|--------|--------|--------|--------|  set
cpu-bind=MASK - cn1302, task 112 16 [2504363]: mask |--------|BB------|--------|--------|--------|--------|--------|--------|--------|--------|--------|--------||||--------|--------|--------|--------|--------|--------|--------|--------|--------|--------|--------|--------|  set
cpu-bind=MASK - cn1302, task 113 17 [2504364]: mask |--------|--BB----|--------|--------|--------|--------|--------|--------|--------|--------|--------|--------||||--------|--------|--------|--------|--------|--------|--------|--------|--------|--------|--------|--------|  set
cpu-bind=MASK - cn1301, task 47 47 [2706968]: mask |--------|--------|--------|--------|--------|--------|--------|--------|------BB|--------|--------|--------||||--------|--------|--------|--------|--------|--------|--------|--------|--------|--------|--------|--------|  set
cpu-bind=MASK - cn1303, task 192  0 [2727961]: mask |BB------|--------|--------|--------|--------|--------|--------|--------|--------|--------|--------|--------||||--------|--------|--------|--------|--------|--------|--------|--------|--------|--------|--------|--------|  set
cpu-bind=MASK - cn1302, task 114 18 [2504365]: mask |--------|----BB--|--------|--------|--------|--------|--------|--------|--------|--------|--------|--------||||--------|--------|--------|--------|--------|--------|--------|--------|--------|--------|--------|--------|  set
cpu-bind=MASK - cn1301, task 48 48 [2706969]: mask |--------|--------|--------|--------|--------|--------|--------|--------|--------|--------|--------|--------||||BB------|--------|--------|--------|--------|--------|--------|--------|--------|--------|--------|--------|  set
cpu-bind=MASK - cn1302, task 115 19 [2504366]: mask |--------|------BB|--------|--------|--------|--------|--------|--------|--------|--------|--------|--------||||--------|--------|--------|--------|--------|--------|--------|--------|--------|--------|--------|--------|  set
cpu-bind=MASK - cn1301, task 49 49 [2706970]: mask |--------|--------|--------|--------|--------|--------|--------|--------|--------|--------|--------|--------||||--BB----|--------|--------|--------|--------|--------|--------|--------|--------|--------|--------|--------|  set
cpu-bind=MASK - cn1302, task 116 20 [2504367]: mask |--------|--------|--------|--------|--------|--------|--------|--------|--------|--------|BB------|--------||||--------|--------|--------|--------|--------|--------|--------|--------|--------|--------|--------|--------|  set
cpu-bind=MASK - cn1303, task 193  1 [2727962]: mask |--BB----|--------|--------|--------|--------|--------|--------|--------|--------|--------|--------|--------||||--------|--------|--------|--------|--------|--------|--------|--------|--------|--------|--------|--------|  set
cpu-bind=MASK - cn1301, task 50 50 [2706971]: mask |--------|--------|--------|--------|--------|--------|--------|--------|--------|--------|--------|--------||||----BB--|--------|--------|--------|--------|--------|--------|--------|--------|--------|--------|--------|  set
cpu-bind=MASK - cn1302, task 117 21 [2504368]: mask |--------|--------|--------|--------|--------|--------|--------|--------|--------|--------|--BB----|--------||||--------|--------|--------|--------|--------|--------|--------|--------|--------|--------|--------|--------|  set
cpu-bind=MASK - cn1301, task 51 51 [2706972]: mask |--------|--------|--------|--------|--------|--------|--------|--------|--------|--------|--------|--------||||------BB|--------|--------|--------|--------|--------|--------|--------|--------|--------|--------|--------|  set
cpu-bind=MASK - cn1303, task 194  2 [2727963]: mask |----BB--|--------|--------|--------|--------|--------|--------|--------|--------|--------|--------|--------||||--------|--------|--------|--------|--------|--------|--------|--------|--------|--------|--------|--------|  set
cpu-bind=MASK - cn1302, task 118 22 [2504369]: mask |--------|--------|--------|--------|--------|--------|--------|--------|--------|--------|----BB--|--------||||--------|--------|--------|--------|--------|--------|--------|--------|--------|--------|--------|--------|  set
cpu-bind=MASK - cn1301, task 52 52 [2706973]: mask |--------|--------|--------|--------|--------|--------|--------|--------|--------|--------|--------|--------||||--------|--------|--------|--------|--------|--------|--------|--------|--------|BB------|--------|--------|  set
cpu-bind=MASK - cn1302, task 119 23 [2504370]: mask |--------|--------|--------|--------|--------|--------|--------|--------|--------|--------|------BB|--------||||--------|--------|--------|--------|--------|--------|--------|--------|--------|--------|--------|--------|  set
cpu-bind=MASK - cn1301, task 53 53 [2706974]: mask |--------|--------|--------|--------|--------|--------|--------|--------|--------|--------|--------|--------||||--------|--------|--------|--------|--------|--------|--------|--------|--------|--BB----|--------|--------|  set
cpu-bind=MASK - cn1302, task 120 24 [2504371]: mask |--------|--------|--------|--------|BB------|--------|--------|--------|--------|--------|--------|--------||||--------|--------|--------|--------|--------|--------|--------|--------|--------|--------|--------|--------|  set
cpu-bind=MASK - cn1303, task 195  3 [2727964]: mask |------BB|--------|--------|--------|--------|--------|--------|--------|--------|--------|--------|--------||||--------|--------|--------|--------|--------|--------|--------|--------|--------|--------|--------|--------|  set
cpu-bind=MASK - cn1302, task 121 25 [2504372]: mask |--------|--------|--------|--------|--BB----|--------|--------|--------|--------|--------|--------|--------||||--------|--------|--------|--------|--------|--------|--------|--------|--------|--------|--------|--------|  set
cpu-bind=MASK - cn1301, task 54 54 [2706975]: mask |--------|--------|--------|--------|--------|--------|--------|--------|--------|--------|--------|--------||||--------|--------|--------|--------|--------|--------|--------|--------|--------|----BB--|--------|--------|  set
cpu-bind=MASK - cn1304, task 288  0 [2788297]: mask |BB------|--------|--------|--------|--------|--------|--------|--------|--------|--------|--------|--------||||--------|--------|--------|--------|--------|--------|--------|--------|--------|--------|--------|--------|  set
cpu-bind=MASK - cn1302, task 122 26 [2504373]: mask |--------|--------|--------|--------|----BB--|--------|--------|--------|--------|--------|--------|--------||||--------|--------|--------|--------|--------|--------|--------|--------|--------|--------|--------|--------|  set
cpu-bind=MASK - cn1301, task 55 55 [2706976]: mask |--------|--------|--------|--------|--------|--------|--------|--------|--------|--------|--------|--------||||--------|--------|--------|--------|--------|--------|--------|--------|--------|------BB|--------|--------|  set
cpu-bind=MASK - cn1302, task 123 27 [2504374]: mask |--------|--------|--------|--------|------BB|--------|--------|--------|--------|--------|--------|--------||||--------|--------|--------|--------|--------|--------|--------|--------|--------|--------|--------|--------|  set
cpu-bind=MASK - cn1301, task 56 56 [2706977]: mask |--------|--------|--------|--------|--------|--------|--------|--------|--------|--------|--------|--------||||--------|--------|--------|BB------|--------|--------|--------|--------|--------|--------|--------|--------|  set
cpu-bind=MASK - cn1303, task 196  4 [2727965]: mask |--------|--------|--------|--------|--------|--------|--------|--------|--------|BB------|--------|--------||||--------|--------|--------|--------|--------|--------|--------|--------|--------|--------|--------|--------|  set
cpu-bind=MASK - cn1304, task 289  1 [2788298]: mask |--BB----|--------|--------|--------|--------|--------|--------|--------|--------|--------|--------|--------||||--------|--------|--------|--------|--------|--------|--------|--------|--------|--------|--------|--------|  set
cpu-bind=MASK - cn1302, task 124 28 [2504375]: mask |--------|--------|--------|--------|--------|--------|--------|BB------|--------|--------|--------|--------||||--------|--------|--------|--------|--------|--------|--------|--------|--------|--------|--------|--------|  set
cpu-bind=MASK - cn1301, task 57 57 [2706978]: mask |--------|--------|--------|--------|--------|--------|--------|--------|--------|--------|--------|--------||||--------|--------|--------|--BB----|--------|--------|--------|--------|--------|--------|--------|--------|  set
cpu-bind=MASK - cn1302, task 125 29 [2504376]: mask |--------|--------|--------|--------|--------|--------|--------|--BB----|--------|--------|--------|--------||||--------|--------|--------|--------|--------|--------|--------|--------|--------|--------|--------|--------|  set
cpu-bind=MASK - cn1301, task 58 58 [2706979]: mask |--------|--------|--------|--------|--------|--------|--------|--------|--------|--------|--------|--------||||--------|--------|--------|----BB--|--------|--------|--------|--------|--------|--------|--------|--------|  set
cpu-bind=MASK - cn1303, task 197  5 [2727966]: mask |--------|--------|--------|--------|--------|--------|--------|--------|--------|--BB----|--------|--------||||--------|--------|--------|--------|--------|--------|--------|--------|--------|--------|--------|--------|  set
cpu-bind=MASK - cn1302, task 126 30 [2504377]: mask |--------|--------|--------|--------|--------|--------|--------|----BB--|--------|--------|--------|--------||||--------|--------|--------|--------|--------|--------|--------|--------|--------|--------|--------|--------|  set
cpu-bind=MASK - cn1301, task 59 59 [2706980]: mask |--------|--------|--------|--------|--------|--------|--------|--------|--------|--------|--------|--------||||--------|--------|--------|------BB|--------|--------|--------|--------|--------|--------|--------|--------|  set
cpu-bind=MASK - cn1304, task 290  2 [2788299]: mask |----BB--|--------|--------|--------|--------|--------|--------|--------|--------|--------|--------|--------||||--------|--------|--------|--------|--------|--------|--------|--------|--------|--------|--------|--------|  set
cpu-bind=MASK - cn1302, task 127 31 [2504378]: mask |--------|--------|--------|--------|--------|--------|--------|------BB|--------|--------|--------|--------||||--------|--------|--------|--------|--------|--------|--------|--------|--------|--------|--------|--------|  set
cpu-bind=MASK - cn1303, task 198  6 [2727967]: mask |--------|--------|--------|--------|--------|--------|--------|--------|--------|----BB--|--------|--------||||--------|--------|--------|--------|--------|--------|--------|--------|--------|--------|--------|--------|  set
cpu-bind=MASK - cn1302, task 128 32 [2504379]: mask |--------|--------|BB------|--------|--------|--------|--------|--------|--------|--------|--------|--------||||--------|--------|--------|--------|--------|--------|--------|--------|--------|--------|--------|--------|  set
cpu-bind=MASK - cn1301, task 60 60 [2706981]: mask |--------|--------|--------|--------|--------|--------|--------|--------|--------|--------|--------|--------||||--------|--------|--------|--------|--------|--------|BB------|--------|--------|--------|--------|--------|  set
cpu-bind=MASK - cn1304, task 291  3 [2788300]: mask |------BB|--------|--------|--------|--------|--------|--------|--------|--------|--------|--------|--------||||--------|--------|--------|--------|--------|--------|--------|--------|--------|--------|--------|--------|  set
cpu-bind=MASK - cn1302, task 129 33 [2504380]: mask |--------|--------|--BB----|--------|--------|--------|--------|--------|--------|--------|--------|--------||||--------|--------|--------|--------|--------|--------|--------|--------|--------|--------|--------|--------|  set
cpu-bind=MASK - cn1303, task 199  7 [2727968]: mask |--------|--------|--------|--------|--------|--------|--------|--------|--------|------BB|--------|--------||||--------|--------|--------|--------|--------|--------|--------|--------|--------|--------|--------|--------|  set
cpu-bind=MASK - cn1301, task 61 61 [2706982]: mask |--------|--------|--------|--------|--------|--------|--------|--------|--------|--------|--------|--------||||--------|--------|--------|--------|--------|--------|--BB----|--------|--------|--------|--------|--------|  set
cpu-bind=MASK - cn1302, task 130 34 [2504381]: mask |--------|--------|----BB--|--------|--------|--------|--------|--------|--------|--------|--------|--------||||--------|--------|--------|--------|--------|--------|--------|--------|--------|--------|--------|--------|  set
cpu-bind=MASK - cn1301, task 62 62 [2706983]: mask |--------|--------|--------|--------|--------|--------|--------|--------|--------|--------|--------|--------||||--------|--------|--------|--------|--------|--------|----BB--|--------|--------|--------|--------|--------|  set
cpu-bind=MASK - cn1304, task 292  4 [2788301]: mask |--------|--------|--------|--------|--------|--------|--------|--------|--------|BB------|--------|--------||||--------|--------|--------|--------|--------|--------|--------|--------|--------|--------|--------|--------|  set
cpu-bind=MASK - cn1302, task 131 35 [2504382]: mask |--------|--------|------BB|--------|--------|--------|--------|--------|--------|--------|--------|--------||||--------|--------|--------|--------|--------|--------|--------|--------|--------|--------|--------|--------|  set
cpu-bind=MASK - cn1301, task 63 63 [2706984]: mask |--------|--------|--------|--------|--------|--------|--------|--------|--------|--------|--------|--------||||--------|--------|--------|--------|--------|--------|------BB|--------|--------|--------|--------|--------|  set
cpu-bind=MASK - cn1302, task 132 36 [2504383]: mask |--------|--------|--------|--------|--------|--------|--------|--------|--------|--------|--------|BB------||||--------|--------|--------|--------|--------|--------|--------|--------|--------|--------|--------|--------|  set
cpu-bind=MASK - cn1303, task 200  8 [2727969]: mask |--------|--------|--------|BB------|--------|--------|--------|--------|--------|--------|--------|--------||||--------|--------|--------|--------|--------|--------|--------|--------|--------|--------|--------|--------|  set
cpu-bind=MASK - cn1302, task 133 37 [2504384]: mask |--------|--------|--------|--------|--------|--------|--------|--------|--------|--------|--------|--BB----||||--------|--------|--------|--------|--------|--------|--------|--------|--------|--------|--------|--------|  set
cpu-bind=MASK - cn1304, task 293  5 [2788302]: mask |--------|--------|--------|--------|--------|--------|--------|--------|--------|--BB----|--------|--------||||--------|--------|--------|--------|--------|--------|--------|--------|--------|--------|--------|--------|  set
cpu-bind=MASK - cn1303, task 201  9 [2727970]: mask |--------|--------|--------|--BB----|--------|--------|--------|--------|--------|--------|--------|--------||||--------|--------|--------|--------|--------|--------|--------|--------|--------|--------|--------|--------|  set
cpu-bind=MASK - cn1302, task 134 38 [2504385]: mask |--------|--------|--------|--------|--------|--------|--------|--------|--------|--------|--------|----BB--||||--------|--------|--------|--------|--------|--------|--------|--------|--------|--------|--------|--------|  set
cpu-bind=MASK - cn1304, task 294  6 [2788303]: mask |--------|--------|--------|--------|--------|--------|--------|--------|--------|----BB--|--------|--------||||--------|--------|--------|--------|--------|--------|--------|--------|--------|--------|--------|--------|  set
cpu-bind=MASK - cn1301, task 64 64 [2706985]: mask |--------|--------|--------|--------|--------|--------|--------|--------|--------|--------|--------|--------||||--------|BB------|--------|--------|--------|--------|--------|--------|--------|--------|--------|--------|  set
cpu-bind=MASK - cn1304, task 295  7 [2788304]: mask |--------|--------|--------|--------|--------|--------|--------|--------|--------|------BB|--------|--------||||--------|--------|--------|--------|--------|--------|--------|--------|--------|--------|--------|--------|  set
cpu-bind=MASK - cn1303, task 202 10 [2727971]: mask |--------|--------|--------|----BB--|--------|--------|--------|--------|--------|--------|--------|--------||||--------|--------|--------|--------|--------|--------|--------|--------|--------|--------|--------|--------|  set
cpu-bind=MASK - cn1302, task 135 39 [2504386]: mask |--------|--------|--------|--------|--------|--------|--------|--------|--------|--------|--------|------BB||||--------|--------|--------|--------|--------|--------|--------|--------|--------|--------|--------|--------|  set
cpu-bind=MASK - cn1301, task 65 65 [2706986]: mask |--------|--------|--------|--------|--------|--------|--------|--------|--------|--------|--------|--------||||--------|--BB----|--------|--------|--------|--------|--------|--------|--------|--------|--------|--------|  set
cpu-bind=MASK - cn1302, task 136 40 [2504387]: mask |--------|--------|--------|--------|--------|BB------|--------|--------|--------|--------|--------|--------||||--------|--------|--------|--------|--------|--------|--------|--------|--------|--------|--------|--------|  set
cpu-bind=MASK - cn1302, task 137 41 [2504388]: mask |--------|--------|--------|--------|--------|--BB----|--------|--------|--------|--------|--------|--------||||--------|--------|--------|--------|--------|--------|--------|--------|--------|--------|--------|--------|  set
cpu-bind=MASK - cn1303, task 203 11 [2727972]: mask |--------|--------|--------|------BB|--------|--------|--------|--------|--------|--------|--------|--------||||--------|--------|--------|--------|--------|--------|--------|--------|--------|--------|--------|--------|  set
cpu-bind=MASK - cn1304, task 296  8 [2788305]: mask |--------|--------|--------|BB------|--------|--------|--------|--------|--------|--------|--------|--------||||--------|--------|--------|--------|--------|--------|--------|--------|--------|--------|--------|--------|  set
cpu-bind=MASK - cn1301, task 66 66 [2706987]: mask |--------|--------|--------|--------|--------|--------|--------|--------|--------|--------|--------|--------||||--------|----BB--|--------|--------|--------|--------|--------|--------|--------|--------|--------|--------|  set
cpu-bind=MASK - cn1302, task 138 42 [2504389]: mask |--------|--------|--------|--------|--------|----BB--|--------|--------|--------|--------|--------|--------||||--------|--------|--------|--------|--------|--------|--------|--------|--------|--------|--------|--------|  set
cpu-bind=MASK - cn1302, task 139 43 [2504390]: mask |--------|--------|--------|--------|--------|------BB|--------|--------|--------|--------|--------|--------||||--------|--------|--------|--------|--------|--------|--------|--------|--------|--------|--------|--------|  set
cpu-bind=MASK - cn1301, task 67 67 [2706988]: mask |--------|--------|--------|--------|--------|--------|--------|--------|--------|--------|--------|--------||||--------|------BB|--------|--------|--------|--------|--------|--------|--------|--------|--------|--------|  set
cpu-bind=MASK - cn1303, task 204 12 [2727973]: mask |--------|--------|--------|--------|--------|--------|BB------|--------|--------|--------|--------|--------||||--------|--------|--------|--------|--------|--------|--------|--------|--------|--------|--------|--------|  set
cpu-bind=MASK - cn1302, task 140 44 [2504391]: mask |--------|--------|--------|--------|--------|--------|--------|--------|BB------|--------|--------|--------||||--------|--------|--------|--------|--------|--------|--------|--------|--------|--------|--------|--------|  set
cpu-bind=MASK - cn1301, task 68 68 [2706989]: mask |--------|--------|--------|--------|--------|--------|--------|--------|--------|--------|--------|--------||||--------|--------|--------|--------|--------|--------|--------|--------|--------|--------|BB------|--------|  set
cpu-bind=MASK - cn1304, task 297  9 [2788306]: mask |--------|--------|--------|--BB----|--------|--------|--------|--------|--------|--------|--------|--------||||--------|--------|--------|--------|--------|--------|--------|--------|--------|--------|--------|--------|  set
cpu-bind=MASK - cn1303, task 205 13 [2727974]: mask |--------|--------|--------|--------|--------|--------|--BB----|--------|--------|--------|--------|--------||||--------|--------|--------|--------|--------|--------|--------|--------|--------|--------|--------|--------|  set
cpu-bind=MASK - cn1301, task 69 69 [2706990]: mask |--------|--------|--------|--------|--------|--------|--------|--------|--------|--------|--------|--------||||--------|--------|--------|--------|--------|--------|--------|--------|--------|--------|--BB----|--------|  set
cpu-bind=MASK - cn1302, task 141 45 [2504392]: mask |--------|--------|--------|--------|--------|--------|--------|--------|--BB----|--------|--------|--------||||--------|--------|--------|--------|--------|--------|--------|--------|--------|--------|--------|--------|  set
cpu-bind=MASK - cn1303, task 206 14 [2727975]: mask |--------|--------|--------|--------|--------|--------|----BB--|--------|--------|--------|--------|--------||||--------|--------|--------|--------|--------|--------|--------|--------|--------|--------|--------|--------|  set
cpu-bind=MASK - cn1301, task 70 70 [2706991]: mask |--------|--------|--------|--------|--------|--------|--------|--------|--------|--------|--------|--------||||--------|--------|--------|--------|--------|--------|--------|--------|--------|--------|----BB--|--------|  set
cpu-bind=MASK - cn1304, task 298 10 [2788307]: mask |--------|--------|--------|----BB--|--------|--------|--------|--------|--------|--------|--------|--------||||--------|--------|--------|--------|--------|--------|--------|--------|--------|--------|--------|--------|  set
cpu-bind=MASK - cn1301, task 71 71 [2706992]: mask |--------|--------|--------|--------|--------|--------|--------|--------|--------|--------|--------|--------||||--------|--------|--------|--------|--------|--------|--------|--------|--------|--------|------BB|--------|  set
cpu-bind=MASK - cn1302, task 142 46 [2504393]: mask |--------|--------|--------|--------|--------|--------|--------|--------|----BB--|--------|--------|--------||||--------|--------|--------|--------|--------|--------|--------|--------|--------|--------|--------|--------|  set
cpu-bind=MASK - cn1302, task 143 47 [2504394]: mask |--------|--------|--------|--------|--------|--------|--------|--------|------BB|--------|--------|--------||||--------|--------|--------|--------|--------|--------|--------|--------|--------|--------|--------|--------|  set
cpu-bind=MASK - cn1304, task 299 11 [2788308]: mask |--------|--------|--------|------BB|--------|--------|--------|--------|--------|--------|--------|--------||||--------|--------|--------|--------|--------|--------|--------|--------|--------|--------|--------|--------|  set
cpu-bind=MASK - cn1303, task 207 15 [2727976]: mask |--------|--------|--------|--------|--------|--------|------BB|--------|--------|--------|--------|--------||||--------|--------|--------|--------|--------|--------|--------|--------|--------|--------|--------|--------|  set
cpu-bind=MASK - cn1301, task 72 72 [2706993]: mask |--------|--------|--------|--------|--------|--------|--------|--------|--------|--------|--------|--------||||--------|--------|--------|--------|BB------|--------|--------|--------|--------|--------|--------|--------|  set
cpu-bind=MASK - cn1302, task 144 48 [2504395]: mask |--------|--------|--------|--------|--------|--------|--------|--------|--------|--------|--------|--------||||BB------|--------|--------|--------|--------|--------|--------|--------|--------|--------|--------|--------|  set
cpu-bind=MASK - cn1301, task 73 73 [2706994]: mask |--------|--------|--------|--------|--------|--------|--------|--------|--------|--------|--------|--------||||--------|--------|--------|--------|--BB----|--------|--------|--------|--------|--------|--------|--------|  set
cpu-bind=MASK - cn1303, task 208 16 [2727977]: mask |--------|BB------|--------|--------|--------|--------|--------|--------|--------|--------|--------|--------||||--------|--------|--------|--------|--------|--------|--------|--------|--------|--------|--------|--------|  set
cpu-bind=MASK - cn1304, task 300 12 [2788309]: mask |--------|--------|--------|--------|--------|--------|BB------|--------|--------|--------|--------|--------||||--------|--------|--------|--------|--------|--------|--------|--------|--------|--------|--------|--------|  set
cpu-bind=MASK - cn1302, task 145 49 [2504396]: mask |--------|--------|--------|--------|--------|--------|--------|--------|--------|--------|--------|--------||||--BB----|--------|--------|--------|--------|--------|--------|--------|--------|--------|--------|--------|  set
cpu-bind=MASK - cn1303, task 209 17 [2727978]: mask |--------|--BB----|--------|--------|--------|--------|--------|--------|--------|--------|--------|--------||||--------|--------|--------|--------|--------|--------|--------|--------|--------|--------|--------|--------|  set
cpu-bind=MASK - cn1301, task 74 74 [2706995]: mask |--------|--------|--------|--------|--------|--------|--------|--------|--------|--------|--------|--------||||--------|--------|--------|--------|----BB--|--------|--------|--------|--------|--------|--------|--------|  set
cpu-bind=MASK - cn1304, task 301 13 [2788310]: mask |--------|--------|--------|--------|--------|--------|--BB----|--------|--------|--------|--------|--------||||--------|--------|--------|--------|--------|--------|--------|--------|--------|--------|--------|--------|  set
cpu-bind=MASK - cn1301, task 75 75 [2706996]: mask |--------|--------|--------|--------|--------|--------|--------|--------|--------|--------|--------|--------||||--------|--------|--------|--------|------BB|--------|--------|--------|--------|--------|--------|--------|  set
cpu-bind=MASK - cn1302, task 146 50 [2504397]: mask |--------|--------|--------|--------|--------|--------|--------|--------|--------|--------|--------|--------||||----BB--|--------|--------|--------|--------|--------|--------|--------|--------|--------|--------|--------|  set
cpu-bind=MASK - cn1304, task 302 14 [2788311]: mask |--------|--------|--------|--------|--------|--------|----BB--|--------|--------|--------|--------|--------||||--------|--------|--------|--------|--------|--------|--------|--------|--------|--------|--------|--------|  set
cpu-bind=MASK - cn1301, task 76 76 [2706997]: mask |--------|--------|--------|--------|--------|--------|--------|--------|--------|--------|--------|--------||||--------|--------|--------|--------|--------|--------|--------|BB------|--------|--------|--------|--------|  set
cpu-bind=MASK - cn1303, task 210 18 [2727979]: mask |--------|----BB--|--------|--------|--------|--------|--------|--------|--------|--------|--------|--------||||--------|--------|--------|--------|--------|--------|--------|--------|--------|--------|--------|--------|  set
cpu-bind=MASK - cn1302, task 147 51 [2504398]: mask |--------|--------|--------|--------|--------|--------|--------|--------|--------|--------|--------|--------||||------BB|--------|--------|--------|--------|--------|--------|--------|--------|--------|--------|--------|  set
cpu-bind=MASK - cn1304, task 303 15 [2788312]: mask |--------|--------|--------|--------|--------|--------|------BB|--------|--------|--------|--------|--------||||--------|--------|--------|--------|--------|--------|--------|--------|--------|--------|--------|--------|  set
cpu-bind=MASK - cn1302, task 148 52 [2504399]: mask |--------|--------|--------|--------|--------|--------|--------|--------|--------|--------|--------|--------||||--------|--------|--------|--------|--------|--------|--------|--------|--------|BB------|--------|--------|  set
cpu-bind=MASK - cn1303, task 211 19 [2727980]: mask |--------|------BB|--------|--------|--------|--------|--------|--------|--------|--------|--------|--------||||--------|--------|--------|--------|--------|--------|--------|--------|--------|--------|--------|--------|  set
cpu-bind=MASK - cn1302, task 149 53 [2504400]: mask |--------|--------|--------|--------|--------|--------|--------|--------|--------|--------|--------|--------||||--------|--------|--------|--------|--------|--------|--------|--------|--------|--BB----|--------|--------|  set
cpu-bind=MASK - cn1304, task 304 16 [2788313]: mask |--------|BB------|--------|--------|--------|--------|--------|--------|--------|--------|--------|--------||||--------|--------|--------|--------|--------|--------|--------|--------|--------|--------|--------|--------|  set
cpu-bind=MASK - cn1301, task 77 77 [2706998]: mask |--------|--------|--------|--------|--------|--------|--------|--------|--------|--------|--------|--------||||--------|--------|--------|--------|--------|--------|--------|--BB----|--------|--------|--------|--------|  set
cpu-bind=MASK - cn1302, task 150 54 [2504401]: mask |--------|--------|--------|--------|--------|--------|--------|--------|--------|--------|--------|--------||||--------|--------|--------|--------|--------|--------|--------|--------|--------|----BB--|--------|--------|  set
cpu-bind=MASK - cn1302, task 151 55 [2504402]: mask |--------|--------|--------|--------|--------|--------|--------|--------|--------|--------|--------|--------||||--------|--------|--------|--------|--------|--------|--------|--------|--------|------BB|--------|--------|  set
cpu-bind=MASK - cn1303, task 212 20 [2727981]: mask |--------|--------|--------|--------|--------|--------|--------|--------|--------|--------|BB------|--------||||--------|--------|--------|--------|--------|--------|--------|--------|--------|--------|--------|--------|  set
cpu-bind=MASK - cn1301, task 78 78 [2706999]: mask |--------|--------|--------|--------|--------|--------|--------|--------|--------|--------|--------|--------||||--------|--------|--------|--------|--------|--------|--------|----BB--|--------|--------|--------|--------|  set
cpu-bind=MASK - cn1302, task 152 56 [2504403]: mask |--------|--------|--------|--------|--------|--------|--------|--------|--------|--------|--------|--------||||--------|--------|--------|BB------|--------|--------|--------|--------|--------|--------|--------|--------|  set
cpu-bind=MASK - cn1303, task 213 21 [2727982]: mask |--------|--------|--------|--------|--------|--------|--------|--------|--------|--------|--BB----|--------||||--------|--------|--------|--------|--------|--------|--------|--------|--------|--------|--------|--------|  set
cpu-bind=MASK - cn1301, task 79 79 [2707000]: mask |--------|--------|--------|--------|--------|--------|--------|--------|--------|--------|--------|--------||||--------|--------|--------|--------|--------|--------|--------|------BB|--------|--------|--------|--------|  set
cpu-bind=MASK - cn1304, task 305 17 [2788314]: mask |--------|--BB----|--------|--------|--------|--------|--------|--------|--------|--------|--------|--------||||--------|--------|--------|--------|--------|--------|--------|--------|--------|--------|--------|--------|  set
cpu-bind=MASK - cn1301, task 80 80 [2707001]: mask |--------|--------|--------|--------|--------|--------|--------|--------|--------|--------|--------|--------||||--------|--------|BB------|--------|--------|--------|--------|--------|--------|--------|--------|--------|  set
cpu-bind=MASK - cn1302, task 153 57 [2504404]: mask |--------|--------|--------|--------|--------|--------|--------|--------|--------|--------|--------|--------||||--------|--------|--------|--BB----|--------|--------|--------|--------|--------|--------|--------|--------|  set
cpu-bind=MASK - cn1303, task 214 22 [2727983]: mask |--------|--------|--------|--------|--------|--------|--------|--------|--------|--------|----BB--|--------||||--------|--------|--------|--------|--------|--------|--------|--------|--------|--------|--------|--------|  set
cpu-bind=MASK - cn1304, task 306 18 [2788315]: mask |--------|----BB--|--------|--------|--------|--------|--------|--------|--------|--------|--------|--------||||--------|--------|--------|--------|--------|--------|--------|--------|--------|--------|--------|--------|  set
cpu-bind=MASK - cn1302, task 154 58 [2504405]: mask |--------|--------|--------|--------|--------|--------|--------|--------|--------|--------|--------|--------||||--------|--------|--------|----BB--|--------|--------|--------|--------|--------|--------|--------|--------|  set
cpu-bind=MASK - cn1302, task 155 59 [2504406]: mask |--------|--------|--------|--------|--------|--------|--------|--------|--------|--------|--------|--------||||--------|--------|--------|------BB|--------|--------|--------|--------|--------|--------|--------|--------|  set
cpu-bind=MASK - cn1301, task 81 81 [2707002]: mask |--------|--------|--------|--------|--------|--------|--------|--------|--------|--------|--------|--------||||--------|--------|--BB----|--------|--------|--------|--------|--------|--------|--------|--------|--------|  set
cpu-bind=MASK - cn1303, task 215 23 [2727984]: mask |--------|--------|--------|--------|--------|--------|--------|--------|--------|--------|------BB|--------||||--------|--------|--------|--------|--------|--------|--------|--------|--------|--------|--------|--------|  set
cpu-bind=MASK - cn1302, task 156 60 [2504407]: mask |--------|--------|--------|--------|--------|--------|--------|--------|--------|--------|--------|--------||||--------|--------|--------|--------|--------|--------|BB------|--------|--------|--------|--------|--------|  set
cpu-bind=MASK - cn1301, task 82 82 [2707003]: mask |--------|--------|--------|--------|--------|--------|--------|--------|--------|--------|--------|--------||||--------|--------|----BB--|--------|--------|--------|--------|--------|--------|--------|--------|--------|  set
cpu-bind=MASK - cn1304, task 307 19 [2788316]: mask |--------|------BB|--------|--------|--------|--------|--------|--------|--------|--------|--------|--------||||--------|--------|--------|--------|--------|--------|--------|--------|--------|--------|--------|--------|  set
cpu-bind=MASK - cn1302, task 157 61 [2504408]: mask |--------|--------|--------|--------|--------|--------|--------|--------|--------|--------|--------|--------||||--------|--------|--------|--------|--------|--------|--BB----|--------|--------|--------|--------|--------|  set
cpu-bind=MASK - cn1302, task 158 62 [2504409]: mask |--------|--------|--------|--------|--------|--------|--------|--------|--------|--------|--------|--------||||--------|--------|--------|--------|--------|--------|----BB--|--------|--------|--------|--------|--------|  set
cpu-bind=MASK - cn1301, task 83 83 [2707004]: mask |--------|--------|--------|--------|--------|--------|--------|--------|--------|--------|--------|--------||||--------|--------|------BB|--------|--------|--------|--------|--------|--------|--------|--------|--------|  set
cpu-bind=MASK - cn1303, task 216 24 [2727985]: mask |--------|--------|--------|--------|BB------|--------|--------|--------|--------|--------|--------|--------||||--------|--------|--------|--------|--------|--------|--------|--------|--------|--------|--------|--------|  set
cpu-bind=MASK - cn1304, task 308 20 [2788317]: mask |--------|--------|--------|--------|--------|--------|--------|--------|--------|--------|BB------|--------||||--------|--------|--------|--------|--------|--------|--------|--------|--------|--------|--------|--------|  set
cpu-bind=MASK - cn1301, task 84 84 [2707005]: mask |--------|--------|--------|--------|--------|--------|--------|--------|--------|--------|--------|--------||||--------|--------|--------|--------|--------|--------|--------|--------|--------|--------|--------|BB------|  set
cpu-bind=MASK - cn1302, task 159 63 [2504410]: mask |--------|--------|--------|--------|--------|--------|--------|--------|--------|--------|--------|--------||||--------|--------|--------|--------|--------|--------|------BB|--------|--------|--------|--------|--------|  set
cpu-bind=MASK - cn1303, task 217 25 [2727986]: mask |--------|--------|--------|--------|--BB----|--------|--------|--------|--------|--------|--------|--------||||--------|--------|--------|--------|--------|--------|--------|--------|--------|--------|--------|--------|  set
cpu-bind=MASK - cn1301, task 85 85 [2707006]: mask |--------|--------|--------|--------|--------|--------|--------|--------|--------|--------|--------|--------||||--------|--------|--------|--------|--------|--------|--------|--------|--------|--------|--------|--BB----|  set
cpu-bind=MASK - cn1304, task 309 21 [2788318]: mask |--------|--------|--------|--------|--------|--------|--------|--------|--------|--------|--BB----|--------||||--------|--------|--------|--------|--------|--------|--------|--------|--------|--------|--------|--------|  set
cpu-bind=MASK - cn1302, task 160 64 [2504411]: mask |--------|--------|--------|--------|--------|--------|--------|--------|--------|--------|--------|--------||||--------|BB------|--------|--------|--------|--------|--------|--------|--------|--------|--------|--------|  set
cpu-bind=MASK - cn1303, task 218 26 [2727987]: mask |--------|--------|--------|--------|----BB--|--------|--------|--------|--------|--------|--------|--------||||--------|--------|--------|--------|--------|--------|--------|--------|--------|--------|--------|--------|  set
cpu-bind=MASK - cn1301, task 86 86 [2707007]: mask |--------|--------|--------|--------|--------|--------|--------|--------|--------|--------|--------|--------||||--------|--------|--------|--------|--------|--------|--------|--------|--------|--------|--------|----BB--|  set
cpu-bind=MASK - cn1304, task 310 22 [2788319]: mask |--------|--------|--------|--------|--------|--------|--------|--------|--------|--------|----BB--|--------||||--------|--------|--------|--------|--------|--------|--------|--------|--------|--------|--------|--------|  set
cpu-bind=MASK - cn1302, task 161 65 [2504412]: mask |--------|--------|--------|--------|--------|--------|--------|--------|--------|--------|--------|--------||||--------|--BB----|--------|--------|--------|--------|--------|--------|--------|--------|--------|--------|  set
cpu-bind=MASK - cn1301, task 87 87 [2707008]: mask |--------|--------|--------|--------|--------|--------|--------|--------|--------|--------|--------|--------||||--------|--------|--------|--------|--------|--------|--------|--------|--------|--------|--------|------BB|  set
cpu-bind=MASK - cn1301, task 88 88 [2707009]: mask |--------|--------|--------|--------|--------|--------|--------|--------|--------|--------|--------|--------||||--------|--------|--------|--------|--------|BB------|--------|--------|--------|--------|--------|--------|  set
cpu-bind=MASK - cn1302, task 162 66 [2504413]: mask |--------|--------|--------|--------|--------|--------|--------|--------|--------|--------|--------|--------||||--------|----BB--|--------|--------|--------|--------|--------|--------|--------|--------|--------|--------|  set
cpu-bind=MASK - cn1303, task 219 27 [2727988]: mask |--------|--------|--------|--------|------BB|--------|--------|--------|--------|--------|--------|--------||||--------|--------|--------|--------|--------|--------|--------|--------|--------|--------|--------|--------|  set
cpu-bind=MASK - cn1301, task 89 89 [2707010]: mask |--------|--------|--------|--------|--------|--------|--------|--------|--------|--------|--------|--------||||--------|--------|--------|--------|--------|--BB----|--------|--------|--------|--------|--------|--------|  set
cpu-bind=MASK - cn1304, task 311 23 [2788320]: mask |--------|--------|--------|--------|--------|--------|--------|--------|--------|--------|------BB|--------||||--------|--------|--------|--------|--------|--------|--------|--------|--------|--------|--------|--------|  set
cpu-bind=MASK - cn1302, task 163 67 [2504414]: mask |--------|--------|--------|--------|--------|--------|--------|--------|--------|--------|--------|--------||||--------|------BB|--------|--------|--------|--------|--------|--------|--------|--------|--------|--------|  set
cpu-bind=MASK - cn1302, task 164 68 [2504415]: mask |--------|--------|--------|--------|--------|--------|--------|--------|--------|--------|--------|--------||||--------|--------|--------|--------|--------|--------|--------|--------|--------|--------|BB------|--------|  set
cpu-bind=MASK - cn1303, task 220 28 [2727989]: mask |--------|--------|--------|--------|--------|--------|--------|BB------|--------|--------|--------|--------||||--------|--------|--------|--------|--------|--------|--------|--------|--------|--------|--------|--------|  set
cpu-bind=MASK - cn1301, task 90 90 [2707011]: mask |--------|--------|--------|--------|--------|--------|--------|--------|--------|--------|--------|--------||||--------|--------|--------|--------|--------|----BB--|--------|--------|--------|--------|--------|--------|  set
cpu-bind=MASK - cn1304, task 312 24 [2788321]: mask |--------|--------|--------|--------|BB------|--------|--------|--------|--------|--------|--------|--------||||--------|--------|--------|--------|--------|--------|--------|--------|--------|--------|--------|--------|  set
cpu-bind=MASK - cn1302, task 165 69 [2504416]: mask |--------|--------|--------|--------|--------|--------|--------|--------|--------|--------|--------|--------||||--------|--------|--------|--------|--------|--------|--------|--------|--------|--------|--BB----|--------|  set
cpu-bind=MASK - cn1301, task 91 91 [2707012]: mask |--------|--------|--------|--------|--------|--------|--------|--------|--------|--------|--------|--------||||--------|--------|--------|--------|--------|------BB|--------|--------|--------|--------|--------|--------|  set
cpu-bind=MASK - cn1304, task 313 25 [2788322]: mask |--------|--------|--------|--------|--BB----|--------|--------|--------|--------|--------|--------|--------||||--------|--------|--------|--------|--------|--------|--------|--------|--------|--------|--------|--------|  set
cpu-bind=MASK - cn1303, task 221 29 [2727990]: mask |--------|--------|--------|--------|--------|--------|--------|--BB----|--------|--------|--------|--------||||--------|--------|--------|--------|--------|--------|--------|--------|--------|--------|--------|--------|  set
cpu-bind=MASK - cn1301, task 92 92 [2707013]: mask |--------|--------|--------|--------|--------|--------|--------|--------|--------|--------|--------|--------||||--------|--------|--------|--------|--------|--------|--------|--------|BB------|--------|--------|--------|  set
cpu-bind=MASK - cn1302, task 166 70 [2504417]: mask |--------|--------|--------|--------|--------|--------|--------|--------|--------|--------|--------|--------||||--------|--------|--------|--------|--------|--------|--------|--------|--------|--------|----BB--|--------|  set
cpu-bind=MASK - cn1303, task 222 30 [2727991]: mask |--------|--------|--------|--------|--------|--------|--------|----BB--|--------|--------|--------|--------||||--------|--------|--------|--------|--------|--------|--------|--------|--------|--------|--------|--------|  set
cpu-bind=MASK - cn1302, task 167 71 [2504418]: mask |--------|--------|--------|--------|--------|--------|--------|--------|--------|--------|--------|--------||||--------|--------|--------|--------|--------|--------|--------|--------|--------|--------|------BB|--------|  set
cpu-bind=MASK - cn1301, task 93 93 [2707014]: mask |--------|--------|--------|--------|--------|--------|--------|--------|--------|--------|--------|--------||||--------|--------|--------|--------|--------|--------|--------|--------|--BB----|--------|--------|--------|  set
cpu-bind=MASK - cn1304, task 314 26 [2788323]: mask |--------|--------|--------|--------|----BB--|--------|--------|--------|--------|--------|--------|--------||||--------|--------|--------|--------|--------|--------|--------|--------|--------|--------|--------|--------|  set
cpu-bind=MASK - cn1302, task 168 72 [2504419]: mask |--------|--------|--------|--------|--------|--------|--------|--------|--------|--------|--------|--------||||--------|--------|--------|--------|BB------|--------|--------|--------|--------|--------|--------|--------|  set
cpu-bind=MASK - cn1303, task 223 31 [2727992]: mask |--------|--------|--------|--------|--------|--------|--------|------BB|--------|--------|--------|--------||||--------|--------|--------|--------|--------|--------|--------|--------|--------|--------|--------|--------|  set
cpu-bind=MASK - cn1304, task 315 27 [2788324]: mask |--------|--------|--------|--------|------BB|--------|--------|--------|--------|--------|--------|--------||||--------|--------|--------|--------|--------|--------|--------|--------|--------|--------|--------|--------|  set
cpu-bind=MASK - cn1302, task 169 73 [2504420]: mask |--------|--------|--------|--------|--------|--------|--------|--------|--------|--------|--------|--------||||--------|--------|--------|--------|--BB----|--------|--------|--------|--------|--------|--------|--------|  set
cpu-bind=MASK - cn1301, task 94 94 [2707015]: mask |--------|--------|--------|--------|--------|--------|--------|--------|--------|--------|--------|--------||||--------|--------|--------|--------|--------|--------|--------|--------|----BB--|--------|--------|--------|  set
cpu-bind=MASK - cn1302, task 170 74 [2504421]: mask |--------|--------|--------|--------|--------|--------|--------|--------|--------|--------|--------|--------||||--------|--------|--------|--------|----BB--|--------|--------|--------|--------|--------|--------|--------|  set
cpu-bind=MASK - cn1302, task 171 75 [2504422]: mask |--------|--------|--------|--------|--------|--------|--------|--------|--------|--------|--------|--------||||--------|--------|--------|--------|------BB|--------|--------|--------|--------|--------|--------|--------|  set
cpu-bind=MASK - cn1304, task 316 28 [2788325]: mask |--------|--------|--------|--------|--------|--------|--------|BB------|--------|--------|--------|--------||||--------|--------|--------|--------|--------|--------|--------|--------|--------|--------|--------|--------|  set
cpu-bind=MASK - cn1303, task 224 32 [2727993]: mask |--------|--------|BB------|--------|--------|--------|--------|--------|--------|--------|--------|--------||||--------|--------|--------|--------|--------|--------|--------|--------|--------|--------|--------|--------|  set
cpu-bind=MASK - cn1302, task 172 76 [2504423]: mask |--------|--------|--------|--------|--------|--------|--------|--------|--------|--------|--------|--------||||--------|--------|--------|--------|--------|--------|--------|BB------|--------|--------|--------|--------|  set
cpu-bind=MASK - cn1302, task 173 77 [2504424]: mask |--------|--------|--------|--------|--------|--------|--------|--------|--------|--------|--------|--------||||--------|--------|--------|--------|--------|--------|--------|--BB----|--------|--------|--------|--------|  set
cpu-bind=MASK - cn1304, task 317 29 [2788326]: mask |--------|--------|--------|--------|--------|--------|--------|--BB----|--------|--------|--------|--------||||--------|--------|--------|--------|--------|--------|--------|--------|--------|--------|--------|--------|  set
cpu-bind=MASK - cn1302, task 174 78 [2504425]: mask |--------|--------|--------|--------|--------|--------|--------|--------|--------|--------|--------|--------||||--------|--------|--------|--------|--------|--------|--------|----BB--|--------|--------|--------|--------|  set
cpu-bind=MASK - cn1303, task 225 33 [2727994]: mask |--------|--------|--BB----|--------|--------|--------|--------|--------|--------|--------|--------|--------||||--------|--------|--------|--------|--------|--------|--------|--------|--------|--------|--------|--------|  set
cpu-bind=MASK - cn1302, task 175 79 [2504426]: mask |--------|--------|--------|--------|--------|--------|--------|--------|--------|--------|--------|--------||||--------|--------|--------|--------|--------|--------|--------|------BB|--------|--------|--------|--------|  set
cpu-bind=MASK - cn1302, task 176 80 [2504427]: mask |--------|--------|--------|--------|--------|--------|--------|--------|--------|--------|--------|--------||||--------|--------|BB------|--------|--------|--------|--------|--------|--------|--------|--------|--------|  set
cpu-bind=MASK - cn1304, task 318 30 [2788327]: mask |--------|--------|--------|--------|--------|--------|--------|----BB--|--------|--------|--------|--------||||--------|--------|--------|--------|--------|--------|--------|--------|--------|--------|--------|--------|  set
cpu-bind=MASK - cn1302, task 177 81 [2504428]: mask |--------|--------|--------|--------|--------|--------|--------|--------|--------|--------|--------|--------||||--------|--------|--BB----|--------|--------|--------|--------|--------|--------|--------|--------|--------|  set
cpu-bind=MASK - cn1304, task 319 31 [2788328]: mask |--------|--------|--------|--------|--------|--------|--------|------BB|--------|--------|--------|--------||||--------|--------|--------|--------|--------|--------|--------|--------|--------|--------|--------|--------|  set
cpu-bind=MASK - cn1303, task 226 34 [2727995]: mask |--------|--------|----BB--|--------|--------|--------|--------|--------|--------|--------|--------|--------||||--------|--------|--------|--------|--------|--------|--------|--------|--------|--------|--------|--------|  set
cpu-bind=MASK - cn1302, task 178 82 [2504429]: mask |--------|--------|--------|--------|--------|--------|--------|--------|--------|--------|--------|--------||||--------|--------|----BB--|--------|--------|--------|--------|--------|--------|--------|--------|--------|  set
cpu-bind=MASK - cn1302, task 179 83 [2504430]: mask |--------|--------|--------|--------|--------|--------|--------|--------|--------|--------|--------|--------||||--------|--------|------BB|--------|--------|--------|--------|--------|--------|--------|--------|--------|  set
cpu-bind=MASK - cn1304, task 320 32 [2788329]: mask |--------|--------|BB------|--------|--------|--------|--------|--------|--------|--------|--------|--------||||--------|--------|--------|--------|--------|--------|--------|--------|--------|--------|--------|--------|  set
cpu-bind=MASK - cn1303, task 227 35 [2727996]: mask |--------|--------|------BB|--------|--------|--------|--------|--------|--------|--------|--------|--------||||--------|--------|--------|--------|--------|--------|--------|--------|--------|--------|--------|--------|  set
cpu-bind=MASK - cn1302, task 180 84 [2504431]: mask |--------|--------|--------|--------|--------|--------|--------|--------|--------|--------|--------|--------||||--------|--------|--------|--------|--------|--------|--------|--------|--------|--------|--------|BB------|  set
cpu-bind=MASK - cn1304, task 321 33 [2788330]: mask |--------|--------|--BB----|--------|--------|--------|--------|--------|--------|--------|--------|--------||||--------|--------|--------|--------|--------|--------|--------|--------|--------|--------|--------|--------|  set
cpu-bind=MASK - cn1302, task 181 85 [2504432]: mask |--------|--------|--------|--------|--------|--------|--------|--------|--------|--------|--------|--------||||--------|--------|--------|--------|--------|--------|--------|--------|--------|--------|--------|--BB----|  set
cpu-bind=MASK - cn1303, task 228 36 [2727997]: mask |--------|--------|--------|--------|--------|--------|--------|--------|--------|--------|--------|BB------||||--------|--------|--------|--------|--------|--------|--------|--------|--------|--------|--------|--------|  set
cpu-bind=MASK - cn1304, task 322 34 [2788331]: mask |--------|--------|----BB--|--------|--------|--------|--------|--------|--------|--------|--------|--------||||--------|--------|--------|--------|--------|--------|--------|--------|--------|--------|--------|--------|  set
cpu-bind=MASK - cn1302, task 182 86 [2504433]: mask |--------|--------|--------|--------|--------|--------|--------|--------|--------|--------|--------|--------||||--------|--------|--------|--------|--------|--------|--------|--------|--------|--------|--------|----BB--|  set
cpu-bind=MASK - cn1302, task 183 87 [2504434]: mask |--------|--------|--------|--------|--------|--------|--------|--------|--------|--------|--------|--------||||--------|--------|--------|--------|--------|--------|--------|--------|--------|--------|--------|------BB|  set
cpu-bind=MASK - cn1303, task 229 37 [2727998]: mask |--------|--------|--------|--------|--------|--------|--------|--------|--------|--------|--------|--BB----||||--------|--------|--------|--------|--------|--------|--------|--------|--------|--------|--------|--------|  set
cpu-bind=MASK - cn1302, task 184 88 [2504435]: mask |--------|--------|--------|--------|--------|--------|--------|--------|--------|--------|--------|--------||||--------|--------|--------|--------|--------|BB------|--------|--------|--------|--------|--------|--------|  set
cpu-bind=MASK - cn1302, task 185 89 [2504436]: mask |--------|--------|--------|--------|--------|--------|--------|--------|--------|--------|--------|--------||||--------|--------|--------|--------|--------|--BB----|--------|--------|--------|--------|--------|--------|  set
cpu-bind=MASK - cn1304, task 323 35 [2788332]: mask |--------|--------|------BB|--------|--------|--------|--------|--------|--------|--------|--------|--------||||--------|--------|--------|--------|--------|--------|--------|--------|--------|--------|--------|--------|  set
cpu-bind=MASK - cn1302, task 186 90 [2504437]: mask |--------|--------|--------|--------|--------|--------|--------|--------|--------|--------|--------|--------||||--------|--------|--------|--------|--------|----BB--|--------|--------|--------|--------|--------|--------|  set
cpu-bind=MASK - cn1303, task 230 38 [2727999]: mask |--------|--------|--------|--------|--------|--------|--------|--------|--------|--------|--------|----BB--||||--------|--------|--------|--------|--------|--------|--------|--------|--------|--------|--------|--------|  set
cpu-bind=MASK - cn1302, task 187 91 [2504438]: mask |--------|--------|--------|--------|--------|--------|--------|--------|--------|--------|--------|--------||||--------|--------|--------|--------|--------|------BB|--------|--------|--------|--------|--------|--------|  set
cpu-bind=MASK - cn1304, task 324 36 [2788333]: mask |--------|--------|--------|--------|--------|--------|--------|--------|--------|--------|--------|BB------||||--------|--------|--------|--------|--------|--------|--------|--------|--------|--------|--------|--------|  set
cpu-bind=MASK - cn1303, task 231 39 [2728000]: mask |--------|--------|--------|--------|--------|--------|--------|--------|--------|--------|--------|------BB||||--------|--------|--------|--------|--------|--------|--------|--------|--------|--------|--------|--------|  set
cpu-bind=MASK - cn1304, task 325 37 [2788334]: mask |--------|--------|--------|--------|--------|--------|--------|--------|--------|--------|--------|--BB----||||--------|--------|--------|--------|--------|--------|--------|--------|--------|--------|--------|--------|  set
cpu-bind=MASK - cn1302, task 188 92 [2504439]: mask |--------|--------|--------|--------|--------|--------|--------|--------|--------|--------|--------|--------||||--------|--------|--------|--------|--------|--------|--------|--------|BB------|--------|--------|--------|  set
cpu-bind=MASK - cn1303, task 232 40 [2728001]: mask |--------|--------|--------|--------|--------|BB------|--------|--------|--------|--------|--------|--------||||--------|--------|--------|--------|--------|--------|--------|--------|--------|--------|--------|--------|  set
cpu-bind=MASK - cn1302, task 189 93 [2504440]: mask |--------|--------|--------|--------|--------|--------|--------|--------|--------|--------|--------|--------||||--------|--------|--------|--------|--------|--------|--------|--------|--BB----|--------|--------|--------|  set
cpu-bind=MASK - cn1302, task 190 94 [2504441]: mask |--------|--------|--------|--------|--------|--------|--------|--------|--------|--------|--------|--------||||--------|--------|--------|--------|--------|--------|--------|--------|----BB--|--------|--------|--------|  set
cpu-bind=MASK - cn1304, task 326 38 [2788335]: mask |--------|--------|--------|--------|--------|--------|--------|--------|--------|--------|--------|----BB--||||--------|--------|--------|--------|--------|--------|--------|--------|--------|--------|--------|--------|  set
cpu-bind=MASK - cn1303, task 233 41 [2728002]: mask |--------|--------|--------|--------|--------|--BB----|--------|--------|--------|--------|--------|--------||||--------|--------|--------|--------|--------|--------|--------|--------|--------|--------|--------|--------|  set
cpu-bind=MASK - cn1304, task 327 39 [2788336]: mask |--------|--------|--------|--------|--------|--------|--------|--------|--------|--------|--------|------BB||||--------|--------|--------|--------|--------|--------|--------|--------|--------|--------|--------|--------|  set
cpu-bind=MASK - cn1303, task 234 42 [2728003]: mask |--------|--------|--------|--------|--------|----BB--|--------|--------|--------|--------|--------|--------||||--------|--------|--------|--------|--------|--------|--------|--------|--------|--------|--------|--------|  set
cpu-bind=MASK - cn1304, task 328 40 [2788337]: mask |--------|--------|--------|--------|--------|BB------|--------|--------|--------|--------|--------|--------||||--------|--------|--------|--------|--------|--------|--------|--------|--------|--------|--------|--------|  set
cpu-bind=MASK - cn1303, task 235 43 [2728004]: mask |--------|--------|--------|--------|--------|------BB|--------|--------|--------|--------|--------|--------||||--------|--------|--------|--------|--------|--------|--------|--------|--------|--------|--------|--------|  set
cpu-bind=MASK - cn1304, task 329 41 [2788338]: mask |--------|--------|--------|--------|--------|--BB----|--------|--------|--------|--------|--------|--------||||--------|--------|--------|--------|--------|--------|--------|--------|--------|--------|--------|--------|  set
cpu-bind=MASK - cn1303, task 236 44 [2728005]: mask |--------|--------|--------|--------|--------|--------|--------|--------|BB------|--------|--------|--------||||--------|--------|--------|--------|--------|--------|--------|--------|--------|--------|--------|--------|  set
cpu-bind=MASK - cn1304, task 330 42 [2788339]: mask |--------|--------|--------|--------|--------|----BB--|--------|--------|--------|--------|--------|--------||||--------|--------|--------|--------|--------|--------|--------|--------|--------|--------|--------|--------|  set
cpu-bind=MASK - cn1304, task 331 43 [2788340]: mask |--------|--------|--------|--------|--------|------BB|--------|--------|--------|--------|--------|--------||||--------|--------|--------|--------|--------|--------|--------|--------|--------|--------|--------|--------|  set
cpu-bind=MASK - cn1303, task 237 45 [2728006]: mask |--------|--------|--------|--------|--------|--------|--------|--------|--BB----|--------|--------|--------||||--------|--------|--------|--------|--------|--------|--------|--------|--------|--------|--------|--------|  set
cpu-bind=MASK - cn1304, task 332 44 [2788341]: mask |--------|--------|--------|--------|--------|--------|--------|--------|BB------|--------|--------|--------||||--------|--------|--------|--------|--------|--------|--------|--------|--------|--------|--------|--------|  set
cpu-bind=MASK - cn1304, task 333 45 [2788342]: mask |--------|--------|--------|--------|--------|--------|--------|--------|--BB----|--------|--------|--------||||--------|--------|--------|--------|--------|--------|--------|--------|--------|--------|--------|--------|  set
cpu-bind=MASK - cn1303, task 238 46 [2728007]: mask |--------|--------|--------|--------|--------|--------|--------|--------|----BB--|--------|--------|--------||||--------|--------|--------|--------|--------|--------|--------|--------|--------|--------|--------|--------|  set
cpu-bind=MASK - cn1303, task 239 47 [2728008]: mask |--------|--------|--------|--------|--------|--------|--------|--------|------BB|--------|--------|--------||||--------|--------|--------|--------|--------|--------|--------|--------|--------|--------|--------|--------|  set
cpu-bind=MASK - cn1304, task 334 46 [2788343]: mask |--------|--------|--------|--------|--------|--------|--------|--------|----BB--|--------|--------|--------||||--------|--------|--------|--------|--------|--------|--------|--------|--------|--------|--------|--------|  set
cpu-bind=MASK - cn1304, task 335 47 [2788344]: mask |--------|--------|--------|--------|--------|--------|--------|--------|------BB|--------|--------|--------||||--------|--------|--------|--------|--------|--------|--------|--------|--------|--------|--------|--------|  set
cpu-bind=MASK - cn1303, task 240 48 [2728009]: mask |--------|--------|--------|--------|--------|--------|--------|--------|--------|--------|--------|--------||||BB------|--------|--------|--------|--------|--------|--------|--------|--------|--------|--------|--------|  set
cpu-bind=MASK - cn1303, task 241 49 [2728010]: mask |--------|--------|--------|--------|--------|--------|--------|--------|--------|--------|--------|--------||||--BB----|--------|--------|--------|--------|--------|--------|--------|--------|--------|--------|--------|  set
cpu-bind=MASK - cn1304, task 336 48 [2788345]: mask |--------|--------|--------|--------|--------|--------|--------|--------|--------|--------|--------|--------||||BB------|--------|--------|--------|--------|--------|--------|--------|--------|--------|--------|--------|  set
cpu-bind=MASK - cn1304, task 337 49 [2788346]: mask |--------|--------|--------|--------|--------|--------|--------|--------|--------|--------|--------|--------||||--BB----|--------|--------|--------|--------|--------|--------|--------|--------|--------|--------|--------|  set
cpu-bind=MASK - cn1303, task 242 50 [2728011]: mask |--------|--------|--------|--------|--------|--------|--------|--------|--------|--------|--------|--------||||----BB--|--------|--------|--------|--------|--------|--------|--------|--------|--------|--------|--------|  set
cpu-bind=MASK - cn1304, task 338 50 [2788347]: mask |--------|--------|--------|--------|--------|--------|--------|--------|--------|--------|--------|--------||||----BB--|--------|--------|--------|--------|--------|--------|--------|--------|--------|--------|--------|  set
cpu-bind=MASK - cn1303, task 243 51 [2728012]: mask |--------|--------|--------|--------|--------|--------|--------|--------|--------|--------|--------|--------||||------BB|--------|--------|--------|--------|--------|--------|--------|--------|--------|--------|--------|  set
cpu-bind=MASK - cn1304, task 339 51 [2788348]: mask |--------|--------|--------|--------|--------|--------|--------|--------|--------|--------|--------|--------||||------BB|--------|--------|--------|--------|--------|--------|--------|--------|--------|--------|--------|  set
cpu-bind=MASK - cn1303, task 244 52 [2728013]: mask |--------|--------|--------|--------|--------|--------|--------|--------|--------|--------|--------|--------||||--------|--------|--------|--------|--------|--------|--------|--------|--------|BB------|--------|--------|  set
cpu-bind=MASK - cn1304, task 340 52 [2788349]: mask |--------|--------|--------|--------|--------|--------|--------|--------|--------|--------|--------|--------||||--------|--------|--------|--------|--------|--------|--------|--------|--------|BB------|--------|--------|  set
cpu-bind=MASK - cn1301, task 95 95 [2707016]: mask |--------|--------|--------|--------|--------|--------|--------|--------|--------|--------|--------|--------||||--------|--------|--------|--------|--------|--------|--------|--------|------BB|--------|--------|--------|  set
cpu-bind=MASK - cn1303, task 245 53 [2728014]: mask |--------|--------|--------|--------|--------|--------|--------|--------|--------|--------|--------|--------||||--------|--------|--------|--------|--------|--------|--------|--------|--------|--BB----|--------|--------|  set
cpu-bind=MASK - cn1304, task 341 53 [2788350]: mask |--------|--------|--------|--------|--------|--------|--------|--------|--------|--------|--------|--------||||--------|--------|--------|--------|--------|--------|--------|--------|--------|--BB----|--------|--------|  set
cpu-bind=MASK - cn1302, task 191 95 [2504442]: mask |--------|--------|--------|--------|--------|--------|--------|--------|--------|--------|--------|--------||||--------|--------|--------|--------|--------|--------|--------|--------|------BB|--------|--------|--------|  set
cpu-bind=MASK - cn1303, task 246 54 [2728015]: mask |--------|--------|--------|--------|--------|--------|--------|--------|--------|--------|--------|--------||||--------|--------|--------|--------|--------|--------|--------|--------|--------|----BB--|--------|--------|  set
cpu-bind=MASK - cn1304, task 342 54 [2788351]: mask |--------|--------|--------|--------|--------|--------|--------|--------|--------|--------|--------|--------||||--------|--------|--------|--------|--------|--------|--------|--------|--------|----BB--|--------|--------|  set
cpu-bind=MASK - cn1303, task 247 55 [2728016]: mask |--------|--------|--------|--------|--------|--------|--------|--------|--------|--------|--------|--------||||--------|--------|--------|--------|--------|--------|--------|--------|--------|------BB|--------|--------|  set
cpu-bind=MASK - cn1304, task 343 55 [2788352]: mask |--------|--------|--------|--------|--------|--------|--------|--------|--------|--------|--------|--------||||--------|--------|--------|--------|--------|--------|--------|--------|--------|------BB|--------|--------|  set
cpu-bind=MASK - cn1303, task 248 56 [2728017]: mask |--------|--------|--------|--------|--------|--------|--------|--------|--------|--------|--------|--------||||--------|--------|--------|BB------|--------|--------|--------|--------|--------|--------|--------|--------|  set
cpu-bind=MASK - cn1304, task 344 56 [2788353]: mask |--------|--------|--------|--------|--------|--------|--------|--------|--------|--------|--------|--------||||--------|--------|--------|BB------|--------|--------|--------|--------|--------|--------|--------|--------|  set
cpu-bind=MASK - cn1303, task 249 57 [2728018]: mask |--------|--------|--------|--------|--------|--------|--------|--------|--------|--------|--------|--------||||--------|--------|--------|--BB----|--------|--------|--------|--------|--------|--------|--------|--------|  set
cpu-bind=MASK - cn1304, task 345 57 [2788354]: mask |--------|--------|--------|--------|--------|--------|--------|--------|--------|--------|--------|--------||||--------|--------|--------|--BB----|--------|--------|--------|--------|--------|--------|--------|--------|  set
cpu-bind=MASK - cn1304, task 346 58 [2788355]: mask |--------|--------|--------|--------|--------|--------|--------|--------|--------|--------|--------|--------||||--------|--------|--------|----BB--|--------|--------|--------|--------|--------|--------|--------|--------|  set
cpu-bind=MASK - cn1303, task 250 58 [2728019]: mask |--------|--------|--------|--------|--------|--------|--------|--------|--------|--------|--------|--------||||--------|--------|--------|----BB--|--------|--------|--------|--------|--------|--------|--------|--------|  set
cpu-bind=MASK - cn1304, task 347 59 [2788356]: mask |--------|--------|--------|--------|--------|--------|--------|--------|--------|--------|--------|--------||||--------|--------|--------|------BB|--------|--------|--------|--------|--------|--------|--------|--------|  set
cpu-bind=MASK - cn1303, task 251 59 [2728020]: mask |--------|--------|--------|--------|--------|--------|--------|--------|--------|--------|--------|--------||||--------|--------|--------|------BB|--------|--------|--------|--------|--------|--------|--------|--------|  set
cpu-bind=MASK - cn1304, task 348 60 [2788357]: mask |--------|--------|--------|--------|--------|--------|--------|--------|--------|--------|--------|--------||||--------|--------|--------|--------|--------|--------|BB------|--------|--------|--------|--------|--------|  set
cpu-bind=MASK - cn1303, task 252 60 [2728021]: mask |--------|--------|--------|--------|--------|--------|--------|--------|--------|--------|--------|--------||||--------|--------|--------|--------|--------|--------|BB------|--------|--------|--------|--------|--------|  set
cpu-bind=MASK - cn1304, task 349 61 [2788358]: mask |--------|--------|--------|--------|--------|--------|--------|--------|--------|--------|--------|--------||||--------|--------|--------|--------|--------|--------|--BB----|--------|--------|--------|--------|--------|  set
cpu-bind=MASK - cn1303, task 253 61 [2728022]: mask |--------|--------|--------|--------|--------|--------|--------|--------|--------|--------|--------|--------||||--------|--------|--------|--------|--------|--------|--BB----|--------|--------|--------|--------|--------|  set
cpu-bind=MASK - cn1304, task 350 62 [2788359]: mask |--------|--------|--------|--------|--------|--------|--------|--------|--------|--------|--------|--------||||--------|--------|--------|--------|--------|--------|----BB--|--------|--------|--------|--------|--------|  set
cpu-bind=MASK - cn1303, task 254 62 [2728023]: mask |--------|--------|--------|--------|--------|--------|--------|--------|--------|--------|--------|--------||||--------|--------|--------|--------|--------|--------|----BB--|--------|--------|--------|--------|--------|  set
cpu-bind=MASK - cn1304, task 351 63 [2788360]: mask |--------|--------|--------|--------|--------|--------|--------|--------|--------|--------|--------|--------||||--------|--------|--------|--------|--------|--------|------BB|--------|--------|--------|--------|--------|  set
cpu-bind=MASK - cn1304, task 352 64 [2788361]: mask |--------|--------|--------|--------|--------|--------|--------|--------|--------|--------|--------|--------||||--------|BB------|--------|--------|--------|--------|--------|--------|--------|--------|--------|--------|  set
cpu-bind=MASK - cn1303, task 255 63 [2728024]: mask |--------|--------|--------|--------|--------|--------|--------|--------|--------|--------|--------|--------||||--------|--------|--------|--------|--------|--------|------BB|--------|--------|--------|--------|--------|  set
cpu-bind=MASK - cn1303, task 256 64 [2728025]: mask |--------|--------|--------|--------|--------|--------|--------|--------|--------|--------|--------|--------||||--------|BB------|--------|--------|--------|--------|--------|--------|--------|--------|--------|--------|  set
cpu-bind=MASK - cn1304, task 353 65 [2788362]: mask |--------|--------|--------|--------|--------|--------|--------|--------|--------|--------|--------|--------||||--------|--BB----|--------|--------|--------|--------|--------|--------|--------|--------|--------|--------|  set
cpu-bind=MASK - cn1303, task 257 65 [2728026]: mask |--------|--------|--------|--------|--------|--------|--------|--------|--------|--------|--------|--------||||--------|--BB----|--------|--------|--------|--------|--------|--------|--------|--------|--------|--------|  set
cpu-bind=MASK - cn1304, task 354 66 [2788363]: mask |--------|--------|--------|--------|--------|--------|--------|--------|--------|--------|--------|--------||||--------|----BB--|--------|--------|--------|--------|--------|--------|--------|--------|--------|--------|  set
cpu-bind=MASK - cn1303, task 258 66 [2728027]: mask |--------|--------|--------|--------|--------|--------|--------|--------|--------|--------|--------|--------||||--------|----BB--|--------|--------|--------|--------|--------|--------|--------|--------|--------|--------|  set
cpu-bind=MASK - cn1304, task 355 67 [2788364]: mask |--------|--------|--------|--------|--------|--------|--------|--------|--------|--------|--------|--------||||--------|------BB|--------|--------|--------|--------|--------|--------|--------|--------|--------|--------|  set
cpu-bind=MASK - cn1303, task 259 67 [2728028]: mask |--------|--------|--------|--------|--------|--------|--------|--------|--------|--------|--------|--------||||--------|------BB|--------|--------|--------|--------|--------|--------|--------|--------|--------|--------|  set
cpu-bind=MASK - cn1304, task 356 68 [2788365]: mask |--------|--------|--------|--------|--------|--------|--------|--------|--------|--------|--------|--------||||--------|--------|--------|--------|--------|--------|--------|--------|--------|--------|BB------|--------|  set
cpu-bind=MASK - cn1303, task 260 68 [2728029]: mask |--------|--------|--------|--------|--------|--------|--------|--------|--------|--------|--------|--------||||--------|--------|--------|--------|--------|--------|--------|--------|--------|--------|BB------|--------|  set
cpu-bind=MASK - cn1304, task 357 69 [2788366]: mask |--------|--------|--------|--------|--------|--------|--------|--------|--------|--------|--------|--------||||--------|--------|--------|--------|--------|--------|--------|--------|--------|--------|--BB----|--------|  set
cpu-bind=MASK - cn1303, task 261 69 [2728030]: mask |--------|--------|--------|--------|--------|--------|--------|--------|--------|--------|--------|--------||||--------|--------|--------|--------|--------|--------|--------|--------|--------|--------|--BB----|--------|  set
cpu-bind=MASK - cn1304, task 358 70 [2788367]: mask |--------|--------|--------|--------|--------|--------|--------|--------|--------|--------|--------|--------||||--------|--------|--------|--------|--------|--------|--------|--------|--------|--------|----BB--|--------|  set
cpu-bind=MASK - cn1303, task 262 70 [2728031]: mask |--------|--------|--------|--------|--------|--------|--------|--------|--------|--------|--------|--------||||--------|--------|--------|--------|--------|--------|--------|--------|--------|--------|----BB--|--------|  set
cpu-bind=MASK - cn1304, task 359 71 [2788368]: mask |--------|--------|--------|--------|--------|--------|--------|--------|--------|--------|--------|--------||||--------|--------|--------|--------|--------|--------|--------|--------|--------|--------|------BB|--------|  set
cpu-bind=MASK - cn1303, task 263 71 [2728032]: mask |--------|--------|--------|--------|--------|--------|--------|--------|--------|--------|--------|--------||||--------|--------|--------|--------|--------|--------|--------|--------|--------|--------|------BB|--------|  set
cpu-bind=MASK - cn1304, task 360 72 [2788369]: mask |--------|--------|--------|--------|--------|--------|--------|--------|--------|--------|--------|--------||||--------|--------|--------|--------|BB------|--------|--------|--------|--------|--------|--------|--------|  set
cpu-bind=MASK - cn1303, task 264 72 [2728033]: mask |--------|--------|--------|--------|--------|--------|--------|--------|--------|--------|--------|--------||||--------|--------|--------|--------|BB------|--------|--------|--------|--------|--------|--------|--------|  set
cpu-bind=MASK - cn1304, task 361 73 [2788370]: mask |--------|--------|--------|--------|--------|--------|--------|--------|--------|--------|--------|--------||||--------|--------|--------|--------|--BB----|--------|--------|--------|--------|--------|--------|--------|  set
cpu-bind=MASK - cn1303, task 265 73 [2728034]: mask |--------|--------|--------|--------|--------|--------|--------|--------|--------|--------|--------|--------||||--------|--------|--------|--------|--BB----|--------|--------|--------|--------|--------|--------|--------|  set
cpu-bind=MASK - cn1304, task 362 74 [2788371]: mask |--------|--------|--------|--------|--------|--------|--------|--------|--------|--------|--------|--------||||--------|--------|--------|--------|----BB--|--------|--------|--------|--------|--------|--------|--------|  set
cpu-bind=MASK - cn1303, task 266 74 [2728035]: mask |--------|--------|--------|--------|--------|--------|--------|--------|--------|--------|--------|--------||||--------|--------|--------|--------|----BB--|--------|--------|--------|--------|--------|--------|--------|  set
cpu-bind=MASK - cn1304, task 363 75 [2788372]: mask |--------|--------|--------|--------|--------|--------|--------|--------|--------|--------|--------|--------||||--------|--------|--------|--------|------BB|--------|--------|--------|--------|--------|--------|--------|  set
cpu-bind=MASK - cn1303, task 267 75 [2728036]: mask |--------|--------|--------|--------|--------|--------|--------|--------|--------|--------|--------|--------||||--------|--------|--------|--------|------BB|--------|--------|--------|--------|--------|--------|--------|  set
cpu-bind=MASK - cn1304, task 364 76 [2788373]: mask |--------|--------|--------|--------|--------|--------|--------|--------|--------|--------|--------|--------||||--------|--------|--------|--------|--------|--------|--------|BB------|--------|--------|--------|--------|  set
cpu-bind=MASK - cn1303, task 268 76 [2728037]: mask |--------|--------|--------|--------|--------|--------|--------|--------|--------|--------|--------|--------||||--------|--------|--------|--------|--------|--------|--------|BB------|--------|--------|--------|--------|  set
cpu-bind=MASK - cn1303, task 269 77 [2728038]: mask |--------|--------|--------|--------|--------|--------|--------|--------|--------|--------|--------|--------||||--------|--------|--------|--------|--------|--------|--------|--BB----|--------|--------|--------|--------|  set
cpu-bind=MASK - cn1304, task 365 77 [2788374]: mask |--------|--------|--------|--------|--------|--------|--------|--------|--------|--------|--------|--------||||--------|--------|--------|--------|--------|--------|--------|--BB----|--------|--------|--------|--------|  set
cpu-bind=MASK - cn1303, task 270 78 [2728039]: mask |--------|--------|--------|--------|--------|--------|--------|--------|--------|--------|--------|--------||||--------|--------|--------|--------|--------|--------|--------|----BB--|--------|--------|--------|--------|  set
cpu-bind=MASK - cn1304, task 366 78 [2788375]: mask |--------|--------|--------|--------|--------|--------|--------|--------|--------|--------|--------|--------||||--------|--------|--------|--------|--------|--------|--------|----BB--|--------|--------|--------|--------|  set
cpu-bind=MASK - cn1303, task 271 79 [2728040]: mask |--------|--------|--------|--------|--------|--------|--------|--------|--------|--------|--------|--------||||--------|--------|--------|--------|--------|--------|--------|------BB|--------|--------|--------|--------|  set
cpu-bind=MASK - cn1304, task 367 79 [2788376]: mask |--------|--------|--------|--------|--------|--------|--------|--------|--------|--------|--------|--------||||--------|--------|--------|--------|--------|--------|--------|------BB|--------|--------|--------|--------|  set
cpu-bind=MASK - cn1303, task 272 80 [2728041]: mask |--------|--------|--------|--------|--------|--------|--------|--------|--------|--------|--------|--------||||--------|--------|BB------|--------|--------|--------|--------|--------|--------|--------|--------|--------|  set
cpu-bind=MASK - cn1304, task 368 80 [2788377]: mask |--------|--------|--------|--------|--------|--------|--------|--------|--------|--------|--------|--------||||--------|--------|BB------|--------|--------|--------|--------|--------|--------|--------|--------|--------|  set
cpu-bind=MASK - cn1304, task 369 81 [2788378]: mask |--------|--------|--------|--------|--------|--------|--------|--------|--------|--------|--------|--------||||--------|--------|--BB----|--------|--------|--------|--------|--------|--------|--------|--------|--------|  set
cpu-bind=MASK - cn1303, task 273 81 [2728042]: mask |--------|--------|--------|--------|--------|--------|--------|--------|--------|--------|--------|--------||||--------|--------|--BB----|--------|--------|--------|--------|--------|--------|--------|--------|--------|  set
cpu-bind=MASK - cn1304, task 370 82 [2788379]: mask |--------|--------|--------|--------|--------|--------|--------|--------|--------|--------|--------|--------||||--------|--------|----BB--|--------|--------|--------|--------|--------|--------|--------|--------|--------|  set
cpu-bind=MASK - cn1303, task 274 82 [2728043]: mask |--------|--------|--------|--------|--------|--------|--------|--------|--------|--------|--------|--------||||--------|--------|----BB--|--------|--------|--------|--------|--------|--------|--------|--------|--------|  set
cpu-bind=MASK - cn1304, task 371 83 [2788380]: mask |--------|--------|--------|--------|--------|--------|--------|--------|--------|--------|--------|--------||||--------|--------|------BB|--------|--------|--------|--------|--------|--------|--------|--------|--------|  set
cpu-bind=MASK - cn1303, task 275 83 [2728044]: mask |--------|--------|--------|--------|--------|--------|--------|--------|--------|--------|--------|--------||||--------|--------|------BB|--------|--------|--------|--------|--------|--------|--------|--------|--------|  set
cpu-bind=MASK - cn1304, task 372 84 [2788381]: mask |--------|--------|--------|--------|--------|--------|--------|--------|--------|--------|--------|--------||||--------|--------|--------|--------|--------|--------|--------|--------|--------|--------|--------|BB------|  set
cpu-bind=MASK - cn1303, task 276 84 [2728045]: mask |--------|--------|--------|--------|--------|--------|--------|--------|--------|--------|--------|--------||||--------|--------|--------|--------|--------|--------|--------|--------|--------|--------|--------|BB------|  set
cpu-bind=MASK - cn1304, task 373 85 [2788382]: mask |--------|--------|--------|--------|--------|--------|--------|--------|--------|--------|--------|--------||||--------|--------|--------|--------|--------|--------|--------|--------|--------|--------|--------|--BB----|  set
cpu-bind=MASK - cn1303, task 277 85 [2728046]: mask |--------|--------|--------|--------|--------|--------|--------|--------|--------|--------|--------|--------||||--------|--------|--------|--------|--------|--------|--------|--------|--------|--------|--------|--BB----|  set
cpu-bind=MASK - cn1304, task 374 86 [2788383]: mask |--------|--------|--------|--------|--------|--------|--------|--------|--------|--------|--------|--------||||--------|--------|--------|--------|--------|--------|--------|--------|--------|--------|--------|----BB--|  set
cpu-bind=MASK - cn1303, task 278 86 [2728047]: mask |--------|--------|--------|--------|--------|--------|--------|--------|--------|--------|--------|--------||||--------|--------|--------|--------|--------|--------|--------|--------|--------|--------|--------|----BB--|  set
cpu-bind=MASK - cn1304, task 375 87 [2788384]: mask |--------|--------|--------|--------|--------|--------|--------|--------|--------|--------|--------|--------||||--------|--------|--------|--------|--------|--------|--------|--------|--------|--------|--------|------BB|  set
cpu-bind=MASK - cn1303, task 279 87 [2728048]: mask |--------|--------|--------|--------|--------|--------|--------|--------|--------|--------|--------|--------||||--------|--------|--------|--------|--------|--------|--------|--------|--------|--------|--------|------BB|  set
cpu-bind=MASK - cn1304, task 376 88 [2788385]: mask |--------|--------|--------|--------|--------|--------|--------|--------|--------|--------|--------|--------||||--------|--------|--------|--------|--------|BB------|--------|--------|--------|--------|--------|--------|  set
cpu-bind=MASK - cn1304, task 377 89 [2788386]: mask |--------|--------|--------|--------|--------|--------|--------|--------|--------|--------|--------|--------||||--------|--------|--------|--------|--------|--BB----|--------|--------|--------|--------|--------|--------|  set
cpu-bind=MASK - cn1303, task 280 88 [2728049]: mask |--------|--------|--------|--------|--------|--------|--------|--------|--------|--------|--------|--------||||--------|--------|--------|--------|--------|BB------|--------|--------|--------|--------|--------|--------|  set
cpu-bind=MASK - cn1303, task 281 89 [2728050]: mask |--------|--------|--------|--------|--------|--------|--------|--------|--------|--------|--------|--------||||--------|--------|--------|--------|--------|--BB----|--------|--------|--------|--------|--------|--------|  set
cpu-bind=MASK - cn1304, task 378 90 [2788387]: mask |--------|--------|--------|--------|--------|--------|--------|--------|--------|--------|--------|--------||||--------|--------|--------|--------|--------|----BB--|--------|--------|--------|--------|--------|--------|  set
cpu-bind=MASK - cn1303, task 282 90 [2728051]: mask |--------|--------|--------|--------|--------|--------|--------|--------|--------|--------|--------|--------||||--------|--------|--------|--------|--------|----BB--|--------|--------|--------|--------|--------|--------|  set
cpu-bind=MASK - cn1304, task 379 91 [2788388]: mask |--------|--------|--------|--------|--------|--------|--------|--------|--------|--------|--------|--------||||--------|--------|--------|--------|--------|------BB|--------|--------|--------|--------|--------|--------|  set
cpu-bind=MASK - cn1304, task 380 92 [2788389]: mask |--------|--------|--------|--------|--------|--------|--------|--------|--------|--------|--------|--------||||--------|--------|--------|--------|--------|--------|--------|--------|BB------|--------|--------|--------|  set
cpu-bind=MASK - cn1303, task 283 91 [2728052]: mask |--------|--------|--------|--------|--------|--------|--------|--------|--------|--------|--------|--------||||--------|--------|--------|--------|--------|------BB|--------|--------|--------|--------|--------|--------|  set
cpu-bind=MASK - cn1304, task 381 93 [2788390]: mask |--------|--------|--------|--------|--------|--------|--------|--------|--------|--------|--------|--------||||--------|--------|--------|--------|--------|--------|--------|--------|--BB----|--------|--------|--------|  set
cpu-bind=MASK - cn1303, task 284 92 [2728053]: mask |--------|--------|--------|--------|--------|--------|--------|--------|--------|--------|--------|--------||||--------|--------|--------|--------|--------|--------|--------|--------|BB------|--------|--------|--------|  set
cpu-bind=MASK - cn1304, task 382 94 [2788391]: mask |--------|--------|--------|--------|--------|--------|--------|--------|--------|--------|--------|--------||||--------|--------|--------|--------|--------|--------|--------|--------|----BB--|--------|--------|--------|  set
cpu-bind=MASK - cn1303, task 285 93 [2728054]: mask |--------|--------|--------|--------|--------|--------|--------|--------|--------|--------|--------|--------||||--------|--------|--------|--------|--------|--------|--------|--------|--BB----|--------|--------|--------|  set
cpu-bind=MASK - cn1303, task 286 94 [2728055]: mask |--------|--------|--------|--------|--------|--------|--------|--------|--------|--------|--------|--------||||--------|--------|--------|--------|--------|--------|--------|--------|----BB--|--------|--------|--------|  set
cpu-bind=MASK - cn1304, task 383 95 [2788392]: mask |--------|--------|--------|--------|--------|--------|--------|--------|--------|--------|--------|--------||||--------|--------|--------|--------|--------|--------|--------|--------|------BB|--------|--------|--------|  set
cpu-bind=MASK - cn1303, task 287 95 [2728056]: mask |--------|--------|--------|--------|--------|--------|--------|--------|--------|--------|--------|--------||||--------|--------|--------|--------|--------|--------|--------|--------|------BB|--------|--------|--------|  set
srun: Job step aborted: Waiting up to 32 seconds for job step to finish.
slurmstepd: error: *** JOB 180311 ON cn1301 CANCELLED AT 2025-10-14T10:58:18 ***
slurmstepd: error: *** STEP 180311.0 ON cn1301 CANCELLED AT 2025-10-14T10:58:18 ***
