cpu-bind=MASK - lcn1510, task  0  0 [2583826]: mask |BBBBBBBB|BBBBBBBB|BBBBBBBB|BBBBBBBB|BBBBBBBB|BBBBBBBB|BBBBBBBB|BBBBBBBB|BBBBBBBB|BBBBBBBB|BBBBBBBB|BBBBBBBB||||BBBBBBBB|BBBBBBBB|BBBBBBBB|BBBBBBBB|BBBBBBBB|BBBBBBBB|BBBBBBBB|BBBBBBBB|BBBBBBBB|BBBBBBBB|BBBBBBBB|BBBBBBBB|  set
Running "module reset". Resetting modules to system default. The following $MODULEPATH directories have been removed: None
cpu-bind=MASK - lcn1517, task 672  0 [88414]: mask |BB------|--------|--------|--------|--------|--------|--------|--------|--------|--------|--------|--------||||--------|--------|--------|--------|--------|--------|--------|--------|--------|--------|--------|--------|  set
cpu-bind=MASK - lcn1517, task 673  1 [88415]: mask |--BB----|--------|--------|--------|--------|--------|--------|--------|--------|--------|--------|--------||||--------|--------|--------|--------|--------|--------|--------|--------|--------|--------|--------|--------|  set
cpu-bind=MASK - lcn1516, task 576  0 [1275545]: mask |BB------|--------|--------|--------|--------|--------|--------|--------|--------|--------|--------|--------||||--------|--------|--------|--------|--------|--------|--------|--------|--------|--------|--------|--------|  set
cpu-bind=MASK - lcn1516, task 577  1 [1275546]: mask |--BB----|--------|--------|--------|--------|--------|--------|--------|--------|--------|--------|--------||||--------|--------|--------|--------|--------|--------|--------|--------|--------|--------|--------|--------|  set
cpu-bind=MASK - lcn1517, task 674  2 [88416]: mask |----BB--|--------|--------|--------|--------|--------|--------|--------|--------|--------|--------|--------||||--------|--------|--------|--------|--------|--------|--------|--------|--------|--------|--------|--------|  set
cpu-bind=MASK - lcn1516, task 578  2 [1275547]: mask |----BB--|--------|--------|--------|--------|--------|--------|--------|--------|--------|--------|--------||||--------|--------|--------|--------|--------|--------|--------|--------|--------|--------|--------|--------|  set
cpu-bind=MASK - lcn1517, task 675  3 [88417]: mask |------BB|--------|--------|--------|--------|--------|--------|--------|--------|--------|--------|--------||||--------|--------|--------|--------|--------|--------|--------|--------|--------|--------|--------|--------|  set
cpu-bind=MASK - lcn1516, task 579  3 [1275548]: mask |------BB|--------|--------|--------|--------|--------|--------|--------|--------|--------|--------|--------||||--------|--------|--------|--------|--------|--------|--------|--------|--------|--------|--------|--------|  set
cpu-bind=MASK - lcn1517, task 676  4 [88418]: mask |--------|--------|--------|--------|--------|--------|--------|--------|--------|BB------|--------|--------||||--------|--------|--------|--------|--------|--------|--------|--------|--------|--------|--------|--------|  set
cpu-bind=MASK - lcn1516, task 580  4 [1275549]: mask |--------|--------|--------|--------|--------|--------|--------|--------|--------|BB------|--------|--------||||--------|--------|--------|--------|--------|--------|--------|--------|--------|--------|--------|--------|  set
cpu-bind=MASK - lcn1517, task 677  5 [88419]: mask |--------|--------|--------|--------|--------|--------|--------|--------|--------|--BB----|--------|--------||||--------|--------|--------|--------|--------|--------|--------|--------|--------|--------|--------|--------|  set
cpu-bind=MASK - lcn1516, task 581  5 [1275550]: mask |--------|--------|--------|--------|--------|--------|--------|--------|--------|--BB----|--------|--------||||--------|--------|--------|--------|--------|--------|--------|--------|--------|--------|--------|--------|  set
cpu-bind=MASK - lcn1517, task 678  6 [88420]: mask |--------|--------|--------|--------|--------|--------|--------|--------|--------|----BB--|--------|--------||||--------|--------|--------|--------|--------|--------|--------|--------|--------|--------|--------|--------|  set
cpu-bind=MASK - lcn1516, task 582  6 [1275551]: mask |--------|--------|--------|--------|--------|--------|--------|--------|--------|----BB--|--------|--------||||--------|--------|--------|--------|--------|--------|--------|--------|--------|--------|--------|--------|  set
cpu-bind=MASK - lcn1517, task 679  7 [88421]: mask |--------|--------|--------|--------|--------|--------|--------|--------|--------|------BB|--------|--------||||--------|--------|--------|--------|--------|--------|--------|--------|--------|--------|--------|--------|  set
cpu-bind=MASK - lcn1516, task 583  7 [1275552]: mask |--------|--------|--------|--------|--------|--------|--------|--------|--------|------BB|--------|--------||||--------|--------|--------|--------|--------|--------|--------|--------|--------|--------|--------|--------|  set
cpu-bind=MASK - lcn1517, task 680  8 [88422]: mask |--------|--------|--------|BB------|--------|--------|--------|--------|--------|--------|--------|--------||||--------|--------|--------|--------|--------|--------|--------|--------|--------|--------|--------|--------|  set
cpu-bind=MASK - lcn1516, task 584  8 [1275553]: mask |--------|--------|--------|BB------|--------|--------|--------|--------|--------|--------|--------|--------||||--------|--------|--------|--------|--------|--------|--------|--------|--------|--------|--------|--------|  set
cpu-bind=MASK - lcn1517, task 681  9 [88423]: mask |--------|--------|--------|--BB----|--------|--------|--------|--------|--------|--------|--------|--------||||--------|--------|--------|--------|--------|--------|--------|--------|--------|--------|--------|--------|  set
cpu-bind=MASK - lcn1516, task 585  9 [1275554]: mask |--------|--------|--------|--BB----|--------|--------|--------|--------|--------|--------|--------|--------||||--------|--------|--------|--------|--------|--------|--------|--------|--------|--------|--------|--------|  set
cpu-bind=MASK - lcn1517, task 682 10 [88424]: mask |--------|--------|--------|----BB--|--------|--------|--------|--------|--------|--------|--------|--------||||--------|--------|--------|--------|--------|--------|--------|--------|--------|--------|--------|--------|  set
cpu-bind=MASK - lcn1516, task 586 10 [1275555]: mask |--------|--------|--------|----BB--|--------|--------|--------|--------|--------|--------|--------|--------||||--------|--------|--------|--------|--------|--------|--------|--------|--------|--------|--------|--------|  set
cpu-bind=MASK - lcn1517, task 683 11 [88425]: mask |--------|--------|--------|------BB|--------|--------|--------|--------|--------|--------|--------|--------||||--------|--------|--------|--------|--------|--------|--------|--------|--------|--------|--------|--------|  set
cpu-bind=MASK - lcn1516, task 587 11 [1275556]: mask |--------|--------|--------|------BB|--------|--------|--------|--------|--------|--------|--------|--------||||--------|--------|--------|--------|--------|--------|--------|--------|--------|--------|--------|--------|  set
cpu-bind=MASK - lcn1517, task 684 12 [88426]: mask |--------|--------|--------|--------|--------|--------|BB------|--------|--------|--------|--------|--------||||--------|--------|--------|--------|--------|--------|--------|--------|--------|--------|--------|--------|  set
cpu-bind=MASK - lcn1516, task 588 12 [1275557]: mask |--------|--------|--------|--------|--------|--------|BB------|--------|--------|--------|--------|--------||||--------|--------|--------|--------|--------|--------|--------|--------|--------|--------|--------|--------|  set
cpu-bind=MASK - lcn1517, task 685 13 [88427]: mask |--------|--------|--------|--------|--------|--------|--BB----|--------|--------|--------|--------|--------||||--------|--------|--------|--------|--------|--------|--------|--------|--------|--------|--------|--------|  set
cpu-bind=MASK - lcn1514, task 384  0 [1760009]: mask |BB------|--------|--------|--------|--------|--------|--------|--------|--------|--------|--------|--------||||--------|--------|--------|--------|--------|--------|--------|--------|--------|--------|--------|--------|  set
cpu-bind=MASK - lcn1516, task 589 13 [1275558]: mask |--------|--------|--------|--------|--------|--------|--BB----|--------|--------|--------|--------|--------||||--------|--------|--------|--------|--------|--------|--------|--------|--------|--------|--------|--------|  set
cpu-bind=MASK - lcn1517, task 686 14 [88428]: mask |--------|--------|--------|--------|--------|--------|----BB--|--------|--------|--------|--------|--------||||--------|--------|--------|--------|--------|--------|--------|--------|--------|--------|--------|--------|  set
cpu-bind=MASK - lcn1516, task 590 14 [1275559]: mask |--------|--------|--------|--------|--------|--------|----BB--|--------|--------|--------|--------|--------||||--------|--------|--------|--------|--------|--------|--------|--------|--------|--------|--------|--------|  set
cpu-bind=MASK - lcn1517, task 687 15 [88429]: mask |--------|--------|--------|--------|--------|--------|------BB|--------|--------|--------|--------|--------||||--------|--------|--------|--------|--------|--------|--------|--------|--------|--------|--------|--------|  set
cpu-bind=MASK - lcn1516, task 591 15 [1275560]: mask |--------|--------|--------|--------|--------|--------|------BB|--------|--------|--------|--------|--------||||--------|--------|--------|--------|--------|--------|--------|--------|--------|--------|--------|--------|  set
cpu-bind=MASK - lcn1517, task 688 16 [88430]: mask |--------|BB------|--------|--------|--------|--------|--------|--------|--------|--------|--------|--------||||--------|--------|--------|--------|--------|--------|--------|--------|--------|--------|--------|--------|  set
cpu-bind=MASK - lcn1516, task 592 16 [1275561]: mask |--------|BB------|--------|--------|--------|--------|--------|--------|--------|--------|--------|--------||||--------|--------|--------|--------|--------|--------|--------|--------|--------|--------|--------|--------|  set
cpu-bind=MASK - lcn1517, task 689 17 [88431]: mask |--------|--BB----|--------|--------|--------|--------|--------|--------|--------|--------|--------|--------||||--------|--------|--------|--------|--------|--------|--------|--------|--------|--------|--------|--------|  set
cpu-bind=MASK - lcn1516, task 593 17 [1275562]: mask |--------|--BB----|--------|--------|--------|--------|--------|--------|--------|--------|--------|--------||||--------|--------|--------|--------|--------|--------|--------|--------|--------|--------|--------|--------|  set
cpu-bind=MASK - lcn1517, task 690 18 [88432]: mask |--------|----BB--|--------|--------|--------|--------|--------|--------|--------|--------|--------|--------||||--------|--------|--------|--------|--------|--------|--------|--------|--------|--------|--------|--------|  set
cpu-bind=MASK - lcn1516, task 594 18 [1275563]: mask |--------|----BB--|--------|--------|--------|--------|--------|--------|--------|--------|--------|--------||||--------|--------|--------|--------|--------|--------|--------|--------|--------|--------|--------|--------|  set
cpu-bind=MASK - lcn1517, task 691 19 [88433]: mask |--------|------BB|--------|--------|--------|--------|--------|--------|--------|--------|--------|--------||||--------|--------|--------|--------|--------|--------|--------|--------|--------|--------|--------|--------|  set
cpu-bind=MASK - lcn1516, task 595 19 [1275564]: mask |--------|------BB|--------|--------|--------|--------|--------|--------|--------|--------|--------|--------||||--------|--------|--------|--------|--------|--------|--------|--------|--------|--------|--------|--------|  set
cpu-bind=MASK - lcn1517, task 692 20 [88434]: mask |--------|--------|--------|--------|--------|--------|--------|--------|--------|--------|BB------|--------||||--------|--------|--------|--------|--------|--------|--------|--------|--------|--------|--------|--------|  set
cpu-bind=MASK - lcn1516, task 596 20 [1275565]: mask |--------|--------|--------|--------|--------|--------|--------|--------|--------|--------|BB------|--------||||--------|--------|--------|--------|--------|--------|--------|--------|--------|--------|--------|--------|  set
cpu-bind=MASK - lcn1517, task 693 21 [88435]: mask |--------|--------|--------|--------|--------|--------|--------|--------|--------|--------|--BB----|--------||||--------|--------|--------|--------|--------|--------|--------|--------|--------|--------|--------|--------|  set
cpu-bind=MASK - lcn1516, task 597 21 [1275566]: mask |--------|--------|--------|--------|--------|--------|--------|--------|--------|--------|--BB----|--------||||--------|--------|--------|--------|--------|--------|--------|--------|--------|--------|--------|--------|  set
cpu-bind=MASK - lcn1517, task 694 22 [88436]: mask |--------|--------|--------|--------|--------|--------|--------|--------|--------|--------|----BB--|--------||||--------|--------|--------|--------|--------|--------|--------|--------|--------|--------|--------|--------|  set
cpu-bind=MASK - lcn1516, task 598 22 [1275567]: mask |--------|--------|--------|--------|--------|--------|--------|--------|--------|--------|----BB--|--------||||--------|--------|--------|--------|--------|--------|--------|--------|--------|--------|--------|--------|  set
cpu-bind=MASK - lcn1517, task 695 23 [88437]: mask |--------|--------|--------|--------|--------|--------|--------|--------|--------|--------|------BB|--------||||--------|--------|--------|--------|--------|--------|--------|--------|--------|--------|--------|--------|  set
cpu-bind=MASK - lcn1516, task 599 23 [1275568]: mask |--------|--------|--------|--------|--------|--------|--------|--------|--------|--------|------BB|--------||||--------|--------|--------|--------|--------|--------|--------|--------|--------|--------|--------|--------|  set
cpu-bind=MASK - lcn1517, task 696 24 [88438]: mask |--------|--------|--------|--------|BB------|--------|--------|--------|--------|--------|--------|--------||||--------|--------|--------|--------|--------|--------|--------|--------|--------|--------|--------|--------|  set
cpu-bind=MASK - lcn1516, task 600 24 [1275569]: mask |--------|--------|--------|--------|BB------|--------|--------|--------|--------|--------|--------|--------||||--------|--------|--------|--------|--------|--------|--------|--------|--------|--------|--------|--------|  set
cpu-bind=MASK - lcn1517, task 697 25 [88439]: mask |--------|--------|--------|--------|--BB----|--------|--------|--------|--------|--------|--------|--------||||--------|--------|--------|--------|--------|--------|--------|--------|--------|--------|--------|--------|  set
cpu-bind=MASK - lcn1516, task 601 25 [1275570]: mask |--------|--------|--------|--------|--BB----|--------|--------|--------|--------|--------|--------|--------||||--------|--------|--------|--------|--------|--------|--------|--------|--------|--------|--------|--------|  set
cpu-bind=MASK - lcn1517, task 698 26 [88440]: mask |--------|--------|--------|--------|----BB--|--------|--------|--------|--------|--------|--------|--------||||--------|--------|--------|--------|--------|--------|--------|--------|--------|--------|--------|--------|  set
cpu-bind=MASK - lcn1516, task 602 26 [1275571]: mask |--------|--------|--------|--------|----BB--|--------|--------|--------|--------|--------|--------|--------||||--------|--------|--------|--------|--------|--------|--------|--------|--------|--------|--------|--------|  set
cpu-bind=MASK - lcn1517, task 699 27 [88441]: mask |--------|--------|--------|--------|------BB|--------|--------|--------|--------|--------|--------|--------||||--------|--------|--------|--------|--------|--------|--------|--------|--------|--------|--------|--------|  set
cpu-bind=MASK - lcn1516, task 603 27 [1275572]: mask |--------|--------|--------|--------|------BB|--------|--------|--------|--------|--------|--------|--------||||--------|--------|--------|--------|--------|--------|--------|--------|--------|--------|--------|--------|  set
cpu-bind=MASK - lcn1517, task 700 28 [88442]: mask |--------|--------|--------|--------|--------|--------|--------|BB------|--------|--------|--------|--------||||--------|--------|--------|--------|--------|--------|--------|--------|--------|--------|--------|--------|  set
cpu-bind=MASK - lcn1514, task 385  1 [1760010]: mask |--BB----|--------|--------|--------|--------|--------|--------|--------|--------|--------|--------|--------||||--------|--------|--------|--------|--------|--------|--------|--------|--------|--------|--------|--------|  set
cpu-bind=MASK - lcn1516, task 604 28 [1275573]: mask |--------|--------|--------|--------|--------|--------|--------|BB------|--------|--------|--------|--------||||--------|--------|--------|--------|--------|--------|--------|--------|--------|--------|--------|--------|  set
cpu-bind=MASK - lcn1517, task 701 29 [88443]: mask |--------|--------|--------|--------|--------|--------|--------|--BB----|--------|--------|--------|--------||||--------|--------|--------|--------|--------|--------|--------|--------|--------|--------|--------|--------|  set
cpu-bind=MASK - lcn1517, task 702 30 [88444]: mask |--------|--------|--------|--------|--------|--------|--------|----BB--|--------|--------|--------|--------||||--------|--------|--------|--------|--------|--------|--------|--------|--------|--------|--------|--------|  set
cpu-bind=MASK - lcn1517, task 703 31 [88445]: mask |--------|--------|--------|--------|--------|--------|--------|------BB|--------|--------|--------|--------||||--------|--------|--------|--------|--------|--------|--------|--------|--------|--------|--------|--------|  set
cpu-bind=MASK - lcn1516, task 605 29 [1275574]: mask |--------|--------|--------|--------|--------|--------|--------|--BB----|--------|--------|--------|--------||||--------|--------|--------|--------|--------|--------|--------|--------|--------|--------|--------|--------|  set
cpu-bind=MASK - lcn1514, task 386  2 [1760011]: mask |----BB--|--------|--------|--------|--------|--------|--------|--------|--------|--------|--------|--------||||--------|--------|--------|--------|--------|--------|--------|--------|--------|--------|--------|--------|  set
cpu-bind=MASK - lcn1517, task 704 32 [88446]: mask |--------|--------|BB------|--------|--------|--------|--------|--------|--------|--------|--------|--------||||--------|--------|--------|--------|--------|--------|--------|--------|--------|--------|--------|--------|  set
cpu-bind=MASK - lcn1516, task 606 30 [1275575]: mask |--------|--------|--------|--------|--------|--------|--------|----BB--|--------|--------|--------|--------||||--------|--------|--------|--------|--------|--------|--------|--------|--------|--------|--------|--------|  set
cpu-bind=MASK - lcn1514, task 387  3 [1760012]: mask |------BB|--------|--------|--------|--------|--------|--------|--------|--------|--------|--------|--------||||--------|--------|--------|--------|--------|--------|--------|--------|--------|--------|--------|--------|  set
cpu-bind=MASK - lcn1517, task 705 33 [88447]: mask |--------|--------|--BB----|--------|--------|--------|--------|--------|--------|--------|--------|--------||||--------|--------|--------|--------|--------|--------|--------|--------|--------|--------|--------|--------|  set
cpu-bind=MASK - lcn1514, task 388  4 [1760013]: mask |--------|--------|--------|--------|--------|--------|--------|--------|--------|BB------|--------|--------||||--------|--------|--------|--------|--------|--------|--------|--------|--------|--------|--------|--------|  set
cpu-bind=MASK - lcn1517, task 706 34 [88448]: mask |--------|--------|----BB--|--------|--------|--------|--------|--------|--------|--------|--------|--------||||--------|--------|--------|--------|--------|--------|--------|--------|--------|--------|--------|--------|  set
cpu-bind=MASK - lcn1516, task 607 31 [1275576]: mask |--------|--------|--------|--------|--------|--------|--------|------BB|--------|--------|--------|--------||||--------|--------|--------|--------|--------|--------|--------|--------|--------|--------|--------|--------|  set
cpu-bind=MASK - lcn1514, task 389  5 [1760014]: mask |--------|--------|--------|--------|--------|--------|--------|--------|--------|--BB----|--------|--------||||--------|--------|--------|--------|--------|--------|--------|--------|--------|--------|--------|--------|  set
cpu-bind=MASK - lcn1517, task 707 35 [88449]: mask |--------|--------|------BB|--------|--------|--------|--------|--------|--------|--------|--------|--------||||--------|--------|--------|--------|--------|--------|--------|--------|--------|--------|--------|--------|  set
cpu-bind=MASK - lcn1516, task 608 32 [1275577]: mask |--------|--------|BB------|--------|--------|--------|--------|--------|--------|--------|--------|--------||||--------|--------|--------|--------|--------|--------|--------|--------|--------|--------|--------|--------|  set
cpu-bind=MASK - lcn1514, task 390  6 [1760015]: mask |--------|--------|--------|--------|--------|--------|--------|--------|--------|----BB--|--------|--------||||--------|--------|--------|--------|--------|--------|--------|--------|--------|--------|--------|--------|  set
cpu-bind=MASK - lcn1517, task 708 36 [88450]: mask |--------|--------|--------|--------|--------|--------|--------|--------|--------|--------|--------|BB------||||--------|--------|--------|--------|--------|--------|--------|--------|--------|--------|--------|--------|  set
cpu-bind=MASK - lcn1516, task 609 33 [1275578]: mask |--------|--------|--BB----|--------|--------|--------|--------|--------|--------|--------|--------|--------||||--------|--------|--------|--------|--------|--------|--------|--------|--------|--------|--------|--------|  set
cpu-bind=MASK - lcn1514, task 391  7 [1760016]: mask |--------|--------|--------|--------|--------|--------|--------|--------|--------|------BB|--------|--------||||--------|--------|--------|--------|--------|--------|--------|--------|--------|--------|--------|--------|  set
cpu-bind=MASK - lcn1517, task 709 37 [88451]: mask |--------|--------|--------|--------|--------|--------|--------|--------|--------|--------|--------|--BB----||||--------|--------|--------|--------|--------|--------|--------|--------|--------|--------|--------|--------|  set
cpu-bind=MASK - lcn1513, task 288  0 [1708471]: mask |BB------|--------|--------|--------|--------|--------|--------|--------|--------|--------|--------|--------||||--------|--------|--------|--------|--------|--------|--------|--------|--------|--------|--------|--------|  set
cpu-bind=MASK - lcn1516, task 610 34 [1275579]: mask |--------|--------|----BB--|--------|--------|--------|--------|--------|--------|--------|--------|--------||||--------|--------|--------|--------|--------|--------|--------|--------|--------|--------|--------|--------|  set
cpu-bind=MASK - lcn1514, task 392  8 [1760017]: mask |--------|--------|--------|BB------|--------|--------|--------|--------|--------|--------|--------|--------||||--------|--------|--------|--------|--------|--------|--------|--------|--------|--------|--------|--------|  set
cpu-bind=MASK - lcn1517, task 710 38 [88452]: mask |--------|--------|--------|--------|--------|--------|--------|--------|--------|--------|--------|----BB--||||--------|--------|--------|--------|--------|--------|--------|--------|--------|--------|--------|--------|  set
cpu-bind=MASK - lcn1513, task 289  1 [1708472]: mask |--BB----|--------|--------|--------|--------|--------|--------|--------|--------|--------|--------|--------||||--------|--------|--------|--------|--------|--------|--------|--------|--------|--------|--------|--------|  set
cpu-bind=MASK - lcn1514, task 393  9 [1760018]: mask |--------|--------|--------|--BB----|--------|--------|--------|--------|--------|--------|--------|--------||||--------|--------|--------|--------|--------|--------|--------|--------|--------|--------|--------|--------|  set
cpu-bind=MASK - lcn1516, task 611 35 [1275580]: mask |--------|--------|------BB|--------|--------|--------|--------|--------|--------|--------|--------|--------||||--------|--------|--------|--------|--------|--------|--------|--------|--------|--------|--------|--------|  set
cpu-bind=MASK - lcn1517, task 711 39 [88453]: mask |--------|--------|--------|--------|--------|--------|--------|--------|--------|--------|--------|------BB||||--------|--------|--------|--------|--------|--------|--------|--------|--------|--------|--------|--------|  set
cpu-bind=MASK - lcn1513, task 290  2 [1708473]: mask |----BB--|--------|--------|--------|--------|--------|--------|--------|--------|--------|--------|--------||||--------|--------|--------|--------|--------|--------|--------|--------|--------|--------|--------|--------|  set
cpu-bind=MASK - lcn1514, task 394 10 [1760019]: mask |--------|--------|--------|----BB--|--------|--------|--------|--------|--------|--------|--------|--------||||--------|--------|--------|--------|--------|--------|--------|--------|--------|--------|--------|--------|  set
cpu-bind=MASK - lcn1516, task 612 36 [1275581]: mask |--------|--------|--------|--------|--------|--------|--------|--------|--------|--------|--------|BB------||||--------|--------|--------|--------|--------|--------|--------|--------|--------|--------|--------|--------|  set
cpu-bind=MASK - lcn1517, task 712 40 [88454]: mask |--------|--------|--------|--------|--------|BB------|--------|--------|--------|--------|--------|--------||||--------|--------|--------|--------|--------|--------|--------|--------|--------|--------|--------|--------|  set
cpu-bind=MASK - lcn1513, task 291  3 [1708474]: mask |------BB|--------|--------|--------|--------|--------|--------|--------|--------|--------|--------|--------||||--------|--------|--------|--------|--------|--------|--------|--------|--------|--------|--------|--------|  set
cpu-bind=MASK - lcn1514, task 395 11 [1760020]: mask |--------|--------|--------|------BB|--------|--------|--------|--------|--------|--------|--------|--------||||--------|--------|--------|--------|--------|--------|--------|--------|--------|--------|--------|--------|  set
cpu-bind=MASK - lcn1516, task 613 37 [1275582]: mask |--------|--------|--------|--------|--------|--------|--------|--------|--------|--------|--------|--BB----||||--------|--------|--------|--------|--------|--------|--------|--------|--------|--------|--------|--------|  set
cpu-bind=MASK - lcn1517, task 713 41 [88455]: mask |--------|--------|--------|--------|--------|--BB----|--------|--------|--------|--------|--------|--------||||--------|--------|--------|--------|--------|--------|--------|--------|--------|--------|--------|--------|  set
cpu-bind=MASK - lcn1513, task 292  4 [1708475]: mask |--------|--------|--------|--------|--------|--------|--------|--------|--------|BB------|--------|--------||||--------|--------|--------|--------|--------|--------|--------|--------|--------|--------|--------|--------|  set
cpu-bind=MASK - lcn1514, task 396 12 [1760021]: mask |--------|--------|--------|--------|--------|--------|BB------|--------|--------|--------|--------|--------||||--------|--------|--------|--------|--------|--------|--------|--------|--------|--------|--------|--------|  set
cpu-bind=MASK - lcn1516, task 614 38 [1275583]: mask |--------|--------|--------|--------|--------|--------|--------|--------|--------|--------|--------|----BB--||||--------|--------|--------|--------|--------|--------|--------|--------|--------|--------|--------|--------|  set
cpu-bind=MASK - lcn1513, task 293  5 [1708476]: mask |--------|--------|--------|--------|--------|--------|--------|--------|--------|--BB----|--------|--------||||--------|--------|--------|--------|--------|--------|--------|--------|--------|--------|--------|--------|  set
cpu-bind=MASK - lcn1517, task 714 42 [88456]: mask |--------|--------|--------|--------|--------|----BB--|--------|--------|--------|--------|--------|--------||||--------|--------|--------|--------|--------|--------|--------|--------|--------|--------|--------|--------|  set
cpu-bind=MASK - lcn1514, task 397 13 [1760022]: mask |--------|--------|--------|--------|--------|--------|--BB----|--------|--------|--------|--------|--------||||--------|--------|--------|--------|--------|--------|--------|--------|--------|--------|--------|--------|  set
cpu-bind=MASK - lcn1516, task 615 39 [1275584]: mask |--------|--------|--------|--------|--------|--------|--------|--------|--------|--------|--------|------BB||||--------|--------|--------|--------|--------|--------|--------|--------|--------|--------|--------|--------|  set
cpu-bind=MASK - lcn1514, task 398 14 [1760023]: mask |--------|--------|--------|--------|--------|--------|----BB--|--------|--------|--------|--------|--------||||--------|--------|--------|--------|--------|--------|--------|--------|--------|--------|--------|--------|  set
cpu-bind=MASK - lcn1513, task 294  6 [1708477]: mask |--------|--------|--------|--------|--------|--------|--------|--------|--------|----BB--|--------|--------||||--------|--------|--------|--------|--------|--------|--------|--------|--------|--------|--------|--------|  set
cpu-bind=MASK - lcn1517, task 715 43 [88457]: mask |--------|--------|--------|--------|--------|------BB|--------|--------|--------|--------|--------|--------||||--------|--------|--------|--------|--------|--------|--------|--------|--------|--------|--------|--------|  set
cpu-bind=MASK - lcn1516, task 616 40 [1275585]: mask |--------|--------|--------|--------|--------|BB------|--------|--------|--------|--------|--------|--------||||--------|--------|--------|--------|--------|--------|--------|--------|--------|--------|--------|--------|  set
cpu-bind=MASK - lcn1514, task 399 15 [1760024]: mask |--------|--------|--------|--------|--------|--------|------BB|--------|--------|--------|--------|--------||||--------|--------|--------|--------|--------|--------|--------|--------|--------|--------|--------|--------|  set
cpu-bind=MASK - lcn1513, task 295  7 [1708478]: mask |--------|--------|--------|--------|--------|--------|--------|--------|--------|------BB|--------|--------||||--------|--------|--------|--------|--------|--------|--------|--------|--------|--------|--------|--------|  set
cpu-bind=MASK - lcn1517, task 716 44 [88458]: mask |--------|--------|--------|--------|--------|--------|--------|--------|BB------|--------|--------|--------||||--------|--------|--------|--------|--------|--------|--------|--------|--------|--------|--------|--------|  set
cpu-bind=MASK - lcn1516, task 617 41 [1275586]: mask |--------|--------|--------|--------|--------|--BB----|--------|--------|--------|--------|--------|--------||||--------|--------|--------|--------|--------|--------|--------|--------|--------|--------|--------|--------|  set
cpu-bind=MASK - lcn1514, task 400 16 [1760025]: mask |--------|BB------|--------|--------|--------|--------|--------|--------|--------|--------|--------|--------||||--------|--------|--------|--------|--------|--------|--------|--------|--------|--------|--------|--------|  set
cpu-bind=MASK - lcn1513, task 296  8 [1708479]: mask |--------|--------|--------|BB------|--------|--------|--------|--------|--------|--------|--------|--------||||--------|--------|--------|--------|--------|--------|--------|--------|--------|--------|--------|--------|  set
cpu-bind=MASK - lcn1517, task 717 45 [88459]: mask |--------|--------|--------|--------|--------|--------|--------|--------|--BB----|--------|--------|--------||||--------|--------|--------|--------|--------|--------|--------|--------|--------|--------|--------|--------|  set
cpu-bind=MASK - lcn1516, task 618 42 [1275587]: mask |--------|--------|--------|--------|--------|----BB--|--------|--------|--------|--------|--------|--------||||--------|--------|--------|--------|--------|--------|--------|--------|--------|--------|--------|--------|  set
cpu-bind=MASK - lcn1513, task 297  9 [1708480]: mask |--------|--------|--------|--BB----|--------|--------|--------|--------|--------|--------|--------|--------||||--------|--------|--------|--------|--------|--------|--------|--------|--------|--------|--------|--------|  set
cpu-bind=MASK - lcn1514, task 401 17 [1760026]: mask |--------|--BB----|--------|--------|--------|--------|--------|--------|--------|--------|--------|--------||||--------|--------|--------|--------|--------|--------|--------|--------|--------|--------|--------|--------|  set
cpu-bind=MASK - lcn1517, task 718 46 [88460]: mask |--------|--------|--------|--------|--------|--------|--------|--------|----BB--|--------|--------|--------||||--------|--------|--------|--------|--------|--------|--------|--------|--------|--------|--------|--------|  set
cpu-bind=MASK - lcn1516, task 619 43 [1275588]: mask |--------|--------|--------|--------|--------|------BB|--------|--------|--------|--------|--------|--------||||--------|--------|--------|--------|--------|--------|--------|--------|--------|--------|--------|--------|  set
cpu-bind=MASK - lcn1514, task 402 18 [1760027]: mask |--------|----BB--|--------|--------|--------|--------|--------|--------|--------|--------|--------|--------||||--------|--------|--------|--------|--------|--------|--------|--------|--------|--------|--------|--------|  set
cpu-bind=MASK - lcn1513, task 298 10 [1708481]: mask |--------|--------|--------|----BB--|--------|--------|--------|--------|--------|--------|--------|--------||||--------|--------|--------|--------|--------|--------|--------|--------|--------|--------|--------|--------|  set
cpu-bind=MASK - lcn1517, task 719 47 [88461]: mask |--------|--------|--------|--------|--------|--------|--------|--------|------BB|--------|--------|--------||||--------|--------|--------|--------|--------|--------|--------|--------|--------|--------|--------|--------|  set
cpu-bind=MASK - lcn1516, task 620 44 [1275589]: mask |--------|--------|--------|--------|--------|--------|--------|--------|BB------|--------|--------|--------||||--------|--------|--------|--------|--------|--------|--------|--------|--------|--------|--------|--------|  set
cpu-bind=MASK - lcn1513, task 299 11 [1708482]: mask |--------|--------|--------|------BB|--------|--------|--------|--------|--------|--------|--------|--------||||--------|--------|--------|--------|--------|--------|--------|--------|--------|--------|--------|--------|  set
cpu-bind=MASK - lcn1517, task 720 48 [88462]: mask |--------|--------|--------|--------|--------|--------|--------|--------|--------|--------|--------|--------||||BB------|--------|--------|--------|--------|--------|--------|--------|--------|--------|--------|--------|  set
cpu-bind=MASK - lcn1514, task 403 19 [1760028]: mask |--------|------BB|--------|--------|--------|--------|--------|--------|--------|--------|--------|--------||||--------|--------|--------|--------|--------|--------|--------|--------|--------|--------|--------|--------|  set
cpu-bind=MASK - lcn1516, task 621 45 [1275590]: mask |--------|--------|--------|--------|--------|--------|--------|--------|--BB----|--------|--------|--------||||--------|--------|--------|--------|--------|--------|--------|--------|--------|--------|--------|--------|  set
cpu-bind=MASK - lcn1513, task 300 12 [1708483]: mask |--------|--------|--------|--------|--------|--------|BB------|--------|--------|--------|--------|--------||||--------|--------|--------|--------|--------|--------|--------|--------|--------|--------|--------|--------|  set
cpu-bind=MASK - lcn1517, task 721 49 [88463]: mask |--------|--------|--------|--------|--------|--------|--------|--------|--------|--------|--------|--------||||--BB----|--------|--------|--------|--------|--------|--------|--------|--------|--------|--------|--------|  set
cpu-bind=MASK - lcn1514, task 404 20 [1760029]: mask |--------|--------|--------|--------|--------|--------|--------|--------|--------|--------|BB------|--------||||--------|--------|--------|--------|--------|--------|--------|--------|--------|--------|--------|--------|  set
cpu-bind=MASK - lcn1516, task 622 46 [1275591]: mask |--------|--------|--------|--------|--------|--------|--------|--------|----BB--|--------|--------|--------||||--------|--------|--------|--------|--------|--------|--------|--------|--------|--------|--------|--------|  set
cpu-bind=MASK - lcn1513, task 301 13 [1708484]: mask |--------|--------|--------|--------|--------|--------|--BB----|--------|--------|--------|--------|--------||||--------|--------|--------|--------|--------|--------|--------|--------|--------|--------|--------|--------|  set
cpu-bind=MASK - lcn1517, task 722 50 [88464]: mask |--------|--------|--------|--------|--------|--------|--------|--------|--------|--------|--------|--------||||----BB--|--------|--------|--------|--------|--------|--------|--------|--------|--------|--------|--------|  set
cpu-bind=MASK - lcn1514, task 405 21 [1760030]: mask |--------|--------|--------|--------|--------|--------|--------|--------|--------|--------|--BB----|--------||||--------|--------|--------|--------|--------|--------|--------|--------|--------|--------|--------|--------|  set
cpu-bind=MASK - lcn1513, task 302 14 [1708485]: mask |--------|--------|--------|--------|--------|--------|----BB--|--------|--------|--------|--------|--------||||--------|--------|--------|--------|--------|--------|--------|--------|--------|--------|--------|--------|  set
cpu-bind=MASK - lcn1516, task 623 47 [1275592]: mask |--------|--------|--------|--------|--------|--------|--------|--------|------BB|--------|--------|--------||||--------|--------|--------|--------|--------|--------|--------|--------|--------|--------|--------|--------|  set
cpu-bind=MASK - lcn1514, task 406 22 [1760031]: mask |--------|--------|--------|--------|--------|--------|--------|--------|--------|--------|----BB--|--------||||--------|--------|--------|--------|--------|--------|--------|--------|--------|--------|--------|--------|  set
cpu-bind=MASK - lcn1517, task 723 51 [88465]: mask |--------|--------|--------|--------|--------|--------|--------|--------|--------|--------|--------|--------||||------BB|--------|--------|--------|--------|--------|--------|--------|--------|--------|--------|--------|  set
cpu-bind=MASK - lcn1513, task 303 15 [1708486]: mask |--------|--------|--------|--------|--------|--------|------BB|--------|--------|--------|--------|--------||||--------|--------|--------|--------|--------|--------|--------|--------|--------|--------|--------|--------|  set
cpu-bind=MASK - lcn1516, task 624 48 [1275593]: mask |--------|--------|--------|--------|--------|--------|--------|--------|--------|--------|--------|--------||||BB------|--------|--------|--------|--------|--------|--------|--------|--------|--------|--------|--------|  set
cpu-bind=MASK - lcn1514, task 407 23 [1760032]: mask |--------|--------|--------|--------|--------|--------|--------|--------|--------|--------|------BB|--------||||--------|--------|--------|--------|--------|--------|--------|--------|--------|--------|--------|--------|  set
cpu-bind=MASK - lcn1513, task 304 16 [1708487]: mask |--------|BB------|--------|--------|--------|--------|--------|--------|--------|--------|--------|--------||||--------|--------|--------|--------|--------|--------|--------|--------|--------|--------|--------|--------|  set
cpu-bind=MASK - lcn1516, task 625 49 [1275594]: mask |--------|--------|--------|--------|--------|--------|--------|--------|--------|--------|--------|--------||||--BB----|--------|--------|--------|--------|--------|--------|--------|--------|--------|--------|--------|  set
cpu-bind=MASK - lcn1517, task 724 52 [88466]: mask |--------|--------|--------|--------|--------|--------|--------|--------|--------|--------|--------|--------||||--------|--------|--------|--------|--------|--------|--------|--------|--------|BB------|--------|--------|  set
cpu-bind=MASK - lcn1514, task 408 24 [1760033]: mask |--------|--------|--------|--------|BB------|--------|--------|--------|--------|--------|--------|--------||||--------|--------|--------|--------|--------|--------|--------|--------|--------|--------|--------|--------|  set
cpu-bind=MASK - lcn1517, task 725 53 [88467]: mask |--------|--------|--------|--------|--------|--------|--------|--------|--------|--------|--------|--------||||--------|--------|--------|--------|--------|--------|--------|--------|--------|--BB----|--------|--------|  set
cpu-bind=MASK - lcn1516, task 626 50 [1275595]: mask |--------|--------|--------|--------|--------|--------|--------|--------|--------|--------|--------|--------||||----BB--|--------|--------|--------|--------|--------|--------|--------|--------|--------|--------|--------|  set
cpu-bind=MASK - lcn1513, task 305 17 [1708488]: mask |--------|--BB----|--------|--------|--------|--------|--------|--------|--------|--------|--------|--------||||--------|--------|--------|--------|--------|--------|--------|--------|--------|--------|--------|--------|  set
cpu-bind=MASK - lcn1514, task 409 25 [1760034]: mask |--------|--------|--------|--------|--BB----|--------|--------|--------|--------|--------|--------|--------||||--------|--------|--------|--------|--------|--------|--------|--------|--------|--------|--------|--------|  set
cpu-bind=MASK - lcn1517, task 726 54 [88468]: mask |--------|--------|--------|--------|--------|--------|--------|--------|--------|--------|--------|--------||||--------|--------|--------|--------|--------|--------|--------|--------|--------|----BB--|--------|--------|  set
cpu-bind=MASK - lcn1516, task 627 51 [1275596]: mask |--------|--------|--------|--------|--------|--------|--------|--------|--------|--------|--------|--------||||------BB|--------|--------|--------|--------|--------|--------|--------|--------|--------|--------|--------|  set
cpu-bind=MASK - lcn1513, task 306 18 [1708489]: mask |--------|----BB--|--------|--------|--------|--------|--------|--------|--------|--------|--------|--------||||--------|--------|--------|--------|--------|--------|--------|--------|--------|--------|--------|--------|  set
cpu-bind=MASK - lcn1514, task 410 26 [1760035]: mask |--------|--------|--------|--------|----BB--|--------|--------|--------|--------|--------|--------|--------||||--------|--------|--------|--------|--------|--------|--------|--------|--------|--------|--------|--------|  set
cpu-bind=MASK - lcn1516, task 628 52 [1275597]: mask |--------|--------|--------|--------|--------|--------|--------|--------|--------|--------|--------|--------||||--------|--------|--------|--------|--------|--------|--------|--------|--------|BB------|--------|--------|  set
cpu-bind=MASK - lcn1517, task 727 55 [88469]: mask |--------|--------|--------|--------|--------|--------|--------|--------|--------|--------|--------|--------||||--------|--------|--------|--------|--------|--------|--------|--------|--------|------BB|--------|--------|  set
cpu-bind=MASK - lcn1513, task 307 19 [1708490]: mask |--------|------BB|--------|--------|--------|--------|--------|--------|--------|--------|--------|--------||||--------|--------|--------|--------|--------|--------|--------|--------|--------|--------|--------|--------|  set
cpu-bind=MASK - lcn1514, task 411 27 [1760036]: mask |--------|--------|--------|--------|------BB|--------|--------|--------|--------|--------|--------|--------||||--------|--------|--------|--------|--------|--------|--------|--------|--------|--------|--------|--------|  set
cpu-bind=MASK - lcn1517, task 728 56 [88470]: mask |--------|--------|--------|--------|--------|--------|--------|--------|--------|--------|--------|--------||||--------|--------|--------|BB------|--------|--------|--------|--------|--------|--------|--------|--------|  set
cpu-bind=MASK - lcn1516, task 629 53 [1275598]: mask |--------|--------|--------|--------|--------|--------|--------|--------|--------|--------|--------|--------||||--------|--------|--------|--------|--------|--------|--------|--------|--------|--BB----|--------|--------|  set
cpu-bind=MASK - lcn1513, task 308 20 [1708491]: mask |--------|--------|--------|--------|--------|--------|--------|--------|--------|--------|BB------|--------||||--------|--------|--------|--------|--------|--------|--------|--------|--------|--------|--------|--------|  set
cpu-bind=MASK - lcn1514, task 412 28 [1760037]: mask |--------|--------|--------|--------|--------|--------|--------|BB------|--------|--------|--------|--------||||--------|--------|--------|--------|--------|--------|--------|--------|--------|--------|--------|--------|  set
cpu-bind=MASK - lcn1517, task 729 57 [88471]: mask |--------|--------|--------|--------|--------|--------|--------|--------|--------|--------|--------|--------||||--------|--------|--------|--BB----|--------|--------|--------|--------|--------|--------|--------|--------|  set
cpu-bind=MASK - lcn1516, task 630 54 [1275599]: mask |--------|--------|--------|--------|--------|--------|--------|--------|--------|--------|--------|--------||||--------|--------|--------|--------|--------|--------|--------|--------|--------|----BB--|--------|--------|  set
cpu-bind=MASK - lcn1513, task 309 21 [1708492]: mask |--------|--------|--------|--------|--------|--------|--------|--------|--------|--------|--BB----|--------||||--------|--------|--------|--------|--------|--------|--------|--------|--------|--------|--------|--------|  set
cpu-bind=MASK - lcn1514, task 413 29 [1760038]: mask |--------|--------|--------|--------|--------|--------|--------|--BB----|--------|--------|--------|--------||||--------|--------|--------|--------|--------|--------|--------|--------|--------|--------|--------|--------|  set
cpu-bind=MASK - lcn1517, task 730 58 [88472]: mask |--------|--------|--------|--------|--------|--------|--------|--------|--------|--------|--------|--------||||--------|--------|--------|----BB--|--------|--------|--------|--------|--------|--------|--------|--------|  set
cpu-bind=MASK - lcn1516, task 631 55 [1275600]: mask |--------|--------|--------|--------|--------|--------|--------|--------|--------|--------|--------|--------||||--------|--------|--------|--------|--------|--------|--------|--------|--------|------BB|--------|--------|  set
cpu-bind=MASK - lcn1514, task 414 30 [1760039]: mask |--------|--------|--------|--------|--------|--------|--------|----BB--|--------|--------|--------|--------||||--------|--------|--------|--------|--------|--------|--------|--------|--------|--------|--------|--------|  set
cpu-bind=MASK - lcn1517, task 731 59 [88473]: mask |--------|--------|--------|--------|--------|--------|--------|--------|--------|--------|--------|--------||||--------|--------|--------|------BB|--------|--------|--------|--------|--------|--------|--------|--------|  set
cpu-bind=MASK - lcn1513, task 310 22 [1708493]: mask |--------|--------|--------|--------|--------|--------|--------|--------|--------|--------|----BB--|--------||||--------|--------|--------|--------|--------|--------|--------|--------|--------|--------|--------|--------|  set
cpu-bind=MASK - lcn1516, task 632 56 [1275601]: mask |--------|--------|--------|--------|--------|--------|--------|--------|--------|--------|--------|--------||||--------|--------|--------|BB------|--------|--------|--------|--------|--------|--------|--------|--------|  set
cpu-bind=MASK - lcn1517, task 732 60 [88474]: mask |--------|--------|--------|--------|--------|--------|--------|--------|--------|--------|--------|--------||||--------|--------|--------|--------|--------|--------|BB------|--------|--------|--------|--------|--------|  set
cpu-bind=MASK - lcn1513, task 311 23 [1708494]: mask |--------|--------|--------|--------|--------|--------|--------|--------|--------|--------|------BB|--------||||--------|--------|--------|--------|--------|--------|--------|--------|--------|--------|--------|--------|  set
cpu-bind=MASK - lcn1514, task 415 31 [1760040]: mask |--------|--------|--------|--------|--------|--------|--------|------BB|--------|--------|--------|--------||||--------|--------|--------|--------|--------|--------|--------|--------|--------|--------|--------|--------|  set
cpu-bind=MASK - lcn1516, task 633 57 [1275602]: mask |--------|--------|--------|--------|--------|--------|--------|--------|--------|--------|--------|--------||||--------|--------|--------|--BB----|--------|--------|--------|--------|--------|--------|--------|--------|  set
cpu-bind=MASK - lcn1517, task 733 61 [88475]: mask |--------|--------|--------|--------|--------|--------|--------|--------|--------|--------|--------|--------||||--------|--------|--------|--------|--------|--------|--BB----|--------|--------|--------|--------|--------|  set
cpu-bind=MASK - lcn1513, task 312 24 [1708495]: mask |--------|--------|--------|--------|BB------|--------|--------|--------|--------|--------|--------|--------||||--------|--------|--------|--------|--------|--------|--------|--------|--------|--------|--------|--------|  set
cpu-bind=MASK - lcn1514, task 416 32 [1760041]: mask |--------|--------|BB------|--------|--------|--------|--------|--------|--------|--------|--------|--------||||--------|--------|--------|--------|--------|--------|--------|--------|--------|--------|--------|--------|  set
cpu-bind=MASK - lcn1510, task  0  0 [2584277]: mask |BB------|--------|--------|--------|--------|--------|--------|--------|--------|--------|--------|--------||||--------|--------|--------|--------|--------|--------|--------|--------|--------|--------|--------|--------|  set
cpu-bind=MASK - lcn1516, task 634 58 [1275603]: mask |--------|--------|--------|--------|--------|--------|--------|--------|--------|--------|--------|--------||||--------|--------|--------|----BB--|--------|--------|--------|--------|--------|--------|--------|--------|  set
cpu-bind=MASK - lcn1517, task 734 62 [88476]: mask |--------|--------|--------|--------|--------|--------|--------|--------|--------|--------|--------|--------||||--------|--------|--------|--------|--------|--------|----BB--|--------|--------|--------|--------|--------|  set
cpu-bind=MASK - lcn1513, task 313 25 [1708496]: mask |--------|--------|--------|--------|--BB----|--------|--------|--------|--------|--------|--------|--------||||--------|--------|--------|--------|--------|--------|--------|--------|--------|--------|--------|--------|  set
cpu-bind=MASK - lcn1514, task 417 33 [1760042]: mask |--------|--------|--BB----|--------|--------|--------|--------|--------|--------|--------|--------|--------||||--------|--------|--------|--------|--------|--------|--------|--------|--------|--------|--------|--------|  set
cpu-bind=MASK - lcn1516, task 635 59 [1275604]: mask |--------|--------|--------|--------|--------|--------|--------|--------|--------|--------|--------|--------||||--------|--------|--------|------BB|--------|--------|--------|--------|--------|--------|--------|--------|  set
cpu-bind=MASK - lcn1517, task 735 63 [88477]: mask |--------|--------|--------|--------|--------|--------|--------|--------|--------|--------|--------|--------||||--------|--------|--------|--------|--------|--------|------BB|--------|--------|--------|--------|--------|  set
cpu-bind=MASK - lcn1510, task  1  1 [2584278]: mask |--BB----|--------|--------|--------|--------|--------|--------|--------|--------|--------|--------|--------||||--------|--------|--------|--------|--------|--------|--------|--------|--------|--------|--------|--------|  set
cpu-bind=MASK - lcn1513, task 314 26 [1708497]: mask |--------|--------|--------|--------|----BB--|--------|--------|--------|--------|--------|--------|--------||||--------|--------|--------|--------|--------|--------|--------|--------|--------|--------|--------|--------|  set
cpu-bind=MASK - lcn1514, task 418 34 [1760043]: mask |--------|--------|----BB--|--------|--------|--------|--------|--------|--------|--------|--------|--------||||--------|--------|--------|--------|--------|--------|--------|--------|--------|--------|--------|--------|  set
cpu-bind=MASK - lcn1516, task 636 60 [1275605]: mask |--------|--------|--------|--------|--------|--------|--------|--------|--------|--------|--------|--------||||--------|--------|--------|--------|--------|--------|BB------|--------|--------|--------|--------|--------|  set
cpu-bind=MASK - lcn1517, task 736 64 [88478]: mask |--------|--------|--------|--------|--------|--------|--------|--------|--------|--------|--------|--------||||--------|BB------|--------|--------|--------|--------|--------|--------|--------|--------|--------|--------|  set
cpu-bind=MASK - lcn1510, task  2  2 [2584279]: mask |----BB--|--------|--------|--------|--------|--------|--------|--------|--------|--------|--------|--------||||--------|--------|--------|--------|--------|--------|--------|--------|--------|--------|--------|--------|  set
cpu-bind=MASK - lcn1514, task 419 35 [1760044]: mask |--------|--------|------BB|--------|--------|--------|--------|--------|--------|--------|--------|--------||||--------|--------|--------|--------|--------|--------|--------|--------|--------|--------|--------|--------|  set
cpu-bind=MASK - lcn1513, task 315 27 [1708498]: mask |--------|--------|--------|--------|------BB|--------|--------|--------|--------|--------|--------|--------||||--------|--------|--------|--------|--------|--------|--------|--------|--------|--------|--------|--------|  set
cpu-bind=MASK - lcn1517, task 737 65 [88479]: mask |--------|--------|--------|--------|--------|--------|--------|--------|--------|--------|--------|--------||||--------|--BB----|--------|--------|--------|--------|--------|--------|--------|--------|--------|--------|  set
cpu-bind=MASK - lcn1516, task 637 61 [1275606]: mask |--------|--------|--------|--------|--------|--------|--------|--------|--------|--------|--------|--------||||--------|--------|--------|--------|--------|--------|--BB----|--------|--------|--------|--------|--------|  set
cpu-bind=MASK - lcn1510, task  3  3 [2584280]: mask |------BB|--------|--------|--------|--------|--------|--------|--------|--------|--------|--------|--------||||--------|--------|--------|--------|--------|--------|--------|--------|--------|--------|--------|--------|  set
cpu-bind=MASK - lcn1517, task 738 66 [88480]: mask |--------|--------|--------|--------|--------|--------|--------|--------|--------|--------|--------|--------||||--------|----BB--|--------|--------|--------|--------|--------|--------|--------|--------|--------|--------|  set
cpu-bind=MASK - lcn1513, task 316 28 [1708499]: mask |--------|--------|--------|--------|--------|--------|--------|BB------|--------|--------|--------|--------||||--------|--------|--------|--------|--------|--------|--------|--------|--------|--------|--------|--------|  set
cpu-bind=MASK - lcn1516, task 638 62 [1275607]: mask |--------|--------|--------|--------|--------|--------|--------|--------|--------|--------|--------|--------||||--------|--------|--------|--------|--------|--------|----BB--|--------|--------|--------|--------|--------|  set
cpu-bind=MASK - lcn1514, task 420 36 [1760045]: mask |--------|--------|--------|--------|--------|--------|--------|--------|--------|--------|--------|BB------||||--------|--------|--------|--------|--------|--------|--------|--------|--------|--------|--------|--------|  set
cpu-bind=MASK - lcn1517, task 739 67 [88481]: mask |--------|--------|--------|--------|--------|--------|--------|--------|--------|--------|--------|--------||||--------|------BB|--------|--------|--------|--------|--------|--------|--------|--------|--------|--------|  set
cpu-bind=MASK - lcn1510, task  4  4 [2584281]: mask |--------|--------|--------|--------|--------|--------|--------|--------|--------|BB------|--------|--------||||--------|--------|--------|--------|--------|--------|--------|--------|--------|--------|--------|--------|  set
cpu-bind=MASK - lcn1514, task 421 37 [1760046]: mask |--------|--------|--------|--------|--------|--------|--------|--------|--------|--------|--------|--BB----||||--------|--------|--------|--------|--------|--------|--------|--------|--------|--------|--------|--------|  set
cpu-bind=MASK - lcn1513, task 317 29 [1708500]: mask |--------|--------|--------|--------|--------|--------|--------|--BB----|--------|--------|--------|--------||||--------|--------|--------|--------|--------|--------|--------|--------|--------|--------|--------|--------|  set
cpu-bind=MASK - lcn1516, task 639 63 [1275608]: mask |--------|--------|--------|--------|--------|--------|--------|--------|--------|--------|--------|--------||||--------|--------|--------|--------|--------|--------|------BB|--------|--------|--------|--------|--------|  set
cpu-bind=MASK - lcn1514, task 422 38 [1760047]: mask |--------|--------|--------|--------|--------|--------|--------|--------|--------|--------|--------|----BB--||||--------|--------|--------|--------|--------|--------|--------|--------|--------|--------|--------|--------|  set
cpu-bind=MASK - lcn1510, task  5  5 [2584282]: mask |--------|--------|--------|--------|--------|--------|--------|--------|--------|--BB----|--------|--------||||--------|--------|--------|--------|--------|--------|--------|--------|--------|--------|--------|--------|  set
cpu-bind=MASK - lcn1513, task 318 30 [1708501]: mask |--------|--------|--------|--------|--------|--------|--------|----BB--|--------|--------|--------|--------||||--------|--------|--------|--------|--------|--------|--------|--------|--------|--------|--------|--------|  set
cpu-bind=MASK - lcn1516, task 640 64 [1275609]: mask |--------|--------|--------|--------|--------|--------|--------|--------|--------|--------|--------|--------||||--------|BB------|--------|--------|--------|--------|--------|--------|--------|--------|--------|--------|  set
cpu-bind=MASK - lcn1517, task 740 68 [88482]: mask |--------|--------|--------|--------|--------|--------|--------|--------|--------|--------|--------|--------||||--------|--------|--------|--------|--------|--------|--------|--------|--------|--------|BB------|--------|  set
cpu-bind=MASK - lcn1514, task 423 39 [1760048]: mask |--------|--------|--------|--------|--------|--------|--------|--------|--------|--------|--------|------BB||||--------|--------|--------|--------|--------|--------|--------|--------|--------|--------|--------|--------|  set
cpu-bind=MASK - lcn1513, task 319 31 [1708502]: mask |--------|--------|--------|--------|--------|--------|--------|------BB|--------|--------|--------|--------||||--------|--------|--------|--------|--------|--------|--------|--------|--------|--------|--------|--------|  set
cpu-bind=MASK - lcn1510, task  6  6 [2584283]: mask |--------|--------|--------|--------|--------|--------|--------|--------|--------|----BB--|--------|--------||||--------|--------|--------|--------|--------|--------|--------|--------|--------|--------|--------|--------|  set
cpu-bind=MASK - lcn1516, task 641 65 [1275610]: mask |--------|--------|--------|--------|--------|--------|--------|--------|--------|--------|--------|--------||||--------|--BB----|--------|--------|--------|--------|--------|--------|--------|--------|--------|--------|  set
cpu-bind=MASK - lcn1517, task 741 69 [88483]: mask |--------|--------|--------|--------|--------|--------|--------|--------|--------|--------|--------|--------||||--------|--------|--------|--------|--------|--------|--------|--------|--------|--------|--BB----|--------|  set
cpu-bind=MASK - lcn1514, task 424 40 [1760049]: mask |--------|--------|--------|--------|--------|BB------|--------|--------|--------|--------|--------|--------||||--------|--------|--------|--------|--------|--------|--------|--------|--------|--------|--------|--------|  set
cpu-bind=MASK - lcn1513, task 320 32 [1708503]: mask |--------|--------|BB------|--------|--------|--------|--------|--------|--------|--------|--------|--------||||--------|--------|--------|--------|--------|--------|--------|--------|--------|--------|--------|--------|  set
cpu-bind=MASK - lcn1516, task 642 66 [1275611]: mask |--------|--------|--------|--------|--------|--------|--------|--------|--------|--------|--------|--------||||--------|----BB--|--------|--------|--------|--------|--------|--------|--------|--------|--------|--------|  set
cpu-bind=MASK - lcn1510, task  7  7 [2584284]: mask |--------|--------|--------|--------|--------|--------|--------|--------|--------|------BB|--------|--------||||--------|--------|--------|--------|--------|--------|--------|--------|--------|--------|--------|--------|  set
cpu-bind=MASK - lcn1517, task 742 70 [88484]: mask |--------|--------|--------|--------|--------|--------|--------|--------|--------|--------|--------|--------||||--------|--------|--------|--------|--------|--------|--------|--------|--------|--------|----BB--|--------|  set
cpu-bind=MASK - lcn1516, task 643 67 [1275612]: mask |--------|--------|--------|--------|--------|--------|--------|--------|--------|--------|--------|--------||||--------|------BB|--------|--------|--------|--------|--------|--------|--------|--------|--------|--------|  set
cpu-bind=MASK - lcn1513, task 321 33 [1708504]: mask |--------|--------|--BB----|--------|--------|--------|--------|--------|--------|--------|--------|--------||||--------|--------|--------|--------|--------|--------|--------|--------|--------|--------|--------|--------|  set
cpu-bind=MASK - lcn1517, task 743 71 [88485]: mask |--------|--------|--------|--------|--------|--------|--------|--------|--------|--------|--------|--------||||--------|--------|--------|--------|--------|--------|--------|--------|--------|--------|------BB|--------|  set
cpu-bind=MASK - lcn1510, task  8  8 [2584285]: mask |--------|--------|--------|BB------|--------|--------|--------|--------|--------|--------|--------|--------||||--------|--------|--------|--------|--------|--------|--------|--------|--------|--------|--------|--------|  set
cpu-bind=MASK - lcn1516, task 644 68 [1275613]: mask |--------|--------|--------|--------|--------|--------|--------|--------|--------|--------|--------|--------||||--------|--------|--------|--------|--------|--------|--------|--------|--------|--------|BB------|--------|  set
cpu-bind=MASK - lcn1514, task 425 41 [1760050]: mask |--------|--------|--------|--------|--------|--BB----|--------|--------|--------|--------|--------|--------||||--------|--------|--------|--------|--------|--------|--------|--------|--------|--------|--------|--------|  set
cpu-bind=MASK - lcn1513, task 322 34 [1708505]: mask |--------|--------|----BB--|--------|--------|--------|--------|--------|--------|--------|--------|--------||||--------|--------|--------|--------|--------|--------|--------|--------|--------|--------|--------|--------|  set
cpu-bind=MASK - lcn1517, task 744 72 [88486]: mask |--------|--------|--------|--------|--------|--------|--------|--------|--------|--------|--------|--------||||--------|--------|--------|--------|BB------|--------|--------|--------|--------|--------|--------|--------|  set
cpu-bind=MASK - lcn1510, task  9  9 [2584286]: mask |--------|--------|--------|--BB----|--------|--------|--------|--------|--------|--------|--------|--------||||--------|--------|--------|--------|--------|--------|--------|--------|--------|--------|--------|--------|  set
cpu-bind=MASK - lcn1516, task 645 69 [1275614]: mask |--------|--------|--------|--------|--------|--------|--------|--------|--------|--------|--------|--------||||--------|--------|--------|--------|--------|--------|--------|--------|--------|--------|--BB----|--------|  set
cpu-bind=MASK - lcn1514, task 426 42 [1760051]: mask |--------|--------|--------|--------|--------|----BB--|--------|--------|--------|--------|--------|--------||||--------|--------|--------|--------|--------|--------|--------|--------|--------|--------|--------|--------|  set
cpu-bind=MASK - lcn1513, task 323 35 [1708506]: mask |--------|--------|------BB|--------|--------|--------|--------|--------|--------|--------|--------|--------||||--------|--------|--------|--------|--------|--------|--------|--------|--------|--------|--------|--------|  set
cpu-bind=MASK - lcn1517, task 745 73 [88487]: mask |--------|--------|--------|--------|--------|--------|--------|--------|--------|--------|--------|--------||||--------|--------|--------|--------|--BB----|--------|--------|--------|--------|--------|--------|--------|  set
cpu-bind=MASK - lcn1510, task 10 10 [2584287]: mask |--------|--------|--------|----BB--|--------|--------|--------|--------|--------|--------|--------|--------||||--------|--------|--------|--------|--------|--------|--------|--------|--------|--------|--------|--------|  set
cpu-bind=MASK - lcn1516, task 646 70 [1275615]: mask |--------|--------|--------|--------|--------|--------|--------|--------|--------|--------|--------|--------||||--------|--------|--------|--------|--------|--------|--------|--------|--------|--------|----BB--|--------|  set
cpu-bind=MASK - lcn1514, task 427 43 [1760052]: mask |--------|--------|--------|--------|--------|------BB|--------|--------|--------|--------|--------|--------||||--------|--------|--------|--------|--------|--------|--------|--------|--------|--------|--------|--------|  set
cpu-bind=MASK - lcn1517, task 746 74 [88488]: mask |--------|--------|--------|--------|--------|--------|--------|--------|--------|--------|--------|--------||||--------|--------|--------|--------|----BB--|--------|--------|--------|--------|--------|--------|--------|  set
cpu-bind=MASK - lcn1513, task 324 36 [1708507]: mask |--------|--------|--------|--------|--------|--------|--------|--------|--------|--------|--------|BB------||||--------|--------|--------|--------|--------|--------|--------|--------|--------|--------|--------|--------|  set
cpu-bind=MASK - lcn1516, task 647 71 [1275616]: mask |--------|--------|--------|--------|--------|--------|--------|--------|--------|--------|--------|--------||||--------|--------|--------|--------|--------|--------|--------|--------|--------|--------|------BB|--------|  set
cpu-bind=MASK - lcn1514, task 428 44 [1760053]: mask |--------|--------|--------|--------|--------|--------|--------|--------|BB------|--------|--------|--------||||--------|--------|--------|--------|--------|--------|--------|--------|--------|--------|--------|--------|  set
cpu-bind=MASK - lcn1510, task 11 11 [2584288]: mask |--------|--------|--------|------BB|--------|--------|--------|--------|--------|--------|--------|--------||||--------|--------|--------|--------|--------|--------|--------|--------|--------|--------|--------|--------|  set
cpu-bind=MASK - lcn1515, task 480  0 [989511]: mask |BB------|--------|--------|--------|--------|--------|--------|--------|--------|--------|--------|--------||||--------|--------|--------|--------|--------|--------|--------|--------|--------|--------|--------|--------|  set
cpu-bind=MASK - lcn1513, task 325 37 [1708508]: mask |--------|--------|--------|--------|--------|--------|--------|--------|--------|--------|--------|--BB----||||--------|--------|--------|--------|--------|--------|--------|--------|--------|--------|--------|--------|  set
cpu-bind=MASK - lcn1517, task 747 75 [88489]: mask |--------|--------|--------|--------|--------|--------|--------|--------|--------|--------|--------|--------||||--------|--------|--------|--------|------BB|--------|--------|--------|--------|--------|--------|--------|  set
cpu-bind=MASK - lcn1514, task 429 45 [1760054]: mask |--------|--------|--------|--------|--------|--------|--------|--------|--BB----|--------|--------|--------||||--------|--------|--------|--------|--------|--------|--------|--------|--------|--------|--------|--------|  set
cpu-bind=MASK - lcn1513, task 326 38 [1708509]: mask |--------|--------|--------|--------|--------|--------|--------|--------|--------|--------|--------|----BB--||||--------|--------|--------|--------|--------|--------|--------|--------|--------|--------|--------|--------|  set
cpu-bind=MASK - lcn1510, task 12 12 [2584289]: mask |--------|--------|--------|--------|--------|--------|BB------|--------|--------|--------|--------|--------||||--------|--------|--------|--------|--------|--------|--------|--------|--------|--------|--------|--------|  set
cpu-bind=MASK - lcn1515, task 481  1 [989512]: mask |--BB----|--------|--------|--------|--------|--------|--------|--------|--------|--------|--------|--------||||--------|--------|--------|--------|--------|--------|--------|--------|--------|--------|--------|--------|  set
cpu-bind=MASK - lcn1514, task 430 46 [1760055]: mask |--------|--------|--------|--------|--------|--------|--------|--------|----BB--|--------|--------|--------||||--------|--------|--------|--------|--------|--------|--------|--------|--------|--------|--------|--------|  set
cpu-bind=MASK - lcn1513, task 327 39 [1708510]: mask |--------|--------|--------|--------|--------|--------|--------|--------|--------|--------|--------|------BB||||--------|--------|--------|--------|--------|--------|--------|--------|--------|--------|--------|--------|  set
cpu-bind=MASK - lcn1517, task 748 76 [88490]: mask |--------|--------|--------|--------|--------|--------|--------|--------|--------|--------|--------|--------||||--------|--------|--------|--------|--------|--------|--------|BB------|--------|--------|--------|--------|  set
cpu-bind=MASK - lcn1510, task 13 13 [2584290]: mask |--------|--------|--------|--------|--------|--------|--BB----|--------|--------|--------|--------|--------||||--------|--------|--------|--------|--------|--------|--------|--------|--------|--------|--------|--------|  set
cpu-bind=MASK - lcn1515, task 482  2 [989513]: mask |----BB--|--------|--------|--------|--------|--------|--------|--------|--------|--------|--------|--------||||--------|--------|--------|--------|--------|--------|--------|--------|--------|--------|--------|--------|  set
cpu-bind=MASK - lcn1513, task 328 40 [1708511]: mask |--------|--------|--------|--------|--------|BB------|--------|--------|--------|--------|--------|--------||||--------|--------|--------|--------|--------|--------|--------|--------|--------|--------|--------|--------|  set
cpu-bind=MASK - lcn1514, task 431 47 [1760056]: mask |--------|--------|--------|--------|--------|--------|--------|--------|------BB|--------|--------|--------||||--------|--------|--------|--------|--------|--------|--------|--------|--------|--------|--------|--------|  set
cpu-bind=MASK - lcn1517, task 749 77 [88491]: mask |--------|--------|--------|--------|--------|--------|--------|--------|--------|--------|--------|--------||||--------|--------|--------|--------|--------|--------|--------|--BB----|--------|--------|--------|--------|  set
cpu-bind=MASK - lcn1510, task 14 14 [2584291]: mask |--------|--------|--------|--------|--------|--------|----BB--|--------|--------|--------|--------|--------||||--------|--------|--------|--------|--------|--------|--------|--------|--------|--------|--------|--------|  set
cpu-bind=MASK - lcn1515, task 483  3 [989514]: mask |------BB|--------|--------|--------|--------|--------|--------|--------|--------|--------|--------|--------||||--------|--------|--------|--------|--------|--------|--------|--------|--------|--------|--------|--------|  set
cpu-bind=MASK - lcn1516, task 648 72 [1275617]: mask |--------|--------|--------|--------|--------|--------|--------|--------|--------|--------|--------|--------||||--------|--------|--------|--------|BB------|--------|--------|--------|--------|--------|--------|--------|  set
cpu-bind=MASK - lcn1517, task 750 78 [88492]: mask |--------|--------|--------|--------|--------|--------|--------|--------|--------|--------|--------|--------||||--------|--------|--------|--------|--------|--------|--------|----BB--|--------|--------|--------|--------|  set
cpu-bind=MASK - lcn1513, task 329 41 [1708512]: mask |--------|--------|--------|--------|--------|--BB----|--------|--------|--------|--------|--------|--------||||--------|--------|--------|--------|--------|--------|--------|--------|--------|--------|--------|--------|  set
cpu-bind=MASK - lcn1514, task 432 48 [1760057]: mask |--------|--------|--------|--------|--------|--------|--------|--------|--------|--------|--------|--------||||BB------|--------|--------|--------|--------|--------|--------|--------|--------|--------|--------|--------|  set
cpu-bind=MASK - lcn1517, task 751 79 [88493]: mask |--------|--------|--------|--------|--------|--------|--------|--------|--------|--------|--------|--------||||--------|--------|--------|--------|--------|--------|--------|------BB|--------|--------|--------|--------|  set
cpu-bind=MASK - lcn1510, task 15 15 [2584292]: mask |--------|--------|--------|--------|--------|--------|------BB|--------|--------|--------|--------|--------||||--------|--------|--------|--------|--------|--------|--------|--------|--------|--------|--------|--------|  set
cpu-bind=MASK - lcn1515, task 484  4 [989515]: mask |--------|--------|--------|--------|--------|--------|--------|--------|--------|BB------|--------|--------||||--------|--------|--------|--------|--------|--------|--------|--------|--------|--------|--------|--------|  set
cpu-bind=MASK - lcn1513, task 330 42 [1708513]: mask |--------|--------|--------|--------|--------|----BB--|--------|--------|--------|--------|--------|--------||||--------|--------|--------|--------|--------|--------|--------|--------|--------|--------|--------|--------|  set
cpu-bind=MASK - lcn1514, task 433 49 [1760058]: mask |--------|--------|--------|--------|--------|--------|--------|--------|--------|--------|--------|--------||||--BB----|--------|--------|--------|--------|--------|--------|--------|--------|--------|--------|--------|  set
cpu-bind=MASK - lcn1517, task 752 80 [88494]: mask |--------|--------|--------|--------|--------|--------|--------|--------|--------|--------|--------|--------||||--------|--------|BB------|--------|--------|--------|--------|--------|--------|--------|--------|--------|  set
cpu-bind=MASK - lcn1515, task 485  5 [989516]: mask |--------|--------|--------|--------|--------|--------|--------|--------|--------|--BB----|--------|--------||||--------|--------|--------|--------|--------|--------|--------|--------|--------|--------|--------|--------|  set
cpu-bind=MASK - lcn1510, task 16 16 [2584293]: mask |--------|BB------|--------|--------|--------|--------|--------|--------|--------|--------|--------|--------||||--------|--------|--------|--------|--------|--------|--------|--------|--------|--------|--------|--------|  set
cpu-bind=MASK - lcn1516, task 649 73 [1275618]: mask |--------|--------|--------|--------|--------|--------|--------|--------|--------|--------|--------|--------||||--------|--------|--------|--------|--BB----|--------|--------|--------|--------|--------|--------|--------|  set
cpu-bind=MASK - lcn1513, task 331 43 [1708514]: mask |--------|--------|--------|--------|--------|------BB|--------|--------|--------|--------|--------|--------||||--------|--------|--------|--------|--------|--------|--------|--------|--------|--------|--------|--------|  set
cpu-bind=MASK - lcn1517, task 753 81 [88495]: mask |--------|--------|--------|--------|--------|--------|--------|--------|--------|--------|--------|--------||||--------|--------|--BB----|--------|--------|--------|--------|--------|--------|--------|--------|--------|  set
cpu-bind=MASK - lcn1514, task 434 50 [1760059]: mask |--------|--------|--------|--------|--------|--------|--------|--------|--------|--------|--------|--------||||----BB--|--------|--------|--------|--------|--------|--------|--------|--------|--------|--------|--------|  set
cpu-bind=MASK - lcn1515, task 486  6 [989517]: mask |--------|--------|--------|--------|--------|--------|--------|--------|--------|----BB--|--------|--------||||--------|--------|--------|--------|--------|--------|--------|--------|--------|--------|--------|--------|  set
cpu-bind=MASK - lcn1513, task 332 44 [1708515]: mask |--------|--------|--------|--------|--------|--------|--------|--------|BB------|--------|--------|--------||||--------|--------|--------|--------|--------|--------|--------|--------|--------|--------|--------|--------|  set
cpu-bind=MASK - lcn1510, task 17 17 [2584294]: mask |--------|--BB----|--------|--------|--------|--------|--------|--------|--------|--------|--------|--------||||--------|--------|--------|--------|--------|--------|--------|--------|--------|--------|--------|--------|  set
cpu-bind=MASK - lcn1516, task 650 74 [1275619]: mask |--------|--------|--------|--------|--------|--------|--------|--------|--------|--------|--------|--------||||--------|--------|--------|--------|----BB--|--------|--------|--------|--------|--------|--------|--------|  set
cpu-bind=MASK - lcn1517, task 754 82 [88496]: mask |--------|--------|--------|--------|--------|--------|--------|--------|--------|--------|--------|--------||||--------|--------|----BB--|--------|--------|--------|--------|--------|--------|--------|--------|--------|  set
cpu-bind=MASK - lcn1514, task 435 51 [1760060]: mask |--------|--------|--------|--------|--------|--------|--------|--------|--------|--------|--------|--------||||------BB|--------|--------|--------|--------|--------|--------|--------|--------|--------|--------|--------|  set
cpu-bind=MASK - lcn1515, task 487  7 [989518]: mask |--------|--------|--------|--------|--------|--------|--------|--------|--------|------BB|--------|--------||||--------|--------|--------|--------|--------|--------|--------|--------|--------|--------|--------|--------|  set
cpu-bind=MASK - lcn1510, task 18 18 [2584295]: mask |--------|----BB--|--------|--------|--------|--------|--------|--------|--------|--------|--------|--------||||--------|--------|--------|--------|--------|--------|--------|--------|--------|--------|--------|--------|  set
cpu-bind=MASK - lcn1517, task 755 83 [88497]: mask |--------|--------|--------|--------|--------|--------|--------|--------|--------|--------|--------|--------||||--------|--------|------BB|--------|--------|--------|--------|--------|--------|--------|--------|--------|  set
cpu-bind=MASK - lcn1516, task 651 75 [1275620]: mask |--------|--------|--------|--------|--------|--------|--------|--------|--------|--------|--------|--------||||--------|--------|--------|--------|------BB|--------|--------|--------|--------|--------|--------|--------|  set
cpu-bind=MASK - lcn1514, task 436 52 [1760061]: mask |--------|--------|--------|--------|--------|--------|--------|--------|--------|--------|--------|--------||||--------|--------|--------|--------|--------|--------|--------|--------|--------|BB------|--------|--------|  set
cpu-bind=MASK - lcn1515, task 488  8 [989519]: mask |--------|--------|--------|BB------|--------|--------|--------|--------|--------|--------|--------|--------||||--------|--------|--------|--------|--------|--------|--------|--------|--------|--------|--------|--------|  set
cpu-bind=MASK - lcn1517, task 756 84 [88498]: mask |--------|--------|--------|--------|--------|--------|--------|--------|--------|--------|--------|--------||||--------|--------|--------|--------|--------|--------|--------|--------|--------|--------|--------|BB------|  set
cpu-bind=MASK - lcn1514, task 437 53 [1760062]: mask |--------|--------|--------|--------|--------|--------|--------|--------|--------|--------|--------|--------||||--------|--------|--------|--------|--------|--------|--------|--------|--------|--BB----|--------|--------|  set
cpu-bind=MASK - lcn1513, task 333 45 [1708516]: mask |--------|--------|--------|--------|--------|--------|--------|--------|--BB----|--------|--------|--------||||--------|--------|--------|--------|--------|--------|--------|--------|--------|--------|--------|--------|  set
cpu-bind=MASK - lcn1510, task 19 19 [2584296]: mask |--------|------BB|--------|--------|--------|--------|--------|--------|--------|--------|--------|--------||||--------|--------|--------|--------|--------|--------|--------|--------|--------|--------|--------|--------|  set
cpu-bind=MASK - lcn1516, task 652 76 [1275621]: mask |--------|--------|--------|--------|--------|--------|--------|--------|--------|--------|--------|--------||||--------|--------|--------|--------|--------|--------|--------|BB------|--------|--------|--------|--------|  set
cpu-bind=MASK - lcn1515, task 489  9 [989520]: mask |--------|--------|--------|--BB----|--------|--------|--------|--------|--------|--------|--------|--------||||--------|--------|--------|--------|--------|--------|--------|--------|--------|--------|--------|--------|  set
cpu-bind=MASK - lcn1514, task 438 54 [1760063]: mask |--------|--------|--------|--------|--------|--------|--------|--------|--------|--------|--------|--------||||--------|--------|--------|--------|--------|--------|--------|--------|--------|----BB--|--------|--------|  set
cpu-bind=MASK - lcn1513, task 334 46 [1708517]: mask |--------|--------|--------|--------|--------|--------|--------|--------|----BB--|--------|--------|--------||||--------|--------|--------|--------|--------|--------|--------|--------|--------|--------|--------|--------|  set
cpu-bind=MASK - lcn1510, task 20 20 [2584297]: mask |--------|--------|--------|--------|--------|--------|--------|--------|--------|--------|BB------|--------||||--------|--------|--------|--------|--------|--------|--------|--------|--------|--------|--------|--------|  set
cpu-bind=MASK - lcn1515, task 490 10 [989521]: mask |--------|--------|--------|----BB--|--------|--------|--------|--------|--------|--------|--------|--------||||--------|--------|--------|--------|--------|--------|--------|--------|--------|--------|--------|--------|  set
cpu-bind=MASK - lcn1516, task 653 77 [1275622]: mask |--------|--------|--------|--------|--------|--------|--------|--------|--------|--------|--------|--------||||--------|--------|--------|--------|--------|--------|--------|--BB----|--------|--------|--------|--------|  set
cpu-bind=MASK - lcn1513, task 335 47 [1708518]: mask |--------|--------|--------|--------|--------|--------|--------|--------|------BB|--------|--------|--------||||--------|--------|--------|--------|--------|--------|--------|--------|--------|--------|--------|--------|  set
cpu-bind=MASK - lcn1514, task 439 55 [1760064]: mask |--------|--------|--------|--------|--------|--------|--------|--------|--------|--------|--------|--------||||--------|--------|--------|--------|--------|--------|--------|--------|--------|------BB|--------|--------|  set
cpu-bind=MASK - lcn1515, task 491 11 [989522]: mask |--------|--------|--------|------BB|--------|--------|--------|--------|--------|--------|--------|--------||||--------|--------|--------|--------|--------|--------|--------|--------|--------|--------|--------|--------|  set
cpu-bind=MASK - lcn1510, task 21 21 [2584298]: mask |--------|--------|--------|--------|--------|--------|--------|--------|--------|--------|--BB----|--------||||--------|--------|--------|--------|--------|--------|--------|--------|--------|--------|--------|--------|  set
cpu-bind=MASK - lcn1516, task 654 78 [1275623]: mask |--------|--------|--------|--------|--------|--------|--------|--------|--------|--------|--------|--------||||--------|--------|--------|--------|--------|--------|--------|----BB--|--------|--------|--------|--------|  set
cpu-bind=MASK - lcn1513, task 336 48 [1708519]: mask |--------|--------|--------|--------|--------|--------|--------|--------|--------|--------|--------|--------||||BB------|--------|--------|--------|--------|--------|--------|--------|--------|--------|--------|--------|  set
cpu-bind=MASK - lcn1514, task 440 56 [1760065]: mask |--------|--------|--------|--------|--------|--------|--------|--------|--------|--------|--------|--------||||--------|--------|--------|BB------|--------|--------|--------|--------|--------|--------|--------|--------|  set
cpu-bind=MASK - lcn1515, task 492 12 [989523]: mask |--------|--------|--------|--------|--------|--------|BB------|--------|--------|--------|--------|--------||||--------|--------|--------|--------|--------|--------|--------|--------|--------|--------|--------|--------|  set
cpu-bind=MASK - lcn1516, task 655 79 [1275624]: mask |--------|--------|--------|--------|--------|--------|--------|--------|--------|--------|--------|--------||||--------|--------|--------|--------|--------|--------|--------|------BB|--------|--------|--------|--------|  set
cpu-bind=MASK - lcn1513, task 337 49 [1708520]: mask |--------|--------|--------|--------|--------|--------|--------|--------|--------|--------|--------|--------||||--BB----|--------|--------|--------|--------|--------|--------|--------|--------|--------|--------|--------|  set
cpu-bind=MASK - lcn1510, task 22 22 [2584299]: mask |--------|--------|--------|--------|--------|--------|--------|--------|--------|--------|----BB--|--------||||--------|--------|--------|--------|--------|--------|--------|--------|--------|--------|--------|--------|  set
cpu-bind=MASK - lcn1514, task 441 57 [1760066]: mask |--------|--------|--------|--------|--------|--------|--------|--------|--------|--------|--------|--------||||--------|--------|--------|--BB----|--------|--------|--------|--------|--------|--------|--------|--------|  set
cpu-bind=MASK - lcn1515, task 493 13 [989524]: mask |--------|--------|--------|--------|--------|--------|--BB----|--------|--------|--------|--------|--------||||--------|--------|--------|--------|--------|--------|--------|--------|--------|--------|--------|--------|  set
cpu-bind=MASK - lcn1516, task 656 80 [1275625]: mask |--------|--------|--------|--------|--------|--------|--------|--------|--------|--------|--------|--------||||--------|--------|BB------|--------|--------|--------|--------|--------|--------|--------|--------|--------|  set
cpu-bind=MASK - lcn1517, task 757 85 [88499]: mask |--------|--------|--------|--------|--------|--------|--------|--------|--------|--------|--------|--------||||--------|--------|--------|--------|--------|--------|--------|--------|--------|--------|--------|--BB----|  set
cpu-bind=MASK - lcn1514, task 442 58 [1760067]: mask |--------|--------|--------|--------|--------|--------|--------|--------|--------|--------|--------|--------||||--------|--------|--------|----BB--|--------|--------|--------|--------|--------|--------|--------|--------|  set
cpu-bind=MASK - lcn1510, task 23 23 [2584300]: mask |--------|--------|--------|--------|--------|--------|--------|--------|--------|--------|------BB|--------||||--------|--------|--------|--------|--------|--------|--------|--------|--------|--------|--------|--------|  set
cpu-bind=MASK - lcn1513, task 338 50 [1708521]: mask |--------|--------|--------|--------|--------|--------|--------|--------|--------|--------|--------|--------||||----BB--|--------|--------|--------|--------|--------|--------|--------|--------|--------|--------|--------|  set
cpu-bind=MASK - lcn1515, task 494 14 [989525]: mask |--------|--------|--------|--------|--------|--------|----BB--|--------|--------|--------|--------|--------||||--------|--------|--------|--------|--------|--------|--------|--------|--------|--------|--------|--------|  set
cpu-bind=MASK - lcn1516, task 657 81 [1275626]: mask |--------|--------|--------|--------|--------|--------|--------|--------|--------|--------|--------|--------||||--------|--------|--BB----|--------|--------|--------|--------|--------|--------|--------|--------|--------|  set
cpu-bind=MASK - lcn1517, task 758 86 [88500]: mask |--------|--------|--------|--------|--------|--------|--------|--------|--------|--------|--------|--------||||--------|--------|--------|--------|--------|--------|--------|--------|--------|--------|--------|----BB--|  set
cpu-bind=MASK - lcn1513, task 339 51 [1708522]: mask |--------|--------|--------|--------|--------|--------|--------|--------|--------|--------|--------|--------||||------BB|--------|--------|--------|--------|--------|--------|--------|--------|--------|--------|--------|  set
cpu-bind=MASK - lcn1514, task 443 59 [1760068]: mask |--------|--------|--------|--------|--------|--------|--------|--------|--------|--------|--------|--------||||--------|--------|--------|------BB|--------|--------|--------|--------|--------|--------|--------|--------|  set
cpu-bind=MASK - lcn1515, task 495 15 [989526]: mask |--------|--------|--------|--------|--------|--------|------BB|--------|--------|--------|--------|--------||||--------|--------|--------|--------|--------|--------|--------|--------|--------|--------|--------|--------|  set
cpu-bind=MASK - lcn1510, task 24 24 [2584301]: mask |--------|--------|--------|--------|BB------|--------|--------|--------|--------|--------|--------|--------||||--------|--------|--------|--------|--------|--------|--------|--------|--------|--------|--------|--------|  set
cpu-bind=MASK - lcn1516, task 658 82 [1275627]: mask |--------|--------|--------|--------|--------|--------|--------|--------|--------|--------|--------|--------||||--------|--------|----BB--|--------|--------|--------|--------|--------|--------|--------|--------|--------|  set
cpu-bind=MASK - lcn1514, task 444 60 [1760069]: mask |--------|--------|--------|--------|--------|--------|--------|--------|--------|--------|--------|--------||||--------|--------|--------|--------|--------|--------|BB------|--------|--------|--------|--------|--------|  set
cpu-bind=MASK - lcn1513, task 340 52 [1708523]: mask |--------|--------|--------|--------|--------|--------|--------|--------|--------|--------|--------|--------||||--------|--------|--------|--------|--------|--------|--------|--------|--------|BB------|--------|--------|  set
cpu-bind=MASK - lcn1517, task 759 87 [88501]: mask |--------|--------|--------|--------|--------|--------|--------|--------|--------|--------|--------|--------||||--------|--------|--------|--------|--------|--------|--------|--------|--------|--------|--------|------BB|  set
cpu-bind=MASK - lcn1510, task 25 25 [2584302]: mask |--------|--------|--------|--------|--BB----|--------|--------|--------|--------|--------|--------|--------||||--------|--------|--------|--------|--------|--------|--------|--------|--------|--------|--------|--------|  set
cpu-bind=MASK - lcn1514, task 445 61 [1760070]: mask |--------|--------|--------|--------|--------|--------|--------|--------|--------|--------|--------|--------||||--------|--------|--------|--------|--------|--------|--BB----|--------|--------|--------|--------|--------|  set
cpu-bind=MASK - lcn1513, task 341 53 [1708524]: mask |--------|--------|--------|--------|--------|--------|--------|--------|--------|--------|--------|--------||||--------|--------|--------|--------|--------|--------|--------|--------|--------|--BB----|--------|--------|  set
cpu-bind=MASK - lcn1515, task 496 16 [989527]: mask |--------|BB------|--------|--------|--------|--------|--------|--------|--------|--------|--------|--------||||--------|--------|--------|--------|--------|--------|--------|--------|--------|--------|--------|--------|  set
cpu-bind=MASK - lcn1516, task 659 83 [1275628]: mask |--------|--------|--------|--------|--------|--------|--------|--------|--------|--------|--------|--------||||--------|--------|------BB|--------|--------|--------|--------|--------|--------|--------|--------|--------|  set
cpu-bind=MASK - lcn1517, task 760 88 [88502]: mask |--------|--------|--------|--------|--------|--------|--------|--------|--------|--------|--------|--------||||--------|--------|--------|--------|--------|BB------|--------|--------|--------|--------|--------|--------|  set
cpu-bind=MASK - lcn1514, task 446 62 [1760071]: mask |--------|--------|--------|--------|--------|--------|--------|--------|--------|--------|--------|--------||||--------|--------|--------|--------|--------|--------|----BB--|--------|--------|--------|--------|--------|  set
cpu-bind=MASK - lcn1516, task 660 84 [1275629]: mask |--------|--------|--------|--------|--------|--------|--------|--------|--------|--------|--------|--------||||--------|--------|--------|--------|--------|--------|--------|--------|--------|--------|--------|BB------|  set
cpu-bind=MASK - lcn1510, task 26 26 [2584303]: mask |--------|--------|--------|--------|----BB--|--------|--------|--------|--------|--------|--------|--------||||--------|--------|--------|--------|--------|--------|--------|--------|--------|--------|--------|--------|  set
cpu-bind=MASK - lcn1515, task 497 17 [989528]: mask |--------|--BB----|--------|--------|--------|--------|--------|--------|--------|--------|--------|--------||||--------|--------|--------|--------|--------|--------|--------|--------|--------|--------|--------|--------|  set
cpu-bind=MASK - lcn1517, task 761 89 [88503]: mask |--------|--------|--------|--------|--------|--------|--------|--------|--------|--------|--------|--------||||--------|--------|--------|--------|--------|--BB----|--------|--------|--------|--------|--------|--------|  set
cpu-bind=MASK - lcn1513, task 342 54 [1708525]: mask |--------|--------|--------|--------|--------|--------|--------|--------|--------|--------|--------|--------||||--------|--------|--------|--------|--------|--------|--------|--------|--------|----BB--|--------|--------|  set
cpu-bind=MASK - lcn1514, task 447 63 [1760072]: mask |--------|--------|--------|--------|--------|--------|--------|--------|--------|--------|--------|--------||||--------|--------|--------|--------|--------|--------|------BB|--------|--------|--------|--------|--------|  set
cpu-bind=MASK - lcn1516, task 661 85 [1275630]: mask |--------|--------|--------|--------|--------|--------|--------|--------|--------|--------|--------|--------||||--------|--------|--------|--------|--------|--------|--------|--------|--------|--------|--------|--BB----|  set
cpu-bind=MASK - lcn1510, task 27 27 [2584304]: mask |--------|--------|--------|--------|------BB|--------|--------|--------|--------|--------|--------|--------||||--------|--------|--------|--------|--------|--------|--------|--------|--------|--------|--------|--------|  set
cpu-bind=MASK - lcn1513, task 343 55 [1708526]: mask |--------|--------|--------|--------|--------|--------|--------|--------|--------|--------|--------|--------||||--------|--------|--------|--------|--------|--------|--------|--------|--------|------BB|--------|--------|  set
cpu-bind=MASK - lcn1515, task 498 18 [989529]: mask |--------|----BB--|--------|--------|--------|--------|--------|--------|--------|--------|--------|--------||||--------|--------|--------|--------|--------|--------|--------|--------|--------|--------|--------|--------|  set
cpu-bind=MASK - lcn1517, task 762 90 [88504]: mask |--------|--------|--------|--------|--------|--------|--------|--------|--------|--------|--------|--------||||--------|--------|--------|--------|--------|----BB--|--------|--------|--------|--------|--------|--------|  set
cpu-bind=MASK - lcn1514, task 448 64 [1760073]: mask |--------|--------|--------|--------|--------|--------|--------|--------|--------|--------|--------|--------||||--------|BB------|--------|--------|--------|--------|--------|--------|--------|--------|--------|--------|  set
cpu-bind=MASK - lcn1516, task 662 86 [1275631]: mask |--------|--------|--------|--------|--------|--------|--------|--------|--------|--------|--------|--------||||--------|--------|--------|--------|--------|--------|--------|--------|--------|--------|--------|----BB--|  set
cpu-bind=MASK - lcn1513, task 344 56 [1708527]: mask |--------|--------|--------|--------|--------|--------|--------|--------|--------|--------|--------|--------||||--------|--------|--------|BB------|--------|--------|--------|--------|--------|--------|--------|--------|  set
cpu-bind=MASK - lcn1515, task 499 19 [989530]: mask |--------|------BB|--------|--------|--------|--------|--------|--------|--------|--------|--------|--------||||--------|--------|--------|--------|--------|--------|--------|--------|--------|--------|--------|--------|  set
cpu-bind=MASK - lcn1510, task 28 28 [2584305]: mask |--------|--------|--------|--------|--------|--------|--------|BB------|--------|--------|--------|--------||||--------|--------|--------|--------|--------|--------|--------|--------|--------|--------|--------|--------|  set
cpu-bind=MASK - lcn1514, task 449 65 [1760074]: mask |--------|--------|--------|--------|--------|--------|--------|--------|--------|--------|--------|--------||||--------|--BB----|--------|--------|--------|--------|--------|--------|--------|--------|--------|--------|  set
cpu-bind=MASK - lcn1516, task 663 87 [1275632]: mask |--------|--------|--------|--------|--------|--------|--------|--------|--------|--------|--------|--------||||--------|--------|--------|--------|--------|--------|--------|--------|--------|--------|--------|------BB|  set
cpu-bind=MASK - lcn1513, task 345 57 [1708528]: mask |--------|--------|--------|--------|--------|--------|--------|--------|--------|--------|--------|--------||||--------|--------|--------|--BB----|--------|--------|--------|--------|--------|--------|--------|--------|  set
cpu-bind=MASK - lcn1515, task 500 20 [989531]: mask |--------|--------|--------|--------|--------|--------|--------|--------|--------|--------|BB------|--------||||--------|--------|--------|--------|--------|--------|--------|--------|--------|--------|--------|--------|  set
cpu-bind=MASK - lcn1517, task 763 91 [88505]: mask |--------|--------|--------|--------|--------|--------|--------|--------|--------|--------|--------|--------||||--------|--------|--------|--------|--------|------BB|--------|--------|--------|--------|--------|--------|  set
cpu-bind=MASK - lcn1510, task 29 29 [2584306]: mask |--------|--------|--------|--------|--------|--------|--------|--BB----|--------|--------|--------|--------||||--------|--------|--------|--------|--------|--------|--------|--------|--------|--------|--------|--------|  set
cpu-bind=MASK - lcn1516, task 664 88 [1275633]: mask |--------|--------|--------|--------|--------|--------|--------|--------|--------|--------|--------|--------||||--------|--------|--------|--------|--------|BB------|--------|--------|--------|--------|--------|--------|  set
cpu-bind=MASK - lcn1513, task 346 58 [1708529]: mask |--------|--------|--------|--------|--------|--------|--------|--------|--------|--------|--------|--------||||--------|--------|--------|----BB--|--------|--------|--------|--------|--------|--------|--------|--------|  set
cpu-bind=MASK - lcn1517, task 764 92 [88506]: mask |--------|--------|--------|--------|--------|--------|--------|--------|--------|--------|--------|--------||||--------|--------|--------|--------|--------|--------|--------|--------|BB------|--------|--------|--------|  set
cpu-bind=MASK - lcn1515, task 501 21 [989532]: mask |--------|--------|--------|--------|--------|--------|--------|--------|--------|--------|--BB----|--------||||--------|--------|--------|--------|--------|--------|--------|--------|--------|--------|--------|--------|  set
cpu-bind=MASK - lcn1514, task 450 66 [1760075]: mask |--------|--------|--------|--------|--------|--------|--------|--------|--------|--------|--------|--------||||--------|----BB--|--------|--------|--------|--------|--------|--------|--------|--------|--------|--------|  set
cpu-bind=MASK - lcn1516, task 665 89 [1275634]: mask |--------|--------|--------|--------|--------|--------|--------|--------|--------|--------|--------|--------||||--------|--------|--------|--------|--------|--BB----|--------|--------|--------|--------|--------|--------|  set
cpu-bind=MASK - lcn1510, task 30 30 [2584307]: mask |--------|--------|--------|--------|--------|--------|--------|----BB--|--------|--------|--------|--------||||--------|--------|--------|--------|--------|--------|--------|--------|--------|--------|--------|--------|  set
cpu-bind=MASK - lcn1513, task 347 59 [1708530]: mask |--------|--------|--------|--------|--------|--------|--------|--------|--------|--------|--------|--------||||--------|--------|--------|------BB|--------|--------|--------|--------|--------|--------|--------|--------|  set
cpu-bind=MASK - lcn1515, task 502 22 [989533]: mask |--------|--------|--------|--------|--------|--------|--------|--------|--------|--------|----BB--|--------||||--------|--------|--------|--------|--------|--------|--------|--------|--------|--------|--------|--------|  set
cpu-bind=MASK - lcn1517, task 765 93 [88507]: mask |--------|--------|--------|--------|--------|--------|--------|--------|--------|--------|--------|--------||||--------|--------|--------|--------|--------|--------|--------|--------|--BB----|--------|--------|--------|  set
cpu-bind=MASK - lcn1514, task 451 67 [1760076]: mask |--------|--------|--------|--------|--------|--------|--------|--------|--------|--------|--------|--------||||--------|------BB|--------|--------|--------|--------|--------|--------|--------|--------|--------|--------|  set
cpu-bind=MASK - lcn1516, task 666 90 [1275635]: mask |--------|--------|--------|--------|--------|--------|--------|--------|--------|--------|--------|--------||||--------|--------|--------|--------|--------|----BB--|--------|--------|--------|--------|--------|--------|  set
cpu-bind=MASK - lcn1513, task 348 60 [1708531]: mask |--------|--------|--------|--------|--------|--------|--------|--------|--------|--------|--------|--------||||--------|--------|--------|--------|--------|--------|BB------|--------|--------|--------|--------|--------|  set
cpu-bind=MASK - lcn1517, task 766 94 [88508]: mask |--------|--------|--------|--------|--------|--------|--------|--------|--------|--------|--------|--------||||--------|--------|--------|--------|--------|--------|--------|--------|----BB--|--------|--------|--------|  set
cpu-bind=MASK - lcn1510, task 31 31 [2584308]: mask |--------|--------|--------|--------|--------|--------|--------|------BB|--------|--------|--------|--------||||--------|--------|--------|--------|--------|--------|--------|--------|--------|--------|--------|--------|  set
cpu-bind=MASK - lcn1514, task 452 68 [1760077]: mask |--------|--------|--------|--------|--------|--------|--------|--------|--------|--------|--------|--------||||--------|--------|--------|--------|--------|--------|--------|--------|--------|--------|BB------|--------|  set
cpu-bind=MASK - lcn1516, task 667 91 [1275636]: mask |--------|--------|--------|--------|--------|--------|--------|--------|--------|--------|--------|--------||||--------|--------|--------|--------|--------|------BB|--------|--------|--------|--------|--------|--------|  set
cpu-bind=MASK - lcn1515, task 503 23 [989534]: mask |--------|--------|--------|--------|--------|--------|--------|--------|--------|--------|------BB|--------||||--------|--------|--------|--------|--------|--------|--------|--------|--------|--------|--------|--------|  set
cpu-bind=MASK - lcn1510, task 32 32 [2584309]: mask |--------|--------|BB------|--------|--------|--------|--------|--------|--------|--------|--------|--------||||--------|--------|--------|--------|--------|--------|--------|--------|--------|--------|--------|--------|  set
cpu-bind=MASK - lcn1514, task 453 69 [1760078]: mask |--------|--------|--------|--------|--------|--------|--------|--------|--------|--------|--------|--------||||--------|--------|--------|--------|--------|--------|--------|--------|--------|--------|--BB----|--------|  set
cpu-bind=MASK - lcn1513, task 349 61 [1708532]: mask |--------|--------|--------|--------|--------|--------|--------|--------|--------|--------|--------|--------||||--------|--------|--------|--------|--------|--------|--BB----|--------|--------|--------|--------|--------|  set
cpu-bind=MASK - lcn1516, task 668 92 [1275637]: mask |--------|--------|--------|--------|--------|--------|--------|--------|--------|--------|--------|--------||||--------|--------|--------|--------|--------|--------|--------|--------|BB------|--------|--------|--------|  set
cpu-bind=MASK - lcn1515, task 504 24 [989535]: mask |--------|--------|--------|--------|BB------|--------|--------|--------|--------|--------|--------|--------||||--------|--------|--------|--------|--------|--------|--------|--------|--------|--------|--------|--------|  set
cpu-bind=MASK - lcn1513, task 350 62 [1708533]: mask |--------|--------|--------|--------|--------|--------|--------|--------|--------|--------|--------|--------||||--------|--------|--------|--------|--------|--------|----BB--|--------|--------|--------|--------|--------|  set
cpu-bind=MASK - lcn1514, task 454 70 [1760079]: mask |--------|--------|--------|--------|--------|--------|--------|--------|--------|--------|--------|--------||||--------|--------|--------|--------|--------|--------|--------|--------|--------|--------|----BB--|--------|  set
cpu-bind=MASK - lcn1510, task 33 33 [2584310]: mask |--------|--------|--BB----|--------|--------|--------|--------|--------|--------|--------|--------|--------||||--------|--------|--------|--------|--------|--------|--------|--------|--------|--------|--------|--------|  set
cpu-bind=MASK - lcn1515, task 505 25 [989536]: mask |--------|--------|--------|--------|--BB----|--------|--------|--------|--------|--------|--------|--------||||--------|--------|--------|--------|--------|--------|--------|--------|--------|--------|--------|--------|  set
cpu-bind=MASK - lcn1513, task 351 63 [1708534]: mask |--------|--------|--------|--------|--------|--------|--------|--------|--------|--------|--------|--------||||--------|--------|--------|--------|--------|--------|------BB|--------|--------|--------|--------|--------|  set
cpu-bind=MASK - lcn1514, task 455 71 [1760080]: mask |--------|--------|--------|--------|--------|--------|--------|--------|--------|--------|--------|--------||||--------|--------|--------|--------|--------|--------|--------|--------|--------|--------|------BB|--------|  set
cpu-bind=MASK - lcn1516, task 669 93 [1275638]: mask |--------|--------|--------|--------|--------|--------|--------|--------|--------|--------|--------|--------||||--------|--------|--------|--------|--------|--------|--------|--------|--BB----|--------|--------|--------|  set
cpu-bind=MASK - lcn1515, task 506 26 [989537]: mask |--------|--------|--------|--------|----BB--|--------|--------|--------|--------|--------|--------|--------||||--------|--------|--------|--------|--------|--------|--------|--------|--------|--------|--------|--------|  set
cpu-bind=MASK - lcn1513, task 352 64 [1708535]: mask |--------|--------|--------|--------|--------|--------|--------|--------|--------|--------|--------|--------||||--------|BB------|--------|--------|--------|--------|--------|--------|--------|--------|--------|--------|  set
cpu-bind=MASK - lcn1510, task 34 34 [2584311]: mask |--------|--------|----BB--|--------|--------|--------|--------|--------|--------|--------|--------|--------||||--------|--------|--------|--------|--------|--------|--------|--------|--------|--------|--------|--------|  set
cpu-bind=MASK - lcn1514, task 456 72 [1760081]: mask |--------|--------|--------|--------|--------|--------|--------|--------|--------|--------|--------|--------||||--------|--------|--------|--------|BB------|--------|--------|--------|--------|--------|--------|--------|  set
cpu-bind=MASK - lcn1516, task 670 94 [1275639]: mask |--------|--------|--------|--------|--------|--------|--------|--------|--------|--------|--------|--------||||--------|--------|--------|--------|--------|--------|--------|--------|----BB--|--------|--------|--------|  set
cpu-bind=MASK - lcn1515, task 507 27 [989538]: mask |--------|--------|--------|--------|------BB|--------|--------|--------|--------|--------|--------|--------||||--------|--------|--------|--------|--------|--------|--------|--------|--------|--------|--------|--------|  set
cpu-bind=MASK - lcn1513, task 353 65 [1708536]: mask |--------|--------|--------|--------|--------|--------|--------|--------|--------|--------|--------|--------||||--------|--BB----|--------|--------|--------|--------|--------|--------|--------|--------|--------|--------|  set
cpu-bind=MASK - lcn1514, task 457 73 [1760082]: mask |--------|--------|--------|--------|--------|--------|--------|--------|--------|--------|--------|--------||||--------|--------|--------|--------|--BB----|--------|--------|--------|--------|--------|--------|--------|  set
cpu-bind=MASK - lcn1510, task 35 35 [2584312]: mask |--------|--------|------BB|--------|--------|--------|--------|--------|--------|--------|--------|--------||||--------|--------|--------|--------|--------|--------|--------|--------|--------|--------|--------|--------|  set
cpu-bind=MASK - lcn1515, task 508 28 [989539]: mask |--------|--------|--------|--------|--------|--------|--------|BB------|--------|--------|--------|--------||||--------|--------|--------|--------|--------|--------|--------|--------|--------|--------|--------|--------|  set
cpu-bind=MASK - lcn1513, task 354 66 [1708537]: mask |--------|--------|--------|--------|--------|--------|--------|--------|--------|--------|--------|--------||||--------|----BB--|--------|--------|--------|--------|--------|--------|--------|--------|--------|--------|  set
cpu-bind=MASK - lcn1514, task 458 74 [1760083]: mask |--------|--------|--------|--------|--------|--------|--------|--------|--------|--------|--------|--------||||--------|--------|--------|--------|----BB--|--------|--------|--------|--------|--------|--------|--------|  set
cpu-bind=MASK - lcn1512, task 192  0 [2105533]: mask |BB------|--------|--------|--------|--------|--------|--------|--------|--------|--------|--------|--------||||--------|--------|--------|--------|--------|--------|--------|--------|--------|--------|--------|--------|  set
cpu-bind=MASK - lcn1510, task 36 36 [2584313]: mask |--------|--------|--------|--------|--------|--------|--------|--------|--------|--------|--------|BB------||||--------|--------|--------|--------|--------|--------|--------|--------|--------|--------|--------|--------|  set
cpu-bind=MASK - lcn1513, task 355 67 [1708538]: mask |--------|--------|--------|--------|--------|--------|--------|--------|--------|--------|--------|--------||||--------|------BB|--------|--------|--------|--------|--------|--------|--------|--------|--------|--------|  set
cpu-bind=MASK - lcn1514, task 459 75 [1760084]: mask |--------|--------|--------|--------|--------|--------|--------|--------|--------|--------|--------|--------||||--------|--------|--------|--------|------BB|--------|--------|--------|--------|--------|--------|--------|  set
cpu-bind=MASK - lcn1515, task 509 29 [989540]: mask |--------|--------|--------|--------|--------|--------|--------|--BB----|--------|--------|--------|--------||||--------|--------|--------|--------|--------|--------|--------|--------|--------|--------|--------|--------|  set
cpu-bind=MASK - lcn1511, task 96  0 [2180010]: mask |BB------|--------|--------|--------|--------|--------|--------|--------|--------|--------|--------|--------||||--------|--------|--------|--------|--------|--------|--------|--------|--------|--------|--------|--------|  set
cpu-bind=MASK - lcn1512, task 193  1 [2105534]: mask |--BB----|--------|--------|--------|--------|--------|--------|--------|--------|--------|--------|--------||||--------|--------|--------|--------|--------|--------|--------|--------|--------|--------|--------|--------|  set
cpu-bind=MASK - lcn1510, task 37 37 [2584314]: mask |--------|--------|--------|--------|--------|--------|--------|--------|--------|--------|--------|--BB----||||--------|--------|--------|--------|--------|--------|--------|--------|--------|--------|--------|--------|  set
cpu-bind=MASK - lcn1513, task 356 68 [1708539]: mask |--------|--------|--------|--------|--------|--------|--------|--------|--------|--------|--------|--------||||--------|--------|--------|--------|--------|--------|--------|--------|--------|--------|BB------|--------|  set
cpu-bind=MASK - lcn1514, task 460 76 [1760085]: mask |--------|--------|--------|--------|--------|--------|--------|--------|--------|--------|--------|--------||||--------|--------|--------|--------|--------|--------|--------|BB------|--------|--------|--------|--------|  set
cpu-bind=MASK - lcn1511, task 97  1 [2180011]: mask |--BB----|--------|--------|--------|--------|--------|--------|--------|--------|--------|--------|--------||||--------|--------|--------|--------|--------|--------|--------|--------|--------|--------|--------|--------|  set
cpu-bind=MASK - lcn1515, task 510 30 [989541]: mask |--------|--------|--------|--------|--------|--------|--------|----BB--|--------|--------|--------|--------||||--------|--------|--------|--------|--------|--------|--------|--------|--------|--------|--------|--------|  set
cpu-bind=MASK - lcn1512, task 194  2 [2105535]: mask |----BB--|--------|--------|--------|--------|--------|--------|--------|--------|--------|--------|--------||||--------|--------|--------|--------|--------|--------|--------|--------|--------|--------|--------|--------|  set
cpu-bind=MASK - lcn1510, task 38 38 [2584315]: mask |--------|--------|--------|--------|--------|--------|--------|--------|--------|--------|--------|----BB--||||--------|--------|--------|--------|--------|--------|--------|--------|--------|--------|--------|--------|  set
cpu-bind=MASK - lcn1514, task 461 77 [1760086]: mask |--------|--------|--------|--------|--------|--------|--------|--------|--------|--------|--------|--------||||--------|--------|--------|--------|--------|--------|--------|--BB----|--------|--------|--------|--------|  set
cpu-bind=MASK - lcn1511, task 98  2 [2180012]: mask |----BB--|--------|--------|--------|--------|--------|--------|--------|--------|--------|--------|--------||||--------|--------|--------|--------|--------|--------|--------|--------|--------|--------|--------|--------|  set
cpu-bind=MASK - lcn1512, task 195  3 [2105536]: mask |------BB|--------|--------|--------|--------|--------|--------|--------|--------|--------|--------|--------||||--------|--------|--------|--------|--------|--------|--------|--------|--------|--------|--------|--------|  set
cpu-bind=MASK - lcn1513, task 357 69 [1708540]: mask |--------|--------|--------|--------|--------|--------|--------|--------|--------|--------|--------|--------||||--------|--------|--------|--------|--------|--------|--------|--------|--------|--------|--BB----|--------|  set
cpu-bind=MASK - lcn1514, task 462 78 [1760087]: mask |--------|--------|--------|--------|--------|--------|--------|--------|--------|--------|--------|--------||||--------|--------|--------|--------|--------|--------|--------|----BB--|--------|--------|--------|--------|  set
cpu-bind=MASK - lcn1510, task 39 39 [2584316]: mask |--------|--------|--------|--------|--------|--------|--------|--------|--------|--------|--------|------BB||||--------|--------|--------|--------|--------|--------|--------|--------|--------|--------|--------|--------|  set
cpu-bind=MASK - lcn1511, task 99  3 [2180013]: mask |------BB|--------|--------|--------|--------|--------|--------|--------|--------|--------|--------|--------||||--------|--------|--------|--------|--------|--------|--------|--------|--------|--------|--------|--------|  set
cpu-bind=MASK - lcn1515, task 511 31 [989542]: mask |--------|--------|--------|--------|--------|--------|--------|------BB|--------|--------|--------|--------||||--------|--------|--------|--------|--------|--------|--------|--------|--------|--------|--------|--------|  set
cpu-bind=MASK - lcn1512, task 196  4 [2105537]: mask |--------|--------|--------|--------|--------|--------|--------|--------|--------|BB------|--------|--------||||--------|--------|--------|--------|--------|--------|--------|--------|--------|--------|--------|--------|  set
cpu-bind=MASK - lcn1513, task 358 70 [1708541]: mask |--------|--------|--------|--------|--------|--------|--------|--------|--------|--------|--------|--------||||--------|--------|--------|--------|--------|--------|--------|--------|--------|--------|----BB--|--------|  set
cpu-bind=MASK - lcn1514, task 463 79 [1760088]: mask |--------|--------|--------|--------|--------|--------|--------|--------|--------|--------|--------|--------||||--------|--------|--------|--------|--------|--------|--------|------BB|--------|--------|--------|--------|  set
cpu-bind=MASK - lcn1510, task 40 40 [2584317]: mask |--------|--------|--------|--------|--------|BB------|--------|--------|--------|--------|--------|--------||||--------|--------|--------|--------|--------|--------|--------|--------|--------|--------|--------|--------|  set
cpu-bind=MASK - lcn1511, task 100  4 [2180014]: mask |--------|--------|--------|--------|--------|--------|--------|--------|--------|BB------|--------|--------||||--------|--------|--------|--------|--------|--------|--------|--------|--------|--------|--------|--------|  set
cpu-bind=MASK - lcn1515, task 512 32 [989543]: mask |--------|--------|BB------|--------|--------|--------|--------|--------|--------|--------|--------|--------||||--------|--------|--------|--------|--------|--------|--------|--------|--------|--------|--------|--------|  set
cpu-bind=MASK - lcn1512, task 197  5 [2105538]: mask |--------|--------|--------|--------|--------|--------|--------|--------|--------|--BB----|--------|--------||||--------|--------|--------|--------|--------|--------|--------|--------|--------|--------|--------|--------|  set
cpu-bind=MASK - lcn1514, task 464 80 [1760089]: mask |--------|--------|--------|--------|--------|--------|--------|--------|--------|--------|--------|--------||||--------|--------|BB------|--------|--------|--------|--------|--------|--------|--------|--------|--------|  set
cpu-bind=MASK - lcn1513, task 359 71 [1708542]: mask |--------|--------|--------|--------|--------|--------|--------|--------|--------|--------|--------|--------||||--------|--------|--------|--------|--------|--------|--------|--------|--------|--------|------BB|--------|  set
cpu-bind=MASK - lcn1515, task 513 33 [989544]: mask |--------|--------|--BB----|--------|--------|--------|--------|--------|--------|--------|--------|--------||||--------|--------|--------|--------|--------|--------|--------|--------|--------|--------|--------|--------|  set
cpu-bind=MASK - lcn1511, task 101  5 [2180015]: mask |--------|--------|--------|--------|--------|--------|--------|--------|--------|--BB----|--------|--------||||--------|--------|--------|--------|--------|--------|--------|--------|--------|--------|--------|--------|  set
cpu-bind=MASK - lcn1512, task 198  6 [2105539]: mask |--------|--------|--------|--------|--------|--------|--------|--------|--------|----BB--|--------|--------||||--------|--------|--------|--------|--------|--------|--------|--------|--------|--------|--------|--------|  set
cpu-bind=MASK - lcn1510, task 41 41 [2584318]: mask |--------|--------|--------|--------|--------|--BB----|--------|--------|--------|--------|--------|--------||||--------|--------|--------|--------|--------|--------|--------|--------|--------|--------|--------|--------|  set
cpu-bind=MASK - lcn1514, task 465 81 [1760090]: mask |--------|--------|--------|--------|--------|--------|--------|--------|--------|--------|--------|--------||||--------|--------|--BB----|--------|--------|--------|--------|--------|--------|--------|--------|--------|  set
cpu-bind=MASK - lcn1513, task 360 72 [1708543]: mask |--------|--------|--------|--------|--------|--------|--------|--------|--------|--------|--------|--------||||--------|--------|--------|--------|BB------|--------|--------|--------|--------|--------|--------|--------|  set
cpu-bind=MASK - lcn1515, task 514 34 [989545]: mask |--------|--------|----BB--|--------|--------|--------|--------|--------|--------|--------|--------|--------||||--------|--------|--------|--------|--------|--------|--------|--------|--------|--------|--------|--------|  set
cpu-bind=MASK - lcn1511, task 102  6 [2180016]: mask |--------|--------|--------|--------|--------|--------|--------|--------|--------|----BB--|--------|--------||||--------|--------|--------|--------|--------|--------|--------|--------|--------|--------|--------|--------|  set
cpu-bind=MASK - lcn1513, task 361 73 [1708544]: mask |--------|--------|--------|--------|--------|--------|--------|--------|--------|--------|--------|--------||||--------|--------|--------|--------|--BB----|--------|--------|--------|--------|--------|--------|--------|  set
cpu-bind=MASK - lcn1512, task 199  7 [2105540]: mask |--------|--------|--------|--------|--------|--------|--------|--------|--------|------BB|--------|--------||||--------|--------|--------|--------|--------|--------|--------|--------|--------|--------|--------|--------|  set
cpu-bind=MASK - lcn1514, task 466 82 [1760091]: mask |--------|--------|--------|--------|--------|--------|--------|--------|--------|--------|--------|--------||||--------|--------|----BB--|--------|--------|--------|--------|--------|--------|--------|--------|--------|  set
cpu-bind=MASK - lcn1510, task 42 42 [2584319]: mask |--------|--------|--------|--------|--------|----BB--|--------|--------|--------|--------|--------|--------||||--------|--------|--------|--------|--------|--------|--------|--------|--------|--------|--------|--------|  set
cpu-bind=MASK - lcn1515, task 515 35 [989546]: mask |--------|--------|------BB|--------|--------|--------|--------|--------|--------|--------|--------|--------||||--------|--------|--------|--------|--------|--------|--------|--------|--------|--------|--------|--------|  set
cpu-bind=MASK - lcn1511, task 103  7 [2180017]: mask |--------|--------|--------|--------|--------|--------|--------|--------|--------|------BB|--------|--------||||--------|--------|--------|--------|--------|--------|--------|--------|--------|--------|--------|--------|  set
cpu-bind=MASK - lcn1512, task 200  8 [2105541]: mask |--------|--------|--------|BB------|--------|--------|--------|--------|--------|--------|--------|--------||||--------|--------|--------|--------|--------|--------|--------|--------|--------|--------|--------|--------|  set
cpu-bind=MASK - lcn1513, task 362 74 [1708545]: mask |--------|--------|--------|--------|--------|--------|--------|--------|--------|--------|--------|--------||||--------|--------|--------|--------|----BB--|--------|--------|--------|--------|--------|--------|--------|  set
cpu-bind=MASK - lcn1510, task 43 43 [2584320]: mask |--------|--------|--------|--------|--------|------BB|--------|--------|--------|--------|--------|--------||||--------|--------|--------|--------|--------|--------|--------|--------|--------|--------|--------|--------|  set
cpu-bind=MASK - lcn1515, task 516 36 [989547]: mask |--------|--------|--------|--------|--------|--------|--------|--------|--------|--------|--------|BB------||||--------|--------|--------|--------|--------|--------|--------|--------|--------|--------|--------|--------|  set
cpu-bind=MASK - lcn1511, task 104  8 [2180018]: mask |--------|--------|--------|BB------|--------|--------|--------|--------|--------|--------|--------|--------||||--------|--------|--------|--------|--------|--------|--------|--------|--------|--------|--------|--------|  set
cpu-bind=MASK - lcn1512, task 201  9 [2105542]: mask |--------|--------|--------|--BB----|--------|--------|--------|--------|--------|--------|--------|--------||||--------|--------|--------|--------|--------|--------|--------|--------|--------|--------|--------|--------|  set
cpu-bind=MASK - lcn1513, task 363 75 [1708546]: mask |--------|--------|--------|--------|--------|--------|--------|--------|--------|--------|--------|--------||||--------|--------|--------|--------|------BB|--------|--------|--------|--------|--------|--------|--------|  set
cpu-bind=MASK - lcn1510, task 44 44 [2584321]: mask |--------|--------|--------|--------|--------|--------|--------|--------|BB------|--------|--------|--------||||--------|--------|--------|--------|--------|--------|--------|--------|--------|--------|--------|--------|  set
cpu-bind=MASK - lcn1511, task 105  9 [2180019]: mask |--------|--------|--------|--BB----|--------|--------|--------|--------|--------|--------|--------|--------||||--------|--------|--------|--------|--------|--------|--------|--------|--------|--------|--------|--------|  set
cpu-bind=MASK - lcn1515, task 517 37 [989548]: mask |--------|--------|--------|--------|--------|--------|--------|--------|--------|--------|--------|--BB----||||--------|--------|--------|--------|--------|--------|--------|--------|--------|--------|--------|--------|  set
cpu-bind=MASK - lcn1513, task 364 76 [1708547]: mask |--------|--------|--------|--------|--------|--------|--------|--------|--------|--------|--------|--------||||--------|--------|--------|--------|--------|--------|--------|BB------|--------|--------|--------|--------|  set
cpu-bind=MASK - lcn1512, task 202 10 [2105543]: mask |--------|--------|--------|----BB--|--------|--------|--------|--------|--------|--------|--------|--------||||--------|--------|--------|--------|--------|--------|--------|--------|--------|--------|--------|--------|  set
cpu-bind=MASK - lcn1511, task 106 10 [2180020]: mask |--------|--------|--------|----BB--|--------|--------|--------|--------|--------|--------|--------|--------||||--------|--------|--------|--------|--------|--------|--------|--------|--------|--------|--------|--------|  set
cpu-bind=MASK - lcn1514, task 467 83 [1760092]: mask |--------|--------|--------|--------|--------|--------|--------|--------|--------|--------|--------|--------||||--------|--------|------BB|--------|--------|--------|--------|--------|--------|--------|--------|--------|  set
cpu-bind=MASK - lcn1510, task 45 45 [2584322]: mask |--------|--------|--------|--------|--------|--------|--------|--------|--BB----|--------|--------|--------||||--------|--------|--------|--------|--------|--------|--------|--------|--------|--------|--------|--------|  set
cpu-bind=MASK - lcn1513, task 365 77 [1708548]: mask |--------|--------|--------|--------|--------|--------|--------|--------|--------|--------|--------|--------||||--------|--------|--------|--------|--------|--------|--------|--BB----|--------|--------|--------|--------|  set
cpu-bind=MASK - lcn1512, task 203 11 [2105544]: mask |--------|--------|--------|------BB|--------|--------|--------|--------|--------|--------|--------|--------||||--------|--------|--------|--------|--------|--------|--------|--------|--------|--------|--------|--------|  set
cpu-bind=MASK - lcn1515, task 518 38 [989549]: mask |--------|--------|--------|--------|--------|--------|--------|--------|--------|--------|--------|----BB--||||--------|--------|--------|--------|--------|--------|--------|--------|--------|--------|--------|--------|  set
cpu-bind=MASK - lcn1511, task 107 11 [2180021]: mask |--------|--------|--------|------BB|--------|--------|--------|--------|--------|--------|--------|--------||||--------|--------|--------|--------|--------|--------|--------|--------|--------|--------|--------|--------|  set
cpu-bind=MASK - lcn1513, task 366 78 [1708549]: mask |--------|--------|--------|--------|--------|--------|--------|--------|--------|--------|--------|--------||||--------|--------|--------|--------|--------|--------|--------|----BB--|--------|--------|--------|--------|  set
cpu-bind=MASK - lcn1512, task 204 12 [2105545]: mask |--------|--------|--------|--------|--------|--------|BB------|--------|--------|--------|--------|--------||||--------|--------|--------|--------|--------|--------|--------|--------|--------|--------|--------|--------|  set
cpu-bind=MASK - lcn1514, task 468 84 [1760093]: mask |--------|--------|--------|--------|--------|--------|--------|--------|--------|--------|--------|--------||||--------|--------|--------|--------|--------|--------|--------|--------|--------|--------|--------|BB------|  set
cpu-bind=MASK - lcn1510, task 46 46 [2584323]: mask |--------|--------|--------|--------|--------|--------|--------|--------|----BB--|--------|--------|--------||||--------|--------|--------|--------|--------|--------|--------|--------|--------|--------|--------|--------|  set
cpu-bind=MASK - lcn1515, task 519 39 [989550]: mask |--------|--------|--------|--------|--------|--------|--------|--------|--------|--------|--------|------BB||||--------|--------|--------|--------|--------|--------|--------|--------|--------|--------|--------|--------|  set
cpu-bind=MASK - lcn1511, task 108 12 [2180022]: mask |--------|--------|--------|--------|--------|--------|BB------|--------|--------|--------|--------|--------||||--------|--------|--------|--------|--------|--------|--------|--------|--------|--------|--------|--------|  set
cpu-bind=MASK - lcn1513, task 367 79 [1708550]: mask |--------|--------|--------|--------|--------|--------|--------|--------|--------|--------|--------|--------||||--------|--------|--------|--------|--------|--------|--------|------BB|--------|--------|--------|--------|  set
cpu-bind=MASK - lcn1512, task 205 13 [2105546]: mask |--------|--------|--------|--------|--------|--------|--BB----|--------|--------|--------|--------|--------||||--------|--------|--------|--------|--------|--------|--------|--------|--------|--------|--------|--------|  set
cpu-bind=MASK - lcn1514, task 469 85 [1760094]: mask |--------|--------|--------|--------|--------|--------|--------|--------|--------|--------|--------|--------||||--------|--------|--------|--------|--------|--------|--------|--------|--------|--------|--------|--BB----|  set
cpu-bind=MASK - lcn1510, task 47 47 [2584324]: mask |--------|--------|--------|--------|--------|--------|--------|--------|------BB|--------|--------|--------||||--------|--------|--------|--------|--------|--------|--------|--------|--------|--------|--------|--------|  set
cpu-bind=MASK - lcn1511, task 109 13 [2180023]: mask |--------|--------|--------|--------|--------|--------|--BB----|--------|--------|--------|--------|--------||||--------|--------|--------|--------|--------|--------|--------|--------|--------|--------|--------|--------|  set
cpu-bind=MASK - lcn1513, task 368 80 [1708551]: mask |--------|--------|--------|--------|--------|--------|--------|--------|--------|--------|--------|--------||||--------|--------|BB------|--------|--------|--------|--------|--------|--------|--------|--------|--------|  set
cpu-bind=MASK - lcn1515, task 520 40 [989551]: mask |--------|--------|--------|--------|--------|BB------|--------|--------|--------|--------|--------|--------||||--------|--------|--------|--------|--------|--------|--------|--------|--------|--------|--------|--------|  set
cpu-bind=MASK - lcn1512, task 206 14 [2105547]: mask |--------|--------|--------|--------|--------|--------|----BB--|--------|--------|--------|--------|--------||||--------|--------|--------|--------|--------|--------|--------|--------|--------|--------|--------|--------|  set
cpu-bind=MASK - lcn1514, task 470 86 [1760095]: mask |--------|--------|--------|--------|--------|--------|--------|--------|--------|--------|--------|--------||||--------|--------|--------|--------|--------|--------|--------|--------|--------|--------|--------|----BB--|  set
cpu-bind=MASK - lcn1511, task 110 14 [2180024]: mask |--------|--------|--------|--------|--------|--------|----BB--|--------|--------|--------|--------|--------||||--------|--------|--------|--------|--------|--------|--------|--------|--------|--------|--------|--------|  set
cpu-bind=MASK - lcn1513, task 369 81 [1708552]: mask |--------|--------|--------|--------|--------|--------|--------|--------|--------|--------|--------|--------||||--------|--------|--BB----|--------|--------|--------|--------|--------|--------|--------|--------|--------|  set
cpu-bind=MASK - lcn1515, task 521 41 [989552]: mask |--------|--------|--------|--------|--------|--BB----|--------|--------|--------|--------|--------|--------||||--------|--------|--------|--------|--------|--------|--------|--------|--------|--------|--------|--------|  set
cpu-bind=MASK - lcn1514, task 471 87 [1760096]: mask |--------|--------|--------|--------|--------|--------|--------|--------|--------|--------|--------|--------||||--------|--------|--------|--------|--------|--------|--------|--------|--------|--------|--------|------BB|  set
cpu-bind=MASK - lcn1512, task 207 15 [2105548]: mask |--------|--------|--------|--------|--------|--------|------BB|--------|--------|--------|--------|--------||||--------|--------|--------|--------|--------|--------|--------|--------|--------|--------|--------|--------|  set
cpu-bind=MASK - lcn1511, task 111 15 [2180025]: mask |--------|--------|--------|--------|--------|--------|------BB|--------|--------|--------|--------|--------||||--------|--------|--------|--------|--------|--------|--------|--------|--------|--------|--------|--------|  set
cpu-bind=MASK - lcn1513, task 370 82 [1708553]: mask |--------|--------|--------|--------|--------|--------|--------|--------|--------|--------|--------|--------||||--------|--------|----BB--|--------|--------|--------|--------|--------|--------|--------|--------|--------|  set
cpu-bind=MASK - lcn1515, task 522 42 [989553]: mask |--------|--------|--------|--------|--------|----BB--|--------|--------|--------|--------|--------|--------||||--------|--------|--------|--------|--------|--------|--------|--------|--------|--------|--------|--------|  set
cpu-bind=MASK - lcn1510, task 48 48 [2584325]: mask |--------|--------|--------|--------|--------|--------|--------|--------|--------|--------|--------|--------||||BB------|--------|--------|--------|--------|--------|--------|--------|--------|--------|--------|--------|  set
cpu-bind=MASK - lcn1514, task 472 88 [1760097]: mask |--------|--------|--------|--------|--------|--------|--------|--------|--------|--------|--------|--------||||--------|--------|--------|--------|--------|BB------|--------|--------|--------|--------|--------|--------|  set
cpu-bind=MASK - lcn1513, task 371 83 [1708554]: mask |--------|--------|--------|--------|--------|--------|--------|--------|--------|--------|--------|--------||||--------|--------|------BB|--------|--------|--------|--------|--------|--------|--------|--------|--------|  set
cpu-bind=MASK - lcn1511, task 112 16 [2180026]: mask |--------|BB------|--------|--------|--------|--------|--------|--------|--------|--------|--------|--------||||--------|--------|--------|--------|--------|--------|--------|--------|--------|--------|--------|--------|  set
cpu-bind=MASK - lcn1512, task 208 16 [2105549]: mask |--------|BB------|--------|--------|--------|--------|--------|--------|--------|--------|--------|--------||||--------|--------|--------|--------|--------|--------|--------|--------|--------|--------|--------|--------|  set
cpu-bind=MASK - lcn1515, task 523 43 [989554]: mask |--------|--------|--------|--------|--------|------BB|--------|--------|--------|--------|--------|--------||||--------|--------|--------|--------|--------|--------|--------|--------|--------|--------|--------|--------|  set
cpu-bind=MASK - lcn1514, task 473 89 [1760098]: mask |--------|--------|--------|--------|--------|--------|--------|--------|--------|--------|--------|--------||||--------|--------|--------|--------|--------|--BB----|--------|--------|--------|--------|--------|--------|  set
cpu-bind=MASK - lcn1510, task 49 49 [2584326]: mask |--------|--------|--------|--------|--------|--------|--------|--------|--------|--------|--------|--------||||--BB----|--------|--------|--------|--------|--------|--------|--------|--------|--------|--------|--------|  set
cpu-bind=MASK - lcn1513, task 372 84 [1708555]: mask |--------|--------|--------|--------|--------|--------|--------|--------|--------|--------|--------|--------||||--------|--------|--------|--------|--------|--------|--------|--------|--------|--------|--------|BB------|  set
cpu-bind=MASK - lcn1512, task 209 17 [2105550]: mask |--------|--BB----|--------|--------|--------|--------|--------|--------|--------|--------|--------|--------||||--------|--------|--------|--------|--------|--------|--------|--------|--------|--------|--------|--------|  set
cpu-bind=MASK - lcn1511, task 113 17 [2180027]: mask |--------|--BB----|--------|--------|--------|--------|--------|--------|--------|--------|--------|--------||||--------|--------|--------|--------|--------|--------|--------|--------|--------|--------|--------|--------|  set
cpu-bind=MASK - lcn1515, task 524 44 [989555]: mask |--------|--------|--------|--------|--------|--------|--------|--------|BB------|--------|--------|--------||||--------|--------|--------|--------|--------|--------|--------|--------|--------|--------|--------|--------|  set
cpu-bind=MASK - lcn1514, task 474 90 [1760099]: mask |--------|--------|--------|--------|--------|--------|--------|--------|--------|--------|--------|--------||||--------|--------|--------|--------|--------|----BB--|--------|--------|--------|--------|--------|--------|  set
cpu-bind=MASK - lcn1513, task 373 85 [1708556]: mask |--------|--------|--------|--------|--------|--------|--------|--------|--------|--------|--------|--------||||--------|--------|--------|--------|--------|--------|--------|--------|--------|--------|--------|--BB----|  set
cpu-bind=MASK - lcn1510, task 50 50 [2584327]: mask |--------|--------|--------|--------|--------|--------|--------|--------|--------|--------|--------|--------||||----BB--|--------|--------|--------|--------|--------|--------|--------|--------|--------|--------|--------|  set
cpu-bind=MASK - lcn1515, task 525 45 [989556]: mask |--------|--------|--------|--------|--------|--------|--------|--------|--BB----|--------|--------|--------||||--------|--------|--------|--------|--------|--------|--------|--------|--------|--------|--------|--------|  set
cpu-bind=MASK - lcn1511, task 114 18 [2180028]: mask |--------|----BB--|--------|--------|--------|--------|--------|--------|--------|--------|--------|--------||||--------|--------|--------|--------|--------|--------|--------|--------|--------|--------|--------|--------|  set
cpu-bind=MASK - lcn1514, task 475 91 [1760100]: mask |--------|--------|--------|--------|--------|--------|--------|--------|--------|--------|--------|--------||||--------|--------|--------|--------|--------|------BB|--------|--------|--------|--------|--------|--------|  set
cpu-bind=MASK - lcn1512, task 210 18 [2105551]: mask |--------|----BB--|--------|--------|--------|--------|--------|--------|--------|--------|--------|--------||||--------|--------|--------|--------|--------|--------|--------|--------|--------|--------|--------|--------|  set
cpu-bind=MASK - lcn1510, task 51 51 [2584328]: mask |--------|--------|--------|--------|--------|--------|--------|--------|--------|--------|--------|--------||||------BB|--------|--------|--------|--------|--------|--------|--------|--------|--------|--------|--------|  set
cpu-bind=MASK - lcn1514, task 476 92 [1760101]: mask |--------|--------|--------|--------|--------|--------|--------|--------|--------|--------|--------|--------||||--------|--------|--------|--------|--------|--------|--------|--------|BB------|--------|--------|--------|  set
cpu-bind=MASK - lcn1511, task 115 19 [2180029]: mask |--------|------BB|--------|--------|--------|--------|--------|--------|--------|--------|--------|--------||||--------|--------|--------|--------|--------|--------|--------|--------|--------|--------|--------|--------|  set
cpu-bind=MASK - lcn1512, task 211 19 [2105552]: mask |--------|------BB|--------|--------|--------|--------|--------|--------|--------|--------|--------|--------||||--------|--------|--------|--------|--------|--------|--------|--------|--------|--------|--------|--------|  set
cpu-bind=MASK - lcn1510, task 52 52 [2584329]: mask |--------|--------|--------|--------|--------|--------|--------|--------|--------|--------|--------|--------||||--------|--------|--------|--------|--------|--------|--------|--------|--------|BB------|--------|--------|  set
cpu-bind=MASK - lcn1514, task 477 93 [1760102]: mask |--------|--------|--------|--------|--------|--------|--------|--------|--------|--------|--------|--------||||--------|--------|--------|--------|--------|--------|--------|--------|--BB----|--------|--------|--------|  set
cpu-bind=MASK - lcn1511, task 116 20 [2180030]: mask |--------|--------|--------|--------|--------|--------|--------|--------|--------|--------|BB------|--------||||--------|--------|--------|--------|--------|--------|--------|--------|--------|--------|--------|--------|  set
cpu-bind=MASK - lcn1515, task 526 46 [989557]: mask |--------|--------|--------|--------|--------|--------|--------|--------|----BB--|--------|--------|--------||||--------|--------|--------|--------|--------|--------|--------|--------|--------|--------|--------|--------|  set
cpu-bind=MASK - lcn1512, task 212 20 [2105553]: mask |--------|--------|--------|--------|--------|--------|--------|--------|--------|--------|BB------|--------||||--------|--------|--------|--------|--------|--------|--------|--------|--------|--------|--------|--------|  set
cpu-bind=MASK - lcn1514, task 478 94 [1760103]: mask |--------|--------|--------|--------|--------|--------|--------|--------|--------|--------|--------|--------||||--------|--------|--------|--------|--------|--------|--------|--------|----BB--|--------|--------|--------|  set
cpu-bind=MASK - lcn1510, task 53 53 [2584330]: mask |--------|--------|--------|--------|--------|--------|--------|--------|--------|--------|--------|--------||||--------|--------|--------|--------|--------|--------|--------|--------|--------|--BB----|--------|--------|  set
cpu-bind=MASK - lcn1515, task 527 47 [989558]: mask |--------|--------|--------|--------|--------|--------|--------|--------|------BB|--------|--------|--------||||--------|--------|--------|--------|--------|--------|--------|--------|--------|--------|--------|--------|  set
cpu-bind=MASK - lcn1511, task 117 21 [2180031]: mask |--------|--------|--------|--------|--------|--------|--------|--------|--------|--------|--BB----|--------||||--------|--------|--------|--------|--------|--------|--------|--------|--------|--------|--------|--------|  set
cpu-bind=MASK - lcn1513, task 374 86 [1708557]: mask |--------|--------|--------|--------|--------|--------|--------|--------|--------|--------|--------|--------||||--------|--------|--------|--------|--------|--------|--------|--------|--------|--------|--------|----BB--|  set
cpu-bind=MASK - lcn1512, task 213 21 [2105554]: mask |--------|--------|--------|--------|--------|--------|--------|--------|--------|--------|--BB----|--------||||--------|--------|--------|--------|--------|--------|--------|--------|--------|--------|--------|--------|  set
cpu-bind=MASK - lcn1510, task 54 54 [2584331]: mask |--------|--------|--------|--------|--------|--------|--------|--------|--------|--------|--------|--------||||--------|--------|--------|--------|--------|--------|--------|--------|--------|----BB--|--------|--------|  set
cpu-bind=MASK - lcn1515, task 528 48 [989559]: mask |--------|--------|--------|--------|--------|--------|--------|--------|--------|--------|--------|--------||||BB------|--------|--------|--------|--------|--------|--------|--------|--------|--------|--------|--------|  set
cpu-bind=MASK - lcn1511, task 118 22 [2180032]: mask |--------|--------|--------|--------|--------|--------|--------|--------|--------|--------|----BB--|--------||||--------|--------|--------|--------|--------|--------|--------|--------|--------|--------|--------|--------|  set
cpu-bind=MASK - lcn1512, task 214 22 [2105555]: mask |--------|--------|--------|--------|--------|--------|--------|--------|--------|--------|----BB--|--------||||--------|--------|--------|--------|--------|--------|--------|--------|--------|--------|--------|--------|  set
cpu-bind=MASK - lcn1515, task 529 49 [989560]: mask |--------|--------|--------|--------|--------|--------|--------|--------|--------|--------|--------|--------||||--BB----|--------|--------|--------|--------|--------|--------|--------|--------|--------|--------|--------|  set
cpu-bind=MASK - lcn1510, task 55 55 [2584332]: mask |--------|--------|--------|--------|--------|--------|--------|--------|--------|--------|--------|--------||||--------|--------|--------|--------|--------|--------|--------|--------|--------|------BB|--------|--------|  set
cpu-bind=MASK - lcn1511, task 119 23 [2180033]: mask |--------|--------|--------|--------|--------|--------|--------|--------|--------|--------|------BB|--------||||--------|--------|--------|--------|--------|--------|--------|--------|--------|--------|--------|--------|  set
cpu-bind=MASK - lcn1515, task 530 50 [989561]: mask |--------|--------|--------|--------|--------|--------|--------|--------|--------|--------|--------|--------||||----BB--|--------|--------|--------|--------|--------|--------|--------|--------|--------|--------|--------|  set
cpu-bind=MASK - lcn1512, task 215 23 [2105556]: mask |--------|--------|--------|--------|--------|--------|--------|--------|--------|--------|------BB|--------||||--------|--------|--------|--------|--------|--------|--------|--------|--------|--------|--------|--------|  set
cpu-bind=MASK - lcn1513, task 375 87 [1708558]: mask |--------|--------|--------|--------|--------|--------|--------|--------|--------|--------|--------|--------||||--------|--------|--------|--------|--------|--------|--------|--------|--------|--------|--------|------BB|  set
cpu-bind=MASK - lcn1510, task 56 56 [2584333]: mask |--------|--------|--------|--------|--------|--------|--------|--------|--------|--------|--------|--------||||--------|--------|--------|BB------|--------|--------|--------|--------|--------|--------|--------|--------|  set
cpu-bind=MASK - lcn1515, task 531 51 [989562]: mask |--------|--------|--------|--------|--------|--------|--------|--------|--------|--------|--------|--------||||------BB|--------|--------|--------|--------|--------|--------|--------|--------|--------|--------|--------|  set
cpu-bind=MASK - lcn1512, task 216 24 [2105557]: mask |--------|--------|--------|--------|BB------|--------|--------|--------|--------|--------|--------|--------||||--------|--------|--------|--------|--------|--------|--------|--------|--------|--------|--------|--------|  set
cpu-bind=MASK - lcn1511, task 120 24 [2180034]: mask |--------|--------|--------|--------|BB------|--------|--------|--------|--------|--------|--------|--------||||--------|--------|--------|--------|--------|--------|--------|--------|--------|--------|--------|--------|  set
cpu-bind=MASK - lcn1513, task 376 88 [1708559]: mask |--------|--------|--------|--------|--------|--------|--------|--------|--------|--------|--------|--------||||--------|--------|--------|--------|--------|BB------|--------|--------|--------|--------|--------|--------|  set
cpu-bind=MASK - lcn1510, task 57 57 [2584334]: mask |--------|--------|--------|--------|--------|--------|--------|--------|--------|--------|--------|--------||||--------|--------|--------|--BB----|--------|--------|--------|--------|--------|--------|--------|--------|  set
cpu-bind=MASK - lcn1515, task 532 52 [989563]: mask |--------|--------|--------|--------|--------|--------|--------|--------|--------|--------|--------|--------||||--------|--------|--------|--------|--------|--------|--------|--------|--------|BB------|--------|--------|  set
cpu-bind=MASK - lcn1512, task 217 25 [2105558]: mask |--------|--------|--------|--------|--BB----|--------|--------|--------|--------|--------|--------|--------||||--------|--------|--------|--------|--------|--------|--------|--------|--------|--------|--------|--------|  set
cpu-bind=MASK - lcn1511, task 121 25 [2180035]: mask |--------|--------|--------|--------|--BB----|--------|--------|--------|--------|--------|--------|--------||||--------|--------|--------|--------|--------|--------|--------|--------|--------|--------|--------|--------|  set
cpu-bind=MASK - lcn1513, task 377 89 [1708560]: mask |--------|--------|--------|--------|--------|--------|--------|--------|--------|--------|--------|--------||||--------|--------|--------|--------|--------|--BB----|--------|--------|--------|--------|--------|--------|  set
cpu-bind=MASK - lcn1510, task 58 58 [2584335]: mask |--------|--------|--------|--------|--------|--------|--------|--------|--------|--------|--------|--------||||--------|--------|--------|----BB--|--------|--------|--------|--------|--------|--------|--------|--------|  set
cpu-bind=MASK - lcn1512, task 218 26 [2105559]: mask |--------|--------|--------|--------|----BB--|--------|--------|--------|--------|--------|--------|--------||||--------|--------|--------|--------|--------|--------|--------|--------|--------|--------|--------|--------|  set
cpu-bind=MASK - lcn1513, task 378 90 [1708561]: mask |--------|--------|--------|--------|--------|--------|--------|--------|--------|--------|--------|--------||||--------|--------|--------|--------|--------|----BB--|--------|--------|--------|--------|--------|--------|  set
cpu-bind=MASK - lcn1511, task 122 26 [2180036]: mask |--------|--------|--------|--------|----BB--|--------|--------|--------|--------|--------|--------|--------||||--------|--------|--------|--------|--------|--------|--------|--------|--------|--------|--------|--------|  set
cpu-bind=MASK - lcn1510, task 59 59 [2584336]: mask |--------|--------|--------|--------|--------|--------|--------|--------|--------|--------|--------|--------||||--------|--------|--------|------BB|--------|--------|--------|--------|--------|--------|--------|--------|  set
cpu-bind=MASK - lcn1515, task 533 53 [989564]: mask |--------|--------|--------|--------|--------|--------|--------|--------|--------|--------|--------|--------||||--------|--------|--------|--------|--------|--------|--------|--------|--------|--BB----|--------|--------|  set
cpu-bind=MASK - lcn1512, task 219 27 [2105560]: mask |--------|--------|--------|--------|------BB|--------|--------|--------|--------|--------|--------|--------||||--------|--------|--------|--------|--------|--------|--------|--------|--------|--------|--------|--------|  set
cpu-bind=MASK - lcn1513, task 379 91 [1708562]: mask |--------|--------|--------|--------|--------|--------|--------|--------|--------|--------|--------|--------||||--------|--------|--------|--------|--------|------BB|--------|--------|--------|--------|--------|--------|  set
cpu-bind=MASK - lcn1511, task 123 27 [2180037]: mask |--------|--------|--------|--------|------BB|--------|--------|--------|--------|--------|--------|--------||||--------|--------|--------|--------|--------|--------|--------|--------|--------|--------|--------|--------|  set
cpu-bind=MASK - lcn1510, task 60 60 [2584337]: mask |--------|--------|--------|--------|--------|--------|--------|--------|--------|--------|--------|--------||||--------|--------|--------|--------|--------|--------|BB------|--------|--------|--------|--------|--------|  set
cpu-bind=MASK - lcn1512, task 220 28 [2105561]: mask |--------|--------|--------|--------|--------|--------|--------|BB------|--------|--------|--------|--------||||--------|--------|--------|--------|--------|--------|--------|--------|--------|--------|--------|--------|  set
cpu-bind=MASK - lcn1515, task 534 54 [989565]: mask |--------|--------|--------|--------|--------|--------|--------|--------|--------|--------|--------|--------||||--------|--------|--------|--------|--------|--------|--------|--------|--------|----BB--|--------|--------|  set
cpu-bind=MASK - lcn1513, task 380 92 [1708563]: mask |--------|--------|--------|--------|--------|--------|--------|--------|--------|--------|--------|--------||||--------|--------|--------|--------|--------|--------|--------|--------|BB------|--------|--------|--------|  set
cpu-bind=MASK - lcn1511, task 124 28 [2180038]: mask |--------|--------|--------|--------|--------|--------|--------|BB------|--------|--------|--------|--------||||--------|--------|--------|--------|--------|--------|--------|--------|--------|--------|--------|--------|  set
cpu-bind=MASK - lcn1510, task 61 61 [2584338]: mask |--------|--------|--------|--------|--------|--------|--------|--------|--------|--------|--------|--------||||--------|--------|--------|--------|--------|--------|--BB----|--------|--------|--------|--------|--------|  set
cpu-bind=MASK - lcn1515, task 535 55 [989566]: mask |--------|--------|--------|--------|--------|--------|--------|--------|--------|--------|--------|--------||||--------|--------|--------|--------|--------|--------|--------|--------|--------|------BB|--------|--------|  set
cpu-bind=MASK - lcn1512, task 221 29 [2105562]: mask |--------|--------|--------|--------|--------|--------|--------|--BB----|--------|--------|--------|--------||||--------|--------|--------|--------|--------|--------|--------|--------|--------|--------|--------|--------|  set
cpu-bind=MASK - lcn1513, task 381 93 [1708564]: mask |--------|--------|--------|--------|--------|--------|--------|--------|--------|--------|--------|--------||||--------|--------|--------|--------|--------|--------|--------|--------|--BB----|--------|--------|--------|  set
cpu-bind=MASK - lcn1511, task 125 29 [2180039]: mask |--------|--------|--------|--------|--------|--------|--------|--BB----|--------|--------|--------|--------||||--------|--------|--------|--------|--------|--------|--------|--------|--------|--------|--------|--------|  set
cpu-bind=MASK - lcn1517, task 767 95 [88509]: mask |--------|--------|--------|--------|--------|--------|--------|--------|--------|--------|--------|--------||||--------|--------|--------|--------|--------|--------|--------|--------|------BB|--------|--------|--------|  set
cpu-bind=MASK - lcn1513, task 382 94 [1708565]: mask |--------|--------|--------|--------|--------|--------|--------|--------|--------|--------|--------|--------||||--------|--------|--------|--------|--------|--------|--------|--------|----BB--|--------|--------|--------|  set
cpu-bind=MASK - lcn1515, task 536 56 [989567]: mask |--------|--------|--------|--------|--------|--------|--------|--------|--------|--------|--------|--------||||--------|--------|--------|BB------|--------|--------|--------|--------|--------|--------|--------|--------|  set
cpu-bind=MASK - lcn1512, task 222 30 [2105563]: mask |--------|--------|--------|--------|--------|--------|--------|----BB--|--------|--------|--------|--------||||--------|--------|--------|--------|--------|--------|--------|--------|--------|--------|--------|--------|  set
cpu-bind=MASK - lcn1511, task 126 30 [2180040]: mask |--------|--------|--------|--------|--------|--------|--------|----BB--|--------|--------|--------|--------||||--------|--------|--------|--------|--------|--------|--------|--------|--------|--------|--------|--------|  set
cpu-bind=MASK - lcn1510, task 62 62 [2584339]: mask |--------|--------|--------|--------|--------|--------|--------|--------|--------|--------|--------|--------||||--------|--------|--------|--------|--------|--------|----BB--|--------|--------|--------|--------|--------|  set
cpu-bind=MASK - lcn1515, task 537 57 [989568]: mask |--------|--------|--------|--------|--------|--------|--------|--------|--------|--------|--------|--------||||--------|--------|--------|--BB----|--------|--------|--------|--------|--------|--------|--------|--------|  set
cpu-bind=MASK - lcn1512, task 223 31 [2105564]: mask |--------|--------|--------|--------|--------|--------|--------|------BB|--------|--------|--------|--------||||--------|--------|--------|--------|--------|--------|--------|--------|--------|--------|--------|--------|  set
cpu-bind=MASK - lcn1511, task 127 31 [2180041]: mask |--------|--------|--------|--------|--------|--------|--------|------BB|--------|--------|--------|--------||||--------|--------|--------|--------|--------|--------|--------|--------|--------|--------|--------|--------|  set
cpu-bind=MASK - lcn1515, task 538 58 [989569]: mask |--------|--------|--------|--------|--------|--------|--------|--------|--------|--------|--------|--------||||--------|--------|--------|----BB--|--------|--------|--------|--------|--------|--------|--------|--------|  set
cpu-bind=MASK - lcn1510, task 63 63 [2584340]: mask |--------|--------|--------|--------|--------|--------|--------|--------|--------|--------|--------|--------||||--------|--------|--------|--------|--------|--------|------BB|--------|--------|--------|--------|--------|  set
cpu-bind=MASK - lcn1512, task 224 32 [2105565]: mask |--------|--------|BB------|--------|--------|--------|--------|--------|--------|--------|--------|--------||||--------|--------|--------|--------|--------|--------|--------|--------|--------|--------|--------|--------|  set
cpu-bind=MASK - lcn1511, task 128 32 [2180042]: mask |--------|--------|BB------|--------|--------|--------|--------|--------|--------|--------|--------|--------||||--------|--------|--------|--------|--------|--------|--------|--------|--------|--------|--------|--------|  set
cpu-bind=MASK - lcn1515, task 539 59 [989570]: mask |--------|--------|--------|--------|--------|--------|--------|--------|--------|--------|--------|--------||||--------|--------|--------|------BB|--------|--------|--------|--------|--------|--------|--------|--------|  set
cpu-bind=MASK - lcn1510, task 64 64 [2584341]: mask |--------|--------|--------|--------|--------|--------|--------|--------|--------|--------|--------|--------||||--------|BB------|--------|--------|--------|--------|--------|--------|--------|--------|--------|--------|  set
cpu-bind=MASK - lcn1512, task 225 33 [2105566]: mask |--------|--------|--BB----|--------|--------|--------|--------|--------|--------|--------|--------|--------||||--------|--------|--------|--------|--------|--------|--------|--------|--------|--------|--------|--------|  set
cpu-bind=MASK - lcn1512, task 226 34 [2105567]: mask |--------|--------|----BB--|--------|--------|--------|--------|--------|--------|--------|--------|--------||||--------|--------|--------|--------|--------|--------|--------|--------|--------|--------|--------|--------|  set
cpu-bind=MASK - lcn1511, task 129 33 [2180043]: mask |--------|--------|--BB----|--------|--------|--------|--------|--------|--------|--------|--------|--------||||--------|--------|--------|--------|--------|--------|--------|--------|--------|--------|--------|--------|  set
cpu-bind=MASK - lcn1510, task 65 65 [2584342]: mask |--------|--------|--------|--------|--------|--------|--------|--------|--------|--------|--------|--------||||--------|--BB----|--------|--------|--------|--------|--------|--------|--------|--------|--------|--------|  set
cpu-bind=MASK - lcn1515, task 540 60 [989571]: mask |--------|--------|--------|--------|--------|--------|--------|--------|--------|--------|--------|--------||||--------|--------|--------|--------|--------|--------|BB------|--------|--------|--------|--------|--------|  set
cpu-bind=MASK - lcn1512, task 227 35 [2105568]: mask |--------|--------|------BB|--------|--------|--------|--------|--------|--------|--------|--------|--------||||--------|--------|--------|--------|--------|--------|--------|--------|--------|--------|--------|--------|  set
cpu-bind=MASK - lcn1511, task 130 34 [2180044]: mask |--------|--------|----BB--|--------|--------|--------|--------|--------|--------|--------|--------|--------||||--------|--------|--------|--------|--------|--------|--------|--------|--------|--------|--------|--------|  set
cpu-bind=MASK - lcn1515, task 541 61 [989572]: mask |--------|--------|--------|--------|--------|--------|--------|--------|--------|--------|--------|--------||||--------|--------|--------|--------|--------|--------|--BB----|--------|--------|--------|--------|--------|  set
cpu-bind=MASK - lcn1510, task 66 66 [2584343]: mask |--------|--------|--------|--------|--------|--------|--------|--------|--------|--------|--------|--------||||--------|----BB--|--------|--------|--------|--------|--------|--------|--------|--------|--------|--------|  set
cpu-bind=MASK - lcn1512, task 228 36 [2105569]: mask |--------|--------|--------|--------|--------|--------|--------|--------|--------|--------|--------|BB------||||--------|--------|--------|--------|--------|--------|--------|--------|--------|--------|--------|--------|  set
cpu-bind=MASK - lcn1511, task 131 35 [2180045]: mask |--------|--------|------BB|--------|--------|--------|--------|--------|--------|--------|--------|--------||||--------|--------|--------|--------|--------|--------|--------|--------|--------|--------|--------|--------|  set
cpu-bind=MASK - lcn1515, task 542 62 [989573]: mask |--------|--------|--------|--------|--------|--------|--------|--------|--------|--------|--------|--------||||--------|--------|--------|--------|--------|--------|----BB--|--------|--------|--------|--------|--------|  set
cpu-bind=MASK - lcn1510, task 67 67 [2584344]: mask |--------|--------|--------|--------|--------|--------|--------|--------|--------|--------|--------|--------||||--------|------BB|--------|--------|--------|--------|--------|--------|--------|--------|--------|--------|  set
cpu-bind=MASK - lcn1511, task 132 36 [2180046]: mask |--------|--------|--------|--------|--------|--------|--------|--------|--------|--------|--------|BB------||||--------|--------|--------|--------|--------|--------|--------|--------|--------|--------|--------|--------|  set
cpu-bind=MASK - lcn1515, task 543 63 [989574]: mask |--------|--------|--------|--------|--------|--------|--------|--------|--------|--------|--------|--------||||--------|--------|--------|--------|--------|--------|------BB|--------|--------|--------|--------|--------|  set
cpu-bind=MASK - lcn1512, task 229 37 [2105570]: mask |--------|--------|--------|--------|--------|--------|--------|--------|--------|--------|--------|--BB----||||--------|--------|--------|--------|--------|--------|--------|--------|--------|--------|--------|--------|  set
cpu-bind=MASK - lcn1510, task 68 68 [2584345]: mask |--------|--------|--------|--------|--------|--------|--------|--------|--------|--------|--------|--------||||--------|--------|--------|--------|--------|--------|--------|--------|--------|--------|BB------|--------|  set
cpu-bind=MASK - lcn1515, task 544 64 [989575]: mask |--------|--------|--------|--------|--------|--------|--------|--------|--------|--------|--------|--------||||--------|BB------|--------|--------|--------|--------|--------|--------|--------|--------|--------|--------|  set
cpu-bind=MASK - lcn1511, task 133 37 [2180047]: mask |--------|--------|--------|--------|--------|--------|--------|--------|--------|--------|--------|--BB----||||--------|--------|--------|--------|--------|--------|--------|--------|--------|--------|--------|--------|  set
cpu-bind=MASK - lcn1512, task 230 38 [2105571]: mask |--------|--------|--------|--------|--------|--------|--------|--------|--------|--------|--------|----BB--||||--------|--------|--------|--------|--------|--------|--------|--------|--------|--------|--------|--------|  set
cpu-bind=MASK - lcn1510, task 69 69 [2584346]: mask |--------|--------|--------|--------|--------|--------|--------|--------|--------|--------|--------|--------||||--------|--------|--------|--------|--------|--------|--------|--------|--------|--------|--BB----|--------|  set
cpu-bind=MASK - lcn1515, task 545 65 [989576]: mask |--------|--------|--------|--------|--------|--------|--------|--------|--------|--------|--------|--------||||--------|--BB----|--------|--------|--------|--------|--------|--------|--------|--------|--------|--------|  set
cpu-bind=MASK - lcn1511, task 134 38 [2180048]: mask |--------|--------|--------|--------|--------|--------|--------|--------|--------|--------|--------|----BB--||||--------|--------|--------|--------|--------|--------|--------|--------|--------|--------|--------|--------|  set
cpu-bind=MASK - lcn1512, task 231 39 [2105572]: mask |--------|--------|--------|--------|--------|--------|--------|--------|--------|--------|--------|------BB||||--------|--------|--------|--------|--------|--------|--------|--------|--------|--------|--------|--------|  set
cpu-bind=MASK - lcn1515, task 546 66 [989577]: mask |--------|--------|--------|--------|--------|--------|--------|--------|--------|--------|--------|--------||||--------|----BB--|--------|--------|--------|--------|--------|--------|--------|--------|--------|--------|  set
cpu-bind=MASK - lcn1510, task 70 70 [2584347]: mask |--------|--------|--------|--------|--------|--------|--------|--------|--------|--------|--------|--------||||--------|--------|--------|--------|--------|--------|--------|--------|--------|--------|----BB--|--------|  set
cpu-bind=MASK - lcn1511, task 135 39 [2180049]: mask |--------|--------|--------|--------|--------|--------|--------|--------|--------|--------|--------|------BB||||--------|--------|--------|--------|--------|--------|--------|--------|--------|--------|--------|--------|  set
cpu-bind=MASK - lcn1512, task 232 40 [2105573]: mask |--------|--------|--------|--------|--------|BB------|--------|--------|--------|--------|--------|--------||||--------|--------|--------|--------|--------|--------|--------|--------|--------|--------|--------|--------|  set
cpu-bind=MASK - lcn1515, task 547 67 [989578]: mask |--------|--------|--------|--------|--------|--------|--------|--------|--------|--------|--------|--------||||--------|------BB|--------|--------|--------|--------|--------|--------|--------|--------|--------|--------|  set
cpu-bind=MASK - lcn1510, task 71 71 [2584348]: mask |--------|--------|--------|--------|--------|--------|--------|--------|--------|--------|--------|--------||||--------|--------|--------|--------|--------|--------|--------|--------|--------|--------|------BB|--------|  set
cpu-bind=MASK - lcn1511, task 136 40 [2180050]: mask |--------|--------|--------|--------|--------|BB------|--------|--------|--------|--------|--------|--------||||--------|--------|--------|--------|--------|--------|--------|--------|--------|--------|--------|--------|  set
cpu-bind=MASK - lcn1512, task 233 41 [2105574]: mask |--------|--------|--------|--------|--------|--BB----|--------|--------|--------|--------|--------|--------||||--------|--------|--------|--------|--------|--------|--------|--------|--------|--------|--------|--------|  set
cpu-bind=MASK - lcn1510, task 72 72 [2584349]: mask |--------|--------|--------|--------|--------|--------|--------|--------|--------|--------|--------|--------||||--------|--------|--------|--------|BB------|--------|--------|--------|--------|--------|--------|--------|  set
cpu-bind=MASK - lcn1511, task 137 41 [2180051]: mask |--------|--------|--------|--------|--------|--BB----|--------|--------|--------|--------|--------|--------||||--------|--------|--------|--------|--------|--------|--------|--------|--------|--------|--------|--------|  set
cpu-bind=MASK - lcn1512, task 234 42 [2105575]: mask |--------|--------|--------|--------|--------|----BB--|--------|--------|--------|--------|--------|--------||||--------|--------|--------|--------|--------|--------|--------|--------|--------|--------|--------|--------|  set
cpu-bind=MASK - lcn1510, task 73 73 [2584350]: mask |--------|--------|--------|--------|--------|--------|--------|--------|--------|--------|--------|--------||||--------|--------|--------|--------|--BB----|--------|--------|--------|--------|--------|--------|--------|  set
cpu-bind=MASK - lcn1511, task 138 42 [2180052]: mask |--------|--------|--------|--------|--------|----BB--|--------|--------|--------|--------|--------|--------||||--------|--------|--------|--------|--------|--------|--------|--------|--------|--------|--------|--------|  set
cpu-bind=MASK - lcn1515, task 548 68 [989579]: mask |--------|--------|--------|--------|--------|--------|--------|--------|--------|--------|--------|--------||||--------|--------|--------|--------|--------|--------|--------|--------|--------|--------|BB------|--------|  set
cpu-bind=MASK - lcn1510, task 74 74 [2584352]: mask |--------|--------|--------|--------|--------|--------|--------|--------|--------|--------|--------|--------||||--------|--------|--------|--------|----BB--|--------|--------|--------|--------|--------|--------|--------|  set
cpu-bind=MASK - lcn1511, task 139 43 [2180053]: mask |--------|--------|--------|--------|--------|------BB|--------|--------|--------|--------|--------|--------||||--------|--------|--------|--------|--------|--------|--------|--------|--------|--------|--------|--------|  set
cpu-bind=MASK - lcn1512, task 235 43 [2105576]: mask |--------|--------|--------|--------|--------|------BB|--------|--------|--------|--------|--------|--------||||--------|--------|--------|--------|--------|--------|--------|--------|--------|--------|--------|--------|  set
cpu-bind=MASK - lcn1515, task 549 69 [989580]: mask |--------|--------|--------|--------|--------|--------|--------|--------|--------|--------|--------|--------||||--------|--------|--------|--------|--------|--------|--------|--------|--------|--------|--BB----|--------|  set
cpu-bind=MASK - lcn1511, task 140 44 [2180054]: mask |--------|--------|--------|--------|--------|--------|--------|--------|BB------|--------|--------|--------||||--------|--------|--------|--------|--------|--------|--------|--------|--------|--------|--------|--------|  set
cpu-bind=MASK - lcn1510, task 75 75 [2584353]: mask |--------|--------|--------|--------|--------|--------|--------|--------|--------|--------|--------|--------||||--------|--------|--------|--------|------BB|--------|--------|--------|--------|--------|--------|--------|  set
cpu-bind=MASK - lcn1512, task 236 44 [2105577]: mask |--------|--------|--------|--------|--------|--------|--------|--------|BB------|--------|--------|--------||||--------|--------|--------|--------|--------|--------|--------|--------|--------|--------|--------|--------|  set
cpu-bind=MASK - lcn1515, task 550 70 [989581]: mask |--------|--------|--------|--------|--------|--------|--------|--------|--------|--------|--------|--------||||--------|--------|--------|--------|--------|--------|--------|--------|--------|--------|----BB--|--------|  set
cpu-bind=MASK - lcn1511, task 141 45 [2180055]: mask |--------|--------|--------|--------|--------|--------|--------|--------|--BB----|--------|--------|--------||||--------|--------|--------|--------|--------|--------|--------|--------|--------|--------|--------|--------|  set
cpu-bind=MASK - lcn1515, task 551 71 [989582]: mask |--------|--------|--------|--------|--------|--------|--------|--------|--------|--------|--------|--------||||--------|--------|--------|--------|--------|--------|--------|--------|--------|--------|------BB|--------|  set
cpu-bind=MASK - lcn1512, task 237 45 [2105578]: mask |--------|--------|--------|--------|--------|--------|--------|--------|--BB----|--------|--------|--------||||--------|--------|--------|--------|--------|--------|--------|--------|--------|--------|--------|--------|  set
cpu-bind=MASK - lcn1510, task 76 76 [2584354]: mask |--------|--------|--------|--------|--------|--------|--------|--------|--------|--------|--------|--------||||--------|--------|--------|--------|--------|--------|--------|BB------|--------|--------|--------|--------|  set
cpu-bind=MASK - lcn1511, task 142 46 [2180056]: mask |--------|--------|--------|--------|--------|--------|--------|--------|----BB--|--------|--------|--------||||--------|--------|--------|--------|--------|--------|--------|--------|--------|--------|--------|--------|  set
cpu-bind=MASK - lcn1515, task 552 72 [989583]: mask |--------|--------|--------|--------|--------|--------|--------|--------|--------|--------|--------|--------||||--------|--------|--------|--------|BB------|--------|--------|--------|--------|--------|--------|--------|  set
cpu-bind=MASK - lcn1510, task 77 77 [2584355]: mask |--------|--------|--------|--------|--------|--------|--------|--------|--------|--------|--------|--------||||--------|--------|--------|--------|--------|--------|--------|--BB----|--------|--------|--------|--------|  set
cpu-bind=MASK - lcn1512, task 238 46 [2105579]: mask |--------|--------|--------|--------|--------|--------|--------|--------|----BB--|--------|--------|--------||||--------|--------|--------|--------|--------|--------|--------|--------|--------|--------|--------|--------|  set
cpu-bind=MASK - lcn1515, task 553 73 [989584]: mask |--------|--------|--------|--------|--------|--------|--------|--------|--------|--------|--------|--------||||--------|--------|--------|--------|--BB----|--------|--------|--------|--------|--------|--------|--------|  set
cpu-bind=MASK - lcn1511, task 143 47 [2180057]: mask |--------|--------|--------|--------|--------|--------|--------|--------|------BB|--------|--------|--------||||--------|--------|--------|--------|--------|--------|--------|--------|--------|--------|--------|--------|  set
cpu-bind=MASK - lcn1510, task 78 78 [2584356]: mask |--------|--------|--------|--------|--------|--------|--------|--------|--------|--------|--------|--------||||--------|--------|--------|--------|--------|--------|--------|----BB--|--------|--------|--------|--------|  set
cpu-bind=MASK - lcn1512, task 239 47 [2105580]: mask |--------|--------|--------|--------|--------|--------|--------|--------|------BB|--------|--------|--------||||--------|--------|--------|--------|--------|--------|--------|--------|--------|--------|--------|--------|  set
cpu-bind=MASK - lcn1515, task 554 74 [989585]: mask |--------|--------|--------|--------|--------|--------|--------|--------|--------|--------|--------|--------||||--------|--------|--------|--------|----BB--|--------|--------|--------|--------|--------|--------|--------|  set
cpu-bind=MASK - lcn1511, task 144 48 [2180058]: mask |--------|--------|--------|--------|--------|--------|--------|--------|--------|--------|--------|--------||||BB------|--------|--------|--------|--------|--------|--------|--------|--------|--------|--------|--------|  set
cpu-bind=MASK - lcn1510, task 79 79 [2584357]: mask |--------|--------|--------|--------|--------|--------|--------|--------|--------|--------|--------|--------||||--------|--------|--------|--------|--------|--------|--------|------BB|--------|--------|--------|--------|  set
cpu-bind=MASK - lcn1512, task 240 48 [2105581]: mask |--------|--------|--------|--------|--------|--------|--------|--------|--------|--------|--------|--------||||BB------|--------|--------|--------|--------|--------|--------|--------|--------|--------|--------|--------|  set
cpu-bind=MASK - lcn1510, task 80 80 [2584358]: mask |--------|--------|--------|--------|--------|--------|--------|--------|--------|--------|--------|--------||||--------|--------|BB------|--------|--------|--------|--------|--------|--------|--------|--------|--------|  set
cpu-bind=MASK - lcn1511, task 145 49 [2180059]: mask |--------|--------|--------|--------|--------|--------|--------|--------|--------|--------|--------|--------||||--BB----|--------|--------|--------|--------|--------|--------|--------|--------|--------|--------|--------|  set
cpu-bind=MASK - lcn1512, task 241 49 [2105582]: mask |--------|--------|--------|--------|--------|--------|--------|--------|--------|--------|--------|--------||||--BB----|--------|--------|--------|--------|--------|--------|--------|--------|--------|--------|--------|  set
cpu-bind=MASK - lcn1515, task 555 75 [989586]: mask |--------|--------|--------|--------|--------|--------|--------|--------|--------|--------|--------|--------||||--------|--------|--------|--------|------BB|--------|--------|--------|--------|--------|--------|--------|  set
cpu-bind=MASK - lcn1510, task 81 81 [2584359]: mask |--------|--------|--------|--------|--------|--------|--------|--------|--------|--------|--------|--------||||--------|--------|--BB----|--------|--------|--------|--------|--------|--------|--------|--------|--------|  set
cpu-bind=MASK - lcn1511, task 146 50 [2180060]: mask |--------|--------|--------|--------|--------|--------|--------|--------|--------|--------|--------|--------||||----BB--|--------|--------|--------|--------|--------|--------|--------|--------|--------|--------|--------|  set
cpu-bind=MASK - lcn1512, task 242 50 [2105583]: mask |--------|--------|--------|--------|--------|--------|--------|--------|--------|--------|--------|--------||||----BB--|--------|--------|--------|--------|--------|--------|--------|--------|--------|--------|--------|  set
cpu-bind=MASK - lcn1515, task 556 76 [989587]: mask |--------|--------|--------|--------|--------|--------|--------|--------|--------|--------|--------|--------||||--------|--------|--------|--------|--------|--------|--------|BB------|--------|--------|--------|--------|  set
cpu-bind=MASK - lcn1510, task 82 82 [2584360]: mask |--------|--------|--------|--------|--------|--------|--------|--------|--------|--------|--------|--------||||--------|--------|----BB--|--------|--------|--------|--------|--------|--------|--------|--------|--------|  set
cpu-bind=MASK - lcn1511, task 147 51 [2180061]: mask |--------|--------|--------|--------|--------|--------|--------|--------|--------|--------|--------|--------||||------BB|--------|--------|--------|--------|--------|--------|--------|--------|--------|--------|--------|  set
cpu-bind=MASK - lcn1512, task 243 51 [2105584]: mask |--------|--------|--------|--------|--------|--------|--------|--------|--------|--------|--------|--------||||------BB|--------|--------|--------|--------|--------|--------|--------|--------|--------|--------|--------|  set
cpu-bind=MASK - lcn1515, task 557 77 [989588]: mask |--------|--------|--------|--------|--------|--------|--------|--------|--------|--------|--------|--------||||--------|--------|--------|--------|--------|--------|--------|--BB----|--------|--------|--------|--------|  set
cpu-bind=MASK - lcn1511, task 148 52 [2180062]: mask |--------|--------|--------|--------|--------|--------|--------|--------|--------|--------|--------|--------||||--------|--------|--------|--------|--------|--------|--------|--------|--------|BB------|--------|--------|  set
cpu-bind=MASK - lcn1510, task 83 83 [2584361]: mask |--------|--------|--------|--------|--------|--------|--------|--------|--------|--------|--------|--------||||--------|--------|------BB|--------|--------|--------|--------|--------|--------|--------|--------|--------|  set
cpu-bind=MASK - lcn1512, task 244 52 [2105585]: mask |--------|--------|--------|--------|--------|--------|--------|--------|--------|--------|--------|--------||||--------|--------|--------|--------|--------|--------|--------|--------|--------|BB------|--------|--------|  set
cpu-bind=MASK - lcn1515, task 558 78 [989589]: mask |--------|--------|--------|--------|--------|--------|--------|--------|--------|--------|--------|--------||||--------|--------|--------|--------|--------|--------|--------|----BB--|--------|--------|--------|--------|  set
cpu-bind=MASK - lcn1511, task 149 53 [2180063]: mask |--------|--------|--------|--------|--------|--------|--------|--------|--------|--------|--------|--------||||--------|--------|--------|--------|--------|--------|--------|--------|--------|--BB----|--------|--------|  set
cpu-bind=MASK - lcn1515, task 559 79 [989590]: mask |--------|--------|--------|--------|--------|--------|--------|--------|--------|--------|--------|--------||||--------|--------|--------|--------|--------|--------|--------|------BB|--------|--------|--------|--------|  set
cpu-bind=MASK - lcn1510, task 84 84 [2584362]: mask |--------|--------|--------|--------|--------|--------|--------|--------|--------|--------|--------|--------||||--------|--------|--------|--------|--------|--------|--------|--------|--------|--------|--------|BB------|  set
cpu-bind=MASK - lcn1512, task 245 53 [2105586]: mask |--------|--------|--------|--------|--------|--------|--------|--------|--------|--------|--------|--------||||--------|--------|--------|--------|--------|--------|--------|--------|--------|--BB----|--------|--------|  set
cpu-bind=MASK - lcn1510, task 85 85 [2584363]: mask |--------|--------|--------|--------|--------|--------|--------|--------|--------|--------|--------|--------||||--------|--------|--------|--------|--------|--------|--------|--------|--------|--------|--------|--BB----|  set
cpu-bind=MASK - lcn1511, task 150 54 [2180064]: mask |--------|--------|--------|--------|--------|--------|--------|--------|--------|--------|--------|--------||||--------|--------|--------|--------|--------|--------|--------|--------|--------|----BB--|--------|--------|  set
cpu-bind=MASK - lcn1515, task 560 80 [989591]: mask |--------|--------|--------|--------|--------|--------|--------|--------|--------|--------|--------|--------||||--------|--------|BB------|--------|--------|--------|--------|--------|--------|--------|--------|--------|  set
cpu-bind=MASK - lcn1512, task 246 54 [2105587]: mask |--------|--------|--------|--------|--------|--------|--------|--------|--------|--------|--------|--------||||--------|--------|--------|--------|--------|--------|--------|--------|--------|----BB--|--------|--------|  set
cpu-bind=MASK - lcn1510, task 86 86 [2584364]: mask |--------|--------|--------|--------|--------|--------|--------|--------|--------|--------|--------|--------||||--------|--------|--------|--------|--------|--------|--------|--------|--------|--------|--------|----BB--|  set
cpu-bind=MASK - lcn1515, task 561 81 [989592]: mask |--------|--------|--------|--------|--------|--------|--------|--------|--------|--------|--------|--------||||--------|--------|--BB----|--------|--------|--------|--------|--------|--------|--------|--------|--------|  set
cpu-bind=MASK - lcn1511, task 151 55 [2180065]: mask |--------|--------|--------|--------|--------|--------|--------|--------|--------|--------|--------|--------||||--------|--------|--------|--------|--------|--------|--------|--------|--------|------BB|--------|--------|  set
cpu-bind=MASK - lcn1512, task 247 55 [2105588]: mask |--------|--------|--------|--------|--------|--------|--------|--------|--------|--------|--------|--------||||--------|--------|--------|--------|--------|--------|--------|--------|--------|------BB|--------|--------|  set
cpu-bind=MASK - lcn1510, task 87 87 [2584365]: mask |--------|--------|--------|--------|--------|--------|--------|--------|--------|--------|--------|--------||||--------|--------|--------|--------|--------|--------|--------|--------|--------|--------|--------|------BB|  set
cpu-bind=MASK - lcn1515, task 562 82 [989593]: mask |--------|--------|--------|--------|--------|--------|--------|--------|--------|--------|--------|--------||||--------|--------|----BB--|--------|--------|--------|--------|--------|--------|--------|--------|--------|  set
cpu-bind=MASK - lcn1512, task 248 56 [2105589]: mask |--------|--------|--------|--------|--------|--------|--------|--------|--------|--------|--------|--------||||--------|--------|--------|BB------|--------|--------|--------|--------|--------|--------|--------|--------|  set
cpu-bind=MASK - lcn1510, task 88 88 [2584366]: mask |--------|--------|--------|--------|--------|--------|--------|--------|--------|--------|--------|--------||||--------|--------|--------|--------|--------|BB------|--------|--------|--------|--------|--------|--------|  set
cpu-bind=MASK - lcn1510, task 89 89 [2584367]: mask |--------|--------|--------|--------|--------|--------|--------|--------|--------|--------|--------|--------||||--------|--------|--------|--------|--------|--BB----|--------|--------|--------|--------|--------|--------|  set
cpu-bind=MASK - lcn1512, task 249 57 [2105590]: mask |--------|--------|--------|--------|--------|--------|--------|--------|--------|--------|--------|--------||||--------|--------|--------|--BB----|--------|--------|--------|--------|--------|--------|--------|--------|  set
cpu-bind=MASK - lcn1511, task 152 56 [2180066]: mask |--------|--------|--------|--------|--------|--------|--------|--------|--------|--------|--------|--------||||--------|--------|--------|BB------|--------|--------|--------|--------|--------|--------|--------|--------|  set
cpu-bind=MASK - lcn1515, task 563 83 [989594]: mask |--------|--------|--------|--------|--------|--------|--------|--------|--------|--------|--------|--------||||--------|--------|------BB|--------|--------|--------|--------|--------|--------|--------|--------|--------|  set
cpu-bind=MASK - lcn1516, task 671 95 [1275640]: mask |--------|--------|--------|--------|--------|--------|--------|--------|--------|--------|--------|--------||||--------|--------|--------|--------|--------|--------|--------|--------|------BB|--------|--------|--------|  set
cpu-bind=MASK - lcn1510, task 90 90 [2584368]: mask |--------|--------|--------|--------|--------|--------|--------|--------|--------|--------|--------|--------||||--------|--------|--------|--------|--------|----BB--|--------|--------|--------|--------|--------|--------|  set
cpu-bind=MASK - lcn1512, task 250 58 [2105591]: mask |--------|--------|--------|--------|--------|--------|--------|--------|--------|--------|--------|--------||||--------|--------|--------|----BB--|--------|--------|--------|--------|--------|--------|--------|--------|  set
cpu-bind=MASK - lcn1515, task 564 84 [989595]: mask |--------|--------|--------|--------|--------|--------|--------|--------|--------|--------|--------|--------||||--------|--------|--------|--------|--------|--------|--------|--------|--------|--------|--------|BB------|  set
cpu-bind=MASK - lcn1510, task 91 91 [2584369]: mask |--------|--------|--------|--------|--------|--------|--------|--------|--------|--------|--------|--------||||--------|--------|--------|--------|--------|------BB|--------|--------|--------|--------|--------|--------|  set
cpu-bind=MASK - lcn1512, task 251 59 [2105592]: mask |--------|--------|--------|--------|--------|--------|--------|--------|--------|--------|--------|--------||||--------|--------|--------|------BB|--------|--------|--------|--------|--------|--------|--------|--------|  set
cpu-bind=MASK - lcn1511, task 153 57 [2180067]: mask |--------|--------|--------|--------|--------|--------|--------|--------|--------|--------|--------|--------||||--------|--------|--------|--BB----|--------|--------|--------|--------|--------|--------|--------|--------|  set
cpu-bind=MASK - lcn1515, task 565 85 [989596]: mask |--------|--------|--------|--------|--------|--------|--------|--------|--------|--------|--------|--------||||--------|--------|--------|--------|--------|--------|--------|--------|--------|--------|--------|--BB----|  set
cpu-bind=MASK - lcn1510, task 92 92 [2584370]: mask |--------|--------|--------|--------|--------|--------|--------|--------|--------|--------|--------|--------||||--------|--------|--------|--------|--------|--------|--------|--------|BB------|--------|--------|--------|  set
cpu-bind=MASK - lcn1512, task 252 60 [2105593]: mask |--------|--------|--------|--------|--------|--------|--------|--------|--------|--------|--------|--------||||--------|--------|--------|--------|--------|--------|BB------|--------|--------|--------|--------|--------|  set
cpu-bind=MASK - lcn1511, task 154 58 [2180068]: mask |--------|--------|--------|--------|--------|--------|--------|--------|--------|--------|--------|--------||||--------|--------|--------|----BB--|--------|--------|--------|--------|--------|--------|--------|--------|  set
cpu-bind=MASK - lcn1515, task 566 86 [989597]: mask |--------|--------|--------|--------|--------|--------|--------|--------|--------|--------|--------|--------||||--------|--------|--------|--------|--------|--------|--------|--------|--------|--------|--------|----BB--|  set
cpu-bind=MASK - lcn1512, task 253 61 [2105594]: mask |--------|--------|--------|--------|--------|--------|--------|--------|--------|--------|--------|--------||||--------|--------|--------|--------|--------|--------|--BB----|--------|--------|--------|--------|--------|  set
cpu-bind=MASK - lcn1510, task 93 93 [2584371]: mask |--------|--------|--------|--------|--------|--------|--------|--------|--------|--------|--------|--------||||--------|--------|--------|--------|--------|--------|--------|--------|--BB----|--------|--------|--------|  set
cpu-bind=MASK - lcn1511, task 155 59 [2180069]: mask |--------|--------|--------|--------|--------|--------|--------|--------|--------|--------|--------|--------||||--------|--------|--------|------BB|--------|--------|--------|--------|--------|--------|--------|--------|  set
cpu-bind=MASK - lcn1515, task 567 87 [989598]: mask |--------|--------|--------|--------|--------|--------|--------|--------|--------|--------|--------|--------||||--------|--------|--------|--------|--------|--------|--------|--------|--------|--------|--------|------BB|  set
cpu-bind=MASK - lcn1510, task 94 94 [2584372]: mask |--------|--------|--------|--------|--------|--------|--------|--------|--------|--------|--------|--------||||--------|--------|--------|--------|--------|--------|--------|--------|----BB--|--------|--------|--------|  set
cpu-bind=MASK - lcn1512, task 254 62 [2105595]: mask |--------|--------|--------|--------|--------|--------|--------|--------|--------|--------|--------|--------||||--------|--------|--------|--------|--------|--------|----BB--|--------|--------|--------|--------|--------|  set
cpu-bind=MASK - lcn1511, task 156 60 [2180070]: mask |--------|--------|--------|--------|--------|--------|--------|--------|--------|--------|--------|--------||||--------|--------|--------|--------|--------|--------|BB------|--------|--------|--------|--------|--------|  set
cpu-bind=MASK - lcn1515, task 568 88 [989599]: mask |--------|--------|--------|--------|--------|--------|--------|--------|--------|--------|--------|--------||||--------|--------|--------|--------|--------|BB------|--------|--------|--------|--------|--------|--------|  set
cpu-bind=MASK - lcn1512, task 255 63 [2105596]: mask |--------|--------|--------|--------|--------|--------|--------|--------|--------|--------|--------|--------||||--------|--------|--------|--------|--------|--------|------BB|--------|--------|--------|--------|--------|  set
cpu-bind=MASK - lcn1515, task 569 89 [989600]: mask |--------|--------|--------|--------|--------|--------|--------|--------|--------|--------|--------|--------||||--------|--------|--------|--------|--------|--BB----|--------|--------|--------|--------|--------|--------|  set
cpu-bind=MASK - lcn1511, task 157 61 [2180071]: mask |--------|--------|--------|--------|--------|--------|--------|--------|--------|--------|--------|--------||||--------|--------|--------|--------|--------|--------|--BB----|--------|--------|--------|--------|--------|  set
cpu-bind=MASK - lcn1515, task 570 90 [989601]: mask |--------|--------|--------|--------|--------|--------|--------|--------|--------|--------|--------|--------||||--------|--------|--------|--------|--------|----BB--|--------|--------|--------|--------|--------|--------|  set
cpu-bind=MASK - lcn1512, task 256 64 [2105597]: mask |--------|--------|--------|--------|--------|--------|--------|--------|--------|--------|--------|--------||||--------|BB------|--------|--------|--------|--------|--------|--------|--------|--------|--------|--------|  set
cpu-bind=MASK - lcn1513, task 383 95 [1708566]: mask |--------|--------|--------|--------|--------|--------|--------|--------|--------|--------|--------|--------||||--------|--------|--------|--------|--------|--------|--------|--------|------BB|--------|--------|--------|  set
cpu-bind=MASK - lcn1515, task 571 91 [989602]: mask |--------|--------|--------|--------|--------|--------|--------|--------|--------|--------|--------|--------||||--------|--------|--------|--------|--------|------BB|--------|--------|--------|--------|--------|--------|  set
cpu-bind=MASK - lcn1511, task 158 62 [2180072]: mask |--------|--------|--------|--------|--------|--------|--------|--------|--------|--------|--------|--------||||--------|--------|--------|--------|--------|--------|----BB--|--------|--------|--------|--------|--------|  set
cpu-bind=MASK - lcn1512, task 257 65 [2105598]: mask |--------|--------|--------|--------|--------|--------|--------|--------|--------|--------|--------|--------||||--------|--BB----|--------|--------|--------|--------|--------|--------|--------|--------|--------|--------|  set
cpu-bind=MASK - lcn1515, task 572 92 [989603]: mask |--------|--------|--------|--------|--------|--------|--------|--------|--------|--------|--------|--------||||--------|--------|--------|--------|--------|--------|--------|--------|BB------|--------|--------|--------|  set
cpu-bind=MASK - lcn1511, task 159 63 [2180073]: mask |--------|--------|--------|--------|--------|--------|--------|--------|--------|--------|--------|--------||||--------|--------|--------|--------|--------|--------|------BB|--------|--------|--------|--------|--------|  set
cpu-bind=MASK - lcn1512, task 258 66 [2105599]: mask |--------|--------|--------|--------|--------|--------|--------|--------|--------|--------|--------|--------||||--------|----BB--|--------|--------|--------|--------|--------|--------|--------|--------|--------|--------|  set
cpu-bind=MASK - lcn1515, task 573 93 [989604]: mask |--------|--------|--------|--------|--------|--------|--------|--------|--------|--------|--------|--------||||--------|--------|--------|--------|--------|--------|--------|--------|--BB----|--------|--------|--------|  set
cpu-bind=MASK - lcn1511, task 160 64 [2180074]: mask |--------|--------|--------|--------|--------|--------|--------|--------|--------|--------|--------|--------||||--------|BB------|--------|--------|--------|--------|--------|--------|--------|--------|--------|--------|  set
cpu-bind=MASK - lcn1512, task 259 67 [2105600]: mask |--------|--------|--------|--------|--------|--------|--------|--------|--------|--------|--------|--------||||--------|------BB|--------|--------|--------|--------|--------|--------|--------|--------|--------|--------|  set
cpu-bind=MASK - lcn1515, task 574 94 [989605]: mask |--------|--------|--------|--------|--------|--------|--------|--------|--------|--------|--------|--------||||--------|--------|--------|--------|--------|--------|--------|--------|----BB--|--------|--------|--------|  set
cpu-bind=MASK - lcn1511, task 161 65 [2180075]: mask |--------|--------|--------|--------|--------|--------|--------|--------|--------|--------|--------|--------||||--------|--BB----|--------|--------|--------|--------|--------|--------|--------|--------|--------|--------|  set
cpu-bind=MASK - lcn1512, task 260 68 [2105601]: mask |--------|--------|--------|--------|--------|--------|--------|--------|--------|--------|--------|--------||||--------|--------|--------|--------|--------|--------|--------|--------|--------|--------|BB------|--------|  set
cpu-bind=MASK - lcn1511, task 162 66 [2180076]: mask |--------|--------|--------|--------|--------|--------|--------|--------|--------|--------|--------|--------||||--------|----BB--|--------|--------|--------|--------|--------|--------|--------|--------|--------|--------|  set
cpu-bind=MASK - lcn1512, task 261 69 [2105602]: mask |--------|--------|--------|--------|--------|--------|--------|--------|--------|--------|--------|--------||||--------|--------|--------|--------|--------|--------|--------|--------|--------|--------|--BB----|--------|  set
cpu-bind=MASK - lcn1511, task 163 67 [2180077]: mask |--------|--------|--------|--------|--------|--------|--------|--------|--------|--------|--------|--------||||--------|------BB|--------|--------|--------|--------|--------|--------|--------|--------|--------|--------|  set
cpu-bind=MASK - lcn1512, task 262 70 [2105603]: mask |--------|--------|--------|--------|--------|--------|--------|--------|--------|--------|--------|--------||||--------|--------|--------|--------|--------|--------|--------|--------|--------|--------|----BB--|--------|  set
cpu-bind=MASK - lcn1511, task 164 68 [2180078]: mask |--------|--------|--------|--------|--------|--------|--------|--------|--------|--------|--------|--------||||--------|--------|--------|--------|--------|--------|--------|--------|--------|--------|BB------|--------|  set
cpu-bind=MASK - lcn1512, task 263 71 [2105604]: mask |--------|--------|--------|--------|--------|--------|--------|--------|--------|--------|--------|--------||||--------|--------|--------|--------|--------|--------|--------|--------|--------|--------|------BB|--------|  set
cpu-bind=MASK - lcn1511, task 165 69 [2180079]: mask |--------|--------|--------|--------|--------|--------|--------|--------|--------|--------|--------|--------||||--------|--------|--------|--------|--------|--------|--------|--------|--------|--------|--BB----|--------|  set
cpu-bind=MASK - lcn1512, task 264 72 [2105605]: mask |--------|--------|--------|--------|--------|--------|--------|--------|--------|--------|--------|--------||||--------|--------|--------|--------|BB------|--------|--------|--------|--------|--------|--------|--------|  set
cpu-bind=MASK - lcn1512, task 265 73 [2105606]: mask |--------|--------|--------|--------|--------|--------|--------|--------|--------|--------|--------|--------||||--------|--------|--------|--------|--BB----|--------|--------|--------|--------|--------|--------|--------|  set
cpu-bind=MASK - lcn1511, task 166 70 [2180080]: mask |--------|--------|--------|--------|--------|--------|--------|--------|--------|--------|--------|--------||||--------|--------|--------|--------|--------|--------|--------|--------|--------|--------|----BB--|--------|  set
cpu-bind=MASK - lcn1511, task 167 71 [2180081]: mask |--------|--------|--------|--------|--------|--------|--------|--------|--------|--------|--------|--------||||--------|--------|--------|--------|--------|--------|--------|--------|--------|--------|------BB|--------|  set
cpu-bind=MASK - lcn1512, task 266 74 [2105607]: mask |--------|--------|--------|--------|--------|--------|--------|--------|--------|--------|--------|--------||||--------|--------|--------|--------|----BB--|--------|--------|--------|--------|--------|--------|--------|  set
cpu-bind=MASK - lcn1511, task 168 72 [2180082]: mask |--------|--------|--------|--------|--------|--------|--------|--------|--------|--------|--------|--------||||--------|--------|--------|--------|BB------|--------|--------|--------|--------|--------|--------|--------|  set
cpu-bind=MASK - lcn1511, task 169 73 [2180083]: mask |--------|--------|--------|--------|--------|--------|--------|--------|--------|--------|--------|--------||||--------|--------|--------|--------|--BB----|--------|--------|--------|--------|--------|--------|--------|  set
cpu-bind=MASK - lcn1512, task 267 75 [2105608]: mask |--------|--------|--------|--------|--------|--------|--------|--------|--------|--------|--------|--------||||--------|--------|--------|--------|------BB|--------|--------|--------|--------|--------|--------|--------|  set
cpu-bind=MASK - lcn1511, task 170 74 [2180084]: mask |--------|--------|--------|--------|--------|--------|--------|--------|--------|--------|--------|--------||||--------|--------|--------|--------|----BB--|--------|--------|--------|--------|--------|--------|--------|  set
cpu-bind=MASK - lcn1514, task 479 95 [1760104]: mask |--------|--------|--------|--------|--------|--------|--------|--------|--------|--------|--------|--------||||--------|--------|--------|--------|--------|--------|--------|--------|------BB|--------|--------|--------|  set
cpu-bind=MASK - lcn1512, task 268 76 [2105609]: mask |--------|--------|--------|--------|--------|--------|--------|--------|--------|--------|--------|--------||||--------|--------|--------|--------|--------|--------|--------|BB------|--------|--------|--------|--------|  set
cpu-bind=MASK - lcn1511, task 171 75 [2180085]: mask |--------|--------|--------|--------|--------|--------|--------|--------|--------|--------|--------|--------||||--------|--------|--------|--------|------BB|--------|--------|--------|--------|--------|--------|--------|  set
cpu-bind=MASK - lcn1512, task 269 77 [2105610]: mask |--------|--------|--------|--------|--------|--------|--------|--------|--------|--------|--------|--------||||--------|--------|--------|--------|--------|--------|--------|--BB----|--------|--------|--------|--------|  set
cpu-bind=MASK - lcn1511, task 172 76 [2180086]: mask |--------|--------|--------|--------|--------|--------|--------|--------|--------|--------|--------|--------||||--------|--------|--------|--------|--------|--------|--------|BB------|--------|--------|--------|--------|  set
cpu-bind=MASK - lcn1512, task 270 78 [2105611]: mask |--------|--------|--------|--------|--------|--------|--------|--------|--------|--------|--------|--------||||--------|--------|--------|--------|--------|--------|--------|----BB--|--------|--------|--------|--------|  set
cpu-bind=MASK - lcn1512, task 271 79 [2105612]: mask |--------|--------|--------|--------|--------|--------|--------|--------|--------|--------|--------|--------||||--------|--------|--------|--------|--------|--------|--------|------BB|--------|--------|--------|--------|  set
cpu-bind=MASK - lcn1511, task 173 77 [2180087]: mask |--------|--------|--------|--------|--------|--------|--------|--------|--------|--------|--------|--------||||--------|--------|--------|--------|--------|--------|--------|--BB----|--------|--------|--------|--------|  set
cpu-bind=MASK - lcn1512, task 272 80 [2105613]: mask |--------|--------|--------|--------|--------|--------|--------|--------|--------|--------|--------|--------||||--------|--------|BB------|--------|--------|--------|--------|--------|--------|--------|--------|--------|  set
cpu-bind=MASK - lcn1511, task 174 78 [2180088]: mask |--------|--------|--------|--------|--------|--------|--------|--------|--------|--------|--------|--------||||--------|--------|--------|--------|--------|--------|--------|----BB--|--------|--------|--------|--------|  set
cpu-bind=MASK - lcn1512, task 273 81 [2105614]: mask |--------|--------|--------|--------|--------|--------|--------|--------|--------|--------|--------|--------||||--------|--------|--BB----|--------|--------|--------|--------|--------|--------|--------|--------|--------|  set
cpu-bind=MASK - lcn1511, task 175 79 [2180089]: mask |--------|--------|--------|--------|--------|--------|--------|--------|--------|--------|--------|--------||||--------|--------|--------|--------|--------|--------|--------|------BB|--------|--------|--------|--------|  set
cpu-bind=MASK - lcn1512, task 274 82 [2105615]: mask |--------|--------|--------|--------|--------|--------|--------|--------|--------|--------|--------|--------||||--------|--------|----BB--|--------|--------|--------|--------|--------|--------|--------|--------|--------|  set
cpu-bind=MASK - lcn1511, task 176 80 [2180090]: mask |--------|--------|--------|--------|--------|--------|--------|--------|--------|--------|--------|--------||||--------|--------|BB------|--------|--------|--------|--------|--------|--------|--------|--------|--------|  set
cpu-bind=MASK - lcn1512, task 275 83 [2105616]: mask |--------|--------|--------|--------|--------|--------|--------|--------|--------|--------|--------|--------||||--------|--------|------BB|--------|--------|--------|--------|--------|--------|--------|--------|--------|  set
cpu-bind=MASK - lcn1511, task 177 81 [2180091]: mask |--------|--------|--------|--------|--------|--------|--------|--------|--------|--------|--------|--------||||--------|--------|--BB----|--------|--------|--------|--------|--------|--------|--------|--------|--------|  set
cpu-bind=MASK - lcn1512, task 276 84 [2105617]: mask |--------|--------|--------|--------|--------|--------|--------|--------|--------|--------|--------|--------||||--------|--------|--------|--------|--------|--------|--------|--------|--------|--------|--------|BB------|  set
cpu-bind=MASK - lcn1511, task 178 82 [2180092]: mask |--------|--------|--------|--------|--------|--------|--------|--------|--------|--------|--------|--------||||--------|--------|----BB--|--------|--------|--------|--------|--------|--------|--------|--------|--------|  set
cpu-bind=MASK - lcn1512, task 277 85 [2105618]: mask |--------|--------|--------|--------|--------|--------|--------|--------|--------|--------|--------|--------||||--------|--------|--------|--------|--------|--------|--------|--------|--------|--------|--------|--BB----|  set
cpu-bind=MASK - lcn1511, task 179 83 [2180093]: mask |--------|--------|--------|--------|--------|--------|--------|--------|--------|--------|--------|--------||||--------|--------|------BB|--------|--------|--------|--------|--------|--------|--------|--------|--------|  set
cpu-bind=MASK - lcn1512, task 278 86 [2105619]: mask |--------|--------|--------|--------|--------|--------|--------|--------|--------|--------|--------|--------||||--------|--------|--------|--------|--------|--------|--------|--------|--------|--------|--------|----BB--|  set
cpu-bind=MASK - lcn1511, task 180 84 [2180094]: mask |--------|--------|--------|--------|--------|--------|--------|--------|--------|--------|--------|--------||||--------|--------|--------|--------|--------|--------|--------|--------|--------|--------|--------|BB------|  set
cpu-bind=MASK - lcn1512, task 279 87 [2105620]: mask |--------|--------|--------|--------|--------|--------|--------|--------|--------|--------|--------|--------||||--------|--------|--------|--------|--------|--------|--------|--------|--------|--------|--------|------BB|  set
cpu-bind=MASK - lcn1512, task 280 88 [2105621]: mask |--------|--------|--------|--------|--------|--------|--------|--------|--------|--------|--------|--------||||--------|--------|--------|--------|--------|BB------|--------|--------|--------|--------|--------|--------|  set
cpu-bind=MASK - lcn1511, task 181 85 [2180095]: mask |--------|--------|--------|--------|--------|--------|--------|--------|--------|--------|--------|--------||||--------|--------|--------|--------|--------|--------|--------|--------|--------|--------|--------|--BB----|  set
cpu-bind=MASK - lcn1512, task 281 89 [2105622]: mask |--------|--------|--------|--------|--------|--------|--------|--------|--------|--------|--------|--------||||--------|--------|--------|--------|--------|--BB----|--------|--------|--------|--------|--------|--------|  set
cpu-bind=MASK - lcn1511, task 182 86 [2180096]: mask |--------|--------|--------|--------|--------|--------|--------|--------|--------|--------|--------|--------||||--------|--------|--------|--------|--------|--------|--------|--------|--------|--------|--------|----BB--|  set
cpu-bind=MASK - lcn1511, task 183 87 [2180097]: mask |--------|--------|--------|--------|--------|--------|--------|--------|--------|--------|--------|--------||||--------|--------|--------|--------|--------|--------|--------|--------|--------|--------|--------|------BB|  set
cpu-bind=MASK - lcn1512, task 282 90 [2105623]: mask |--------|--------|--------|--------|--------|--------|--------|--------|--------|--------|--------|--------||||--------|--------|--------|--------|--------|----BB--|--------|--------|--------|--------|--------|--------|  set
cpu-bind=MASK - lcn1511, task 184 88 [2180098]: mask |--------|--------|--------|--------|--------|--------|--------|--------|--------|--------|--------|--------||||--------|--------|--------|--------|--------|BB------|--------|--------|--------|--------|--------|--------|  set
cpu-bind=MASK - lcn1511, task 185 89 [2180099]: mask |--------|--------|--------|--------|--------|--------|--------|--------|--------|--------|--------|--------||||--------|--------|--------|--------|--------|--BB----|--------|--------|--------|--------|--------|--------|  set
cpu-bind=MASK - lcn1512, task 283 91 [2105624]: mask |--------|--------|--------|--------|--------|--------|--------|--------|--------|--------|--------|--------||||--------|--------|--------|--------|--------|------BB|--------|--------|--------|--------|--------|--------|  set
cpu-bind=MASK - lcn1512, task 284 92 [2105625]: mask |--------|--------|--------|--------|--------|--------|--------|--------|--------|--------|--------|--------||||--------|--------|--------|--------|--------|--------|--------|--------|BB------|--------|--------|--------|  set
cpu-bind=MASK - lcn1511, task 186 90 [2180100]: mask |--------|--------|--------|--------|--------|--------|--------|--------|--------|--------|--------|--------||||--------|--------|--------|--------|--------|----BB--|--------|--------|--------|--------|--------|--------|  set
cpu-bind=MASK - lcn1512, task 285 93 [2105626]: mask |--------|--------|--------|--------|--------|--------|--------|--------|--------|--------|--------|--------||||--------|--------|--------|--------|--------|--------|--------|--------|--BB----|--------|--------|--------|  set
cpu-bind=MASK - lcn1512, task 286 94 [2105627]: mask |--------|--------|--------|--------|--------|--------|--------|--------|--------|--------|--------|--------||||--------|--------|--------|--------|--------|--------|--------|--------|----BB--|--------|--------|--------|  set
cpu-bind=MASK - lcn1511, task 187 91 [2180101]: mask |--------|--------|--------|--------|--------|--------|--------|--------|--------|--------|--------|--------||||--------|--------|--------|--------|--------|------BB|--------|--------|--------|--------|--------|--------|  set
cpu-bind=MASK - lcn1511, task 188 92 [2180102]: mask |--------|--------|--------|--------|--------|--------|--------|--------|--------|--------|--------|--------||||--------|--------|--------|--------|--------|--------|--------|--------|BB------|--------|--------|--------|  set
cpu-bind=MASK - lcn1511, task 189 93 [2180103]: mask |--------|--------|--------|--------|--------|--------|--------|--------|--------|--------|--------|--------||||--------|--------|--------|--------|--------|--------|--------|--------|--BB----|--------|--------|--------|  set
cpu-bind=MASK - lcn1511, task 190 94 [2180104]: mask |--------|--------|--------|--------|--------|--------|--------|--------|--------|--------|--------|--------||||--------|--------|--------|--------|--------|--------|--------|--------|----BB--|--------|--------|--------|  set
cpu-bind=MASK - lcn1510, task 95 95 [2584373]: mask |--------|--------|--------|--------|--------|--------|--------|--------|--------|--------|--------|--------||||--------|--------|--------|--------|--------|--------|--------|--------|------BB|--------|--------|--------|  set
cpu-bind=MASK - lcn1515, task 575 95 [989606]: mask |--------|--------|--------|--------|--------|--------|--------|--------|--------|--------|--------|--------||||--------|--------|--------|--------|--------|--------|--------|--------|------BB|--------|--------|--------|  set
cpu-bind=MASK - lcn1512, task 287 95 [2105628]: mask |--------|--------|--------|--------|--------|--------|--------|--------|--------|--------|--------|--------||||--------|--------|--------|--------|--------|--------|--------|--------|------BB|--------|--------|--------|  set
cpu-bind=MASK - lcn1511, task 191 95 [2180105]: mask |--------|--------|--------|--------|--------|--------|--------|--------|--------|--------|--------|--------||||--------|--------|--------|--------|--------|--------|--------|--------|------BB|--------|--------|--------|  set
