 
  kpoint:       1             coordinate:     0.0000    0.0000    0.0000
 
    n           k   ϵ_nk^DFT (eV)     Σ^c_nk (eV)     Σ^x_nk (eV)    v_nk^xc (eV)   ϵ_nk^G0W0 (eV)
 
    1 (occ)     1         -21.408           8.984         -26.761         -16.238          -22.946
    2 (occ)     1          -8.965           3.796         -18.469         -13.137          -10.501
    3 (occ)     1          -5.156           2.688         -22.411         -18.338           -6.540
    4 (occ)     1          -5.152           2.686         -22.407         -18.338           -6.535
    5 (vir)     1           1.302          -2.165          -1.735          -4.732            2.135
    6 (vir)     1           3.328          -2.132          -1.961          -5.054            4.289
    7 (vir)     1           7.564          -3.743          -4.179          -9.048            8.691
    8 (vir)     1           7.719          -4.747          -7.158         -14.326           10.139
    9 (vir)     1           7.724          -4.747          -7.159         -14.326           10.144
   10 (vir)     1           9.339          -6.550          -5.484         -13.721           11.026
   11 (vir)     1          12.092          -4.141          -4.050          -9.650           13.551
   12 (vir)     1          16.440          -4.313          -1.208          -6.695           17.613
   13 (vir)     1          22.272          -6.881          -2.570         -10.329           23.151
   14 (vir)     1          26.587          -4.697          -3.376         -10.584           29.099
   15 (vir)     1          26.588          -5.093          -3.381         -10.584           28.698
   16 (vir)     1          30.253          -4.711          -1.968          -8.975           32.548
   17 (vir)     1          30.254          -4.843          -1.962          -8.974           32.424
   18 (vir)     1          30.488          -3.288          -2.918          -8.915           33.197
   19 (vir)     1          31.481          -5.079          -1.247          -8.074           33.230
   20 (vir)     1          33.987          -0.908          -2.754          -8.521           38.846
   21 (vir)     1          33.990          -1.805          -2.578          -8.525           38.132
   22 (vir)     1          36.760          -2.256          -1.046          -7.427           40.885
   23 (vir)     1          36.761          -2.019          -1.067          -7.427           41.102
   24 (vir)     1          43.889          -2.406          -1.357          -7.433           47.558
   25 (vir)     1          43.889          -3.296          -1.368          -7.432           46.657
   26 (vir)     1          48.294           0.643          -5.576         -12.897           56.258
   27 (vir)     1          48.301           0.597          -5.613         -12.899           56.184
   28 (vir)     1          48.971          -2.112          -1.839         -10.728           55.748
   29 (vir)     1          51.073          -2.855          -2.351         -12.160           58.027
   30 (vir)     1          53.857          -3.844          -0.619          -9.257           58.651
   31 (vir)     1          61.416          -3.361          -2.376         -10.786           66.465
   32 (vir)     1          61.421          -3.352          -2.366         -10.786           66.489
   33 (vir)     1          61.781           1.545          -5.267          -9.939           67.997
   34 (vir)     1          61.791           0.892          -5.356          -9.935           67.263
   35 (vir)     1          72.334          -0.886          -1.754         -11.384           81.078
   36 (vir)     1          72.875          -0.146          -3.937         -16.282           85.074
   37 (vir)     1          72.882          -1.487          -4.018         -16.281           83.659
   38 (vir)     1          76.544          -0.019          -2.418         -13.845           87.953
   39 (vir)     1          78.741          -2.943          -3.190         -15.016           87.623
   40 (vir)     1          84.929          -1.544          -2.139         -15.490           96.736
   41 (vir)     1          92.168          -0.780          -2.083         -14.850          104.156
   42 (vir)     1          92.171          -0.827          -2.142         -14.850          104.053
   43 (vir)     1         103.409           1.294          -1.461         -13.698          116.941
   44 (vir)     1         103.411           1.119          -1.461         -13.699          116.768
   45 (vir)     1         105.538          -0.753          -5.415         -13.887          113.257
   46 (vir)     1         105.549           2.208          -4.558         -13.888          117.087
   47 (vir)     1         118.537           0.102          -1.154          -9.373          126.858
   48 (vir)     1         120.048          -0.328          -1.120         -13.078          131.678
   49 (vir)     1         138.805          -3.485          -1.500         -11.817          145.638
   50 (vir)     1         138.815          -2.158          -1.468         -11.815          147.004
   51 (vir)     1         141.093           1.488          -4.388         -15.768          153.960
   52 (vir)     1         141.108          -0.042          -6.697         -15.767          150.135
   53 (vir)     1         210.356          -0.794          -0.050          -9.128          218.640
   54 (vir)     1         230.573           1.257          -2.620         -11.378          240.588
   55 (vir)     1         230.589           2.085          -1.782         -11.377          242.269
   56 (vir)     1         318.089         -12.125          -0.904         -17.468          322.528
   57 (vir)     1      272113.839           0.000           0.000          -0.000       272113.839
   58 (vir)     1      272113.839          -0.000          -0.001          -0.000       272113.837
 
 
  kpoint:       2             coordinate:     0.0068    0.0068    0.0000
 
    n           k   ϵ_nk^DFT (eV)     Σ^c_nk (eV)     Σ^x_nk (eV)    v_nk^xc (eV)   ϵ_nk^G0W0 (eV)
 
    1 (occ)     2         -21.405           8.983         -26.760         -16.239          -22.943
    2 (occ)     2          -8.961           3.795         -18.468         -13.138          -10.497
    3 (occ)     2          -5.167           2.691         -22.410         -18.333           -6.553
    4 (occ)     2          -5.157           2.687         -22.406         -18.336           -6.541
    5 (vir)     2           1.307          -2.164          -1.737          -4.732            2.138
    6 (vir)     2           3.332          -2.133          -1.963          -5.058            4.293
    7 (vir)     2           7.563          -3.770          -4.331          -9.292            8.754
    8 (vir)     2           7.729          -4.734          -7.083         -14.196           10.108
    9 (vir)     2           7.732          -4.721          -7.092         -14.210           10.128
   10 (vir)     2           9.331          -6.547          -5.482         -13.716           11.018
   11 (vir)     2          12.098          -4.146          -4.060          -9.657           13.550
   12 (vir)     2          16.440          -4.312          -1.209          -6.695           17.614
   13 (vir)     2          22.270          -6.833          -2.566         -10.327           23.198
   14 (vir)     2          26.539          -5.332          -3.350         -10.536           28.393
   15 (vir)     2          26.544          -4.794          -3.343         -10.527           28.935
   16 (vir)     2          30.092          -4.915          -1.898          -8.851           32.130
   17 (vir)     2          30.311          -4.753          -1.989          -9.016           32.585
   18 (vir)     2          30.472          -3.600          -3.102          -8.904           32.674
   19 (vir)     2          31.706          -5.236          -1.337          -8.246           33.378
   20 (vir)     2          33.868          -2.171          -2.449          -8.407           37.656
   21 (vir)     2          33.911          -0.889          -2.605          -8.443           38.860
   22 (vir)     2          36.810          -2.133          -1.117          -7.494           41.054
   23 (vir)     2          36.828          -3.550          -1.045          -7.500           39.733
   24 (vir)     2          43.664          -2.787          -1.349          -7.466           46.994
   25 (vir)     2          43.814          -3.404          -1.358          -7.440           46.491
   26 (vir)     2          48.064           0.680          -5.755         -12.806           55.795
   27 (vir)     2          48.237           0.617          -4.761         -12.871           56.964
   28 (vir)     2          48.978          -4.213          -1.836         -10.707           53.636
   29 (vir)     2          51.105          -2.389          -2.346         -12.161           58.532
   30 (vir)     2          53.915          -6.870          -0.619          -9.240           55.666
   31 (vir)     2          61.468           0.878          -5.280          -9.996           67.063
   32 (vir)     2          61.478          -3.542          -2.355         -10.791           66.372
   33 (vir)     2          61.583          -3.406          -2.376         -10.808           66.609
   34 (vir)     2          61.690           1.301          -4.293          -9.948           68.645
   35 (vir)     2          72.184          -0.218          -1.668         -12.195           82.493
   36 (vir)     2          72.609          -0.916          -3.833         -16.116           83.976
   37 (vir)     2          72.837          -0.007          -4.347         -15.496           83.979
   38 (vir)     2          76.800          -0.428          -2.511         -14.007           87.869
   39 (vir)     2          79.056          -0.958          -3.216         -15.037           89.919
   40 (vir)     2          84.949          -1.504          -2.137         -15.483           96.792
   41 (vir)     2          92.098          -0.705          -2.138         -14.799          104.054
   42 (vir)     2          92.139          -0.829          -2.082         -14.862          104.089
   43 (vir)     2         103.351           1.772          -1.460         -13.691          117.354
   44 (vir)     2         103.371           1.018          -1.460         -13.695          116.625
   45 (vir)     2         104.837          -0.643          -6.512         -13.793          111.475
   46 (vir)     2         105.050           3.332          -2.383         -13.429          119.428
   47 (vir)     2         117.733           0.079          -0.904          -9.904          126.813
   48 (vir)     2         120.234          -1.240          -1.026         -13.071          131.038
   49 (vir)     2         138.396          -2.524          -1.442         -11.817          146.247
   50 (vir)     2         139.127          -4.091          -1.481         -11.805          145.360
   51 (vir)     2         139.867           0.432          -6.567         -15.784          149.516
   52 (vir)     2         141.143           1.579          -2.904         -15.777          155.594
   53 (vir)     2         210.750          -0.863          -0.002          -9.168          219.053
   54 (vir)     2         229.959           1.100          -2.020         -11.428          240.467
   55 (vir)     2         235.498           1.558          -1.502         -11.492          247.045
   56 (vir)     2         318.189          -3.795          -0.904         -17.460          330.950
   57 (vir)     2      272113.839          -0.001          -0.001          -0.000       272113.836
   58 (vir)     2      272113.839           0.000           0.000          -0.000       272113.839
 
 
  kpoint:       3             coordinate:     0.0136    0.0136    0.0000
 
    n           k   ϵ_nk^DFT (eV)     Σ^c_nk (eV)     Σ^x_nk (eV)    v_nk^xc (eV)   ϵ_nk^G0W0 (eV)
 
    1 (occ)     3         -21.397           8.979         -26.757         -16.241          -22.934
    2 (occ)     3          -8.951           3.790         -18.466         -13.141          -10.486
    3 (occ)     3          -5.202           2.700         -22.405         -18.315           -6.592
    4 (occ)     3          -5.174           2.691         -22.402         -18.327           -6.558
    5 (vir)     3           1.320          -2.162          -1.742          -4.732            2.149
    6 (vir)     3           3.342          -2.135          -1.969          -5.067            4.305
    7 (vir)     3           7.560          -3.848          -4.705          -9.905            8.912
    8 (vir)     3           7.747          -4.635          -6.780         -13.657            9.989
    9 (vir)     3           7.770          -4.711          -7.042         -14.129           10.146
   10 (vir)     3           9.308          -6.536          -5.478         -13.701           10.995
   11 (vir)     3          12.117          -4.157          -4.082          -9.680           13.558
   12 (vir)     3          16.441          -4.308          -1.213          -6.694           17.615
   13 (vir)     3          22.267          -6.729          -2.561         -10.319           23.295
   14 (vir)     3          26.391          -5.418          -3.261         -10.385           28.096
   15 (vir)     3          26.426          -4.899          -3.255         -10.382           28.653
   16 (vir)     3          29.796          -5.015          -1.876          -8.767           31.672
   17 (vir)     3          30.424          -4.148          -3.501          -8.871           31.647
   18 (vir)     3          30.477          -4.901          -2.041          -9.121           32.655
   19 (vir)     3          32.191          -5.338          -1.440          -8.471           33.885
   20 (vir)     3          33.539          -1.638          -2.235          -8.122           37.788
   21 (vir)     3          33.701          -2.440          -2.071          -8.260           37.450
   22 (vir)     3          36.931          -1.919          -1.234          -7.615           41.393
   23 (vir)     3          37.015          -4.941          -1.005          -7.701           38.770
   24 (vir)     3          43.062          -3.759          -1.337          -7.537           45.502
   25 (vir)     3          43.587          -3.653          -1.339          -7.464           46.060
   26 (vir)     3          47.419           0.693          -5.507         -12.567           55.172
   27 (vir)     3          48.066          -1.478          -3.118         -12.794           56.264
   28 (vir)     3          48.988          -6.674          -1.830         -10.664           51.148
   29 (vir)     3          51.184          -1.825          -2.364         -12.156           59.151
   30 (vir)     3          54.051          -8.524          -0.619          -9.197           54.104
   31 (vir)     3          60.641           0.894          -4.673         -10.204           67.065
   32 (vir)     3          61.432           0.608          -2.229          -9.982           69.793
   33 (vir)     3          61.638          -3.620          -2.329         -10.805           66.495
   34 (vir)     3          62.071          -3.515          -2.370         -10.873           67.059
   35 (vir)     3          71.810          -0.450          -2.153         -13.777           82.985
   36 (vir)     3          72.005          -2.152          -3.239         -15.175           81.789
   37 (vir)     3          72.754          -0.782          -4.855         -14.604           81.720
   38 (vir)     3          77.408          -0.822          -2.535         -14.282           88.333
   39 (vir)     3          79.816           0.442          -3.423         -15.097           91.931
   40 (vir)     3          85.007          -1.409          -2.132         -15.464           96.931
   41 (vir)     3          91.869          -0.181          -1.975         -14.619          104.333
   42 (vir)     3          92.061          -0.901          -2.083         -14.893          103.969
   43 (vir)     3         102.965           3.408          -7.020         -13.381          112.734
   44 (vir)     3         103.175           3.270          -1.459         -13.671          118.657
   45 (vir)     3         103.257           0.810          -1.458         -13.683          116.293
   46 (vir)     3         103.765           6.120           1.643         -12.524          124.051
   47 (vir)     3         116.162           0.356          -0.656         -11.221          127.083
   48 (vir)     3         120.654          -0.695          -0.940         -13.020          132.038
   49 (vir)     3         136.981           1.093          -5.218         -15.866          148.722
   50 (vir)     3         137.221          -2.130          -1.384         -11.824          145.531
   51 (vir)     3         140.050          -4.086          -1.433         -11.772          146.303
   52 (vir)     3         141.177           3.303          -0.488         -15.806          159.798
   53 (vir)     3         211.652          -0.798           0.062          -9.243          220.159
   54 (vir)     3         228.365           0.532          -0.078         -11.563          240.381
   55 (vir)     3         248.231           2.204          -0.734         -11.813          261.515
   56 (vir)     3         318.441          -3.190          -0.901         -17.442          331.793
   57 (vir)     3      272113.839          -0.000           0.000          -0.000       272113.839
   58 (vir)     3      272113.839           0.000           0.000          -0.000       272113.839
 
 
  kpoint:       4             coordinate:     0.0204    0.0204    0.0000
 
    n           k   ϵ_nk^DFT (eV)     Σ^c_nk (eV)     Σ^x_nk (eV)    v_nk^xc (eV)   ϵ_nk^G0W0 (eV)
 
    1 (occ)     4         -21.384           8.973         -26.753         -16.244          -22.920
    2 (occ)     4          -8.933           3.783         -18.463         -13.146          -10.468
    3 (occ)     4          -5.259           2.715         -22.397         -18.287           -6.655
    4 (occ)     4          -5.201           2.697         -22.397         -18.313           -6.587
    5 (vir)     4           1.343          -2.158          -1.747          -4.733            2.170
    6 (vir)     4           3.360          -2.139          -1.979          -5.084            4.325
    7 (vir)     4           7.554          -3.954          -5.123         -10.618            9.095
    8 (vir)     4           7.773          -4.517          -6.492         -13.141            9.906
    9 (vir)     4           7.837          -4.679          -6.920         -13.922           10.160
   10 (vir)     4           9.269          -6.517          -5.471         -13.676           10.956
   11 (vir)     4          12.149          -4.171          -4.103          -9.716           13.591
   12 (vir)     4          16.443          -4.300          -1.219          -6.694           17.618
   13 (vir)     4          22.266          -6.642          -2.558         -10.308           23.374
   14 (vir)     4          26.142          -5.150          -3.124         -10.138           28.006
   15 (vir)     4          26.251          -5.000          -3.139         -10.189           28.301
   16 (vir)     4          29.529          -5.101          -1.938          -8.815           31.306
   17 (vir)     4          30.346          -4.268          -3.790          -8.813           31.100
   18 (vir)     4          30.731          -5.266          -2.108          -9.256           32.612
   19 (vir)     4          32.769          -5.385          -1.506          -8.647           34.525
   20 (vir)     4          33.074          -1.427          -1.778          -7.788           37.657
   21 (vir)     4          33.403          -6.124          -1.470          -8.053           33.862
   22 (vir)     4          37.072          -2.397          -1.248          -7.698           41.125
   23 (vir)     4          37.285          -4.294          -1.008          -7.969           39.952
   24 (vir)     4          42.233          -2.875          -1.349          -7.614           45.623
   25 (vir)     4          43.210          -3.725          -1.335          -7.507           45.657
   26 (vir)     4          46.523           0.345          -4.552         -12.285           54.601
   27 (vir)     4          47.810          -2.995          -1.441         -12.664           56.038
   28 (vir)     4          48.994          -6.580          -1.826         -10.621           51.209
   29 (vir)     4          51.281          -1.653          -2.402         -12.142           59.369
   30 (vir)     4          54.195          -8.231          -0.619          -9.141           54.486
   31 (vir)     4          59.635           0.485          -3.455         -10.542           67.207
   32 (vir)     4          61.061          -1.484          -0.450         -10.046           69.172
   33 (vir)     4          61.872          -2.351          -2.304         -10.830           68.047
   34 (vir)     4          62.840          -3.581          -2.360         -10.973           67.872
   35 (vir)     4          71.130          -5.974          -3.256         -15.624           77.524
   36 (vir)     4          71.559          -0.689          -2.276         -13.256           81.850
   37 (vir)     4          72.659           6.835          -5.150         -14.416           88.760
   38 (vir)     4          78.148          -3.032          -2.326         -14.507           87.296
   39 (vir)     4          80.712           0.985          -3.647         -15.185           93.235
   40 (vir)     4          85.094          -1.323          -2.125         -15.436           97.082
   41 (vir)     4          91.463          -2.349          -1.265         -14.252          102.101
   42 (vir)     4          91.963          -0.537          -2.046         -14.929          104.308
   43 (vir)     4         100.419          10.429          -3.548         -12.767          120.067
   44 (vir)     4         102.367           3.215           3.017         -11.968          120.567
   45 (vir)     4         102.877           3.551          -1.459         -13.638          118.608
   46 (vir)     4         103.077           0.618          -1.455         -13.665          115.905
   47 (vir)     4         114.913           0.763          -0.847         -12.574          127.404
   48 (vir)     4         121.040          -0.648          -0.993         -12.898          132.298
   49 (vir)     4         133.910           0.490          -3.576         -16.037          146.863
   50 (vir)     4         135.500           0.129          -1.333         -11.837          146.133
   51 (vir)     4         141.073          -3.970           1.341         -15.838          154.282
   52 (vir)     4         141.455           0.429          -1.372         -11.719          152.231
   53 (vir)     4         212.603          -0.679           0.136          -9.294          221.354
   54 (vir)     4         226.131          -2.059           2.849         -11.744          238.665
   55 (vir)     4         264.720          -0.893           0.570         -12.269          276.665
   56 (vir)     4         318.760          -4.376          -0.889         -17.420          330.915
   57 (vir)     4      272113.839          -0.000           0.001          -0.000       272113.840
   58 (vir)     4      272113.839           0.000          -0.000          -0.000       272113.839
 
 
  kpoint:       5             coordinate:     0.0272    0.0272    0.0000
 
    n           k   ϵ_nk^DFT (eV)     Σ^c_nk (eV)     Σ^x_nk (eV)    v_nk^xc (eV)   ϵ_nk^G0W0 (eV)
 
    1 (occ)     5         -21.365           8.965         -26.749         -16.248          -22.901
    2 (occ)     5          -8.908           3.773         -18.459         -13.153          -10.442
    3 (occ)     5          -5.338           2.735         -22.387         -18.249           -6.741
    4 (occ)     5          -5.239           2.706         -22.388         -18.293           -6.627
    5 (vir)     5           1.374          -2.153          -1.750          -4.733            2.204
    6 (vir)     5           3.385          -2.146          -1.994          -5.107            4.353
    7 (vir)     5           7.548          -4.071          -5.475         -11.253            9.255
    8 (vir)     5           7.807          -4.391          -6.228         -12.682            9.869
    9 (vir)     5           7.932          -4.649          -6.804         -13.733           10.213
   10 (vir)     5           9.216          -6.491          -5.461         -13.639           10.903
   11 (vir)     5          12.194          -4.186          -4.113          -9.763           13.658
   12 (vir)     5          16.446          -4.290          -1.229          -6.695           17.623
   13 (vir)     5          22.273          -6.617          -2.546         -10.296           23.407
   14 (vir)     5          25.805          -4.793          -2.964          -9.833           27.881
   15 (vir)     5          26.041          -5.078          -3.015          -9.978           27.927
   16 (vir)     5          29.336          -5.173          -2.047          -8.944           31.059
   17 (vir)     5          30.236          -3.814          -3.736          -8.724           31.411
   18 (vir)     5          31.051          -6.111          -2.174          -9.388           32.154
   19 (vir)     5          32.544          -0.230          -1.175          -7.491           38.630
   20 (vir)     5          33.052          -1.945          -0.932          -7.859           38.033
   21 (vir)     5          33.385          -5.347          -1.552          -8.787           35.272
   22 (vir)     5          37.203          -3.017          -1.110          -7.722           40.798
   23 (vir)     5          37.604          -3.915          -1.110          -8.261           40.841
   24 (vir)     5          41.310          -1.218          -1.399          -7.688           46.382
   25 (vir)     5          42.691          -3.297          -1.368          -7.568           45.594
   26 (vir)     5          45.593           0.116          -3.066         -12.069           54.712
   27 (vir)     5          47.497          -2.778          -0.533         -12.481           56.667
   28 (vir)     5          49.005          -6.414          -1.824         -10.582           51.349
   29 (vir)     5          51.379          -1.739          -2.398         -12.128           59.371
   30 (vir)     5          54.308          -6.306          -0.620          -9.082           56.465
   31 (vir)     5          58.727          -0.450          -2.186         -10.906           66.997
   32 (vir)     5          60.628          -1.543           0.280         -10.141           69.506
   33 (vir)     5          62.147          -1.294          -2.296         -10.867           69.423
   34 (vir)     5          63.814          -3.560          -2.353         -11.098           68.999
   35 (vir)     5          70.329           1.358          -3.294         -15.614           84.007
   36 (vir)     5          71.235          -1.413          -2.464         -12.744           80.103
   37 (vir)     5          72.569           0.015          -4.938         -14.637           82.283
   38 (vir)     5          78.909          -0.281          -2.036         -14.668           91.260
   39 (vir)     5          81.551           0.517          -3.399         -15.277           93.947
   40 (vir)     5          85.197          -1.308          -2.116         -15.400           97.173
   41 (vir)     5          90.826          -2.660           0.351         -13.641          102.158
   42 (vir)     5          91.872          -5.174          -1.971         -14.954           99.680
   43 (vir)     5          97.890          -0.221           0.311         -12.628          110.608
   44 (vir)     5         101.410          -4.011           1.444         -11.722          110.565
   45 (vir)     5         102.453           1.225          -1.461         -13.593          115.810
   46 (vir)     5         102.844           0.473          -1.453         -13.642          115.505
   47 (vir)     5         114.187           1.797          -1.197         -13.494          128.282
   48 (vir)     5         121.173          -1.305          -1.038         -12.742          131.572
   49 (vir)     5         131.508          -0.290          -2.439         -16.243          145.022
   50 (vir)     5         133.493           0.031          -1.326         -11.857          144.054
   51 (vir)     5         140.803          -3.651           1.590         -15.861          154.604
   52 (vir)     5         143.167           0.220          -1.323         -11.650          153.714
   53 (vir)     5         213.323          -0.825           0.202          -9.317          222.017
   54 (vir)     5         223.344          -6.523           5.224         -11.926          233.971
   55 (vir)     5         281.549          -1.345           1.908         -12.767          294.879
   56 (vir)     5         319.092          -5.939          -0.882         -17.395          329.667
   57 (vir)     5      272113.839           0.000           0.001          -0.000       272113.840
   58 (vir)     5      272113.839          -0.000          -0.000          -0.000       272113.838
 
 
  kpoint:       6             coordinate:     0.0340    0.0340    0.0000
 
    n           k   ϵ_nk^DFT (eV)     Σ^c_nk (eV)     Σ^x_nk (eV)    v_nk^xc (eV)   ϵ_nk^G0W0 (eV)
 
    1 (occ)     6         -21.341           8.955         -26.744         -16.254          -22.876
    2 (occ)     6          -8.876           3.760         -18.454         -13.162          -10.409
    3 (occ)     6          -5.437           2.760         -22.375         -18.202           -6.849
    4 (occ)     6          -5.287           2.718         -22.378         -18.268           -6.679
    5 (vir)     6           1.414          -2.148          -1.748          -4.734            2.252
    6 (vir)     6           3.417          -2.154          -2.013          -5.138            4.388
    7 (vir)     6           7.543          -4.183          -5.751         -11.771            9.380
    8 (vir)     6           7.847          -4.283          -5.990         -12.292            9.866
    9 (vir)     6           8.053          -4.626          -6.705         -13.590           10.312
   10 (vir)     6           9.147          -6.457          -5.447         -13.591           10.834
   11 (vir)     6          12.252          -4.210          -4.112          -9.818           13.748
   12 (vir)     6          16.450          -4.278          -1.241          -6.698           17.629
   13 (vir)     6          22.295          -6.659          -2.524         -10.288           23.400
   14 (vir)     6          25.398          -4.542          -2.808          -9.519           27.566
   15 (vir)     6          25.812          -5.103          -2.895          -9.765           27.579
   16 (vir)     6          29.216          -5.178          -2.170          -9.099           30.966
   17 (vir)     6          30.092          -3.324          -3.336          -8.593           32.024
   18 (vir)     6          31.418          -5.926          -2.230          -9.499           32.761
   19 (vir)     6          32.002          -0.560          -0.691          -7.279           38.030
   20 (vir)     6          32.667          -1.689          -0.553          -7.690           38.115
   21 (vir)     6          34.019          -5.187          -1.587          -8.895           36.140
   22 (vir)     6          37.310          -2.388          -0.885          -7.698           41.735
   23 (vir)     6          37.946          -4.781          -1.309          -8.573           40.429
   24 (vir)     6          40.382          -1.563          -1.481          -7.770           45.108
   25 (vir)     6          42.053          -2.783          -1.433          -7.640           45.477
   26 (vir)     6          44.794          -0.865          -1.804         -11.969           54.095
   27 (vir)     6          47.149          -2.297          -0.674         -12.239           56.417
   28 (vir)     6          49.037          -6.680          -1.824         -10.546           51.079
   29 (vir)     6          51.469          -1.927          -2.349         -12.120           59.313
   30 (vir)     6          54.384           4.024          -0.624          -9.029           66.813
   31 (vir)     6          58.003          -1.420          -1.370         -11.205           66.418
   32 (vir)     6          60.173          -1.786           0.005         -10.266           68.657
   33 (vir)     6          62.436          -1.252          -2.313         -10.913           69.783
   34 (vir)     6          64.910          -4.121          -2.362         -11.241           69.668
   35 (vir)     6          69.534           0.459          -3.290         -15.454           82.156
   36 (vir)     6          70.893          -1.378          -2.650         -12.210           79.074
   37 (vir)     6          72.514          -0.983          -4.150         -14.967           82.348
   38 (vir)     6          79.644          -1.059          -1.769         -14.768           91.583
   39 (vir)     6          82.257          -0.774          -2.437         -15.333           94.379
   40 (vir)     6          85.307          -1.387          -2.107         -15.361           97.173
   41 (vir)     6          89.887          -3.497           1.970         -12.882          101.241
   42 (vir)     6          91.802          -4.220          -1.878         -14.964          100.668
   43 (vir)     6          95.966          -0.419           0.943         -13.077          109.568
   44 (vir)     6         100.995          -4.765          -1.965         -11.616          105.880
   45 (vir)     6         101.900           0.285          -1.465         -13.533          114.253
   46 (vir)     6         102.566           0.296          -1.451         -13.617          115.028
   47 (vir)     6         113.808           5.011          -1.502         -14.022          131.339
   48 (vir)     6         120.934          -3.624          -1.018         -12.653          128.945
   49 (vir)     6         129.963           1.245          -1.909         -16.373          145.672
   50 (vir)     6         131.432          -0.022          -1.375         -11.884          141.920
   51 (vir)     6         140.382          -3.028           0.458         -15.871          153.682
   52 (vir)     6         144.983           0.121          -1.308         -11.570          155.366
   53 (vir)     6         213.747          -1.094           0.267          -9.360          222.279
   54 (vir)     6         220.013          -2.407           4.767         -12.054          234.427
   55 (vir)     6         296.702          -3.510           1.668         -13.254          308.114
   56 (vir)     6         319.459          -2.548          -0.925         -17.353          333.339
   57 (vir)     6      272113.839           0.000          -0.000          -0.000       272113.839
   58 (vir)     6      272113.839          -0.000           0.000          -0.000       272113.839
 
 
  kpoint:       7             coordinate:     0.0408    0.0408    0.0000
 
    n           k   ϵ_nk^DFT (eV)     Σ^c_nk (eV)     Σ^x_nk (eV)    v_nk^xc (eV)   ϵ_nk^G0W0 (eV)
 
    1 (occ)     7         -21.312           8.944         -26.740         -16.261          -22.847
    2 (occ)     7          -8.837           3.744         -18.448         -13.173          -10.368
    3 (occ)     7          -5.555           2.791         -22.362         -18.149           -6.978
    4 (occ)     7          -5.345           2.732         -22.365         -18.238           -6.741
    5 (vir)     7           1.463          -2.145          -1.744          -4.735            2.309
    6 (vir)     7           3.455          -2.164          -2.038          -5.178            4.431
    7 (vir)     7           7.540          -4.280          -5.971         -12.185            9.474
    8 (vir)     7           7.895          -4.214          -5.781         -11.971            9.872
    9 (vir)     7           8.200          -4.617          -6.617         -13.482           10.449
   10 (vir)     7           9.065          -6.415          -5.429         -13.530           10.750
   11 (vir)     7          12.325          -4.244          -4.112          -9.879           13.848
   12 (vir)     7          16.454          -4.264          -1.258          -6.704           17.636
   13 (vir)     7          22.333          -6.748          -2.508         -10.286           23.363
   14 (vir)     7          24.944          -4.398          -2.669          -9.225           27.102
   15 (vir)     7          25.575          -5.044          -2.783          -9.557           27.305
   16 (vir)     7          29.156          -5.058          -2.284          -9.244           31.057
   17 (vir)     7          29.905          -0.944          -2.769          -8.392           34.585
   18 (vir)     7          31.487          -2.626          -0.559          -7.178           35.481
   19 (vir)     7          31.816          -4.671          -2.268          -9.574           34.452
   20 (vir)     7          32.262          -1.222          -0.423          -7.551           38.168
   21 (vir)     7          34.658          -4.909          -1.610          -8.971           37.109
   22 (vir)     7          37.389          -3.427          -0.717          -7.647           40.892
   23 (vir)     7          38.291          -4.290          -1.519          -8.907           41.390
   24 (vir)     7          39.495          -2.401          -1.577          -7.878           43.395
   25 (vir)     7          41.328          -1.643          -1.507          -7.715           45.892
   26 (vir)     7          44.190          -2.674          -1.279         -11.972           52.209
   27 (vir)     7          46.779          -1.532          -1.564         -11.930           55.613
   28 (vir)     7          49.096          -7.687          -1.831         -10.518           50.097
   29 (vir)     7          51.544          -1.657          -2.310         -12.124           59.701
   30 (vir)     7          54.433          -8.695          -0.635          -8.983           54.086
   31 (vir)     7          57.428          -3.821          -1.131         -11.412           63.887
   32 (vir)     7          59.720          -0.837          -0.779         -10.419           68.522
   33 (vir)     7          62.717          -1.795          -2.349         -10.966           69.539
   34 (vir)     7          66.054          -2.958          -2.388         -11.396           72.104
   35 (vir)     7          68.758          -1.261          -3.327         -15.215           79.385
   36 (vir)     7          70.483          -1.160          -2.771         -11.776           78.328
   37 (vir)     7          72.517          -1.405          -3.116         -15.200           83.196
   38 (vir)     7          80.323          -1.413          -1.475         -14.793           92.227
   39 (vir)     7          82.823          -0.573          -1.077         -15.308           96.482
   40 (vir)     7          85.414          -1.544          -2.098         -15.319           97.090
   41 (vir)     7          88.688          -2.574           1.185         -12.388           99.688
   42 (vir)     7          91.746          -5.807          -1.795         -14.961           99.105
   43 (vir)     7          94.814          -1.002          -0.298         -13.676          107.190
   44 (vir)     7         101.009          -7.778          -5.720         -11.582           99.092
   45 (vir)     7         101.221           0.044          -1.469         -13.457          113.252
   46 (vir)     7         102.253          -0.019          -1.449         -13.593          114.378
   47 (vir)     7         113.619          -4.635          -1.765         -14.300          121.519
   48 (vir)     7         120.347          -6.228          -1.030         -12.705          125.794
   49 (vir)     7         129.130          -4.504          -1.696         -16.361          139.291
   50 (vir)     7         129.478          -0.401          -1.460         -11.918          139.535
   51 (vir)     7         139.827          -1.640          -1.003         -15.869          153.053
   52 (vir)     7         146.698           0.435          -1.329         -11.482          157.286
   53 (vir)     7         213.819          -1.353           0.499          -9.793          222.758
   54 (vir)     7         216.318           3.463           0.123         -11.763          231.667
   55 (vir)     7         309.108          -1.022          -0.898         -13.840          321.028
   56 (vir)     7         320.104          -2.559          -1.277         -17.147          333.415
   57 (vir)     7      272113.839           0.001          -0.001          -0.000       272113.838
   58 (vir)     7      272113.839          -0.000           0.000          -0.000       272113.839
 
 
  kpoint:       8             coordinate:     0.0476    0.0476    0.0000
 
    n           k   ϵ_nk^DFT (eV)     Σ^c_nk (eV)     Σ^x_nk (eV)    v_nk^xc (eV)   ϵ_nk^G0W0 (eV)
 
    1 (occ)     8         -21.278           8.931         -26.736         -16.269          -22.813
    2 (occ)     8          -8.791           3.725         -18.441         -13.186          -10.321
    3 (occ)     8          -5.691           2.828         -22.353         -18.090           -7.126
    4 (occ)     8          -5.413           2.748         -22.350         -18.202           -6.814
    5 (vir)     8           1.519          -2.144          -1.744          -4.744            2.375
    6 (vir)     8           3.501          -2.177          -2.070          -5.228            4.482
    7 (vir)     8           7.521          -4.326          -6.076         -12.257            9.376
    8 (vir)     8           7.935          -4.177          -5.666         -11.741            9.833
    9 (vir)     8           8.362          -4.643          -6.609         -13.480           10.590
   10 (vir)     8           8.968          -6.365          -5.405         -13.454           10.652
   11 (vir)     8          12.333          -4.499          -4.387         -10.112           13.560
   12 (vir)     8          16.459          -4.250          -1.277          -6.713           17.645
   13 (vir)     8          22.372          -6.937          -2.554         -10.285           23.167
   14 (vir)     8          24.463          -4.331          -2.549          -8.964           26.547
   15 (vir)     8          25.337          -4.915          -2.676          -9.354           27.100
   16 (vir)     8          29.140          -4.876          -2.380          -9.365           31.250
   17 (vir)     8          29.620          -1.938          -1.996          -7.988           33.674
   18 (vir)     8          30.983          -5.355          -0.775          -7.246           32.100
   19 (vir)     8          31.813          -3.008          -0.577          -7.354           35.582
   20 (vir)     8          32.232          -4.324          -2.280          -9.601           35.228
   21 (vir)     8          35.290          -4.540          -1.621          -9.004           38.132
   22 (vir)     8          37.276          -6.926          -1.706          -7.533           36.177
   23 (vir)     8          38.612          -3.133          -1.668          -9.199           43.010
   24 (vir)     8          38.676          -6.255          -1.677          -8.042           38.786
   25 (vir)     8          40.554          -1.596          -1.561          -7.790           45.187
   26 (vir)     8          43.763          -5.924          -1.548         -12.001           48.291
   27 (vir)     8          46.282           1.564          -2.823         -11.349           56.373
   28 (vir)     8          49.184          -0.466          -1.846         -10.501           57.373
   29 (vir)     8          50.215          -2.357         -10.359         -11.194           48.692
   30 (vir)     8          54.462          -9.691          -0.650          -8.946           53.067
   31 (vir)     8          56.009          -1.770         -15.130          -9.625           48.735
   32 (vir)     8          56.982           0.236          -1.653         -11.344           66.909
   33 (vir)     8          61.458           4.036         -10.230          -9.434           64.698
   34 (vir)     8          62.976          -5.037          -2.389         -11.023           66.574
   35 (vir)     8          67.190          -2.099          -2.424         -11.557           74.225
   36 (vir)     8          68.083          -2.799          -3.444         -15.349           77.190
   37 (vir)     8          72.583          -1.653          -2.314         -15.280           83.895
   38 (vir)     8          78.435           8.084          -7.894         -13.677           92.302
   39 (vir)     8          81.573          -2.612          -3.908         -15.248           90.301
   40 (vir)     8          85.511          -1.740          -2.088         -15.274           96.957
   41 (vir)     8          85.979           7.515          -5.751         -14.744          102.487
   42 (vir)     8          90.660          -1.614          -4.187         -14.000           98.860
   43 (vir)     8          92.990          -1.022          -2.775         -14.378          103.571
   44 (vir)     8         100.423          -0.026          -1.471         -13.363          112.289
   45 (vir)     8         100.688           3.122          -9.199         -10.882          105.494
   46 (vir)     8         101.910          -0.392          -1.446         -13.571          113.643
   47 (vir)     8         111.728          -7.848         -27.636         -13.707           89.950
   48 (vir)     8         113.594          -0.127          -3.324         -14.683          124.826
   49 (vir)     8         125.605          -6.719         -14.380         -13.474          117.980
   50 (vir)     8         127.707          -1.773          -1.544         -11.958          136.348
   51 (vir)     8         133.215          -1.965         -20.675         -14.890          125.464
   52 (vir)     8         142.182           8.296         -19.602         -15.592          146.467
   53 (vir)     8         148.112           0.290          -1.364         -11.391          158.429
   54 (vir)     8         212.898           1.542          -1.625         -10.475          223.289
   55 (vir)     8         224.364          -0.192         -22.137         -11.505          213.541
   56 (vir)     8         320.554          -1.676          -1.937         -17.309          334.251
   57 (vir)     8         327.025           4.762          -8.570         -14.104          337.322
   58 (vir)     8      272113.839          -0.000           0.000          -0.000       272113.839
 
 
  kpoint:       9             coordinate:     0.0544    0.0544    0.0000
 
    n           k   ϵ_nk^DFT (eV)     Σ^c_nk (eV)     Σ^x_nk (eV)    v_nk^xc (eV)   ϵ_nk^G0W0 (eV)
 
    1 (occ)     9         -21.238           8.918         -26.735         -16.279          -22.776
    2 (occ)     9          -8.737           3.704         -18.433         -13.201          -10.266
    3 (occ)     9          -5.842           2.870         -22.345         -18.026           -7.291
    4 (occ)     9          -5.491           2.766         -22.334         -18.162           -6.896
    5 (vir)     9           1.586          -2.149          -1.747          -4.746            2.436
    6 (vir)     9           3.552          -2.193          -2.109          -5.290            4.540
    7 (vir)     9           7.526          -4.374          -6.183         -12.518            9.487
    8 (vir)     9           7.989          -4.164          -5.481         -11.506            9.851
    9 (vir)     9           8.549          -4.661          -6.511         -13.408           10.784
   10 (vir)     9           8.859          -6.305          -5.375         -13.362           10.541
   11 (vir)     9          12.420          -4.504          -4.316         -10.210           13.810
   12 (vir)     9          16.465          -4.238          -1.300          -6.728           17.654
   13 (vir)     9          22.449          -6.884          -2.571         -10.298           23.292
   14 (vir)     9          23.970          -4.320          -2.445          -8.736           25.940
   15 (vir)     9          25.102          -4.802          -2.569          -9.155           26.885
   16 (vir)     9          29.157          -4.733          -2.457          -9.460           31.428
   17 (vir)     9          29.289          -1.556          -1.581          -7.546           33.698
   18 (vir)     9          30.592          -6.100          -1.063          -7.388           30.818
   19 (vir)     9          31.406          -0.890          -0.814          -7.322           37.024
   20 (vir)     9          32.649          -4.191          -2.256          -9.556           35.758
   21 (vir)     9          35.898          -4.042          -1.612          -8.945           39.188
   22 (vir)     9          37.364          -1.391          -1.489          -7.477           41.960
   23 (vir)     9          37.943          -1.876          -1.796          -8.327           42.597
   24 (vir)     9          38.935          -3.746          -1.717          -9.647           43.120
   25 (vir)     9          39.774          -1.961          -1.578          -7.873           44.108
   26 (vir)     9          43.496          -7.329          -1.653         -12.220           46.734
   27 (vir)     9          45.892          -1.516          -2.835         -10.861           52.403
   28 (vir)     9          49.296          -1.864          -1.867         -10.496           56.062
   29 (vir)     9          50.331          -9.547          -5.670         -11.210           46.324
   30 (vir)     9          54.479          -6.704          -0.662          -8.916           56.030
   31 (vir)     9          55.592         -12.681          -8.137          -9.489           44.263
   32 (vir)     9          56.496           0.109          -1.827         -11.601           66.378
   33 (vir)     9          61.479           7.112          -8.650          -9.403           69.344
   34 (vir)     9          63.202          -2.614          -2.414         -11.081           69.255
   35 (vir)     9          67.451          -3.266          -3.452         -15.309           76.043
   36 (vir)     9          68.274          -1.841          -2.453         -11.724           75.704
   37 (vir)     9          72.702          -1.816          -1.994         -15.156           84.048
   38 (vir)     9          78.904           4.685          -1.388         -13.640           95.842
   39 (vir)     9          82.241          -3.980          -2.986         -15.327           90.602
   40 (vir)     9          85.595          -1.927          -2.076         -15.226           96.817
   41 (vir)     9          85.972           0.489          -6.381         -14.764           94.844
   42 (vir)     9          90.668          -1.855          -3.607         -14.215           99.421
   43 (vir)     9          93.119           1.533          -2.485         -14.407          106.574
   44 (vir)     9          99.517          -0.084          -1.468         -13.252          111.217
   45 (vir)     9         101.240           1.140          -7.091         -11.000          106.290
   46 (vir)     9         101.542          -0.667          -1.443         -13.553          112.985
   47 (vir)     9         110.631          -1.364         -20.124         -13.532          102.674
   48 (vir)     9         113.552           0.125          -3.333         -14.712          125.055
   49 (vir)     9         126.131          -1.922          -1.592         -12.003          134.621
   50 (vir)     9         126.195         -10.718         -10.289         -13.007          118.194
   51 (vir)     9         130.994          -8.108         -12.357         -14.994          125.523
   52 (vir)     9         140.812           0.727         -10.159         -15.698          147.079
   53 (vir)     9         149.041           0.637          -1.366         -11.300          159.613
   54 (vir)     9         208.056           2.460         -12.242         -12.375          210.650
   55 (vir)     9         217.743          -2.896          -7.057          -9.467          217.257
   56 (vir)     9         320.963          -3.751          -1.284         -17.298          333.227
   57 (vir)     9         335.362          -1.358          -6.052         -14.307          342.260
   58 (vir)     9      272113.839          -0.000           0.000          -0.000       272113.839
 
 
  kpoint:      10             coordinate:     0.0612    0.0612    0.0000
 
    n           k   ϵ_nk^DFT (eV)     Σ^c_nk (eV)     Σ^x_nk (eV)    v_nk^xc (eV)   ϵ_nk^G0W0 (eV)
 
    1 (occ)    10         -21.193           8.902         -26.733         -16.290          -22.733
    2 (occ)    10          -8.677           3.680         -18.425         -13.219          -10.204
    3 (occ)    10          -6.007           2.916         -22.339         -17.959           -7.471
    4 (occ)    10          -5.578           2.787         -22.316         -18.117           -6.989
    5 (vir)    10           1.661          -2.156          -1.747          -4.749            2.507
    6 (vir)    10           3.610          -2.213          -2.156          -5.365            4.606
    7 (vir)    10           7.535          -4.399          -6.279         -12.733            9.590
    8 (vir)    10           8.049          -4.155          -5.328         -11.313            9.879
    9 (vir)    10           8.738          -6.237          -5.337         -13.251           10.416
   10 (vir)    10           8.754          -4.677          -6.404         -13.332           11.005
   11 (vir)    10          12.519          -4.432          -4.235         -10.314           14.166
   12 (vir)    10          16.469          -4.229          -1.327          -6.750           17.663
   13 (vir)    10          22.535          -6.765          -2.570         -10.308           23.508
   14 (vir)    10          23.476          -4.337          -2.356          -8.534           25.317
   15 (vir)    10          24.871          -4.762          -2.459          -8.958           26.609
   16 (vir)    10          28.881          -1.591          -1.135          -7.120           33.275
   17 (vir)    10          29.198          -4.649          -2.515          -9.531           31.564
   18 (vir)    10          30.281          -5.398          -1.422          -7.480           30.941
   19 (vir)    10          30.996          -1.123          -1.355          -7.366           35.885
   20 (vir)    10          33.047          -4.069          -2.180          -9.397           36.195
   21 (vir)    10          36.419          -3.266          -1.546          -8.550           40.158
   22 (vir)    10          37.336          -1.985          -2.003          -8.989           42.337
   23 (vir)    10          37.430          -1.453          -1.129          -7.439           42.287
   24 (vir)    10          39.047          -2.347          -1.554          -8.000           43.146
   25 (vir)    10          39.204          -5.500          -1.759         -10.107           42.052
   26 (vir)    10          43.283          -6.847          -1.680         -12.442           47.196
   27 (vir)    10          45.522          -0.073          -2.272         -10.280           53.458
   28 (vir)    10          49.426          -2.211          -1.886         -10.503           55.832
   29 (vir)    10          50.470          -2.810          -0.383         -11.325           58.602
   30 (vir)    10          54.484          -6.114          -0.664          -8.894           56.601
   31 (vir)    10          55.084         -10.152           0.852          -9.645           55.429
   32 (vir)    10          56.126          -2.112          -2.188         -11.512           63.338
   33 (vir)    10          61.591           0.333          -2.749          -9.375           68.550
   34 (vir)    10          63.389          -2.913          -2.419         -11.135           69.192
   35 (vir)    10          66.883          -4.076          -3.250         -15.260           74.817
   36 (vir)    10          69.270          -1.765          -2.462         -11.891           76.934
   37 (vir)    10          72.867          -2.416          -2.179         -15.023           83.295
   38 (vir)    10          79.319          -4.250           3.589         -13.596           92.255
   39 (vir)    10          82.811          -3.069          -2.274         -15.367           92.836
   40 (vir)    10          85.665          -2.070          -2.063         -15.172           96.704
   41 (vir)    10          85.879          -2.142          -5.670         -14.797           92.864
   42 (vir)    10          90.637          -1.243          -1.800         -14.360          101.954
   43 (vir)    10          93.366          -0.123          -1.812         -14.476          105.908
   44 (vir)    10          98.519          -0.226          -1.460         -13.124          109.957
   45 (vir)    10         101.154          -0.840          -1.440         -13.538          112.412
   46 (vir)    10         101.823          -2.490          -1.671         -11.246          108.908
   47 (vir)    10         109.567          -6.046           0.318         -13.256          117.093
   48 (vir)    10         113.507           0.586          -2.613         -14.677          126.157
   49 (vir)    10         124.718          -3.480          -1.587         -12.054          131.705
   50 (vir)    10         126.296         -10.207           4.583         -11.829          132.501
   51 (vir)    10         129.025          -2.971          -0.944         -15.894          141.004
   52 (vir)    10         139.424          -3.438           0.113         -15.793          151.892
   53 (vir)    10         149.314           0.693          -1.289         -11.213          159.931
   54 (vir)    10         200.883          -7.655         -11.271         -12.678          194.634
   55 (vir)    10         216.507          -1.383          -0.665          -9.102          223.561
   56 (vir)    10         321.344          -2.315          -0.509         -17.278          335.797
   57 (vir)    10         342.100          -2.077          -1.132         -14.469          353.360
   58 (vir)    10      272113.839          -0.001           0.000          -0.000       272113.839
 
 
  kpoint:      11             coordinate:     0.0680    0.0680    0.0000
 
    n           k   ϵ_nk^DFT (eV)     Σ^c_nk (eV)     Σ^x_nk (eV)    v_nk^xc (eV)   ϵ_nk^G0W0 (eV)
 
    1 (occ)    11         -21.143           8.885         -26.730         -16.303          -22.685
    2 (occ)    11          -8.610           3.653         -18.415         -13.238          -10.134
    3 (occ)    11          -6.184           2.967         -22.337         -17.890           -7.664
    4 (occ)    11          -5.674           2.810         -22.296         -18.069           -7.091
    5 (vir)    11           1.744          -2.163          -1.745          -4.753            2.589
    6 (vir)    11           3.673          -2.237          -2.213          -5.455            4.679
    7 (vir)    11           7.549          -4.428          -6.378         -12.910            9.654
    8 (vir)    11           8.115          -4.147          -5.229         -11.158            9.897
    9 (vir)    11           8.605          -6.158          -5.289         -13.120           10.278
   10 (vir)    11           8.974          -4.690          -6.303         -13.247           11.229
   11 (vir)    11          12.629          -4.399          -4.215         -10.426           14.441
   12 (vir)    11          16.473          -4.224          -1.358          -6.779           17.670
   13 (vir)    11          22.626          -6.657          -2.554         -10.312           23.726
   14 (vir)    11          22.989          -4.355          -2.282          -8.354           24.706
   15 (vir)    11          24.647          -4.788          -2.343          -8.761           26.276
   16 (vir)    11          28.418          -1.745          -0.838          -6.800           32.635
   17 (vir)    11          29.254          -4.601          -2.558          -9.580           31.675
   18 (vir)    11          30.014          -4.242          -1.466          -7.369           31.675
   19 (vir)    11          30.607          -3.375          -2.088          -7.553           32.697
   20 (vir)    11          33.391          -3.851          -2.029          -9.049           36.560
   21 (vir)    11          36.519          -2.704          -1.656          -7.914           40.073
   22 (vir)    11          37.081          -3.200          -2.096          -9.817           41.602
   23 (vir)    11          37.477          -1.916          -0.853          -7.425           42.133
   24 (vir)    11          38.524          -3.064          -1.514          -8.370           42.316
   25 (vir)    11          39.409          -3.668          -1.824         -10.547           44.463
   26 (vir)    11          43.071          -3.338          -1.731         -12.646           50.648
   27 (vir)    11          45.208          -0.885          -1.501          -9.660           52.482
   28 (vir)    11          49.567          -2.034          -1.899         -10.520           56.153
   29 (vir)    11          50.597          -3.075           1.985         -11.524           61.031
   30 (vir)    11          54.479          -6.838          -0.654          -8.878           55.865
   31 (vir)    11          54.544         -10.764           5.178          -9.918           58.877
   32 (vir)    11          55.852          -2.594          -1.113         -11.267           63.411
   33 (vir)    11          61.771          -2.749           2.953          -9.369           71.343
   34 (vir)    11          63.535          -3.356          -2.410         -11.183           68.952
   35 (vir)    11          66.382          -4.516          -2.842         -15.178           74.202
   36 (vir)    11          70.145          -1.762          -2.451         -12.057           77.988
   37 (vir)    11          73.077           0.068          -2.755         -14.883           85.273
   38 (vir)    11          79.670          -3.148           4.492         -13.549           94.562
   39 (vir)    11          83.258          -1.753          -2.031         -15.374           94.847
   40 (vir)    11          85.720          -2.155          -2.049         -15.111           96.627
   41 (vir)    11          85.741          -2.807          -4.078         -14.832           93.688
   42 (vir)    11          90.555          -2.107           0.013         -14.428          102.889
   43 (vir)    11          93.736          -1.467          -1.275         -14.576          105.571
   44 (vir)    11          97.443          -0.495          -1.446         -12.981          108.484
   45 (vir)    11         100.746          -0.976          -1.436         -13.527          111.860
   46 (vir)    11         102.208          -8.608           3.136         -11.653          108.389
   47 (vir)    11         108.645          -9.434          21.614         -12.845          133.669
   48 (vir)    11         113.424          -1.845          -1.237         -14.572          124.914
   49 (vir)    11         123.414          -0.089          -1.545         -12.111          133.891
   50 (vir)    11         125.031         -12.208          24.396         -11.708          148.927
   51 (vir)    11         128.421          -1.727          -1.655         -15.900          140.939
   52 (vir)    11         138.167          -5.973           4.051         -15.846          152.091
   53 (vir)    11         148.777           0.534          -1.124         -11.133          159.320
   54 (vir)    11         194.724          -3.659          -4.759         -12.655          198.961
   55 (vir)    11         216.246          -1.786           0.830          -9.090          224.381
   56 (vir)    11         321.684          -2.323           0.005         -17.259          336.625
   57 (vir)    11         347.810          -6.566           2.968         -14.600          358.812
   58 (vir)    11      272113.839          -0.001           0.000          -0.000       272113.838
 
 
  kpoint:      12             coordinate:     0.0748    0.0748    0.0000
 
    n           k   ϵ_nk^DFT (eV)     Σ^c_nk (eV)     Σ^x_nk (eV)    v_nk^xc (eV)   ϵ_nk^G0W0 (eV)
 
    1 (occ)    12         -21.088           8.865         -26.725         -16.317          -22.632
    2 (occ)    12          -8.536           3.623         -18.405         -13.261          -10.058
    3 (occ)    12          -6.372           3.023         -22.338         -17.820           -7.868
    4 (occ)    12          -5.777           2.835         -22.276         -18.016           -7.201
    5 (vir)    12           1.836          -2.171          -1.741          -4.758            2.683
    6 (vir)    12           3.742          -2.266          -2.282          -5.565            4.759
    7 (vir)    12           7.570          -4.469          -6.479         -13.056            9.678
    8 (vir)    12           8.186          -4.149          -5.184         -11.039            9.892
    9 (vir)    12           8.462          -6.068          -5.230         -12.964           10.129
   10 (vir)    12           9.207          -4.704          -6.216         -13.147           11.434
   11 (vir)    12          12.750          -4.499          -4.284         -10.547           14.515
   12 (vir)    12          16.474          -4.225          -1.394          -6.818           17.674
   13 (vir)    12          22.514          -4.353          -2.220          -8.190           24.130
   14 (vir)    12          22.717          -6.600          -2.527         -10.302           23.892
   15 (vir)    12          24.427          -4.851          -2.225          -8.560           25.910
   16 (vir)    12          27.926          -2.357          -0.791          -6.581           31.359
   17 (vir)    12          29.321          -4.567          -2.590          -9.611           31.775
   18 (vir)    12          29.730          -3.651          -1.073          -7.047           32.053
   19 (vir)    12          30.283          -3.728          -2.880          -7.896           31.571
   20 (vir)    12          33.618          -3.386          -1.783          -8.424           36.873
   21 (vir)    12          36.190          -2.101          -2.106          -8.742           40.724
   22 (vir)    12          36.913          -2.735          -1.863          -9.098           41.414
   23 (vir)    12          37.503          -2.549          -0.750          -7.442           41.646
   24 (vir)    12          38.543          -4.031          -1.561          -9.081           42.033
   25 (vir)    12          39.548          -3.698          -1.959         -10.926           44.816
   26 (vir)    12          42.807          -2.440          -2.080         -12.731           51.019
   27 (vir)    12          44.993          -0.928          -0.894          -9.158           52.329
   28 (vir)    12          49.713          -2.499          -1.909         -10.544           55.849
   29 (vir)    12          50.675          -1.852           1.174         -11.772           61.769
   30 (vir)    12          54.002          -2.938           4.429         -10.179           65.672
   31 (vir)    12          54.464          -8.055          -0.640          -8.869           54.638
   32 (vir)    12          55.682          -3.037          -0.109         -11.011           63.547
   33 (vir)    12          61.984          -3.661           5.100          -9.433           72.855
   34 (vir)    12          63.638          -3.594          -2.399         -11.224           68.869
   35 (vir)    12          65.960          -7.096          -2.426         -15.018           71.456
   36 (vir)    12          70.871          -1.877          -2.435         -12.214           78.773
   37 (vir)    12          73.328          -0.595          -3.476         -14.738           83.995
   38 (vir)    12          79.941           0.283           1.764         -13.504           95.491
   39 (vir)    12          83.551          -1.582          -2.025         -15.350           95.294
   40 (vir)    12          85.590          -2.989          -2.536         -14.851           94.916
   41 (vir)    12          85.760          -2.184          -2.033         -15.038           96.581
   42 (vir)    12          90.432          -2.066           0.972         -14.437          103.775
   43 (vir)    12          94.237          -1.168          -1.171         -14.695          106.593
   44 (vir)    12          96.307          -0.864          -1.429         -12.827          106.842
   45 (vir)    12         100.323          -1.119          -1.433         -13.518          111.289
   46 (vir)    12         102.119          -4.792           6.964         -12.165          116.456
   47 (vir)    12         108.067          -9.763          27.911         -12.355          138.569
   48 (vir)    12         113.270          -2.551           0.170         -14.396          125.285
   49 (vir)    12         122.170           0.463          -1.501         -12.175          133.307
   50 (vir)    12         123.194          -2.690          22.316         -12.278          155.099
   51 (vir)    12         128.638          -1.734          -0.002         -15.401          142.303
   52 (vir)    12         137.114          -5.018           2.889         -15.853          150.838
   53 (vir)    12         147.317           0.094          -0.923         -11.065          157.554
   54 (vir)    12         189.399          -7.361           1.689         -12.605          196.331
   55 (vir)    12         216.248          -1.243           1.040          -9.109          225.154
   56 (vir)    12         321.965          -2.353          -0.014         -17.242          336.840
   57 (vir)    12         353.107          -1.737           3.539         -14.718          369.627
   58 (vir)    12      272113.839          -0.000           0.000          -0.000       272113.838
 
 
  kpoint:      13             coordinate:     0.0816    0.0816    0.0000
 
    n           k   ϵ_nk^DFT (eV)     Σ^c_nk (eV)     Σ^x_nk (eV)    v_nk^xc (eV)   ϵ_nk^G0W0 (eV)
 
    1 (occ)    13         -21.028           8.842         -26.719         -16.333          -22.573
    2 (occ)    13          -8.455           3.590         -18.394         -13.285           -9.974
    3 (occ)    13          -6.569           3.082         -22.342         -17.748           -8.081
    4 (occ)    13          -5.889           2.863         -22.255         -17.961           -7.320
    5 (vir)    13           1.937          -2.179          -1.736          -4.764            2.785
    6 (vir)    13           3.814          -2.301          -2.366          -5.699            4.846
    7 (vir)    13           7.597          -4.515          -6.571         -13.176            9.687
    8 (vir)    13           8.263          -4.171          -5.168         -10.953            9.878
    9 (vir)    13           8.311          -5.967          -5.156         -12.781            9.968
   10 (vir)    13           9.451          -4.724          -6.137         -13.025           11.615
   11 (vir)    13          12.882          -4.713          -4.408         -10.679           14.441
   12 (vir)    13          16.470          -4.230          -1.435          -6.867           17.672
   13 (vir)    13          22.058          -4.324          -2.169          -8.037           23.601
   14 (vir)    13          22.802          -6.600          -2.495         -10.269           23.975
   15 (vir)    13          24.212          -4.910          -2.107          -8.353           25.548
   16 (vir)    13          27.423          -3.286          -0.935          -6.435           29.637
   17 (vir)    13          29.385          -3.416          -0.820          -6.804           31.953
   18 (vir)    13          29.394          -4.537          -2.615          -9.626           31.868
   19 (vir)    13          30.062          -2.837          -3.226          -8.143           32.142
   20 (vir)    13          33.650          -2.879          -1.492          -7.609           36.888
   21 (vir)    13          35.848           0.045          -2.375          -9.207           42.725
   22 (vir)    13          36.602          -2.612          -1.874          -9.315           41.430
   23 (vir)    13          37.505          -2.511          -0.820          -7.494           41.668
   24 (vir)    13          38.992          -4.040          -1.609          -9.396           42.740
   25 (vir)    13          39.630           0.569          -2.232         -11.203           49.171
   26 (vir)    13          42.452         -10.519          -2.803         -12.594           41.723
   27 (vir)    13          44.908          -1.345          -0.728          -8.936           51.771
   28 (vir)    13          49.861          -4.220          -1.920         -10.572           54.294
   29 (vir)    13          50.679           2.599          -0.862         -12.019           64.435
   30 (vir)    13          53.466           0.259           1.152         -10.377           65.254
   31 (vir)    13          54.441          -8.951          -0.632          -8.867           53.725
   32 (vir)    13          55.641          -0.749          -0.665         -10.814           65.041
   33 (vir)    13          62.187          -2.625           3.476          -9.652           72.690
   34 (vir)    13          63.700          -3.358          -2.398         -11.256           69.201
   35 (vir)    13          65.635          -1.992          -2.307         -14.701           76.038
   36 (vir)    13          71.427          -2.583          -2.436         -12.355           78.764
   37 (vir)    13          73.613          -0.870          -4.091         -14.583           83.235
   38 (vir)    13          80.118           0.461          -2.236         -13.476           91.820
   39 (vir)    13          83.659          -2.031          -1.859         -15.291           95.059
   40 (vir)    13          85.450           0.420          -2.062         -14.847           98.655
   41 (vir)    13          85.784          -2.146          -2.013         -14.951           96.575
   42 (vir)    13          90.284          -1.720           0.532         -14.397          103.493
   43 (vir)    13          94.875          -0.568          -1.391         -14.823          107.739
   44 (vir)    13          95.125          -1.218          -1.409         -12.668          105.165
   45 (vir)    13          99.883          -1.236          -1.429         -13.511          110.729
   46 (vir)    13         101.401           3.521           8.038         -12.550          125.509
   47 (vir)    13         107.970         -11.724          17.106         -12.028          125.381
   48 (vir)    13         113.029          -2.556           0.558         -14.161          125.192
   49 (vir)    13         120.944           0.479          -1.486         -12.247          132.184
   50 (vir)    13         121.669          -0.290           9.252         -12.701          143.332
   51 (vir)    13         128.956           0.701          -0.289         -15.200          144.568
   52 (vir)    13         136.287          -2.598           0.368         -15.819          149.876
   53 (vir)    13         144.888          -0.140          -0.782         -11.015          154.981
   54 (vir)    13         184.406          -7.445           4.571         -12.545          194.077
   55 (vir)    13         216.397          -0.453           0.777          -9.133          225.853
   56 (vir)    13         322.174          -1.434          -0.438         -17.230          337.532
   57 (vir)    13         358.525          -2.197           0.459         -14.841          371.628
   58 (vir)    13      272113.839          -0.000          -0.000          -0.000       272113.838
 
 
  kpoint:      14             coordinate:     0.0884    0.0884    0.0000
 
    n           k   ϵ_nk^DFT (eV)     Σ^c_nk (eV)     Σ^x_nk (eV)    v_nk^xc (eV)   ϵ_nk^G0W0 (eV)
 
    1 (occ)    14         -20.963           8.818         -26.713         -16.350          -22.509
    2 (occ)    14          -8.368           3.555         -18.382         -13.312           -9.883
    3 (occ)    14          -6.774           3.144         -22.350         -17.677           -8.303
    4 (occ)    14          -6.008           2.892         -22.234         -17.902           -7.447
    5 (vir)    14           2.045          -2.189          -1.732          -4.771            2.894
    6 (vir)    14           3.891          -2.344          -2.468          -5.861            4.940
    7 (vir)    14           7.630          -4.553          -6.645         -13.275            9.708
    8 (vir)    14           8.152          -5.853          -5.064         -12.563            9.798
    9 (vir)    14           8.345          -4.211          -5.143         -10.898            9.890
   10 (vir)    14           9.703          -4.748          -6.042         -12.877           11.791
   11 (vir)    14          13.026          -4.939          -4.526         -10.823           14.385
   12 (vir)    14          16.459          -4.239          -1.484          -6.927           17.663
   13 (vir)    14          21.624          -4.273          -2.124          -7.893           23.120
   14 (vir)    14          22.875          -6.645          -2.469         -10.201           23.962
   15 (vir)    14          23.999          -4.914          -1.991          -8.138           25.231
   16 (vir)    14          26.917          -3.480          -1.131          -6.337           28.643
   17 (vir)    14          29.000          -3.674          -0.963          -6.767           31.129
   18 (vir)    14          29.468          -4.503          -2.636          -9.626           31.955
   19 (vir)    14          29.923          -1.731          -3.040          -8.201           33.353
   20 (vir)    14          33.460          -2.863          -1.289          -6.940           36.248
   21 (vir)    14          35.387          -8.791          -2.341          -9.180           33.436
   22 (vir)    14          36.581          -2.636          -2.150         -10.065           41.861
   23 (vir)    14          37.476          -2.816          -1.017          -7.586           41.229
   24 (vir)    14          39.564          -3.695          -1.629          -9.511           43.751
   25 (vir)    14          39.671          -2.536          -2.585         -11.360           45.910
   26 (vir)    14          42.006          -2.438          -3.652         -12.281           48.197
   27 (vir)    14          44.937          -2.330          -1.035          -8.986           50.558
   28 (vir)    14          50.006          -5.186          -1.939         -10.602           53.483
   29 (vir)    14          50.605           3.896          -2.449         -12.221           64.272
   30 (vir)    14          52.941           4.320          -1.957         -10.497           65.801
   31 (vir)    14          54.413          -8.976          -0.638          -8.875           53.674
   32 (vir)    14          55.736           5.016          -2.525         -10.708           68.933
   33 (vir)    14          62.330           1.637           0.204         -10.127           74.299
   34 (vir)    14          63.723          -2.895          -2.408         -11.279           69.699
   35 (vir)    14          65.439           1.125          -2.740         -14.131           77.955
   36 (vir)    14          71.798          -3.184          -2.466         -12.474           78.623
   37 (vir)    14          73.923          -1.230          -4.421         -14.410           82.681
   38 (vir)    14          80.193           2.009          -5.228         -13.483           90.457
   39 (vir)    14          83.563          -1.073          -1.573         -15.184           96.100
   40 (vir)    14          85.336          -0.876          -2.482         -14.824           96.802
   41 (vir)    14          85.789          -1.992          -1.991         -14.846           96.652
   42 (vir)    14          90.125           1.604          -1.387         -14.307          104.649
   43 (vir)    14          93.916          -1.359          -1.390         -12.511          103.678
   44 (vir)    14          95.649         -12.849          -1.704         -14.953           96.049
   45 (vir)    14          99.429          -1.183          -1.427         -13.504          110.322
   46 (vir)    14         100.205           4.384           2.187         -12.723          119.499
   47 (vir)    14         108.235           1.382           4.283         -11.980          125.881
   48 (vir)    14         112.709           0.543          -0.634         -13.910          126.528
   49 (vir)    14         119.713           0.568          -1.508         -12.327          131.100
   50 (vir)    14         120.625           6.685          -1.606         -13.061          138.766
   51 (vir)    14         129.251           1.373          -2.019         -15.130          143.734
   52 (vir)    14         135.686          -0.321          -1.341         -15.754          149.777
   53 (vir)    14         141.539          -0.102          -0.776         -10.989          151.650
   54 (vir)    14         179.453          -7.167           3.791         -12.485          188.563
   55 (vir)    14         216.648          -0.440           0.311          -9.155          225.674
   56 (vir)    14         322.311          -1.663          -0.870         -17.222          336.999
   57 (vir)    14         364.443           3.907          -3.721         -14.982          379.611
   58 (vir)    14      272113.839           0.000          -0.000          -0.000       272113.838
 
 
  kpoint:      15             coordinate:     0.0952    0.0952    0.0000
 
    n           k   ϵ_nk^DFT (eV)     Σ^c_nk (eV)     Σ^x_nk (eV)    v_nk^xc (eV)   ϵ_nk^G0W0 (eV)
 
    1 (occ)    15         -20.894           8.792         -26.708         -16.368          -22.441
    2 (occ)    15          -8.274           3.517         -18.370         -13.342           -9.785
    3 (occ)    15          -6.985           3.208         -22.361         -17.606           -8.531
    4 (occ)    15          -6.133           2.924         -22.213         -17.840           -7.581
    5 (vir)    15           2.162          -2.201          -1.730          -4.780            3.011
    6 (vir)    15           3.969          -2.397          -2.593          -6.059            5.038
    7 (vir)    15           7.671          -4.576          -6.697         -13.357            9.755
    8 (vir)    15           7.989          -5.724          -4.951         -12.305            9.620
    9 (vir)    15           8.433          -4.254          -5.092         -10.871            9.959
   10 (vir)    15           9.961          -4.761          -5.905         -12.699           11.994
   11 (vir)    15          13.182          -5.085          -4.596         -10.982           14.483
   12 (vir)    15          16.438          -4.251          -1.541          -6.999           17.644
   13 (vir)    15          21.218          -4.209          -2.081          -7.754           22.683
   14 (vir)    15          22.928          -6.656          -2.443         -10.084           23.913
   15 (vir)    15          23.788          -4.843          -1.878          -7.914           24.982
   16 (vir)    15          26.415          -3.086          -1.261          -6.276           28.343
   17 (vir)    15          28.609          -2.876          -1.260          -6.850           31.324
   18 (vir)    15          29.540          -4.456          -2.656          -9.615           32.044
   19 (vir)    15          29.836          -1.642          -2.649          -8.182           33.727
   20 (vir)    15          33.106          -2.776          -1.196          -6.533           35.667
   21 (vir)    15          34.863          -8.139          -2.326          -9.275           33.673
   22 (vir)    15          36.822          -2.818          -2.302         -10.465           42.166
   23 (vir)    15          37.412          -3.771          -1.239          -7.715           40.117
   24 (vir)    15          39.687          -3.084          -2.817         -11.400           45.186
   25 (vir)    15          40.168          -3.418          -1.642          -9.581           44.689
   26 (vir)    15          41.497          -1.879          -4.252         -11.915           47.280
   27 (vir)    15          45.039          -8.103          -1.583          -9.207           44.560
   28 (vir)    15          50.150          -5.377          -1.970         -10.631           53.434
   29 (vir)    15          50.462           3.062          -3.159         -12.349           62.713
   30 (vir)    15          52.437           4.151          -3.496         -10.548           63.641
   31 (vir)    15          54.381          -8.272          -0.659          -8.895           54.346
   32 (vir)    15          55.949           1.857          -4.239         -10.684           64.250
   33 (vir)    15          62.370           2.347          -2.411         -10.865           73.171
   34 (vir)    15          63.708          -2.575          -2.421         -11.291           70.003
   35 (vir)    15          65.398           1.238          -3.649         -13.306           76.293
   36 (vir)    15          71.978          -3.272          -2.519         -12.563           78.749
   37 (vir)    15          74.242          -1.533          -4.392         -14.209           82.526
   38 (vir)    15          80.168          -0.811          -6.323         -13.544           86.577
   39 (vir)    15          83.273           1.930          -1.397         -15.023           98.830
   40 (vir)    15          85.235          -0.780          -2.630         -14.790           96.615
   41 (vir)    15          85.771          -1.678          -1.964         -14.718           96.847
   42 (vir)    15          89.962           3.488          -4.053         -14.145          103.542
   43 (vir)    15          92.699          -1.253          -1.373         -12.368          102.441
   44 (vir)    15          96.546           1.669          -2.002         -15.081          111.294
   45 (vir)    15          98.792           8.649          -5.793         -12.829          114.476
   46 (vir)    15          98.957          -0.805          -1.427         -13.495          110.219
   47 (vir)    15         108.662          -1.145          -0.623         -12.107          119.000
   48 (vir)    15         112.354           1.155          -2.608         -13.696          124.597
   49 (vir)    15         118.466          -2.603          -1.553         -12.416          126.726
   50 (vir)    15         120.033           2.196          -4.930         -13.348          130.646
   51 (vir)    15         129.516           0.981          -3.017         -15.109          142.590
   52 (vir)    15         135.295          -0.750          -1.968         -15.666          148.244
   53 (vir)    15         137.421          -2.394          -0.905         -10.995          145.116
   54 (vir)    15         174.463          -2.296           2.127         -12.437          186.730
   55 (vir)    15         216.961          -0.164          -0.198          -9.174          225.772
   56 (vir)    15         322.384          -1.935          -1.002         -17.219          336.666
   57 (vir)    15         371.058           5.594          -5.940         -15.147          385.858
   58 (vir)    15      272113.839           0.000          -0.001          -0.000       272113.838
 
 
  kpoint:      16             coordinate:     0.1020    0.1020    0.0000
 
    n           k   ϵ_nk^DFT (eV)     Σ^c_nk (eV)     Σ^x_nk (eV)    v_nk^xc (eV)   ϵ_nk^G0W0 (eV)
 
    1 (occ)    16         -20.819           8.765         -26.703         -16.389          -22.368
    2 (occ)    16          -8.174           3.476         -18.358         -13.375           -9.681
    3 (occ)    16          -7.200           3.276         -22.374         -17.536           -8.763
    4 (occ)    16          -6.265           2.958         -22.192         -17.777           -7.723
    5 (vir)    16           2.288          -2.212          -1.730          -4.790            3.137
    6 (vir)    16           4.048          -2.462          -2.746          -6.303            5.142
    7 (vir)    16           7.719          -4.586          -6.732         -13.425            9.826
    8 (vir)    16           7.824          -5.579          -4.809         -11.998            9.435
    9 (vir)    16           8.527          -4.276          -5.029         -10.869           10.091
   10 (vir)    16          10.223          -4.743          -5.719         -12.489           12.249
   11 (vir)    16          13.350          -5.115          -4.624         -11.155           14.766
   12 (vir)    16          16.402          -4.266          -1.606          -7.082           17.611
   13 (vir)    16          20.844          -4.141          -2.035          -7.620           22.288
   14 (vir)    16          22.953          -6.442          -2.393          -9.900           24.019
   15 (vir)    16          23.577          -4.713          -1.765          -7.681           24.780
   16 (vir)    16          25.920          -2.677          -1.284          -6.247           28.205
   17 (vir)    16          28.236          -2.212          -1.486          -7.020           31.557
   18 (vir)    16          29.607          -4.389          -2.674          -9.594           32.138
   19 (vir)    16          29.787          -2.667          -2.293          -8.141           32.968
   20 (vir)    16          32.655          -2.690          -1.162          -6.289           35.092
   21 (vir)    16          34.372          -6.454          -2.357          -9.465           35.026
   22 (vir)    16          37.181          -3.360          -2.334         -10.599           42.086
   23 (vir)    16          37.306          -5.129          -1.351          -7.867           38.692
   24 (vir)    16          39.693          -3.370          -2.780         -11.343           44.886
   25 (vir)    16          40.775          -3.281          -1.659          -9.648           45.483
   26 (vir)    16          40.956          -1.763          -4.296         -11.570           46.467
   27 (vir)    16          45.171           0.650          -2.075          -9.530           53.276
   28 (vir)    16          50.263           2.511          -3.197         -12.380           61.957
   29 (vir)    16          50.293          -5.940          -2.007         -10.655           53.002
   30 (vir)    16          51.978           2.064          -3.461         -10.564           61.146
   31 (vir)    16          54.350          -6.127          -0.688          -8.931           56.465
   32 (vir)    16          56.255          -1.107          -4.740         -10.714           61.122
   33 (vir)    16          62.294           0.873          -3.522         -11.683           71.329
   34 (vir)    16          63.657          -2.468          -2.429         -11.292           70.053
   35 (vir)    16          65.509           0.154          -4.384         -12.410           73.690
   36 (vir)    16          71.965          -3.070          -2.574         -12.612           78.933
   37 (vir)    16          74.552          -1.457          -4.021         -13.964           83.036
   38 (vir)    16          80.059          -1.265          -5.861         -13.678           86.611
   39 (vir)    16          82.821           3.085          -1.177         -14.822           99.551
   40 (vir)    16          85.123          -1.616          -2.083         -14.738           96.162
   41 (vir)    16          85.724          -1.276          -1.933         -14.558           97.074
   42 (vir)    16          89.778           1.819          -5.998         -13.872           99.471
   43 (vir)    16          91.497          -1.032          -1.361         -12.258          101.363
   44 (vir)    16          97.322           8.013          -8.576         -13.391          110.151
   45 (vir)    16          97.584          -1.526          -2.778         -14.821          108.100
   46 (vir)    16          98.464          -0.219          -1.428         -13.481          110.298
   47 (vir)    16         109.115          -2.293           1.031         -12.310          120.162
   48 (vir)    16         112.033           1.295          -3.802         -13.554          123.079
   49 (vir)    16         117.202          -3.586          -1.599         -12.515          124.533
   50 (vir)    16         119.810          -3.808          -2.757         -13.547          126.792
   51 (vir)    16         129.781          -0.978          -2.262         -15.094          141.635
   52 (vir)    16         132.766          -2.973          -1.090         -11.038          139.740
   53 (vir)    16         135.086          -0.950          -1.989         -15.568          147.715
   54 (vir)    16         169.499          -0.307           1.598         -12.413          183.202
   55 (vir)    16         217.294          -0.240          -0.531          -9.188          225.710
   56 (vir)    16         322.407          -2.162          -0.835         -17.220          336.631
   57 (vir)    16         378.408           4.902          -5.114         -15.337          393.533
   58 (vir)    16      272113.839           0.000          -0.001          -0.000       272113.838
 
 
  kpoint:      17             coordinate:     0.1088    0.1088    0.0000
 
    n           k   ϵ_nk^DFT (eV)     Σ^c_nk (eV)     Σ^x_nk (eV)    v_nk^xc (eV)   ϵ_nk^G0W0 (eV)
 
    1 (occ)    17         -20.740           8.737         -26.699         -16.410          -22.292
    2 (occ)    17          -8.067           3.433         -18.346         -13.410           -9.569
    3 (occ)    17          -7.420           3.345         -22.390         -17.466           -8.999
    4 (occ)    17          -6.402           2.993         -22.173         -17.712           -7.870
    5 (vir)    17           2.421          -2.221          -1.730          -4.803            3.274
    6 (vir)    17           4.125          -2.544          -2.934          -6.604            5.251
    7 (vir)    17           7.660          -5.414          -4.632         -11.632            9.246
    8 (vir)    17           7.774          -4.592          -6.757         -13.482            9.908
    9 (vir)    17           8.625          -4.264          -4.990         -10.891           10.262
   10 (vir)    17          10.485          -4.677          -5.503         -12.244           12.550
   11 (vir)    17          13.531          -5.057          -4.654         -11.343           15.162
   12 (vir)    17          16.346          -4.281          -1.678          -7.173           17.561
   13 (vir)    17          20.508          -4.076          -1.988          -7.492           21.936
   14 (vir)    17          22.940          -6.060          -2.287          -9.635           24.227
   15 (vir)    17          23.363          -4.562          -1.650          -7.439           24.589
   16 (vir)    17          25.437          -2.610          -1.223          -6.248           27.851
   17 (vir)    17          27.892          -2.615          -1.555          -7.273           30.995
   18 (vir)    17          29.664          -4.302          -2.691          -9.566           32.238
   19 (vir)    17          29.771          -3.885          -2.124          -8.097           31.859
   20 (vir)    17          32.144          -2.650          -1.154          -6.144           34.484
   21 (vir)    17          33.949          -4.546          -2.388          -9.659           36.675
   22 (vir)    17          37.155          -5.544          -1.289          -8.021           38.343
   23 (vir)    17          37.584          -3.857          -2.308         -10.608           42.026
   24 (vir)    17          39.698          -2.753          -2.529         -11.204           45.620
   25 (vir)    17          40.405          -1.938          -3.698         -11.293           46.062
   26 (vir)    17          41.376          -3.243          -1.685          -9.725           46.173
   27 (vir)    17          45.300          -0.266          -2.298          -9.922           52.659
   28 (vir)    17          50.009           2.253          -2.808         -12.284           61.738
   29 (vir)    17          50.442          -9.744          -2.040         -10.673           49.332
   30 (vir)    17          51.596           0.102          -2.696         -10.595           59.597
   31 (vir)    17          54.322          -0.893          -0.722          -8.983           61.690
   32 (vir)    17          56.628          -1.062          -3.971         -10.773           62.369
   33 (vir)    17          62.126          -1.340          -3.559         -12.369           69.596
   34 (vir)    17          63.569          -2.470          -2.424         -11.279           69.955
   35 (vir)    17          65.739          -0.408          -4.204         -11.654           72.781
   36 (vir)    17          71.768          -2.683          -2.606         -12.617           79.096
   37 (vir)    17          74.823          -1.378          -3.382         -13.658           83.722
   38 (vir)    17          79.892          -0.875          -4.560         -13.895           88.352
   39 (vir)    17          82.244           2.368          -1.094         -14.605           98.123
   40 (vir)    17          84.975          -2.222          -1.362         -14.653           96.044
   41 (vir)    17          85.638          -0.951          -1.892         -14.350           97.145
   42 (vir)    17          89.526          -3.960          -5.722         -13.445           93.289
   43 (vir)    17          90.338          -0.802          -1.362         -12.210          100.384
   44 (vir)    17          96.052          -1.223          -7.078         -13.393          101.144
   45 (vir)    17          97.944           0.221          -1.430         -13.458          110.193
   46 (vir)    17          98.631          -0.763          -2.271         -15.282          110.880
   47 (vir)    17         109.502           0.342           2.648         -12.534          125.027
   48 (vir)    17         111.828           1.156          -3.216         -13.492          123.260
   49 (vir)    17         115.927          -2.801          -1.633         -12.625          124.118
   50 (vir)    17         119.881          -4.370           0.340         -13.677          129.529
   51 (vir)    17         127.850          -2.439          -1.244         -11.123          135.290
   52 (vir)    17         130.090          -2.053          -0.684         -15.050          142.404
   53 (vir)    17         135.022          -1.443          -1.750         -15.467          147.297
   54 (vir)    17         164.687           1.061           1.670         -12.420          179.839
   55 (vir)    17         217.615          -0.314          -0.539          -9.197          225.960
   56 (vir)    17         322.394          -2.169          -0.608         -17.224          336.841
   57 (vir)    17         386.404           4.434          -2.761         -15.549          403.626
   58 (vir)    17      272113.839           0.000          -0.000          -0.000       272113.838
 
 
  kpoint:      18             coordinate:     0.1156    0.1156    0.0000
 
    n           k   ϵ_nk^DFT (eV)     Σ^c_nk (eV)     Σ^x_nk (eV)    v_nk^xc (eV)   ϵ_nk^G0W0 (eV)
 
    1 (occ)    18         -20.656           8.706         -26.695         -16.434          -22.210
    2 (occ)    18          -7.954           3.388         -18.333         -13.449           -9.451
    3 (occ)    18          -7.642           3.415         -22.408         -17.397           -9.238
    4 (occ)    18          -6.544           3.030         -22.154         -17.645           -8.023
    5 (vir)    18           2.563          -2.227          -1.732          -4.818            3.422
    6 (vir)    18           4.197          -2.645          -3.165          -6.974            5.361
    7 (vir)    18           7.500          -5.226          -4.413         -11.193            9.054
    8 (vir)    18           7.837          -4.601          -6.777         -13.529            9.989
    9 (vir)    18           8.728          -4.224          -5.005         -10.936           10.435
   10 (vir)    18          10.747          -4.562          -5.294         -11.965           12.856
   11 (vir)    18          13.725          -4.987          -4.726         -11.544           15.555
   12 (vir)    18          16.266          -4.291          -1.755          -7.268           17.488
   13 (vir)    18          20.213          -4.018          -1.939          -7.372           21.628
   14 (vir)    18          22.880          -5.795          -2.128          -9.278           24.235
   15 (vir)    18          23.146          -4.419          -1.531          -7.188           24.384
   16 (vir)    18          24.968          -3.052          -1.133          -6.280           27.063
   17 (vir)    18          27.587          -4.245          -1.535          -7.612           29.419
   18 (vir)    18          29.709          -4.204          -2.706          -9.535           32.333
   19 (vir)    18          29.783          -4.794          -2.189          -8.056           30.856
   20 (vir)    18          31.598          -2.655          -1.159          -6.067           33.852
   21 (vir)    18          33.602          -4.330          -2.405          -9.824           36.690
   22 (vir)    18          36.958          -4.984          -1.156          -8.155           38.974
   23 (vir)    18          37.994          -4.132          -2.248         -10.545           42.159
   24 (vir)    18          39.697          -3.466          -2.185         -10.697           44.743
   25 (vir)    18          39.871          -2.533          -2.727         -11.410           46.020
   26 (vir)    18          41.965          -3.221          -1.725          -9.823           46.842
   27 (vir)    18          45.400          -0.351          -2.200         -10.365           53.214
   28 (vir)    18          49.696          -1.689          -2.267         -12.048           57.789
   29 (vir)    18          50.604          -4.478          -2.058         -10.682           54.750
   30 (vir)    18          51.321          -3.564          -2.100         -10.675           56.332
   31 (vir)    18          54.299          -1.984          -0.759          -9.053           60.609
   32 (vir)    18          57.048          -0.764          -2.522         -10.848           64.610
   33 (vir)    18          61.903          -1.829          -3.167         -12.848           69.754
   34 (vir)    18          63.443          -2.451          -2.409         -11.251           69.833
   35 (vir)    18          66.041           0.615          -2.977         -11.102           74.782
   36 (vir)    18          71.406          -2.076          -2.601         -12.576           79.305
   37 (vir)    18          75.018          -2.022          -2.530         -13.288           83.754
   38 (vir)    18          79.700          -0.206          -3.216         -14.188           90.466
   39 (vir)    18          81.591          -0.034          -1.746         -14.399           94.210
   40 (vir)    18          84.770          -2.084          -1.037         -14.503           96.152
   41 (vir)    18          85.494          -0.772          -1.834         -14.061           96.949
   42 (vir)    18          89.139          -2.747          -2.778         -12.897           96.512
   43 (vir)    18          89.255          -0.639          -1.386         -12.267           99.496
   44 (vir)    18          95.021          -2.817          -3.404         -13.927          102.728
   45 (vir)    18          97.385           0.324          -1.433         -13.421          109.698
   46 (vir)    18          99.751          -0.520          -2.327         -15.379          112.283
   47 (vir)    18         109.751           5.409           0.615         -12.737          128.513
   48 (vir)    18         111.806          -5.496          -1.788         -13.515          118.037
   49 (vir)    18         114.645          -1.877          -1.656         -12.750          123.862
   50 (vir)    18         120.190          -1.333           0.790         -13.780          133.426
   51 (vir)    18         122.946          -1.722          -1.326         -11.250          131.147
   52 (vir)    18         130.499          -0.621          -0.212         -14.954          144.620
   53 (vir)    18         135.068          -2.036          -1.410         -15.366          146.988
   54 (vir)    18         160.162           1.879           0.680         -12.463          175.184
   55 (vir)    18         217.905          -2.419          -0.283          -9.201          224.406
   56 (vir)    18         322.355          -1.946          -0.558         -17.229          337.080
   57 (vir)    18         394.881           3.833          -1.300         -15.778          413.193
   58 (vir)    18      272113.839           0.000          -0.000          -0.000       272113.838
 
 
  kpoint:      19             coordinate:     0.1224    0.1224    0.0000
 
    n           k   ϵ_nk^DFT (eV)     Σ^c_nk (eV)     Σ^x_nk (eV)    v_nk^xc (eV)   ϵ_nk^G0W0 (eV)
 
    1 (occ)    19         -20.569           8.675         -26.690         -16.459          -22.125
    2 (occ)    19          -7.866           3.486         -22.426         -17.329           -9.477
    3 (occ)    19          -7.835           3.340         -18.321         -13.490           -9.326
    4 (occ)    19          -6.691           3.069         -22.135         -17.577           -8.180
    5 (vir)    19           2.713          -2.232          -1.734          -4.835            3.581
    6 (vir)    19           4.262          -2.772          -3.446          -7.428            5.472
    7 (vir)    19           7.350          -5.012          -4.144         -10.668            8.863
    8 (vir)    19           7.908          -4.618          -6.795         -13.570           10.065
    9 (vir)    19           8.835          -4.187          -5.072         -11.000           10.576
   10 (vir)    19          11.007          -4.427          -5.122         -11.655           13.114
   11 (vir)    19          13.931          -4.985          -4.841         -11.754           15.858
   12 (vir)    19          16.156          -4.294          -1.835          -7.361           17.388
   13 (vir)    19          19.965          -3.972          -1.893          -7.266           21.367
   14 (vir)    19          22.765          -5.627          -1.958          -8.836           24.016
   15 (vir)    19          22.925          -4.291          -1.410          -6.930           24.154
   16 (vir)    19          24.518          -3.082          -1.069          -6.345           26.712
   17 (vir)    19          27.323          -5.064          -1.555          -8.025           28.729
   18 (vir)    19          29.736          -4.106          -2.723          -9.497           32.405
   19 (vir)    19          29.824          -4.450          -2.413          -8.021           30.982
   20 (vir)    19          31.038          -2.699          -1.169          -6.039           33.209
   21 (vir)    19          33.329          -4.351          -2.412          -9.955           36.522
   22 (vir)    19          36.718          -3.935          -1.138          -8.251           39.897
   23 (vir)    19          38.388          -4.238          -2.166         -10.430           42.414
   24 (vir)    19          39.322          -2.449          -1.522         -10.397           45.748
   25 (vir)    19          39.730          -3.953          -2.178         -11.374           44.972
   26 (vir)    19          42.537          -3.161          -1.781          -9.950           47.545
   27 (vir)    19          45.456          -2.810          -1.901         -10.835           51.579
   28 (vir)    19          49.333          -0.724          -1.987         -11.727           58.350
   29 (vir)    19          50.790          -3.433          -2.056         -10.681           55.982
   30 (vir)    19          51.166          -2.951          -1.981         -10.775           57.009
   31 (vir)    19          54.280          -2.591          -0.805          -9.140           60.025
   32 (vir)    19          57.500          -1.514          -1.122         -10.943           65.807
   33 (vir)    19          61.657          -2.310          -2.768         -13.138           69.717
   34 (vir)    19          63.274          -2.375          -2.388         -11.203           69.714
   35 (vir)    19          66.380          -1.527          -1.174         -10.722           74.401
   36 (vir)    19          70.904          -1.748          -2.562         -12.496           79.091
   37 (vir)    19          75.090          -5.691          -1.485         -12.880           80.794
   38 (vir)    19          79.498          -0.942          -3.035         -14.487           90.008
   39 (vir)    19          80.931          -2.546          -2.833         -14.255           89.807
   40 (vir)    19          84.476          -1.398          -1.137         -14.227           96.168
   41 (vir)    19          85.262          -0.622          -1.745         -13.641           96.536
   42 (vir)    19          88.292          -0.588          -1.451         -12.486           98.740
   43 (vir)    19          88.586          -5.153           1.097         -12.440           96.969
   44 (vir)    19          94.348          -2.144          -1.628         -14.505          105.081
   45 (vir)    19          96.772           0.215          -1.438         -13.363          108.912
   46 (vir)    19         100.878          -1.876          -2.486         -15.455          111.971
   47 (vir)    19         109.867           1.569          -2.202         -12.885          122.118
   48 (vir)    19         111.958          -0.682          -2.012         -13.620          122.885
   49 (vir)    19         113.343          -1.318          -1.678         -12.901          123.247
   50 (vir)    19         118.301          -0.625          -1.356         -11.409          127.728
   51 (vir)    19         120.690           1.125          -2.021         -13.904          133.698
   52 (vir)    19         131.060           0.092          -2.088         -14.797          143.860
   53 (vir)    19         135.200          -1.242          -1.188         -15.253          148.024
   54 (vir)    19         156.037           1.265          -2.001         -12.546          167.846
   55 (vir)    19         218.155          -1.133           0.024          -9.203          226.249
   56 (vir)    19         322.296          -1.760          -0.743         -17.236          337.028
   57 (vir)    19         403.628          -0.054          -1.723         -16.018          417.870
   58 (vir)    19      272113.839          -0.000          -0.000          -0.000       272113.838
 
 
  kpoint:      20             coordinate:     0.1293    0.1293    0.0000
 
    n           k   ϵ_nk^DFT (eV)     Σ^c_nk (eV)     Σ^x_nk (eV)    v_nk^xc (eV)   ϵ_nk^G0W0 (eV)
 
    1 (occ)    20         -20.476           8.641         -26.685         -16.486          -22.034
    2 (occ)    20          -8.090           3.558         -22.446         -17.261           -9.717
    3 (occ)    20          -7.710           3.289         -18.310         -13.535           -9.195
    4 (occ)    20          -6.841           3.109         -22.118         -17.508           -8.342
    5 (vir)    20           2.872          -2.239          -1.738          -4.854            3.750
    6 (vir)    20           4.313          -2.928          -3.782          -7.975            5.578
    7 (vir)    20           7.215          -4.768          -3.819         -10.049            8.677
    8 (vir)    20           7.987          -4.641          -6.811         -13.604           10.139
    9 (vir)    20           8.947          -4.192          -5.158         -11.083           10.679
   10 (vir)    20          11.264          -4.315          -4.980         -11.319           13.288
   11 (vir)    20          14.149          -5.087          -4.964         -11.965           16.063
   12 (vir)    20          16.014          -4.285          -1.914          -7.444           17.259
   13 (vir)    20          19.766          -3.940          -1.852          -7.181           21.155
   14 (vir)    20          22.592          -5.486          -1.824          -8.336           23.619
   15 (vir)    20          22.699          -4.177          -1.289          -6.667           23.901
   16 (vir)    20          24.088          -2.978          -1.070          -6.438           26.477
   17 (vir)    20          27.101          -5.273          -1.676          -8.489           28.642
   18 (vir)    20          29.737          -3.976          -2.732          -9.394           32.423
   19 (vir)    20          29.891          -3.855          -2.628          -7.995           31.402
   20 (vir)    20          30.485          -2.809          -1.189          -6.101           32.588
   21 (vir)    20          33.123          -4.448          -2.414         -10.059           36.320
   22 (vir)    20          36.439          -2.794          -1.329          -8.302           40.617
   23 (vir)    20          38.745          -4.284          -2.068         -10.274           42.668
   24 (vir)    20          38.823          -2.170          -0.926         -10.270           45.997
   25 (vir)    20          39.739          -4.828          -2.124         -11.230           44.017
   26 (vir)    20          43.093          -3.056          -1.857         -10.112           48.292
   27 (vir)    20          45.459          -3.208          -1.644         -11.305           51.912
   28 (vir)    20          48.946          -2.131          -2.183         -11.391           56.022
   29 (vir)    20          51.014          -3.094          -2.034         -10.668           56.553
   30 (vir)    20          51.116          -4.575          -2.141         -10.853           55.253
   31 (vir)    20          54.261          -2.559          -0.864          -9.243           60.081
   32 (vir)    20          57.967          -2.164          -0.320         -11.082           66.565
   33 (vir)    20          61.415          -3.198          -2.565         -13.259           68.912
   34 (vir)    20          63.060          -2.288          -2.365         -11.131           69.539
   35 (vir)    20          66.731          -2.232           0.448         -10.465           75.412
   36 (vir)    20          70.301          -1.762          -2.503         -12.388           78.423
   37 (vir)    20          74.994          -4.173          -0.420         -12.509           82.910
   38 (vir)    20          79.233          -1.461          -5.386         -14.549           86.936
   39 (vir)    20          80.400          -4.317          -2.587         -14.333           87.830
   40 (vir)    20          84.043          -0.364          -1.254         -13.751           96.176
   41 (vir)    20          84.900          -0.373          -1.619         -13.064           95.973
   42 (vir)    20          87.498          -0.657          -1.564         -12.899           98.176
   43 (vir)    20          87.951          -3.008           2.772         -12.350          100.066
   44 (vir)    20          94.024          -1.436          -1.780         -14.929          105.737
   45 (vir)    20          96.080           0.085          -1.448         -13.272          107.989
   46 (vir)    20         101.969          -1.216          -2.958         -15.506          113.301
   47 (vir)    20         109.949           0.110          -3.090         -12.987          119.957
   48 (vir)    20         111.906          -0.997          -1.696         -13.072          122.284
   49 (vir)    20         112.188          -0.151          -3.358         -13.773          122.452
   50 (vir)    20         114.210          -0.469          -1.391         -11.604          123.954
   51 (vir)    20         121.326           1.666          -5.491         -14.090          131.591
   52 (vir)    20         131.815           1.318          -5.450         -14.591          142.275
   53 (vir)    20         135.417          -3.508          -1.426         -15.098          145.582
   54 (vir)    20         152.405           1.023          -5.361         -12.673          160.740
   55 (vir)    20         218.362          -1.258           0.188          -9.202          226.494
   56 (vir)    20         322.221          -1.590          -1.031         -17.243          336.843
   57 (vir)    20         412.416           4.645          -2.882         -16.262          430.440
   58 (vir)    20      272113.839          -0.000           0.000          -0.000       272113.839
 
 
  kpoint:      21             coordinate:     0.1361    0.1361    0.0000
 
    n           k   ϵ_nk^DFT (eV)     Σ^c_nk (eV)     Σ^x_nk (eV)    v_nk^xc (eV)   ϵ_nk^G0W0 (eV)
 
    1 (occ)    21         -20.380           8.605         -26.680         -16.515          -21.940
    2 (occ)    21          -8.314           3.630         -22.465         -17.194           -9.956
    3 (occ)    21          -7.579           3.237         -18.299         -13.584           -9.057
    4 (occ)    21          -6.995           3.151         -22.103         -17.439           -8.507
    5 (vir)    21           3.039          -2.250          -1.742          -4.877            3.924
    6 (vir)    21           4.346          -3.115          -4.172          -8.616            5.674
    7 (vir)    21           7.101          -4.494          -3.440          -9.335            8.502
    8 (vir)    21           8.074          -4.664          -6.825         -13.633           10.217
    9 (vir)    21           9.063          -4.259          -5.227         -11.182           10.759
   10 (vir)    21          11.518          -4.260          -4.828         -10.962           13.392
   11 (vir)    21          14.378          -5.258          -5.053         -12.170           16.237
   12 (vir)    21          15.839          -4.261          -1.989          -7.508           17.097
   13 (vir)    21          19.614          -3.925          -1.820          -7.122           20.990
   14 (vir)    21          22.364          -5.166          -1.728          -7.826           23.296
   15 (vir)    21          22.468          -4.067          -1.171          -6.403           23.633
   16 (vir)    21          23.682          -3.250          -1.141          -6.542           25.834
   17 (vir)    21          26.916          -5.455          -1.861          -8.974           28.574
   18 (vir)    21          29.643          -3.351          -2.434          -8.387           32.245
   19 (vir)    21          29.981          -3.109          -2.669          -7.976           32.179
   20 (vir)    21          30.016          -3.325          -1.517          -7.085           32.258
   21 (vir)    21          32.978          -4.593          -2.415         -10.135           36.106
   22 (vir)    21          36.129          -2.593          -1.646          -8.307           40.197
   23 (vir)    21          38.352          -2.062          -0.936         -10.077           45.432
   24 (vir)    21          39.051          -4.354          -1.961         -10.086           42.821
   25 (vir)    21          39.745          -6.533          -2.178         -11.222           42.256
   26 (vir)    21          43.637          -2.931          -1.951         -10.309           49.064
   27 (vir)    21          45.409          -3.544          -1.665         -11.749           51.950
   28 (vir)    21          48.565          -2.763          -2.607         -11.070           54.265
   29 (vir)    21          51.151          -3.331          -2.329         -10.903           56.394
   30 (vir)    21          51.284          -3.041          -1.996         -10.643           56.890
   31 (vir)    21          54.235          -2.659          -0.940          -9.357           59.993
   32 (vir)    21          58.424          -2.554          -0.356         -11.327           66.841
   33 (vir)    21          61.206          -2.718          -2.545         -13.191           69.133
   34 (vir)    21          62.797          -2.238          -2.337         -11.033           69.254
   35 (vir)    21          67.084          -3.224           1.183         -10.292           75.336
   36 (vir)    21          69.642          -1.738          -2.445         -12.273           77.732
   37 (vir)    21          74.711          -3.180           0.177         -12.262           83.970
   38 (vir)    21          78.782           2.284          -7.991         -14.216           87.291
   39 (vir)    21          80.165           5.590          -1.768         -14.686           98.673
   40 (vir)    21          83.428          -1.552          -1.342         -13.102           93.636
   41 (vir)    21          84.376          -0.014          -1.480         -12.445           95.327
   42 (vir)    21          86.907          -0.810          -1.700         -13.388           97.785
   43 (vir)    21          87.403          -1.273           1.380         -12.671          100.181
   44 (vir)    21          93.958          -1.821          -2.498         -15.153          104.792
   45 (vir)    21          95.276          -0.018          -1.470         -13.139          106.928
   46 (vir)    21         102.975          -1.115          -3.632         -15.515          113.743
   47 (vir)    21         109.580          -0.466          -1.583         -12.762          120.293
   48 (vir)    21         110.111          -0.419          -2.487         -13.084          120.289
   49 (vir)    21         111.555          -0.528          -1.586         -12.337          121.779
   50 (vir)    21         112.399          -0.639          -3.610         -13.930          122.081
   51 (vir)    21         122.023          -0.311          -6.424         -14.346          129.634
   52 (vir)    21         132.745           1.256          -7.190         -14.414          141.225
   53 (vir)    21         135.768          -1.923          -2.490         -14.828          146.183
   54 (vir)    21         149.349           2.101          -7.691         -12.851          156.609
   55 (vir)    21         218.531          -1.116           0.152          -9.199          226.766
   56 (vir)    21         322.133          -2.374          -1.223         -17.251          335.787
   57 (vir)    21         421.013           4.669          -2.937         -16.502          439.247
   58 (vir)    21      272113.839          -0.000           0.000          -0.000       272113.838
 
 
  kpoint:      22             coordinate:     0.1429    0.1429    0.0000
 
    n           k   ϵ_nk^DFT (eV)     Σ^c_nk (eV)     Σ^x_nk (eV)    v_nk^xc (eV)   ϵ_nk^G0W0 (eV)
 
    1 (occ)    22         -20.280           8.569         -26.677         -16.546          -21.842
    2 (occ)    22          -8.538           3.701         -22.485         -17.128          -10.193
    3 (occ)    22          -7.443           3.182         -18.289         -13.637           -8.913
    4 (occ)    22          -7.152           3.194         -22.089         -17.370           -8.676
    5 (vir)    22           3.214          -2.266          -1.746          -4.902            4.105
    6 (vir)    22           4.355          -3.329          -4.603          -9.328            5.752
    7 (vir)    22           7.015          -4.198          -3.021          -8.549            8.345
    8 (vir)    22           8.168          -4.686          -6.834         -13.658           10.306
    9 (vir)    22           9.181          -4.377          -5.257         -11.296           10.843
   10 (vir)    22          11.768          -4.255          -4.620         -10.594           13.486
   11 (vir)    22          14.616          -5.432          -5.089         -12.358           16.453
   12 (vir)    22          15.634          -4.225          -2.056          -7.551           16.904
   13 (vir)    22          19.506          -3.927          -1.799          -7.090           20.869
   14 (vir)    22          22.088          -4.096          -1.629          -7.359           23.722
   15 (vir)    22          22.233          -3.956          -1.057          -6.141           23.361
   16 (vir)    22          23.298          -3.517          -1.238          -6.637           25.180
   17 (vir)    22          26.761          -5.132          -2.049          -9.449           29.029
   18 (vir)    22          29.243          -2.674          -1.657          -6.551           31.464
   19 (vir)    22          29.851          -4.125          -2.321          -8.912           32.317
   20 (vir)    22          30.090          -2.722          -2.475          -7.962           32.855
   21 (vir)    22          32.886          -4.749          -2.415         -10.184           35.906
   22 (vir)    22          35.797          -1.855          -1.918          -8.274           40.297
   23 (vir)    22          37.913          -2.701          -1.435          -9.880           43.657
   24 (vir)    22          39.291          -4.488          -1.854          -9.878           42.826
   25 (vir)    22          39.741          -7.814          -2.269         -11.284           40.943
   26 (vir)    22          44.175          -2.807          -2.058         -10.534           49.844
   27 (vir)    22          45.312          -5.198          -2.054         -12.144           50.204
   28 (vir)    22          48.214          -2.233          -2.820         -10.772           53.933
   29 (vir)    22          51.247          -2.679          -2.413         -10.942           57.096
   30 (vir)    22          51.605          -3.320          -1.939         -10.605           56.951
   31 (vir)    22          54.193          -3.104          -1.037          -9.479           59.531
   32 (vir)    22          58.823          -1.786          -1.175         -11.788           67.650
   33 (vir)    22          61.072           0.506          -2.494         -12.852           71.935
   34 (vir)    22          62.486          -2.239          -2.299         -10.907           68.855
   35 (vir)    22          67.430          -3.341           0.728         -10.180           74.997
   36 (vir)    22          68.974          -1.739          -2.396         -12.173           77.011
   37 (vir)    22          74.255           1.329          -0.072         -12.173           87.685
   38 (vir)    22          78.191          -0.775          -7.449         -13.858           83.825
   39 (vir)    22          80.159          -4.127          -2.386         -14.819           88.465
   40 (vir)    22          82.672           6.045          -1.929         -12.549           99.337
   41 (vir)    22          83.710           0.483          -1.375         -11.975           94.793
   42 (vir)    22          86.492          -0.928          -1.813         -13.754           97.505
   43 (vir)    22          87.056          -0.796          -0.992         -13.162           98.430
   44 (vir)    22          94.052          -1.750          -3.019         -15.236          104.518
   45 (vir)    22          94.323          -0.147          -1.511         -12.961          105.627
   46 (vir)    22         103.841          -1.315          -3.996         -15.462          113.993
   47 (vir)    22         106.639          -0.454          -1.563         -12.769          117.391
   48 (vir)    22         110.139          -0.407          -1.700         -12.799          120.831
   49 (vir)    22         110.437          -2.134          -1.609         -13.211          119.905
   50 (vir)    22         112.546           8.018          -2.614         -14.070          132.020
   51 (vir)    22         122.703          -2.477          -4.462         -14.641          130.406
   52 (vir)    22         133.663          -1.433          -4.936         -14.405          141.700
   53 (vir)    22         136.414           0.526          -3.930         -14.332          147.342
   54 (vir)    22         146.980          -3.061          -7.729         -13.085          149.275
   55 (vir)    22         218.669          -0.922          -0.020          -9.196          226.923
   56 (vir)    22         322.035          -2.215          -1.207         -17.258          335.871
   57 (vir)    22         429.196           5.065          -1.367         -16.733          449.627
   58 (vir)    22      272113.839          -0.000           0.000          -0.000       272113.839
 
 
  kpoint:      23             coordinate:     0.1497    0.1497    0.0000
 
    n           k   ϵ_nk^DFT (eV)     Σ^c_nk (eV)     Σ^x_nk (eV)    v_nk^xc (eV)   ϵ_nk^G0W0 (eV)
 
    1 (occ)    23         -20.176           8.531         -26.675         -16.579          -21.740
    2 (occ)    23          -8.759           3.772         -22.504         -17.062          -10.428
    3 (occ)    23          -7.311           3.239         -22.077         -17.301           -8.848
    4 (occ)    23          -7.301           3.126         -18.281         -13.693           -8.763
    5 (vir)    23           3.398          -2.287          -1.751          -4.931            4.291
    6 (vir)    23           4.335          -3.556          -5.047         -10.068            5.800
    7 (vir)    23           6.963          -3.894          -2.589          -7.736            8.216
    8 (vir)    23           8.269          -4.704          -6.837         -13.680           10.408
    9 (vir)    23           9.303          -4.510          -5.260         -11.421           10.954
   10 (vir)    23          12.015          -4.251          -4.348         -10.222           13.638
   11 (vir)    23          14.859          -5.552          -5.083         -12.515           16.738
   12 (vir)    23          15.401          -4.179          -2.112          -7.571           16.682
   13 (vir)    23          19.433          -3.943          -1.791          -7.085           20.785
   14 (vir)    23          21.776          -3.766          -1.503          -6.978           23.485
   15 (vir)    23          21.996          -3.843          -0.949          -5.885           23.088
   16 (vir)    23          22.934          -3.554          -1.309          -6.709           24.779
   17 (vir)    23          26.624          -4.507          -2.214          -9.892           29.795
   18 (vir)    23          28.726          -2.704          -1.498          -6.205           30.729
   19 (vir)    23          29.810          -4.348          -2.498          -9.261           32.224
   20 (vir)    23          30.211          -2.530          -2.134          -7.951           33.497
   21 (vir)    23          32.839          -4.871          -2.413         -10.206           35.762
   22 (vir)    23          35.456          -2.133          -2.021          -8.210           39.513
   23 (vir)    23          37.504          -2.477          -2.092          -9.687           42.622
   24 (vir)    23          39.458          -4.669          -1.759          -9.670           42.700
   25 (vir)    23          39.722          -6.163          -2.363         -11.404           42.600
   26 (vir)    23          44.715          -2.682          -2.170         -10.774           50.637
   27 (vir)    23          45.175          -4.149          -2.676         -12.469           50.819
   28 (vir)    23          47.913          -2.445          -2.614         -10.503           53.357
   29 (vir)    23          51.386          -2.712          -2.384         -10.982           57.272
   30 (vir)    23          51.971          -4.082          -1.854         -10.552           56.587
   31 (vir)    23          54.131          -3.507          -1.162          -9.607           59.068
   32 (vir)    23          59.089           0.230          -2.441         -12.535           69.413
   33 (vir)    23          61.076          -1.191          -2.186         -12.192           69.891
   34 (vir)    23          62.137          -2.263          -2.243         -10.760           68.390
   35 (vir)    23          67.769           3.781          -0.614         -10.116           81.053
   36 (vir)    23          68.340          -1.755          -2.357         -12.102           76.330
   37 (vir)    23          73.665           0.462          -0.944         -12.212           85.395
   38 (vir)    23          77.576          -1.746          -5.125         -13.576           84.281
   39 (vir)    23          80.146          -3.258          -2.744         -14.311           88.456
   40 (vir)    23          81.970          -0.209          -3.123         -12.604           91.241
   41 (vir)    23          82.949           1.325          -1.314         -11.690           94.650
   42 (vir)    23          86.190          -0.954          -1.891         -13.954           97.300
   43 (vir)    23          86.919          -0.834          -2.561         -13.596           97.120
   44 (vir)    23          93.200          -0.288          -1.575         -12.754          104.091
   45 (vir)    23          94.236          -2.233          -3.167         -15.237          104.072
   46 (vir)    23         104.127          -0.457          -1.583         -13.058          115.146
   47 (vir)    23         104.528          -1.943          -3.668         -15.338          114.255
   48 (vir)    23         108.948           0.343          -1.756         -12.998          120.533
   49 (vir)    23         110.983          -0.568          -1.227         -13.369          122.557
   50 (vir)    23         112.613           3.690          -1.564         -14.206          128.945
   51 (vir)    23         123.307           1.533          -1.922         -14.925          137.842
   52 (vir)    23         134.247          -0.353          -2.107         -14.452          146.239
   53 (vir)    23         137.495           0.906          -3.136         -13.795          149.060
   54 (vir)    23         145.523           0.629          -5.010         -13.345          154.486
   55 (vir)    23         218.784          -0.872          -0.216          -9.191          226.887
   56 (vir)    23         321.926          -1.579          -1.025         -17.266          336.588
   57 (vir)    23         436.754          -2.452           0.474         -16.949          451.725
   58 (vir)    23      272113.839          -0.000           0.000          -0.000       272113.839
 
 
  kpoint:      24             coordinate:     0.1565    0.1565    0.0000
 
    n           k   ϵ_nk^DFT (eV)     Σ^c_nk (eV)     Σ^x_nk (eV)    v_nk^xc (eV)   ϵ_nk^G0W0 (eV)
 
    1 (occ)    24         -20.069           8.493         -26.674         -16.614          -21.636
    2 (occ)    24          -8.978           3.843         -22.521         -16.997          -10.660
    3 (occ)    24          -7.472           3.285         -22.067         -17.233           -9.022
    4 (occ)    24          -7.154           3.067         -18.275         -13.754           -8.608
    5 (vir)    24           3.589          -2.310          -1.758          -4.964            4.486
    6 (vir)    24           4.282          -3.776          -5.466         -10.771            5.811
    7 (vir)    24           6.948          -3.603          -2.180          -6.960            8.124
    8 (vir)    24           8.378          -4.722          -6.835         -13.698           10.519
    9 (vir)    24           9.428          -4.619          -5.263         -11.555           11.100
   10 (vir)    24          12.260          -4.180          -4.052          -9.854           13.882
   11 (vir)    24          15.104          -5.605          -5.058         -12.628           17.070
   12 (vir)    24          15.148          -4.127          -2.157          -7.571           16.435
   13 (vir)    24          19.388          -3.966          -1.792          -7.098           20.727
   14 (vir)    24          21.442          -3.712          -1.369          -6.698           23.059
   15 (vir)    24          21.761          -3.736          -0.847          -5.640           22.818
   16 (vir)    24          22.587          -3.706          -1.358          -6.760           24.284
   17 (vir)    24          26.496          -4.611          -2.379         -10.294           29.799
   18 (vir)    24          28.206          -2.806          -1.461          -6.103           30.041
   19 (vir)    24          29.783          -4.527          -2.541          -9.373           32.088
   20 (vir)    24          30.333          -1.920          -1.821          -7.936           34.528
   21 (vir)    24          32.832          -4.930          -2.408         -10.203           35.697
   22 (vir)    24          35.121          -2.245          -1.921          -8.123           39.078
   23 (vir)    24          37.126          -1.240          -2.619          -9.503           42.770
   24 (vir)    24          39.550          -4.851          -1.682          -9.480           42.496
   25 (vir)    24          39.685          -4.782          -2.459         -11.569           44.012
   26 (vir)    24          45.008          -2.270          -3.242         -12.714           52.210
   27 (vir)    24          45.268          -2.538          -2.276         -11.011           51.465
   28 (vir)    24          47.675          -3.203          -2.150         -10.273           52.596
   29 (vir)    24          51.555          -3.013          -2.293         -11.027           57.277
   30 (vir)    24          52.351          -5.587          -1.722         -10.478           55.520
   31 (vir)    24          54.054          -3.523          -1.332          -9.739           58.938
   32 (vir)    24          59.163          -1.347          -3.460         -13.317           67.673
   33 (vir)    24          61.259          -3.188          -1.792         -11.480           67.759
   34 (vir)    24          61.772          -2.265          -2.166         -10.607           67.947
   35 (vir)    24          67.769          -1.802          -2.324         -12.067           75.710
   36 (vir)    24          68.094           1.312          -2.046         -10.096           77.455
   37 (vir)    24          72.984          -0.572          -1.875         -12.329           82.865
   38 (vir)    24          76.982          -0.826          -2.859         -13.339           86.637
   39 (vir)    24          79.837          -2.685          -1.931         -12.912           88.133
   40 (vir)    24          81.657          -0.459          -4.334         -13.602           90.464
   41 (vir)    24          82.125           2.787          -1.277         -11.518           95.153
   42 (vir)    24          85.950          -0.897          -1.951         -14.053           97.155
   43 (vir)    24          86.956          -1.635          -3.124         -13.927           96.124
   44 (vir)    24          91.930          -0.236          -1.655         -12.558          102.597
   45 (vir)    24          94.467          -2.350          -3.036         -15.190          104.272
   46 (vir)    24         102.165           0.040          -1.580         -13.378          114.003
   47 (vir)    24         105.027          -2.592          -2.954         -15.167          114.648
   48 (vir)    24         107.829           1.024          -1.796         -13.137          120.194
   49 (vir)    24         111.747          -0.402          -1.290         -13.449          123.505
   50 (vir)    24         112.610          -0.092          -1.303         -14.431          125.645
   51 (vir)    24         123.807          -2.404          -0.779         -15.160          135.784
   52 (vir)    24         134.446          -3.364          -1.418         -14.284          143.948
   53 (vir)    24         138.568          -1.241          -1.837         -13.686          149.176
   54 (vir)    24         145.466          -3.432          -0.335         -13.459          155.157
   55 (vir)    24         218.886          -0.894          -0.353          -9.186          226.825
   56 (vir)    24         321.809          -0.885          -0.822         -17.273          337.376
   57 (vir)    24         443.498          -0.914           0.747         -17.144          460.476
   58 (vir)    24      272113.839          -0.000           0.000          -0.000       272113.839
 
 
  kpoint:      25             coordinate:     0.1633    0.1633    0.0000
 
    n           k   ϵ_nk^DFT (eV)     Σ^c_nk (eV)     Σ^x_nk (eV)    v_nk^xc (eV)   ϵ_nk^G0W0 (eV)
 
    1 (occ)    25         -19.959           8.454         -26.675         -16.652          -21.528
    2 (occ)    25          -9.194           3.912         -22.537         -16.932          -10.888
    3 (occ)    25          -7.634           3.331         -22.059         -17.165           -9.197
    4 (occ)    25          -7.003           3.007         -18.270         -13.820           -8.446
    5 (vir)    25           3.790          -2.334          -1.766          -5.001            4.691
    6 (vir)    25           4.197          -3.968          -5.829         -11.379            5.779
    7 (vir)    25           6.971          -3.346          -1.828          -6.280            8.078
    8 (vir)    25           8.493          -4.741          -6.829         -13.714           10.637
    9 (vir)    25           9.555          -4.686          -5.289         -11.695           11.276
   10 (vir)    25          12.506          -4.009          -3.792          -9.496           14.202
   11 (vir)    25          14.881          -4.072          -2.191          -7.553           16.170
   12 (vir)    25          15.346          -5.611          -5.020         -12.683           17.398
   13 (vir)    25          19.357          -3.991          -1.800          -7.117           20.682
   14 (vir)    25          21.097          -3.660          -1.266          -6.513           22.684
   15 (vir)    25          21.531          -3.643          -0.751          -5.415           22.552
   16 (vir)    25          22.258          -3.835          -1.459          -6.811           23.774
   17 (vir)    25          26.369          -5.258          -2.573         -10.654           29.191
   18 (vir)    25          27.701          -2.934          -1.449          -6.054           29.373
   19 (vir)    25          29.761          -4.709          -2.544          -9.433           31.941
   20 (vir)    25          30.444          -1.260          -1.688          -7.911           35.408
   21 (vir)    25          32.856          -4.925          -2.400         -10.181           35.713
   22 (vir)    25          34.809          -2.380          -1.662          -8.018           38.784
   23 (vir)    25          36.776          -1.402          -2.898          -9.337           41.813
   24 (vir)    25          39.571          -5.018          -1.626          -9.321           42.247
   25 (vir)    25          39.629          -4.308          -2.573         -11.766           44.515
   26 (vir)    25          44.823          -2.498          -3.491         -12.875           51.709
   27 (vir)    25          45.838          -2.369          -2.367         -11.232           52.333
   28 (vir)    25          47.507          -2.603          -1.761         -10.090           53.234
   29 (vir)    25          51.743          -3.176          -2.197         -11.077           57.447
   30 (vir)    25          52.663          -7.038          -1.524         -10.364           54.465
   31 (vir)    25          54.016          -3.168          -1.561          -9.891           59.177
   32 (vir)    25          59.078          -1.816          -3.748         -13.822           67.335
   33 (vir)    25          61.423          -2.186          -2.071         -10.467           67.633
   34 (vir)    25          61.562          -3.635          -1.567         -11.035           67.396
   35 (vir)    25          67.273          -2.755          -2.296         -12.064           74.286
   36 (vir)    25          68.388           0.511          -2.739         -10.123           76.282
   37 (vir)    25          72.248          -1.257          -2.469         -12.485           81.006
   38 (vir)    25          76.427          -1.000          -1.637         -13.139           86.928
   39 (vir)    25          79.263          -1.814          -1.083         -11.868           88.234
   40 (vir)    25          81.247           4.609          -1.251         -11.397           96.002
   41 (vir)    25          81.768          -0.854          -4.346         -14.290           90.858
   42 (vir)    25          85.743          -0.769          -2.011         -14.109           97.073
   43 (vir)    25          87.133          -2.093          -3.086         -14.183           96.136
   44 (vir)    25          90.591           0.173          -1.728         -12.406          101.442
   45 (vir)    25          94.722          -1.515          -2.794         -15.113          105.526
   46 (vir)    25         100.680           1.007          -1.556         -13.649          113.780
   47 (vir)    25         105.370          -3.928          -2.481         -14.994          113.954
   48 (vir)    25         106.754           0.621          -1.828         -13.253          118.799
   49 (vir)    25         112.400           0.475          -1.430         -13.430          124.875
   50 (vir)    25         112.846           0.741          -1.729         -14.732          126.589
   51 (vir)    25         124.206          -2.011          -1.143         -15.334          136.385
   52 (vir)    25         134.415          -1.154          -1.473         -13.972          145.760
   53 (vir)    25         139.058          -1.237          -1.824         -14.058          150.056
   54 (vir)    25         147.190          -1.279           1.380         -13.303          160.595
   55 (vir)    25         218.983          -0.986          -0.399          -9.181          226.780
   56 (vir)    25         321.684          -2.153          -0.726         -17.281          336.085
   57 (vir)    25         449.255          -0.842          -0.964         -17.316          464.766
   58 (vir)    25      272113.839           0.001           0.000          -0.000       272113.840
 
 
  kpoint:      26             coordinate:     0.1701    0.1701    0.0000
 
    n           k   ϵ_nk^DFT (eV)     Σ^c_nk (eV)     Σ^x_nk (eV)    v_nk^xc (eV)   ϵ_nk^G0W0 (eV)
 
    1 (occ)    26         -19.846           8.415         -26.678         -16.691          -21.417
    2 (occ)    26          -9.406           3.979         -22.551         -16.867          -11.111
    3 (occ)    26          -7.798           3.379         -22.053         -17.098           -9.374
    4 (occ)    26          -6.847           2.945         -18.269         -13.891           -8.280
    5 (vir)    26           3.998          -2.358          -1.776          -5.043            4.908
    6 (vir)    26           4.082          -4.118          -6.117         -11.858            5.705
    7 (vir)    26           7.030          -3.134          -1.550          -5.732            8.078
    8 (vir)    26           8.615          -4.764          -6.820         -13.726           10.757
    9 (vir)    26           9.684          -4.725          -5.336         -11.839           11.462
   10 (vir)    26          12.752          -3.769          -3.596          -9.156           14.542
   11 (vir)    26          14.604          -4.015          -2.216          -7.520           15.892
   12 (vir)    26          15.579          -5.605          -4.955         -12.660           17.678
   13 (vir)    26          19.328          -4.010          -1.806          -7.122           20.634
   14 (vir)    26          20.753          -3.643          -1.227          -6.409           22.291
   15 (vir)    26          21.316          -3.571          -0.669          -5.224           22.301
   16 (vir)    26          21.946          -3.533          -1.671          -6.886           23.628
   17 (vir)    26          26.235          -5.702          -2.799         -10.975           28.709
   18 (vir)    26          27.216          -3.059          -1.445          -6.030           28.741
   19 (vir)    26          29.741          -4.897          -2.525          -9.468           31.788
   20 (vir)    26          30.526          -0.957          -1.753          -7.872           35.689
   21 (vir)    26          32.908          -4.870          -2.389         -10.144           35.791
   22 (vir)    26          34.534          -2.618          -1.345          -7.897           38.468
   23 (vir)    26          36.458          -2.518          -2.931          -9.197           40.205
   24 (vir)    26          39.531          -5.243          -1.592          -9.202           41.898
   25 (vir)    26          39.558          -4.503          -2.714         -11.982           44.323
   26 (vir)    26          44.632          -3.648          -3.384         -12.962           50.562
   27 (vir)    26          46.428          -2.194          -2.440         -11.428           53.222
   28 (vir)    26          47.412          -1.766          -1.642          -9.957           53.961
   29 (vir)    26          51.943          -2.911          -2.124         -11.128           58.035
   30 (vir)    26          52.748          -3.219          -1.369         -10.223           58.383
   31 (vir)    26          54.146          -2.676          -1.738         -10.042           59.774
   32 (vir)    26          58.903          -2.917          -3.476         -14.085           66.595
   33 (vir)    26          61.127          -1.970          -1.971         -10.359           67.545
   34 (vir)    26          61.889          -4.344          -1.466         -10.828           66.907
   35 (vir)    26          66.849          -4.669          -2.273         -12.085           71.991
   36 (vir)    26          68.613           0.302          -2.397         -10.196           76.714
   37 (vir)    26          71.484          -2.228          -2.644         -12.654           79.267
   38 (vir)    26          75.924          -1.221          -1.439         -12.978           86.243
   39 (vir)    26          78.738          -1.351          -0.742         -11.345           87.989
   40 (vir)    26          80.310          -9.192          -1.226         -11.297           81.188
   41 (vir)    26          82.063          -1.180          -3.419         -14.482           91.946
   42 (vir)    26          85.555          -0.594          -2.080         -14.158           97.039
   43 (vir)    26          87.426          -2.030          -2.820         -14.394           96.970
   44 (vir)    26          89.290           0.704          -1.775         -12.301          100.519
   45 (vir)    26          94.986          -0.885          -2.497         -15.014          106.618
   46 (vir)    26          99.552           1.680          -1.527         -13.850          113.555
   47 (vir)    26         105.606          -1.573          -2.440         -14.848          116.441
   48 (vir)    26         105.714           0.146          -1.857         -13.357          117.360
   49 (vir)    26         112.306          -0.311          -2.073         -13.973          123.895
   50 (vir)    26         113.918           3.802          -1.663         -14.426          130.482
   51 (vir)    26         124.518          -3.372          -2.044         -15.454          134.556
   52 (vir)    26         134.295          -2.452          -1.459         -13.661          144.046
   53 (vir)    26         139.204          -1.483          -1.597         -14.515          150.640
   54 (vir)    26         150.263           0.500          -2.311         -13.111          161.562
   55 (vir)    26         219.085          -1.514          -0.364          -9.176          226.383
   56 (vir)    26         321.549          -2.162          -0.760         -17.288          335.916
   57 (vir)    26         453.882          -0.397          -3.091         -17.459          467.853
   58 (vir)    26      272113.839          -0.000           0.000          -0.000       272113.839
 
 
  kpoint:      27             coordinate:     0.1769    0.1769    0.0000
 
    n           k   ϵ_nk^DFT (eV)     Σ^c_nk (eV)     Σ^x_nk (eV)    v_nk^xc (eV)   ϵ_nk^G0W0 (eV)
 
    1 (occ)    27         -19.730           8.375         -26.681         -16.733          -21.304
    2 (occ)    27          -9.614           4.045         -22.563         -16.802          -11.329
    3 (occ)    27          -7.961           3.427         -22.048         -17.032           -9.551
    4 (occ)    27          -6.688           2.883         -18.270         -13.967           -8.109
    5 (vir)    27           3.942          -4.222          -6.330         -12.203            5.593
    6 (vir)    27           4.215          -2.386          -1.786          -5.091            5.134
    7 (vir)    27           7.121          -2.970          -1.347          -5.320            8.123
    8 (vir)    27           8.743          -4.790          -6.808         -13.735           10.880
    9 (vir)    27           9.815          -4.771          -5.385         -11.981           11.639
   10 (vir)    27          13.002          -3.561          -3.430          -8.836           14.847
   11 (vir)    27          14.323          -3.955          -2.234          -7.475           15.609
   12 (vir)    27          15.794          -5.601          -4.839         -12.539           17.893
   13 (vir)    27          19.286          -4.013          -1.798          -7.087           20.562
   14 (vir)    27          20.416          -3.698          -1.268          -6.374           21.823
   15 (vir)    27          21.122          -3.521          -0.610          -5.091           22.081
   16 (vir)    27          21.656          -3.071          -1.949          -7.012           23.649
   17 (vir)    27          26.090          -5.938          -3.029         -11.263           28.385
   18 (vir)    27          26.753          -3.158          -1.449          -6.023           28.170
   19 (vir)    27          29.725          -5.092          -2.489          -9.481           31.625
   20 (vir)    27          30.560          -0.800          -1.883          -7.815           35.693
   21 (vir)    27          32.981          -4.792          -2.378         -10.097           35.908
   22 (vir)    27          34.307          -2.972          -1.119          -7.758           37.974
   23 (vir)    27          36.182          -2.073          -2.723          -9.096           40.481
   24 (vir)    27          39.444          -5.815          -1.576          -9.122           41.175
   25 (vir)    27          39.476          -5.158          -2.877         -12.203           43.644
   26 (vir)    27          44.447          -5.750          -3.112         -12.991           48.576
   27 (vir)    27          47.038          -2.048          -2.496         -11.596           54.091
   28 (vir)    27          47.386          -1.223          -1.723          -9.867           54.306
   29 (vir)    27          52.152          -2.493          -2.075         -11.176           58.759
   30 (vir)    27          52.546          -2.523          -1.399         -10.158           58.782
   31 (vir)    27          54.479          -2.112          -1.720         -10.088           60.735
   32 (vir)    27          58.687          -4.415          -3.027         -14.222           65.466
   33 (vir)    27          60.913          -1.619          -1.882         -10.295           67.707
   34 (vir)    27          62.172          -3.880          -1.423         -10.744           67.614
   35 (vir)    27          66.486          -5.174          -2.261         -12.123           71.174
   36 (vir)    27          68.710          -1.558          -1.590         -10.308           75.871
   37 (vir)    27          70.707          -2.465          -2.518         -12.821           78.545
   38 (vir)    27          75.486          -1.577          -1.538         -12.859           85.231
   39 (vir)    27          78.448          -0.995          -1.102         -11.033           87.384
   40 (vir)    27          79.316           4.917          -1.205         -11.207           94.236
   41 (vir)    27          82.427          -1.760          -2.062         -14.482           93.086
   42 (vir)    27          85.379          -0.411          -2.169         -14.218           97.018
   43 (vir)    27          87.819          -2.159          -2.551         -14.580           97.690
   44 (vir)    27          88.117           0.964          -1.783         -12.217           99.515
   45 (vir)    27          95.254          -0.896          -2.022         -14.895          107.231
   46 (vir)    27          98.669           1.832          -1.505         -13.991          112.987
   47 (vir)    27         104.704          -0.142          -1.885         -13.452          116.129
   48 (vir)    27         105.781          -1.005          -2.487         -14.736          117.024
   49 (vir)    27         112.114          -0.144          -2.241         -14.083          123.812
   50 (vir)    27         115.146          -8.964          -1.602         -14.508          119.087
   51 (vir)    27         124.762          -1.192          -2.569         -15.535          136.536
   52 (vir)    27         134.223          -0.625          -1.360         -13.423          145.660
   53 (vir)    27         139.348          -4.291          -1.442         -14.856          148.472
   54 (vir)    27         154.148          -5.104          -5.694         -12.987          156.338
   55 (vir)    27         219.198          -1.123          -0.277          -9.172          226.970
   56 (vir)    27         321.406          -2.410          -0.832         -17.295          335.460
   57 (vir)    27         457.261           1.295          -3.388         -17.572          472.740
   58 (vir)    27      272113.839          -0.000          -0.000          -0.000       272113.839
 
 
  kpoint:      28             coordinate:     0.1837    0.1837    0.0000
 
    n           k   ϵ_nk^DFT (eV)     Σ^c_nk (eV)     Σ^x_nk (eV)    v_nk^xc (eV)   ϵ_nk^G0W0 (eV)
 
    1 (occ)    28         -19.613           8.334         -26.687         -16.777          -21.188
    2 (occ)    28          -9.816           4.108         -22.572         -16.737          -11.542
    3 (occ)    28          -8.125           3.476         -22.045         -16.967           -9.728
    4 (occ)    28          -6.524           2.819         -18.275         -14.048           -7.933
    5 (vir)    28           3.782          -4.284          -6.478         -12.430            5.450
    6 (vir)    28           4.441          -2.418          -1.796          -5.144            5.370
    7 (vir)    28           7.237          -2.851          -1.209          -5.029            8.206
    8 (vir)    28           8.876          -4.818          -6.793         -13.740           11.005
    9 (vir)    28           9.947          -4.855          -5.416         -12.120           11.797
   10 (vir)    28          13.258          -3.486          -3.221          -8.543           15.094
   11 (vir)    28          14.041          -3.891          -2.245          -7.419           15.324
   12 (vir)    28          15.983          -5.579          -4.655         -12.297           18.046
   13 (vir)    28          19.216          -3.989          -1.759          -6.981           20.449
   14 (vir)    28          20.093          -3.805          -1.375          -6.395           21.309
   15 (vir)    28          20.959          -3.496          -0.590          -5.038           21.911
   16 (vir)    28          21.395          -3.013          -2.162          -7.218           23.438
   17 (vir)    28          25.931          -6.184          -3.224         -11.522           28.044
   18 (vir)    28          26.317          -3.221          -1.462          -6.035           27.670
   19 (vir)    28          29.714          -5.294          -2.440          -9.470           31.450
   20 (vir)    28          30.530          -0.577          -1.893          -7.744           35.804
   21 (vir)    28          33.075          -4.710          -2.368         -10.047           36.043
   22 (vir)    28          34.125          -4.680          -1.118          -7.598           35.925
   23 (vir)    28          35.967          -1.977          -2.251          -9.043           40.782
   24 (vir)    28          39.322          -6.920          -1.578          -9.080           39.905
   25 (vir)    28          39.390          -6.120          -3.034         -12.415           42.652
   26 (vir)    28          44.277          -5.472          -2.928         -12.980           48.858
   27 (vir)    28          47.425           1.256          -1.800          -9.812           56.692
   28 (vir)    28          47.665          -1.964          -2.537         -11.738           54.903
   29 (vir)    28          52.162          -2.574          -1.501         -10.157           58.244
   30 (vir)    28          52.366          -2.080          -2.041         -11.221           59.466
   31 (vir)    28          54.883          -1.354          -1.616         -10.044           61.958
   32 (vir)    28          58.453          -5.948          -2.725         -14.296           64.076
   33 (vir)    28          60.801          -1.226          -1.817         -10.273           68.031
   34 (vir)    28          62.377          -0.535          -1.402         -10.723           71.163
   35 (vir)    28          66.171          -5.060          -2.259         -12.172           71.023
   36 (vir)    28          68.624           1.490          -1.370         -10.438           79.182
   37 (vir)    28          69.926          -3.687          -2.248         -12.973           76.963
   38 (vir)    28          75.103          -0.788          -1.296         -12.757           85.776
   39 (vir)    28          78.282           4.817          -1.192         -11.129           93.036
   40 (vir)    28          78.500          -3.109          -1.804         -10.863           84.450
   41 (vir)    28          82.825          -2.263          -0.665         -14.407           94.304
   42 (vir)    28          85.209          -0.251          -2.288         -14.298           96.968
   43 (vir)    28          87.122           0.859          -1.741         -12.130           98.369
   44 (vir)    28          88.297          -3.581          -2.386         -14.749           97.078
   45 (vir)    28          95.529          -1.025          -1.206         -14.761          108.058
   46 (vir)    28          97.944           1.756          -1.493         -14.094          112.300
   47 (vir)    28         103.721          -0.301          -1.915         -13.541          115.046
   48 (vir)    28         105.925          -3.453          -2.170         -14.654          114.956
   49 (vir)    28         111.890          -0.478          -1.800         -14.135          123.747
   50 (vir)    28         116.446          -3.959          -1.525         -14.611          125.573
   51 (vir)    28         124.956          -1.755          -2.381         -15.588          136.408
   52 (vir)    28         134.309          -0.425          -1.315         -13.253          145.822
   53 (vir)    28         139.578          -3.217          -1.444         -15.077          149.995
   54 (vir)    28         158.591          -5.786          -2.071         -12.920          163.654
   55 (vir)    28         219.331          -1.158          -0.173          -9.169          227.168
   56 (vir)    28         321.253          -2.488          -0.812         -17.302          335.255
   57 (vir)    28         459.305          -0.251          -0.912         -17.652          475.794
   58 (vir)    28      272113.839           0.000          -0.000          -0.000       272113.839
 
 
  kpoint:      29             coordinate:     0.1905    0.1905    0.0000
 
    n           k   ϵ_nk^DFT (eV)     Σ^c_nk (eV)     Σ^x_nk (eV)    v_nk^xc (eV)   ϵ_nk^G0W0 (eV)
 
    1 (occ)    29         -19.493           8.293         -26.694         -16.823          -21.070
    2 (occ)    29         -10.012           4.169         -22.577         -16.672          -11.747
    3 (occ)    29          -8.289           3.525         -22.044         -16.903           -9.905
    4 (occ)    29          -6.358           2.755         -18.285         -14.135           -7.752
    5 (vir)    29           3.608          -4.311          -6.575         -12.563            5.285
    6 (vir)    29           4.674          -2.457          -1.807          -5.204            5.615
    7 (vir)    29           7.375          -2.769          -1.121          -4.836            8.321
    8 (vir)    29           9.013          -4.845          -6.774         -13.739           11.133
    9 (vir)    29          10.080          -4.973          -5.420         -12.251           11.938
   10 (vir)    29          13.520          -3.559          -2.922          -8.278           15.317
   11 (vir)    29          13.764          -3.825          -2.249          -7.352           15.042
   12 (vir)    29          16.135          -5.500          -4.402         -11.914           18.147
   13 (vir)    29          19.107          -3.929          -1.683          -6.791           20.286
   14 (vir)    29          19.789          -3.930          -1.507          -6.463           20.815
   15 (vir)    29          20.833          -3.492          -0.614          -5.074           21.801
   16 (vir)    29          21.170          -3.729          -2.210          -7.529           22.761
   17 (vir)    29          25.756          -6.487          -3.361         -11.756           27.664
   18 (vir)    29          25.911          -3.253          -1.483          -6.067           27.242
   19 (vir)    29          29.707          -5.492          -2.380          -9.435           31.269
   20 (vir)    29          30.428          -4.459          -1.697          -7.665           31.938
   21 (vir)    29          33.185          -4.632          -2.359          -9.996           36.190
   22 (vir)    29          33.961          -1.508          -1.327          -7.428           38.554
   23 (vir)    29          35.850          -5.844          -1.572          -9.026           37.460
   24 (vir)    29          39.180          -7.673          -1.593          -9.070           38.984
   25 (vir)    29          39.308          -7.325          -3.160         -12.610           41.434
   26 (vir)    29          44.132         -10.075          -2.956         -12.944           44.046
   27 (vir)    29          47.520           0.828          -1.731          -9.787           56.404
   28 (vir)    29          48.304          -1.958          -2.569         -11.854           55.631
   29 (vir)    29          51.681          -2.374          -1.603         -10.178           57.882
   30 (vir)    29          52.586          -0.621          -2.019         -11.262           61.207
   31 (vir)    29          55.256          -0.795          -1.503          -9.967           62.925
   32 (vir)    29          58.214          -3.690          -2.729         -14.335           66.130
   33 (vir)    29          60.801          -0.904          -1.777         -10.278           68.398
   34 (vir)    29          62.494          -1.461          -1.375         -10.741           70.399
   35 (vir)    29          65.895          -4.436          -2.266         -12.227           71.419
   36 (vir)    29          68.343          -3.058          -2.213         -10.564           73.636
   37 (vir)    29          69.144         -11.545          -1.926         -13.094           68.767
   38 (vir)    29          74.741          -1.047          -0.758         -12.637           85.574
   39 (vir)    29          77.241          -9.078          -1.189         -11.064           78.039
   40 (vir)    29          78.929          -2.921          -2.188         -10.852           84.672
   41 (vir)    29          83.246          -1.865           0.382         -14.296           96.059
   42 (vir)    29          85.033          -0.135          -2.443         -14.375           96.829
   43 (vir)    29          86.325           0.593          -1.644         -12.049           97.322
   44 (vir)    29          88.842          -0.105          -2.332         -14.903          101.308
   45 (vir)    29          95.820          -1.922          -0.081         -14.613          108.430
   46 (vir)    29          97.319           1.618          -1.492         -14.171          111.616
   47 (vir)    29         102.765          -0.386          -1.945         -13.623          114.057
   48 (vir)    29         106.062          -1.923          -1.336         -14.595          117.398
   49 (vir)    29         111.659          -1.272          -0.896         -14.172          123.662
   50 (vir)    29         117.789          -1.499          -1.435         -14.705          129.560
   51 (vir)    29         125.116          -4.460          -1.679         -15.616          134.593
   52 (vir)    29         134.630          -0.507          -1.326         -13.122          145.919
   53 (vir)    29         139.891          -0.598          -1.433         -15.212          153.071
   54 (vir)    29         163.466           1.150          10.344         -12.891          187.851
   55 (vir)    29         219.490          -1.247          -0.084          -9.167          227.326
   56 (vir)    29         321.088          -1.237          -0.640         -17.309          336.520
   57 (vir)    29         459.965          -0.896           3.068         -17.700          479.836
   58 (vir)    29      272113.839           0.000          -0.001          -0.000       272113.838
 
 
  kpoint:      30             coordinate:     0.1973    0.1973    0.0000
 
    n           k   ϵ_nk^DFT (eV)     Σ^c_nk (eV)     Σ^x_nk (eV)    v_nk^xc (eV)   ϵ_nk^G0W0 (eV)
 
    1 (occ)    30         -19.372           8.252         -26.703         -16.872          -20.951
    2 (occ)    30         -10.202           4.227         -22.578         -16.607          -11.945
    3 (occ)    30          -8.452           3.575         -22.045         -16.840          -10.081
    4 (occ)    30          -6.188           2.690         -18.300         -14.229           -7.569
    5 (vir)    30           3.423          -4.313          -6.633         -12.625            5.102
    6 (vir)    30           4.916          -2.498          -1.820          -5.273            5.871
    7 (vir)    30           7.529          -2.717          -1.073          -4.721            8.460
    8 (vir)    30           9.153          -4.871          -6.750         -13.733           11.265
    9 (vir)    30          10.216          -5.097          -5.411         -12.370           12.077
   10 (vir)    30          13.493          -3.755          -2.246          -7.273           14.765
   11 (vir)    30          13.790          -3.679          -2.572          -8.046           15.585
   12 (vir)    30          16.238          -5.334          -4.093         -11.387           18.198
   13 (vir)    30          18.955          -3.834          -1.577          -6.534           20.079
   14 (vir)    30          19.506          -4.003          -1.610          -6.562           20.455
   15 (vir)    30          20.743          -3.501          -0.673          -5.173           21.742
   16 (vir)    30          20.993          -4.902          -2.141          -7.963           21.913
   17 (vir)    30          25.537          -3.268          -1.513          -6.124           26.880
   18 (vir)    30          25.567          -6.799          -3.444         -11.968           27.292
   19 (vir)    30          29.704          -5.659          -2.311          -9.373           31.107
   20 (vir)    30          30.260          -2.882          -1.378          -7.590           33.591
   21 (vir)    30          33.312          -4.554          -2.353          -9.948           36.352
   22 (vir)    30          33.775          -0.893          -1.532          -7.282           38.632
   23 (vir)    30          35.869           2.349          -0.943          -9.006           46.281
   24 (vir)    30          39.028          -7.785          -1.620          -9.086           38.709
   25 (vir)    30          39.237          -8.377          -3.245         -12.782           40.397
   26 (vir)    30          44.017          -5.744          -3.139         -12.894           48.028
   27 (vir)    30          47.666           2.865          -1.530          -9.785           58.787
   28 (vir)    30          48.944          -2.044          -2.598         -11.939           56.241
   29 (vir)    30          51.152          -2.085          -1.687         -10.220           57.600
   30 (vir)    30          52.811         -12.668          -2.012         -11.299           49.429
   31 (vir)    30          55.530          -0.682          -1.403          -9.885           63.330
   32 (vir)    30          57.977          -2.013          -2.994         -14.353           67.322
   33 (vir)    30          60.914          -0.678          -1.749         -10.287           68.775
   34 (vir)    30          62.530          -5.910          -1.345         -10.787           66.061
   35 (vir)    30          65.655          -0.730          -2.277         -12.285           74.933
   36 (vir)    30          67.905           0.693          -3.520         -10.678           75.755
   37 (vir)    30          68.364          -1.755          -1.625         -13.178           78.163
   38 (vir)    30          74.377          -1.469          -0.244         -12.496           85.159
   39 (vir)    30          76.235          -9.293          -1.196         -11.017           76.763
   40 (vir)    30          79.686          -1.865          -2.122         -10.994           86.693
   41 (vir)    30          83.685          -0.232           0.748         -14.166           98.367
   42 (vir)    30          84.826          -0.106          -2.596         -14.312           96.436
   43 (vir)    30          85.733           0.334          -1.535         -12.105           96.637
   44 (vir)    30          89.432           1.962          -2.319         -15.043          104.118
   45 (vir)    30          96.146          -2.199           0.991         -14.458          109.396
   46 (vir)    30          96.755           1.455          -1.498         -14.233          110.945
   47 (vir)    30         101.838          -0.428          -1.974         -13.699          113.135
   48 (vir)    30         106.207           1.327          -0.259         -14.554          121.829
   49 (vir)    30         111.440          -1.342           0.077         -14.206          124.381
   50 (vir)    30         119.146          -3.013          -1.365         -14.797          129.565
   51 (vir)    30         125.266           0.331          -0.899         -15.615          140.312
   52 (vir)    30         135.233          -0.347          -1.317         -13.004          146.573
   53 (vir)    30         140.265          -1.469          -1.294         -15.289          152.791
   54 (vir)    30         168.688           3.650          26.427         -12.887          211.652
   55 (vir)    30         219.681          -0.804          -0.034          -9.168          228.011
   56 (vir)    30         320.909          -2.225          -0.381         -17.316          335.619
   57 (vir)    30         459.234           5.558           6.008         -17.714          488.515
   58 (vir)    30      272113.839           0.000          -0.001          -0.000       272113.838
 
 
  kpoint:      31             coordinate:     0.2041    0.2041    0.0000
 
    n           k   ϵ_nk^DFT (eV)     Σ^c_nk (eV)     Σ^x_nk (eV)    v_nk^xc (eV)   ϵ_nk^G0W0 (eV)
 
    1 (occ)    31         -19.251           8.211         -26.716         -16.923          -20.831
    2 (occ)    31         -10.385           4.282         -22.575         -16.542          -12.136
    3 (occ)    31          -8.613           3.625         -22.048         -16.779          -10.257
    4 (occ)    31          -6.017           2.626         -18.320         -14.330           -7.382
    5 (vir)    31           3.232          -4.296          -6.661         -12.634            4.909
    6 (vir)    31           5.166          -2.535          -1.842          -5.350            6.140
    7 (vir)    31           7.694          -2.689          -1.055          -4.666            8.617
    8 (vir)    31           9.296          -4.897          -6.719         -13.718           11.398
    9 (vir)    31          10.353          -5.189          -5.410         -12.475           12.229
   10 (vir)    31          13.232          -3.682          -2.234          -7.182           14.497
   11 (vir)    31          14.068          -3.691          -2.288          -7.849           15.939
   12 (vir)    31          16.284          -5.081          -3.755         -10.741           18.189
   13 (vir)    31          18.764          -3.717          -1.459          -6.253           19.840
   14 (vir)    31          19.245          -3.984          -1.644          -6.673           20.289
   15 (vir)    31          20.679          -3.511          -0.746          -5.288           21.709
   16 (vir)    31          20.874          -5.430          -2.141          -8.510           21.813
   17 (vir)    31          25.202          -3.287          -1.550          -6.210           26.575
   18 (vir)    31          25.365          -7.064          -3.497         -12.160           26.964
   19 (vir)    31          29.704          -5.770          -2.232          -9.285           30.986
   20 (vir)    31          30.038          -1.998          -1.103          -7.526           34.463
   21 (vir)    31          33.453          -4.470          -2.349          -9.906           36.540
   22 (vir)    31          33.538          -1.107          -1.538          -7.183           38.075
   23 (vir)    31          36.047           1.750          -0.669          -8.955           46.083
   24 (vir)    31          38.876          -7.260          -1.653          -9.125           39.088
   25 (vir)    31          39.183          -8.872          -3.299         -12.928           39.940
   26 (vir)    31          43.937          -3.657          -3.314         -12.834           49.799
   27 (vir)    31          47.854          -3.130          -1.319          -9.805           53.211
   28 (vir)    31          49.547          -2.295          -2.626         -11.899           56.526
   29 (vir)    31          50.639          -1.665          -1.755         -10.379           57.598
   30 (vir)    31          53.041          -5.559          -2.020         -11.333           56.794
   31 (vir)    31          55.658          -0.879          -1.330          -9.818           63.267
   32 (vir)    31          57.746          -2.996          -3.321         -14.353           65.782
   33 (vir)    31          61.134          -0.485          -1.715         -10.272           69.206
   34 (vir)    31          62.495          -2.350          -1.346         -10.858           69.657
   35 (vir)    31          65.453           1.269          -2.287         -12.346           76.782
   36 (vir)    31          67.368          -1.532          -4.290         -10.778           72.324
   37 (vir)    31          67.586          -4.761          -1.447         -13.226           74.604
   38 (vir)    31          74.001          -1.730           0.068         -12.345           84.685
   39 (vir)    31          75.304           7.873          -1.210         -10.989           92.957
   40 (vir)    31          80.663          -2.039          -1.905         -11.254           87.973
   41 (vir)    31          84.141           1.659           0.349         -14.021          100.170
   42 (vir)    31          84.550          -0.188          -2.581         -13.872           95.653
   43 (vir)    31          85.359           0.069          -1.583         -12.535           96.380
   44 (vir)    31          90.035           2.261          -2.274         -15.161          105.183
   45 (vir)    31          96.223           1.249          -1.513         -14.287          110.246
   46 (vir)    31          96.532          -2.330           1.472         -14.312          109.985
   47 (vir)    31         100.944          -0.442          -1.998         -13.769          112.273
   48 (vir)    31         106.369          -2.213           0.525         -14.528          119.209
   49 (vir)    31         111.254          -1.615           0.652         -14.242          124.533
   50 (vir)    31         120.482          -2.209          -1.402         -14.910          131.780
   51 (vir)    31         125.442          -1.395          -0.408         -15.562          139.202
   52 (vir)    31         136.147           0.558          -1.247         -12.881          148.339
   53 (vir)    31         140.685           1.022          -1.048         -15.327          155.986
   54 (vir)    31         174.177           0.127          36.860         -12.900          224.064
   55 (vir)    31         219.908          -0.916          -0.031          -9.171          228.132
   56 (vir)    31         320.715          -2.262          -0.194         -17.323          335.581
   57 (vir)    31         457.155           1.610           6.073         -17.698          482.536
   58 (vir)    31      272113.839           0.000          -0.000          -0.000       272113.838
 
 
  kpoint:      32             coordinate:     0.2109    0.2109    0.0000
 
    n           k   ϵ_nk^DFT (eV)     Σ^c_nk (eV)     Σ^x_nk (eV)    v_nk^xc (eV)   ϵ_nk^G0W0 (eV)
 
    1 (occ)    32         -19.129           8.171         -26.731         -16.977          -20.711
    2 (occ)    32         -10.559           4.333         -22.567         -16.476          -12.317
    3 (occ)    32          -8.774           3.676         -22.053         -16.720          -10.432
    4 (occ)    32          -5.844           2.562         -18.347         -14.437           -7.193
    5 (vir)    32           3.038          -4.266          -6.667         -12.603            4.708
    6 (vir)    32           5.425          -2.568          -1.877          -5.438            6.418
    7 (vir)    32           7.867          -2.681          -1.060          -4.662            8.788
    8 (vir)    32           9.439          -4.923          -6.679         -13.691           11.529
    9 (vir)    32          10.492          -5.232          -5.428         -12.562           12.394
   10 (vir)    32          12.984          -3.606          -2.213          -7.076           14.241
   11 (vir)    32          14.353          -3.530          -2.190          -7.688           16.321
   12 (vir)    32          16.268          -4.779          -3.418         -10.039           18.110
   13 (vir)    32          18.542          -3.596          -1.347          -5.983           19.582
   14 (vir)    32          19.004          -3.897          -1.629          -6.783           20.261
   15 (vir)    32          20.625          -3.511          -0.814          -5.376           21.677
   16 (vir)    32          20.823          -5.199          -2.389          -9.122           22.357
   17 (vir)    32          24.908          -3.326          -1.593          -6.330           26.319
   18 (vir)    32          25.155          -7.241          -3.550         -12.335           26.699
   19 (vir)    32          29.706          -5.817          -2.145          -9.172           30.915
   20 (vir)    32          29.778          -2.292          -1.006          -7.477           33.957
   21 (vir)    32          33.246          -1.511          -1.389          -7.121           37.467
   22 (vir)    32          33.608          -4.378          -2.348          -9.872           36.754
   23 (vir)    32          36.383           3.586          -0.869          -8.881           47.981
   24 (vir)    32          38.732          -5.869          -1.690          -9.181           40.353
   25 (vir)    32          39.152          -9.040          -3.342         -13.049           39.819
   26 (vir)    32          43.894          -3.183          -3.345         -12.768           50.135
   27 (vir)    32          48.079          -2.409          -1.228          -9.844           54.287
   28 (vir)    32          49.748          -2.595          -2.287         -10.784           55.650
   29 (vir)    32          50.519          -1.410          -2.173         -11.609           58.545
   30 (vir)    32          53.275          -4.227          -2.036         -11.368           58.380
   31 (vir)    32          55.609          -1.158          -1.288          -9.772           62.934
   32 (vir)    32          57.528          -2.824          -3.499         -14.339           65.544
   33 (vir)    32          61.440          -0.272          -1.662         -10.217           69.723
   34 (vir)    32          62.405          -1.897          -1.408         -10.953           70.053
   35 (vir)    32          65.303           1.305          -2.292         -12.409           76.724
   36 (vir)    32          66.777          -0.746          -3.942         -11.041           73.129
   37 (vir)    32          66.817          -2.503          -1.520         -13.068           75.863
   38 (vir)    32          73.614          -1.914           0.086         -12.196           83.983
   39 (vir)    32          74.483         -10.726          -1.228         -10.985           73.514
   40 (vir)    32          81.748          -2.289          -1.712         -11.596           89.344
   41 (vir)    32          84.220          -0.258          -2.389         -13.294           94.868
   42 (vir)    32          84.613           1.820          -0.538         -13.860           99.756
   43 (vir)    32          85.159           0.031          -1.799         -13.101           96.491
   44 (vir)    32          90.608           4.017          -2.200         -15.247          107.672
   45 (vir)    32          95.699           0.977          -1.538         -14.334          109.472
   46 (vir)    32          97.007          -2.141           1.047         -14.196          110.109
   47 (vir)    32         100.090          -0.428          -2.014         -13.835          111.482
   48 (vir)    32         106.558          -1.801           0.545         -14.516          119.819
   49 (vir)    32         111.123          -1.609           0.485         -14.281          124.280
   50 (vir)    32         121.721          -2.309          -1.614         -15.096          132.894
   51 (vir)    32         125.720          -1.658          -0.335         -15.412          139.138
   52 (vir)    32         137.391           2.817          -1.151         -12.749          151.805
   53 (vir)    32         141.143          -1.350          -0.830         -15.333          154.296
   54 (vir)    32         179.843           0.011          33.967         -12.923          226.744
   55 (vir)    32         220.174          -0.865          -0.065          -9.178          228.423
   56 (vir)    32         320.502          -2.239          -0.224         -17.330          335.367
   57 (vir)    32         453.825          -1.719           3.509         -17.653          473.267
   58 (vir)    32      272113.839           0.000          -0.000          -0.000       272113.839
 
 
  kpoint:      33             coordinate:     0.2177    0.2177    0.0000
 
    n           k   ϵ_nk^DFT (eV)     Σ^c_nk (eV)     Σ^x_nk (eV)    v_nk^xc (eV)   ϵ_nk^G0W0 (eV)
 
    1 (occ)    33         -19.008           8.132         -26.749         -17.033          -20.591
    2 (occ)    33         -10.725           4.381         -22.556         -16.411          -12.489
    3 (occ)    33          -8.933           3.726         -22.060         -16.662          -10.604
    4 (occ)    33          -5.671           2.499         -18.382         -14.552           -7.002
    5 (vir)    33           2.843          -4.228          -6.655         -12.544            4.504
    6 (vir)    33           5.691          -2.601          -1.928          -5.538            6.699
    7 (vir)    33           8.044          -2.691          -1.086          -4.700            8.967
    8 (vir)    33           9.581          -4.949          -6.628         -13.650           11.653
    9 (vir)    33          10.634          -5.244          -5.461         -12.628           12.556
   10 (vir)    33          12.754          -3.525          -2.180          -6.950           13.999
   11 (vir)    33          14.643          -3.318          -2.308          -7.561           16.577
   12 (vir)    33          16.193          -4.488          -3.117          -9.366           17.954
   13 (vir)    33          18.299          -3.482          -1.247          -5.742           19.312
   14 (vir)    33          18.781          -3.807          -1.648          -6.898           20.224
   15 (vir)    33          20.567          -3.488          -0.867          -5.418           21.629
   16 (vir)    33          20.842          -4.867          -2.900          -9.715           22.791
   17 (vir)    33          24.662          -3.397          -1.640          -6.483           26.108
   18 (vir)    33          24.941          -7.313          -3.623         -12.496           26.500
   19 (vir)    33          29.495          -2.665          -1.129          -7.446           33.147
   20 (vir)    33          29.708          -5.805          -2.051          -9.035           30.888
   21 (vir)    33          32.912          -2.478          -1.233          -7.077           36.279
   22 (vir)    33          33.778          -4.284          -2.349          -9.847           36.992
   23 (vir)    33          36.867          -4.397          -1.479          -8.798           39.789
   24 (vir)    33          38.601          -4.439          -1.728          -9.250           41.683
   25 (vir)    33          39.145          -9.119          -3.387         -13.148           39.787
   26 (vir)    33          43.890          -3.196          -3.206         -12.700           50.187
   27 (vir)    33          48.335          -2.276          -1.308          -9.900           54.651
   28 (vir)    33          49.292          -2.240          -2.103         -10.410           55.359
   29 (vir)    33          51.055          -1.756          -2.424         -12.100           58.975
   30 (vir)    33          53.515          -0.472          -2.047         -11.406           62.402
   31 (vir)    33          55.373          -1.373          -1.276          -9.740           62.464
   32 (vir)    33          57.325          -2.925          -3.424         -14.311           65.287
   33 (vir)    33          61.802          -0.028          -1.585         -10.125           70.314
   34 (vir)    33          62.271          -1.074          -1.530         -11.073           70.740
   35 (vir)    33          65.222           1.010          -2.294         -12.468           76.406
   36 (vir)    33          66.045          -3.021          -1.968         -13.110           74.165
   37 (vir)    33          66.180          -0.082          -2.569         -11.063           74.591
   38 (vir)    33          73.214          -1.895          -0.222         -12.051           83.148
   39 (vir)    33          73.790           4.768          -1.251         -11.003           88.310
   40 (vir)    33          82.850          -5.428          -1.542         -11.988           87.868
   41 (vir)    33          83.889          -0.231          -2.191         -12.876           94.343
   42 (vir)    33          85.057          -0.012          -2.015         -13.504           96.534
   43 (vir)    33          85.103          -2.377          -1.380         -13.681           95.026
   44 (vir)    33          91.107           4.092          -2.186         -15.287          108.300
   45 (vir)    33          95.164           0.640          -1.577         -14.377          108.604
   46 (vir)    33          97.592          -1.805          -0.051         -14.138          109.874
   47 (vir)    33          99.286          -0.380          -2.018         -13.897          110.786
   48 (vir)    33         106.781          -1.442          -0.286         -14.520          119.574
   49 (vir)    33         111.067          -1.509          -0.463         -14.323          123.418
   50 (vir)    33         122.728          -3.444          -1.939         -15.405          132.750
   51 (vir)    33         126.227          -1.486          -0.617         -15.124          139.249
   52 (vir)    33         138.955           0.641          -1.117         -12.640          151.120
   53 (vir)    33         141.664          -1.305          -0.777         -15.274          154.856
   54 (vir)    33         185.574          -1.195          17.044         -12.951          214.374
   55 (vir)    33         220.482          -0.822          -0.111          -9.191          228.739
   56 (vir)    33         320.267          -2.241          -0.497         -17.337          334.866
   57 (vir)    33         449.398          -1.732           0.338         -17.583          465.587
   58 (vir)    33      272113.839          -0.000           0.000          -0.000       272113.839
 
 
  kpoint:      34             coordinate:     0.2245    0.2245    0.0000
 
    n           k   ϵ_nk^DFT (eV)     Σ^c_nk (eV)     Σ^x_nk (eV)    v_nk^xc (eV)   ϵ_nk^G0W0 (eV)
 
    1 (occ)    34         -18.887           8.094         -26.769         -17.091          -20.471
    2 (occ)    34         -10.881           4.425         -22.539         -16.345          -12.650
    3 (occ)    34          -9.090           3.777         -22.068         -16.606          -10.775
    4 (occ)    34          -5.498           2.437         -18.424         -14.674           -6.811
    5 (vir)    34           2.650          -4.185          -6.629         -12.463            4.300
    6 (vir)    34           5.964          -2.647          -1.991          -5.653            6.979
    7 (vir)    34           8.220          -2.717          -1.133          -4.779            9.150
    8 (vir)    34           9.721          -4.973          -6.566         -13.588           11.770
    9 (vir)    34          10.779          -5.257          -5.489         -12.670           12.703
   10 (vir)    34          12.544          -3.438          -2.133          -6.802           13.775
   11 (vir)    34          14.930          -3.286          -2.528          -7.454           16.570
   12 (vir)    34          16.066          -4.268          -2.878          -8.799           17.719
   13 (vir)    34          18.042          -3.379          -1.162          -5.533           19.034
   14 (vir)    34          18.577          -3.814          -1.780          -7.043           20.026
   15 (vir)    34          20.491          -3.440          -0.907          -5.412           21.556
   16 (vir)    34          20.931          -4.893          -3.500         -10.205           22.744
   17 (vir)    34          24.466          -3.501          -1.690          -6.669           25.943
   18 (vir)    34          24.730          -7.309          -3.722         -12.643           26.342
   19 (vir)    34          29.200          -2.320          -1.422          -7.433           32.891
   20 (vir)    34          29.712          -5.749          -1.949          -8.878           30.891
   21 (vir)    34          32.549          -3.612          -1.146          -7.042           34.833
   22 (vir)    34          33.962          -4.194          -2.353          -9.833           37.248
   23 (vir)    34          37.496          -0.486          -2.286          -8.720           43.444
   24 (vir)    34          38.489          -4.046          -1.765          -9.327           42.005
   25 (vir)    34          39.162          -9.002          -3.432         -13.226           39.954
   26 (vir)    34          43.924          -3.567          -2.978         -12.630           50.008
   27 (vir)    34          48.617          -2.353          -1.519          -9.975           54.721
   28 (vir)    34          48.749          -2.107          -2.122         -10.416           54.936
   29 (vir)    34          51.679          -1.863          -2.466         -12.219           59.569
   30 (vir)    34          53.760          -1.013          -2.044         -11.449           62.152
   31 (vir)    34          54.962          -1.473          -1.283          -9.705           61.910
   32 (vir)    34          57.144          -3.241          -3.153         -14.266           65.016
   33 (vir)    34          62.103          -3.907          -1.675         -11.220           67.741
   34 (vir)    34          62.182           0.237          -1.491         -10.019           70.947
   35 (vir)    34          65.233           0.775          -2.293         -12.513           76.228
   36 (vir)    34          65.294          -2.817          -2.193         -13.106           73.391
   37 (vir)    34          65.579          -0.956          -1.392         -11.086           74.317
   38 (vir)    34          72.800          -1.347          -0.757         -11.911           82.607
   39 (vir)    34          73.232           3.443          -1.280         -11.045           86.440
   40 (vir)    34          83.578          -0.127          -2.029         -12.593           94.015
   41 (vir)    34          83.906           1.137          -1.401         -12.403           96.046
   42 (vir)    34          85.009          -0.131          -2.190         -13.772           96.460
   43 (vir)    34          85.610          -0.713          -1.681         -13.476           96.693
   44 (vir)    34          91.502          -1.318          -2.277         -15.275          103.182
   45 (vir)    34          94.599           0.283          -1.631         -14.414          107.664
   46 (vir)    34          98.281          -1.824          -1.167         -14.153          109.443
   47 (vir)    34          98.545          -0.300          -2.005         -13.958          110.198
   48 (vir)    34         107.042          -1.435          -1.556         -14.543          118.594
   49 (vir)    34         111.112          -2.174          -1.851         -14.365          121.452
   50 (vir)    34         123.377          -1.268          -2.210         -15.746          135.644
   51 (vir)    34         127.074          -1.677          -1.079         -14.800          139.118
   52 (vir)    34         140.648          -1.390          -1.338         -12.970          150.889
   53 (vir)    34         142.461          -1.272          -0.803         -14.739          155.125
   54 (vir)    34         191.230          -1.876          -6.269         -12.979          196.064
   55 (vir)    34         220.829          -0.784          -0.140          -9.208          229.112
   56 (vir)    34         320.008          -2.699          -0.878         -17.345          333.777
   57 (vir)    34         444.088          -3.743          -1.342         -17.493          456.496
   58 (vir)    34      272113.839          -0.000           0.000          -0.000       272113.839
 
 
  kpoint:      35             coordinate:     0.2313    0.2313    0.0000
 
    n           k   ϵ_nk^DFT (eV)     Σ^c_nk (eV)     Σ^x_nk (eV)    v_nk^xc (eV)   ϵ_nk^G0W0 (eV)
 
    1 (occ)    35         -18.769           8.058         -26.793         -17.151          -20.354
    2 (occ)    35         -11.027           4.465         -22.518         -16.279          -12.801
    3 (occ)    35          -9.244           3.827         -22.077         -16.551          -10.943
    4 (occ)    35          -5.326           2.378         -18.476         -14.804           -6.620
    5 (vir)    35           2.461          -4.140          -6.588         -12.365            4.097
    6 (vir)    35           6.244          -2.713          -2.057          -5.783            7.257
    7 (vir)    35           8.390          -2.758          -1.200          -4.899            9.331
    8 (vir)    35           9.856          -4.991          -6.488         -13.502           11.879
    9 (vir)    35          10.928          -5.292          -5.488         -12.686           12.834
   10 (vir)    35          12.359          -3.343          -2.068          -6.625           13.574
   11 (vir)    35          15.205          -3.519          -2.647          -7.327           16.366
   12 (vir)    35          15.900          -4.166          -2.717          -8.404           17.422
   13 (vir)    35          17.778          -3.288          -1.090          -5.354           18.753
   14 (vir)    35          18.392          -4.026          -2.021          -7.253           19.598
   15 (vir)    35          20.391          -3.369          -0.935          -5.366           21.452
   16 (vir)    35          21.084          -5.493          -3.932         -10.538           22.197
   17 (vir)    35          24.322          -3.631          -1.743          -6.877           25.826
   18 (vir)    35          24.530          -7.294          -3.833         -12.776           26.179
   19 (vir)    35          28.902          -2.379          -1.781          -7.438           32.181
   20 (vir)    35          29.714          -5.662          -1.843          -8.702           30.910
   21 (vir)    35          32.167          -4.280          -1.130          -7.009           33.766
   22 (vir)    35          34.160          -4.112          -2.359          -9.829           37.518
   23 (vir)    35          38.281          -0.796          -2.915          -8.661           43.231
   24 (vir)    35          38.399          -3.987          -1.800          -9.411           42.022
   25 (vir)    35          39.204          -8.405          -3.459         -13.278           40.618
   26 (vir)    35          43.994          -3.895          -2.775         -12.559           49.883
   27 (vir)    35          48.207          -2.075          -2.170         -10.470           54.432
   28 (vir)    35          48.921          -2.476          -1.770         -10.068           54.744
   29 (vir)    35          52.291          -1.907          -2.471         -12.294           60.206
   30 (vir)    35          54.009          -2.328          -2.034         -11.503           61.149
   31 (vir)    35          54.405          -1.440          -1.299          -9.654           61.320
   32 (vir)    35          56.990          -4.130          -2.837         -14.202           64.225
   33 (vir)    35          61.906          -3.620          -1.810         -11.400           67.876
   34 (vir)    35          62.546           0.468          -1.395          -9.939           71.559
   35 (vir)    35          64.559          -3.232          -2.352         -13.036           72.012
   36 (vir)    35          64.993          -0.937          -0.801         -11.126           74.382
   37 (vir)    35          65.353           0.669          -2.284         -12.516           76.253
   38 (vir)    35          72.368           1.487          -1.288         -11.774           84.342
   39 (vir)    35          72.806           2.572          -1.314         -11.104           85.168
   40 (vir)    35          83.287           0.022          -1.898         -12.387           93.798
   41 (vir)    35          84.880           0.883          -1.296         -12.817           97.284
   42 (vir)    35          84.996          -0.270          -2.330         -13.961           96.357
   43 (vir)    35          86.134          -1.358          -1.316         -13.244           96.703
   44 (vir)    35          91.785          -2.665          -2.329         -15.226          102.017
   45 (vir)    35          93.991          -0.018          -1.704         -14.444          106.713
   46 (vir)    35          97.877          -0.210          -1.974         -14.019          109.711
   47 (vir)    35          99.034          -2.624          -1.790         -14.229          108.849
   48 (vir)    35         107.339          -2.387          -2.560         -14.590          116.983
   49 (vir)    35         111.292          -3.025          -3.007         -14.407          119.666
   50 (vir)    35         123.712          -1.224          -2.326         -15.972          136.134
   51 (vir)    35         128.189          -2.717          -1.458         -14.594          138.608
   52 (vir)    35         141.718          -2.038          -1.834         -14.177          152.024
   53 (vir)    35         144.299          -1.104          -0.786         -13.298          155.707
   54 (vir)    35         196.640          -1.721         -23.782         -13.003          184.140
   55 (vir)    35         221.209          -0.683          -0.132          -9.232          229.626
   56 (vir)    35         319.727          -3.399          -1.156         -17.354          332.525
   57 (vir)    35         438.161          -1.998          -1.009         -17.389          452.543
   58 (vir)    35      272113.839          -0.000           0.000          -0.000       272113.839
 
 
  kpoint:      36             coordinate:     0.2381    0.2381    0.0000
 
    n           k   ϵ_nk^DFT (eV)     Σ^c_nk (eV)     Σ^x_nk (eV)    v_nk^xc (eV)   ϵ_nk^G0W0 (eV)
 
    1 (occ)    36         -18.653           8.023         -26.820         -17.212          -20.238
    2 (occ)    36         -11.162           4.500         -22.492         -16.214          -12.940
    3 (occ)    36          -9.397           3.878         -22.088         -16.498          -11.109
    4 (occ)    36          -5.156           2.322         -18.538         -14.941           -6.430
    5 (vir)    36           2.276          -4.095          -6.535         -12.253            3.899
    6 (vir)    36           6.530          -2.798          -2.121          -5.931            7.543
    7 (vir)    36           8.548          -2.814          -1.289          -5.061            9.505
    8 (vir)    36           9.985          -5.001          -6.390         -13.384           11.978
    9 (vir)    36          11.081          -5.335          -5.447         -12.673           12.971
   10 (vir)    36          12.205          -3.240          -1.982          -6.416           13.399
   11 (vir)    36          15.451          -3.716          -2.436          -6.927           16.226
   12 (vir)    36          15.709          -4.271          -2.731          -8.424           17.130
   13 (vir)    36          17.510          -3.206          -1.030          -5.199           18.473
   14 (vir)    36          18.230          -4.425          -2.291          -7.565           19.079
   15 (vir)    36          20.261          -3.283          -0.957          -5.295           21.317
   16 (vir)    36          21.293          -6.387          -3.994         -10.702           21.615
   17 (vir)    36          24.228          -3.777          -1.796          -7.098           25.753
   18 (vir)    36          24.348          -7.298          -3.926         -12.893           26.017
   19 (vir)    36          28.611          -2.898          -2.079          -7.462           31.096
   20 (vir)    36          29.716          -5.557          -1.734          -8.511           30.936
   21 (vir)    36          31.775          -4.773          -1.158          -6.977           32.820
   22 (vir)    36          34.371          -4.042          -2.368          -9.837           37.798
   23 (vir)    36          38.334          -4.024          -1.833          -9.496           41.973
   24 (vir)    36          39.216          -3.446          -3.541         -10.569           42.799
   25 (vir)    36          39.296          -2.581          -2.822         -11.367           45.260
   26 (vir)    36          44.099          -3.926          -2.666         -12.488           49.996
   27 (vir)    36          47.679          -2.101          -2.228         -10.546           53.896
   28 (vir)    36          49.244          -2.434          -1.980         -10.182           55.012
   29 (vir)    36          52.813          -1.931          -2.402         -12.189           60.670
   30 (vir)    36          53.797          -1.249          -1.378          -9.745           60.914
   31 (vir)    36          54.261          -2.918          -2.035         -11.569           60.877
   32 (vir)    36          56.870          -5.519          -2.615         -14.111           62.847
   33 (vir)    36          61.682          -2.976          -1.929         -11.625           68.403
   34 (vir)    36          62.870           0.534          -1.319          -9.926           72.011
   35 (vir)    36          63.849          -4.215          -2.370         -12.912           70.175
   36 (vir)    36          64.433           1.433          -0.998         -11.154           76.022
   37 (vir)    36          65.590           0.660          -2.260         -12.453           76.444
   38 (vir)    36          71.919          -0.876          -1.573         -11.640           81.111
   39 (vir)    36          72.498           2.036          -1.354         -11.178           84.358
   40 (vir)    36          83.012           0.180          -1.790         -12.229           93.632
   41 (vir)    36          85.007          -0.392          -2.443         -14.101           96.274
   42 (vir)    36          85.763          -0.008          -1.086         -13.204           97.873
   43 (vir)    36          86.670          -1.891          -0.679         -12.991           97.091
   44 (vir)    36          91.976          -3.134          -2.113         -15.164          101.894
   45 (vir)    36          93.334          -0.205          -1.790         -14.468          105.806
   46 (vir)    36          97.288          -0.133          -1.930         -14.081          109.305
   47 (vir)    36          99.789          -6.651          -1.933         -14.335          105.541
   48 (vir)    36         107.664          -7.146          -2.792         -14.664          112.389
   49 (vir)    36         111.649          -6.181          -3.099         -14.447          116.816
   50 (vir)    36         123.877          -1.380          -2.245         -16.095          136.346
   51 (vir)    36         129.400          -2.949          -1.594         -14.498          139.355
   52 (vir)    36         142.211          -2.959          -2.099         -14.561          151.715
   53 (vir)    36         147.132          -0.494          -0.943         -12.667          158.362
   54 (vir)    36         201.611          -3.104         -25.884         -13.022          185.645
   55 (vir)    36         221.611          -0.682          -0.083          -9.260          230.106
   56 (vir)    36         319.426          -9.929          -1.193         -17.365          325.668
   57 (vir)    36         431.914          -1.607           0.086         -17.278          447.670
   58 (vir)    36      272113.839          -0.000           0.000          -0.000       272113.839
 
 
  kpoint:      37             coordinate:     0.2449    0.2449    0.0000
 
    n           k   ϵ_nk^DFT (eV)     Σ^c_nk (eV)     Σ^x_nk (eV)    v_nk^xc (eV)   ϵ_nk^G0W0 (eV)
 
    1 (occ)    37         -18.541           7.990         -26.849         -17.274          -20.127
    2 (occ)    37         -11.285           4.530         -22.461         -16.151          -13.066
    3 (occ)    37          -9.546           3.928         -22.101         -16.447          -11.272
    4 (occ)    37          -4.989           2.269         -18.610         -15.086           -6.244
    5 (vir)    37           2.098          -4.052          -6.471         -12.131            3.707
    6 (vir)    37           6.821          -2.890          -2.181          -6.100            7.851
    7 (vir)    37           8.689          -2.884          -1.402          -5.264            9.666
    8 (vir)    37          10.105          -5.000          -6.265         -13.229           12.069
    9 (vir)    37          11.237          -5.352          -5.372         -12.624           13.137
   10 (vir)    37          12.088          -3.130          -1.873          -6.173           13.257
   11 (vir)    37          15.489          -3.685          -2.036          -6.755           16.524
   12 (vir)    37          15.664          -4.425          -2.816          -8.323           16.746
   13 (vir)    37          17.242          -3.131          -0.978          -5.064           18.196
   14 (vir)    37          18.095          -4.803          -2.512          -7.998           18.778
   15 (vir)    37          20.105          -3.191          -0.975          -5.215           21.153
   16 (vir)    37          21.552          -6.834          -3.657         -10.728           21.789
   17 (vir)    37          24.179          -3.931          -1.848          -7.320           25.720
   18 (vir)    37          24.195          -7.226          -3.961         -12.981           25.990
   19 (vir)    37          28.335          -3.909          -2.225          -7.506           29.707
   20 (vir)    37          29.718          -5.440          -1.625          -8.309           30.962
   21 (vir)    37          31.379          -4.888          -1.207          -6.945           32.229
   22 (vir)    37          34.596          -3.982          -2.380          -9.856           38.091
   23 (vir)    37          38.297          -4.088          -1.863          -9.581           41.927
   24 (vir)    37          39.348         -10.848          -3.574         -13.410           38.336
   25 (vir)    37          40.417          -7.438          -1.834          -8.545           39.691
   26 (vir)    37          44.234          -3.786          -2.641         -12.415           50.223
   27 (vir)    37          47.169          -2.165          -2.290         -10.636           53.350
   28 (vir)    37          49.582          -2.612          -2.114         -10.319           55.176
   29 (vir)    37          52.668          -1.503          -1.693         -10.381           59.852
   30 (vir)    37          53.738          -1.550          -2.083         -11.505           61.611
   31 (vir)    37          54.515          -3.053          -2.067         -11.649           61.044
   32 (vir)    37          56.793          -5.054          -2.530         -13.988           63.198
   33 (vir)    37          61.425          -1.763          -2.054         -11.913           69.522
   34 (vir)    37          63.147           0.369          -1.272          -9.983           72.227
   35 (vir)    37          63.170          -4.288          -2.321         -12.716           69.278
   36 (vir)    37          63.907           3.685          -1.608         -11.168           77.151
   37 (vir)    37          65.934           0.691          -2.214         -12.325           76.735
   38 (vir)    37          71.453          -0.008          -1.512         -11.509           81.441
   39 (vir)    37          72.293           1.679          -1.398         -11.259           83.834
   40 (vir)    37          82.746           0.325          -1.701         -12.105           93.475
   41 (vir)    37          85.037          -0.491          -2.532         -14.207           96.221
   42 (vir)    37          86.563           0.327          -0.551         -13.532           99.871
   43 (vir)    37          87.209          -2.201          -0.406         -12.740           97.342
   44 (vir)    37          92.107           2.896          -1.623         -15.117          108.497
   45 (vir)    37          92.630          -0.282          -1.884         -14.485          104.949
   46 (vir)    37          96.774          -0.074          -1.880         -14.143          108.963
   47 (vir)    37         100.487           3.022          -1.927         -14.437          116.019
   48 (vir)    37         108.000           3.083          -2.363         -14.761          123.480
   49 (vir)    37         112.237          12.538          -1.555         -14.488          137.708
   50 (vir)    37         123.978          -0.400          -1.965         -16.161          137.773
   51 (vir)    37         130.585          -0.306          -1.516         -14.460          143.223
   52 (vir)    37         142.517          -1.595          -1.912         -14.593          153.602
   53 (vir)    37         150.530          -0.365          -1.167         -12.393          161.391
   54 (vir)    37         205.947           1.120         -11.888         -13.037          208.216
   55 (vir)    37         222.020          -0.692          -0.013          -9.287          230.603
   56 (vir)    37         319.113          -1.855          -1.036         -17.376          333.598
   57 (vir)    37         425.649          -0.290           0.337         -17.164          442.860
   58 (vir)    37      272113.839          -0.000           0.000          -0.000       272113.839
 
 
  kpoint:      38             coordinate:     0.2517    0.2517    0.0000
 
    n           k   ϵ_nk^DFT (eV)     Σ^c_nk (eV)     Σ^x_nk (eV)    v_nk^xc (eV)   ϵ_nk^G0W0 (eV)
 
    1 (occ)    38         -18.433           7.958         -26.881         -17.337          -20.019
    2 (occ)    38         -11.395           4.555         -22.425         -16.088          -13.177
    3 (occ)    38          -9.692           3.978         -22.115         -16.397          -11.433
    4 (occ)    38          -4.828           2.221         -18.692         -15.237           -6.061
    5 (vir)    38           1.929          -4.012          -6.395         -12.001            3.522
    6 (vir)    38           7.169          -3.038          -2.335          -6.475            8.270
    7 (vir)    38           8.806          -2.964          -1.537          -5.502            9.808
    8 (vir)    38          10.227          -4.991          -6.123         -13.047           12.159
    9 (vir)    38          11.467          -5.361          -5.312         -12.648           13.442
   10 (vir)    38          12.013          -3.016          -1.743          -5.899           13.153
   11 (vir)    38          15.278          -3.996          -2.317          -7.478           16.443
   12 (vir)    38          16.070          -3.762          -2.200          -7.340           17.448
   13 (vir)    38          16.975          -3.064          -0.934          -4.945           17.922
   14 (vir)    38          18.324          -5.068          -3.226         -10.049           20.080
   15 (vir)    38          19.925          -3.101          -0.991          -5.135           20.967
   16 (vir)    38          22.896          -5.927          -3.535         -11.358           24.792
   17 (vir)    38          24.168          -4.084          -1.897          -7.533           25.720
   18 (vir)    38          24.532          -5.974          -3.599         -11.505           26.464
   19 (vir)    38          28.540          -3.836          -1.969          -8.116           30.852
   20 (vir)    38          29.718          -5.317          -1.517          -8.100           30.985
   21 (vir)    38          31.010          -4.108          -1.142          -6.888           32.647
   22 (vir)    38          34.834          -3.928          -2.394          -9.886           38.398
   23 (vir)    38          38.288          -4.145          -1.889          -9.664           41.918
   24 (vir)    38          39.470          -9.953          -3.502         -13.382           39.397
   25 (vir)    38          44.295          -9.496          -2.940         -12.802           44.661
   26 (vir)    38          46.677          -2.252          -2.354         -10.739           52.810
   27 (vir)    38          48.824          -0.894          -1.948          -9.085           55.068
   28 (vir)    38          51.705          -1.066          -2.852         -12.325           60.111
   29 (vir)    38          51.889          -1.210          -1.505          -9.783           58.956
   30 (vir)    38          54.222          -1.713          -2.254         -12.020           62.275
   31 (vir)    38          54.862          -1.930          -1.902         -11.381           62.412
   32 (vir)    38          57.901          -0.956          -2.737         -12.948           67.156
   33 (vir)    38          61.128          -0.320          -2.206         -12.229           70.831
   34 (vir)    38          62.692           0.095          -1.871         -12.158           73.074
   35 (vir)    38          63.385           0.081          -1.253         -10.083           72.297
   36 (vir)    38          64.580           5.261          -0.961         -11.093           79.973
   37 (vir)    38          66.362           0.682          -2.153         -12.162           77.052
   38 (vir)    38          72.175           1.376          -1.444         -11.343           83.450
   39 (vir)    38          73.107          -1.307          -1.676         -11.686           81.810
   40 (vir)    38          82.484           0.446          -1.628         -12.006           93.307
   41 (vir)    38          85.079          -0.571          -2.603         -14.286           96.192
   42 (vir)    38          87.534          -8.427          -1.458         -12.955           90.605
   43 (vir)    38          89.839          -0.662          -1.879         -14.333          101.631
   44 (vir)    38          91.889          -0.295          -1.977         -14.499          104.116
   45 (vir)    38          95.864           2.899          -1.527         -15.202          112.438
   46 (vir)    38          96.329          -0.030          -1.829         -14.205          108.675
   47 (vir)    38         101.422          -2.078          -1.964         -14.639          112.019
   48 (vir)    38         109.309          -1.490          -1.803         -14.811          120.827
   49 (vir)    38         122.469          -0.869          -1.984         -16.783          136.399
   50 (vir)    38         130.715          -0.065          -1.262         -14.071          143.459
   51 (vir)    38         135.547          -0.266          -1.426         -15.610          149.465
   52 (vir)    38         150.050          -0.528          -0.633         -13.018          161.908
   53 (vir)    38         155.303           0.031          -1.566         -12.047          165.814
   54 (vir)    38         222.302          -0.661           0.046          -9.453          231.139
   55 (vir)    38         318.157           1.508          -0.885         -17.435          336.216
   56 (vir)    38         418.998           6.307          -0.295         -17.048          442.057
   57 (vir)    38      272113.839          -0.000           0.000          -0.000       272113.839
   58 (vir)    38      272113.839           0.000          -0.000          -0.000       272113.838
 
 
  kpoint:      39             coordinate:     0.2585    0.2585    0.0000
 
    n           k   ϵ_nk^DFT (eV)     Σ^c_nk (eV)     Σ^x_nk (eV)    v_nk^xc (eV)   ϵ_nk^G0W0 (eV)
 
    1 (occ)    39         -18.331           7.929         -26.914         -17.399          -19.917
    2 (occ)    39         -11.491           4.574         -22.385         -16.028          -13.274
    3 (occ)    39          -9.835           4.027         -22.132         -16.350          -11.590
    4 (occ)    39          -4.672           2.177         -18.784         -15.394           -5.885
    5 (vir)    39           1.769          -3.977          -6.309         -11.864            3.348
    6 (vir)    39           7.456          -3.120          -2.420          -6.672            8.588
    7 (vir)    39           8.893          -3.047          -1.686          -5.762            9.922
    8 (vir)    39          10.329          -4.954          -5.940         -12.791           12.226
    9 (vir)    39          11.609          -5.284          -5.188         -12.451           13.588
   10 (vir)    39          11.987          -2.904          -1.598          -5.609           13.094
   11 (vir)    39          15.058          -3.998          -2.311          -7.479           16.228
   12 (vir)    39          16.055          -3.749          -2.169          -7.262           17.398
   13 (vir)    39          16.712          -3.003          -0.894          -4.838           17.653
   14 (vir)    39          18.183          -5.028          -3.395         -10.305           20.065
   15 (vir)    39          19.728          -3.017          -1.008          -5.062           20.765
   16 (vir)    39          22.938          -6.114          -3.622         -11.804           25.006
   17 (vir)    39          24.187          -4.231          -1.942          -7.733           25.746
   18 (vir)    39          24.489          -5.616          -3.536         -11.143           26.480
   19 (vir)    39          28.396          -5.542          -2.177          -8.270           28.947
   20 (vir)    39          29.718          -5.191          -1.412          -7.888           31.003
   21 (vir)    39          30.605          -3.525          -1.202          -6.869           32.746
   22 (vir)    39          35.084          -3.877          -2.410          -9.926           38.723
   23 (vir)    39          38.310          -4.182          -1.911          -9.741           41.959
   24 (vir)    39          39.594          -8.382          -3.546         -13.410           41.076
   25 (vir)    39          44.520           1.862          -2.909         -12.679           56.151
   26 (vir)    39          46.201          -2.349          -2.418         -10.853           52.287
   27 (vir)    39          49.436          -1.279          -1.858          -9.376           55.674
   28 (vir)    39          51.011          -1.055          -1.467          -9.555           58.044
   29 (vir)    39          52.138          -1.246          -3.014         -12.712           60.590
   30 (vir)    39          54.737          -1.744          -2.262         -12.137           62.867
   31 (vir)    39          55.119          -1.062          -1.910         -11.399           63.546
   32 (vir)    39          58.131          -1.082          -2.707         -12.610           66.952
   33 (vir)    39          60.798          -0.192          -2.382         -12.591           70.814
   34 (vir)    39          62.022           2.944          -2.140         -11.980           74.806
   35 (vir)    39          63.599          -0.211          -1.250         -10.194           72.332
   36 (vir)    39          64.308          -4.266          -1.637         -10.952           69.357
   37 (vir)    39          66.851           0.554          -2.088         -11.999           77.315
   38 (vir)    39          72.129           1.068          -1.491         -11.425           83.130
   39 (vir)    39          73.005          -1.688          -1.548         -11.581           81.349
   40 (vir)    39          82.222           0.546          -1.570         -11.927           93.124
   41 (vir)    39          85.129          -0.637          -2.657         -14.345           96.179
   42 (vir)    39          88.175          -7.512          -1.406         -12.725           91.982
   43 (vir)    39          90.143          -2.164          -2.020         -14.658          100.617
   44 (vir)    39          91.127          -0.286          -2.065         -14.510          103.286
   45 (vir)    39          95.940           0.001          -1.783         -14.265          108.422
   46 (vir)    39          96.343           1.426          -1.701         -15.288          111.357
   47 (vir)    39         101.714          -1.863          -1.998         -14.592          112.446
   48 (vir)    39         109.452          -1.364          -1.889         -14.933          121.132
   49 (vir)    39         122.590          -1.649          -1.989         -16.835          135.787
   50 (vir)    39         132.066           0.680          -1.129         -14.092          145.709
   51 (vir)    39         136.452          -0.505          -1.437         -15.602          150.111
   52 (vir)    39         152.104          -0.336          -0.669         -12.827          163.925
   53 (vir)    39         160.009           0.515          -1.775         -11.942          170.691
   54 (vir)    39         222.619          -0.678           0.049          -9.511          231.502
   55 (vir)    39         318.091          10.164          -0.890         -17.440          344.804
   56 (vir)    39         413.985          -0.611          -1.194         -16.941          429.121
   57 (vir)    39      272113.839           0.000           0.000          -0.000       272113.839
   58 (vir)    39      272113.839           0.000          -0.000          -0.000       272113.839
 
 
  kpoint:      40             coordinate:     0.2653    0.2653    0.0000
 
    n           k   ϵ_nk^DFT (eV)     Σ^c_nk (eV)     Σ^x_nk (eV)    v_nk^xc (eV)   ϵ_nk^G0W0 (eV)
 
    1 (occ)    40         -18.235           7.903         -26.949         -17.460          -19.820
    2 (occ)    40         -11.573           4.588         -22.341         -15.971          -13.355
    3 (occ)    40          -9.974           4.077         -22.151         -16.304          -11.744
    4 (occ)    40          -4.524           2.138         -18.885         -15.554           -5.717
    5 (vir)    40           1.621          -3.946          -6.215         -11.724            3.185
    6 (vir)    40           7.742          -3.214          -2.522          -6.901            8.908
    7 (vir)    40           8.948          -3.125          -1.838          -6.021           10.005
    8 (vir)    40          10.419          -4.893          -5.723         -12.472           12.275
    9 (vir)    40          11.750          -5.183          -5.037         -12.192           13.723
   10 (vir)    40          12.011          -2.804          -1.449          -5.325           13.084
   11 (vir)    40          14.846          -4.007          -2.355          -7.605           16.088
   12 (vir)    40          16.005          -3.762          -2.171          -7.243           17.315
   13 (vir)    40          16.455          -2.950          -0.859          -4.741           17.388
   14 (vir)    40          18.027          -4.993          -3.544         -10.498           19.988
   15 (vir)    40          19.520          -2.941          -1.025          -5.000           20.554
   16 (vir)    40          22.991          -6.336          -3.718         -12.193           25.131
   17 (vir)    40          24.227          -4.369          -1.984          -7.917           25.790
   18 (vir)    40          24.450          -5.383          -3.430         -10.795           26.433
   19 (vir)    40          28.285          -5.976          -2.356          -8.423           28.376
   20 (vir)    40          29.719          -5.070          -1.310          -7.676           31.016
   21 (vir)    40          30.216          -2.970          -1.237          -6.851           32.860
   22 (vir)    40          35.346          -3.828          -2.428          -9.977           39.067
   23 (vir)    40          38.363          -4.195          -1.928          -9.813           42.053
   24 (vir)    40          39.734          -6.821          -3.587         -13.432           42.758
   25 (vir)    40          44.740           0.114          -2.845         -12.576           54.585
   26 (vir)    40          45.736          -2.449          -2.482         -10.978           51.784
   27 (vir)    40          49.979          -1.699          -1.802          -9.663           56.141
   28 (vir)    40          50.116          -0.990          -1.449          -9.371           57.048
   29 (vir)    40          52.521          -1.569          -3.215         -13.080           60.817
   30 (vir)    40          55.224          -1.749          -2.242         -12.182           63.415
   31 (vir)    40          55.379           0.179          -1.930         -11.409           65.038
   32 (vir)    40          58.417          -1.135          -2.638         -12.313           66.958
   33 (vir)    40          60.425           0.031          -2.558         -13.026           70.924
   34 (vir)    40          61.425           0.456          -2.237         -11.684           71.329
   35 (vir)    40          63.798          -0.457          -1.256         -10.294           72.379
   36 (vir)    40          64.093          -0.786          -2.277         -10.840           71.871
   37 (vir)    40          67.378           0.295          -2.025         -11.855           77.504
   38 (vir)    40          72.139           0.761          -1.538         -11.504           82.866
   39 (vir)    40          72.968           0.136          -1.435         -11.484           83.153
   40 (vir)    40          81.958           0.630          -1.523         -11.863           92.928
   41 (vir)    40          85.181          -0.692          -2.697         -14.387           96.179
   42 (vir)    40          88.676          -7.014          -1.290         -12.376           92.747
   43 (vir)    40          90.359          -0.276          -2.146         -14.519          102.456
   44 (vir)    40          90.491          -3.252          -2.166         -15.082          100.155
   45 (vir)    40          95.597           0.011          -1.743         -14.321          108.186
   46 (vir)    40          96.742          -3.436          -1.978         -15.359          106.688
   47 (vir)    40         101.979          -1.563          -1.988         -14.556          112.984
   48 (vir)    40         109.627          -1.609          -1.990         -15.054          121.082
   49 (vir)    40         122.649          -2.083          -2.013         -16.890          135.443
   50 (vir)    40         133.200          -3.190          -1.081         -14.173          143.102
   51 (vir)    40         137.319          -1.339          -1.447         -15.478          150.011
   52 (vir)    40         154.525          -0.367          -0.827         -12.697          166.027
   53 (vir)    40         165.174           0.677          -1.981         -11.857          175.727
   54 (vir)    40         222.840          -0.732          -0.087          -9.578          231.599
   55 (vir)    40         318.037          -1.045          -0.894         -17.444          333.542
   56 (vir)    40         408.402           0.046          -1.545         -16.817          423.720
   57 (vir)    40      272113.839          -0.000           0.000          -0.000       272113.839
   58 (vir)    40      272113.839           0.000          -0.000          -0.000       272113.839
 
 
  kpoint:      41             coordinate:     0.2721    0.2721    0.0000
 
    n           k   ϵ_nk^DFT (eV)     Σ^c_nk (eV)     Σ^x_nk (eV)    v_nk^xc (eV)   ϵ_nk^G0W0 (eV)
 
    1 (occ)    41         -18.146           7.879         -26.983         -17.518          -19.731
    2 (occ)    41         -11.640           4.596         -22.294         -15.919          -13.419
    3 (occ)    41         -10.110           4.126         -22.171         -16.261          -11.895
    4 (occ)    41          -4.385           2.104         -18.993         -15.716           -5.558
    5 (vir)    41           1.485          -3.921          -6.113         -11.584            3.035
    6 (vir)    41           8.026          -3.323          -2.649          -7.170            9.224
    7 (vir)    41           8.971          -3.190          -1.981          -6.255           10.055
    8 (vir)    41          10.500          -4.810          -5.470         -12.086           12.306
    9 (vir)    41          11.887          -5.048          -4.843         -11.843           13.839
   10 (vir)    41          12.084          -2.721          -1.309          -5.071           13.125
   11 (vir)    41          14.646          -4.064          -2.459          -7.873           15.997
   12 (vir)    41          15.930          -3.793          -2.213          -7.296           17.221
   13 (vir)    41          16.205          -2.902          -0.825          -4.651           17.128
   14 (vir)    41          17.856          -4.978          -3.672         -10.622           19.827
   15 (vir)    41          19.307          -2.874          -1.043          -4.949           20.339
   16 (vir)    41          23.056          -6.541          -3.828         -12.525           25.212
   17 (vir)    41          24.281          -4.495          -2.023          -8.086           25.849
   18 (vir)    41          24.413          -5.327          -3.287         -10.477           26.277
   19 (vir)    41          28.203          -5.710          -2.470          -8.563           28.586
   20 (vir)    41          29.720          -4.957          -1.212          -7.469           31.020
   21 (vir)    41          29.849          -2.662          -1.246          -6.835           32.777
   22 (vir)    41          35.619          -3.780          -2.449         -10.038           39.428
   23 (vir)    41          38.448          -4.189          -1.942          -9.878           42.195
   24 (vir)    41          39.886          -6.347          -3.611         -13.448           43.376
   25 (vir)    41          44.950           1.656          -2.757         -12.494           56.343
   26 (vir)    41          45.277          -2.549          -2.540         -11.109           51.296
   27 (vir)    41          49.236          -1.007          -1.437          -9.193           55.986
   28 (vir)    41          50.465          -1.590          -1.771          -9.951           57.055
   29 (vir)    41          52.846          -1.995          -3.419         -13.377           60.809
   30 (vir)    41          55.642           0.771          -1.944         -11.415           65.884
   31 (vir)    41          55.669          -1.752          -2.211         -12.204           63.910
   32 (vir)    41          58.719          -4.515          -2.574         -12.097           63.728
   33 (vir)    41          60.002           1.216          -2.707         -13.396           71.908
   34 (vir)    41          60.926           0.109          -2.199         -11.417           70.254
   35 (vir)    41          63.911          -1.076          -2.722         -10.742           70.855
   36 (vir)    41          63.991          -0.654          -1.265         -10.374           72.446
   37 (vir)    41          67.930          -0.013          -1.968         -11.740           77.689
   38 (vir)    41          72.194           0.491          -1.582         -11.575           82.677
   39 (vir)    41          73.000         -12.800          -1.369         -11.400           70.231
   40 (vir)    41          81.694           0.696          -1.486         -11.812           92.716
   41 (vir)    41          85.234          -0.736          -2.726         -14.417           96.188
   42 (vir)    41          89.045          -6.620          -1.165         -12.029           93.289
   43 (vir)    41          89.600          -0.272          -2.220         -14.527          101.636
   44 (vir)    41          90.878          -3.515          -2.285         -15.487          100.566
   45 (vir)    41          95.291          -0.004          -1.709         -14.375          107.954
   46 (vir)    41          97.072          -2.631          -2.259         -15.416          107.598
   47 (vir)    41         102.204          -1.128          -1.927         -14.525          113.673
   48 (vir)    41         109.830          -1.825          -2.094         -15.170          121.082
   49 (vir)    41         122.665          -2.116          -2.045         -16.951          135.455
   50 (vir)    41         134.090          -8.729          -1.090         -14.297          138.568
   51 (vir)    41         138.113          -2.292          -1.468         -15.257          149.610
   52 (vir)    41         157.329          -3.893          -1.064         -12.626          164.998
   53 (vir)    41         170.726          -0.727          -2.166         -11.791          179.625
   54 (vir)    41         222.931          -1.206          -0.290          -9.654          231.089
   55 (vir)    41         317.996          -3.324          -0.896         -17.449          331.225
   56 (vir)    41         402.323           0.526          -1.215         -16.677          418.311
   57 (vir)    41      272113.839           0.000           0.000          -0.000       272113.839
   58 (vir)    41      272113.839           0.000          -0.000          -0.000       272113.839
 
 
  kpoint:      42             coordinate:     0.2789    0.2789    0.0000
 
    n           k   ϵ_nk^DFT (eV)     Σ^c_nk (eV)     Σ^x_nk (eV)    v_nk^xc (eV)   ϵ_nk^G0W0 (eV)
 
    1 (occ)    42         -18.065           7.858         -27.017         -17.574          -19.650
    2 (occ)    42         -11.691           4.598         -22.243         -15.871          -13.465
    3 (occ)    42         -10.240           4.174         -22.193         -16.219          -12.040
    4 (occ)    42          -4.256           2.075         -19.106         -15.876           -5.411
    5 (vir)    42           1.362          -3.901          -6.007         -11.445            2.899
    6 (vir)    42           8.304          -3.451          -2.807          -7.492            9.537
    7 (vir)    42           8.966          -3.238          -2.103          -6.448           10.073
    8 (vir)    42          10.571          -4.699          -5.180         -11.625           12.317
    9 (vir)    42          12.012          -4.865          -4.584         -11.363           13.926
   10 (vir)    42          12.200          -2.661          -1.190          -4.864           13.214
   11 (vir)    42          14.467          -4.215          -2.642          -8.315           15.926
   12 (vir)    42          15.840          -3.831          -2.293          -7.422           17.138
   13 (vir)    42          15.963          -2.860          -0.792          -4.566           16.876
   14 (vir)    42          17.668          -4.972          -3.777         -10.673           19.593
   15 (vir)    42          19.094          -2.814          -1.062          -4.908           20.126
   16 (vir)    42          23.130          -6.726          -3.942         -12.814           25.276
   17 (vir)    42          24.342          -4.603          -2.059          -8.238           25.919
   18 (vir)    42          24.379          -5.255          -3.116         -10.188           26.196
   19 (vir)    42          28.145          -6.617          -2.522          -8.678           27.684
   20 (vir)    42          29.507          -2.688          -1.243          -6.826           32.402
   21 (vir)    42          29.723          -4.855          -1.120          -7.271           31.019
   22 (vir)    42          35.902          -3.734          -2.471         -10.109           39.805
   23 (vir)    42          38.563          -4.170          -1.952          -9.935           42.377
   24 (vir)    42          40.049          -7.023          -3.614         -13.462           42.874
   25 (vir)    42          44.813          -2.649          -2.587         -11.235           50.811
   26 (vir)    42          45.144         -11.641          -2.668         -12.431           43.266
   27 (vir)    42          48.398          -1.081          -1.431          -9.018           54.904
   28 (vir)    42          50.905          -5.126          -1.761         -10.255           54.273
   29 (vir)    42          53.127          -2.386          -3.574         -13.563           60.730
   30 (vir)    42          55.904           0.240          -1.943         -11.420           65.621
   31 (vir)    42          56.067          -1.766          -2.177         -12.214           64.338
   32 (vir)    42          58.967          -3.854          -2.592         -12.086           64.607
   33 (vir)    42          59.557          -0.691          -2.749         -13.395           69.512
   34 (vir)    42          60.537           2.932          -2.098         -11.375           72.746
   35 (vir)    42          63.744          -0.968          -2.951         -10.650           70.475
   36 (vir)    42          64.179          -0.809          -1.274         -10.432           72.528
   37 (vir)    42          68.494          -0.281          -1.919         -11.654           77.948
   38 (vir)    42          72.278           0.281          -1.624         -11.637           82.572
   39 (vir)    42          73.096          -7.798          -1.358         -11.330           75.270
   40 (vir)    42          81.429           0.742          -1.456         -11.771           92.487
   41 (vir)    42          85.284          -0.768          -2.746         -14.437           96.206
   42 (vir)    42          88.864          -0.270          -2.287         -14.534          100.842
   43 (vir)    42          89.306          -4.747          -1.075         -11.771           95.254
   44 (vir)    42          91.285          -3.829          -2.348         -15.795          100.902
   45 (vir)    42          95.016          -0.039          -1.679         -14.425          107.723
   46 (vir)    42          97.344          -2.264          -2.435         -15.464          108.110
   47 (vir)    42         102.380           0.109          -1.837         -14.492          115.144
   48 (vir)    42         110.055          -1.733          -2.197         -15.281          121.406
   49 (vir)    42         122.649          -1.965          -2.066         -17.020          135.637
   50 (vir)    42         134.754          -4.957          -1.107         -14.425          143.115
   51 (vir)    42         138.795          -2.470          -1.486         -14.993          149.832
   52 (vir)    42         160.478          -3.537          -1.315         -12.607          168.234
   53 (vir)    42         176.580          -0.422          -2.267         -11.735          185.626
   54 (vir)    42         222.866          -2.255          -0.471          -9.741          229.883
   55 (vir)    42         317.971          -1.081          -0.897         -17.453          333.446
   56 (vir)    42         395.828           0.962          -0.648         -16.523          412.665
   57 (vir)    42      272113.839           0.000          -0.000          -0.000       272113.839
   58 (vir)    42      272113.839           0.000          -0.000          -0.000       272113.839
 
 
  kpoint:      43             coordinate:     0.2857    0.2857    0.0000
 
    n           k   ϵ_nk^DFT (eV)     Σ^c_nk (eV)     Σ^x_nk (eV)    v_nk^xc (eV)   ϵ_nk^G0W0 (eV)
 
    1 (occ)    43         -17.993           7.840         -27.050         -17.625          -19.577
    2 (occ)    43         -11.726           4.594         -22.191         -15.829          -13.494
    3 (occ)    43         -10.366           4.222         -22.217         -16.180          -12.181
    4 (occ)    43          -4.140           2.052         -19.220         -16.029           -5.278
    5 (vir)    43           1.254          -3.887          -5.900         -11.313            2.780
    6 (vir)    43           8.572          -3.600          -3.004          -7.879            9.846
    7 (vir)    43           8.941          -3.268          -2.201          -6.594           10.066
    8 (vir)    43          10.638          -4.558          -4.853         -11.088           12.314
    9 (vir)    43          12.118          -4.620          -4.235         -10.709           13.972
   10 (vir)    43          12.352          -2.623          -1.096          -4.712           13.344
   11 (vir)    43          14.316          -4.485          -2.932          -8.968           15.866
   12 (vir)    43          15.731          -2.821          -0.759          -4.482           16.634
   13 (vir)    43          15.743          -3.872          -2.406          -7.611           17.076
   14 (vir)    43          17.467          -4.948          -3.849         -10.648           19.318
   15 (vir)    43          18.887          -2.761          -1.082          -4.875           19.920
   16 (vir)    43          23.213          -6.892          -4.047         -13.080           25.354
   17 (vir)    43          24.348          -4.909          -2.925          -9.914           26.428
   18 (vir)    43          24.406          -4.693          -2.092          -8.376           25.997
   19 (vir)    43          28.103          -6.605          -2.538          -8.760           27.720
   20 (vir)    43          29.194          -2.904          -1.248          -6.828           31.870
   21 (vir)    43          29.728          -4.763          -1.034          -7.085           31.015
   22 (vir)    43          36.193          -3.692          -2.495         -10.189           40.195
   23 (vir)    43          38.710          -4.143          -1.961          -9.987           42.594
   24 (vir)    43          40.219          -8.542          -3.600         -13.473           41.549
   25 (vir)    43          44.332          -2.750          -2.613         -11.336           50.305
   26 (vir)    43          45.315          -9.885          -2.592         -12.385           45.223
   27 (vir)    43          47.625          -1.182          -1.439          -8.863           53.866
   28 (vir)    43          51.301          -2.997          -1.792         -10.592           57.103
   29 (vir)    43          53.393          -2.843          -3.637         -13.620           60.533
   30 (vir)    43          56.161          -0.505          -1.929         -11.431           65.158
   31 (vir)    43          56.413          -1.800          -2.142         -12.218           64.689
   32 (vir)    43          58.909          -3.505          -2.949         -13.362           65.818
   33 (vir)    43          59.290          -4.475          -2.399         -11.879           64.294
   34 (vir)    43          60.284          -3.635          -2.024         -11.604           66.228
   35 (vir)    43          63.579          -1.145          -2.991         -10.562           70.005
   36 (vir)    43          64.363          -0.933          -1.281         -10.469           72.618
   37 (vir)    43          69.061          -0.474          -1.878         -11.594           78.303
   38 (vir)    43          72.381           0.132          -1.663         -11.688           82.538
   39 (vir)    43          73.244          -1.991          -1.405         -11.277           81.124
   40 (vir)    43          81.167           0.771          -1.431         -11.737           92.244
   41 (vir)    43          85.329          -0.789          -2.758         -14.451           96.232
   42 (vir)    43          88.165          -0.269          -2.349         -14.541          100.089
   43 (vir)    43          89.490          -1.376          -1.025         -11.599           98.687
   44 (vir)    43          91.685          -4.738          -2.363         -16.011          100.594
   45 (vir)    43          94.767          -0.082          -1.654         -14.472          107.502
   46 (vir)    43          97.569          -2.129          -2.448         -15.506          108.499
   47 (vir)    43         102.505          -1.782          -1.748         -14.454          113.430
   48 (vir)    43         110.291          -1.675          -2.294         -15.384          121.706
   49 (vir)    43         122.611          -1.575          -2.072         -17.093          136.057
   50 (vir)    43         135.233          -3.091          -1.112         -14.526          145.556
   51 (vir)    43         139.341          -2.801          -1.467         -14.734          149.807
   52 (vir)    43         163.886          -5.139          -1.529         -12.628          169.847
   53 (vir)    43         182.623          -0.328          -2.158         -11.675          191.812
   54 (vir)    43         222.625           7.388          -0.574          -9.847          239.286
   55 (vir)    43         317.961          -1.276          -0.899         -17.456          333.242
   56 (vir)    43         389.014           1.087          -0.495         -16.357          405.964
   57 (vir)    43      272113.839           0.000          -0.000          -0.000       272113.839
   58 (vir)    43      272113.839           0.000          -0.000          -0.000       272113.838
 
 
  kpoint:      44             coordinate:     0.2925    0.2925    0.0000
 
    n           k   ϵ_nk^DFT (eV)     Σ^c_nk (eV)     Σ^x_nk (eV)    v_nk^xc (eV)   ϵ_nk^G0W0 (eV)
 
    1 (occ)    44         -17.930           7.825         -27.079         -17.670          -19.514
    2 (occ)    44         -11.745           4.584         -22.138         -15.794          -13.505
    3 (occ)    44         -10.486           4.269         -22.244         -16.143          -12.317
    4 (occ)    44          -4.038           2.034         -19.330         -16.173           -5.161
    5 (vir)    44           1.162          -3.878          -5.797         -11.190            2.678
    6 (vir)    44           8.825          -3.773          -3.245          -8.342           10.149
    7 (vir)    44           8.902          -3.284          -2.275          -6.696           10.040
    8 (vir)    44          10.702          -4.385          -4.490         -10.476           12.303
    9 (vir)    44          12.193          -4.311          -3.785          -9.863           13.960
   10 (vir)    44          12.527          -2.604          -1.029          -4.611           13.506
   11 (vir)    44          14.204          -4.868          -3.347          -9.848           15.837
   12 (vir)    44          15.511          -2.785          -0.723          -4.399           16.402
   13 (vir)    44          15.644          -3.927          -2.541          -7.851           17.027
   14 (vir)    44          17.256          -4.886          -3.879         -10.543           19.034
   15 (vir)    44          18.690          -2.714          -1.102          -4.851           19.725
   16 (vir)    44          23.302          -7.047          -4.144         -13.355           25.466
   17 (vir)    44          24.320          -4.380          -2.733          -9.633           26.841
   18 (vir)    44          24.468          -4.764          -2.123          -8.496           26.078
   19 (vir)    44          28.072          -1.478          -2.546          -8.795           32.843
   20 (vir)    44          28.913          -3.017          -1.272          -6.856           31.480
   21 (vir)    44          29.735          -4.677          -0.956          -6.914           31.016
   22 (vir)    44          36.491          -3.652          -2.522         -10.278           40.596
   23 (vir)    44          38.887          -4.110          -1.970         -10.036           42.844
   24 (vir)    44          40.393          -9.314          -3.582         -13.484           40.981
   25 (vir)    44          43.821          -2.850          -2.605         -11.380           49.745
   26 (vir)    44          45.456          -9.389          -2.538         -12.354           45.884
   27 (vir)    44          46.941          -1.280          -1.472          -8.754           52.942
   28 (vir)    44          51.649          -2.524          -1.899         -10.973           58.199
   29 (vir)    44          53.675          -8.793          -3.586         -13.556           54.851
   30 (vir)    44          56.405           0.064          -1.917         -11.457           66.008
   31 (vir)    44          56.707          -1.854          -2.110         -12.219           64.963
   32 (vir)    44          58.493          -9.414          -3.034         -13.702           59.747
   33 (vir)    44          59.174          -3.770          -2.215         -11.226           64.414
   34 (vir)    44          60.227          -4.464          -2.085         -11.919           65.598
   35 (vir)    44          63.408          -0.951          -2.870         -10.478           70.066
   36 (vir)    44          64.540          -1.036          -1.284         -10.488           72.707
   37 (vir)    44          69.622          -0.597          -1.844         -11.557           78.738
   38 (vir)    44          72.486           0.020          -1.697         -11.730           82.539
   39 (vir)    44          73.428          -2.056          -1.500         -11.238           81.111
   40 (vir)    44          80.914           0.790          -1.411         -11.707           92.001
   41 (vir)    44          85.368          -0.800          -2.766         -14.462           96.264
   42 (vir)    44          87.518          -0.270          -2.405         -14.546           99.389
   43 (vir)    44          89.621          -0.054          -0.998         -11.485          100.053
   44 (vir)    44          92.059          -5.569          -2.350         -16.166          100.304
   45 (vir)    44          94.542          -0.120          -1.634         -14.514          107.303
   46 (vir)    44          97.754          -3.790          -2.324         -15.545          107.186
   47 (vir)    44         102.581          -2.504          -1.683         -14.409          112.802
   48 (vir)    44         110.530          -1.550          -2.375         -15.477          122.082
   49 (vir)    44         122.560          -0.624          -2.071         -17.168          137.034
   50 (vir)    44         135.568          -0.505          -1.109         -14.591          148.546
   51 (vir)    44         139.748          -2.354          -1.396         -14.509          150.506
   52 (vir)    44         167.435          -6.675          -1.686         -12.679          171.753
   53 (vir)    44         188.707          -0.146          -1.733         -11.590          198.418
   54 (vir)    44         222.206          -0.334          -0.586          -9.983          231.269
   55 (vir)    44         317.964          -3.147          -0.903         -17.459          331.374
   56 (vir)    44         382.015           1.200          -1.046         -16.183          398.352
   57 (vir)    44      272113.839           0.000          -0.000          -0.000       272113.839
   58 (vir)    44      272113.839           0.000          -0.000          -0.000       272113.838
 
 
  kpoint:      45             coordinate:     0.2993    0.2993    0.0000
 
    n           k   ϵ_nk^DFT (eV)     Σ^c_nk (eV)     Σ^x_nk (eV)    v_nk^xc (eV)   ϵ_nk^G0W0 (eV)
 
    1 (occ)    45         -17.878           7.812         -27.105         -17.709          -19.461
    2 (occ)    45         -11.750           4.569         -22.085         -15.767          -13.499
    3 (occ)    45         -10.598           4.316         -22.275         -16.110          -12.447
    4 (occ)    45          -3.951           2.021         -19.432         -16.302           -5.060
    5 (vir)    45           1.086          -3.873          -5.702         -11.082            2.593
    6 (vir)    45           8.858          -3.289          -2.328          -6.764           10.004
    7 (vir)    45           9.056          -3.969          -3.526          -8.878           10.439
    8 (vir)    45          10.771          -4.187          -4.101          -9.810           12.293
    9 (vir)    45          12.231          -3.957          -3.259          -8.867           13.882
   10 (vir)    45          12.717          -2.600          -0.987          -4.558           13.687
   11 (vir)    45          14.137          -5.316          -3.865         -10.911           15.866
   12 (vir)    45          15.307          -2.751          -0.684          -4.313           16.184
   13 (vir)    45          15.549          -4.009          -2.689          -8.120           16.971
   14 (vir)    45          17.045          -4.780          -3.862         -10.358           18.761
   15 (vir)    45          18.508          -2.674          -1.122          -4.833           19.545
   16 (vir)    45          23.392          -7.215          -4.246         -13.676           25.607
   17 (vir)    45          24.296          -3.934          -2.558          -9.310           27.113
   18 (vir)    45          24.524          -4.817          -2.150          -8.600           26.157
   19 (vir)    45          28.046          -4.131          -2.551          -8.757           30.121
   20 (vir)    45          28.667          -2.898          -1.318          -6.938           31.390
   21 (vir)    45          29.744          -4.591          -0.886          -6.763           31.030
   22 (vir)    45          36.794          -3.614          -2.549         -10.375           41.005
   23 (vir)    45          39.093          -4.068          -1.982         -10.085           43.128
   24 (vir)    45          40.565          -9.055          -3.565         -13.495           41.441
   25 (vir)    45          43.270          -2.953          -2.555         -11.337           49.099
   26 (vir)    45          45.561          -9.939          -2.506         -12.336           45.452
   27 (vir)    45          46.365          -1.361          -1.534          -8.716           52.186
   28 (vir)    45          51.948          -0.546          -2.087         -11.376           60.690
   29 (vir)    45          53.997          -2.276          -3.433         -13.409           61.697
   30 (vir)    45          56.628           2.310          -1.928         -11.517           68.528
   31 (vir)    45          56.949          -1.919          -2.083         -12.220           65.168
   32 (vir)    45          58.057           2.474          -3.035         -13.647           71.143
   33 (vir)    45          58.913          -2.961          -2.088         -11.106           64.970
   34 (vir)    45          60.318          -4.377          -2.236         -12.066           65.772
   35 (vir)    45          63.236          -1.090          -2.634         -10.399           69.912
   36 (vir)    45          64.706          -1.124          -1.284         -10.493           72.791
   37 (vir)    45          70.168          -0.664          -1.816         -11.538           79.225
   38 (vir)    45          72.580          -0.078          -1.728         -11.761           82.535
   39 (vir)    45          73.627          -1.906          -1.604         -11.214           81.330
   40 (vir)    45          80.676           0.807          -1.393         -11.680           91.770
   41 (vir)    45          85.402          -0.798          -2.770         -14.471           96.305
   42 (vir)    45          86.937          -0.275          -2.457         -14.551           98.755
   43 (vir)    45          89.715           0.398          -0.980         -11.407          100.540
   44 (vir)    45          92.394          -3.885          -2.330         -16.284          102.463
   45 (vir)    45          94.341          -0.146          -1.616         -14.553          107.131
   46 (vir)    45          97.905          -3.613          -2.149         -15.583          107.726
   47 (vir)    45         102.613          -1.280          -1.651         -14.357          114.039
   48 (vir)    45         110.760          -0.901          -2.422         -15.557          122.994
   49 (vir)    45         122.502           0.679          -2.075         -17.242          138.348
   50 (vir)    45         135.796           0.794          -1.104         -14.620          150.106
   51 (vir)    45         140.032          -2.202          -1.297         -14.329          150.861
   52 (vir)    45         170.985          -7.876          -1.764         -12.754          174.098
   53 (vir)    45         194.626          -1.291          -1.034         -11.445          203.746
   54 (vir)    45         221.638          -1.061          -0.485         -10.174          230.265
   55 (vir)    45         317.979         -10.508          -0.906         -17.463          324.028
   56 (vir)    45         375.022           1.461          -1.927         -16.005          390.561
   57 (vir)    45      272113.839           0.000           0.000          -0.000       272113.839
   58 (vir)    45      272113.839           0.000          -0.000          -0.000       272113.839
 
 
  kpoint:      46             coordinate:     0.3061    0.3061    0.0000
 
    n           k   ϵ_nk^DFT (eV)     Σ^c_nk (eV)     Σ^x_nk (eV)    v_nk^xc (eV)   ϵ_nk^G0W0 (eV)
 
    1 (occ)    46         -17.835           7.802         -27.126         -17.741          -19.418
    2 (occ)    46         -11.741           4.549         -22.032         -15.747          -13.477
    3 (occ)    46         -10.702           4.362         -22.309         -16.079          -12.570
    4 (occ)    46          -3.880           2.011         -19.520         -16.411           -4.978
    5 (vir)    46           1.025          -3.871          -5.621         -10.992            2.526
    6 (vir)    46           8.813          -3.288          -2.364          -6.805            9.965
    7 (vir)    46           9.254          -4.179          -3.831          -9.456           10.700
    8 (vir)    46          10.849          -3.986          -3.716          -9.145           12.292
    9 (vir)    46          12.226          -3.597          -2.726          -7.843           13.746
   10 (vir)    46          12.907          -2.609          -0.968          -4.546           13.876
   11 (vir)    46          14.117          -5.771          -4.416         -12.032           15.962
   12 (vir)    46          15.122          -2.720          -0.639          -4.221           15.984
   13 (vir)    46          15.460          -4.115          -2.837          -8.388           16.895
   14 (vir)    46          16.842          -4.637          -3.797         -10.101           18.509
   15 (vir)    46          18.345          -2.639          -1.142          -4.820           19.384
   16 (vir)    46          23.481          -7.434          -4.374         -14.079           25.753
   17 (vir)    46          24.273          -3.720          -2.418          -8.908           27.044
   18 (vir)    46          24.571          -4.856          -2.173          -8.686           26.229
   19 (vir)    46          28.021          -4.489          -2.522          -8.588           29.598
   20 (vir)    46          28.463          -2.827          -1.404          -7.135           31.368
   21 (vir)    46          29.756          -4.493          -0.827          -6.635           31.071
   22 (vir)    46          37.096          -3.579          -2.580         -10.479           41.417
   23 (vir)    46          39.325          -4.014          -2.001         -10.138           43.448
   24 (vir)    46          40.730          -8.419          -3.553         -13.506           42.264
   25 (vir)    46          42.682          -3.062          -2.468         -11.203           48.355
   26 (vir)    46          45.628          -9.439          -2.495         -12.328           46.021
   27 (vir)    46          45.907          -1.420          -1.618          -8.750           51.619
   28 (vir)    46          52.199          -9.920          -2.316         -11.753           51.716
   29 (vir)    46          54.371          -2.454          -3.228         -13.247           61.935
   30 (vir)    46          56.819           0.130          -2.010         -11.691           66.630
   31 (vir)    46          57.141          -1.982          -2.060         -12.220           65.319
   32 (vir)    46          57.654           2.885          -2.975         -13.436           71.000
   33 (vir)    46          58.570          -4.060          -2.012         -11.099           63.598
   34 (vir)    46          60.444          -3.303          -2.430         -12.126           66.837
   35 (vir)    46          63.070          -1.116          -2.360         -10.327           69.921
   36 (vir)    46          64.855          -1.205          -1.281         -10.488           72.856
   37 (vir)    46          70.686          -0.692          -1.793         -11.529           79.731
   38 (vir)    46          72.645          -0.174          -1.756         -11.787           82.502
   39 (vir)    46          73.821          -1.787          -1.667         -11.201           81.567
   40 (vir)    46          80.461           0.822          -1.377         -11.654           91.560
   41 (vir)    46          85.429          -0.783          -2.772         -14.480           96.354
   42 (vir)    46          86.435          -0.287          -2.505         -14.555           98.198
   43 (vir)    46          89.783           0.396          -0.965         -11.352          100.566
   44 (vir)    46          92.683          -1.467          -2.316         -16.378          105.278
   45 (vir)    46          94.166          -0.162          -1.601         -14.586          106.988
   46 (vir)    46          98.024          -4.119          -2.016         -15.620          107.509
   47 (vir)    46         102.612           0.792          -1.642         -14.302          116.064
   48 (vir)    46         110.971          -1.759          -2.432         -15.623          122.404
   49 (vir)    46         122.443           0.892          -2.090         -17.311          138.556
   50 (vir)    46         135.945           0.895          -1.100         -14.622          150.361
   51 (vir)    46         140.214          -2.352          -1.206         -14.194          150.850
   52 (vir)    46         174.382         -10.705          -1.730         -12.850          174.797
   53 (vir)    46         200.091          -0.051          -0.328         -11.180          210.893
   54 (vir)    46         221.007          -1.203          -0.217         -10.469          230.056
   55 (vir)    46         318.003           6.188          -0.906         -17.466          340.751
   56 (vir)    46         368.304           1.494          -2.328         -15.830          383.301
   57 (vir)    46      272113.839          -0.000           0.000          -0.000       272113.839
   58 (vir)    46      272113.839           0.000           0.000          -0.000       272113.839
 
 
  kpoint:      47             coordinate:     0.3129    0.3129    0.0000
 
    n           k   ϵ_nk^DFT (eV)     Σ^c_nk (eV)     Σ^x_nk (eV)    v_nk^xc (eV)   ϵ_nk^G0W0 (eV)
 
    1 (occ)    47         -17.803           7.794         -27.142         -17.766          -19.386
    2 (occ)    47         -11.722           4.524         -21.979         -15.734          -13.442
    3 (occ)    47         -10.794           4.406         -22.348         -16.053          -12.682
    4 (occ)    47          -3.826           2.004         -19.591         -16.498           -4.915
    5 (vir)    47           0.981          -3.871          -5.556         -10.922            2.476
    6 (vir)    47           8.772          -3.284          -2.388          -6.828            9.928
    7 (vir)    47           9.411          -4.376          -4.118          -9.999           10.916
    8 (vir)    47          10.938          -3.822          -3.393          -8.585           12.307
    9 (vir)    47          12.186          -3.269          -2.253          -6.918           13.582
   10 (vir)    47          13.083          -2.625          -0.970          -4.569           14.057
   11 (vir)    47          14.133          -6.185          -4.917         -13.072           16.103
   12 (vir)    47          14.965          -2.693          -0.588          -4.124           15.807
   13 (vir)    47          15.378          -4.218          -2.963          -8.604           16.801
   14 (vir)    47          16.662          -4.477          -3.703          -9.802           18.284
   15 (vir)    47          18.207          -2.609          -1.161          -4.812           19.248
   16 (vir)    47          23.565          -7.738          -4.541         -14.593           25.879
   17 (vir)    47          24.252          -3.646          -2.308          -8.399           26.696
   18 (vir)    47          24.609          -4.885          -2.191          -8.753           26.287
   19 (vir)    47          27.991          -4.477          -2.376          -8.196           29.334
   20 (vir)    47          28.308          -3.304          -1.595          -7.544           30.954
   21 (vir)    47          29.769          -4.350          -0.779          -6.532           31.171
   22 (vir)    47          37.391          -3.544          -2.613         -10.590           41.823
   23 (vir)    47          39.580          -3.946          -2.034         -10.203           43.804
   24 (vir)    47          40.878          -7.831          -3.540         -13.518           43.025
   25 (vir)    47          42.074          -3.183          -2.353         -11.000           47.538
   26 (vir)    47          45.563          -1.457          -1.703          -8.824           51.227
   27 (vir)    47          45.660          -7.568          -2.502         -12.325           47.916
   28 (vir)    47          52.408          -0.436          -2.524         -12.064           61.511
   29 (vir)    47          54.793          -2.696          -3.031         -13.129           62.196
   30 (vir)    47          56.936          -1.800          -2.399         -12.450           65.187
   31 (vir)    47          57.284          -2.029          -2.041         -12.221           65.435
   32 (vir)    47          57.324           2.816          -2.653         -12.632           70.119
   33 (vir)    47          58.197          -2.039          -1.944         -11.090           65.303
   34 (vir)    47          60.555          -2.656          -2.640         -12.164           67.424
   35 (vir)    47          62.920          -1.240          -2.128         -10.263           69.815
   36 (vir)    47          64.982          -1.302          -1.277         -10.477           72.881
   37 (vir)    47          71.166          -0.699          -1.771         -11.522           80.218
   38 (vir)    47          72.664          -0.262          -1.784         -11.813           82.432
   39 (vir)    47          73.993          -1.012          -1.656         -11.195           82.520
   40 (vir)    47          80.279           0.829          -1.362         -11.629           91.375
   41 (vir)    47          85.450          -0.758          -2.770         -14.490           96.413
   42 (vir)    47          86.029          -0.310          -2.549         -14.556           97.726
   43 (vir)    47          89.830           0.334          -0.953         -11.314          100.526
   44 (vir)    47          92.919          -1.610          -2.320         -16.453          105.442
   45 (vir)    47          94.019          -0.177          -1.589         -14.614          106.867
   46 (vir)    47          98.114          -7.549          -1.967         -15.653          104.251
   47 (vir)    47         102.589           0.608          -1.643         -14.249          115.803
   48 (vir)    47         111.152          -2.975          -2.416         -15.674          121.435
   49 (vir)    47         122.387           0.654          -2.111         -17.370          138.299
   50 (vir)    47         136.037           0.936          -1.096         -14.607          150.484
   51 (vir)    47         140.318          -3.318          -1.146         -14.100          149.954
   52 (vir)    47         177.451           0.501          -1.563         -12.964          189.353
   53 (vir)    47         204.692          -0.071           0.014         -10.704          215.339
   54 (vir)    47         220.489          -1.046           0.237         -10.950          230.630
   55 (vir)    47         318.031           2.261          -0.902         -17.469          336.859
   56 (vir)    47         362.230           0.830          -1.641         -15.668          377.088
   57 (vir)    47      272113.839           0.000           0.000          -0.000       272113.839
   58 (vir)    47      272113.839           0.000           0.000          -0.000       272113.839
 
 
  kpoint:      48             coordinate:     0.3197    0.3197    0.0000
 
    n           k   ϵ_nk^DFT (eV)     Σ^c_nk (eV)     Σ^x_nk (eV)    v_nk^xc (eV)   ϵ_nk^G0W0 (eV)
 
    1 (occ)    48         -17.780           7.788         -27.154         -17.783          -19.363
    2 (occ)    48         -11.698           4.498         -21.929         -15.728          -13.401
    3 (occ)    48         -10.869           4.446         -22.387         -16.032          -12.778
    4 (occ)    48          -3.788           1.999         -19.643         -16.560           -4.870
    5 (vir)    48           0.951          -3.872          -5.509         -10.873            2.443
    6 (vir)    48           8.740          -3.278          -2.403          -6.839            9.898
    7 (vir)    48           9.520          -4.528          -4.337         -10.414           11.069
    8 (vir)    48          11.032          -3.732          -3.199          -8.248           12.348
    9 (vir)    48          12.128          -2.992          -1.870          -6.158           13.424
   10 (vir)    48          13.228          -2.645          -0.988          -4.616           14.211
   11 (vir)    48          14.166          -6.533          -5.319         -13.938           16.252
   12 (vir)    48          14.843          -2.671          -0.534          -4.027           15.665
   13 (vir)    48          15.309          -4.276          -3.042          -8.718           16.708
   14 (vir)    48          16.519          -4.326          -3.613          -9.517           18.098
   15 (vir)    48          18.099          -2.586          -1.178          -4.808           19.143
   16 (vir)    48          23.636          -8.128          -4.747         -15.207           25.968
   17 (vir)    48          24.231          -3.113          -2.210          -7.790           26.699
   18 (vir)    48          24.636          -4.907          -2.203          -8.801           26.327
   19 (vir)    48          27.956          -4.536          -2.052          -7.584           28.952
   20 (vir)    48          28.206          -4.529          -1.939          -8.165           29.904
   21 (vir)    48          29.781          -4.107          -0.744          -6.457           31.386
   22 (vir)    48          37.661          -3.512          -2.650         -10.703           42.202
   23 (vir)    48          39.851          -3.861          -2.094         -10.293           44.189
   24 (vir)    48          40.999          -7.839          -3.521         -13.529           43.168
   25 (vir)    48          41.478          -3.318          -2.213         -10.755           46.702
   26 (vir)    48          45.325          -1.469          -1.772          -8.901           50.985
   27 (vir)    48          45.664          -5.251          -2.519         -12.326           50.220
   28 (vir)    48          52.576          -1.053          -2.674         -12.292           61.141
   29 (vir)    48          55.247          -3.381          -2.877         -13.090           62.079
   30 (vir)    48          56.819          -0.992          -3.131         -13.783           66.479
   31 (vir)    48          57.219          -2.102          -2.110         -11.308           64.316
   32 (vir)    48          57.383          -2.050          -2.028         -12.223           65.527
   33 (vir)    48          57.831          -1.521          -1.807         -10.987           65.491
   34 (vir)    48          60.636          -1.460          -2.803         -12.195           68.568
   35 (vir)    48          62.799          -0.764          -1.960         -10.211           70.287
   36 (vir)    48          65.080          -1.437          -1.271         -10.466           72.838
   37 (vir)    48          71.594          -0.713          -1.744         -11.497           80.634
   38 (vir)    48          72.620          -0.327          -1.816         -11.857           82.335
   39 (vir)    48          74.128           0.002          -1.578         -11.194           83.746
   40 (vir)    48          80.140           0.823          -1.350         -11.606           91.220
   41 (vir)    48          85.465          -0.717          -2.756         -14.499           96.492
   42 (vir)    48          85.730          -0.352          -2.595         -14.556           97.339
   43 (vir)    48          89.862           0.429          -0.946         -11.290          100.634
   44 (vir)    48          93.095          -2.938          -2.361         -16.510          104.306
   45 (vir)    48          93.905          -0.199          -1.578         -14.635          106.764
   46 (vir)    48          98.176          -0.088          -1.969         -15.680          111.799
   47 (vir)    48         102.557           0.158          -1.645         -14.203          115.273
   48 (vir)    48         111.292          -5.118          -2.399         -15.709          119.485
   49 (vir)    48         122.339           0.421          -2.132         -17.415          138.043
   50 (vir)    48         136.090           0.910          -1.093         -14.587          150.494
   51 (vir)    48         140.367          -0.642          -1.107         -14.041          152.659
   52 (vir)    48         179.986          -0.955          -1.327         -13.086          190.790
   53 (vir)    48         207.919          -0.435          -0.098          -9.995          217.380
   54 (vir)    48         220.350          -0.726           0.611         -11.637          231.872
   55 (vir)    48         318.057           1.630          -0.897         -17.472          336.261
   56 (vir)    48         357.264          -0.751           0.014         -15.534          372.060
   57 (vir)    48      272113.839           0.000          -0.000          -0.000       272113.839
   58 (vir)    48      272113.839          -0.000           0.000          -0.000       272113.839
 
 
  kpoint:      49             coordinate:     0.3265    0.3265    0.0000
 
    n           k   ϵ_nk^DFT (eV)     Σ^c_nk (eV)     Σ^x_nk (eV)    v_nk^xc (eV)   ϵ_nk^G0W0 (eV)
 
    1 (occ)    49         -17.767           7.785         -27.161         -17.793          -19.350
    2 (occ)    49         -11.676           4.477         -21.890         -15.726          -13.364
    3 (occ)    49         -10.921           4.476         -22.421         -16.018          -12.847
    4 (occ)    49          -3.765           1.997         -19.672         -16.596           -4.845
    5 (vir)    49           0.934          -3.873          -5.483         -10.846            2.424
    6 (vir)    49           8.719          -3.274          -2.410          -6.843            9.878
    7 (vir)    49           9.582          -4.615          -4.458         -10.646           11.154
    8 (vir)    49          11.110          -3.717          -3.155          -8.164           12.402
    9 (vir)    49          12.077          -2.789          -1.588          -5.603           13.304
   10 (vir)    49          13.322          -2.661          -1.011          -4.664           14.314
   11 (vir)    49          14.195          -6.787          -5.589         -14.543           16.362
   12 (vir)    49          14.769          -2.659          -0.488          -3.949           15.571
   13 (vir)    49          15.260          -4.274          -3.064          -8.723           16.645
   14 (vir)    49          16.427          -4.211          -3.564          -9.319           17.971
   15 (vir)    49          18.030          -2.571          -1.189          -4.805           19.075
   16 (vir)    49          23.686          -8.511          -4.957         -15.799           26.018
   17 (vir)    49          24.215          -2.099          -2.117          -7.203           27.202
   18 (vir)    49          24.652          -4.924          -2.210          -8.829           26.347
   19 (vir)    49          27.925          -4.252          -1.689          -7.030           29.014
   20 (vir)    49          28.151          -5.666          -2.287          -8.723           28.920
   21 (vir)    49          29.790          -3.777          -0.721          -6.410           31.703
   22 (vir)    49          37.876          -3.485          -2.690         -10.808           42.510
   23 (vir)    49          40.120          -3.755          -2.223         -10.438           44.580
   24 (vir)    49          40.958          -3.436          -2.018         -10.474           45.978
   25 (vir)    49          41.081          -9.817          -3.492         -13.537           41.308
   26 (vir)    49          45.186          -1.458          -1.817          -8.955           50.866
   27 (vir)    49          45.655          -4.064          -2.539         -12.326           51.379
   28 (vir)    49          52.694          -1.059          -2.759         -12.435           61.312
   29 (vir)    49          55.685          -0.256          -2.777         -13.138           65.791
   30 (vir)    49          56.574          -0.373          -3.227         -13.791           66.765
   31 (vir)    49          57.206          -1.826          -2.412         -11.554           64.522
   32 (vir)    49          57.440          -2.043          -2.019         -12.224           65.601
   33 (vir)    49          57.555          -6.363          -1.522         -10.594           60.264
   34 (vir)    49          60.685          -0.905          -2.873         -12.220           69.127
   35 (vir)    49          62.720          -0.174          -1.792         -10.175           70.928
   36 (vir)    49          65.144          -1.607          -1.267         -10.457           72.726
   37 (vir)    49          71.953          -0.820          -1.688         -11.390           80.835
   38 (vir)    49          72.504          -0.340          -1.875         -11.979           82.268
   39 (vir)    49          74.215           0.393          -1.465         -11.194           84.337
   40 (vir)    49          80.053           0.800          -1.341         -11.589           91.102
   41 (vir)    49          85.471          -0.585          -2.675         -14.494           96.706
   42 (vir)    49          85.552          -0.495          -2.696         -14.567           96.928
   43 (vir)    49          89.880           0.559          -0.947         -11.276          100.769
   44 (vir)    49          93.205          -3.621          -2.457         -16.546          103.673
   45 (vir)    49          93.831          -0.229          -1.571         -14.649          106.680
   46 (vir)    49          98.213          -0.548          -1.950         -15.698          111.412
   47 (vir)    49         102.529           0.069          -1.643         -14.171          115.128
   48 (vir)    49         111.383          10.048          -2.396         -15.728          134.763
   49 (vir)    49         122.306           0.260          -2.146         -17.444          137.865
   50 (vir)    49         136.117           0.804          -1.092         -14.570          150.399
   51 (vir)    49         140.381          -0.632          -1.066         -14.010          152.694
   52 (vir)    49         181.730          -0.394          -1.186         -13.192          193.341
   53 (vir)    49         209.497          -0.384          -0.183          -9.348          218.277
   54 (vir)    49         220.665          -0.756           0.242         -12.244          232.395
   55 (vir)    49         318.075           1.727          -0.895         -17.474          336.381
   56 (vir)    49         353.932          -2.779           1.795         -15.442          368.390
   57 (vir)    49      272113.839          -0.000          -0.000          -0.000       272113.838
   58 (vir)    49      272113.839          -0.000           0.000          -0.000       272113.839
 
 
  kpoint:      50             coordinate:     0.3333    0.3333    0.0000
 
    n           k   ϵ_nk^DFT (eV)     Σ^c_nk (eV)     Σ^x_nk (eV)    v_nk^xc (eV)   ϵ_nk^G0W0 (eV)
 
    1 (occ)    50         -17.763           7.784         -27.163         -17.796          -19.346
    2 (occ)    50         -11.667           4.467         -21.873         -15.726          -13.347
    3 (occ)    50         -10.940           4.488         -22.436         -16.013          -12.874
    4 (occ)    50          -3.758           1.996         -19.682         -16.608           -4.837
    5 (vir)    50           0.929          -3.873          -5.474         -10.837            2.419
    6 (vir)    50           8.712          -3.273          -2.412          -6.844            9.871
    7 (vir)    50           9.601          -4.641          -4.491         -10.710           11.180
    8 (vir)    50          11.142          -3.719          -3.181          -8.188           12.430
    9 (vir)    50          12.057          -2.711          -1.470          -5.380           13.256
   10 (vir)    50          13.354          -2.668          -1.021          -4.684           14.350
   11 (vir)    50          14.205          -6.891          -5.683         -14.768           16.399
   12 (vir)    50          14.745          -2.656          -0.470          -3.919           15.538
   13 (vir)    50          15.242          -4.248          -3.058          -8.701           16.637
   14 (vir)    50          16.396          -4.148          -3.575          -9.254           17.927
   15 (vir)    50          18.005          -2.566          -1.194          -4.805           19.050
   16 (vir)    50          23.705          -8.666          -5.086         -16.075           26.028
   17 (vir)    50          24.208          -1.850          -2.079          -6.930           27.209
   18 (vir)    50          24.657          -4.935          -2.212          -8.839           26.349
   19 (vir)    50          27.915          -3.780          -1.479          -6.801           29.457
   20 (vir)    50          28.132          -5.986          -2.449          -8.952           28.649
   21 (vir)    50          29.794          -3.576          -0.713          -6.395           31.899
   22 (vir)    50          37.968          -3.473          -2.713         -10.862           42.645
   23 (vir)    50          40.274          -3.640          -2.436         -10.628           44.826
   24 (vir)    50          40.698          -3.295          -1.773         -10.220           45.850
   25 (vir)    50          41.111         -11.459          -3.460         -13.541           39.733
   26 (vir)    50          45.140          -1.426          -1.831          -8.973           50.856
   27 (vir)    50          45.648          -3.583          -2.552         -12.326           51.839
   28 (vir)    50          52.741          -0.962          -2.786         -12.487           61.480
   29 (vir)    50          55.910           2.350          -2.728         -13.189           68.721
   30 (vir)    50          56.461           0.085          -3.332         -13.815           67.029
   31 (vir)    50          57.123          -1.480          -2.324         -11.632           64.951
   32 (vir)    50          57.458          -2.010          -2.016         -12.224           65.657
   33 (vir)    50          57.487          -2.376          -1.683         -10.406           63.834
   34 (vir)    50          60.702          -0.691          -2.867         -12.230           69.375
   35 (vir)    50          62.691          -0.075          -1.517         -10.161           71.260
   36 (vir)    50          65.166          -1.767          -1.265         -10.453           72.587
   37 (vir)    50          72.164          -1.605          -1.515         -10.956           80.000
   38 (vir)    50          72.376          -0.206          -2.049         -12.419           82.541
   39 (vir)    50          74.245           0.773          -1.347         -11.195           84.865
   40 (vir)    50          80.024           0.758          -1.337         -11.583           91.027
   41 (vir)    50          85.461          -0.314          -2.519         -14.479           97.106
   42 (vir)    50          85.506          -0.786          -2.859         -14.584           96.445
   43 (vir)    50          89.886           0.511          -0.954         -11.272          100.716
   44 (vir)    50          93.243          -3.785          -2.611         -16.559          103.405
   45 (vir)    50          93.805          -0.262          -1.569         -14.654          106.628
   46 (vir)    50          98.224          -0.505          -1.856         -15.705          111.567
   47 (vir)    50         102.518           0.154          -1.639         -14.160          115.193
   48 (vir)    50         111.415           0.766          -2.404         -15.735          125.512
   49 (vir)    50         122.294           0.157          -2.151         -17.454          137.754
   50 (vir)    50         136.125           0.701          -1.098         -14.563          150.291
   51 (vir)    50         140.382          -0.559          -1.010         -14.001          152.814
   52 (vir)    50         182.380           0.620          -1.303         -13.238          194.934
   53 (vir)    50         209.850          -0.322          -0.023          -9.122          218.628
   54 (vir)    50         220.930          -1.731          -0.988         -12.447          230.657
   55 (vir)    50         318.081           2.081          -0.893         -17.475          336.744
   56 (vir)    50         352.731          -4.178           2.706         -15.409          366.668
   57 (vir)    50      272113.839          -0.000          -0.000          -0.000       272113.838
   58 (vir)    50      272113.839          -0.000           0.000          -0.000       272113.839
 
 
  kpoint:      51             coordinate:     0.3265    0.3367    0.0000
 
    n           k   ϵ_nk^DFT (eV)     Σ^c_nk (eV)     Σ^x_nk (eV)    v_nk^xc (eV)   ϵ_nk^G0W0 (eV)
 
    1 (occ)    51         -17.764           7.785         -27.162         -17.795          -19.347
    2 (occ)    51         -11.669           4.470         -21.878         -15.725          -13.352
    3 (occ)    51         -10.935           4.485         -22.432         -16.015          -12.867
    4 (occ)    51          -3.760           1.996         -19.680         -16.605           -4.839
    5 (vir)    51           0.930          -3.873          -5.476         -10.839            2.420
    6 (vir)    51           8.714          -3.273          -2.412          -6.844            9.873
    7 (vir)    51           9.597          -4.636          -4.485         -10.698           11.174
    8 (vir)    51          11.134          -3.716          -3.167          -8.173           12.424
    9 (vir)    51          12.062          -2.734          -1.502          -5.440           13.266
   10 (vir)    51          13.347          -2.666          -1.018          -4.679           14.342
   11 (vir)    51          14.204          -6.865          -5.659         -14.711           16.391
   12 (vir)    51          14.750          -2.657          -0.475          -3.927           15.545
   13 (vir)    51          15.247          -4.256          -3.062          -8.709           16.638
   14 (vir)    51          16.404          -4.167          -3.565          -9.268           17.940
   15 (vir)    51          18.011          -2.567          -1.192          -4.805           19.057
   16 (vir)    51          23.700          -8.628          -5.044         -15.996           26.024
   17 (vir)    51          24.210          -1.968          -2.090          -7.009           27.160
   18 (vir)    51          24.656          -4.932          -2.211          -8.836           26.349
   19 (vir)    51          27.917          -4.018          -1.519          -6.874           29.253
   20 (vir)    51          28.138          -5.937          -2.420          -8.879           28.660
   21 (vir)    51          29.793          -3.604          -0.715          -6.399           31.872
   22 (vir)    51          37.940          -3.477          -2.704         -10.843           42.602
   23 (vir)    51          40.248          -3.670          -2.369         -10.576           44.785
   24 (vir)    51          40.756          -3.392          -1.851         -10.293           45.807
   25 (vir)    51          41.103         -11.156          -3.471         -13.540           40.016
   26 (vir)    51          45.151          -1.431          -1.828          -8.969           50.861
   27 (vir)    51          45.651          -3.701          -2.546         -12.326           51.730
   28 (vir)    51          52.727          -0.909          -2.781         -12.473           61.510
   29 (vir)    51          55.862           2.314          -2.754         -13.185           68.607
   30 (vir)    51          56.461          -0.092          -3.256         -13.723           66.836
   31 (vir)    51          57.177          -1.567          -2.404         -11.727           64.932
   32 (vir)    51          57.454          -2.018          -2.017         -12.224           65.643
   33 (vir)    51          57.493          -2.222          -1.595         -10.417           64.093
   34 (vir)    51          60.698          -0.761          -2.867         -12.227           69.297
   35 (vir)    51          62.698          -0.091          -1.605         -10.165           71.168
   36 (vir)    51          65.160          -1.715          -1.265         -10.454           72.634
   37 (vir)    51          72.093          -1.117          -1.616         -11.217           80.576
   38 (vir)    51          72.427          -0.253          -1.948         -12.156           82.383
   39 (vir)    51          74.237           0.693          -1.378         -11.195           84.747
   40 (vir)    51          80.031           0.772          -1.338         -11.585           91.050
   41 (vir)    51          85.471          -0.350          -2.530         -14.476           97.067
   42 (vir)    51          85.509          -0.740          -2.846         -14.586           96.509
   43 (vir)    51          89.885           0.564          -0.950         -11.273          100.772
   44 (vir)    51          93.233          -3.714          -2.557         -16.556          103.518
   45 (vir)    51          93.812          -0.251          -1.569         -14.653          106.645
   46 (vir)    51          98.222          -0.541          -1.890         -15.703          111.494
   47 (vir)    51         102.521           0.136          -1.641         -14.163          115.179
   48 (vir)    51         111.406           1.642          -2.400         -15.733          126.382
   49 (vir)    51         122.297           0.168          -2.148         -17.452          137.769
   50 (vir)    51         136.123           0.711          -1.096         -14.565          150.304
   51 (vir)    51         140.383          -0.591          -1.025         -14.003          152.769
   52 (vir)    51         182.200           0.276          -1.271         -13.224          194.429
   53 (vir)    51         209.805          -0.700          -0.048          -9.172          218.229
   54 (vir)    51         220.832          -1.382          -0.520         -12.405          231.335
   55 (vir)    51         318.079           2.053          -0.893         -17.475          336.715
   56 (vir)    51         353.047          -3.824           2.512         -15.418          367.153
   57 (vir)    51      272113.839          -0.000          -0.000          -0.000       272113.838
   58 (vir)    51      272113.839          -0.000           0.000          -0.000       272113.839
 
 
  kpoint:      52             coordinate:     0.3197    0.3401    0.0000
 
    n           k   ϵ_nk^DFT (eV)     Σ^c_nk (eV)     Σ^x_nk (eV)    v_nk^xc (eV)   ϵ_nk^G0W0 (eV)
 
    1 (occ)    52         -17.767           7.785         -27.161         -17.793          -19.350
    2 (occ)    52         -11.678           4.478         -21.891         -15.725          -13.366
    3 (occ)    52         -10.919           4.475         -22.420         -16.019          -12.845
    4 (occ)    52          -3.765           1.997         -19.673         -16.597           -4.844
    5 (vir)    52           0.934          -3.873          -5.482         -10.844            2.424
    6 (vir)    52           8.720          -3.275          -2.411          -6.844            9.878
    7 (vir)    52           9.584          -4.624          -4.470         -10.668           11.159
    8 (vir)    52          11.108          -3.702          -3.135          -8.131           12.402
    9 (vir)    52          12.072          -2.800          -1.593          -5.615           13.295
   10 (vir)    52          13.326          -2.662          -1.011          -4.665           14.318
   11 (vir)    52          14.201          -6.797          -5.587         -14.549           16.366
   12 (vir)    52          14.763          -2.658          -0.489          -3.948           15.564
   13 (vir)    52          15.259          -4.269          -3.071          -8.732           16.652
   14 (vir)    52          16.427          -4.201          -3.554          -9.305           17.977
   15 (vir)    52          18.032          -2.572          -1.189          -4.806           19.076
   16 (vir)    52          23.685          -8.502          -4.948         -15.770           26.004
   17 (vir)    52          24.216          -2.452          -2.134          -7.232           26.861
   18 (vir)    52          24.653          -4.927          -2.210          -8.830           26.346
   19 (vir)    52          27.919          -4.518          -1.596          -7.098           28.903
   20 (vir)    52          28.158          -5.696          -2.339          -8.655           28.778
   21 (vir)    52          29.789          -3.656          -0.721          -6.411           31.823
   22 (vir)    52          37.851          -3.493          -2.675         -10.783           42.465
   23 (vir)    52          40.225          -3.686          -2.300         -10.535           44.774
   24 (vir)    52          40.878          -3.434          -1.954         -10.401           45.891
   25 (vir)    52          41.078         -10.576          -3.485         -13.537           40.553
   26 (vir)    52          45.186          -1.426          -1.817          -8.956           50.899
   27 (vir)    52          45.660          -3.919          -2.535         -12.327           51.533
   28 (vir)    52          52.682          -0.698          -2.762         -12.428           61.650
   29 (vir)    52          55.754           2.411          -2.804         -13.191           68.551
   30 (vir)    52          56.431          -0.949          -3.142         -13.513           65.853
   31 (vir)    52          57.336          -1.640          -2.454         -11.870           65.112
   32 (vir)    52          57.440          -2.018          -2.019         -12.224           65.628
   33 (vir)    52          57.510          -1.260          -1.536         -10.514           65.228
   34 (vir)    52          60.687          -0.907          -2.851         -12.216           69.145
   35 (vir)    52          62.721          -0.110          -1.682         -10.177           71.106
   36 (vir)    52          65.142          -1.633          -1.267         -10.457           72.699
   37 (vir)    52          71.948          -0.892          -1.689         -11.395           80.761
   38 (vir)    52          72.508          -0.262          -1.873         -11.973           82.346
   39 (vir)    52          74.213           0.732          -1.406         -11.194           84.733
   40 (vir)    52          80.054           0.790          -1.341         -11.591           91.094
   41 (vir)    52          85.502          -0.553          -2.643         -14.493           96.798
   42 (vir)    52          85.518          -0.528          -2.727         -14.569           96.832
   43 (vir)    52          89.880           0.633          -0.944         -11.276          100.845
   44 (vir)    52          93.204          -3.516          -2.487         -16.545          103.746
   45 (vir)    52          93.835          -0.232          -1.572         -14.649          106.680
   46 (vir)    52          98.213          -0.551          -1.921         -15.698          111.439
   47 (vir)    52         102.533           0.132          -1.644         -14.172          115.192
   48 (vir)    52         111.380           2.927          -2.391         -15.729          127.646
   49 (vir)    52         122.309           0.138          -2.141         -17.444          137.750
   50 (vir)    52         136.117           0.663          -1.094         -14.571          150.256
   51 (vir)    52         140.386          -0.642          -1.041         -14.009          152.712
   52 (vir)    52         181.642          -0.038          -1.311         -13.182          193.476
   53 (vir)    52         209.707          -0.882          -0.014          -9.314          218.126
   54 (vir)    52         220.525          -1.118           0.079         -12.288          231.774
   55 (vir)    52         318.077           2.151          -0.892         -17.475          336.810
   56 (vir)    52         354.003          -3.199           2.082         -15.444          368.330
   57 (vir)    52      272113.839          -0.000          -0.000          -0.000       272113.838
   58 (vir)    52      272113.839          -0.000           0.000          -0.000       272113.839
 
 
  kpoint:      53             coordinate:     0.3129    0.3435    0.0000
 
    n           k   ϵ_nk^DFT (eV)     Σ^c_nk (eV)     Σ^x_nk (eV)    v_nk^xc (eV)   ϵ_nk^G0W0 (eV)
 
    1 (occ)    53         -17.772           7.787         -27.159         -17.790          -19.355
    2 (occ)    53         -11.692           4.490         -21.910         -15.723          -13.389
    3 (occ)    53         -10.894           4.460         -22.403         -16.027          -12.811
    4 (occ)    53          -3.773           1.998         -19.663         -16.585           -4.853
    5 (vir)    53           0.939          -3.872          -5.490         -10.852            2.429
    6 (vir)    53           8.730          -3.277          -2.409          -6.844            9.888
    7 (vir)    53           9.564          -4.607          -4.449         -10.626           11.135
    8 (vir)    53          11.069          -3.679          -3.094          -8.071           12.367
    9 (vir)    53          12.085          -2.900          -1.731          -5.881           13.335
   10 (vir)    53          13.294          -2.657          -0.999          -4.644           14.282
   11 (vir)    53          14.201          -6.697          -5.472         -14.301           16.333
   12 (vir)    53          14.780          -2.661          -0.510          -3.979           15.589
   13 (vir)    53          15.280          -4.281          -3.083          -8.763           16.678
   14 (vir)    53          16.466          -4.244          -3.541          -9.356           18.037
   15 (vir)    53          18.066          -2.581          -1.183          -4.807           19.109
   16 (vir)    53          23.659          -8.313          -4.816         -15.433           25.963
   17 (vir)    53          24.225          -3.127          -2.210          -7.564           26.452
   18 (vir)    53          24.647          -4.920          -2.207          -8.818           26.339
   19 (vir)    53          27.920          -5.043          -1.707          -7.431           28.602
   20 (vir)    53          28.195          -5.350          -2.204          -8.323           28.964
   21 (vir)    53          29.782          -3.743          -0.732          -6.431           31.738
   22 (vir)    53          37.704          -3.521          -2.629         -10.688           42.242
   23 (vir)    53          40.247          -3.666          -2.273         -10.541           44.850
   24 (vir)    53          41.021          -3.418          -2.035         -10.498           46.066
   25 (vir)    53          41.035          -9.863          -3.500         -13.531           41.203
   26 (vir)    53          45.244          -1.407          -1.801          -8.935           50.972
   27 (vir)    53          45.677          -4.257          -2.521         -12.327           51.227
   28 (vir)    53          52.602          -0.337          -2.732         -12.354           61.888
   29 (vir)    53          55.622           2.806          -2.865         -13.219           68.782
   30 (vir)    53          56.381          -1.352          -3.059         -13.348           65.317
   31 (vir)    53          57.419          -2.010          -2.022         -12.223           65.610
   32 (vir)    53          57.492           0.260          -1.697         -10.597           66.653
   33 (vir)    53          57.604          -1.469          -2.246         -11.984           65.873
   34 (vir)    53          60.670          -1.081          -2.813         -12.196           68.972
   35 (vir)    53          62.759          -0.122          -1.736         -10.196           71.097
   36 (vir)    53          65.111          -1.520          -1.270         -10.463           72.784
   37 (vir)    53          71.772          -0.816          -1.724         -11.468           80.700
   38 (vir)    53          72.578          -0.230          -1.836         -11.890           82.402
   39 (vir)    53          74.172           0.932          -1.421         -11.193           84.876
   40 (vir)    53          80.091           0.810          -1.345         -11.600           91.156
   41 (vir)    53          85.518          -0.737          -2.862         -14.589           96.509
   42 (vir)    53          85.565          -0.324          -2.499         -14.473           97.215
   43 (vir)    53          89.873           0.726          -0.938         -11.280          100.942
   44 (vir)    53          93.154          -3.151          -2.415         -16.527          104.116
   45 (vir)    53          93.876          -0.207          -1.575         -14.641          106.734
   46 (vir)    53          98.199          -0.543          -1.947         -15.690          111.399
   47 (vir)    53         102.552           0.143          -1.649         -14.187          115.234
   48 (vir)    53         111.336           4.524          -2.379         -15.723          129.204
   49 (vir)    53         122.331           0.039          -2.130         -17.431          137.671
   50 (vir)    53         136.107           0.536          -1.095         -14.581          150.128
   51 (vir)    53         140.393          -0.710          -1.052         -14.018          152.649
   52 (vir)    53         180.691          -0.215          -1.409         -13.116          192.183
   53 (vir)    53         209.591          -0.893           0.117          -9.541          218.357
   54 (vir)    53         220.010          -0.764           0.638         -12.102          231.986
   55 (vir)    53         318.074           2.349          -0.892         -17.474          337.006
   56 (vir)    53         355.599          -2.452           1.484         -15.486          370.117
   57 (vir)    53      272113.839          -0.000          -0.000          -0.000       272113.838
   58 (vir)    53      272113.839          -0.000           0.000          -0.000       272113.839
 
 
  kpoint:      54             coordinate:     0.3061    0.3469    0.0000
 
    n           k   ϵ_nk^DFT (eV)     Σ^c_nk (eV)     Σ^x_nk (eV)    v_nk^xc (eV)   ϵ_nk^G0W0 (eV)
 
    1 (occ)    54         -17.778           7.788         -27.156         -17.785          -19.361
    2 (occ)    54         -11.710           4.505         -21.933         -15.720          -13.418
    3 (occ)    54         -10.859           4.440         -22.383         -16.038          -12.764
    4 (occ)    54          -3.784           2.000         -19.650         -16.568           -4.866
    5 (vir)    54           0.945          -3.871          -5.501         -10.863            2.436
    6 (vir)    54           8.743          -3.280          -2.406          -6.845            9.902
    7 (vir)    54           9.538          -4.587          -4.427         -10.580           11.103
    8 (vir)    54          11.018          -3.654          -3.053          -8.009           12.319
    9 (vir)    54          12.093          -3.021          -1.903          -6.210           13.379
   10 (vir)    54          13.254          -2.650          -0.986          -4.619           14.237
   11 (vir)    54          14.208          -6.580          -5.324         -13.992           16.296
   12 (vir)    54          14.800          -2.663          -0.538          -4.019           15.619
   13 (vir)    54          15.306          -4.290          -3.094          -8.793           16.714
   14 (vir)    54          16.518          -4.287          -3.528          -9.411           18.115
   15 (vir)    54          18.114          -2.595          -1.175          -4.810           19.156
   16 (vir)    54          23.625          -8.094          -4.667         -15.033           25.897
   17 (vir)    54          24.237          -3.756          -2.311          -7.957           26.127
   18 (vir)    54          24.640          -4.911          -2.203          -8.803           26.329
   19 (vir)    54          27.916          -5.274          -1.828          -7.783           28.596
   20 (vir)    54          28.252          -4.988          -2.035          -7.974           29.203
   21 (vir)    54          29.771          -3.877          -0.746          -6.459           31.606
   22 (vir)    54          37.510          -3.558          -2.576         -10.574           41.951
   23 (vir)    54          40.316          -3.626          -2.269         -10.576           44.998
   24 (vir)    54          40.974          -9.334          -3.510         -13.523           41.653
   25 (vir)    54          41.172          -3.382          -2.102         -10.587           46.275
   26 (vir)    54          45.325          -1.373          -1.779          -8.909           51.082
   27 (vir)    54          45.704          -4.742          -2.506         -12.328           50.784
   28 (vir)    54          52.484           0.104          -2.689         -12.253           62.152
   29 (vir)    54          55.479           3.391          -2.938         -13.272           69.204
   30 (vir)    54          56.333          -1.413          -3.000         -13.250           65.170
   31 (vir)    54          57.390          -1.995          -2.026         -12.221           65.590
   32 (vir)    54          57.523           2.246          -1.422         -10.310           68.657
   33 (vir)    54          57.861          -1.291          -2.459         -12.403           66.515
   34 (vir)    54          60.648          -1.151          -2.750         -12.167           68.915
   35 (vir)    54          62.811          -0.134          -1.755         -10.222           71.145
   36 (vir)    54          65.067          -1.376          -1.273         -10.471           72.888
   37 (vir)    54          71.573          -0.772          -1.745         -11.501           80.557
   38 (vir)    54          72.631          -0.181          -1.812         -11.843           82.481
   39 (vir)    54          74.114           1.176          -1.413         -11.191           85.068
   40 (vir)    54          80.143           0.831          -1.352         -11.614           91.237
   41 (vir)    54          85.527          -0.688          -2.866         -14.603           96.576
   42 (vir)    54          85.641          -0.354          -2.482         -14.459           97.264
   43 (vir)    54          89.862           0.862          -0.932         -11.286          101.079
   44 (vir)    54          93.085          -2.765          -2.355         -16.502          104.467
   45 (vir)    54          93.935          -0.178          -1.580         -14.631          106.808
   46 (vir)    54          98.180          -0.509          -1.962         -15.679          111.388
   47 (vir)    54         102.581           0.166          -1.654         -14.208          115.301
   48 (vir)    54         111.272           5.958          -2.365         -15.715          130.580
   49 (vir)    54         122.363          -0.142          -2.116         -17.413          137.519
   50 (vir)    54         136.092           0.355          -1.099         -14.595          149.943
   51 (vir)    54         140.406          -0.788          -1.057         -14.030          152.590
   52 (vir)    54         179.345          -0.248          -1.528         -13.031          190.600
   53 (vir)    54         209.461          -0.812           0.341          -9.851          218.841
   54 (vir)    54         219.324          -0.774           0.990         -11.844          231.383
   55 (vir)    54         318.071           2.611          -0.891         -17.473          337.265
   56 (vir)    54         357.822          -1.684           0.808         -15.545          372.492
   57 (vir)    54      272113.839           0.000          -0.000          -0.000       272113.839
   58 (vir)    54      272113.839          -0.000           0.000          -0.000       272113.839
 
 
  kpoint:      55             coordinate:     0.2993    0.3503    0.0000
 
    n           k   ϵ_nk^DFT (eV)     Σ^c_nk (eV)     Σ^x_nk (eV)    v_nk^xc (eV)   ϵ_nk^G0W0 (eV)
 
    1 (occ)    55         -17.786           7.790         -27.152         -17.779          -19.369
    2 (occ)    55         -11.733           4.523         -21.959         -15.716          -13.453
    3 (occ)    55         -10.816           4.417         -22.362         -16.052          -12.709
    4 (occ)    55          -3.797           2.002         -19.634         -16.547           -4.882
    5 (vir)    55           0.953          -3.869          -5.514         -10.875            2.445
    6 (vir)    55           8.761          -3.285          -2.403          -6.846            9.920
    7 (vir)    55           9.504          -4.567          -4.407         -10.536           11.066
    8 (vir)    55          10.958          -3.630          -3.019          -7.953           12.263
    9 (vir)    55          12.093          -3.150          -2.093          -6.570           13.421
   10 (vir)    55          13.207          -2.643          -0.971          -4.592           14.185
   11 (vir)    55          14.226          -6.457          -5.159         -13.656           16.266
   12 (vir)    55          14.820          -2.665          -0.570          -4.064           15.650
   13 (vir)    55          15.337          -4.293          -3.101          -8.815           16.759
   14 (vir)    55          16.584          -4.326          -3.514          -9.463           18.207
   15 (vir)    55          18.177          -2.612          -1.164          -4.815           19.216
   16 (vir)    55          23.583          -7.870          -4.518         -14.613           25.807
   17 (vir)    55          24.252          -4.284          -2.429          -8.367           25.906
   18 (vir)    55          24.631          -4.900          -2.197          -8.783           26.316
   19 (vir)    55          27.907          -5.333          -1.936          -8.087           28.725
   20 (vir)    55          28.330          -4.680          -1.860          -7.673           29.464
   21 (vir)    55          29.757          -4.059          -0.765          -6.495           31.427
   22 (vir)    55          37.283          -3.601          -2.520         -10.451           41.613
   23 (vir)    55          40.424          -3.580          -2.274         -10.622           45.192
   24 (vir)    55          40.896          -9.115          -3.515         -13.513           41.779
   25 (vir)    55          41.325          -3.339          -2.163         -10.673           46.496
   26 (vir)    55          45.430          -1.323          -1.752          -8.878           51.232
   27 (vir)    55          45.740          -5.316          -2.494         -12.329           50.259
   28 (vir)    55          52.328           0.496          -2.637         -12.132           62.318
   29 (vir)    55          55.331           3.868          -3.016         -13.337           69.521
   30 (vir)    55          56.299          -1.270          -2.952         -13.195           65.271
   31 (vir)    55          57.352          -1.973          -2.031         -12.219           65.567
   32 (vir)    55          57.546           1.417          -1.378         -10.282           67.866
   33 (vir)    55          58.152          -0.812          -2.457         -12.526           67.409
   34 (vir)    55          60.626          -0.743          -2.664         -12.128           69.347
   35 (vir)    55          62.877          -0.227          -1.728         -10.254           71.176
   36 (vir)    55          65.009          -1.198          -1.278         -10.481           73.013
   37 (vir)    55          71.354          -0.729          -1.759         -11.513           80.380
   38 (vir)    55          72.665          -0.125          -1.793         -11.811           82.558
   39 (vir)    55          74.038          -2.899          -1.379         -11.188           80.947
   40 (vir)    55          80.209           0.852          -1.360         -11.632           91.333
   41 (vir)    55          85.537          -0.646          -2.866         -14.611           96.636
   42 (vir)    55          85.734          -0.376          -2.464         -14.453           97.347
   43 (vir)    55          89.848           1.080          -0.927         -11.294          101.294
   44 (vir)    55          92.995          -2.755          -2.320         -16.469          104.389
   45 (vir)    55          94.015          -0.144          -1.587         -14.617          106.900
   46 (vir)    55          98.155          -0.423          -1.964         -15.665          111.433
   47 (vir)    55         102.620           0.188          -1.658         -14.234          115.384
   48 (vir)    55         111.187           6.528          -2.350         -15.704          131.070
   49 (vir)    55         122.408          -0.375          -2.101         -17.391          137.322
   50 (vir)    55         136.073           0.167          -1.108         -14.612          149.744
   51 (vir)    55         140.424          -0.864          -1.053         -14.044          152.551
   52 (vir)    55         177.620          -0.186          -1.624         -12.936          188.747
   53 (vir)    55         209.293          -0.645           0.602         -10.244          219.495
   54 (vir)    55         218.526          -0.737           1.030         -11.507          230.327
   55 (vir)    55         318.071           2.889          -0.891         -17.473          337.542
   56 (vir)    55         360.644          -1.011           0.146         -15.619          375.398
   57 (vir)    55      272113.839           0.000          -0.000          -0.000       272113.839
   58 (vir)    55      272113.839           0.000           0.000          -0.000       272113.839
 
 
  kpoint:      56             coordinate:     0.2925    0.3537    0.0000
 
    n           k   ϵ_nk^DFT (eV)     Σ^c_nk (eV)     Σ^x_nk (eV)    v_nk^xc (eV)   ϵ_nk^G0W0 (eV)
 
    1 (occ)    56         -17.796           7.792         -27.148         -17.773          -19.378
    2 (occ)    56         -11.760           4.542         -21.984         -15.711          -13.491
    3 (occ)    56         -10.766           4.392         -22.341         -16.070          -12.645
    4 (occ)    56          -3.813           2.004         -19.615         -16.524           -4.900
    5 (vir)    56           0.961          -3.867          -5.529         -10.888            2.454
    6 (vir)    56           8.783          -3.291          -2.399          -6.847            9.941
    7 (vir)    56           9.465          -4.547          -4.392         -10.497           11.024
    8 (vir)    56          10.892          -3.609          -2.994          -7.909           12.198
    9 (vir)    56          12.081          -3.273          -2.287          -6.931           13.452
   10 (vir)    56          13.155          -2.635          -0.956          -4.564           14.128
   11 (vir)    56          14.257          -6.340          -4.992         -13.324           16.247
   12 (vir)    56          14.838          -2.666          -0.606          -4.113           15.680
   13 (vir)    56          15.373          -4.288          -3.101          -8.825           16.809
   14 (vir)    56          16.662          -4.358          -3.500          -9.504           18.309
   15 (vir)    56          18.254          -2.634          -1.153          -4.822           19.289
   16 (vir)    56          23.533          -7.655          -4.381         -14.201           25.698
   17 (vir)    56          24.269          -4.729          -2.557          -8.766           25.748
   18 (vir)    56          24.620          -4.887          -2.190          -8.758           26.301
   19 (vir)    56          27.893          -5.328          -2.018          -8.328           28.875
   20 (vir)    56          28.426          -4.474          -1.699          -7.439           29.692
   21 (vir)    56          29.737          -4.270          -0.789          -6.539           31.218
   22 (vir)    56          37.033          -3.648          -2.467         -10.327           41.246
   23 (vir)    56          40.562          -3.536          -2.280         -10.669           45.414
   24 (vir)    56          40.800          -9.076          -3.511         -13.502           41.714
   25 (vir)    56          41.479          -3.295          -2.219         -10.756           46.721
   26 (vir)    56          45.559          -1.256          -1.722          -8.844           51.425
   27 (vir)    56          45.786          -5.614          -2.486         -12.330           50.016
   28 (vir)    56          52.134           0.723          -2.580         -11.999           62.275
   29 (vir)    56          55.180           3.861          -3.087         -13.399           69.354
   30 (vir)    56          56.279          -0.925          -2.912         -13.166           65.608
   31 (vir)    56          57.307          -1.945          -2.037         -12.216           65.541
   32 (vir)    56          57.572           0.245          -1.385         -10.279           66.710
   33 (vir)    56          58.455          -0.254          -2.439         -12.612           68.374
   34 (vir)    56          60.605           1.169          -2.563         -12.080           71.291
   35 (vir)    56          62.955          -0.640          -1.653         -10.290           70.952
   36 (vir)    56          64.936          -0.988          -1.284         -10.494           73.158
   37 (vir)    56          71.117          -0.677          -1.768         -11.514           80.186
   38 (vir)    56          72.680          -0.067          -1.777         -11.786           82.622
   39 (vir)    56          73.946          -7.129          -1.325         -11.185           76.676
   40 (vir)    56          80.287           0.871          -1.369         -11.654           91.443
   41 (vir)    56          85.550          -0.609          -2.867         -14.616           96.691
   42 (vir)    56          85.840          -0.392          -2.443         -14.451           97.457
   43 (vir)    56          89.830           1.463          -0.925         -11.302          101.670
   44 (vir)    56          92.887          -3.192          -2.320         -16.429          103.805
   45 (vir)    56          94.117          -0.107          -1.596         -14.599          107.013
   46 (vir)    56          98.124          -0.234          -1.952         -15.648          111.586
   47 (vir)    56         102.669           0.193          -1.662         -14.264          115.464
   48 (vir)    56         111.082           5.922          -2.336         -15.693          130.361
   49 (vir)    56         122.465          -0.592          -2.085         -17.364          137.152
   50 (vir)    56         136.049           0.010          -1.121         -14.633          149.570
   51 (vir)    56         140.449          -0.917          -1.038         -14.061          152.555
   52 (vir)    56         175.544          -0.049          -1.661         -12.839          186.674
   53 (vir)    56         209.039          -0.456           0.789         -10.714          220.087
   54 (vir)    56         217.699          -0.728           0.765         -11.091          228.827
   55 (vir)    56         318.072           3.134          -0.890         -17.473          337.788
   56 (vir)    56         364.029          -0.549          -0.432         -15.707          378.755
   57 (vir)    56      272113.839           0.000          -0.000          -0.000       272113.839
   58 (vir)    56      272113.839           0.000           0.000          -0.000       272113.839
 
 
  kpoint:      57             coordinate:     0.2857    0.3571    0.0000
 
    n           k   ϵ_nk^DFT (eV)     Σ^c_nk (eV)     Σ^x_nk (eV)    v_nk^xc (eV)   ϵ_nk^G0W0 (eV)
 
    1 (occ)    57         -17.806           7.795         -27.143         -17.765          -19.389
    2 (occ)    57         -11.789           4.561         -22.009         -15.705          -13.531
    3 (occ)    57         -10.709           4.366         -22.322         -16.090          -12.576
    4 (occ)    57          -3.831           2.008         -19.595         -16.497           -4.921
    5 (vir)    57           0.971          -3.864          -5.544         -10.902            2.464
    6 (vir)    57           8.809          -3.297          -2.394          -6.849            9.967
    7 (vir)    57           9.420          -4.529          -4.384         -10.469           10.976
    8 (vir)    57          10.821          -3.591          -2.980          -7.878           12.128
    9 (vir)    57          12.056          -3.382          -2.468          -7.263           13.468
   10 (vir)    57          13.100          -2.628          -0.941          -4.536           14.067
   11 (vir)    57          14.302          -6.241          -4.843         -13.029           16.246
   12 (vir)    57          14.854          -2.666          -0.644          -4.163           15.708
   13 (vir)    57          15.413          -4.277          -3.096          -8.822           16.862
   14 (vir)    57          16.752          -4.380          -3.486          -9.528           18.414
   15 (vir)    57          18.344          -2.660          -1.140          -4.833           19.376
   16 (vir)    57          23.478          -7.453          -4.260         -13.813           25.579
   17 (vir)    57          24.287          -5.100          -2.689          -9.136           25.634
   18 (vir)    57          24.609          -4.873          -2.182          -8.730           26.284
   19 (vir)    57          27.876          -5.310          -2.073          -8.513           29.006
   20 (vir)    57          28.542          -4.408          -1.567          -7.261           29.828
   21 (vir)    57          29.713          -4.475          -0.817          -6.592           31.013
   22 (vir)    57          36.770          -3.694          -2.417         -10.204           40.863
   23 (vir)    57          40.688          -9.076          -3.503         -13.488           41.598
   24 (vir)    57          40.721          -3.495          -2.284         -10.712           45.654
   25 (vir)    57          41.634          -3.251          -2.274         -10.837           46.946
   26 (vir)    57          45.711          -1.169          -1.690          -8.809           51.661
   27 (vir)    57          45.842          -5.036          -2.482         -12.330           50.655
   28 (vir)    57          51.904           0.749          -2.521         -11.862           61.994
   29 (vir)    57          55.028           3.303          -3.141         -13.447           68.637
   30 (vir)    57          56.272          -0.292          -2.876         -13.153           66.258
   31 (vir)    57          57.255          -1.912          -2.044         -12.213           65.511
   32 (vir)    57          57.603          -0.663          -1.432         -10.300           65.808
   33 (vir)    57          58.764           0.036          -2.426         -12.680           69.054
   34 (vir)    57          60.593           4.234          -2.459         -12.021           74.389
   35 (vir)    57          63.043          -1.785          -1.531         -10.330           70.057
   36 (vir)    57          64.849          -0.746          -1.291         -10.509           73.321
   37 (vir)    57          70.864          -0.613          -1.776         -11.507           79.982
   38 (vir)    57          72.677          -0.009          -1.762         -11.764           82.670
   39 (vir)    57          73.836          -7.174          -1.263         -11.180           76.580
   40 (vir)    57          80.378           0.889          -1.380         -11.680           91.566
   41 (vir)    57          85.565          -0.576          -2.866         -14.618           96.742
   42 (vir)    57          85.956          -0.401          -2.419         -14.453           97.589
   43 (vir)    57          89.809           2.147          -0.925         -11.312          102.343
   44 (vir)    57          92.760          -3.685          -2.357         -16.382          103.100
   45 (vir)    57          94.243          -0.068          -1.606         -14.578          107.147
   46 (vir)    57          98.086           0.117          -1.928         -15.628          111.903
   47 (vir)    57         102.727           0.171          -1.665         -14.299          115.532
   48 (vir)    57         110.956           4.484          -2.326         -15.680          128.794
   49 (vir)    57         122.538          -0.725          -2.069         -17.333          137.076
   50 (vir)    57         136.019          -0.091          -1.139         -14.657          149.445
   51 (vir)    57         140.478          -0.900          -1.014         -14.081          152.644
   52 (vir)    57         173.156           0.123          -1.631         -12.749          184.398
   53 (vir)    57         208.638          -0.257           0.746         -11.235          220.362
   54 (vir)    57         216.933          -0.723           0.330         -10.618          227.159
   55 (vir)    57         318.075           3.322          -0.890         -17.473          337.980
   56 (vir)    57         367.934          -0.409          -0.884         -15.808          382.448
   57 (vir)    57      272113.839           0.000          -0.000          -0.000       272113.839
   58 (vir)    57      272113.839           0.000           0.000          -0.000       272113.839
 
 
  kpoint:      58             coordinate:     0.2789    0.3605    0.0000
 
    n           k   ϵ_nk^DFT (eV)     Σ^c_nk (eV)     Σ^x_nk (eV)    v_nk^xc (eV)   ϵ_nk^G0W0 (eV)
 
    1 (occ)    58         -17.818           7.798         -27.138         -17.757          -19.401
    2 (occ)    58         -11.819           4.580         -22.032         -15.698          -13.573
    3 (occ)    58         -10.647           4.338         -22.305         -16.113          -12.501
    4 (occ)    58          -3.851           2.011         -19.573         -16.468           -4.944
    5 (vir)    58           0.981          -3.861          -5.561         -10.916            2.475
    6 (vir)    58           8.840          -3.305          -2.389          -6.852            9.997
    7 (vir)    58           9.369          -4.513          -4.385         -10.454           10.925
    8 (vir)    58          10.747          -3.576          -2.973          -7.857           12.054
    9 (vir)    58          12.016          -3.470          -2.625          -7.545           13.466
   10 (vir)    58          13.043          -2.621          -0.926          -4.510           14.005
   11 (vir)    58          14.361          -6.166          -4.725         -12.797           16.266
   12 (vir)    58          14.867          -2.666          -0.683          -4.215           15.734
   13 (vir)    58          15.456          -4.260          -3.083          -8.804           16.917
   14 (vir)    58          16.851          -4.394          -3.469          -9.531           18.520
   15 (vir)    58          18.446          -2.690          -1.128          -4.847           19.475
   16 (vir)    58          23.417          -7.259          -4.155         -13.458           25.461
   17 (vir)    58          24.306          -5.389          -2.817          -9.471           25.570
   18 (vir)    58          24.597          -4.856          -2.173          -8.697           26.265
   19 (vir)    58          27.855          -5.305          -2.106          -8.657           29.101
   20 (vir)    58          28.674          -4.507          -1.474          -7.127           29.821
   21 (vir)    58          29.682          -4.646          -0.850          -6.653           30.840
   22 (vir)    58          36.501          -3.741          -2.369         -10.082           40.473
   23 (vir)    58          40.560          -9.048          -3.491         -13.474           41.495
   24 (vir)    58          40.896          -3.456          -2.284         -10.750           45.906
   25 (vir)    58          41.788          -3.210          -2.326         -10.915           47.167
   26 (vir)    58          45.886          -1.062          -1.656          -8.775           51.943
   27 (vir)    58          45.907          -3.791          -2.481         -12.331           51.966
   28 (vir)    58          51.642           0.616          -2.464         -11.728           61.522
   29 (vir)    58          54.874           2.530          -3.171         -13.473           67.706
   30 (vir)    58          56.275           0.804          -2.845         -13.145           67.380
   31 (vir)    58          57.195          -1.876          -2.052         -12.208           65.475
   32 (vir)    58          57.640          -1.079          -1.514         -10.351           65.399
   33 (vir)    58          59.073          -0.109          -2.422         -12.730           69.271
   34 (vir)    58          60.595           4.812          -2.369         -11.957           74.996
   35 (vir)    58          63.139          -4.250          -1.374         -10.372           67.888
   36 (vir)    58          64.747          -0.476          -1.299         -10.527           73.499
   37 (vir)    58          70.595          -0.534          -1.782         -11.494           79.773
   38 (vir)    58          72.657           0.048          -1.748         -11.744           82.701
   39 (vir)    58          73.711          -7.599          -1.208         -11.175           76.079
   40 (vir)    58          80.478           0.905          -1.393         -11.710           91.700
   41 (vir)    58          85.584          -0.547          -2.863         -14.617           96.791
   42 (vir)    58          86.078          -0.405          -2.393         -14.460           97.740
   43 (vir)    58          89.784           3.279          -0.926         -11.322          103.459
   44 (vir)    58          92.616          -3.292          -2.428         -16.328          103.225
   45 (vir)    58          94.394          -0.026          -1.618         -14.554          107.303
   46 (vir)    58          98.041           0.430          -1.897         -15.605          112.179
   47 (vir)    58         102.796           0.125          -1.668         -14.336          115.589
   48 (vir)    58         110.809           2.792          -2.322         -15.665          126.944
   49 (vir)    58         122.626          -0.738          -2.054         -17.298          137.131
   50 (vir)    58         135.983          -0.123          -1.159         -14.683          149.384
   51 (vir)    58         140.510          -0.650          -0.984         -14.102          152.979
   52 (vir)    58         170.502           0.247          -1.549         -12.670          181.870
   53 (vir)    58         208.034           0.018           0.335         -11.742          220.129
   54 (vir)    58         216.309          -0.689          -0.066         -10.150          225.705
   55 (vir)    58         318.079           3.474          -0.890         -17.472          338.137
   56 (vir)    58         372.316          -0.646          -1.205         -15.919          386.385
   57 (vir)    58      272113.839           0.000          -0.000          -0.000       272113.839
   58 (vir)    58      272113.839           0.000           0.000          -0.000       272113.839
 
 
  kpoint:      59             coordinate:     0.2721    0.3639    0.0000
 
    n           k   ϵ_nk^DFT (eV)     Σ^c_nk (eV)     Σ^x_nk (eV)    v_nk^xc (eV)   ϵ_nk^G0W0 (eV)
 
    1 (occ)    59         -17.832           7.801         -27.132         -17.748          -19.414
    2 (occ)    59         -11.851           4.599         -22.054         -15.691          -13.615
    3 (occ)    59         -10.580           4.309         -22.289         -16.138          -12.422
    4 (occ)    59          -3.872           2.015         -19.550         -16.438           -4.969
    5 (vir)    59           0.991          -3.858          -5.577         -10.930            2.486
    6 (vir)    59           8.873          -3.314          -2.383          -6.854           10.031
    7 (vir)    59           9.312          -4.501          -4.397         -10.455           10.870
    8 (vir)    59          10.671          -3.564          -2.973          -7.843           11.977
    9 (vir)    59          11.965          -3.533          -2.749          -7.763           13.446
   10 (vir)    59          12.984          -2.614          -0.913          -4.485           13.942
   11 (vir)    59          14.432          -6.118          -4.647         -12.641           16.309
   12 (vir)    59          14.877          -2.665          -0.724          -4.268           15.757
   13 (vir)    59          15.504          -4.240          -3.066          -8.773           16.971
   14 (vir)    59          16.959          -4.400          -3.448          -9.512           18.624
   15 (vir)    59          18.560          -2.724          -1.116          -4.866           19.586
   16 (vir)    59          23.352          -7.069          -4.064         -13.136           25.355
   17 (vir)    59          24.326          -5.594          -2.937          -9.768           25.563
   18 (vir)    59          24.584          -4.837          -2.162          -8.659           26.245
   19 (vir)    59          27.831          -5.325          -2.124          -8.771           29.153
   20 (vir)    59          28.824          -4.645          -1.424          -7.025           29.780
   21 (vir)    59          29.645          -4.775          -0.888          -6.723           30.706
   22 (vir)    59          36.229          -3.785          -2.322          -9.959           40.080
   23 (vir)    59          40.419          -8.975          -3.483         -13.459           41.420
   24 (vir)    59          41.084          -3.419          -2.280         -10.782           46.167
   25 (vir)    59          41.942          -3.172          -2.377         -10.991           47.384
   26 (vir)    59          45.981          -3.292          -2.482         -12.330           52.536
   27 (vir)    59          46.084          -0.935          -1.621          -8.742           52.270
   28 (vir)    59          51.352           0.404          -2.411         -11.600           60.945
   29 (vir)    59          54.721           1.857          -3.176         -13.474           66.876
   30 (vir)    59          56.284           2.497          -2.815         -13.135           69.101
   31 (vir)    59          57.128          -1.838          -2.061         -12.203           65.433
   32 (vir)    59          57.684          -1.361          -1.623         -10.437           65.136
   33 (vir)    59          59.371          -0.503          -2.421         -12.753           69.200
   34 (vir)    59          60.624           3.825          -2.313         -11.900           74.036
   35 (vir)    59          63.242         -10.950          -1.199         -10.417           61.511
   36 (vir)    59          64.630          -0.182          -1.308         -10.546           73.686
   37 (vir)    59          70.313          -0.442          -1.787         -11.477           79.562
   38 (vir)    59          72.622           0.102          -1.734         -11.725           82.715
   39 (vir)    59          73.570          -8.180          -1.178         -11.170           75.382
   40 (vir)    59          80.587           0.919          -1.408         -11.745           91.844
   41 (vir)    59          85.607          -0.522          -2.858         -14.610           96.837
   42 (vir)    59          86.203          -0.402          -2.366         -14.471           97.906
   43 (vir)    59          89.754           4.853          -0.927         -11.334          105.014
   44 (vir)    59          92.457          -2.497          -2.522         -16.267          103.705
   45 (vir)    59          94.571           0.016          -1.632         -14.526          107.481
   46 (vir)    59          97.988          -5.473          -1.867         -15.579          106.226
   47 (vir)    59         102.875           0.078          -1.673         -14.376          115.656
   48 (vir)    59         110.639           1.294          -2.323         -15.650          125.260
   49 (vir)    59         122.730          -0.626          -2.039         -17.259          137.324
   50 (vir)    59         135.941          -0.080          -1.180         -14.712          149.393
   51 (vir)    59         140.542           1.509          -0.951         -14.126          155.226
   52 (vir)    59         167.632           0.247          -1.446         -12.605          179.038
   53 (vir)    59         207.203          -0.235          -0.449         -12.158          218.678
   54 (vir)    59         215.870          -0.682          -0.280          -9.764          224.672
   55 (vir)    59         318.085           3.643          -0.890         -17.473          338.311
   56 (vir)    59         377.132          -1.224          -1.412         -16.042          390.538
   57 (vir)    59      272113.839           0.000          -0.000          -0.000       272113.839
   58 (vir)    59      272113.839           0.000           0.000          -0.000       272113.839
 
 
  kpoint:      60             coordinate:     0.2653    0.3673    0.0000
 
    n           k   ϵ_nk^DFT (eV)     Σ^c_nk (eV)     Σ^x_nk (eV)    v_nk^xc (eV)   ϵ_nk^G0W0 (eV)
 
    1 (occ)    60         -17.846           7.805         -27.126         -17.739          -19.428
    2 (occ)    60         -11.884           4.617         -22.074         -15.683          -13.657
    3 (occ)    60         -10.509           4.281         -22.276         -16.165          -12.339
    4 (occ)    60          -3.895           2.020         -19.526         -16.406           -4.995
    5 (vir)    60           1.001          -3.854          -5.594         -10.944            2.496
    6 (vir)    60           8.911          -3.323          -2.377          -6.857           10.068
    7 (vir)    60           9.250          -4.492          -4.420         -10.473           10.811
    8 (vir)    60          10.594          -3.554          -2.975          -7.833           11.897
    9 (vir)    60          11.902          -3.571          -2.835          -7.911           13.408
   10 (vir)    60          12.926          -2.608          -0.899          -4.461           13.879
   11 (vir)    60          14.513          -6.095          -4.612         -12.567           16.373
   12 (vir)    60          14.884          -2.664          -0.765          -4.322           15.777
   13 (vir)    60          15.556          -4.221          -3.047          -8.734           17.023
   14 (vir)    60          17.076          -4.399          -3.420          -9.468           18.726
   15 (vir)    60          18.684          -2.762          -1.105          -4.891           19.708
   16 (vir)    60          23.284          -6.879          -3.981         -12.846           25.270
   17 (vir)    60          24.347          -5.720          -3.044         -10.029           25.612
   18 (vir)    60          24.572          -4.815          -2.149          -8.617           26.225
   19 (vir)    60          27.804          -5.367          -2.138          -8.863           29.161
   20 (vir)    60          28.990          -4.293          -1.417          -6.948           30.228
   21 (vir)    60          29.602          -4.865          -0.931          -6.801           30.606
   22 (vir)    60          35.958          -3.828          -2.276          -9.835           39.689
   23 (vir)    60          40.266          -8.847          -3.480         -13.444           41.382
   24 (vir)    60          41.282          -3.383          -2.271         -10.808           46.436
   25 (vir)    60          42.096          -3.138          -2.426         -11.064           47.597
   26 (vir)    60          46.061          -3.408          -2.483         -12.329           52.498
   27 (vir)    60          46.304          -0.790          -1.586          -8.712           52.640
   28 (vir)    60          51.037           0.193          -2.361         -11.480           60.350
   29 (vir)    60          54.566           1.383          -3.157         -13.452           66.244
   30 (vir)    60          56.295           4.189          -2.790         -13.118           70.812
   31 (vir)    60          57.055          -1.799          -2.071         -12.197           65.383
   32 (vir)    60          57.732          -2.376          -1.752         -10.559           64.163
   33 (vir)    60          59.646          -0.689          -2.403         -12.716           69.270
   34 (vir)    60          60.697           2.528          -2.314         -11.879           72.791
   35 (vir)    60          63.349          -7.757          -1.031         -10.465           65.026
   36 (vir)    60          64.498           0.125          -1.318         -10.567           73.872
   37 (vir)    60          70.019          -0.337          -1.790         -11.456           79.347
   38 (vir)    60          72.572           0.154          -1.720         -11.706           82.712
   39 (vir)    60          73.415          -7.980          -1.185         -11.163           75.414
   40 (vir)    60          80.704           0.932          -1.425         -11.786           91.996
   41 (vir)    60          85.635          -0.501          -2.850         -14.598           96.882
   42 (vir)    60          86.329          -0.394          -2.339         -14.487           98.083
   43 (vir)    60          89.720         -11.187          -0.927         -11.347           88.953
   44 (vir)    60          92.283          -2.376          -2.624         -16.201          103.483
   45 (vir)    60          94.774           0.058          -1.646         -14.496          107.682
   46 (vir)    60          97.924          -9.785          -1.841         -15.550          101.847
   47 (vir)    60         102.964           0.061          -1.681         -14.417          115.761
   48 (vir)    60         110.449           0.184          -2.331         -15.633          123.936
   49 (vir)    60         122.851          -0.407          -2.026         -17.218          137.636
   50 (vir)    60         135.893           0.045          -1.199         -14.742          149.481
   51 (vir)    60         140.568          -8.722          -0.921         -14.152          145.078
   52 (vir)    60         164.604          -0.003          -1.349         -12.555          175.808
   53 (vir)    60         206.166           0.620          -1.433         -12.442          217.794
   54 (vir)    60         215.609          -0.905          -0.313          -9.502          223.893
   55 (vir)    60         318.093           3.877          -0.890         -17.473          338.553
   56 (vir)    60         382.339          -2.238          -1.542         -16.173          394.733
   57 (vir)    60      272113.839           0.000          -0.000          -0.000       272113.839
   58 (vir)    60      272113.839          -0.000           0.000          -0.000       272113.839
 
 
  kpoint:      61             coordinate:     0.2585    0.3707    0.0000
 
    n           k   ϵ_nk^DFT (eV)     Σ^c_nk (eV)     Σ^x_nk (eV)    v_nk^xc (eV)   ϵ_nk^G0W0 (eV)
 
    1 (occ)    61         -17.860           7.809         -27.119         -17.729          -19.442
    2 (occ)    61         -11.917           4.635         -22.092         -15.675          -13.699
    3 (occ)    61         -10.435           4.251         -22.264         -16.194          -12.253
    4 (occ)    61          -3.919           2.025         -19.502         -16.373           -5.024
    5 (vir)    61           1.011          -3.850          -5.610         -10.956            2.507
    6 (vir)    61           8.952          -3.333          -2.370          -6.859           10.108
    7 (vir)    61           9.183          -4.488          -4.457         -10.510           10.749
    8 (vir)    61          10.517          -3.546          -2.978          -7.823           11.816
    9 (vir)    61          11.831          -3.586          -2.886          -7.994           13.354
   10 (vir)    61          12.867          -2.602          -0.886          -4.438           13.816
   11 (vir)    61          14.601          -6.096          -4.615         -12.568           16.459
   12 (vir)    61          14.889          -2.663          -0.806          -4.376           15.795
   13 (vir)    61          15.614          -4.206          -3.028          -8.693           17.074
   14 (vir)    61          17.201          -4.391          -3.381          -9.399           18.827
   15 (vir)    61          18.817          -2.803          -1.096          -4.921           19.839
   16 (vir)    61          23.212          -6.687          -3.902         -12.586           25.209
   17 (vir)    61          24.370          -5.782          -3.133         -10.257           25.712
   18 (vir)    61          24.560          -4.790          -2.135          -8.569           26.204
   19 (vir)    61          27.774          -5.423          -2.158          -8.938           29.131
   20 (vir)    61          29.172          -3.314          -1.444          -6.890           31.305
   21 (vir)    61          29.551          -4.928          -0.980          -6.888           30.531
   22 (vir)    61          35.691          -3.868          -2.230          -9.709           39.302
   23 (vir)    61          40.101          -8.640          -3.488         -13.428           41.401
   24 (vir)    61          41.488          -3.346          -2.259         -10.829           46.712
   25 (vir)    61          42.251          -3.108          -2.473         -11.134           47.804
   26 (vir)    61          46.149          -3.930          -2.483         -12.326           52.062
   27 (vir)    61          46.546          -0.628          -1.552          -8.686           53.051
   28 (vir)    61          50.700           0.041          -2.315         -11.370           59.796
   29 (vir)    61          54.411           1.096          -3.122         -13.410           65.795
   30 (vir)    61          56.306           4.337          -2.769         -13.091           70.966
   31 (vir)    61          56.975          -1.760          -2.081         -12.191           65.324
   32 (vir)    61          57.781          -5.618          -1.889         -10.716           60.990
   33 (vir)    61          59.878          -0.070          -2.351         -12.578           70.035
   34 (vir)    61          60.837           1.374          -2.387         -11.941           71.765
   35 (vir)    61          63.457          -9.669          -0.898         -10.516           63.407
   36 (vir)    61          64.351           0.432          -1.329         -10.590           74.043
   37 (vir)    61          69.714          -0.224          -1.794         -11.433           79.129
   38 (vir)    61          72.509           0.202          -1.706         -11.687           82.692
   39 (vir)    61          73.248           5.733          -1.230         -11.156           88.908
   40 (vir)    61          80.825           0.942          -1.444         -11.833           92.155
   41 (vir)    61          85.668          -0.484          -2.837         -14.579           96.926
   42 (vir)    61          86.453          -0.380          -2.312         -14.506           98.267
   43 (vir)    61          89.680         -11.324          -0.924         -11.362           88.795
   44 (vir)    61          92.096          -2.731          -2.715         -16.127          102.777
   45 (vir)    61          95.003           0.100          -1.661         -14.464          107.906
   46 (vir)    61          97.850          -6.702          -1.824         -15.517          104.841
   47 (vir)    61         103.062           0.104          -1.690         -14.459          115.936
   48 (vir)    61         110.239          -0.544          -2.342         -15.615          122.969
   49 (vir)    61         122.989          -0.118          -2.015         -17.175          138.031
   50 (vir)    61         135.839           0.267          -1.215         -14.773          149.664
   51 (vir)    61         140.579          -5.039          -0.897         -14.180          148.823
   52 (vir)    61         161.473          -0.335          -1.273         -12.524          172.389
   53 (vir)    61         204.970           0.916          -2.362         -12.604          216.129
   54 (vir)    61         215.490          -1.063          -0.253          -9.352          223.526
   55 (vir)    61         318.100           4.197          -0.891         -17.473          338.879
   56 (vir)    61         387.899          -3.342          -1.633         -16.313          399.236
   57 (vir)    61      272113.839           0.000          -0.000          -0.000       272113.839
   58 (vir)    61      272113.839          -0.000           0.000          -0.000       272113.839
 
 
  kpoint:      62             coordinate:     0.2517    0.3741    0.0000
 
    n           k   ϵ_nk^DFT (eV)     Σ^c_nk (eV)     Σ^x_nk (eV)    v_nk^xc (eV)   ϵ_nk^G0W0 (eV)
 
    1 (occ)    62         -17.876           7.813         -27.113         -17.718          -19.458
    2 (occ)    62         -11.951           4.653         -22.109         -15.667          -13.741
    3 (occ)    62         -10.357           4.222         -22.254         -16.225          -12.164
    4 (occ)    62          -3.945           2.031         -19.478         -16.339           -5.053
    5 (vir)    62           1.021          -3.845          -5.626         -10.968            2.517
    6 (vir)    62           8.996          -3.344          -2.362          -6.861           10.152
    7 (vir)    62           9.110          -4.487          -4.505         -10.565           10.683
    8 (vir)    62          10.440          -3.539          -2.979          -7.811           11.733
    9 (vir)    62          11.754          -3.582          -2.905          -8.019           13.286
   10 (vir)    62          12.809          -2.597          -0.874          -4.417           13.754
   11 (vir)    62          14.693          -6.113          -4.647         -12.630           16.562
   12 (vir)    62          14.892          -2.663          -0.848          -4.430           15.811
   13 (vir)    62          15.677          -4.198          -3.013          -8.659           17.125
   14 (vir)    62          17.332          -4.377          -3.329          -9.307           18.933
   15 (vir)    62          18.958          -2.848          -1.088          -4.958           19.979
   16 (vir)    62          23.139          -6.495          -3.821         -12.352           25.174
   17 (vir)    62          24.394          -5.796          -3.204         -10.455           25.849
   18 (vir)    62          24.549          -4.763          -2.118          -8.517           26.184
   19 (vir)    62          27.741          -5.460          -2.192          -9.001           29.090
   20 (vir)    62          29.370          -2.580          -1.487          -6.846           32.149
   21 (vir)    62          29.491          -4.969          -1.033          -6.982           30.471
   22 (vir)    62          35.429          -3.905          -2.183          -9.581           38.922
   23 (vir)    62          39.928          -8.330          -3.507         -13.412           41.504
   24 (vir)    62          41.699          -3.308          -2.242         -10.844           46.994
   25 (vir)    62          42.408          -3.084          -2.519         -11.201           48.007
   26 (vir)    62          46.241          -4.979          -2.479         -12.322           51.105
   27 (vir)    62          46.809          -0.456          -1.520          -8.663           53.496
   28 (vir)    62          50.344          -0.025          -2.272         -11.267           59.314
   29 (vir)    62          54.256           1.001          -3.078         -13.349           65.528
   30 (vir)    62          56.316           1.156          -2.756         -13.056           67.772
   31 (vir)    62          56.888          -1.722          -2.093         -12.183           65.256
   32 (vir)    62          57.828          -4.403          -2.026         -10.901           62.300
   33 (vir)    62          60.060           1.246          -2.279         -12.343           71.370
   34 (vir)    62          61.055           0.461          -2.503         -12.079           71.092
   35 (vir)    62          63.565          -1.209          -0.826         -10.573           72.103
   36 (vir)    62          64.188           0.721          -1.341         -10.613           74.181
   37 (vir)    62          69.399          -0.106          -1.796         -11.407           78.904
   38 (vir)    62          72.435           0.246          -1.692         -11.668           82.657
   39 (vir)    62          73.072          -1.326          -1.304         -11.149           81.591
   40 (vir)    62          80.949           0.948          -1.467         -11.887           92.318
   41 (vir)    62          85.706          -0.469          -2.819         -14.553           96.971
   42 (vir)    62          86.576          -0.361          -2.288         -14.528           98.455
   43 (vir)    62          89.635         -10.233          -0.917         -11.379           89.864
   44 (vir)    62          91.899          -2.935          -2.777         -16.047          102.234
   45 (vir)    62          95.259           0.139          -1.677         -14.431          108.152
   46 (vir)    62          97.763          -4.629          -1.814         -15.480          106.800
   47 (vir)    62         103.170           0.232          -1.702         -14.501          116.201
   48 (vir)    62         110.010          -0.972          -2.354         -15.596          122.280
   49 (vir)    62         123.145           0.188          -2.005         -17.128          138.456
   50 (vir)    62         135.779           0.610          -1.226         -14.805          149.968
   51 (vir)    62         140.559          -3.924          -0.882         -14.207          149.959
   52 (vir)    62         158.305          -0.852          -1.216         -12.512          168.749
   53 (vir)    62         203.670           1.013          -3.026         -12.683          214.340
   54 (vir)    62         215.465          -1.104          -0.178          -9.281          223.464
   55 (vir)    62         318.108           4.572          -0.892         -17.473          339.262
   56 (vir)    62         393.773          -3.029          -1.717         -16.460          405.486
   57 (vir)    62      272113.839           0.000          -0.000          -0.000       272113.839
   58 (vir)    62      272113.839           0.000          -0.000          -0.000       272113.839
 
 
  kpoint:      63             coordinate:     0.2449    0.3776    0.0000
 
    n           k   ϵ_nk^DFT (eV)     Σ^c_nk (eV)     Σ^x_nk (eV)    v_nk^xc (eV)   ϵ_nk^G0W0 (eV)
 
    1 (occ)    63         -17.893           7.818         -27.107         -17.708          -19.474
    2 (occ)    63         -11.984           4.670         -22.125         -15.658          -13.781
    3 (occ)    63         -10.277           4.192         -22.246         -16.257          -12.073
    4 (occ)    63          -3.971           2.037         -19.454         -16.304           -5.084
    5 (vir)    63           1.030          -3.840          -5.641         -10.978            2.527
    6 (vir)    63           9.031          -4.490          -4.566         -10.638           10.614
    7 (vir)    63           9.044          -3.355          -2.353          -6.863           10.199
    8 (vir)    63          10.365          -3.533          -2.975          -7.793           11.650
    9 (vir)    63          11.673          -3.563          -2.896          -7.994           13.208
   10 (vir)    63          12.752          -2.593          -0.862          -4.396           13.693
   11 (vir)    63          14.786          -6.140          -4.700         -12.732           16.678
   12 (vir)    63          14.894          -2.663          -0.890          -4.485           15.827
   13 (vir)    63          15.747          -4.203          -3.007          -8.646           17.182
   14 (vir)    63          17.471          -4.353          -3.261          -9.191           19.047
   15 (vir)    63          19.105          -2.897          -1.084          -5.002           20.126
   16 (vir)    63          23.063          -6.307          -3.738         -12.142           25.160
   17 (vir)    63          24.420          -5.777          -3.256         -10.626           26.013
   18 (vir)    63          24.539          -4.732          -2.100          -8.458           26.165
   19 (vir)    63          27.705          -5.421          -2.244          -9.055           29.095
   20 (vir)    63          29.424          -4.996          -1.092          -7.084           30.419
   21 (vir)    63          29.581          -2.246          -1.530          -6.815           32.621
   22 (vir)    63          35.175          -3.940          -2.134          -9.449           38.550
   23 (vir)    63          39.747          -7.929          -3.536         -13.397           41.679
   24 (vir)    63          41.916          -3.266          -2.220         -10.853           47.283
   25 (vir)    63          42.567          -3.065          -2.563         -11.267           48.206
   26 (vir)    63          46.338          -6.564          -2.473         -12.316           49.617
   27 (vir)    63          47.091          -0.280          -1.488          -8.644           53.967
   28 (vir)    63          49.972           0.017          -2.233         -11.172           58.927
   29 (vir)    63          54.100           1.214          -3.034         -13.275           65.555
   30 (vir)    63          56.324          -4.651          -2.752         -13.014           61.934
   31 (vir)    63          56.795          -1.687          -2.106         -12.174           65.177
   32 (vir)    63          57.870          -3.099          -2.155         -11.105           63.721
   33 (vir)    63          60.207           2.175          -2.220         -12.087           72.249
   34 (vir)    63          61.340          -0.238          -2.604         -12.221           70.718
   35 (vir)    63          63.669          -9.289          -0.837         -10.637           64.180
   36 (vir)    63          64.010           0.969          -1.353         -10.638           74.264
   37 (vir)    63          69.075           0.010          -1.799         -11.381           78.667
   38 (vir)    63          72.351           0.286          -1.678         -11.649           82.607
   39 (vir)    63          72.889          -2.644          -1.384         -11.141           80.001
   40 (vir)    63          81.073           0.951          -1.493         -11.950           92.481
   41 (vir)    63          85.750          -0.457          -2.794         -14.520           97.019
   42 (vir)    63          86.695          -0.338          -2.265         -14.550           98.642
   43 (vir)    63          89.583          -9.107          -0.909         -11.400           90.968
   44 (vir)    63          91.693          -2.955          -2.793         -15.958          101.903
   45 (vir)    63          95.541           0.176          -1.693         -14.397          108.421
   46 (vir)    63          97.662          -3.553          -1.807         -15.440          107.741
   47 (vir)    63         103.286           0.450          -1.713         -14.542          116.565
   48 (vir)    63         109.763          -1.176          -2.364         -15.576          121.799
   49 (vir)    63         123.316           0.460          -1.996         -17.080          138.860
   50 (vir)    63         135.713           1.102          -1.232         -14.837          150.419
   51 (vir)    63         140.480          -2.708          -0.875         -14.229          151.127
   52 (vir)    63         155.170          -1.494          -1.164         -12.526          165.038
   53 (vir)    63         202.308           1.045          -3.307         -12.710          212.756
   54 (vir)    63         215.496          -1.201          -0.128          -9.255          223.423
   55 (vir)    63         318.117           4.927          -0.893         -17.473          339.624
   56 (vir)    63         399.930          -2.438          -1.811         -16.614          412.294
   57 (vir)    63      272113.839           0.000           0.000          -0.000       272113.839
   58 (vir)    63      272113.839           0.000          -0.000          -0.000       272113.839
 
 
  kpoint:      64             coordinate:     0.2381    0.3810    0.0000
 
    n           k   ϵ_nk^DFT (eV)     Σ^c_nk (eV)     Σ^x_nk (eV)    v_nk^xc (eV)   ϵ_nk^G0W0 (eV)
 
    1 (occ)    64         -17.909           7.822         -27.100         -17.697          -19.490
    2 (occ)    64         -12.017           4.686         -22.139         -15.649          -13.821
    3 (occ)    64         -10.194           4.162         -22.239         -16.291          -11.980
    4 (occ)    64          -3.999           2.044         -19.430         -16.270           -5.115
    5 (vir)    64           1.039          -3.835          -5.655         -10.987            2.536
    6 (vir)    64           8.947          -4.496          -4.637         -10.728           10.542
    7 (vir)    64           9.094          -3.366          -2.343          -6.863           10.248
    8 (vir)    64          10.291          -3.527          -2.965          -7.769           11.567
    9 (vir)    64          11.589          -3.533          -2.865          -7.929           13.120
   10 (vir)    64          12.696          -2.589          -0.851          -4.378           13.633
   11 (vir)    64          14.878          -6.169          -4.762         -12.853           16.800
   12 (vir)    64          14.896          -2.665          -0.931          -4.542           15.842
   13 (vir)    64          15.822          -4.225          -3.015          -8.668           17.251
   14 (vir)    64          17.616          -4.318          -3.175          -9.053           19.175
   15 (vir)    64          19.258          -2.949          -1.082          -5.054           20.280
   16 (vir)    64          22.987          -6.125          -3.652         -11.951           25.162
   17 (vir)    64          24.448          -5.730          -3.292         -10.773           26.200
   18 (vir)    64          24.532          -4.698          -2.079          -8.394           26.148
   19 (vir)    64          27.665          -5.251          -2.312          -9.100           29.203
   20 (vir)    64          29.348          -5.013          -1.157          -7.193           30.371
   21 (vir)    64          29.807          -2.186          -1.551          -6.794           32.864
   22 (vir)    64          34.930          -3.973          -2.084          -9.313           38.187
   23 (vir)    64          39.561          -7.505          -3.571         -13.382           41.866
   24 (vir)    64          42.135          -3.220          -2.194         -10.858           47.578
   25 (vir)    64          42.730          -3.052          -2.607         -11.331           48.402
   26 (vir)    64          46.438          -8.027          -2.465         -12.309           48.254
   27 (vir)    64          47.392          -0.111          -1.458          -8.629           54.452
   28 (vir)    64          49.586           0.207          -2.201         -11.083           58.675
   29 (vir)    64          53.944           2.359          -2.998         -13.190           66.496
   30 (vir)    64          56.328          -5.393          -2.755         -12.966           61.146
   31 (vir)    64          56.697          -1.655          -2.121         -12.165           65.086
   32 (vir)    64          57.902          -2.610          -2.269         -11.315           64.338
   33 (vir)    64          60.344           2.792          -2.182         -11.861           72.816
   34 (vir)    64          61.669          -0.940          -2.659         -12.320           70.391
   35 (vir)    64          63.767          -5.071          -0.943         -10.714           68.466
   36 (vir)    64          63.818           1.157          -1.365         -10.662           74.272
   37 (vir)    64          68.742           0.115          -1.801         -11.354           78.410
   38 (vir)    64          72.259           0.323          -1.664         -11.629           82.546
   39 (vir)    64          72.704          -2.605          -1.443         -11.132           79.788
   40 (vir)    64          81.197           0.948          -1.523         -12.021           92.643
   41 (vir)    64          85.799          -0.445          -2.762         -14.481           97.073
   42 (vir)    64          86.813          -0.312          -2.246         -14.570           98.824
   43 (vir)    64          89.524          -7.459          -0.901         -11.427           92.591
   44 (vir)    64          91.481          -2.848          -2.753         -15.859          101.739
   45 (vir)    64          95.846           0.210          -1.709         -14.363          108.710
   46 (vir)    64          97.543          -3.048          -1.794         -15.395          108.097
   47 (vir)    64         103.410           0.667          -1.721         -14.581          116.936
   48 (vir)    64         109.500          -1.194          -2.369         -15.556          121.492
   49 (vir)    64         123.502           0.666          -1.986         -17.029          139.211
   50 (vir)    64         135.641           1.644          -1.234         -14.869          150.919
   51 (vir)    64         140.289          -2.191          -0.870         -14.237          151.465
   52 (vir)    64         152.163          -2.283          -1.102         -12.577          161.356
   53 (vir)    64         200.918           0.767          -3.183         -12.709          211.212
   54 (vir)    64         215.556          -0.835          -0.112          -9.254          223.863
   55 (vir)    64         318.124           5.151          -0.894         -17.474          339.855
   56 (vir)    64         406.337          -2.056          -1.914         -16.774          419.141
   57 (vir)    64      272113.839           0.000           0.000          -0.000       272113.839
   58 (vir)    64      272113.839           0.000          -0.000          -0.000       272113.839
 
 
  kpoint:      65             coordinate:     0.2313    0.3844    0.0000
 
    n           k   ϵ_nk^DFT (eV)     Σ^c_nk (eV)     Σ^x_nk (eV)    v_nk^xc (eV)   ϵ_nk^G0W0 (eV)
 
    1 (occ)    65         -17.927           7.827         -27.094         -17.686          -19.507
    2 (occ)    65         -12.050           4.702         -22.152         -15.641          -13.860
    3 (occ)    65         -10.110           4.132         -22.233         -16.325          -11.886
    4 (occ)    65          -4.026           2.050         -19.407         -16.235           -5.147
    5 (vir)    65           1.047          -3.829          -5.668         -10.994            2.544
    6 (vir)    65           8.858          -4.506          -4.719         -10.832           10.466
    7 (vir)    65           9.146          -3.377          -2.332          -6.862           10.299
    8 (vir)    65          10.219          -3.521          -2.948          -7.736           11.486
    9 (vir)    65          11.504          -3.494          -2.819          -7.835           13.026
   10 (vir)    65          12.642          -2.586          -0.840          -4.360           13.575
   11 (vir)    65          14.899          -2.668          -0.973          -4.600           15.858
   12 (vir)    65          14.966          -6.193          -4.823         -12.970           16.920
   13 (vir)    65          15.905          -4.267          -3.039          -8.738           17.337
   14 (vir)    65          17.767          -4.270          -3.070          -8.897           19.323
   15 (vir)    65          19.414          -3.006          -1.084          -5.115           20.438
   16 (vir)    65          22.910          -5.953          -3.564         -11.779           25.171
   17 (vir)    65          24.479          -5.655          -3.314         -10.899           26.409
   18 (vir)    65          24.527          -4.660          -2.056          -8.322           26.132
   19 (vir)    65          27.623          -4.944          -2.390          -9.139           29.428
   20 (vir)    65          29.262          -5.023          -1.226          -7.308           30.322
   21 (vir)    65          30.045          -2.464          -1.539          -6.783           32.826
   22 (vir)    65          34.695          -4.003          -2.032          -9.175           37.835
   23 (vir)    65          39.370          -7.154          -3.609         -13.366           41.973
   24 (vir)    65          42.356          -3.165          -2.165         -10.857           47.883
   25 (vir)    65          42.898          -3.046          -2.648         -11.392           48.596
   26 (vir)    65          46.540          -8.936          -2.455         -12.299           47.447
   27 (vir)    65          47.710           0.041          -1.430          -8.617           54.939
   28 (vir)    65          49.188           0.668          -2.177         -11.000           58.680
   29 (vir)    65          53.788          -3.245          -2.974         -13.097           60.667
   30 (vir)    65          56.330          -5.877          -2.761         -12.915           60.607
   31 (vir)    65          56.593          -1.628          -2.136         -12.154           64.983
   32 (vir)    65          57.923          -2.433          -2.362         -11.519           64.647
   33 (vir)    65          60.488          -8.696          -2.153         -11.677           61.316
   34 (vir)    65          62.025          -4.128          -2.653         -12.366           67.609
   35 (vir)    65          63.611           1.268          -1.378         -10.686           74.188
   36 (vir)    65          63.858          -3.574          -1.141         -10.812           69.955
   37 (vir)    65          68.402           0.199          -1.803         -11.328           78.125
   38 (vir)    65          72.160           0.357          -1.651         -11.609           82.476
   39 (vir)    65          72.520          -2.364          -1.452         -11.123           79.828
   40 (vir)    65          81.317           0.938          -1.557         -12.103           92.800
   41 (vir)    65          85.852          -0.433          -2.722         -14.437           97.135
   42 (vir)    65          86.932          -0.287          -2.232         -14.584           98.997
   43 (vir)    65          89.455          -5.216          -0.896         -11.463           94.806
   44 (vir)    65          91.264          -2.498          -2.654         -15.747          101.860
   45 (vir)    65          96.175           0.239          -1.725         -14.330          109.018
   46 (vir)    65          97.406          -2.813          -1.765         -15.346          108.174
   47 (vir)    65         103.541           0.339          -1.723         -14.619          116.775
   48 (vir)    65         109.225          -1.024          -2.367         -15.534          121.367
   49 (vir)    65         123.699           0.811          -1.974         -16.973          139.510
   50 (vir)    65         135.563           1.372          -1.234         -14.899          150.600
   51 (vir)    65         139.883          -2.146          -0.855         -14.203          151.085
   52 (vir)    65         149.426          -3.435          -1.029         -12.694          157.656
   53 (vir)    65         199.521          -3.041          -2.703         -12.694          206.471
   54 (vir)    65         215.626           1.983          -0.123          -9.264          226.750
   55 (vir)    65         318.131           5.103          -0.895         -17.474          339.813
   56 (vir)    65         412.966          -1.636          -2.008         -16.939          426.261
   57 (vir)    65      272113.839           0.000           0.000          -0.000       272113.839
   58 (vir)    65      272113.839           0.000          -0.000          -0.000       272113.839
 
 
  kpoint:      66             coordinate:     0.2245    0.3878    0.0000
 
    n           k   ϵ_nk^DFT (eV)     Σ^c_nk (eV)     Σ^x_nk (eV)    v_nk^xc (eV)   ϵ_nk^G0W0 (eV)
 
    1 (occ)    66         -17.945           7.832         -27.088         -17.675          -19.525
    2 (occ)    66         -12.083           4.717         -22.165         -15.632          -13.898
    3 (occ)    66         -10.024           4.102         -22.229         -16.361          -11.790
    4 (occ)    66          -4.055           2.058         -19.384         -16.201           -5.180
    5 (vir)    66           1.055          -3.822          -5.680         -11.000            2.552
    6 (vir)    66           8.764          -4.517          -4.808         -10.947           10.386
    7 (vir)    66           9.201          -3.388          -2.320          -6.859           10.352
    8 (vir)    66          10.149          -3.514          -2.925          -7.695           11.405
    9 (vir)    66          11.418          -3.451          -2.760          -7.719           12.926
   10 (vir)    66          12.589          -2.584          -0.829          -4.343           13.519
   11 (vir)    66          14.902          -2.673          -1.014          -4.660           15.875
   12 (vir)    66          15.050          -6.206          -4.877         -13.065           17.032
   13 (vir)    66          15.994          -4.333          -3.083          -8.867           17.445
   14 (vir)    66          17.924          -4.207          -2.948          -8.724           19.492
   15 (vir)    66          19.572          -3.067          -1.090          -5.185           20.601
   16 (vir)    66          22.832          -5.796          -3.478         -11.621           25.180
   17 (vir)    66          24.513          -5.554          -3.329         -11.007           26.636
   18 (vir)    66          24.525          -4.618          -2.029          -8.242           26.119
   19 (vir)    66          27.578          -4.565          -2.467          -9.172           29.718
   20 (vir)    66          29.167          -5.026          -1.299          -7.428           30.270
   21 (vir)    66          30.295          -3.277          -1.486          -6.781           32.314
   22 (vir)    66          34.471          -4.031          -1.978          -9.033           37.496
   23 (vir)    66          39.177          -6.949          -3.643         -13.350           41.936
   24 (vir)    66          42.576          -3.099          -2.135         -10.856           48.197
   25 (vir)    66          43.073          -3.048          -2.687         -11.450           48.789
   26 (vir)    66          46.643          -9.280          -2.443         -12.284           47.204
   27 (vir)    66          48.045           0.164          -1.402          -8.609           55.416
   28 (vir)    66          48.780           1.893          -2.163         -10.926           59.436
   29 (vir)    66          53.633          -5.257          -2.963         -12.999           58.411
   30 (vir)    66          56.329          -6.218          -2.762         -12.861           60.211
   31 (vir)    66          56.484          -1.606          -2.153         -12.143           64.868
   32 (vir)    66          57.929          -2.424          -2.427         -11.707           64.786
   33 (vir)    66          60.650          -6.158          -2.123         -11.532           63.901
   34 (vir)    66          62.394          -4.225          -2.583         -12.352           67.938
   35 (vir)    66          63.390           1.296          -1.390         -10.710           74.006
   36 (vir)    66          63.941          -2.479          -1.413         -10.948           70.997
   37 (vir)    66          68.055           0.253          -1.806         -11.302           77.804
   38 (vir)    66          72.055           0.392          -1.637         -11.589           82.399
   39 (vir)    66          72.344          -0.048          -1.392         -11.114           82.018
   40 (vir)    66          81.431           0.919          -1.595         -12.194           92.948
   41 (vir)    66          85.908          -0.419          -2.673         -14.392           97.208
   42 (vir)    66          87.053          -0.264          -2.221         -14.590           99.157
   43 (vir)    66          89.376          -2.958          -0.901         -11.513           97.031
   44 (vir)    66          91.047          -1.444          -2.499         -15.615          102.719
   45 (vir)    66          96.523           0.261          -1.739         -14.298          109.343
   46 (vir)    66          97.248          -2.627          -1.713         -15.292          108.200
   47 (vir)    66         103.677          -0.974          -1.717         -14.653          115.639
   48 (vir)    66         108.941          -0.632          -2.358         -15.512          121.463
   49 (vir)    66         123.903           0.915          -1.957         -16.912          139.772
   50 (vir)    66         135.479          -0.434          -1.234         -14.926          148.736
   51 (vir)    66         139.086          -2.457          -0.807         -14.085          149.907
   52 (vir)    66         147.172          -1.665          -0.969         -12.925          157.462
   53 (vir)    66         198.134           0.372          -1.971         -12.672          209.207
   54 (vir)    66         215.692          -1.741          -0.146          -9.279          223.084
   55 (vir)    66         318.137           4.612          -0.895         -17.474          339.329
   56 (vir)    66         419.790          -1.080          -2.065         -17.109          433.754
   57 (vir)    66      272113.839           0.000           0.000          -0.000       272113.839
   58 (vir)    66      272113.839           0.000          -0.000          -0.000       272113.838
 
 
  kpoint:      67             coordinate:     0.2177    0.3912    0.0000
 
    n           k   ϵ_nk^DFT (eV)     Σ^c_nk (eV)     Σ^x_nk (eV)    v_nk^xc (eV)   ϵ_nk^G0W0 (eV)
 
    1 (occ)    67         -17.963           7.838         -27.082         -17.664          -19.542
    2 (occ)    67         -12.114           4.731         -22.176         -15.624          -13.935
    3 (occ)    67          -9.936           4.072         -22.226         -16.398          -11.693
    4 (occ)    67          -4.083           2.065         -19.362         -16.167           -5.213
    5 (vir)    67           1.061          -3.816          -5.691         -11.004            2.558
    6 (vir)    67           8.664          -4.530          -4.902         -11.070           10.302
    7 (vir)    67           9.257          -3.398          -2.307          -6.855           10.406
    8 (vir)    67          10.081          -3.505          -2.896          -7.647           11.328
    9 (vir)    67          11.334          -3.406          -2.694          -7.589           12.823
   10 (vir)    67          12.539          -2.582          -0.819          -4.327           13.465
   11 (vir)    67          14.908          -2.680          -1.056          -4.722           15.894
   12 (vir)    67          15.128          -6.207          -4.921         -13.130           17.130
   13 (vir)    67          16.088          -4.424          -3.146          -9.056           17.575
   14 (vir)    67          18.086          -4.129          -2.813          -8.539           19.683
   15 (vir)    67          19.731          -3.133          -1.100          -5.266           20.765
   16 (vir)    67          22.755          -5.656          -3.397         -11.477           25.179
   17 (vir)    67          24.527          -4.573          -1.998          -8.154           26.109
   18 (vir)    67          24.550          -5.441          -3.341         -11.098           26.865
   19 (vir)    67          27.530          -4.205          -2.530          -9.200           29.994
   20 (vir)    67          29.063          -5.023          -1.376          -7.551           30.214
   21 (vir)    67          30.556          -3.020          -1.399          -6.788           32.924
   22 (vir)    67          34.259          -4.058          -1.922          -8.890           37.169
   23 (vir)    67          38.982          -6.914          -3.668         -13.334           41.734
   24 (vir)    67          42.794          -3.020          -2.109         -10.856           48.521
   25 (vir)    67          43.258          -3.055          -2.718         -11.501           48.986
   26 (vir)    67          46.747          -9.174          -2.430         -12.259           47.402
   27 (vir)    67          48.365          -8.707          -2.161         -10.862           48.359
   28 (vir)    67          48.395           0.252          -1.375          -8.602           55.875
   29 (vir)    67          53.479          -3.242          -2.965         -12.897           60.169
   30 (vir)    67          56.326          -6.324          -2.748         -12.803           60.056
   31 (vir)    67          56.370          -1.589          -2.172         -12.131           64.739
   32 (vir)    67          57.923          -2.561          -2.459         -11.874           64.777
   33 (vir)    67          60.833          -4.072          -2.088         -11.422           66.095
   34 (vir)    67          62.762          -3.114          -2.445         -12.249           69.452
   35 (vir)    67          63.156           1.243          -1.402         -10.732           73.729
   36 (vir)    67          64.022          -1.880          -1.729         -11.162           71.574
   37 (vir)    67          67.702           0.270          -1.808         -11.277           77.441
   38 (vir)    67          71.946           0.430          -1.624         -11.569           82.321
   39 (vir)    67          72.181          -4.605          -1.264         -11.104           77.417
   40 (vir)    67          81.539           0.891          -1.638         -12.294           93.085
   41 (vir)    67          85.964          -0.403          -2.618         -14.351           97.295
   42 (vir)    67          87.180          -0.245          -2.214         -14.581           99.301
   43 (vir)    67          89.285          -1.368          -0.919         -11.585           98.583
   44 (vir)    67          90.832          -2.054          -2.301         -15.458          101.934
   45 (vir)    67          96.891           0.277          -1.753         -14.268          109.683
   46 (vir)    67          97.065          -2.399          -1.634         -15.234          108.266
   47 (vir)    67         103.818          -1.704          -1.701         -14.684          115.097
   48 (vir)    67         108.652           0.035          -2.342         -15.491          121.836
   49 (vir)    67         124.104           0.974          -1.931         -16.838          139.985
   50 (vir)    67         135.383          -1.341          -1.240         -14.938          147.741
   51 (vir)    67         137.722           0.067          -0.712         -13.906          150.983
   52 (vir)    67         145.613           0.929          -0.953         -13.263          158.852
   53 (vir)    67         196.766          -1.423          -1.117         -12.647          206.873
   54 (vir)    67         215.746          -1.036          -0.171          -9.295          223.835
   55 (vir)    67         318.142           3.715          -0.895         -17.475          338.438
   56 (vir)    67         426.784          -0.393          -2.054         -17.283          441.621
   57 (vir)    67      272113.839           0.000           0.000          -0.000       272113.839
   58 (vir)    67      272113.839           0.000          -0.000          -0.000       272113.838
 
 
  kpoint:      68             coordinate:     0.2109    0.3946    0.0000
 
    n           k   ϵ_nk^DFT (eV)     Σ^c_nk (eV)     Σ^x_nk (eV)    v_nk^xc (eV)   ϵ_nk^G0W0 (eV)
 
    1 (occ)    68         -17.981           7.843         -27.076         -17.653          -19.560
    2 (occ)    68         -12.146           4.745         -22.186         -15.615          -13.971
    3 (occ)    68          -9.848           4.042         -22.224         -16.435          -11.595
    4 (occ)    68          -4.112           2.073         -19.341         -16.134           -5.246
    5 (vir)    68           1.067          -3.809          -5.701         -11.007            2.564
    6 (vir)    68           8.560          -4.543          -5.001         -11.197           10.213
    7 (vir)    68           9.314          -3.408          -2.292          -6.847           10.462
    8 (vir)    68          10.016          -3.494          -2.862          -7.592           11.253
    9 (vir)    68          11.251          -3.360          -2.624          -7.451           12.718
   10 (vir)    68          12.490          -2.582          -0.808          -4.313           13.413
   11 (vir)    68          14.916          -2.689          -1.098          -4.787           15.916
   12 (vir)    68          15.201          -6.195          -4.951         -13.159           17.214
   13 (vir)    68          16.187          -4.538          -3.228          -9.302           17.723
   14 (vir)    68          18.255          -4.041          -2.669          -8.345           19.890
   15 (vir)    68          19.890          -3.204          -1.115          -5.359           20.930
   16 (vir)    68          22.678          -5.541          -3.325         -11.345           25.158
   17 (vir)    68          24.533          -4.523          -1.963          -8.056           26.102
   18 (vir)    68          24.590          -5.344          -3.354         -11.174           27.066
   19 (vir)    68          27.478          -3.930          -2.566          -9.223           30.205
   20 (vir)    68          28.950          -5.015          -1.457          -7.675           30.154
   21 (vir)    68          30.824          -1.932          -1.292          -6.805           34.405
   22 (vir)    68          34.059          -4.085          -1.866          -8.747           36.856
   23 (vir)    68          38.788          -7.025          -3.681         -13.316           41.398
   24 (vir)    68          43.007          -2.928          -2.092         -10.866           48.854
   25 (vir)    68          43.454          -3.066          -2.735         -11.539           49.191
   26 (vir)    68          46.848          -8.708          -2.413         -12.209           47.936
   27 (vir)    68          47.945          -8.658          -2.172         -10.825           47.940
   28 (vir)    68          48.760           0.303          -1.348          -8.598           56.313
   29 (vir)    68          53.327          -2.836          -2.972         -12.792           60.310
   30 (vir)    68          56.253          -1.580          -2.193         -12.118           64.598
   31 (vir)    68          56.320          -5.924          -2.711         -12.740           60.425
   32 (vir)    68          57.904          -2.869          -2.455         -12.017           64.597
   33 (vir)    68          61.039          -3.223          -2.051         -11.342           67.106
   34 (vir)    68          62.909           1.121          -1.414         -10.753           73.369
   35 (vir)    68          63.103          -2.597          -2.254         -11.990           70.243
   36 (vir)    68          64.121          -1.796          -2.036         -11.527           71.815
   37 (vir)    68          67.343           0.247          -1.811         -11.255           77.034
   38 (vir)    68          71.834           0.472          -1.611         -11.548           82.243
   39 (vir)    68          72.039          -9.179          -1.087         -11.094           72.867
   40 (vir)    68          81.638           0.853          -1.685         -12.402           93.208
   41 (vir)    68          86.019          -0.385          -2.556         -14.317           97.395
   42 (vir)    68          87.317          -0.232          -2.210         -14.555           99.429
   43 (vir)    68          89.178          -0.566          -0.954         -11.686           99.344
   44 (vir)    68          90.622          -5.957          -2.078         -15.265           97.852
   45 (vir)    68          96.855          -2.148          -1.530         -15.171          108.347
   46 (vir)    68          97.274           0.286          -1.766         -14.240          110.034
   47 (vir)    68         103.960          -1.777          -1.677         -14.711          115.217
   48 (vir)    68         108.363           1.134          -2.319         -15.470          122.648
   49 (vir)    68         124.287           0.928          -1.889         -16.741          140.066
   50 (vir)    68         135.214          -4.531          -1.239         -14.704          144.148
   51 (vir)    68         135.907          -0.283          -0.630         -14.033          149.027
   52 (vir)    68         144.737           1.298          -0.975         -13.585          158.644
   53 (vir)    68         195.426          -2.419          -0.280         -12.621          205.349
   54 (vir)    68         215.784          -0.285          -0.186          -9.310          224.622
   55 (vir)    68         318.146           2.846          -0.894         -17.475          337.574
   56 (vir)    68         433.924           0.380          -1.944         -17.461          449.822
   57 (vir)    68      272113.839          -0.000           0.000          -0.000       272113.839
   58 (vir)    68      272113.839           0.000          -0.000          -0.000       272113.838
 
 
  kpoint:      69             coordinate:     0.2041    0.3980    0.0000
 
    n           k   ϵ_nk^DFT (eV)     Σ^c_nk (eV)     Σ^x_nk (eV)    v_nk^xc (eV)   ϵ_nk^G0W0 (eV)
 
    1 (occ)    69         -17.999           7.848         -27.070         -17.643          -19.578
    2 (occ)    69         -12.176           4.759         -22.195         -15.607          -14.006
    3 (occ)    69          -9.759           4.012         -22.223         -16.473          -11.497
    4 (occ)    69          -4.141           2.081         -19.321         -16.101           -5.279
    5 (vir)    69           1.073          -3.802          -5.710         -11.008            2.569
    6 (vir)    69           8.453          -4.555          -5.101         -11.324           10.121
    7 (vir)    69           9.373          -3.416          -2.276          -6.837           10.518
    8 (vir)    69           9.954          -3.480          -2.824          -7.531           11.181
    9 (vir)    69          11.171          -3.315          -2.552          -7.309           12.614
   10 (vir)    69          12.444          -2.582          -0.798          -4.299           13.363
   11 (vir)    69          14.927          -2.700          -1.140          -4.854           15.941
   12 (vir)    69          15.268          -6.171          -4.968         -13.157           17.286
   13 (vir)    69          16.289          -4.674          -3.327          -9.594           17.883
   14 (vir)    69          18.428          -3.949          -2.524          -8.147           20.102
   15 (vir)    69          20.047          -3.281          -1.135          -5.464           21.095
   16 (vir)    69          22.602          -5.456          -3.262         -11.223           25.107
   17 (vir)    69          24.545          -4.470          -1.923          -7.947           26.099
   18 (vir)    69          24.634          -5.295          -3.371         -11.237           27.205
   19 (vir)    69          27.425          -3.749          -2.566          -9.243           30.352
   20 (vir)    69          28.828          -5.001          -1.539          -7.799           30.087
   21 (vir)    69          31.099          -1.589          -1.188          -6.832           35.154
   22 (vir)    69          33.872          -4.110          -1.810          -8.605           36.557
   23 (vir)    69          38.596          -7.201          -3.682         -13.296           41.010
   24 (vir)    69          43.214          -2.831          -2.089         -10.889           49.184
   25 (vir)    69          43.662          -3.075          -2.736         -11.559           49.410
   26 (vir)    69          46.944          -7.461          -2.384         -12.055           49.155
   27 (vir)    69          47.526          -8.925          -2.204         -10.893           47.290
   28 (vir)    69          49.137           0.320          -1.321          -8.596           56.732
   29 (vir)    69          53.176          -2.727          -2.981         -12.687           60.156
   30 (vir)    69          56.134          -1.576          -2.216         -12.104           64.445
   31 (vir)    69          56.310          -5.011          -2.641         -12.669           61.327
   32 (vir)    69          57.874          -3.404          -2.417         -12.137           64.189
   33 (vir)    69          61.265          -2.841          -2.019         -11.288           67.693
   34 (vir)    69          62.650           0.948          -1.426         -10.773           72.945
   35 (vir)    69          63.363          -1.868          -2.083         -11.541           70.954
   36 (vir)    69          64.287          -2.166          -2.234         -12.084           71.971
   37 (vir)    69          66.979           0.185          -1.815         -11.235           76.585
   38 (vir)    69          71.719           0.520          -1.599         -11.528           82.168
   39 (vir)    69          71.923          -0.943          -0.898         -11.084           81.166
   40 (vir)    69          81.727           0.808          -1.735         -12.518           93.317
   41 (vir)    69          86.070          -0.366          -2.491         -14.294           97.507
   42 (vir)    69          87.468          -0.226          -2.207         -14.508           99.542
   43 (vir)    69          89.053          -0.293          -1.006         -11.823           99.577
   44 (vir)    69          90.422          -0.265          -1.853         -15.031          103.335
   45 (vir)    69          96.615          -1.919          -1.414         -15.104          108.386
   46 (vir)    69          97.670           0.287          -1.778         -14.215          110.394
   47 (vir)    69         104.099          -1.705          -1.652         -14.735          115.477
   48 (vir)    69         108.083           3.760          -2.291         -15.451          125.004
   49 (vir)    69         124.417           0.679          -1.819         -16.592          139.868
   50 (vir)    69         133.622          -0.499          -0.718         -13.726          146.131
   51 (vir)    69         135.267          -1.070          -1.150         -15.069          148.115
   52 (vir)    69         144.315           1.351          -1.007         -13.812          158.471
   53 (vir)    69         194.121          -3.007           0.415         -12.597          204.126
   54 (vir)    69         215.803           0.229          -0.189          -9.323          225.166
   55 (vir)    69         318.148           2.440          -0.893         -17.476          337.171
   56 (vir)    69         441.186           1.191          -1.714         -17.642          458.305
   57 (vir)    69      272113.839          -0.000           0.000          -0.000       272113.839
   58 (vir)    69      272113.839          -0.000          -0.000          -0.000       272113.838
 
 
  kpoint:      70             coordinate:     0.1973    0.4014    0.0000
 
    n           k   ϵ_nk^DFT (eV)     Σ^c_nk (eV)     Σ^x_nk (eV)    v_nk^xc (eV)   ϵ_nk^G0W0 (eV)
 
    1 (occ)    70         -18.017           7.853         -27.064         -17.632          -19.596
    2 (occ)    70         -12.206           4.772         -22.204         -15.599          -14.039
    3 (occ)    70          -9.669           3.983         -22.223         -16.512          -11.398
    4 (occ)    70          -4.169           2.089         -19.301         -16.069           -5.312
    5 (vir)    70           1.077          -3.795          -5.717         -11.008            2.573
    6 (vir)    70           8.341          -4.566          -5.201         -11.450           10.025
    7 (vir)    70           9.431          -3.423          -2.258          -6.824           10.573
    8 (vir)    70           9.895          -3.465          -2.784          -7.466           11.112
    9 (vir)    70          11.093          -3.271          -2.480          -7.168           12.510
   10 (vir)    70          12.400          -2.583          -0.788          -4.286           13.315
   11 (vir)    70          14.942          -2.714          -1.183          -4.925           15.970
   12 (vir)    70          15.330          -6.139          -4.971         -13.127           17.347
   13 (vir)    70          16.393          -4.828          -3.441          -9.922           18.045
   14 (vir)    70          18.607          -3.863          -2.386          -7.949           20.307
   15 (vir)    70          20.199          -3.363          -1.161          -5.583           21.257
   16 (vir)    70          22.528          -5.406          -3.212         -11.110           25.020
   17 (vir)    70          24.564          -4.412          -1.877          -7.828           26.102
   18 (vir)    70          24.682          -5.314          -3.393         -11.287           27.262
   19 (vir)    70          27.369          -3.622          -2.526          -9.258           30.479
   20 (vir)    70          28.698          -4.982          -1.622          -7.921           30.014
   21 (vir)    70          31.378          -1.473          -1.110          -6.870           35.665
   22 (vir)    70          33.698          -4.136          -1.754          -8.465           36.273
   23 (vir)    70          38.409          -7.330          -3.672         -13.272           40.679
   24 (vir)    70          43.415          -2.740          -2.100         -10.926           49.501
   25 (vir)    70          43.883          -3.080          -2.719         -11.563           49.647
   26 (vir)    70          46.974          -3.625          -2.202         -10.779           51.927
   27 (vir)    70          47.171          -0.994          -2.392         -12.084           55.868
   28 (vir)    70          49.524           0.312          -1.293          -8.595           57.139
   29 (vir)    70          53.027          -2.737          -2.983         -12.582           59.889
   30 (vir)    70          56.013          -1.578          -2.241         -12.089           64.282
   31 (vir)    70          56.296          -4.234          -2.534         -12.590           62.118
   32 (vir)    70          57.834          -4.263          -2.352         -12.237           63.456
   33 (vir)    70          61.512          -2.719          -1.995         -11.253           68.050
   34 (vir)    70          62.380           0.742          -1.437         -10.790           72.476
   35 (vir)    70          63.488          -1.383          -2.032         -11.169           71.241
   36 (vir)    70          64.572          -2.890          -2.211         -12.571           72.041
   37 (vir)    70          66.611           0.090          -1.819         -11.218           76.101
   38 (vir)    70          71.602           0.574          -1.587         -11.508           82.098
   39 (vir)    70          71.839          -1.158          -0.741         -11.073           81.014
   40 (vir)    70          81.806           0.756          -1.788         -12.638           93.412
   41 (vir)    70          86.114          -0.348          -2.426         -14.285           97.624
   42 (vir)    70          87.635          -0.225          -2.202         -14.439           99.648
   43 (vir)    70          88.907          -0.266          -1.073         -11.996           99.563
   44 (vir)    70          90.235           4.066          -1.652         -14.752          107.402
   45 (vir)    70          96.343          -1.731          -1.303         -15.034          108.343
   46 (vir)    70          98.077           0.281          -1.789         -14.193          110.762
   47 (vir)    70         104.230          -1.746          -1.632         -14.754          115.605
   48 (vir)    70         107.820           0.110          -2.254         -15.433          121.109
   49 (vir)    70         124.424           0.098          -1.699         -16.326          139.148
   50 (vir)    70         131.550          -0.427          -0.822         -13.962          144.262
   51 (vir)    70         135.149          -1.030          -1.193         -15.103          148.028
   52 (vir)    70         144.142           1.423          -1.038         -13.961          158.487
   53 (vir)    70         192.855          -3.186           0.872         -12.573          203.114
   54 (vir)    70         215.802           0.546          -0.177          -9.334          225.504
   55 (vir)    70         318.148           2.586          -0.892         -17.476          337.319
   56 (vir)    70         448.546           1.980          -1.358         -17.826          466.993
   57 (vir)    70      272113.839           0.000           0.000          -0.000       272113.839
   58 (vir)    70      272113.839          -0.000          -0.000          -0.000       272113.838
 
 
  kpoint:      71             coordinate:     0.1905    0.4048    0.0000
 
    n           k   ϵ_nk^DFT (eV)     Σ^c_nk (eV)     Σ^x_nk (eV)    v_nk^xc (eV)   ϵ_nk^G0W0 (eV)
 
    1 (occ)    71         -18.036           7.859         -27.058         -17.621          -19.614
    2 (occ)    71         -12.235           4.784         -22.213         -15.591          -14.072
    3 (occ)    71          -9.579           3.953         -22.225         -16.551          -11.300
    4 (occ)    71          -4.198           2.097         -19.283         -16.038           -5.345
    5 (vir)    71           1.081          -3.788          -5.724         -11.007            2.576
    6 (vir)    71           8.227          -4.574          -5.299         -11.571            9.925
    7 (vir)    71           9.490          -3.429          -2.239          -6.807           10.629
    8 (vir)    71           9.838          -3.447          -2.743          -7.399           11.046
    9 (vir)    71          11.017          -3.230          -2.409          -7.031           12.409
   10 (vir)    71          12.358          -2.584          -0.778          -4.274           13.270
   11 (vir)    71          14.962          -2.731          -1.227          -4.999           16.003
   12 (vir)    71          15.387          -6.101          -4.962         -13.078           17.403
   13 (vir)    71          16.496          -4.998          -3.568         -10.273           18.203
   14 (vir)    71          18.790          -3.795          -2.260          -7.754           20.489
   15 (vir)    71          20.347          -3.451          -1.194          -5.715           21.416
   16 (vir)    71          22.455          -5.390          -3.172         -11.005           24.897
   17 (vir)    71          24.589          -4.351          -1.825          -7.697           26.109
   18 (vir)    71          24.734          -5.406          -3.418         -11.326           27.236
   19 (vir)    71          27.310          -3.496          -2.451          -9.269           30.633
   20 (vir)    71          28.561          -4.957          -1.706          -8.038           29.935
   21 (vir)    71          31.657          -1.397          -1.079          -6.923           36.104
   22 (vir)    71          33.538          -4.163          -1.699          -8.330           36.005
   23 (vir)    71          38.227          -7.358          -3.655         -13.243           40.457
   24 (vir)    71          43.610          -2.665          -2.120         -10.973           49.798
   25 (vir)    71          44.115          -3.078          -2.691         -11.557           49.903
   26 (vir)    71          46.636          -4.268          -2.149         -10.215           50.435
   27 (vir)    71          47.182          -6.753          -2.451         -12.563           50.541
   28 (vir)    71          49.921           0.290          -1.264          -8.596           57.543
   29 (vir)    71          52.882          -2.827          -2.977         -12.477           59.555
   30 (vir)    71          55.892          -1.584          -2.269         -12.072           64.111
   31 (vir)    71          56.278          -3.881          -2.393         -12.497           62.502
   32 (vir)    71          57.787          -5.584          -2.276         -12.323           62.251
   33 (vir)    71          61.774          -3.129          -1.979         -11.227           67.893
   34 (vir)    71          62.100           0.524          -1.447         -10.805           71.982
   35 (vir)    71          63.491          -1.244          -2.020         -11.071           71.297
   36 (vir)    71          64.961          -3.648          -2.067         -12.799           72.045
   37 (vir)    71          66.238          -0.027          -1.824         -11.205           75.592
   38 (vir)    71          71.485           0.635          -1.575         -11.488           82.032
   39 (vir)    71          71.793          -1.392          -0.651         -11.063           80.814
   40 (vir)    71          81.875           0.701          -1.842         -12.760           93.494
   41 (vir)    71          86.150          -0.334          -2.363         -14.289           97.741
   42 (vir)    71          87.823          -0.227          -2.193         -14.352           99.755
   43 (vir)    71          88.738          -0.326          -1.149         -12.195           99.458
   44 (vir)    71          90.063           2.601          -1.499         -14.440          105.606
   45 (vir)    71          96.035          -1.585          -1.219         -14.963          108.194
   46 (vir)    71          98.492           0.269          -1.799         -14.173          111.135
   47 (vir)    71         104.344          -2.568          -1.628         -14.770          114.918
   48 (vir)    71         107.586          -4.467          -2.206         -15.417          116.330
   49 (vir)    71         124.152           0.960          -1.511         -15.818          139.420
   50 (vir)    71         129.786          -0.066          -1.131         -14.503          143.092
   51 (vir)    71         135.046          -0.904          -1.213         -15.135          148.064
   52 (vir)    71         144.102           1.265          -1.068         -14.065          158.364
   53 (vir)    71         191.632          -2.954           1.037         -12.550          202.266
   54 (vir)    71         215.779           0.689          -0.156          -9.343          225.655
   55 (vir)    71         318.147           3.049          -0.890         -17.477          337.782
   56 (vir)    71         455.982           2.533          -0.886         -18.012          475.640
   57 (vir)    71      272113.839           0.000          -0.000          -0.000       272113.839
   58 (vir)    71      272113.839          -0.000          -0.000          -0.000       272113.838
 
 
  kpoint:      72             coordinate:     0.1837    0.4082    0.0000
 
    n           k   ϵ_nk^DFT (eV)     Σ^c_nk (eV)     Σ^x_nk (eV)    v_nk^xc (eV)   ϵ_nk^G0W0 (eV)
 
    1 (occ)    72         -18.054           7.864         -27.052         -17.611          -19.631
    2 (occ)    72         -12.263           4.796         -22.220         -15.583          -14.103
    3 (occ)    72          -9.489           3.925         -22.227         -16.590          -11.201
    4 (occ)    72          -4.226           2.106         -19.265         -16.008           -5.377
    5 (vir)    72           1.084          -3.780          -5.730         -11.004            2.578
    6 (vir)    72           8.110          -4.581          -5.394         -11.686            9.821
    7 (vir)    72           9.548          -3.432          -2.218          -6.786           10.684
    8 (vir)    72           9.783          -3.428          -2.702          -7.330           10.983
    9 (vir)    72          10.945          -3.191          -2.342          -6.899           12.311
   10 (vir)    72          12.319          -2.586          -0.768          -4.263           13.227
   11 (vir)    72          14.986          -2.752          -1.270          -5.077           16.041
   12 (vir)    72          15.440          -6.059          -4.941         -13.014           17.455
   13 (vir)    72          16.598          -5.178          -3.704         -10.636           18.352
   14 (vir)    72          18.977          -3.753          -2.152          -7.568           20.640
   15 (vir)    72          20.487          -3.545          -1.234          -5.862           21.570
   16 (vir)    72          22.384          -5.403          -3.144         -10.907           24.745
   17 (vir)    72          24.622          -4.287          -1.766          -7.554           26.123
   18 (vir)    72          24.791          -5.550          -3.444         -11.355           27.151
   19 (vir)    72          27.250          -3.380          -2.350          -9.277           30.797
   20 (vir)    72          28.418          -4.927          -1.790          -8.148           29.849
   21 (vir)    72          31.931          -1.316          -1.106          -6.994           36.503
   22 (vir)    72          33.390          -4.192          -1.647          -8.200           35.751
   23 (vir)    72          38.054          -7.334          -3.640         -13.206           40.286
   24 (vir)    72          43.802          -2.605          -2.143         -11.022           50.075
   25 (vir)    72          44.357          -3.069          -2.658         -11.545           50.176
   26 (vir)    72          46.224          -5.854          -2.159         -10.204           48.414
   27 (vir)    72          47.270          -8.926          -2.439         -12.489           48.394
   28 (vir)    72          50.324           0.264          -1.233          -8.599           57.954
   29 (vir)    72          52.739          -2.996          -2.963         -12.374           59.154
   30 (vir)    72          55.776          -1.593          -2.300         -12.053           63.936
   31 (vir)    72          56.254          -3.816          -2.223         -12.388           62.604
   32 (vir)    72          57.734          -7.487          -2.205         -12.400           60.442
   33 (vir)    72          61.810           0.310          -1.456         -10.817           71.481
   34 (vir)    72          62.049          -4.231          -1.964         -11.198           67.053
   35 (vir)    72          63.416          -1.187          -1.963         -11.139           71.406
   36 (vir)    72          65.413          -4.312          -1.935         -12.888           72.054
   37 (vir)    72          65.862          -0.158          -1.829         -11.194           75.069
   38 (vir)    72          71.368           0.699          -1.564         -11.468           81.971
   39 (vir)    72          71.788          -1.462          -0.645         -11.054           80.735
   40 (vir)    72          81.932           0.646          -1.896         -12.883           93.565
   41 (vir)    72          86.176          -0.325          -2.306         -14.304           97.848
   42 (vir)    72          88.031          -0.230          -2.180         -14.250           99.871
   43 (vir)    72          88.545          -0.403          -1.227         -12.398           99.314
   44 (vir)    72          89.906           3.094          -1.413         -14.112          105.700
   45 (vir)    72          95.691          -1.475          -1.182         -14.894          107.928
   46 (vir)    72          98.912           0.252          -1.807         -14.156          111.513
   47 (vir)    72         104.430          -3.939          -1.648         -14.784          113.627
   48 (vir)    72         107.396          -2.629          -2.143         -15.401          118.025
   49 (vir)    72         123.374           0.140          -1.347         -15.087          137.254
   50 (vir)    72         128.636           0.845          -1.517         -15.304          143.269
   51 (vir)    72         134.944          -0.869          -1.231         -15.170          148.014
   52 (vir)    72         144.139           0.870          -1.096         -14.142          158.055
   53 (vir)    72         190.457          -2.328           0.901         -12.529          201.559
   54 (vir)    72         215.736           0.678          -0.130          -9.350          225.634
   55 (vir)    72         318.143           3.570          -0.890         -17.478          338.301
   56 (vir)    72         463.470           2.134          -0.322         -18.199          483.481
   57 (vir)    72      272113.839           0.000          -0.000          -0.000       272113.838
   58 (vir)    72      272113.839          -0.000           0.000          -0.000       272113.839
 
 
  kpoint:      73             coordinate:     0.1769    0.4116    0.0000
 
    n           k   ϵ_nk^DFT (eV)     Σ^c_nk (eV)     Σ^x_nk (eV)    v_nk^xc (eV)   ϵ_nk^G0W0 (eV)
 
    1 (occ)    73         -18.072           7.869         -27.047         -17.601          -19.648
    2 (occ)    73         -12.290           4.808         -22.228         -15.576          -14.134
    3 (occ)    73          -9.399           3.896         -22.230         -16.630          -11.103
    4 (occ)    73          -4.254           2.114         -19.249         -15.979           -5.409
    5 (vir)    73           1.086          -3.773          -5.734         -11.000            2.579
    6 (vir)    73           7.992          -4.585          -5.485         -11.793            9.715
    7 (vir)    73           9.605          -3.434          -2.196          -6.762           10.737
    8 (vir)    73           9.731          -3.407          -2.662          -7.261           10.923
    9 (vir)    73          10.875          -3.154          -2.277          -6.773           12.218
   10 (vir)    73          12.282          -2.589          -0.759          -4.253           13.187
   11 (vir)    73          15.016          -2.775          -1.314          -5.159           16.085
   12 (vir)    73          15.490          -6.014          -4.911         -12.939           17.504
   13 (vir)    73          16.698          -5.363          -3.847         -11.002           18.490
   14 (vir)    73          19.167          -3.739          -2.063          -7.392           20.757
   15 (vir)    73          20.619          -3.644          -1.280          -6.022           21.717
   16 (vir)    73          22.316          -5.434          -3.123         -10.818           24.576
   17 (vir)    73          24.664          -4.221          -1.699          -7.401           26.144
   18 (vir)    73          24.852          -5.716          -3.465         -11.373           27.044
   19 (vir)    73          27.189          -3.334          -2.242          -9.281           30.894
   20 (vir)    73          28.271          -4.891          -1.872          -8.250           29.757
   21 (vir)    73          32.197          -1.295          -1.186          -7.085           36.801
   22 (vir)    73          33.256          -4.223          -1.598          -8.077           35.512
   23 (vir)    73          37.891          -7.344          -3.632         -13.158           40.072
   24 (vir)    73          43.991          -2.557          -2.166         -11.071           50.338
   25 (vir)    73          44.607          -3.055          -2.624         -11.533           50.462
   26 (vir)    73          45.815          -7.225          -2.148         -10.145           46.587
   27 (vir)    73          47.361          -8.771          -2.438         -12.462           48.614
   28 (vir)    73          50.728           0.242          -1.199          -8.605           58.376
   29 (vir)    73          52.600          -3.260          -2.944         -12.272           58.668
   30 (vir)    73          55.667          -1.601          -2.333         -12.029           63.761
   31 (vir)    73          56.223          -3.934          -2.038         -12.259           62.510
   32 (vir)    73          57.677          -9.854          -2.159         -12.472           58.135
   33 (vir)    73          61.513           0.112          -1.465         -10.827           70.987
   34 (vir)    73          62.330          -2.503          -1.920         -11.134           69.041
   35 (vir)    73          63.297          -1.285          -1.889         -11.312           71.435
   36 (vir)    73          65.482          -0.291          -1.836         -11.187           74.543
   37 (vir)    73          65.905          -4.967          -1.868         -12.928           71.998
   38 (vir)    73          71.251           0.766          -1.553         -11.448           81.912
   39 (vir)    73          71.826          -1.429          -0.714         -11.046           80.730
   40 (vir)    73          81.980           0.594          -1.950         -13.004           93.628
   41 (vir)    73          86.193          -0.323          -2.255         -14.327           97.942
   42 (vir)    73          88.259          -0.231          -2.161         -14.138          100.005
   43 (vir)    73          88.332          -0.513          -1.304         -12.584           99.098
   44 (vir)    73          89.763          -0.660          -1.402         -13.789          101.490
   45 (vir)    73          95.309          -1.389          -1.205         -14.830          107.545
   46 (vir)    73          99.336           0.231          -1.816         -14.142          111.894
   47 (vir)    73         104.476          -3.464          -1.696         -14.800          114.116
   48 (vir)    73         107.266          -2.107          -2.065         -15.383          118.477
   49 (vir)    73         122.059           0.825          -1.403         -14.546          136.027
   50 (vir)    73         128.161           4.054          -1.747         -15.937          146.405
   51 (vir)    73         134.844          -0.992          -1.252         -15.209          147.808
   52 (vir)    73         144.221           0.337          -1.122         -14.203          157.639
   53 (vir)    73         189.333          -1.099           0.499         -12.508          201.241
   54 (vir)    73         215.674           0.591          -0.107          -9.355          225.513
   55 (vir)    73         318.137           4.167          -0.890         -17.478          338.892
   56 (vir)    73         470.987          -0.391           0.293         -18.387          489.277
   57 (vir)    73      272113.839           0.000          -0.000          -0.000       272113.838
   58 (vir)    73      272113.839          -0.000           0.000          -0.000       272113.839
 
 
  kpoint:      74             coordinate:     0.1701    0.4150    0.0000
 
    n           k   ϵ_nk^DFT (eV)     Σ^c_nk (eV)     Σ^x_nk (eV)    v_nk^xc (eV)   ϵ_nk^G0W0 (eV)
 
    1 (occ)    74         -18.090           7.874         -27.041         -17.591          -19.665
    2 (occ)    74         -12.316           4.819         -22.236         -15.569          -14.164
    3 (occ)    74          -9.310           3.868         -22.233         -16.670          -11.005
    4 (occ)    74          -4.281           2.122         -19.233         -15.951           -5.440
    5 (vir)    74           1.087          -3.765          -5.738         -10.996            2.579
    6 (vir)    74           7.872          -4.586          -5.570         -11.891            9.607
    7 (vir)    74           9.661          -3.433          -2.173          -6.733           10.788
    8 (vir)    74           9.682          -3.386          -2.623          -7.192           10.864
    9 (vir)    74          10.809          -3.119          -2.217          -6.656           12.129
   10 (vir)    74          12.248          -2.593          -0.749          -4.244           13.149
   11 (vir)    74          15.051          -2.801          -1.359          -5.244           16.135
   12 (vir)    74          15.536          -5.970          -4.874         -12.857           17.549
   13 (vir)    74          16.795          -5.550          -3.993         -11.366           18.618
   14 (vir)    74          19.359          -3.749          -1.992          -7.230           20.848
   15 (vir)    74          20.740          -3.746          -1.333          -6.195           21.855
   16 (vir)    74          22.251          -5.472          -3.108         -10.736           24.405
   17 (vir)    74          24.714          -4.157          -1.625          -7.239           26.171
   18 (vir)    74          24.917          -5.869          -3.475         -11.380           26.954
   19 (vir)    74          27.127          -3.381          -2.145          -9.283           30.884
   20 (vir)    74          28.123          -4.850          -1.953          -8.341           29.661
   21 (vir)    74          32.447          -3.777          -1.303          -7.202           34.569
   22 (vir)    74          33.134          -4.258          -1.552          -7.963           35.286
   23 (vir)    74          37.740          -7.371          -3.640         -13.095           39.823
   24 (vir)    74          44.179          -2.518          -2.185         -11.116           50.593
   25 (vir)    74          44.863          -3.037          -2.591         -11.523           50.757
   26 (vir)    74          45.418          -7.484          -2.116         -10.068           45.887
   27 (vir)    74          47.450          -8.166          -2.444         -12.453           49.293
   28 (vir)    74          51.128           0.223          -1.164          -8.620           58.807
   29 (vir)    74          52.463          -3.635          -2.927         -12.171           58.073
   30 (vir)    74          55.572          -1.604          -2.369         -11.996           63.594
   31 (vir)    74          56.183          -4.227          -1.860         -12.108           62.204
   32 (vir)    74          57.616         -12.157          -2.153         -12.544           55.851
   33 (vir)    74          61.208          -0.061          -1.473         -10.834           70.508
   34 (vir)    74          62.589          -4.407          -1.753         -10.947           67.377
   35 (vir)    74          63.171          -1.858          -1.931         -11.645           71.027
   36 (vir)    74          65.100          -0.419          -1.843         -11.184           74.022
   37 (vir)    74          66.425          -6.047          -1.879         -12.952           71.451
   38 (vir)    74          71.136           0.833          -1.543         -11.429           81.855
   39 (vir)    74          71.907          -1.338          -0.824         -11.040           80.785
   40 (vir)    74          82.018           0.548          -2.003         -13.121           93.683
   41 (vir)    74          86.201          -0.328          -2.211         -14.356           98.017
   42 (vir)    74          88.099          -0.750          -1.379         -12.736           98.706
   43 (vir)    74          88.508          -0.229          -2.137         -14.020          100.162
   44 (vir)    74          89.629           4.046          -1.464         -13.484          105.694
   45 (vir)    74          94.890          -1.349          -1.284         -14.777          107.034
   46 (vir)    74          99.761           0.209          -1.823         -14.131          112.277
   47 (vir)    74         104.471          -2.743          -1.764         -14.819          114.783
   48 (vir)    74         107.211          -2.011          -1.979         -15.360          118.581
   49 (vir)    74         120.473           1.808          -1.643         -14.349          134.987
   50 (vir)    74         128.115          -1.753          -1.808         -16.239          140.793
   51 (vir)    74         134.746          -1.311          -1.276         -15.252          147.411
   52 (vir)    74         144.332          -0.197          -1.146         -14.254          157.243
   53 (vir)    74         188.263          -0.655          -0.095         -12.487          200.000
   54 (vir)    74         215.594           1.095          -0.091          -9.359          225.956
   55 (vir)    74         318.128           4.963          -0.890         -17.479          339.680
   56 (vir)    74         478.510          -1.377           0.909         -18.575          496.617
   57 (vir)    74      272113.839          -0.000          -0.000          -0.000       272113.838
   58 (vir)    74      272113.839          -0.000           0.000          -0.000       272113.839
 
 
  kpoint:      75             coordinate:     0.1633    0.4184    0.0000
 
    n           k   ϵ_nk^DFT (eV)     Σ^c_nk (eV)     Σ^x_nk (eV)    v_nk^xc (eV)   ϵ_nk^G0W0 (eV)
 
    1 (occ)    75         -18.107           7.879         -27.036         -17.582          -19.682
    2 (occ)    75         -12.341           4.830         -22.243         -15.562          -14.193
    3 (occ)    75          -9.221           3.841         -22.238         -16.710          -10.908
    4 (occ)    75          -4.308           2.131         -19.218         -15.924           -5.471
    5 (vir)    75           1.088          -3.758          -5.742         -10.991            2.579
    6 (vir)    75           7.752          -4.585          -5.650         -11.980            9.496
    7 (vir)    75           9.634          -3.366          -2.585          -7.124           10.808
    8 (vir)    75           9.716          -3.431          -2.148          -6.701           10.838
    9 (vir)    75          10.746          -3.086          -2.161          -6.547           12.046
   10 (vir)    75          12.216          -2.597          -0.740          -4.236           13.114
   11 (vir)    75          15.093          -2.831          -1.403          -5.333           16.192
   12 (vir)    75          15.580          -5.927          -4.832         -12.769           17.590
   13 (vir)    75          16.888          -5.733          -4.140         -11.723           18.739
   14 (vir)    75          19.553          -3.770          -1.934          -7.081           20.930
   15 (vir)    75          20.849          -3.851          -1.394          -6.379           21.984
   16 (vir)    75          22.188          -5.508          -3.096         -10.661           24.246
   17 (vir)    75          24.772          -4.096          -1.544          -7.072           26.204
   18 (vir)    75          24.988          -5.992          -3.467         -11.376           26.904
   19 (vir)    75          27.066          -3.502          -2.079          -9.282           30.767
   20 (vir)    75          27.976          -4.802          -2.031          -8.419           29.562
   21 (vir)    75          32.676          -1.628          -1.429          -7.349           36.968
   22 (vir)    75          33.024          -4.297          -1.510          -7.857           35.073
   23 (vir)    75          37.604          -7.162          -3.667         -13.014           39.788
   24 (vir)    75          44.366          -2.482          -2.200         -11.159           50.843
   25 (vir)    75          45.040           1.849          -2.062          -9.979           54.807
   26 (vir)    75          45.124          -3.017          -2.562         -11.516           51.060
   27 (vir)    75          47.536          -7.288          -2.454         -12.453           50.247
   28 (vir)    75          51.516           0.189          -1.130          -8.650           59.225
   29 (vir)    75          52.331          -4.065          -2.921         -12.072           57.417
   30 (vir)    75          55.500          -1.595          -2.405         -11.945           63.445
   31 (vir)    75          56.133          -4.777          -1.710         -11.931           61.577
   32 (vir)    75          57.555          -2.701          -2.193         -12.621           65.282
   33 (vir)    75          60.897          -0.203          -1.481         -10.839           70.053
   34 (vir)    75          62.694          -2.209          -1.370         -10.777           69.893
   35 (vir)    75          63.181          -8.841          -2.219         -11.986           64.106
   36 (vir)    75          64.716          -0.537          -1.851         -11.185           73.512
   37 (vir)    75          66.970          -8.250          -1.963         -12.972           69.729
   38 (vir)    75          71.022           0.899          -1.534         -11.411           81.798
   39 (vir)    75          72.028          -1.195          -0.931         -11.036           80.939
   40 (vir)    75          82.046           0.508          -2.054         -13.233           93.733
   41 (vir)    75          86.201          -0.339          -2.174         -14.387           98.075
   42 (vir)    75          87.850          -1.205          -1.447         -12.848           98.046
   43 (vir)    75          88.775          -0.223          -2.108         -13.900          100.345
   44 (vir)    75          89.499          -1.903          -1.591         -13.199           99.204
   45 (vir)    75          94.438          -1.626          -1.399         -14.742          106.154
   46 (vir)    75         100.184           0.186          -1.830         -14.123          112.663
   47 (vir)    75         104.410          -2.273          -1.832         -14.843          115.148
   48 (vir)    75         107.237          -2.189          -1.899         -15.333          118.483
   49 (vir)    75         118.840          -2.996          -1.921         -14.341          128.264
   50 (vir)    75         128.275          -1.301          -1.792         -16.354          141.536
   51 (vir)    75         134.652          -1.704          -1.301         -15.302          146.950
   52 (vir)    75         144.460          -0.625          -1.165         -14.299          156.968
   53 (vir)    75         187.249          -0.219          -0.782         -12.466          198.715
   54 (vir)    75         215.497          -0.616          -0.088          -9.362          224.155
   55 (vir)    75         318.117           6.034          -0.892         -17.480          340.740
   56 (vir)    75         486.012          -2.196           1.467         -18.763          504.046
   57 (vir)    75      272113.839          -0.000          -0.000          -0.000       272113.838
   58 (vir)    75      272113.839          -0.000           0.000          -0.000       272113.839
 
 
  kpoint:      76             coordinate:     0.1565    0.4218    0.0000
 
    n           k   ϵ_nk^DFT (eV)     Σ^c_nk (eV)     Σ^x_nk (eV)    v_nk^xc (eV)   ϵ_nk^G0W0 (eV)
 
    1 (occ)    76         -18.124           7.884         -27.031         -17.572          -19.698
    2 (occ)    76         -12.366           4.840         -22.250         -15.555          -14.220
    3 (occ)    76          -9.134           3.814         -22.243         -16.750          -10.812
    4 (occ)    76          -4.334           2.139         -19.205         -15.899           -5.501
    5 (vir)    76           1.088          -3.750          -5.744         -10.984            2.578
    6 (vir)    76           7.632          -4.583          -5.724         -12.059            9.385
    7 (vir)    76           9.589          -3.346          -2.549          -7.058           10.753
    8 (vir)    76           9.768          -3.426          -2.122          -6.665           10.885
    9 (vir)    76          10.686          -3.055          -2.110          -6.447           11.968
   10 (vir)    76          12.187          -2.602          -0.731          -4.228           13.082
   11 (vir)    76          15.141          -2.865          -1.448          -5.426           16.255
   12 (vir)    76          15.620          -5.886          -4.790         -12.678           17.622
   13 (vir)    76          16.977          -5.909          -4.284         -12.070           18.854
   14 (vir)    76          19.748          -3.786          -1.885          -6.948           21.024
   15 (vir)    76          20.945          -3.955          -1.460          -6.570           22.101
   16 (vir)    76          22.130          -5.532          -3.084         -10.596           24.109
   17 (vir)    76          24.839          -4.043          -1.456          -6.904           26.243
   18 (vir)    76          25.063          -6.083          -3.439         -11.360           26.901
   19 (vir)    76          27.005          -3.678          -2.057          -9.279           30.548
   20 (vir)    76          27.834          -4.746          -2.106          -8.483           29.464
   21 (vir)    76          32.878          -1.573          -1.534          -7.530           37.301
   22 (vir)    76          32.925          -4.342          -1.473          -7.759           34.869
   23 (vir)    76          37.483          -6.235          -3.710         -12.912           40.450
   24 (vir)    76          44.554          -2.449          -2.211         -11.198           51.093
   25 (vir)    76          44.687           1.697          -1.990          -9.883           54.278
   26 (vir)    76          45.388          -2.996          -2.535         -11.512           51.369
   27 (vir)    76          47.618          -6.239          -2.468         -12.460           51.370
   28 (vir)    76          51.878           0.099          -1.102          -8.711           59.586
   29 (vir)    76          52.201          -2.852          -2.930         -11.973           58.392
   30 (vir)    76          55.465          -1.567          -2.434         -11.864           63.327
   31 (vir)    76          56.070          -5.826          -1.613         -11.729           60.360
   32 (vir)    76          57.494          -1.917          -2.275         -12.703           66.006
   33 (vir)    76          60.582          -0.310          -1.488         -10.841           69.625
   34 (vir)    76          62.557          -3.899          -1.316         -11.075           68.417
   35 (vir)    76          63.421          -0.850          -2.231         -11.876           72.216
   36 (vir)    76          64.330          -0.640          -1.861         -11.190           73.019
   37 (vir)    76          67.537          -0.118          -2.100         -12.993           78.311
   38 (vir)    76          70.910           0.962          -1.525         -11.393           81.740
   39 (vir)    76          72.189          -1.049          -0.991         -11.035           81.183
   40 (vir)    76          82.066           0.477          -2.102         -13.339           93.780
   41 (vir)    76          86.193          -0.355          -2.142         -14.420           98.116
   42 (vir)    76          87.588          -1.838          -1.504         -12.921           97.166
   43 (vir)    76          89.060          -0.213          -2.076         -13.781          100.552
   44 (vir)    76          89.367          -1.758          -1.765         -12.931           98.775
   45 (vir)    76          93.958          -1.680          -1.515         -14.730          105.492
   46 (vir)    76         100.603           0.166          -1.837         -14.117          113.050
   47 (vir)    76         104.301          -0.725          -1.885         -14.867          116.558
   48 (vir)    76         107.340          -2.446          -1.832         -15.306          118.368
   49 (vir)    76         117.267          -2.921          -2.147         -14.414          126.612
   50 (vir)    76         128.534          -1.019          -1.747         -16.382          142.150
   51 (vir)    76         134.566          -2.026          -1.326         -15.360          146.574
   52 (vir)    76         144.599          -0.916          -1.177         -14.339          156.844
   53 (vir)    76         186.296           0.235          -1.450         -12.445          197.525
   54 (vir)    76         215.384          -0.813          -0.097          -9.364          223.839
   55 (vir)    76         318.104           7.346          -0.893         -17.481          342.038
   56 (vir)    76         493.469          -2.869           1.911         -18.949          511.460
   57 (vir)    76      272113.839          -0.000          -0.000          -0.000       272113.838
   58 (vir)    76      272113.839          -0.000           0.000          -0.000       272113.839
 
 
  kpoint:      77             coordinate:     0.1497    0.4252    0.0000
 
    n           k   ϵ_nk^DFT (eV)     Σ^c_nk (eV)     Σ^x_nk (eV)    v_nk^xc (eV)   ϵ_nk^G0W0 (eV)
 
    1 (occ)    77         -18.141           7.889         -27.026         -17.563          -19.714
    2 (occ)    77         -12.389           4.851         -22.257         -15.548          -14.247
    3 (occ)    77          -9.047           3.787         -22.248         -16.790          -10.718
    4 (occ)    77          -4.359           2.147         -19.192         -15.874           -5.530
    5 (vir)    77           1.088          -3.742          -5.746         -10.978            2.577
    6 (vir)    77           7.513          -4.578          -5.792         -12.130            9.272
    7 (vir)    77           9.546          -3.326          -2.514          -6.994           10.700
    8 (vir)    77           9.817          -3.418          -2.095          -6.626           10.930
    9 (vir)    77          10.629          -3.026          -2.063          -6.354           11.895
   10 (vir)    77          12.160          -2.608          -0.722          -4.221           13.052
   11 (vir)    77          15.197          -2.901          -1.492          -5.522           16.325
   12 (vir)    77          15.658          -5.847          -4.749         -12.583           17.644
   13 (vir)    77          17.061          -6.076          -4.422         -12.405           18.968
   14 (vir)    77          19.941          -3.784          -1.838          -6.828           21.147
   15 (vir)    77          21.027          -4.057          -1.531          -6.766           22.205
   16 (vir)    77          22.075          -5.543          -3.070         -10.541           24.003
   17 (vir)    77          24.911          -4.004          -1.365          -6.744           26.285
   18 (vir)    77          25.142          -6.147          -3.388         -11.331           26.939
   19 (vir)    77          26.945          -3.911          -2.085          -9.275           30.225
   20 (vir)    77          27.700          -4.681          -2.177          -8.528           29.369
   21 (vir)    77          32.838          -4.393          -1.440          -7.670           34.675
   22 (vir)    77          33.045          -1.886          -1.595          -7.745           37.308
   23 (vir)    77          37.377          -4.796          -3.757         -12.788           41.612
   24 (vir)    77          44.367          -5.519          -1.900          -9.781           46.728
   25 (vir)    77          44.741          -2.416          -2.219         -11.235           51.342
   26 (vir)    77          45.655          -2.974          -2.511         -11.511           51.681
   27 (vir)    77          47.695          -5.209          -2.485         -12.471           52.471
   28 (vir)    77          52.073           2.841          -2.956         -11.875           63.833
   29 (vir)    77          52.196          -0.108          -1.091          -8.822           59.819
   30 (vir)    77          55.484          -1.510          -2.446         -11.730           63.258
   31 (vir)    77          55.992          -7.676          -1.585         -11.505           58.236
   32 (vir)    77          57.435          -9.563          -2.386         -12.793           58.279
   33 (vir)    77          60.265          -0.378          -1.495         -10.840           69.232
   34 (vir)    77          62.338          -5.699          -1.397         -11.324           66.567
   35 (vir)    77          63.738          -0.384          -2.163         -11.828           73.019
   36 (vir)    77          63.943          -0.726          -1.872         -11.199           72.544
   37 (vir)    77          68.123          -0.703          -2.257         -13.019           78.181
   38 (vir)    77          70.800           1.024          -1.516         -11.375           81.683
   39 (vir)    77          72.385          -0.986          -0.974         -11.036           81.461
   40 (vir)    77          82.077           0.454          -2.148         -13.439           93.823
   41 (vir)    77          86.180          -0.374          -2.116         -14.452           98.142
   42 (vir)    77          87.314          -2.513          -1.541         -12.959           96.219
   43 (vir)    77          89.224          -1.547          -1.961         -12.673           98.389
   44 (vir)    77          89.359          -0.199          -2.042         -13.665          100.782
   45 (vir)    77          93.461          -1.426          -1.590         -14.748          105.193
   46 (vir)    77         101.018           0.149          -1.843         -14.114          113.438
   47 (vir)    77         104.157           0.982          -1.918         -14.889          118.111
   48 (vir)    77         107.508          -2.536          -1.776         -15.281          118.477
   49 (vir)    77         115.798          -0.491          -2.278         -14.518          127.547
   50 (vir)    77         128.839          -0.855          -1.690         -16.362          142.655
   51 (vir)    77         134.493          -2.283          -1.351         -15.429          146.288
   52 (vir)    77         144.744          -1.083          -1.180         -14.376          156.856
   53 (vir)    77         185.406           0.449          -1.997         -12.423          196.280
   54 (vir)    77         215.259          -0.861          -0.116          -9.365          223.647
   55 (vir)    77         318.088           8.651          -0.895         -17.482          343.326
   56 (vir)    77         500.855          -3.299           2.187         -19.135          518.877
   57 (vir)    77      272113.839          -0.000           0.000          -0.000       272113.839
   58 (vir)    77      272113.839          -0.000           0.000          -0.000       272113.839
 
 
  kpoint:      78             coordinate:     0.1429    0.4286    0.0000
 
    n           k   ϵ_nk^DFT (eV)     Σ^c_nk (eV)     Σ^x_nk (eV)    v_nk^xc (eV)   ϵ_nk^G0W0 (eV)
 
    1 (occ)    78         -18.157           7.894         -27.022         -17.555          -19.730
    2 (occ)    78         -12.412           4.860         -22.263         -15.542          -14.272
    3 (occ)    78          -8.962           3.762         -22.254         -16.830          -10.625
    4 (occ)    78          -4.384           2.155         -19.180         -15.850           -5.558
    5 (vir)    78           1.087          -3.735          -5.747         -10.971            2.575
    6 (vir)    78           7.395          -4.573          -5.854         -12.192            9.160
    7 (vir)    78           9.506          -3.308          -2.481          -6.932           10.649
    8 (vir)    78           9.865          -3.409          -2.068          -6.583           10.971
    9 (vir)    78          10.575          -2.998          -2.021          -6.270           11.826
   10 (vir)    78          12.136          -2.614          -0.713          -4.215           13.024
   11 (vir)    78          15.259          -2.941          -1.536          -5.621           16.403
   12 (vir)    78          15.694          -5.811          -4.712         -12.486           17.656
   13 (vir)    78          17.140          -6.232          -4.554         -12.727           19.082
   14 (vir)    78          20.131          -3.749          -1.790          -6.722           21.314
   15 (vir)    78          21.092          -4.154          -1.606          -6.963           22.295
   16 (vir)    78          22.026          -5.541          -3.051         -10.496           23.930
   17 (vir)    78          24.985          -3.983          -1.273          -6.600           26.329
   18 (vir)    78          25.225          -6.173          -3.315         -11.287           27.025
   19 (vir)    78          26.888          -4.204          -2.160          -9.272           29.797
   20 (vir)    78          27.581          -4.604          -2.241          -8.548           29.284
   21 (vir)    78          32.761          -4.450          -1.412          -7.590           34.489
   22 (vir)    78          33.174          -4.840          -1.606          -7.990           34.717
   23 (vir)    78          37.283          -3.977          -3.792         -12.649           42.163
   24 (vir)    78          44.086          -8.591          -1.800          -9.673           43.368
   25 (vir)    78          44.929          -2.383          -2.223         -11.270           51.593
   26 (vir)    78          45.924          -2.951          -2.489         -11.512           51.995
   27 (vir)    78          47.767          -4.417          -2.505         -12.486           53.331
   28 (vir)    78          51.948           1.481          -2.996         -11.777           62.211
   29 (vir)    78          52.450          -0.456          -1.112          -9.001           59.883
   30 (vir)    78          55.579          -1.420          -2.423         -11.526           63.262
   31 (vir)    78          55.899           1.385          -1.632         -11.265           66.917
   32 (vir)    78          57.380          -8.468          -2.505         -12.886           59.294
   33 (vir)    78          59.947          -0.403          -1.502         -10.836           68.878
   34 (vir)    78          62.097          -6.397          -1.527         -11.525           65.698
   35 (vir)    78          63.557          -0.792          -1.885         -11.211           72.092
   36 (vir)    78          64.078           0.620          -2.090         -11.836           74.444
   37 (vir)    78          68.726          -0.975          -2.398         -13.050           78.403
   38 (vir)    78          70.694           1.085          -1.509         -11.359           81.629
   39 (vir)    78          72.613          -1.034          -0.866         -11.041           81.754
   40 (vir)    78          82.082           0.440          -2.190         -13.532           93.864
   41 (vir)    78          86.162          -0.395          -2.093         -14.483           98.156
   42 (vir)    78          87.031          -3.146          -1.551         -12.968           95.301
   43 (vir)    78          89.058          -1.410          -2.137         -12.423           97.933
   44 (vir)    78          89.672          -0.183          -2.007         -13.552          101.034
   45 (vir)    78          92.963          -1.289          -1.595         -14.797          104.877
   46 (vir)    78         101.426           0.137          -1.849         -14.113          113.828
   47 (vir)    78         103.992           0.394          -1.934         -14.907          117.359
   48 (vir)    78         107.727          -2.518          -1.717         -15.261          118.753
   49 (vir)    78         114.450           0.082          -2.305         -14.630          126.856
   50 (vir)    78         129.160          -0.794          -1.629         -16.309          143.045
   51 (vir)    78         134.438          -2.541          -1.374         -15.515          146.037
   52 (vir)    78         144.892          -1.152          -1.173         -14.411          156.977
   53 (vir)    78         184.581           0.342          -2.339         -12.399          194.982
   54 (vir)    78         215.121          -0.876          -0.143          -9.366          223.468
   55 (vir)    78         318.070           9.448          -0.897         -17.483          344.104
   56 (vir)    78         508.142          -3.411           2.255         -19.318          526.304
   57 (vir)    78      272113.839          -0.000           0.000          -0.000       272113.839
   58 (vir)    78      272113.839          -0.000           0.000          -0.000       272113.839
 
 
  kpoint:      79             coordinate:     0.1361    0.4320    0.0000
 
    n           k   ϵ_nk^DFT (eV)     Σ^c_nk (eV)     Σ^x_nk (eV)    v_nk^xc (eV)   ϵ_nk^G0W0 (eV)
 
    1 (occ)    79         -18.173           7.899         -27.017         -17.546          -19.745
    2 (occ)    79         -12.433           4.870         -22.270         -15.536          -14.297
    3 (occ)    79          -8.879           3.737         -22.261         -16.870          -10.533
    4 (occ)    79          -4.408           2.163         -19.168         -15.828           -5.585
    5 (vir)    79           1.085          -3.728          -5.748         -10.963            2.572
    6 (vir)    79           7.278          -4.567          -5.909         -12.245            9.048
    7 (vir)    79           9.467          -3.290          -2.449          -6.872           10.600
    8 (vir)    79           9.909          -3.397          -2.040          -6.538           11.010
    9 (vir)    79          10.524          -2.973          -1.982          -6.194           11.763
   10 (vir)    79          12.115          -2.620          -0.704          -4.209           12.999
   11 (vir)    79          15.329          -2.985          -1.579          -5.722           16.487
   12 (vir)    79          15.727          -5.777          -4.678         -12.386           17.658
   13 (vir)    79          17.214          -6.378          -4.678         -13.037           19.195
   14 (vir)    79          20.318          -3.674          -1.739          -6.627           21.531
   15 (vir)    79          21.142          -4.244          -1.683          -7.156           22.371
   16 (vir)    79          21.982          -5.529          -3.028         -10.465           23.891
   17 (vir)    79          25.057          -3.986          -1.187          -6.486           26.370
   18 (vir)    79          25.313          -6.133          -3.225         -11.226           27.180
   19 (vir)    79          26.835          -4.519          -2.270          -9.272           29.318
   20 (vir)    79          27.484          -4.513          -2.293          -8.535           29.213
   21 (vir)    79          32.695          -4.509          -1.388          -7.517           34.315
   22 (vir)    79          33.262          -1.837          -1.575          -8.254           38.104
   23 (vir)    79          37.197          -3.875          -3.794         -12.501           42.028
   24 (vir)    79          43.854          -8.620          -1.695          -9.561           43.100
   25 (vir)    79          45.116          -2.349          -2.226         -11.303           51.845
   26 (vir)    79          46.194          -2.929          -2.470         -11.516           52.311
   27 (vir)    79          47.834          -3.888          -2.527         -12.504           53.924
   28 (vir)    79          51.824           0.164          -3.037         -11.679           60.630
   29 (vir)    79          52.622          -0.853          -1.174          -9.241           59.835
   30 (vir)    79          55.767          -1.304          -2.358         -11.262           63.367
   31 (vir)    79          55.790           0.524          -1.743         -11.018           65.589
   32 (vir)    79          57.331           3.013          -2.613         -12.978           70.709
   33 (vir)    79          59.631          -0.375          -1.510         -10.827           68.574
   34 (vir)    79          61.849          -6.953          -1.685         -11.707           64.918
   35 (vir)    79          63.172          -0.838          -1.899         -11.229           71.663
   36 (vir)    79          64.431           2.287          -2.018         -11.869           76.569
   37 (vir)    79          69.342          -1.153          -2.491         -13.088           78.787
   38 (vir)    79          70.591           1.149          -1.501         -11.343           81.581
   39 (vir)    79          72.869          -1.174          -0.674         -11.051           82.072
   40 (vir)    79          82.080           0.433          -2.230         -13.617           93.901
   41 (vir)    79          86.139          -0.417          -2.075         -14.512           98.160
   42 (vir)    79          86.739          -3.718          -1.527         -12.952           94.445
   43 (vir)    79          88.855          -1.356          -2.232         -12.188           97.455
   44 (vir)    79          89.995          -0.166          -1.970         -13.444          101.303
   45 (vir)    79          92.485          -1.242          -1.532         -14.867          104.577
   46 (vir)    79         101.827           0.130          -1.854         -14.115          114.217
   47 (vir)    79         103.818           0.007          -1.940         -14.921          116.806
   48 (vir)    79         107.982          -2.460          -1.640         -15.248          119.130
   49 (vir)    79         113.230          -1.799          -2.242         -14.734          123.923
   50 (vir)    79         129.476          -0.822          -1.569         -16.227          143.311
   51 (vir)    79         134.410          -2.860          -1.397         -15.620          145.773
   52 (vir)    79         145.040          -1.126          -1.157         -14.444          157.201
   53 (vir)    79         183.824          -0.052          -2.429         -12.373          193.716
   54 (vir)    79         214.973          -0.878          -0.170          -9.366          223.292
   55 (vir)    79         318.049           9.382          -0.899         -17.484          344.017
   56 (vir)    79         515.303          -3.174           2.094         -19.497          533.720
   57 (vir)    79      272113.839          -0.000           0.000          -0.000       272113.839
   58 (vir)    79      272113.839          -0.000          -0.000          -0.000       272113.839
 
 
  kpoint:      80             coordinate:     0.1293    0.4354    0.0000
 
    n           k   ϵ_nk^DFT (eV)     Σ^c_nk (eV)     Σ^x_nk (eV)    v_nk^xc (eV)   ϵ_nk^G0W0 (eV)
 
    1 (occ)    80         -18.188           7.903         -27.013         -17.538          -19.760
    2 (occ)    80         -12.454           4.878         -22.276         -15.531          -14.320
    3 (occ)    80          -8.798           3.712         -22.268         -16.909          -10.444
    4 (occ)    80          -4.431           2.171         -19.158         -15.807           -5.611
    5 (vir)    80           1.084          -3.721          -5.749         -10.956            2.570
    6 (vir)    80           7.164          -4.559          -5.959         -12.291            8.937
    7 (vir)    80           9.430          -3.273          -2.419          -6.815           10.553
    8 (vir)    80           9.950          -3.384          -2.012          -6.491           11.046
    9 (vir)    80          10.476          -2.950          -1.947          -6.125           11.704
   10 (vir)    80          12.095          -2.627          -0.696          -4.203           12.976
   11 (vir)    80          15.406          -3.031          -1.621          -5.826           16.579
   12 (vir)    80          15.758          -5.744          -4.647         -12.285           17.652
   13 (vir)    80          17.284          -6.515          -4.794         -13.333           19.309
   14 (vir)    80          20.497          -3.560          -1.687          -6.542           21.792
   15 (vir)    80          21.175          -4.325          -1.761          -7.342           22.431
   16 (vir)    80          21.945          -5.510          -2.998         -10.447           23.885
   17 (vir)    80          25.121          -4.017          -1.115          -6.417           26.406
   18 (vir)    80          25.403          -6.005          -3.127         -11.144           27.416
   19 (vir)    80          26.787          -4.731          -2.398          -9.277           28.935
   20 (vir)    80          27.415          -4.406          -2.327          -8.479           29.161
   21 (vir)    80          32.639          -4.566          -1.368          -7.451           34.155
   22 (vir)    80          33.308          -1.863          -1.525          -8.524           38.444
   23 (vir)    80          37.110          -4.416          -3.750         -12.357           41.300
   24 (vir)    80          43.677          -5.995          -1.597          -9.449           45.535
   25 (vir)    80          45.302          -2.313          -2.226         -11.335           52.098
   26 (vir)    80          46.464          -2.907          -2.452         -11.522           52.627
   27 (vir)    80          47.897          -3.542          -2.550         -12.524           54.329
   28 (vir)    80          51.699          -0.562          -3.064         -11.579           59.653
   29 (vir)    80          52.707          -1.177          -1.267          -9.499           59.762
   30 (vir)    80          55.665          -0.063          -1.889         -10.774           64.486
   31 (vir)    80          56.050          -1.186          -2.258         -10.980           63.587
   32 (vir)    80          57.288           1.395          -2.697         -13.065           69.050
   33 (vir)    80          59.324          -0.274          -1.521         -10.812           68.341
   34 (vir)    80          61.601          -8.185          -1.844         -11.877           63.448
   35 (vir)    80          62.788          -0.862          -1.916         -11.251           71.262
   36 (vir)    80          64.793          -1.928          -1.957         -11.912           72.820
   37 (vir)    80          69.969          -1.412          -2.518         -13.133           79.171
   38 (vir)    80          70.492           1.220          -1.495         -11.327           81.544
   39 (vir)    80          73.150          -1.370          -0.424         -11.066           82.422
   40 (vir)    80          82.072           0.433          -2.266         -13.696           93.935
   41 (vir)    80          86.113          -0.438          -2.060         -14.541           98.156
   42 (vir)    80          86.439          -4.222          -1.464         -12.913           93.666
   43 (vir)    80          88.596          -1.377          -2.168         -11.996           97.048
   44 (vir)    80          90.327          -0.147          -1.933         -13.339          101.586
   45 (vir)    80          92.052          -1.260          -1.449         -14.931          104.274
   46 (vir)    80         102.219           0.130          -1.860         -14.118          114.607
   47 (vir)    80         103.642          -0.233          -1.941         -14.932          116.399
   48 (vir)    80         108.258          -2.308          -1.540         -15.243          119.653
   49 (vir)    80         112.142          -2.713          -2.114         -14.821          122.137
   50 (vir)    80         129.766          -0.918          -1.511         -16.118          143.455
   51 (vir)    80         134.421          -3.274          -1.420         -15.748          145.474
   52 (vir)    80         145.186          -0.987          -1.133         -14.475          157.541
   53 (vir)    80         183.137          -0.656          -2.261         -12.345          192.565
   54 (vir)    80         214.817          -0.811          -0.193          -9.367          223.180
   55 (vir)    80         318.026           8.808          -0.899         -17.485          343.421
   56 (vir)    80         522.309          -2.576           1.704         -19.673          541.110
   57 (vir)    80      272113.839          -0.000           0.001          -0.000       272113.839
   58 (vir)    80      272113.839          -0.000          -0.000          -0.000       272113.838
 
 
  kpoint:      81             coordinate:     0.1224    0.4388    0.0000
 
    n           k   ϵ_nk^DFT (eV)     Σ^c_nk (eV)     Σ^x_nk (eV)    v_nk^xc (eV)   ϵ_nk^G0W0 (eV)
 
    1 (occ)    81         -18.203           7.908         -27.010         -17.531          -19.774
    2 (occ)    81         -12.473           4.887         -22.281         -15.525          -14.342
    3 (occ)    81          -8.719           3.689         -22.275         -16.947          -10.357
    4 (occ)    81          -4.453           2.178         -19.148         -15.787           -5.637
    5 (vir)    81           1.082          -3.714          -5.749         -10.948            2.567
    6 (vir)    81           7.053          -4.551          -6.003         -12.330            8.828
    7 (vir)    81           9.395          -3.257          -2.390          -6.761           10.509
    8 (vir)    81           9.988          -3.369          -1.984          -6.443           11.078
    9 (vir)    81          10.431          -2.930          -1.915          -6.063           11.649
   10 (vir)    81          12.079          -2.633          -0.688          -4.198           12.956
   11 (vir)    81          15.491          -3.081          -1.662          -5.930           16.678
   12 (vir)    81          15.786          -5.709          -4.618         -12.183           17.642
   13 (vir)    81          17.348          -6.644          -4.902         -13.617           19.419
   14 (vir)    81          20.666          -3.419          -1.640          -6.469           22.077
   15 (vir)    81          21.192          -4.397          -1.840          -7.520           22.476
   16 (vir)    81          21.917          -5.487          -2.961         -10.441           23.910
   17 (vir)    81          25.169          -4.076          -1.067          -6.405           26.431
   18 (vir)    81          25.496          -5.794          -3.028         -11.037           27.711
   19 (vir)    81          26.744          -4.745          -2.522          -9.292           28.770
   20 (vir)    81          27.385          -4.286          -2.334          -8.371           29.136
   21 (vir)    81          32.592          -4.612          -1.352          -7.391           34.018
   22 (vir)    81          33.315          -1.986          -1.479          -8.784           38.635
   23 (vir)    81          37.014          -5.635          -3.660         -12.229           39.947
   24 (vir)    81          43.562          -3.474          -1.516          -9.341           47.913
   25 (vir)    81          45.487          -2.277          -2.224         -11.365           52.351
   26 (vir)    81          46.733          -2.887          -2.436         -11.531           52.941
   27 (vir)    81          47.954          -3.318          -2.575         -12.547           54.609
   28 (vir)    81          51.574          -0.935          -3.058         -11.478           59.059
   29 (vir)    81          52.718          -1.391          -1.369          -9.725           59.684
   30 (vir)    81          55.525          -0.361          -2.036         -10.542           63.671
   31 (vir)    81          56.411          -1.088          -2.139         -10.737           63.920
   32 (vir)    81          57.252           0.256          -2.752         -13.141           67.896
   33 (vir)    81          59.034          -0.055          -1.536         -10.785           68.228
   34 (vir)    81          61.358           6.016          -1.986         -12.037           77.425
   35 (vir)    81          62.409          -0.858          -1.937         -11.279           70.894
   36 (vir)    81          65.162          -3.260          -1.920         -11.961           71.944
   37 (vir)    81          70.396           1.303          -1.489         -11.312           81.523
   38 (vir)    81          70.600          -2.084          -2.482         -13.183           79.216
   39 (vir)    81          73.452          -1.587          -0.157         -11.089           82.797
   40 (vir)    81          82.059           0.437          -2.299         -13.767           93.963
   41 (vir)    81          86.084          -0.457          -2.047         -14.567           98.146
   42 (vir)    81          86.132          -4.703          -1.361         -12.852           92.921
   43 (vir)    81          88.268          -1.359          -1.881         -11.884           96.912
   44 (vir)    81          90.667          -0.129          -1.896         -13.238          101.879
   45 (vir)    81          91.689          -1.330          -1.412         -14.951          103.898
   46 (vir)    81         102.602           0.136          -1.865         -14.122          114.996
   47 (vir)    81         103.470          -0.410          -1.940         -14.939          116.059
   48 (vir)    81         108.527          -1.974          -1.435         -15.256          120.375
   49 (vir)    81         111.200          -2.583          -1.941         -14.879          121.556
   50 (vir)    81         130.013          -1.084          -1.456         -15.985          143.457
   51 (vir)    81         134.481          -3.746          -1.446         -15.898          145.187
   52 (vir)    81         145.329          -0.755          -1.106         -14.506          157.974
   53 (vir)    81         182.522          -1.472          -1.876         -12.314          191.488
   54 (vir)    81         214.654          -0.563          -0.209          -9.367          223.249
   55 (vir)    81         318.001           8.349          -0.899         -17.487          342.938
   56 (vir)    81         529.132          -1.552           1.113         -19.845          548.538
   57 (vir)    81      272113.839          -0.000           0.001          -0.000       272113.839
   58 (vir)    81      272113.839           0.000          -0.000          -0.000       272113.838
 
 
  kpoint:      82             coordinate:     0.1156    0.4422    0.0000
 
    n           k   ϵ_nk^DFT (eV)     Σ^c_nk (eV)     Σ^x_nk (eV)    v_nk^xc (eV)   ϵ_nk^G0W0 (eV)
 
    1 (occ)    82         -18.217           7.912         -27.007         -17.524          -19.788
    2 (occ)    82         -12.492           4.895         -22.286         -15.520          -14.363
    3 (occ)    82          -8.642           3.667         -22.283         -16.985          -10.273
    4 (occ)    82          -4.474           2.185         -19.139         -15.768           -5.661
    5 (vir)    82           1.079          -3.707          -5.749         -10.940            2.563
    6 (vir)    82           6.945          -4.542          -6.043         -12.362            8.722
    7 (vir)    82           9.362          -3.241          -2.363          -6.709           10.468
    8 (vir)    82          10.023          -3.353          -1.957          -6.394           11.108
    9 (vir)    82          10.388          -2.911          -1.886          -6.007           11.598
   10 (vir)    82          12.064          -2.640          -0.680          -4.194           12.937
   11 (vir)    82          15.583          -3.134          -1.700          -6.036           16.784
   12 (vir)    82          15.813          -5.672          -4.587         -12.080           17.634
   13 (vir)    82          17.408          -6.767          -5.004         -13.888           19.525
   14 (vir)    82          20.822          -3.275          -1.607          -6.413           22.354
   15 (vir)    82          21.193          -4.457          -1.917          -7.685           22.504
   16 (vir)    82          21.901          -5.460          -2.916         -10.440           23.966
   17 (vir)    82          25.195          -4.156          -1.051          -6.453           26.442
   18 (vir)    82          25.591          -5.547          -2.938         -10.899           28.005
   19 (vir)    82          26.709          -4.659          -2.624          -9.323           28.749
   20 (vir)    82          27.401          -4.163          -2.307          -8.211           29.141
   21 (vir)    82          32.555          -4.639          -1.341          -7.336           33.910
   22 (vir)    82          33.289          -2.069          -1.458          -9.020           38.783
   23 (vir)    82          36.902          -5.998          -3.539         -12.125           39.490
   24 (vir)    82          43.512          -2.482          -1.467          -9.240           48.803
   25 (vir)    82          45.668          -2.240          -2.221         -11.393           52.601
   26 (vir)    82          47.000          -2.869          -2.421         -11.542           53.252
   27 (vir)    82          48.007          -3.171          -2.600         -12.571           54.807
   28 (vir)    82          51.444          -1.113          -3.002         -11.372           58.702
   29 (vir)    82          52.673          -1.519          -1.462          -9.895           59.587
   30 (vir)    82          55.375          -0.569          -2.148         -10.330           62.988
   31 (vir)    82          56.808          -0.992          -2.010         -10.573           64.379
   32 (vir)    82          57.222          -0.530          -2.780         -13.203           67.115
   33 (vir)    82          58.787           0.400          -1.567         -10.727           68.347
   34 (vir)    82          61.122           2.862          -2.099         -12.186           74.071
   35 (vir)    82          62.037          -0.820          -1.962         -11.315           70.571
   36 (vir)    82          65.538          -2.872          -1.916         -12.012           72.763
   37 (vir)    82          70.305           1.402          -1.484         -11.298           81.522
   38 (vir)    82          71.230          -3.226          -2.403         -13.234           78.836
   39 (vir)    82          73.771          -1.788           0.078         -11.125           83.186
   40 (vir)    82          82.040           0.442          -2.329         -13.831           93.984
   41 (vir)    82          85.817          -5.196          -1.216         -12.769           92.175
   42 (vir)    82          86.053          -0.476          -2.037         -14.592           98.133
   43 (vir)    82          87.863          -0.698          -1.378         -11.881           97.667
   44 (vir)    82          91.010          -0.112          -1.859         -13.141          102.180
   45 (vir)    82          91.411          -1.457          -1.461         -14.899          103.393
   46 (vir)    82         102.977           0.149          -1.869         -14.128          115.385
   47 (vir)    82         103.306          -0.539          -1.935         -14.943          115.775
   48 (vir)    82         108.717          -1.460          -1.402         -15.301          121.156
   49 (vir)    82         110.464          -4.153          -1.690         -14.890          119.512
   50 (vir)    82         130.201          -1.387          -1.405         -15.835          143.243
   51 (vir)    82         134.602          -4.110          -1.478         -16.064          145.078
   52 (vir)    82         145.466          -0.528          -1.081         -14.537          158.394
   53 (vir)    82         181.980          -2.042          -1.352         -12.280          190.866
   54 (vir)    82         214.487          -0.748          -0.217          -9.367          222.889
   55 (vir)    82         317.974           8.097          -0.898         -17.488          342.661
   56 (vir)    82         535.744          -0.409           0.375         -20.011          555.721
   57 (vir)    82      272113.839          -0.000           0.001          -0.000       272113.839
   58 (vir)    82      272113.839           0.000          -0.000          -0.000       272113.838
 
 
  kpoint:      83             coordinate:     0.1088    0.4456    0.0000
 
    n           k   ϵ_nk^DFT (eV)     Σ^c_nk (eV)     Σ^x_nk (eV)    v_nk^xc (eV)   ϵ_nk^G0W0 (eV)
 
    1 (occ)    83         -18.230           7.916         -27.004         -17.517          -19.801
    2 (occ)    83         -12.509           4.902         -22.291         -15.515          -14.383
    3 (occ)    83          -8.568           3.645         -22.292         -17.022          -10.192
    4 (occ)    83          -4.494           2.192         -19.131         -15.750           -5.683
    5 (vir)    83           1.077          -3.701          -5.748         -10.932            2.560
    6 (vir)    83           6.841          -4.533          -6.078         -12.389            8.618
    7 (vir)    83           9.331          -3.225          -2.337          -6.661           10.429
    8 (vir)    83          10.055          -3.336          -1.930          -6.346           11.134
    9 (vir)    83          10.348          -2.895          -1.860          -5.957           11.551
   10 (vir)    83          12.051          -2.646          -0.673          -4.189           12.921
   11 (vir)    83          15.683          -3.190          -1.737          -6.141           16.897
   12 (vir)    83          15.837          -5.632          -4.553         -11.977           17.630
   13 (vir)    83          17.463          -6.886          -5.102         -14.148           19.623
   14 (vir)    83          20.959          -3.164          -1.601          -6.392           22.587
   15 (vir)    83          21.177          -4.506          -1.993          -7.838           22.515
   16 (vir)    83          21.900          -5.423          -2.857         -10.424           24.044
   17 (vir)    83          25.194          -4.243          -1.067          -6.552           26.436
   18 (vir)    83          25.687          -5.324          -2.860         -10.725           28.227
   19 (vir)    83          26.683          -4.651          -2.693          -9.376           28.714
   20 (vir)    83          27.467          -4.051          -2.246          -8.012           29.183
   21 (vir)    83          32.528          -4.641          -1.333          -7.285           33.838
   22 (vir)    83          33.235          -2.087          -1.472          -9.224           38.900
   23 (vir)    83          36.769          -4.639          -3.413         -12.051           40.768
   24 (vir)    83          43.525          -1.932          -1.461          -9.151           49.283
   25 (vir)    83          45.846          -2.202          -2.216         -11.419           52.847
   26 (vir)    83          47.264          -2.854          -2.408         -11.556           53.559
   27 (vir)    83          48.055          -3.071          -2.625         -12.596           54.954
   28 (vir)    83          51.310          -1.178          -2.888         -11.263           58.507
   29 (vir)    83          52.589          -1.592          -1.539         -10.007           59.466
   30 (vir)    83          55.218          -0.771          -2.205         -10.144           62.386
   31 (vir)    83          57.159          -0.817          -1.850         -10.537           65.029
   32 (vir)    83          57.199          -1.083          -2.786         -13.252           66.583
   33 (vir)    83          58.648           1.216          -1.634         -10.589           68.819
   34 (vir)    83          60.895           0.611          -2.184         -12.324           71.646
   35 (vir)    83          61.679          -0.721          -1.997         -11.360           70.321
   36 (vir)    83          65.920          -2.596          -1.950         -12.062           73.436
   37 (vir)    83          70.219           1.519          -1.479         -11.284           81.543
   38 (vir)    83          71.853          -3.176          -2.309         -13.283           79.652
   39 (vir)    83          74.104          -1.927           0.228         -11.178           83.582
   40 (vir)    83          82.016           0.446          -2.357         -13.889           93.994
   41 (vir)    83          85.495          -5.009          -1.032         -12.661           92.115
   42 (vir)    83          86.021          -0.491          -2.029         -14.616           98.116
   43 (vir)    83          87.390          -0.909          -0.764         -11.983           97.700
   44 (vir)    83          91.221          -1.622          -1.572         -14.780          102.807
   45 (vir)    83          91.356          -0.097          -1.822         -13.047          102.484
   46 (vir)    83         103.151          -0.610          -1.926         -14.946          115.561
   47 (vir)    83         103.343           0.169          -1.873         -14.134          115.773
   48 (vir)    83         108.628          -1.059          -1.574         -15.344          121.339
   49 (vir)    83         110.121          -4.098          -1.274         -14.887          119.636
   50 (vir)    83         130.319          -2.054          -1.359         -15.683          142.589
   51 (vir)    83         134.789          -4.189          -1.516         -16.232          145.316
   52 (vir)    83         145.597          -0.155          -1.061         -14.567          158.948
   53 (vir)    83         181.512          -2.150          -0.797         -12.243          190.807
   54 (vir)    83         214.316          -0.563          -0.219          -9.367          222.901
   55 (vir)    83         317.945           7.859          -0.896         -17.489          342.397
   56 (vir)    83         542.117           0.394          -0.436         -20.171          562.246
   57 (vir)    83      272113.839          -0.000           0.000          -0.000       272113.839
   58 (vir)    83      272113.839           0.000          -0.000          -0.000       272113.838
 
 
  kpoint:      84             coordinate:     0.1020    0.4490    0.0000
 
    n           k   ϵ_nk^DFT (eV)     Σ^c_nk (eV)     Σ^x_nk (eV)    v_nk^xc (eV)   ϵ_nk^G0W0 (eV)
 
    1 (occ)    84         -18.243           7.921         -27.001         -17.510          -19.813
    2 (occ)    84         -12.525           4.909         -22.295         -15.511          -14.401
    3 (occ)    84          -8.497           3.625         -22.300         -17.058          -10.114
    4 (occ)    84          -4.513           2.198         -19.123         -15.733           -5.705
    5 (vir)    84           1.074          -3.695          -5.748         -10.924            2.556
    6 (vir)    84           6.740          -4.523          -6.109         -12.410            8.519
    7 (vir)    84           9.301          -3.210          -2.312          -6.615           10.394
    8 (vir)    84          10.083          -3.318          -1.905          -6.297           11.158
    9 (vir)    84          10.311          -2.880          -1.836          -5.912           11.507
   10 (vir)    84          12.041          -2.653          -0.666          -4.185           12.907
   11 (vir)    84          15.790          -3.248          -1.771          -6.246           17.017
   12 (vir)    84          15.860          -5.588          -4.515         -11.875           17.632
   13 (vir)    84          17.514          -7.002          -5.195         -14.395           19.712
   14 (vir)    84          21.073          -3.125          -1.635          -6.436           22.750
   15 (vir)    84          21.145          -4.543          -2.067          -7.977           22.511
   16 (vir)    84          21.918          -5.376          -2.782         -10.364           24.124
   17 (vir)    84          25.169          -4.324          -1.109          -6.676           26.412
   18 (vir)    84          25.781          -5.161          -2.794         -10.506           28.332
   19 (vir)    84          26.667          -4.762          -2.727          -9.459           28.638
   20 (vir)    84          27.584          -3.962          -2.160          -7.802           29.264
   21 (vir)    84          32.512          -4.615          -1.329          -7.236           33.803
   22 (vir)    84          33.159          -2.049          -1.523          -9.390           38.976
   23 (vir)    84          36.612          -3.556          -3.308         -12.006           41.754
   24 (vir)    84          43.599          -1.571          -1.508          -9.077           49.598
   25 (vir)    84          46.017          -2.165          -2.210         -11.443           53.084
   26 (vir)    84          47.524          -2.842          -2.396         -11.573           53.860
   27 (vir)    84          48.098          -2.995          -2.651         -12.621           55.073
   28 (vir)    84          51.169          -1.167          -2.717         -11.148           58.433
   29 (vir)    84          52.483          -1.630          -1.599         -10.072           59.327
   30 (vir)    84          55.057          -0.998          -2.201          -9.986           61.845
   31 (vir)    84          57.182          -1.473          -2.775         -13.287           66.222
   32 (vir)    84          57.309          -0.808          -1.672         -10.645           65.475
   33 (vir)    84          58.749           1.422          -1.721         -10.347           68.797
   34 (vir)    84          60.678          -0.503          -2.245         -12.448           70.379
   35 (vir)    84          61.348          -0.488          -2.047         -11.416           70.229
   36 (vir)    84          66.307          -2.530          -2.018         -12.110           73.870
   37 (vir)    84          70.139           1.654          -1.475         -11.270           81.588
   38 (vir)    84          72.463          -3.045          -2.224         -13.320           80.515
   39 (vir)    84          74.444          -1.975           0.246         -11.258           83.973
   40 (vir)    84          81.987           0.444          -2.381         -13.940           93.990
   41 (vir)    84          85.164          -1.760          -0.812         -12.524           95.116
   42 (vir)    84          85.987          -0.505          -2.023         -14.638           98.097
   43 (vir)    84          86.869          -1.175          -0.198         -12.167           97.663
   44 (vir)    84          91.108          -1.733          -1.692         -14.621          102.303
   45 (vir)    84          91.701          -0.084          -1.786         -12.956          102.788
   46 (vir)    84         103.008          -0.606          -1.910         -14.946          115.438
   47 (vir)    84         103.702           0.194          -1.877         -14.141          116.160
   48 (vir)    84         108.186          -0.256          -1.730         -15.332          121.533
   49 (vir)    84         110.231          -2.352          -0.951         -14.924          121.852
   50 (vir)    84         130.365          -4.088          -1.320         -15.543          140.500
   51 (vir)    84         135.040          -3.983          -1.560         -16.388          145.885
   52 (vir)    84         145.720           0.456          -1.051         -14.596          159.722
   53 (vir)    84         181.116          -1.875          -0.325         -12.202          191.118
   54 (vir)    84         214.143          -0.544          -0.219          -9.367          222.748
   55 (vir)    84         317.914           7.560          -0.893         -17.491          342.071
   56 (vir)    84         548.223           0.745          -1.228         -20.324          568.065
   57 (vir)    84      272113.839          -0.000           0.000          -0.000       272113.839
   58 (vir)    84      272113.839           0.000          -0.000          -0.000       272113.838
 
 
  kpoint:      85             coordinate:     0.0952    0.4524    0.0000
 
    n           k   ϵ_nk^DFT (eV)     Σ^c_nk (eV)     Σ^x_nk (eV)    v_nk^xc (eV)   ϵ_nk^G0W0 (eV)
 
    1 (occ)    85         -18.255           7.924         -26.998         -17.504          -19.825
    2 (occ)    85         -12.541           4.915         -22.299         -15.506          -14.418
    3 (occ)    85          -8.429           3.606         -22.310         -17.093          -10.040
    4 (occ)    85          -4.531           2.205         -19.116         -15.718           -5.726
    5 (vir)    85           1.072          -3.689          -5.747         -10.917            2.552
    6 (vir)    85           6.645          -4.512          -6.137         -12.427            8.423
    7 (vir)    85           9.274          -3.195          -2.289          -6.572           10.362
    8 (vir)    85          10.109          -3.301          -1.880          -6.251           11.179
    9 (vir)    85          10.277          -2.867          -1.814          -5.872           11.468
   10 (vir)    85          12.032          -2.658          -0.659          -4.181           12.895
   11 (vir)    85          15.880          -5.542          -4.472         -11.775           17.641
   12 (vir)    85          15.904          -3.309          -1.803          -6.350           17.142
   13 (vir)    85          17.561          -7.115          -5.285         -14.630           19.791
   14 (vir)    85          21.098          -4.570          -2.138          -8.102           22.491
   15 (vir)    85          21.158          -3.173          -1.710          -6.568           22.842
   16 (vir)    85          21.959          -5.331          -2.692         -10.233           24.169
   17 (vir)    85          25.122          -4.389          -1.162          -6.801           26.371
   18 (vir)    85          25.874          -5.050          -2.729         -10.235           28.331
   19 (vir)    85          26.662          -4.928          -2.735          -9.581           28.581
   20 (vir)    85          27.748          -3.905          -2.061          -7.605           29.386
   21 (vir)    85          32.506          -4.563          -1.329          -7.190           33.804
   22 (vir)    85          33.066          -1.996          -1.608          -9.519           38.980
   23 (vir)    85          36.432          -3.247          -3.246         -11.990           41.929
   24 (vir)    85          43.728          -1.348          -1.605          -9.021           49.795
   25 (vir)    85          46.180          -2.129          -2.203         -11.463           53.311
   26 (vir)    85          47.778          -2.833          -2.385         -11.592           54.152
   27 (vir)    85          48.137          -2.928          -2.676         -12.647           55.180
   28 (vir)    85          51.019          -1.060          -2.502         -11.027           58.485
   29 (vir)    85          52.367          -1.646          -1.644         -10.101           59.178
   30 (vir)    85          54.898          -1.222          -2.148          -9.858           61.385
   31 (vir)    85          57.171          -1.737          -2.752         -13.310           65.992
   32 (vir)    85          57.214          -0.994          -1.574         -10.732           65.378
   33 (vir)    85          59.094           0.599          -1.716         -10.172           68.149
   34 (vir)    85          60.471          -1.056          -2.289         -12.559           69.685
   35 (vir)    85          61.083           0.183          -2.124         -11.464           70.606
   36 (vir)    85          66.699          -2.817          -2.107         -12.155           73.932
   37 (vir)    85          70.064           1.804          -1.471         -11.255           81.653
   38 (vir)    85          73.052          -3.278          -2.158         -13.336           80.953
   39 (vir)    85          74.786          -1.914           0.103         -11.372           84.347
   40 (vir)    85          81.953           0.434          -2.403         -13.985           93.969
   41 (vir)    85          84.826          -0.414          -0.567         -12.354           96.199
   42 (vir)    85          85.952          -0.517          -2.018         -14.658           98.076
   43 (vir)    85          86.324          -1.240           0.170         -12.408           97.661
   44 (vir)    85          91.058          -1.734          -1.779         -14.449          101.993
   45 (vir)    85          92.043          -0.073          -1.750         -12.868          103.089
   46 (vir)    85         102.876          -0.503          -1.888         -14.946          115.430
   47 (vir)    85         104.056           0.222          -1.879         -14.146          116.545
   48 (vir)    85         107.632          -0.293          -1.811         -15.326          120.854
   49 (vir)    85         110.542          -1.990          -0.810         -14.943          122.685
   50 (vir)    85         130.344          -0.159          -1.292         -15.425          144.318
   51 (vir)    85         135.346          -3.570          -1.608         -16.523          146.691
   52 (vir)    85         145.835           0.664          -1.052         -14.626          160.073
   53 (vir)    85         180.793          -1.237          -0.039         -12.159          191.676
   54 (vir)    85         213.971          -0.677          -0.222          -9.367          222.439
   55 (vir)    85         317.882           7.238          -0.892         -17.492          341.721
   56 (vir)    85         554.037           0.827          -1.912         -20.470          573.423
   57 (vir)    85      272113.839          -0.000           0.000          -0.000       272113.839
   58 (vir)    85      272113.839           0.000          -0.000          -0.000       272113.839
 
 
  kpoint:      86             coordinate:     0.0884    0.4558    0.0000
 
    n           k   ϵ_nk^DFT (eV)     Σ^c_nk (eV)     Σ^x_nk (eV)    v_nk^xc (eV)   ϵ_nk^G0W0 (eV)
 
    1 (occ)    86         -18.266           7.928         -26.996         -17.499          -19.836
    2 (occ)    86         -12.555           4.921         -22.302         -15.502          -14.434
    3 (occ)    86          -8.365           3.588         -22.319         -17.126           -9.970
    4 (occ)    86          -4.548           2.210         -19.110         -15.703           -5.745
    5 (vir)    86           1.069          -3.684          -5.746         -10.910            2.548
    6 (vir)    86           6.554          -4.500          -6.162         -12.441            8.332
    7 (vir)    86           9.248          -3.180          -2.267          -6.532           10.333
    8 (vir)    86          10.132          -3.284          -1.857          -6.206           11.197
    9 (vir)    86          10.245          -2.854          -1.795          -5.837           11.432
   10 (vir)    86          12.025          -2.664          -0.653          -4.177           12.885
   11 (vir)    86          15.898          -5.496          -4.426         -11.677           17.653
   12 (vir)    86          16.025          -3.372          -1.832          -6.453           17.274
   13 (vir)    86          17.604          -7.225          -5.372         -14.853           19.860
   14 (vir)    86          21.036          -4.587          -2.207          -8.213           22.455
   15 (vir)    86          21.214          -3.289          -1.812          -6.772           22.885
   16 (vir)    86          22.022          -5.319          -2.607         -10.046           24.141
   17 (vir)    86          25.060          -4.437          -1.216          -6.910           26.317
   18 (vir)    86          25.964          -4.952          -2.650          -9.911           28.272
   19 (vir)    86          26.671          -5.103          -2.737          -9.746           28.577
   20 (vir)    86          27.953          -3.881          -1.962          -7.440           29.550
   21 (vir)    86          32.512          -4.487          -1.334          -7.145           33.837
   22 (vir)    86          32.962          -2.010          -1.718          -9.611           38.845
   23 (vir)    86          36.235          -3.501          -3.240         -12.000           41.493
   24 (vir)    86          43.902          -1.272          -1.740          -8.981           49.870
   25 (vir)    86          46.332          -2.095          -2.196         -11.479           53.520
   26 (vir)    86          48.024          -2.829          -2.375         -11.615           54.434
   27 (vir)    86          48.171          -2.856          -2.701         -12.672           55.287
   28 (vir)    86          50.858          -0.701          -2.271         -10.901           58.788
   29 (vir)    86          52.250          -1.648          -1.677         -10.104           59.029
   30 (vir)    86          54.743          -1.330          -2.065          -9.758           61.106
   31 (vir)    86          56.995          -1.038          -1.540         -10.752           65.168
   32 (vir)    86          57.165          -1.902          -2.723         -13.321           65.862
   33 (vir)    86          59.441           0.301          -1.648         -10.230           68.324
   34 (vir)    86          60.272          -1.338          -2.324         -12.658           69.268
   35 (vir)    86          61.005           2.677          -2.212         -11.377           72.847
   36 (vir)    86          67.096          -3.262          -2.200         -12.196           73.830
   37 (vir)    86          69.996           1.962          -1.468         -11.241           81.730
   38 (vir)    86          73.615          -3.759          -2.103         -13.319           81.073
   39 (vir)    86          75.123          -1.749          -0.206         -11.533           84.701
   40 (vir)    86          81.913           0.412          -2.422         -14.024           93.927
   41 (vir)    86          84.480          -0.600          -0.321         -12.150           95.709
   42 (vir)    86          85.776          -1.196           0.246         -12.688           97.515
   43 (vir)    86          85.917          -0.526          -2.015         -14.678           98.054
   44 (vir)    86          91.058          -1.709          -1.822         -14.280          101.807
   45 (vir)    86          92.380          -0.065          -1.715         -12.783          103.383
   46 (vir)    86         102.756          -0.290          -1.863         -14.944          115.546
   47 (vir)    86         104.408           0.251          -1.879         -14.149          116.929
   48 (vir)    86         107.086          -0.595          -1.892         -15.327          119.925
   49 (vir)    86         110.923          -1.816          -0.783         -14.942          123.266
   50 (vir)    86         130.265           4.225          -1.278         -15.332          148.544
   51 (vir)    86         135.693          -2.561          -1.657         -16.635          148.110
   52 (vir)    86         145.941           0.700          -1.066         -14.656          160.231
   53 (vir)    86         180.539          -0.533          -0.008         -12.112          192.110
   54 (vir)    86         213.801          -0.872          -0.232          -9.367          222.064
   55 (vir)    86         317.849           6.942          -0.890         -17.493          341.394
   56 (vir)    86         559.535           0.567          -2.409         -20.608          578.301
   57 (vir)    86      272113.839           0.000          -0.000          -0.000       272113.839
   58 (vir)    86      272113.839          -0.000           0.000          -0.000       272113.839
 
 
  kpoint:      87             coordinate:     0.0816    0.4592    0.0000
 
    n           k   ϵ_nk^DFT (eV)     Σ^c_nk (eV)     Σ^x_nk (eV)    v_nk^xc (eV)   ϵ_nk^G0W0 (eV)
 
    1 (occ)    87         -18.277           7.931         -26.994         -17.494          -19.846
    2 (occ)    87         -12.568           4.927         -22.305         -15.499          -14.448
    3 (occ)    87          -8.304           3.571         -22.328         -17.158           -9.903
    4 (occ)    87          -4.564           2.216         -19.104         -15.690           -5.762
    5 (vir)    87           1.066          -3.679          -5.745         -10.903            2.545
    6 (vir)    87           6.468          -4.489          -6.183         -12.450            8.247
    7 (vir)    87           9.225          -3.166          -2.246          -6.495           10.308
    8 (vir)    87          10.152          -3.267          -1.836          -6.164           11.214
    9 (vir)    87          10.215          -2.843          -1.779          -5.806           11.399
   10 (vir)    87          12.020          -2.669          -0.648          -4.173           12.876
   11 (vir)    87          15.915          -5.451          -4.379         -11.582           17.667
   12 (vir)    87          16.152          -3.437          -1.857          -6.553           17.411
   13 (vir)    87          17.643          -7.331          -5.455         -15.064           19.921
   14 (vir)    87          20.961          -4.594          -2.273          -8.311           22.405
   15 (vir)    87          21.246          -3.423          -1.916          -6.996           22.903
   16 (vir)    87          22.100          -5.358          -2.548          -9.850           24.044
   17 (vir)    87          24.989          -4.469          -1.266          -6.999           26.253
   18 (vir)    87          26.048          -4.841          -2.541          -9.541           28.206
   19 (vir)    87          26.692          -5.286          -2.754          -9.950           28.602
   20 (vir)    87          28.191          -3.887          -1.869          -7.315           29.750
   21 (vir)    87          32.532          -4.392          -1.342          -7.099           33.898
   22 (vir)    87          32.851          -2.224          -1.842          -9.669           38.454
   23 (vir)    87          36.023          -5.227          -3.292         -12.034           39.538
   24 (vir)    87          44.113          -3.982          -1.885          -8.956           47.202
   25 (vir)    87          46.470          -2.063          -2.187         -11.487           53.707
   26 (vir)    87          48.202          -2.770          -2.726         -12.696           55.403
   27 (vir)    87          48.259          -2.828          -2.366         -11.639           54.705
   28 (vir)    87          50.685           0.309          -2.056         -10.769           59.707
   29 (vir)    87          52.142          -1.644          -1.700         -10.091           58.889
   30 (vir)    87          54.598          -1.233          -1.972          -9.684           61.077
   31 (vir)    87          56.732          -1.017          -1.528         -10.742           64.929
   32 (vir)    87          57.164          -2.001          -2.689         -13.324           65.799
   33 (vir)    87          59.509          -0.343          -1.676         -10.608           68.098
   34 (vir)    87          60.082          -1.477          -2.355         -12.744           68.995
   35 (vir)    87          61.314          -8.673          -2.192         -11.026           61.474
   36 (vir)    87          67.496          -3.171          -2.280         -12.231           74.277
   37 (vir)    87          69.935           2.115          -1.466         -11.225           81.809
   38 (vir)    87          74.146          -4.041          -2.037         -13.254           81.322
   39 (vir)    87          75.446          -1.547          -0.642         -11.751           85.008
   40 (vir)    87          81.867           0.375          -2.438         -14.056           93.861
   41 (vir)    87          84.129          -0.780          -0.126         -11.922           95.144
   42 (vir)    87          85.245          -1.003           0.014         -12.992           97.247
   43 (vir)    87          85.882          -0.533          -2.014         -14.697           98.032
   44 (vir)    87          91.097          -1.731          -1.830         -14.122          101.659
   45 (vir)    87          92.708          -0.060          -1.681         -12.701          103.668
   46 (vir)    87         102.647          -0.040          -1.839         -14.942          115.710
   47 (vir)    87         104.761           0.278          -1.878         -14.149          117.310
   48 (vir)    87         106.578          -0.897          -1.985         -15.328          119.023
   49 (vir)    87         111.333          -1.652          -0.850         -14.931          123.762
   50 (vir)    87         130.139           2.075          -1.278         -15.262          146.198
   51 (vir)    87         136.068          -3.749          -1.702         -16.726          147.343
   52 (vir)    87         146.037           0.653          -1.088         -14.685          160.287
   53 (vir)    87         180.351          -0.416          -0.250         -12.064          191.750
   54 (vir)    87         213.634          -1.069          -0.251          -9.367          221.681
   55 (vir)    87         317.816           6.700          -0.891         -17.495          341.120
   56 (vir)    87         564.694          -0.031          -2.667         -20.738          582.733
   57 (vir)    87      272113.839           0.000          -0.000          -0.000       272113.839
   58 (vir)    87      272113.839          -0.000           0.000          -0.000       272113.839
 
 
  kpoint:      88             coordinate:     0.0748    0.4626    0.0000
 
    n           k   ϵ_nk^DFT (eV)     Σ^c_nk (eV)     Σ^x_nk (eV)    v_nk^xc (eV)   ϵ_nk^G0W0 (eV)
 
    1 (occ)    88         -18.287           7.935         -26.992         -17.489          -19.855
    2 (occ)    88         -12.581           4.932         -22.308         -15.495          -14.461
    3 (occ)    88          -8.247           3.556         -22.338         -17.188           -9.841
    4 (occ)    88          -4.578           2.221         -19.099         -15.678           -5.779
    5 (vir)    88           1.063          -3.674          -5.744         -10.896            2.541
    6 (vir)    88           6.386          -4.476          -6.203         -12.457            8.165
    7 (vir)    88           9.194          -3.138          -2.202          -6.427           10.282
    8 (vir)    88          10.170          -3.251          -1.816          -6.124           11.228
    9 (vir)    88          10.185          -2.829          -1.768          -5.786           11.374
   10 (vir)    88          12.016          -2.673          -0.642          -4.169           12.870
   11 (vir)    88          15.866          -5.380          -4.298         -11.378           17.566
   12 (vir)    88          16.285          -3.504          -1.879          -6.650           17.552
   13 (vir)    88          17.679          -7.434          -5.537         -15.270           19.978
   14 (vir)    88          20.873          -4.591          -2.337          -8.396           22.340
   15 (vir)    88          21.238          -3.432          -1.903          -7.127           23.029
   16 (vir)    88          22.168          -5.397          -2.427          -9.540           23.883
   17 (vir)    88          24.915          -4.488          -1.307          -7.066           26.186
   18 (vir)    88          25.185          -3.515          -2.085          -7.977           27.562
   19 (vir)    88          26.631          -5.740          -3.019         -10.724           28.595
   20 (vir)    88          28.456          -3.918          -1.784          -7.230           29.984
   21 (vir)    88          32.568          -4.281          -1.356          -7.053           33.983
   22 (vir)    88          32.704          -3.081          -1.910          -9.768           37.482
   23 (vir)    88          35.462          -2.111          -3.647         -11.654           41.357
   24 (vir)    88          40.186          -1.275          -2.350          -7.817           44.377
   25 (vir)    88          46.590          -2.034          -2.177         -11.486           53.865
   26 (vir)    88          48.067          -3.040          -2.459         -12.149           54.717
   27 (vir)    88          48.482          -2.830          -2.358         -11.666           54.961
   28 (vir)    88          48.905          -1.372          -2.840         -11.199           55.893
   29 (vir)    88          52.050          -1.637          -1.715         -10.070           58.768
   30 (vir)    88          53.938          -0.651          -1.712          -9.790           61.365
   31 (vir)    88          56.456          -0.987          -1.522         -10.717           64.664
   32 (vir)    88          56.968          -2.439          -2.795         -13.206           64.939
   33 (vir)    88          58.255          -3.432          -2.949         -13.079           64.952
   34 (vir)    88          59.321          -0.791          -1.763         -10.925           67.692
   35 (vir)    88          61.962          -7.686          -2.117         -10.772           62.931
   36 (vir)    88          67.701          -2.934          -2.038         -12.161           74.891
   37 (vir)    88          69.882           2.244          -1.465         -11.208           81.870
   38 (vir)    88          72.918          -2.497          -3.041         -12.893           80.272
   39 (vir)    88          75.326          -7.731          -0.913         -11.684           78.366
   40 (vir)    88          81.815           0.323          -2.451         -14.082           93.768
   41 (vir)    88          82.887          -1.360          -5.438         -15.218           91.307
   42 (vir)    88          83.842          -0.932           0.348         -11.248           94.507
   43 (vir)    88          85.846          -0.538          -2.014         -14.715           98.008
   44 (vir)    88          87.430          -0.548          -1.810         -12.185           97.257
   45 (vir)    88          93.024          -0.058          -1.649         -12.622          103.940
   46 (vir)    88         102.410          -0.698          -1.671         -14.963          115.004
   47 (vir)    88         104.429          -0.778          -4.373         -14.369          113.648
   48 (vir)    88         105.119           0.294          -1.874         -14.144          117.684
   49 (vir)    88         109.357           0.629          -2.507         -14.130          121.608
   50 (vir)    88         116.056           0.562         -11.758         -14.002          118.861
   51 (vir)    88         133.185          -0.553          -2.562         -14.940          145.010
   52 (vir)    88         140.960           0.213          -7.336         -16.423          150.260
   53 (vir)    88         146.696          -0.382          -2.210         -14.751          158.855
   54 (vir)    88         184.936           0.155          -5.736         -11.835          191.190
   55 (vir)    88         213.554          -1.244          -0.188          -9.328          221.450
   56 (vir)    88         317.787           5.840          -0.890         -17.496          340.232
   57 (vir)    88         573.074           0.013          -3.330         -20.960          590.716
   58 (vir)    88      272113.839          -0.000           0.000          -0.000       272113.839
 
 
  kpoint:      89             coordinate:     0.0680    0.4660    0.0000
 
    n           k   ϵ_nk^DFT (eV)     Σ^c_nk (eV)     Σ^x_nk (eV)    v_nk^xc (eV)   ϵ_nk^G0W0 (eV)
 
    1 (occ)    89         -18.296           7.937         -26.990         -17.484          -19.864
    2 (occ)    89         -12.592           4.936         -22.310         -15.492          -14.474
    3 (occ)    89          -8.195           3.542         -22.347         -17.216           -9.783
    4 (occ)    89          -4.592           2.226         -19.094         -15.667           -5.794
    5 (vir)    89           1.061          -3.670          -5.743         -10.890            2.538
    6 (vir)    89           6.312          -4.465          -6.219         -12.462            8.090
    7 (vir)    89           9.175          -3.128          -2.188          -6.401           10.260
    8 (vir)    89          10.161          -2.820          -1.754          -5.760           11.347
    9 (vir)    89          10.186          -3.236          -1.798          -6.088           11.240
   10 (vir)    89          12.014          -2.676          -0.637          -4.165           12.865
   11 (vir)    89          15.888          -5.368          -4.269         -11.312           17.563
   12 (vir)    89          16.423          -3.573          -1.897          -6.743           17.696
   13 (vir)    89          17.711          -7.523          -5.607         -15.447           20.028
   14 (vir)    89          20.773          -4.580          -2.397          -8.468           22.263
   15 (vir)    89          21.246          -3.526          -2.000          -7.304           23.026
   16 (vir)    89          22.261          -5.446          -2.442          -9.448           23.822
   17 (vir)    89          24.840          -4.496          -1.341          -7.115           26.118
   18 (vir)    89          25.260          -3.078          -2.063          -7.708           27.827
   19 (vir)    89          26.711          -5.694          -3.048         -10.787           28.756
   20 (vir)    89          28.738          -3.967          -1.707          -7.184           30.249
   21 (vir)    89          32.597          -3.968          -2.045          -9.770           36.354
   22 (vir)    89          32.622          -4.158          -1.375          -7.004           34.094
   23 (vir)    89          35.222          -2.008          -3.827         -11.738           41.125
   24 (vir)    89          40.470          -1.499          -2.877          -7.788           43.882
   25 (vir)    89          46.688          -2.008          -2.167         -11.473           53.985
   26 (vir)    89          48.079          -2.983          -2.480         -12.007           54.623
   27 (vir)    89          48.690          -2.834          -2.349         -11.695           55.203
   28 (vir)    89          48.767          -1.441          -3.045         -11.305           55.586
   29 (vir)    89          51.983          -1.631          -1.724         -10.048           58.676
   30 (vir)    89          53.914          -0.615          -1.695          -9.768           61.372
   31 (vir)    89          56.180          -0.966          -1.518         -10.680           64.376
   32 (vir)    89          56.928          -2.560          -2.817         -13.205           64.757
   33 (vir)    89          58.323          -3.189          -3.001         -13.110           65.243
   34 (vir)    89          59.033          -0.958          -1.829         -11.108           67.355
   35 (vir)    89          62.782          -7.411          -2.068         -10.682           63.985
   36 (vir)    89          68.085          -2.193          -2.106         -12.162           75.949
   37 (vir)    89          69.841           2.321          -1.464         -11.187           81.884
   38 (vir)    89          73.455          -2.165          -3.529         -12.899           80.661
   39 (vir)    89          75.483          -3.296          -1.221         -11.823           82.788
   40 (vir)    89          81.754           0.253          -2.462         -14.102           93.647
   41 (vir)    89          82.655          -1.615          -5.612         -15.121           90.549
   42 (vir)    89          83.509          -0.642          -0.059         -11.189           93.998
   43 (vir)    89          85.810          -0.542          -2.016         -14.732           97.985
   44 (vir)    89          87.470          -2.011          -2.960         -12.213           94.712
   45 (vir)    89          93.326          -0.060          -1.618         -12.547          104.195
   46 (vir)    89         102.318          -1.833          -1.833         -14.940          113.593
   47 (vir)    89         103.989          -0.605          -5.518         -14.197          112.063
   48 (vir)    89         105.486           0.294          -1.867         -14.133          118.046
   49 (vir)    89         109.050           0.877          -6.009         -13.832          117.750
   50 (vir)    89         115.184           0.600         -12.055         -14.234          117.963
   51 (vir)    89         132.766          -0.572          -3.315         -14.889          143.769
   52 (vir)    89         140.805          -0.015          -8.017         -16.699          149.472
   53 (vir)    89         146.604          -1.309          -2.076         -14.788          158.007
   54 (vir)    89         184.279           0.759          -5.771         -11.802          191.069
   55 (vir)    89         213.385          -0.026          -0.242          -9.335          222.452
   56 (vir)    89         317.753           6.182          -0.893         -17.497          340.539
   57 (vir)    89         577.086          -0.380          -2.765         -21.058          595.000
   58 (vir)    89      272113.839           0.000           0.000          -0.000       272113.839
 
 
  kpoint:      90             coordinate:     0.0612    0.4694    0.0000
 
    n           k   ϵ_nk^DFT (eV)     Σ^c_nk (eV)     Σ^x_nk (eV)    v_nk^xc (eV)   ϵ_nk^G0W0 (eV)
 
    1 (occ)    90         -18.304           7.940         -26.988         -17.480          -19.872
    2 (occ)    90         -12.602           4.940         -22.312         -15.489          -14.485
    3 (occ)    90          -8.146           3.529         -22.356         -17.243           -9.730
    4 (occ)    90          -4.604           2.230         -19.090         -15.657           -5.808
    5 (vir)    90           1.058          -3.666          -5.742         -10.884            2.534
    6 (vir)    90           6.244          -4.455          -6.233         -12.465            8.021
    7 (vir)    90           9.158          -3.119          -2.177          -6.378           10.240
    8 (vir)    90          10.139          -2.813          -1.743          -5.738           11.322
    9 (vir)    90          10.200          -3.223          -1.782          -6.056           11.250
   10 (vir)    90          12.013          -2.679          -0.633          -4.161           12.862
   11 (vir)    90          15.908          -5.347          -4.237         -11.250           17.574
   12 (vir)    90          16.566          -3.643          -1.910          -6.832           17.844
   13 (vir)    90          17.740          -7.603          -5.672         -15.611           20.076
   14 (vir)    90          20.663          -4.561          -2.456          -8.529           22.175
   15 (vir)    90          21.247          -3.595          -2.075          -7.433           23.010
   16 (vir)    90          22.352          -5.454          -2.488          -9.407           23.817
   17 (vir)    90          24.769          -4.498          -1.367          -7.150           26.054
   18 (vir)    90          25.339          -2.757          -2.002          -7.455           28.035
   19 (vir)    90          26.790          -5.516          -3.067         -10.839           29.046
   20 (vir)    90          29.029          -4.023          -1.637          -7.172           30.541
   21 (vir)    90          32.492          -4.594          -2.174          -9.745           35.468
   22 (vir)    90          32.698          -4.020          -1.400          -6.953           34.231
   23 (vir)    90          34.992          -2.003          -3.955         -11.848           40.882
   24 (vir)    90          40.758          -1.452          -3.276          -7.759           43.790
   25 (vir)    90          46.758          -1.986          -2.155         -11.445           54.063
   26 (vir)    90          48.078          -2.924          -2.462         -11.781           54.473
   27 (vir)    90          48.640          -1.610          -3.160         -11.503           55.374
   28 (vir)    90          48.881          -2.837          -2.339         -11.723           55.429
   29 (vir)    90          51.946          -1.628          -1.729         -10.033           58.622
   30 (vir)    90          53.896          -0.673          -1.662          -9.746           61.307
   31 (vir)    90          55.910          -0.957          -1.514         -10.631           64.069
   32 (vir)    90          56.891          -2.650          -2.821         -13.204           64.624
   33 (vir)    90          58.389          -3.088          -2.967         -13.140           65.474
   34 (vir)    90          58.713          -1.033          -1.877         -11.233           67.037
   35 (vir)    90          63.699          -6.757          -2.042         -10.682           65.582
   36 (vir)    90          68.469          -1.936          -2.188         -12.156           76.502
   37 (vir)    90          69.812           2.300          -1.466         -11.160           81.807
   38 (vir)    90          73.992          -1.741          -3.913         -12.904           81.243
   39 (vir)    90          75.602          -3.079          -1.426         -11.983           83.081
   40 (vir)    90          81.684           0.166          -2.471         -14.117           93.496
   41 (vir)    90          82.399          -1.812          -5.122         -14.889           90.355
   42 (vir)    90          83.216          -0.414          -0.720         -11.266           93.349
   43 (vir)    90          85.774          -0.544          -2.019         -14.749           97.961
   44 (vir)    90          87.583          -1.329          -4.063         -12.235           94.425
   45 (vir)    90          93.608          -0.066          -1.589         -12.477          104.430
   46 (vir)    90         102.222          -1.979          -2.210         -14.882          112.914
   47 (vir)    90         103.512          -0.339          -6.531         -13.967          110.610
   48 (vir)    90         105.867           0.266          -1.856         -14.114          118.391
   49 (vir)    90         108.484           1.433          -9.619         -13.627          113.924
   50 (vir)    90         114.610           0.189          -9.408         -14.494          119.885
   51 (vir)    90         132.334          -0.479          -3.730         -14.874          142.999
   52 (vir)    90         140.736          -0.250          -7.544         -16.911          149.854
   53 (vir)    90         146.551          -1.579          -1.871         -14.815          157.915
   54 (vir)    90         183.651           1.350          -5.050         -11.771          191.722
   55 (vir)    90         213.226          -0.792          -0.294          -9.342          221.482
   56 (vir)    90         317.721           6.491          -0.898         -17.498          340.812
   57 (vir)    90         580.749          -1.275          -2.021         -21.148          598.602
   58 (vir)    90      272113.839           0.000           0.000          -0.000       272113.839
 
 
  kpoint:      91             coordinate:     0.0544    0.4728    0.0000
 
    n           k   ϵ_nk^DFT (eV)     Σ^c_nk (eV)     Σ^x_nk (eV)    v_nk^xc (eV)   ϵ_nk^G0W0 (eV)
 
    1 (occ)    91         -18.311           7.942         -26.986         -17.477          -19.879
    2 (occ)    91         -12.611           4.944         -22.314         -15.487          -14.495
    3 (occ)    91          -8.102           3.517         -22.364         -17.267           -9.682
    4 (occ)    91          -4.615           2.234         -19.087         -15.648           -5.820
    5 (vir)    91           1.056          -3.662          -5.742         -10.879            2.531
    6 (vir)    91           6.183          -4.446          -6.245         -12.467            7.959
    7 (vir)    91           9.143          -3.110          -2.167          -6.357           10.222
    8 (vir)    91          10.120          -2.808          -1.733          -5.719           11.299
    9 (vir)    91          10.211          -3.211          -1.768          -6.027           11.259
   10 (vir)    91          12.013          -2.682          -0.629          -4.157           12.860
   11 (vir)    91          15.927          -5.318          -4.203         -11.192           17.597
   12 (vir)    91          16.711          -3.715          -1.919          -6.915           17.992
   13 (vir)    91          17.766          -7.675          -5.732         -15.762           20.121
   14 (vir)    91          20.544          -4.533          -2.512          -8.579           22.078
   15 (vir)    91          21.242          -3.641          -2.132          -7.521           22.991
   16 (vir)    91          22.436          -5.407          -2.547          -9.402           23.885
   17 (vir)    91          24.704          -4.495          -1.387          -7.173           25.995
   18 (vir)    91          25.422          -2.582          -1.901          -7.223           28.162
   19 (vir)    91          26.866          -5.334          -3.072         -10.880           29.340
   20 (vir)    91          29.319          -4.077          -1.572          -7.188           30.857
   21 (vir)    91          32.393          -4.951          -2.281          -9.694           34.855
   22 (vir)    91          32.800          -3.866          -1.432          -6.903           34.405
   23 (vir)    91          34.775          -2.063          -4.032         -11.979           40.658
   24 (vir)    91          41.043          -1.349          -3.475          -7.731           43.950
   25 (vir)    91          46.799          -1.967          -2.143         -11.401           54.091
   26 (vir)    91          48.060          -2.876          -2.390         -11.443           54.237
   27 (vir)    91          48.534          -1.864          -3.199         -11.820           55.291
   28 (vir)    91          49.055          -2.839          -2.327         -11.752           55.641
   29 (vir)    91          51.943          -1.628          -1.731         -10.030           58.614
   30 (vir)    91          53.883          -0.834          -1.627          -9.726           61.148
   31 (vir)    91          55.650          -0.965          -1.509         -10.570           63.746
   32 (vir)    91          56.856          -2.748          -2.803         -13.203           64.509
   33 (vir)    91          58.386          -1.082          -1.917         -11.337           66.724
   34 (vir)    91          58.451          -3.036          -2.880         -13.169           65.704
   35 (vir)    91          64.678           3.543          -2.029         -10.737           76.929
   36 (vir)    91          68.850          -1.849          -2.267         -12.143           76.877
   37 (vir)    91          69.803           2.104          -1.471         -11.124           81.560
   38 (vir)    91          74.515          -1.329          -4.094         -12.889           81.982
   39 (vir)    91          75.694          -2.794          -1.490         -12.180           83.590
   40 (vir)    91          81.603           0.065          -2.476         -14.125           93.316
   41 (vir)    91          82.108          -1.941          -4.302         -14.522           90.387
   42 (vir)    91          82.980           0.061          -1.419         -11.483           93.107
   43 (vir)    91          85.738          -0.544          -2.023         -14.766           97.937
   44 (vir)    91          87.781          -0.718          -4.851         -12.247           94.459
   45 (vir)    91          93.869          -0.076          -1.562         -12.412          104.643
   46 (vir)    91         102.087          -1.532          -3.297         -14.665          111.923
   47 (vir)    91         102.997          -0.234          -6.694         -13.778          109.847
   48 (vir)    91         106.266           0.203          -1.842         -14.084          118.712
   49 (vir)    91         107.720           1.598         -11.022         -13.636          111.932
   50 (vir)    91         114.326          -0.385          -5.935         -14.682          122.688
   51 (vir)    91         131.907          -0.448          -3.737         -14.883          142.605
   52 (vir)    91         140.727          -0.560          -6.405         -17.072          150.835
   53 (vir)    91         146.520          -1.370          -1.677         -14.837          158.310
   54 (vir)    91         183.062           1.532          -3.821         -11.744          192.516
   55 (vir)    91         213.079          -0.934          -0.332          -9.348          221.161
   56 (vir)    91         317.690           6.853          -0.903         -17.499          341.138
   57 (vir)    91         584.052          -2.032          -1.269         -21.229          601.979
   58 (vir)    91      272113.839           0.000           0.000          -0.000       272113.839
 
 
  kpoint:      92             coordinate:     0.0476    0.4762    0.0000
 
    n           k   ϵ_nk^DFT (eV)     Σ^c_nk (eV)     Σ^x_nk (eV)    v_nk^xc (eV)   ϵ_nk^G0W0 (eV)
 
    1 (occ)    92         -18.318           7.945         -26.985         -17.474          -19.885
    2 (occ)    92         -12.619           4.948         -22.316         -15.484          -14.503
    3 (occ)    92          -8.063           3.507         -22.371         -17.288           -9.639
    4 (occ)    92          -4.625           2.237         -19.083         -15.640           -5.831
    5 (vir)    92           1.054          -3.659          -5.741         -10.875            2.529
    6 (vir)    92           6.128          -4.439          -6.254         -12.467            7.903
    7 (vir)    92           9.130          -3.103          -2.159          -6.339           10.207
    8 (vir)    92          10.103          -2.805          -1.724          -5.703           11.277
    9 (vir)    92          10.221          -3.200          -1.755          -6.001           11.267
   10 (vir)    92          12.014          -2.684          -0.625          -4.154           12.859
   11 (vir)    92          15.943          -5.282          -4.171         -11.139           17.629
   12 (vir)    92          16.856          -3.788          -1.922          -6.992           18.138
   13 (vir)    92          17.788          -7.738          -5.786         -15.898           20.162
   14 (vir)    92          20.420          -4.499          -2.566          -8.620           21.975
   15 (vir)    92          21.236          -3.669          -2.172          -7.580           22.975
   16 (vir)    92          22.512          -5.316          -2.599          -9.420           24.017
   17 (vir)    92          24.645          -4.488          -1.402          -7.190           25.944
   18 (vir)    92          25.505          -2.542          -1.764          -7.014           28.213
   19 (vir)    92          26.937          -5.264          -3.061         -10.914           29.526
   20 (vir)    92          29.595          -4.119          -1.512          -7.224           31.188
   21 (vir)    92          32.301          -5.100          -2.352          -9.622           34.472
   22 (vir)    92          32.930          -3.689          -1.470          -6.854           34.626
   23 (vir)    92          34.573          -2.166          -4.072         -12.125           40.461
   24 (vir)    92          41.318          -1.286          -3.417          -7.702           44.317
   25 (vir)    92          46.809          -1.952          -2.129         -11.342           54.070
   26 (vir)    92          48.017          -2.859          -2.261         -11.039           53.936
   27 (vir)    92          48.455          -2.201          -3.193         -12.210           55.271
   28 (vir)    92          49.211          -2.839          -2.314         -11.781           55.839
   29 (vir)    92          51.974          -1.626          -1.732         -10.041           58.658
   30 (vir)    92          53.875          -1.203          -1.602          -9.706           60.776
   31 (vir)    92          55.407          -0.990          -1.502         -10.492           63.406
   32 (vir)    92          56.823          -2.889          -2.757         -13.203           64.380
   33 (vir)    92          58.063          -1.127          -1.953         -11.436           66.420
   34 (vir)    92          58.506          -2.936          -2.775         -13.195           65.991
   35 (vir)    92          65.687           1.737          -2.020         -10.838           76.243
   36 (vir)    92          69.225          -1.863          -2.323         -12.122           77.161
   37 (vir)    92          69.824           1.616          -1.484         -11.071           81.027
   38 (vir)    92          74.977          -0.986          -3.887         -12.795           82.899
   39 (vir)    92          75.799          -2.717          -1.540         -12.470           84.012
   40 (vir)    92          81.510          -0.046          -2.479         -14.127           93.112
   41 (vir)    92          81.782          -1.986          -3.525         -14.139           90.410
   42 (vir)    92          82.804           0.189          -1.872         -11.731           92.853
   43 (vir)    92          85.702          -0.542          -2.029         -14.782           97.914
   44 (vir)    92          88.073          -0.297          -5.098         -12.250           94.928
   45 (vir)    92          94.105          -0.090          -1.538         -12.352          104.829
   46 (vir)    92         101.770          -0.117          -6.240         -13.782          109.195
   47 (vir)    92         102.544          -1.124          -4.219         -14.139          111.340
   48 (vir)    92         106.683           0.101          -1.823         -14.044          119.006
   49 (vir)    92         106.897           1.068          -9.468         -13.873          112.369
   50 (vir)    92         114.250          -0.854          -3.218         -14.778          124.956
   51 (vir)    92         131.501          -0.537          -3.384         -14.906          142.486
   52 (vir)    92         140.758          -0.913          -4.998         -17.193          152.041
   53 (vir)    92         146.503          -1.137          -1.512         -14.855          158.709
   54 (vir)    92         182.517           1.291          -2.376         -11.720          193.152
   55 (vir)    92         212.945          -0.961          -0.343          -9.353          220.994
   56 (vir)    92         317.661           7.401          -0.908         -17.500          341.654
   57 (vir)    92         586.987          -2.394          -0.655         -21.301          605.238
   58 (vir)    92      272113.839           0.000           0.000          -0.000       272113.839
 
 
  kpoint:      93             coordinate:     0.0408    0.4796    0.0000
 
    n           k   ϵ_nk^DFT (eV)     Σ^c_nk (eV)     Σ^x_nk (eV)    v_nk^xc (eV)   ϵ_nk^G0W0 (eV)
 
    1 (occ)    93         -18.324           7.946         -26.984         -17.471          -19.890
    2 (occ)    93         -12.626           4.950         -22.318         -15.483          -14.511
    3 (occ)    93          -8.029           3.498         -22.378         -17.307           -9.601
    4 (occ)    93          -4.633           2.240         -19.081         -15.633           -5.841
    5 (vir)    93           1.052          -3.656          -5.740         -10.870            2.526
    6 (vir)    93           6.080          -4.433          -6.260         -12.467            7.853
    7 (vir)    93           9.118          -3.096          -2.152          -6.323           10.193
    8 (vir)    93          10.088          -2.803          -1.717          -5.689           11.257
    9 (vir)    93          10.230          -3.191          -1.745          -5.980           11.274
   10 (vir)    93          12.016          -2.685          -0.622          -4.151           12.859
   11 (vir)    93          15.957          -5.242          -4.142         -11.092           17.665
   12 (vir)    93          17.001          -3.860          -1.919          -7.060           18.281
   13 (vir)    93          17.807          -7.793          -5.833         -16.020           20.200
   14 (vir)    93          20.294          -4.460          -2.618          -8.653           21.869
   15 (vir)    93          21.229          -3.685          -2.196          -7.618           22.966
   16 (vir)    93          22.578          -5.194          -2.634          -9.450           24.199
   17 (vir)    93          24.593          -4.480          -1.414          -7.200           25.899
   18 (vir)    93          25.586          -2.611          -1.602          -6.830           28.203
   19 (vir)    93          27.002          -5.320          -3.033         -10.941           29.590
   20 (vir)    93          29.847          -4.154          -1.457          -7.272           31.508
   21 (vir)    93          32.219          -5.070          -2.378          -9.534           34.305
   22 (vir)    93          33.088          -3.478          -1.512          -6.814           34.912
   23 (vir)    93          34.390          -2.282          -4.092         -12.282           40.297
   24 (vir)    93          41.577          -1.274          -3.083          -7.674           44.894
   25 (vir)    93          46.790          -1.941          -2.115         -11.270           54.004
   26 (vir)    93          47.949          -2.973          -2.099         -10.707           53.585
   27 (vir)    93          48.407          -2.592          -3.167         -12.535           55.183
   28 (vir)    93          49.351          -2.837          -2.300         -11.810           56.023
   29 (vir)    93          52.036          -1.618          -1.732         -10.067           58.753
   30 (vir)    93          53.869          -2.135          -1.594          -9.689           59.830
   31 (vir)    93          55.183          -1.032          -1.493         -10.395           63.053
   32 (vir)    93          56.794          -3.116          -2.686         -13.203           64.194
   33 (vir)    93          57.753          -1.172          -1.988         -11.537           66.131
   34 (vir)    93          58.556          -2.546          -2.685         -13.219           66.544
   35 (vir)    93          66.680           0.164          -2.002         -10.989           75.832
   36 (vir)    93          69.589          -1.963          -2.332         -12.092           77.385
   37 (vir)    93          69.898           0.720          -1.515         -10.988           80.090
   38 (vir)    93          75.248          -1.007          -2.959         -12.605           83.886
   39 (vir)    93          76.046          -2.835          -1.958         -12.862           84.115
   40 (vir)    93          81.402          -0.157          -2.479         -14.124           92.890
   41 (vir)    93          81.430          -2.039          -2.894         -13.840           90.336
   42 (vir)    93          82.679           0.110          -2.005         -11.914           92.698
   43 (vir)    93          85.667          -0.538          -2.036         -14.798           97.892
   44 (vir)    93          88.466          -0.152          -4.672         -12.249           95.892
   45 (vir)    93          94.313          -0.107          -1.517         -12.300          104.989
   46 (vir)    93         101.058           1.082          -6.982         -12.671          107.830
   47 (vir)    93         102.328          -2.455          -2.156         -14.679          112.397
   48 (vir)    93         106.149           0.090          -6.354         -14.231          114.116
   49 (vir)    93         107.115          -0.033          -1.799         -13.994          119.276
   50 (vir)    93         114.297          -1.168          -1.570         -14.813          126.372
   51 (vir)    93         131.127          -0.751          -2.784         -14.934          142.527
   52 (vir)    93         140.813          -1.276          -3.596         -17.285          153.225
   53 (vir)    93         146.494          -1.125          -1.370         -14.869          158.868
   54 (vir)    93         182.026           0.672          -0.985         -11.699          193.412
   55 (vir)    93         212.826          -0.954          -0.319          -9.358          220.910
   56 (vir)    93         317.635           7.952          -0.912         -17.501          342.176
   57 (vir)    93         589.546          -2.428          -0.270         -21.363          608.211
   58 (vir)    93      272113.839          -0.000           0.000          -0.000       272113.839
 
 
  kpoint:      94             coordinate:     0.0340    0.4830    0.0000
 
    n           k   ϵ_nk^DFT (eV)     Σ^c_nk (eV)     Σ^x_nk (eV)    v_nk^xc (eV)   ϵ_nk^G0W0 (eV)
 
    1 (occ)    94         -18.329           7.948         -26.983         -17.469          -19.895
    2 (occ)    94         -12.632           4.953         -22.320         -15.481          -14.518
    3 (occ)    94          -8.000           3.490         -22.383         -17.324           -9.569
    4 (occ)    94          -4.640           2.243         -19.078         -15.627           -5.849
    5 (vir)    94           1.050          -3.654          -5.739         -10.867            2.524
    6 (vir)    94           6.039          -4.429          -6.265         -12.466            7.811
    7 (vir)    94           9.108          -3.091          -2.146          -6.310           10.182
    8 (vir)    94          10.075          -2.803          -1.711          -5.678           11.239
    9 (vir)    94          10.237          -3.184          -1.736          -5.962           11.279
   10 (vir)    94          12.018          -2.686          -0.620          -4.148           12.860
   11 (vir)    94          15.970          -5.202          -4.118         -11.051           17.700
   12 (vir)    94          17.140          -3.932          -1.910          -7.119           18.416
   13 (vir)    94          17.823          -7.841          -5.874         -16.124           20.232
   14 (vir)    94          20.169          -4.415          -2.670          -8.680           21.764
   15 (vir)    94          21.221          -3.692          -2.207          -7.641           22.964
   16 (vir)    94          22.633          -5.047          -2.646          -9.483           24.422
   17 (vir)    94          24.549          -4.471          -1.423          -7.207           25.862
   18 (vir)    94          25.661          -2.734          -1.428          -6.672           28.171
   19 (vir)    94          27.059          -5.424          -2.991         -10.963           29.608
   20 (vir)    94          30.064          -4.194          -1.408          -7.322           31.784
   21 (vir)    94          32.147          -4.877          -2.357          -9.435           34.348
   22 (vir)    94          33.268          -3.225          -1.556          -6.785           35.273
   23 (vir)    94          34.228          -2.363          -4.109         -12.441           40.196
   24 (vir)    94          41.813          -1.079          -2.496          -7.646           45.885
   25 (vir)    94          46.746          -1.935          -2.100         -11.193           53.903
   26 (vir)    94          47.866          -3.244          -1.938         -10.516           53.200
   27 (vir)    94          48.383          -2.994          -3.135         -12.725           54.979
   28 (vir)    94          49.474          -2.836          -2.286         -11.840           56.192
   29 (vir)    94          52.119          -1.598          -1.731         -10.106           58.895
   30 (vir)    94          53.866          -3.417          -1.604          -9.673           58.518
   31 (vir)    94          54.983          -1.090          -1.480         -10.277           62.690
   32 (vir)    94          56.769          -3.497          -2.595         -13.203           63.879
   33 (vir)    94          57.464          -1.216          -2.023         -11.644           65.870
   34 (vir)    94          58.598          -1.353          -2.630         -13.240           67.854
   35 (vir)    94          67.573          -0.715          -1.946         -11.192           76.103
   36 (vir)    94          69.934          -2.173          -2.280         -12.052           77.533
   37 (vir)    94          70.072          -0.446          -1.589         -10.866           78.904
   38 (vir)    94          75.284          -1.615          -2.126         -12.594           84.137
   39 (vir)    94          76.479          -3.754          -2.071         -13.075           83.730
   40 (vir)    94          81.058          -2.241          -2.342         -13.639           90.113
   41 (vir)    94          81.280          -0.260          -2.477         -14.118           92.661
   42 (vir)    94          82.596          -0.112          -1.885         -12.021           92.620
   43 (vir)    94          85.634          -0.530          -2.044         -14.814           97.875
   44 (vir)    94          88.968          -0.396          -3.572         -12.254           97.254
   45 (vir)    94          94.490          -0.126          -1.499         -12.256          105.121
   46 (vir)    94         100.063           1.060          -3.708         -11.989          109.404
   47 (vir)    94         102.242          -3.347          -1.768         -14.846          111.974
   48 (vir)    94         105.549          -0.786          -3.463         -14.570          115.870
   49 (vir)    94         107.554          -0.183          -1.773         -13.934          119.532
   50 (vir)    94         114.403          -1.259          -0.763         -14.816          127.196
   51 (vir)    94         130.795          -1.074          -2.058         -14.963          142.627
   52 (vir)    94         140.877          -1.615          -2.364         -17.354          154.252
   53 (vir)    94         146.489          -1.307          -1.243         -14.881          158.819
   54 (vir)    94         181.596          -0.335           0.160         -11.681          193.102
   55 (vir)    94         212.722          -0.901          -0.259          -9.363          220.924
   56 (vir)    94         317.612           8.227          -0.915         -17.502          342.426
   57 (vir)    94         591.722          -2.248          -0.140         -21.416          610.750
   58 (vir)    94      272113.839          -0.000           0.000          -0.000       272113.839
 
 
  kpoint:      95             coordinate:     0.0272    0.4864    0.0000
 
    n           k   ϵ_nk^DFT (eV)     Σ^c_nk (eV)     Σ^x_nk (eV)    v_nk^xc (eV)   ϵ_nk^G0W0 (eV)
 
    1 (occ)    95         -18.333           7.949         -26.982         -17.467          -19.899
    2 (occ)    95         -12.637           4.955         -22.321         -15.480          -14.523
    3 (occ)    95          -7.975           3.484         -22.388         -17.337           -9.542
    4 (occ)    95          -4.646           2.245         -19.076         -15.622           -5.855
    5 (vir)    95           1.049          -3.652          -5.739         -10.864            2.522
    6 (vir)    95           6.005          -4.426          -6.269         -12.465            7.776
    7 (vir)    95           9.100          -3.086          -2.141          -6.299           10.172
    8 (vir)    95          10.065          -2.805          -1.706          -5.669           11.224
    9 (vir)    95          10.243          -3.178          -1.729          -5.947           11.283
   10 (vir)    95          12.020          -2.687          -0.617          -4.146           12.861
   11 (vir)    95          15.980          -5.166          -4.099         -11.016           17.731
   12 (vir)    95          17.269          -4.001          -1.896          -7.167           18.539
   13 (vir)    95          17.836          -7.881          -5.908         -16.211           20.258
   14 (vir)    95          20.050          -4.368          -2.720          -8.703           21.666
   15 (vir)    95          21.215          -3.693          -2.207          -7.654           22.969
   16 (vir)    95          22.678          -4.868          -2.639          -9.514           24.685
   17 (vir)    95          24.513          -4.463          -1.429          -7.212           25.833
   18 (vir)    95          25.729          -2.800          -1.259          -6.541           28.210
   19 (vir)    95          27.107          -5.469          -2.939         -10.981           29.680
   20 (vir)    95          30.241          -4.248          -1.367          -7.365           31.991
   21 (vir)    95          32.088          -4.559          -2.298          -9.333           34.565
   22 (vir)    95          33.459          -2.949          -1.597          -6.770           35.685
   23 (vir)    95          34.090          -2.249          -4.134         -12.594           40.300
   24 (vir)    95          42.019          -0.429          -1.730          -7.619           47.479
   25 (vir)    95          46.687          -1.935          -2.086         -11.116           53.781
   26 (vir)    95          47.780          -2.618          -1.814         -10.429           53.777
   27 (vir)    95          48.372          -3.338          -3.105         -12.817           54.745
   28 (vir)    95          49.581          -2.837          -2.274         -11.870           56.341
   29 (vir)    95          52.214          -1.562          -1.730         -10.154           59.076
   30 (vir)    95          53.865          -3.688          -1.630          -9.659           58.206
   31 (vir)    95          54.813          -1.158          -1.464         -10.140           62.330
   32 (vir)    95          56.747          -4.116          -2.495         -13.203           63.339
   33 (vir)    95          57.204          -1.256          -2.058         -11.757           65.648
   34 (vir)    95          58.633           0.697          -2.616         -13.257           69.971
   35 (vir)    95          68.245          -1.042          -1.828         -11.395           76.770
   36 (vir)    95          70.251          -2.553          -2.160         -12.003           77.542
   37 (vir)    95          70.422          -1.266          -1.729         -10.748           78.174
   38 (vir)    95          75.211          -3.065          -1.764         -12.693           83.076
   39 (vir)    95          76.981          -3.257          -1.679         -13.170           85.216
   40 (vir)    95          80.671          -1.837          -1.817         -13.510           90.527
   41 (vir)    95          81.147          -0.341          -2.472         -14.109           92.444
   42 (vir)    95          82.544          -0.441          -1.588         -12.077           92.592
   43 (vir)    95          85.603          -0.518          -2.052         -14.829           97.861
   44 (vir)    95          89.577          -1.229          -1.969         -12.281           98.661
   45 (vir)    95          94.635          -0.144          -1.485         -12.220          105.226
   46 (vir)    95          98.921          -4.014           1.647         -11.520          108.074
   47 (vir)    95         102.197          -1.466          -1.717         -14.903          113.917
   48 (vir)    95         105.103          -1.615          -1.539         -14.813          116.762
   49 (vir)    95         107.981          -0.324          -1.745         -13.869          119.782
   50 (vir)    95         114.530          -1.338          -0.504         -14.805          127.494
   51 (vir)    95         130.512          -1.189          -1.316         -14.989          142.997
   52 (vir)    95         140.941          -1.652          -1.377         -17.406          155.318
   53 (vir)    95         146.486          -2.938          -1.125         -14.890          157.313
   54 (vir)    95         181.233          -1.495           0.967         -11.667          192.372
   55 (vir)    95         212.636          -0.615          -0.171          -9.366          221.216
   56 (vir)    95         317.593           8.565          -0.916         -17.503          342.744
   57 (vir)    95         593.511          -1.089          -0.232         -21.460          613.650
   58 (vir)    95      272113.839           0.000          -0.000          -0.000       272113.838
 
 
  kpoint:      96             coordinate:     0.0204    0.4898    0.0000
 
    n           k   ϵ_nk^DFT (eV)     Σ^c_nk (eV)     Σ^x_nk (eV)    v_nk^xc (eV)   ϵ_nk^G0W0 (eV)
 
    1 (occ)    96         -18.336           7.950         -26.981         -17.465          -19.902
    2 (occ)    96         -12.640           4.957         -22.322         -15.478          -14.527
    3 (occ)    96          -7.956           3.479         -22.392         -17.348           -9.521
    4 (occ)    96          -4.651           2.246         -19.075         -15.619           -5.861
    5 (vir)    96           1.048          -3.650          -5.738         -10.862            2.521
    6 (vir)    96           5.979          -4.425          -6.270         -12.464            7.748
    7 (vir)    96           9.094          -3.083          -2.138          -6.291           10.165
    8 (vir)    96          10.058          -2.806          -1.702          -5.662           11.211
    9 (vir)    96          10.247          -3.173          -1.723          -5.936           11.286
   10 (vir)    96          12.022          -2.687          -0.616          -4.144           12.863
   11 (vir)    96          15.988          -5.136          -4.086         -10.989           17.755
   12 (vir)    96          17.382          -4.063          -1.876          -7.202           18.645
   13 (vir)    96          17.846          -7.913          -5.935         -16.280           20.279
   14 (vir)    96          19.945          -4.322          -2.766          -8.723           21.580
   15 (vir)    96          21.209          -3.690          -2.202          -7.662           22.979
   16 (vir)    96          22.712          -4.664          -2.617          -9.540           24.972
   17 (vir)    96          24.486          -4.456          -1.434          -7.214           25.811
   18 (vir)    96          25.785          -2.697          -1.109          -6.439           28.418
   19 (vir)    96          27.146          -5.401          -2.887         -10.996           29.854
   20 (vir)    96          30.375          -4.312          -1.335          -7.398           32.126
   21 (vir)    96          32.042          -4.188          -2.213          -9.237           34.877
   22 (vir)    96          33.642          -2.695          -1.632          -6.769           36.084
   23 (vir)    96          33.978          -1.369          -4.170         -12.731           41.171
   24 (vir)    96          42.188          -0.652          -0.903          -7.595           48.227
   25 (vir)    96          46.622          -1.939          -2.072         -11.047           53.658
   26 (vir)    96          47.703          -1.165          -1.744         -10.393           55.188
   27 (vir)    96          48.367          -3.603          -3.081         -12.860           54.542
   28 (vir)    96          49.669          -2.839          -2.264         -11.898           56.465
   29 (vir)    96          52.307          -1.507          -1.728         -10.208           59.280
   30 (vir)    96          53.865          -3.559          -1.663          -9.648           58.291
   31 (vir)    96          54.676          -1.228          -1.445          -9.990           61.993
   32 (vir)    96          56.730          -4.722          -2.399         -13.203           62.813
   33 (vir)    96          56.983          -1.287          -2.092         -11.871           65.475
   34 (vir)    96          58.660           4.086          -2.634         -13.270           73.382
   35 (vir)    96          68.633          -0.815          -1.697         -11.496           77.618
   36 (vir)    96          70.528          -2.984          -1.985         -11.949           77.508
   37 (vir)    96          70.947          -1.559          -1.884         -10.727           78.230
   38 (vir)    96          75.101          -4.654          -1.670         -12.806           81.584
   39 (vir)    96          77.494          -2.242          -1.138         -13.239           87.353
   40 (vir)    96          80.269          -1.761          -1.326         -13.424           90.606
   41 (vir)    96          81.011          -0.387          -2.465         -14.101           92.260
   42 (vir)    96          82.514          -0.796          -1.192         -12.104           92.631
   43 (vir)    96          85.575          -0.504          -2.060         -14.842           97.853
   44 (vir)    96          90.283          -1.981          -0.264         -12.362          100.400
   45 (vir)    96          94.748          -0.160          -1.474         -12.192          105.305
   46 (vir)    96          97.726          -4.136           7.601         -11.150          112.341
   47 (vir)    96         102.171           1.106          -1.721         -14.928          116.484
   48 (vir)    96         104.788          -2.072          -0.464         -14.962          117.214
   49 (vir)    96         108.370          -0.436          -1.718         -13.806          120.021
   50 (vir)    96         114.651          -1.364          -0.548         -14.791          127.531
   51 (vir)    96         130.284          -1.620          -0.646         -15.011          143.030
   52 (vir)    96         140.998          -1.982          -0.653         -17.444          155.808
   53 (vir)    96         146.485          -0.930          -1.018         -14.897          159.434
   54 (vir)    96         180.945          -1.942           1.443         -11.656          192.102
   55 (vir)    96         212.568          -0.768          -0.070          -9.369          221.098
   56 (vir)    96         317.577           9.346          -0.916         -17.503          343.511
   57 (vir)    96         594.906          -0.394          -0.465         -21.494          615.541
   58 (vir)    96      272113.839           0.000          -0.000          -0.000       272113.838
 
 
  kpoint:      97             coordinate:     0.0136    0.4932    0.0000
 
    n           k   ϵ_nk^DFT (eV)     Σ^c_nk (eV)     Σ^x_nk (eV)    v_nk^xc (eV)   ϵ_nk^G0W0 (eV)
 
    1 (occ)    97         -18.338           7.951         -26.981         -17.464          -19.904
    2 (occ)    97         -12.643           4.958         -22.323         -15.478          -14.530
    3 (occ)    97          -7.943           3.475         -22.394         -17.356           -9.506
    4 (occ)    97          -4.654           2.247         -19.074         -15.616           -5.864
    5 (vir)    97           1.047          -3.649          -5.738         -10.860            2.520
    6 (vir)    97           5.960          -4.424          -6.272         -12.464            7.729
    7 (vir)    97           9.090          -3.080          -2.135          -6.285           10.160
    8 (vir)    97          10.052          -2.808          -1.699          -5.657           11.202
    9 (vir)    97          10.250          -3.170          -1.720          -5.928           11.289
   10 (vir)    97          12.024          -2.688          -0.615          -4.142           12.864
   11 (vir)    97          15.994          -5.113          -4.078         -10.969           17.772
   12 (vir)    97          17.472          -4.115          -1.856          -7.225           18.726
   13 (vir)    97          17.853          -7.936          -5.954         -16.330           20.294
   14 (vir)    97          19.861          -4.282          -2.806          -8.740           21.513
   15 (vir)    97          21.205          -3.686          -2.194          -7.665           22.991
   16 (vir)    97          22.737          -4.462          -2.592          -9.560           25.243
   17 (vir)    97          24.466          -4.450          -1.437          -7.216           25.795
   18 (vir)    97          25.827          -2.476          -0.992          -6.364           28.724
   19 (vir)    97          27.174          -5.249          -2.841         -11.007           30.091
   20 (vir)    97          30.469          -4.372          -1.313          -7.420           32.205
   21 (vir)    97          32.010          -3.858          -2.127          -9.157           35.181
   22 (vir)    97          33.795          -2.507          -1.658          -6.774           36.404
   23 (vir)    97          33.897          -0.982          -4.209         -12.841           41.546
   24 (vir)    97          42.314          -1.028          -0.161          -7.575           48.700
   25 (vir)    97          46.565          -1.946          -2.062         -10.993           53.550
   26 (vir)    97          47.643          -0.934          -1.723         -10.382           55.368
   27 (vir)    97          48.366          -3.813          -3.064         -12.880           54.369
   28 (vir)    97          49.736          -2.842          -2.256         -11.922           56.559
   29 (vir)    97          52.385          -1.438          -1.726         -10.262           59.482
   30 (vir)    97          53.865          -3.476          -1.695          -9.639           58.333
   31 (vir)    97          54.577          -1.285          -1.427          -9.847           61.712
   32 (vir)    97          56.718          -5.093          -2.318         -13.204           62.511
   33 (vir)    97          56.813          -1.307          -2.121         -11.972           65.357
   34 (vir)    97          58.679           3.568          -2.667         -13.280           72.860
   35 (vir)    97          68.819          -0.209          -1.616         -11.511           78.504
   36 (vir)    97          70.747          -1.581          -1.789         -11.895           79.272
   37 (vir)    97          71.495          -1.638          -1.986         -10.778           78.648
   38 (vir)    97          74.992           2.192          -1.722         -12.906           88.368
   39 (vir)    97          77.998          -2.308          -0.641         -13.304           88.352
   40 (vir)    97          79.853          -2.025          -0.925         -13.357           90.259
   41 (vir)    97          80.887          -0.395          -2.459         -14.095           92.129
   42 (vir)    97          82.500          -1.107          -0.793         -12.118           92.719
   43 (vir)    97          85.554          -0.490          -2.067         -14.852           97.850
   44 (vir)    97          91.051          -2.287           0.823         -12.548          102.135
   45 (vir)    97          94.828          -0.173          -1.467         -12.172          105.359
   46 (vir)    97          96.572          -4.912          13.216         -10.782          115.658
   47 (vir)    97         102.156           2.221          -1.728         -14.941          117.589
   48 (vir)    97         104.580          -2.267           0.080         -15.044          117.436
   49 (vir)    97         108.686          -0.511          -1.696         -13.751          120.231
   50 (vir)    97         114.748          -1.384          -0.712         -14.778          127.431
   51 (vir)    97         130.118          -1.920          -0.118         -15.027          143.107
   52 (vir)    97         141.042          -2.155          -0.172         -17.470          156.186
   53 (vir)    97         146.484          -0.778          -0.930         -14.902          159.679
   54 (vir)    97         180.735          -2.869           1.667         -11.648          191.180
   55 (vir)    97         212.518          -1.243           0.023          -9.371          220.669
   56 (vir)    97         317.566          10.459          -0.915         -17.503          344.613
   57 (vir)    97         595.906           0.522          -0.736         -21.518          617.210
   58 (vir)    97      272113.839           0.000          -0.000          -0.000       272113.838
 
 
  kpoint:      98             coordinate:     0.0068    0.4966    0.0000
 
    n           k   ϵ_nk^DFT (eV)     Σ^c_nk (eV)     Σ^x_nk (eV)    v_nk^xc (eV)   ϵ_nk^G0W0 (eV)
 
    1 (occ)    98         -18.339           7.951         -26.981         -17.463          -19.905
    2 (occ)    98         -12.645           4.958         -22.323         -15.477          -14.532
    3 (occ)    98          -7.935           3.473         -22.396         -17.360           -9.497
    4 (occ)    98          -4.656           2.248         -19.073         -15.615           -5.867
    5 (vir)    98           1.046          -3.649          -5.738         -10.859            2.519
    6 (vir)    98           5.949          -4.423          -6.272         -12.463            7.717
    7 (vir)    98           9.087          -3.079          -2.133          -6.282           10.157
    8 (vir)    98          10.049          -2.809          -1.697          -5.654           11.196
    9 (vir)    98          10.252          -3.168          -1.717          -5.924           11.290
   10 (vir)    98          12.025          -2.688          -0.614          -4.142           12.865
   11 (vir)    98          15.997          -5.099          -4.074         -10.957           17.781
   12 (vir)    98          17.530          -4.150          -1.840          -7.238           18.777
   13 (vir)    98          17.858          -7.950          -5.965         -16.360           20.302
   14 (vir)    98          19.807          -4.253          -2.834          -8.751           21.471
   15 (vir)    98          21.203          -3.682          -2.187          -7.667           23.000
   16 (vir)    98          22.751          -4.310          -2.573          -9.572           25.440
   17 (vir)    98          24.454          -4.447          -1.438          -7.217           25.786
   18 (vir)    98          25.854          -2.281          -0.917          -6.320           28.975
   19 (vir)    98          27.191          -5.103          -2.811         -11.014           30.292
   20 (vir)    98          30.523          -4.412          -1.300          -7.433           32.244
   21 (vir)    98          31.990          -3.636          -2.063          -9.104           35.394
   22 (vir)    98          33.847          -1.471          -4.240         -12.912           41.047
   23 (vir)    98          33.896          -2.397          -1.674          -6.781           36.606
   24 (vir)    98          42.392          -1.212           0.355          -7.561           49.097
   25 (vir)    98          46.526          -1.951          -2.055         -10.958           53.478
   26 (vir)    98          47.604          -0.914          -1.728         -10.379           55.342
   27 (vir)    98          48.366          -3.963          -3.053         -12.889           54.239
   28 (vir)    98          49.778          -2.845          -2.252         -11.937           56.618
   29 (vir)    98          52.437          -1.377          -1.726         -10.302           59.636
   30 (vir)    98          53.865          -3.450          -1.718          -9.634           58.331
   31 (vir)    98          54.517          -1.321          -1.413          -9.740           61.523
   32 (vir)    98          56.705          -1.316          -2.142         -12.046           65.293
   33 (vir)    98          56.710          -5.250          -2.265         -13.204           62.399
   34 (vir)    98          58.690          -1.814          -2.697         -13.286           67.465
   35 (vir)    98          68.899           0.314          -1.579         -11.504           79.137
   36 (vir)    98          70.889          -1.065          -1.630         -11.854           80.048
   37 (vir)    98          71.894          -1.655          -2.037         -10.827           79.029
   38 (vir)    98          74.912           2.746          -1.817         -12.975           88.816
   39 (vir)    98          78.484          -2.454          -0.242         -13.392           89.181
   40 (vir)    98          79.421          -2.188          -0.723         -13.272           89.782
   41 (vir)    98          80.798          -0.378          -2.453         -14.092           92.058
   42 (vir)    98          82.494          -1.317          -0.497         -12.125           92.805
   43 (vir)    98          85.540          -0.479          -2.071         -14.859           97.849
   44 (vir)    98          91.772          -2.503           0.276         -12.916          102.461
   45 (vir)    98          94.875          -0.181          -1.462         -12.160          105.392
   46 (vir)    98          95.606          -5.796          18.278         -10.313          118.401
   47 (vir)    98         102.148           2.677          -1.731         -14.947          118.041
   48 (vir)    98         104.461          -2.366           0.326         -15.085          117.506
   49 (vir)    98         108.894          -0.551          -1.681         -13.715          120.377
   50 (vir)    98         114.811          -1.406          -0.863         -14.769          127.311
   51 (vir)    98         130.016          -2.111           0.219         -15.038          143.161
   52 (vir)    98         141.070          -2.250           0.098         -17.486          156.403
   53 (vir)    98         146.484          -0.758          -0.871         -14.905          159.759
   54 (vir)    98         180.607          -3.426           1.744         -11.643          190.568
   55 (vir)    98         212.488          -1.326           0.089          -9.373          220.623
   56 (vir)    98         317.559          11.440          -0.914         -17.504          345.588
   57 (vir)    98         596.507           1.507          -0.947         -21.533          618.600
   58 (vir)    98      272113.839           0.000          -0.001          -0.000       272113.838
 
 
  kpoint:      99             coordinate:     0.0000    0.5000    0.0000
 
    n           k   ϵ_nk^DFT (eV)     Σ^c_nk (eV)     Σ^x_nk (eV)    v_nk^xc (eV)   ϵ_nk^G0W0 (eV)
 
    1 (occ)    99         -18.340           7.952         -26.981         -17.463          -19.905
    2 (occ)    99         -12.645           4.959         -22.323         -15.477          -14.533
    3 (occ)    99          -7.932           3.473         -22.397         -17.362           -9.494
    4 (occ)    99          -4.657           2.248         -19.073         -15.614           -5.867
    5 (vir)    99           1.046          -3.648          -5.738         -10.859            2.519
    6 (vir)    99           5.945          -4.423          -6.272         -12.463            7.713
    7 (vir)    99           9.086          -3.078          -2.133          -6.281           10.156
    8 (vir)    99          10.048          -2.810          -1.696          -5.653           11.194
    9 (vir)    99          10.252          -3.167          -1.717          -5.922           11.291
   10 (vir)    99          12.025          -2.688          -0.614          -4.141           12.865
   11 (vir)    99          15.998          -5.094          -4.073         -10.953           17.785
   12 (vir)    99          17.550          -4.162          -1.834          -7.241           18.795
   13 (vir)    99          17.859          -7.955          -5.969         -16.370           20.305
   14 (vir)    99          19.788          -4.243          -2.844          -8.755           21.456
   15 (vir)    99          21.202          -3.681          -2.185          -7.667           23.003
   16 (vir)    99          22.756          -4.254          -2.566          -9.576           25.513
   17 (vir)    99          24.450          -4.445          -1.439          -7.217           25.783
   18 (vir)    99          25.863          -2.206          -0.891          -6.305           29.070
   19 (vir)    99          27.197          -5.044          -2.800         -11.017           30.370
   20 (vir)    99          30.541          -4.427          -1.296          -7.437           32.256
   21 (vir)    99          31.983          -3.559          -2.040          -9.086           35.470
   22 (vir)    99          33.830          -1.634          -4.252         -12.936           40.880
   23 (vir)    99          33.932          -2.362          -1.680          -6.784           36.674
   24 (vir)    99          42.419          -1.274           0.540          -7.557           49.242
   25 (vir)    99          46.512          -1.954          -2.052         -10.946           53.452
   26 (vir)    99          47.591          -0.904          -1.733         -10.379           55.333
   27 (vir)    99          48.366          -4.019          -3.050         -12.891           54.188
   28 (vir)    99          49.792          -2.846          -2.250         -11.942           56.638
   29 (vir)    99          52.455          -1.352          -1.725         -10.318           59.695
   30 (vir)    99          53.865          -3.446          -1.727          -9.633           58.326
   31 (vir)    99          54.497          -1.333          -1.407          -9.699           61.456
   32 (vir)    99          56.668          -1.319          -2.149         -12.072           65.273
   33 (vir)    99          56.707          -5.265          -2.247         -13.204           62.400
   34 (vir)    99          58.694          -2.601          -2.709         -13.288           66.672
   35 (vir)    99          68.921           0.503          -1.569         -11.500           79.356
   36 (vir)    99          70.938          -1.020          -1.567         -11.838           80.189
   37 (vir)    99          72.039          -1.656          -2.053         -10.845           79.175
   38 (vir)    99          74.882           0.140          -1.862         -13.000           86.160
   39 (vir)    99          78.884          -2.799           0.918         -13.904           90.906
   40 (vir)    99          79.040          -0.173          -1.671         -12.762           89.958
   41 (vir)    99          80.765          -0.367          -2.451         -14.092           92.038
   42 (vir)    99          82.492          -1.391          -0.387         -12.127           92.841
   43 (vir)    99          85.535          -0.475          -2.073         -14.862           97.849
   44 (vir)    99          92.122          -3.167          -1.090         -13.241          101.106
   45 (vir)    99          94.891          -0.184          -1.461         -12.156          105.402
   46 (vir)    99          95.172          -6.291          21.231          -9.955          120.067
   47 (vir)    99         102.145           2.841          -1.731         -14.950          118.204
   48 (vir)    99         104.422          -2.395           0.396         -15.097          117.520
   49 (vir)    99         108.966          -0.563          -1.676         -13.702          120.429
   50 (vir)    99         114.833          -1.415          -0.923         -14.766          127.261
   51 (vir)    99         129.981          -2.177           0.335         -15.041          143.180
   52 (vir)    99         141.079          -2.281           0.185         -17.491          156.474
   53 (vir)    99         146.484          -0.754          -0.850         -14.906          159.785
   54 (vir)    99         180.564          -3.616           1.759         -11.641          190.348
   55 (vir)    99         212.478          -1.346           0.112          -9.373          220.618
   56 (vir)    99         317.557          11.826          -0.914         -17.504          345.972
   57 (vir)    99         596.707           1.948          -1.025         -21.538          619.167
   58 (vir)    99      272113.839           0.000          -0.001          -0.000       272113.838
 
 
  kpoint:     100             coordinate:     0.0000    0.4898    0.0000
 
    n           k   ϵ_nk^DFT (eV)     Σ^c_nk (eV)     Σ^x_nk (eV)    v_nk^xc (eV)   ϵ_nk^G0W0 (eV)
 
    1 (occ)   100         -18.346           7.953         -26.978         -17.459          -19.912
    2 (occ)   100         -12.636           4.956         -22.326         -15.482          -14.523
    3 (occ)   100          -7.930           3.472         -22.396         -17.362           -9.492
    4 (occ)   100          -4.666           2.250         -19.063         -15.601           -5.878
    5 (vir)   100           1.059          -3.651          -5.748         -10.873            2.533
    6 (vir)   100           5.942          -4.418          -6.260         -12.443            7.708
    7 (vir)   100           9.017          -3.051          -2.123          -6.248           10.090
    8 (vir)   100          10.123          -2.849          -1.725          -5.719           11.269
    9 (vir)   100          10.218          -3.144          -1.686          -5.863           11.251
   10 (vir)   100          12.060          -2.716          -0.648          -4.211           12.907
   11 (vir)   100          15.984          -5.094          -4.063         -10.918           17.745
   12 (vir)   100          17.558          -4.158          -1.829          -7.231           18.802
   13 (vir)   100          17.843          -7.948          -5.972         -16.366           20.290
   14 (vir)   100          19.791          -4.243          -2.844          -8.756           21.459
   15 (vir)   100          21.157          -3.732          -2.198          -7.742           22.969
   16 (vir)   100          22.802          -4.374          -2.564          -9.535           25.399
   17 (vir)   100          24.444          -4.443          -1.440          -7.217           25.778
   18 (vir)   100          25.867          -2.354          -0.887          -6.304           28.931
   19 (vir)   100          27.207          -5.185          -2.818         -11.003           30.207
   20 (vir)   100          30.553          -4.427          -1.295          -7.439           32.270
   21 (vir)   100          31.987          -3.662          -2.039          -9.083           35.369
   22 (vir)   100          33.848          -1.499          -4.253         -12.941           41.038
   23 (vir)   100          33.934          -2.372          -1.680          -6.784           36.666
   24 (vir)   100          42.428          -1.250           0.548          -7.557           49.283
   25 (vir)   100          46.497          -1.964          -2.063         -10.967           53.437
   26 (vir)   100          47.533          -1.005          -1.749         -10.351           55.131
   27 (vir)   100          48.302          -3.474          -3.012         -12.861           54.676
   28 (vir)   100          49.781          -2.837          -2.234         -11.900           56.609
   29 (vir)   100          52.325          -1.385          -1.741         -10.364           59.563
   30 (vir)   100          53.939          -3.355          -1.756          -9.701           58.529
   31 (vir)   100          54.523          -1.355          -1.410          -9.717           61.474
   32 (vir)   100          56.704          -5.542          -2.247         -13.200           62.114
   33 (vir)   100          56.820          -1.292          -2.135         -12.030           65.422
   34 (vir)   100          58.732          -2.939          -2.697         -13.270           66.365
   35 (vir)   100          68.908           0.465          -1.569         -11.498           79.303
   36 (vir)   100          70.911          -1.069          -1.578         -11.842           80.107
   37 (vir)   100          72.056          -1.632          -2.052         -10.845           79.218
   38 (vir)   100          74.835           2.047          -1.844         -12.966           88.004
   39 (vir)   100          78.869          -3.040          -1.592         -12.753           86.990
   40 (vir)   100          78.903          -2.822           0.864         -13.903           90.848
   41 (vir)   100          80.724          -0.374          -2.466         -14.121           92.006
   42 (vir)   100          82.745          -1.341          -0.841         -12.202           92.765
   43 (vir)   100          85.580          -0.473          -2.058         -14.821           97.870
   44 (vir)   100          92.106          -3.137          -1.187         -13.229          101.010
   45 (vir)   100          94.892          -0.178          -1.461         -12.166          105.419
   46 (vir)   100          95.176          -6.762          20.844          -9.949          119.208
   47 (vir)   100         102.158           2.239          -1.727         -14.940          117.610
   48 (vir)   100         104.465          -2.354           0.360         -15.090          117.561
   49 (vir)   100         108.980          -0.560          -1.675         -13.698          120.444
   50 (vir)   100         114.805          -1.464          -1.040         -14.764          127.066
   51 (vir)   100         129.887          -2.170           0.309         -15.053          143.080
   52 (vir)   100         141.105          -2.330           0.194         -17.474          156.443
   53 (vir)   100         146.321          -0.430          -0.899         -14.912          159.903
   54 (vir)   100         180.261          -3.790           1.444         -11.631          189.546
   55 (vir)   100         212.642          -1.323           0.091          -9.381          220.791
   56 (vir)   100         317.571          10.019          -0.913         -17.503          344.180
   57 (vir)   100         596.341           2.179          -1.139         -21.528          618.909
   58 (vir)   100      272113.839           0.000          -0.001          -0.000       272113.838
 
 
  kpoint:     101             coordinate:     0.0000    0.4796    0.0000
 
    n           k   ϵ_nk^DFT (eV)     Σ^c_nk (eV)     Σ^x_nk (eV)    v_nk^xc (eV)   ϵ_nk^G0W0 (eV)
 
    1 (occ)   101         -18.364           7.957         -26.969         -17.445          -19.930
    2 (occ)   101         -12.608           4.949         -22.333         -15.498          -14.494
    3 (occ)   101          -7.923           3.470         -22.395         -17.364           -9.485
    4 (occ)   101          -4.695           2.255         -19.034         -15.564           -5.910
    5 (vir)   101           1.096          -3.658          -5.778         -10.915            2.574
    6 (vir)   101           5.934          -4.402          -6.221         -12.381            7.692
    7 (vir)   101           8.851          -3.010          -2.129          -6.219            9.931
    8 (vir)   101          10.123          -3.084          -1.612          -5.714           11.141
    9 (vir)   101          10.305          -2.925          -1.777          -5.851           11.454
   10 (vir)   101          12.157          -2.790          -0.733          -4.389           13.023
   11 (vir)   101          15.942          -5.084          -4.031         -10.811           17.638
   12 (vir)   101          17.582          -4.144          -1.815          -7.200           18.824
   13 (vir)   101          17.797          -7.927          -5.980         -16.354           20.244
   14 (vir)   101          19.800          -4.244          -2.844          -8.757           21.469
   15 (vir)   101          21.038          -3.907          -2.238          -7.923           22.817
   16 (vir)   101          22.925          -4.636          -2.561          -9.453           25.181
   17 (vir)   101          24.426          -4.436          -1.442          -7.214           25.762
   18 (vir)   101          25.880          -2.740          -0.877          -6.303           28.566
   19 (vir)   101          27.238          -5.509          -2.863         -10.962           29.828
   20 (vir)   101          30.591          -4.429          -1.295          -7.446           32.312
   21 (vir)   101          32.000          -3.749          -2.032          -9.076           35.294
   22 (vir)   101          33.903          -1.017          -4.254         -12.955           41.586
   23 (vir)   101          33.942          -2.406          -1.680          -6.786           36.641
   24 (vir)   101          42.454          -1.364           0.560          -7.560           49.210
   25 (vir)   101          46.453          -1.993          -2.096         -11.030           53.394
   26 (vir)   101          47.354          -1.745          -1.802         -10.285           54.092
   27 (vir)   101          48.132          -2.716          -2.912         -12.777           55.281
   28 (vir)   101          49.749          -2.813          -2.189         -11.778           56.526
   29 (vir)   101          51.980          -1.467          -1.777         -10.462           59.198
   30 (vir)   101          54.147          -3.146          -1.837          -9.880           59.044
   31 (vir)   101          54.595          -1.416          -1.419          -9.765           61.525
   32 (vir)   101          56.693          -6.179          -2.251         -13.187           61.449
   33 (vir)   101          57.233          -1.227          -2.105         -11.942           65.843
   34 (vir)   101          58.844          -3.182          -2.667         -13.217           66.212
   35 (vir)   101          68.868           0.357          -1.568         -11.492           79.149
   36 (vir)   101          70.830          -1.242          -1.609         -11.856           79.834
   37 (vir)   101          72.107          -1.562          -2.048         -10.846           79.342
   38 (vir)   101          74.686          -2.239          -1.805         -12.869           83.511
   39 (vir)   101          78.487          -2.577          -1.542         -12.752           87.120
   40 (vir)   101          78.957          -2.976           0.630         -13.928           90.538
   41 (vir)   101          80.609          -0.393          -2.508         -14.201           91.910
   42 (vir)   101          83.373          -2.800          -1.690         -12.372           91.255
   43 (vir)   101          85.708          -0.465          -2.016         -14.707           97.935
   44 (vir)   101          92.059          -2.710          -1.419         -13.189          101.119
   45 (vir)   101          94.896          -0.161          -1.464         -12.197          105.468
   46 (vir)   101          95.189          -8.732          19.740          -9.933          116.130
   47 (vir)   101         102.196           0.138          -1.721         -14.911          115.524
   48 (vir)   101         104.592          -2.237           0.257         -15.069          117.681
   49 (vir)   101         109.023          -0.548          -1.672         -13.687          120.490
   50 (vir)   101         114.725          -2.311          -1.321         -14.758          125.851
   51 (vir)   101         129.609          -2.102           0.231         -15.086          142.825
   52 (vir)   101         141.176          -2.360           0.215         -17.426          156.456
   53 (vir)   101         145.842           1.242          -1.031         -14.930          160.982
   54 (vir)   101         179.389          -3.022           0.651         -11.603          188.621
   55 (vir)   101         213.102          -1.001           0.015          -9.400          221.517
   56 (vir)   101         317.613           6.592          -0.911         -17.501          340.795
   57 (vir)   101         595.253           2.835          -1.546         -21.500          618.043
   58 (vir)   101      272113.839           0.000          -0.000          -0.000       272113.838
 
 
  kpoint:     102             coordinate:     0.0000    0.4694    0.0000
 
    n           k   ϵ_nk^DFT (eV)     Σ^c_nk (eV)     Σ^x_nk (eV)    v_nk^xc (eV)   ϵ_nk^G0W0 (eV)
 
    1 (occ)   102         -18.394           7.965         -26.956         -17.424          -19.961
    2 (occ)   102         -12.561           4.937         -22.344         -15.524          -14.445
    3 (occ)   102          -7.913           3.467         -22.394         -17.366           -9.474
    4 (occ)   102          -4.742           2.263         -18.988         -15.504           -5.963
    5 (vir)   102           1.156          -3.670          -5.826         -10.981            2.641
    6 (vir)   102           5.920          -4.373          -6.153         -12.272            7.666
    7 (vir)   102           8.646          -2.987          -2.175          -6.249            9.733
    8 (vir)   102           9.982          -3.010          -1.522          -5.533           10.983
    9 (vir)   102          10.539          -3.008          -1.834          -6.001           11.698
   10 (vir)   102          12.300          -2.890          -0.841          -4.619           13.189
   11 (vir)   102          15.873          -5.044          -3.974         -10.634           17.490
   12 (vir)   102          17.622          -4.122          -1.790          -7.150           18.859
   13 (vir)   102          17.720          -7.894          -5.994         -16.335           20.168
   14 (vir)   102          19.816          -4.245          -2.843          -8.759           21.486
   15 (vir)   102          20.870          -4.177          -2.303          -8.143           22.534
   16 (vir)   102          23.100          -4.884          -2.558          -9.396           25.054
   17 (vir)   102          24.398          -4.426          -1.446          -7.211           25.737
   18 (vir)   102          25.902          -3.216          -0.867          -6.301           28.119
   19 (vir)   102          27.288          -5.834          -2.910         -10.893           29.437
   20 (vir)   102          30.652          -4.433          -1.295          -7.457           32.381
   21 (vir)   102          32.020          -3.696          -2.007          -9.064           35.381
   22 (vir)   102          33.954          -2.464          -1.680          -6.788           36.597
   23 (vir)   102          33.992           0.033          -4.253         -12.976           42.749
   24 (vir)   102          42.497          -1.773           0.541          -7.564           48.828
   25 (vir)   102          46.377          -2.035          -2.148         -11.128           53.322
   26 (vir)   102          47.040          -4.128          -1.891         -10.216           51.237
   27 (vir)   102          47.907          -2.246          -2.790         -12.657           55.530
   28 (vir)   102          49.706          -2.777          -2.118         -11.593           56.404
   29 (vir)   102          51.504          -1.572          -1.814         -10.557           58.674
   30 (vir)   102          54.459          -3.018          -1.948         -10.111           59.604
   31 (vir)   102          54.705          -1.502          -1.430          -9.834           61.608
   32 (vir)   102          56.673          -6.586          -2.261         -13.165           60.991
   33 (vir)   102          57.821          -1.141          -2.075         -11.864           66.469
   34 (vir)   102          59.023          -3.029          -2.625         -13.136           66.506
   35 (vir)   102          68.802           0.198          -1.567         -11.482           78.915
   36 (vir)   102          70.695          -1.651          -1.658         -11.878           79.265
   37 (vir)   102          72.192          -1.455          -2.043         -10.847           79.540
   38 (vir)   102          74.427           0.915          -1.780         -12.722           86.284
   39 (vir)   102          78.089          -3.069          -1.694         -12.818           86.143
   40 (vir)   102          79.044          -2.773           0.298         -13.957           90.526
   41 (vir)   102          80.433          -0.421          -2.568         -14.313           91.757
   42 (vir)   102          84.177          -3.200          -2.277         -12.593           91.293
   43 (vir)   102          85.909          -0.452          -1.955         -14.539           98.042
   44 (vir)   102          91.992           9.256          -1.641         -13.114          112.720
   45 (vir)   102          94.903          -0.135          -1.467         -12.246          105.547
   46 (vir)   102          95.208         -10.965          18.086          -9.904          112.233
   47 (vir)   102         102.260          -0.973          -1.725         -14.864          114.426
   48 (vir)   102         104.796          -1.865           0.099         -15.038          118.069
   49 (vir)   102         109.095          -0.522          -1.668         -13.669          120.574
   50 (vir)   102         114.593          -1.530          -1.609         -14.747          126.200
   51 (vir)   102         129.163          -1.788           0.101         -15.133          142.609
   52 (vir)   102         141.275          -2.007           0.236         -17.356          156.860
   53 (vir)   102         145.069          -4.067          -1.205         -14.958          154.756
   54 (vir)   102         178.041          -1.848          -0.265         -11.566          187.495
   55 (vir)   102         213.785          -0.962          -0.120          -9.424          222.128
   56 (vir)   102         317.680           3.982          -0.907         -17.498          338.253
   57 (vir)   102         593.479           1.992          -2.386         -21.455          614.540
   58 (vir)   102      272113.839           0.000          -0.000          -0.000       272113.838
 
 
  kpoint:     103             coordinate:     0.0000    0.4592    0.0000
 
    n           k   ϵ_nk^DFT (eV)     Σ^c_nk (eV)     Σ^x_nk (eV)    v_nk^xc (eV)   ϵ_nk^G0W0 (eV)
 
    1 (occ)   103         -18.434           7.975         -26.939         -17.395          -20.003
    2 (occ)   103         -12.497           4.919         -22.358         -15.559          -14.377
    3 (occ)   103          -7.898           3.462         -22.392         -17.370           -9.458
    4 (occ)   103          -4.805           2.274         -18.930         -15.426           -6.035
    5 (vir)   103           1.239          -3.688          -5.887         -11.068            2.733
    6 (vir)   103           5.898          -4.331          -6.050         -12.110            7.628
    7 (vir)   103           8.431          -2.984          -2.265          -6.348            9.530
    8 (vir)   103           9.812          -2.937          -1.435          -5.357           10.797
    9 (vir)   103          10.795          -3.095          -1.899          -6.170           11.970
   10 (vir)   103          12.474          -2.999          -0.953          -4.864           13.386
   11 (vir)   103          15.779          -4.948          -3.884         -10.388           17.335
   12 (vir)   103          17.614          -7.848          -6.012         -16.309           20.064
   13 (vir)   103          17.678          -4.092          -1.757          -7.080           18.909
   14 (vir)   103          19.838          -4.247          -2.843          -8.762           21.510
   15 (vir)   103          20.676          -4.436          -2.392          -8.369           22.217
   16 (vir)   103          23.304          -5.032          -2.557          -9.392           25.106
   17 (vir)   103          24.360          -4.411          -1.451          -7.206           25.704
   18 (vir)   103          25.932          -3.618          -0.866          -6.297           27.746
   19 (vir)   103          27.357          -6.058          -2.927         -10.795           29.166
   20 (vir)   103          30.736          -4.440          -1.294          -7.474           32.475
   21 (vir)   103          32.047          -3.610          -1.963          -9.049           35.523
   22 (vir)   103          33.971          -2.539          -1.680          -6.791           36.543
   23 (vir)   103          34.116           1.807          -4.248         -13.005           44.680
   24 (vir)   103          42.554          -2.193           0.446          -7.569           48.376
   25 (vir)   103          46.268          -2.085          -2.215         -11.252           53.219
   26 (vir)   103          46.600          -5.782          -1.978         -10.138           48.978
   27 (vir)   103          47.666          -2.105          -2.707         -12.547           55.402
   28 (vir)   103          49.663          -2.733          -2.031         -11.365           56.264
   29 (vir)   103          50.959          -1.685          -1.848         -10.631           58.057
   30 (vir)   103          54.842          -1.592          -1.441          -9.913           61.722
   31 (vir)   103          54.842          -4.017          -2.057         -10.350           59.117
   32 (vir)   103          56.644          -6.192          -2.279         -13.134           61.307
   33 (vir)   103          58.520          -1.042          -2.054         -11.815           67.239
   34 (vir)   103          59.262          -2.729          -2.577         -13.034           66.991
   35 (vir)   103          68.710           0.016          -1.566         -11.468           78.629
   36 (vir)   103          70.510          -3.317          -1.720         -11.909           77.382
   37 (vir)   103          72.311          -1.327          -2.037         -10.848           79.794
   38 (vir)   103          74.055           2.178          -1.783         -12.560           87.009
   39 (vir)   103          77.774          -3.778          -1.859         -12.917           85.054
   40 (vir)   103          79.161          -1.652          -0.088         -13.996           91.417
   41 (vir)   103          80.216          -0.454          -2.639         -14.438           91.561
   42 (vir)   103          85.032          -3.381          -2.371         -12.868           92.147
   43 (vir)   103          86.169          -0.436          -1.882         -14.339           98.190
   44 (vir)   103          91.922          -5.265          -1.697         -12.992           97.952
   45 (vir)   103          94.913          -0.105          -1.472         -12.314          105.651
   46 (vir)   103          95.235          -8.990          16.140          -9.862          112.246
   47 (vir)   103         102.348          -1.307          -1.726         -14.800          114.115
   48 (vir)   103         105.069          -1.137          -0.078         -15.001          118.855
   49 (vir)   103         109.198          -0.477          -1.662         -13.644          120.703
   50 (vir)   103         114.413          -1.242          -1.776         -14.732          126.127
   51 (vir)   103         128.569          -1.188          -0.071         -15.183          142.494
   52 (vir)   103         141.381          -1.296           0.243         -17.272          157.600
   53 (vir)   103         144.041          -1.826          -1.368         -14.997          155.845
   54 (vir)   103         176.340          -1.789          -0.944         -11.529          185.136
   55 (vir)   103         214.600          -1.024          -0.273          -9.446          222.749
   56 (vir)   103         317.769           2.297          -0.904         -17.494          336.656
   57 (vir)   103         591.072           1.793          -3.735         -21.394          610.523
   58 (vir)   103      272113.839           0.000          -0.000          -0.000       272113.838
 
 
  kpoint:     104             coordinate:     0.0000    0.4490    0.0000
 
    n           k   ϵ_nk^DFT (eV)     Σ^c_nk (eV)     Σ^x_nk (eV)    v_nk^xc (eV)   ϵ_nk^G0W0 (eV)
 
    1 (occ)   104         -18.485           7.988         -26.919         -17.360          -20.055
    2 (occ)   104         -12.416           4.897         -22.374         -15.602          -14.292
    3 (occ)   104          -7.879           3.456         -22.389         -17.374           -9.438
    4 (occ)   104          -4.884           2.291         -18.864         -15.333           -6.124
    5 (vir)   104           1.343          -3.711          -5.957         -11.172            2.847
    6 (vir)   104           5.869          -4.271          -5.907         -11.884            7.575
    7 (vir)   104           8.216          -2.997          -2.399          -6.520            9.341
    8 (vir)   104           9.624          -2.870          -1.359          -5.199           10.594
    9 (vir)   104          11.061          -3.191          -1.982          -6.370           12.257
   10 (vir)   104          12.666          -3.111          -1.061          -5.107           13.601
   11 (vir)   104          15.661          -4.778          -3.756         -10.074           17.201
   12 (vir)   104          17.481          -7.791          -6.034         -16.277           19.934
   13 (vir)   104          17.749          -4.055          -1.715          -6.993           18.972
   14 (vir)   104          19.867          -4.250          -2.842          -8.765           21.540
   15 (vir)   104          20.470          -4.595          -2.499          -8.593           21.969
   16 (vir)   104          23.525          -5.060          -2.563          -9.441           25.343
   17 (vir)   104          24.316          -4.395          -1.457          -7.200           25.664
   18 (vir)   104          25.970          -3.837          -0.883          -6.293           27.544
   19 (vir)   104          27.442          -5.958          -2.889         -10.666           29.261
   20 (vir)   104          30.841          -4.449          -1.294          -7.495           32.592
   21 (vir)   104          32.082          -3.478          -1.925          -9.032           35.710
   22 (vir)   104          33.993          -2.615          -1.681          -6.796           36.493
   23 (vir)   104          34.272         -10.578          -4.242         -13.040           32.492
   24 (vir)   104          42.623          -2.252           0.231          -7.576           48.177
   25 (vir)   104          46.067          -1.915          -2.036         -10.029           52.146
   26 (vir)   104          46.125          -2.137          -2.291         -11.388           53.084
   27 (vir)   104          47.420          -1.942          -2.688         -12.487           55.278
   28 (vir)   104          49.631          -2.683          -1.934         -11.118           56.133
   29 (vir)   104          50.382          -1.798          -1.877         -10.685           57.392
   30 (vir)   104          54.990          -1.670          -1.450          -9.992           61.861
   31 (vir)   104          55.271          -0.672          -2.116         -10.571           63.053
   32 (vir)   104          56.605          -5.161          -2.306         -13.093           62.230
   33 (vir)   104          59.294          -0.937          -2.040         -11.793           68.110
   34 (vir)   104          59.551          -2.436          -2.519         -12.918           67.514
   35 (vir)   104          68.593          -0.156          -1.564         -11.450           78.324
   36 (vir)   104          70.275          -8.453          -1.791         -11.949           71.980
   37 (vir)   104          72.464          -1.206          -2.029         -10.849           80.078
   38 (vir)   104          73.589           1.027          -1.779         -12.418           85.255
   39 (vir)   104          77.571          -3.669          -1.920         -13.006           84.989
   40 (vir)   104          79.302          -0.197          -0.467         -14.046           92.683
   41 (vir)   104          79.977          -0.487          -2.715         -14.561           91.336
   42 (vir)   104          85.849          -8.414          -2.125         -13.212           88.523
   43 (vir)   104          86.474          -0.415          -1.804         -14.120           98.376
   44 (vir)   104          91.879          -1.032          -1.502         -12.812          102.157
   45 (vir)   104          94.926          -0.073          -1.477         -12.399          105.775
   46 (vir)   104          95.266          -3.703          14.153          -9.806          115.521
   47 (vir)   104         102.459          -1.685          -1.700         -14.722          113.796
   48 (vir)   104         105.399          -0.543          -0.226         -14.962          119.592
   49 (vir)   104         109.335          -0.410          -1.655         -13.611          120.882
   50 (vir)   104         114.191          -0.847          -1.803         -14.710          126.251
   51 (vir)   104         127.851          -0.635          -0.261         -15.229          142.184
   52 (vir)   104         141.471          -0.703           0.227         -17.184          158.181
   53 (vir)   104         142.807          -1.381          -1.472         -15.044          154.998
   54 (vir)   104         174.402          -1.658          -1.195         -11.496          183.045
   55 (vir)   104         215.466          -1.110          -0.369          -9.462          223.448
   56 (vir)   104         317.875           1.071          -0.901         -17.490          335.535
   57 (vir)   104         588.099           2.203          -5.466         -21.318          606.155
   58 (vir)   104      272113.839           0.000          -0.000          -0.000       272113.838
 
 
  kpoint:     105             coordinate:     0.0000    0.4388    0.0000
 
    n           k   ϵ_nk^DFT (eV)     Σ^c_nk (eV)     Σ^x_nk (eV)    v_nk^xc (eV)   ϵ_nk^G0W0 (eV)
 
    1 (occ)   105         -18.545           8.004         -26.896         -17.320          -20.117
    2 (occ)   105         -12.319           4.870         -22.391         -15.651          -14.189
    3 (occ)   105          -7.856           3.449         -22.386         -17.380           -9.413
    4 (occ)   105          -4.977           2.311         -18.793         -15.230           -6.227
    5 (vir)   105           1.465          -3.739          -6.033         -11.289            2.982
    6 (vir)   105           5.829          -4.191          -5.715         -11.581            7.504
    7 (vir)   105           8.011          -3.027          -2.581          -6.775            9.178
    8 (vir)   105           9.426          -2.812          -1.293          -5.063           10.384
    9 (vir)   105          11.330          -3.300          -2.090          -6.614           12.553
   10 (vir)   105          12.869          -3.224          -1.164          -5.345           13.826
   11 (vir)   105          15.523          -4.535          -3.585          -9.692           17.096
   12 (vir)   105          17.322          -7.723          -6.059         -16.240           19.779
   13 (vir)   105          17.834          -4.011          -1.665          -6.890           19.049
   14 (vir)   105          19.901          -4.253          -2.841          -8.769           21.577
   15 (vir)   105          20.261          -4.633          -2.617          -8.811           21.821
   16 (vir)   105          23.755          -4.994          -2.576          -9.540           25.725
   17 (vir)   105          24.267          -4.376          -1.464          -7.193           25.620
   18 (vir)   105          26.015          -3.808          -0.927          -6.288           27.568
   19 (vir)   105          27.543          -4.672          -2.783         -10.507           30.595
   20 (vir)   105          30.964          -4.459          -1.295          -7.521           32.731
   21 (vir)   105          32.123          -3.196          -1.927          -9.013           36.014
   22 (vir)   105          34.020          -2.674          -1.681          -6.801           36.466
   23 (vir)   105          34.457          -9.253          -4.239         -13.080           34.045
   24 (vir)   105          42.701          -2.067          -0.133          -7.584           48.085
   25 (vir)   105          45.475          -1.105          -2.056          -9.893           52.207
   26 (vir)   105          45.949          -2.188          -2.370         -11.522           52.912
   27 (vir)   105          47.169          -1.694          -2.715         -12.478           55.238
   28 (vir)   105          49.621          -2.621          -1.836         -10.873           56.037
   29 (vir)   105          49.792          -1.909          -1.903         -10.724           56.704
   30 (vir)   105          55.135          -1.723          -1.457         -10.065           62.019
   31 (vir)   105          55.725          -1.525          -2.067         -10.765           62.898
   32 (vir)   105          56.555          -4.165          -2.342         -13.041           63.089
   33 (vir)   105          59.879          -1.956          -2.443         -12.793           68.272
   34 (vir)   105          60.121          -0.832          -2.034         -11.794           69.049
   35 (vir)   105          68.451          -0.291          -1.562         -11.428           78.026
   36 (vir)   105          69.996          -5.572          -1.866         -11.997           74.555
   37 (vir)   105          72.652          -1.125          -2.019         -10.850           80.359
   38 (vir)   105          73.061           1.607          -1.723         -12.317           85.262
   39 (vir)   105          77.470          -2.595          -1.903         -13.066           86.038
   40 (vir)   105          79.463           0.708          -0.799         -14.103           93.475
   41 (vir)   105          79.735          -0.518          -2.789         -14.673           91.102
   42 (vir)   105          86.552          -2.519          -1.898         -13.625           95.760
   43 (vir)   105          86.816          -0.387          -1.726         -13.895           98.598
   44 (vir)   105          91.905          -1.014          -1.135         -12.574          102.330
   45 (vir)   105          94.945          -0.045          -1.484         -12.500          105.916
   46 (vir)   105          95.299           0.185          12.214          -9.736          117.434
   47 (vir)   105         102.591          -4.988          -1.649         -14.633          110.587
   48 (vir)   105         105.775          -0.414          -0.310         -14.926          119.978
   49 (vir)   105         109.509          -0.328          -1.645         -13.570          121.106
   50 (vir)   105         113.937          -5.012          -1.771         -14.681          121.835
   51 (vir)   105         127.029          -0.361          -0.444         -15.265          141.489
   52 (vir)   105         141.418          -1.283          -1.640         -15.107          153.602
   53 (vir)   105         141.526          -0.594           0.330         -17.088          158.350
   54 (vir)   105         172.325          -1.379          -1.055         -11.471          181.361
   55 (vir)   105         216.320          -1.127          -0.359          -9.470          224.304
   56 (vir)   105         317.994           0.319          -0.898         -17.484          334.899
   57 (vir)   105         584.638           2.446          -7.189         -21.231          601.126
   58 (vir)   105      272113.839           0.000          -0.000          -0.000       272113.838
 
 
  kpoint:     106             coordinate:     0.0000    0.4286    0.0000
 
    n           k   ϵ_nk^DFT (eV)     Σ^c_nk (eV)     Σ^x_nk (eV)    v_nk^xc (eV)   ϵ_nk^G0W0 (eV)
 
    1 (occ)   106         -18.614           8.023         -26.872         -17.276          -20.186
    2 (occ)   106         -12.208           4.838         -22.408         -15.707          -14.071
    3 (occ)   106          -7.828           3.440         -22.383         -17.386           -9.384
    4 (occ)   106          -5.081           2.337         -18.721         -15.121           -6.344
    5 (vir)   106           1.603          -3.774          -6.109         -11.413            3.134
    6 (vir)   106           5.778          -4.088          -5.470         -11.192            7.411
    7 (vir)   106           7.818          -3.077          -2.817          -7.120            9.045
    8 (vir)   106           9.223          -2.762          -1.238          -4.947           10.170
    9 (vir)   106          11.597          -3.428          -2.231          -6.916           12.854
   10 (vir)   106          13.078          -3.337          -1.262          -5.578           14.057
   11 (vir)   106          15.368          -4.240          -3.367          -9.240           17.002
   12 (vir)   106          17.140          -7.647          -6.089         -16.198           19.602
   13 (vir)   106          17.933          -3.963          -1.607          -6.774           19.137
   14 (vir)   106          19.942          -4.256          -2.840          -8.774           21.621
   15 (vir)   106          20.055          -4.593          -2.738          -9.017           21.740
   16 (vir)   106          23.987          -4.921          -2.592          -9.683           26.156
   17 (vir)   106          24.217          -4.357          -1.473          -7.185           25.572
   18 (vir)   106          26.067          -3.463          -0.996          -6.282           27.890
   19 (vir)   106          27.657          -2.975          -2.612         -10.317           32.387
   20 (vir)   106          31.105          -4.470          -1.296          -7.552           32.891
   21 (vir)   106          32.171          -2.606          -1.991          -8.996           36.570
   22 (vir)   106          34.053          -2.710          -1.681          -6.807           36.469
   23 (vir)   106          34.669          -2.802          -4.244         -13.122           40.745
   24 (vir)   106          42.786          -6.528          -0.639          -7.594           43.214
   25 (vir)   106          44.852          -1.268          -2.039          -9.745           51.290
   26 (vir)   106          45.741          -2.236          -2.446         -11.642           52.701
   27 (vir)   106          46.917          -1.575          -2.762         -12.503           55.085
   28 (vir)   106          49.200          -2.017          -1.927         -10.754           56.010
   29 (vir)   106          49.637          -2.538          -1.744         -10.645           56.001
   30 (vir)   106          55.263          -1.746          -1.462         -10.129           62.185
   31 (vir)   106          56.191          -2.453          -1.870         -10.933           62.800
   32 (vir)   106          56.491          -3.557          -2.382         -12.979           63.531
   33 (vir)   106          60.237           0.131          -2.338         -12.661           70.691
   34 (vir)   106          60.988          -0.742          -2.035         -11.814           70.025
   35 (vir)   106          68.284          -0.376          -1.559         -11.403           77.751
   36 (vir)   106          69.677          -3.149          -1.936         -12.055           76.647
   37 (vir)   106          72.506          -9.658          -1.628         -12.255           73.476
   38 (vir)   106          72.876          -1.092          -2.006         -10.850           80.629
   39 (vir)   106          77.449          -1.621          -1.883         -13.096           87.041
   40 (vir)   106          79.507          -0.545          -2.858         -14.770           90.875
   41 (vir)   106          79.640           1.077          -1.080         -14.166           93.803
   42 (vir)   106          87.066          -1.589          -1.911         -14.061           97.626
   43 (vir)   106          87.187          -0.349          -1.650         -13.668           98.856
   44 (vir)   106          92.051          -1.168          -0.881         -12.325          102.327
   45 (vir)   106          94.970          -0.023          -1.492         -12.613          106.068
   46 (vir)   106          95.333           1.917          10.138          -9.654          117.042
   47 (vir)   106         102.740          -3.097          -1.651         -14.537          112.528
   48 (vir)   106         106.185          -0.738          -0.342         -14.897          120.001
   49 (vir)   106         109.724          -0.246          -1.634         -13.522          121.367
   50 (vir)   106         113.662          -2.048          -1.769         -14.643          124.488
   51 (vir)   106         126.121          -0.375          -0.609         -15.289          140.426
   52 (vir)   106         139.932          -1.072          -1.461         -15.156          152.555
   53 (vir)   106         141.526          -0.619           0.116         -17.016          158.039
   54 (vir)   106         170.185          -1.115          -0.739         -11.453          179.784
   55 (vir)   106         217.122          -1.028          -0.263          -9.471          225.302
   56 (vir)   106         318.123           0.532          -0.895         -17.478          335.238
   57 (vir)   106         580.768           2.452          -8.345         -21.133          596.008
   58 (vir)   106      272113.839           0.000          -0.000          -0.000       272113.838
 
 
  kpoint:     107             coordinate:     0.0000    0.4184    0.0000
 
    n           k   ϵ_nk^DFT (eV)     Σ^c_nk (eV)     Σ^x_nk (eV)    v_nk^xc (eV)   ϵ_nk^G0W0 (eV)
 
    1 (occ)   107         -18.689           8.045         -26.848         -17.230          -20.263
    2 (occ)   107         -12.083           4.801         -22.423         -15.766          -13.939
    3 (occ)   107          -7.797           3.430         -22.379         -17.394           -9.351
    4 (occ)   107          -5.194           2.367         -18.652         -15.008           -6.471
    5 (vir)   107           1.756          -3.813          -6.183         -11.541            3.302
    6 (vir)   107           5.712          -3.961          -5.170         -10.713            7.294
    7 (vir)   107           7.643          -3.152          -3.109          -7.559            8.941
    8 (vir)   107           9.018          -2.720          -1.191          -4.849            9.956
    9 (vir)   107          11.855          -3.583          -2.415          -7.296           13.153
   10 (vir)   107          13.290          -3.449          -1.356          -5.806           14.290
   11 (vir)   107          15.202          -3.932          -3.103          -8.713           16.880
   12 (vir)   107          16.936          -7.564          -6.121         -16.152           19.404
   13 (vir)   107          18.044          -3.912          -1.543          -6.648           19.236
   14 (vir)   107          19.856          -4.560          -2.852          -9.205           21.649
   15 (vir)   107          19.990          -4.260          -2.839          -8.780           21.671
   16 (vir)   107          24.169          -4.337          -1.483          -7.176           25.526
   17 (vir)   107          24.218          -4.941          -2.607          -9.863           26.533
   18 (vir)   107          26.125          -2.853          -1.080          -6.276           28.467
   19 (vir)   107          27.782          -2.702          -2.390         -10.095           32.784
   20 (vir)   107          31.260          -4.480          -1.299          -7.589           33.070
   21 (vir)   107          32.225          -1.879          -2.106          -8.980           37.221
   22 (vir)   107          34.092          -2.723          -1.682          -6.814           36.501
   23 (vir)   107          34.906          -2.795          -4.256         -13.166           41.020
   24 (vir)   107          42.877          -0.664          -1.226          -7.605           48.592
   25 (vir)   107          44.216          -1.503          -1.986          -9.597           50.325
   26 (vir)   107          45.506          -2.280          -2.514         -11.740           52.452
   27 (vir)   107          46.670          -1.545          -2.804         -12.549           54.871
   28 (vir)   107          48.610          -2.124          -1.949         -10.776           55.314
   29 (vir)   107          49.684          -2.422          -1.661         -10.443           56.045
   30 (vir)   107          55.362          -1.735          -1.465         -10.184           62.345
   31 (vir)   107          56.415          -3.178          -2.409         -12.906           63.734
   32 (vir)   107          56.657         -10.466          -1.544         -11.076           55.722
   33 (vir)   107          60.616          -3.589          -2.193         -12.525           67.359
   34 (vir)   107          61.885          -0.682          -2.043         -11.852           71.012
   35 (vir)   107          68.094          -0.407          -1.556         -11.373           77.504
   36 (vir)   107          69.325          -2.443          -1.992         -12.122           77.012
   37 (vir)   107          71.950          -4.842          -1.538         -12.225           77.795
   38 (vir)   107          73.136          -1.077          -1.991         -10.849           80.918
   39 (vir)   107          77.489          -0.819          -1.913         -13.104           87.861
   40 (vir)   107          79.308          -0.566          -2.918         -14.851           90.674
   41 (vir)   107          79.829           1.537          -1.339         -14.233           94.260
   42 (vir)   107          87.342          -1.288          -2.064         -14.432           98.422
   43 (vir)   107          87.583          -0.297          -1.580         -13.443           99.150
   44 (vir)   107          92.344          -3.512          -1.076         -12.150           99.906
   45 (vir)   107          95.001          -0.009          -1.500         -12.738          106.230
   46 (vir)   107          95.366           7.026           7.513          -9.563          119.468
   47 (vir)   107         102.898          -1.162          -1.828         -14.440          114.348
   48 (vir)   107         106.618          -1.132          -0.393         -14.876          119.968
   49 (vir)   107         109.985          -0.179          -1.621         -13.465          121.650
   50 (vir)   107         113.385          -1.537          -1.795         -14.593          124.645
   51 (vir)   107         125.144          -0.592          -0.767         -15.297          139.082
   52 (vir)   107         138.397           0.203          -1.346         -15.218          152.472
   53 (vir)   107         141.464          -0.868          -0.077         -16.942          157.461
   54 (vir)   107         168.035          -0.959          -0.501         -11.443          178.018
   55 (vir)   107         217.850          -0.913          -0.156          -9.467          226.249
   56 (vir)   107         318.256           2.398          -0.889         -17.472          337.236
   57 (vir)   107         576.564           2.334          -8.424         -21.028          591.501
   58 (vir)   107      272113.839           0.000          -0.001          -0.000       272113.838
 
 
  kpoint:     108             coordinate:     0.0000    0.4082    0.0000
 
    n           k   ϵ_nk^DFT (eV)     Σ^c_nk (eV)     Σ^x_nk (eV)    v_nk^xc (eV)   ϵ_nk^G0W0 (eV)
 
    1 (occ)   108         -18.771           8.068         -26.824         -17.182          -20.345
    2 (occ)   108         -11.945           4.761         -22.438         -15.829          -13.793
    3 (occ)   108          -7.761           3.420         -22.374         -17.403           -9.313
    4 (occ)   108          -5.316           2.402         -18.587         -14.895           -6.607
    5 (vir)   108           1.921          -3.856          -6.252         -11.670            3.482
    6 (vir)   108           5.630          -3.810          -4.819         -10.151            7.152
    7 (vir)   108           7.488          -3.257          -3.455          -8.083            8.859
    8 (vir)   108           8.813          -2.685          -1.151          -4.767            9.744
    9 (vir)   108          12.099          -3.774          -2.652          -7.775           13.447
   10 (vir)   108          13.501          -3.560          -1.447          -6.028           14.522
   11 (vir)   108          15.031          -3.645          -2.795          -8.103           16.695
   12 (vir)   108          16.714          -7.475          -6.157         -16.104           19.186
   13 (vir)   108          18.165          -3.860          -1.474          -6.514           19.345
   14 (vir)   108          19.669          -4.596          -2.948          -9.366           21.491
   15 (vir)   108          20.044          -4.265          -2.838          -8.787           21.728
   16 (vir)   108          24.127          -4.317          -1.493          -7.165           25.482
   17 (vir)   108          24.443          -5.092          -2.620         -10.075           26.806
   18 (vir)   108          26.189          -2.329          -1.156          -6.269           28.974
   19 (vir)   108          27.916          -2.900          -2.141          -9.844           32.719
   20 (vir)   108          31.427          -4.488          -1.303          -7.632           33.268
   21 (vir)   108          32.285          -1.663          -2.229          -8.969           37.362
   22 (vir)   108          34.136          -2.719          -1.682          -6.822           36.557
   23 (vir)   108          35.164          -2.661          -4.267         -13.210           41.447
   24 (vir)   108          42.971          -0.081          -1.786          -7.617           48.720
   25 (vir)   108          43.586          -1.834          -1.905          -9.452           49.299
   26 (vir)   108          45.249          -2.323          -2.573         -11.812           52.165
   27 (vir)   108          46.433          -1.515          -2.829         -12.606           54.696
   28 (vir)   108          48.027          -2.230          -1.969         -10.793           54.621
   29 (vir)   108          49.763          -2.270          -1.589         -10.271           56.175
   30 (vir)   108          55.419          -1.694          -1.468         -10.231           62.488
   31 (vir)   108          56.324          -2.898          -2.425         -12.822           63.822
   32 (vir)   108          57.114          -0.983          -1.154         -11.199           66.176
   33 (vir)   108          61.010          -5.346          -2.000         -12.383           66.047
   34 (vir)   108          62.807          -0.667          -2.057         -11.904           71.988
   35 (vir)   108          67.883          -0.386          -1.554         -11.341           77.283
   36 (vir)   108          68.946          -2.174          -2.026         -12.198           76.945
   37 (vir)   108          71.410          -3.081          -1.490         -12.217           79.056
   38 (vir)   108          73.434          -1.038          -1.971         -10.847           81.272
   39 (vir)   108          77.580           0.934          -2.003         -13.098           89.610
   40 (vir)   108          79.150          -0.584          -2.969         -14.915           90.512
   41 (vir)   108          80.027          -3.568          -1.610         -14.302           89.152
   42 (vir)   108          87.385          -1.534          -2.179         -14.677           98.350
   43 (vir)   108          88.001          -0.231          -1.515         -13.223           99.478
   44 (vir)   108          92.766          -2.791          -1.717         -12.106          100.364
   45 (vir)   108          95.042          -0.004          -1.510         -12.873          106.400
   46 (vir)   108          95.397           0.749           3.935          -9.466          109.547
   47 (vir)   108         103.052          -0.745          -2.245         -14.351          114.413
   48 (vir)   108         107.065          -0.920          -0.548         -14.866          120.462
   49 (vir)   108         110.297          -0.141          -1.605         -13.400          121.951
   50 (vir)   108         113.129          -1.548          -1.770         -14.526          124.337
   51 (vir)   108         124.113          -0.696          -0.950         -15.289          137.755
   52 (vir)   108         136.858          -1.498          -1.232         -15.282          149.410
   53 (vir)   108         141.334          -0.706          -0.403         -16.877          157.101
   54 (vir)   108         165.912          -1.837          -0.494         -11.439          175.021
   55 (vir)   108         218.495          -2.018          -0.116          -9.459          225.820
   56 (vir)   108         318.391           4.393          -0.881         -17.465          339.368
   57 (vir)   108         572.093           2.251          -7.206         -20.915          588.053
   58 (vir)   108      272113.839           0.000          -0.000          -0.000       272113.839
 
 
  kpoint:     109             coordinate:     0.0000    0.3980    0.0000
 
    n           k   ϵ_nk^DFT (eV)     Σ^c_nk (eV)     Σ^x_nk (eV)    v_nk^xc (eV)   ϵ_nk^G0W0 (eV)
 
    1 (occ)   109         -18.858           8.094         -26.802         -17.133          -20.433
    2 (occ)   109         -11.796           4.716         -22.451         -15.895          -13.636
    3 (occ)   109          -7.721           3.407         -22.369         -17.412           -9.271
    4 (occ)   109          -5.445           2.440         -18.529         -14.783           -6.750
    5 (vir)   109           2.096          -3.904          -6.315         -11.795            3.672
    6 (vir)   109           5.531          -3.643          -4.434          -9.532            6.986
    7 (vir)   109           7.355          -3.388          -3.837          -8.666            8.796
    8 (vir)   109           8.611          -2.658          -1.118          -4.701            9.536
    9 (vir)   109          12.318          -4.009          -2.955          -8.373           13.726
   10 (vir)   109          13.711          -3.668          -1.534          -6.244           14.752
   11 (vir)   109          14.865          -3.388          -2.442          -7.406           16.441
   12 (vir)   109          16.474          -7.382          -6.194         -16.053           18.951
   13 (vir)   109          18.294          -3.808          -1.402          -6.378           19.461
   14 (vir)   109          19.498          -4.699          -3.014          -9.489           21.273
   15 (vir)   109          20.104          -4.271          -2.836          -8.794           21.791
   16 (vir)   109          24.095          -4.298          -1.504          -7.152           25.445
   17 (vir)   109          24.660          -5.352          -2.636         -10.310           26.983
   18 (vir)   109          26.260          -2.129          -1.197          -6.262           29.196
   19 (vir)   109          28.059          -3.303          -1.890          -9.567           32.433
   20 (vir)   109          31.603          -4.494          -1.309          -7.682           33.482
   21 (vir)   109          32.351          -1.962          -2.314          -8.963           37.039
   22 (vir)   109          34.186          -2.705          -1.682          -6.830           36.629
   23 (vir)   109          35.441          -2.541          -4.265         -13.254           41.889
   24 (vir)   109          42.973          -2.303          -1.794          -9.315           48.191
   25 (vir)   109          43.069           0.028          -2.205          -7.629           48.521
   26 (vir)   109          44.975          -2.364          -2.622         -11.858           51.847
   27 (vir)   109          46.210          -1.381          -2.837         -12.670           54.662
   28 (vir)   109          47.453          -2.338          -1.989         -10.806           53.932
   29 (vir)   109          49.871          -2.086          -1.528         -10.126           56.383
   30 (vir)   109          55.426          -1.626          -1.472         -10.271           62.600
   31 (vir)   109          56.219          -2.611          -2.414         -12.726           63.920
   32 (vir)   109          57.552          -1.876          -0.827         -11.304           66.152
   33 (vir)   109          61.411         -12.199          -1.757         -12.236           59.690
   34 (vir)   109          63.746          -0.698          -2.079         -11.972           72.941
   35 (vir)   109          67.651          -0.319          -1.551         -11.305           77.085
   36 (vir)   109          68.547          -1.962          -2.039         -12.285           76.831
   37 (vir)   109          70.901          -0.467          -1.487         -12.226           81.174
   38 (vir)   109          73.772          -0.961          -1.946         -10.842           81.706
   39 (vir)   109          77.713          -3.766          -2.124         -13.086           84.910
   40 (vir)   109          79.045          -0.599          -3.008         -14.963           90.401
   41 (vir)   109          80.233          -2.702          -1.903         -14.372           89.999
   42 (vir)   109          87.245          -1.803          -2.254         -14.812           98.000
   43 (vir)   109          88.441          -0.156          -1.457         -13.008           99.836
   44 (vir)   109          93.259          -1.967          -2.352         -12.173          101.113
   45 (vir)   109          95.094          -0.008          -1.521         -13.014          106.579
   46 (vir)   109          95.425          -1.029          -0.682          -9.367          103.081
   47 (vir)   109         103.184          -0.759          -2.778         -14.280          113.927
   48 (vir)   109         107.517          -0.719          -0.855         -14.867          120.810
   49 (vir)   109         110.668          -0.129          -1.587         -13.327          122.278
   50 (vir)   109         112.924          -2.301          -1.629         -14.439          123.433
   51 (vir)   109         123.038          -0.630          -1.189         -15.263          136.482
   52 (vir)   109         135.349          -1.710          -1.173         -15.346          147.813
   53 (vir)   109         141.134          -0.405          -0.871         -16.820          156.678
   54 (vir)   109         163.839          -2.072          -0.683         -11.442          172.526
   55 (vir)   109         219.055          -1.211          -0.162          -9.448          227.130
   56 (vir)   109         318.527           3.745          -0.871         -17.458          338.858
   57 (vir)   109         567.413           2.665          -4.927         -20.797          585.948
   58 (vir)   109      272113.839           0.000          -0.000          -0.000       272113.839
 
 
  kpoint:     110             coordinate:     0.0000    0.3878    0.0000
 
    n           k   ϵ_nk^DFT (eV)     Σ^c_nk (eV)     Σ^x_nk (eV)    v_nk^xc (eV)   ϵ_nk^G0W0 (eV)
 
    1 (occ)   110         -18.949           8.121         -26.780         -17.084          -20.525
    2 (occ)   110         -11.636           4.668         -22.462         -15.962          -13.468
    3 (occ)   110          -7.678           3.394         -22.364         -17.423           -9.224
    4 (occ)   110          -5.578           2.482         -18.477         -14.675           -6.898
    5 (vir)   110           2.278          -3.953          -6.370         -11.915            3.870
    6 (vir)   110           5.414          -3.471          -4.039          -8.894            6.798
    7 (vir)   110           7.244          -3.536          -4.232          -9.271            8.748
    8 (vir)   110           8.413          -2.637          -1.092          -4.650            9.334
    9 (vir)   110          12.499          -4.284          -3.326          -9.090           13.979
   10 (vir)   110          13.918          -3.773          -1.617          -6.452           14.979
   11 (vir)   110          14.716          -3.149          -2.051          -6.636           16.151
   12 (vir)   110          16.219          -7.285          -6.233         -16.001           18.701
   13 (vir)   110          18.429          -3.760          -1.328          -6.243           19.583
   14 (vir)   110          19.345          -4.819          -3.042          -9.561           21.044
   15 (vir)   110          20.171          -4.277          -2.834          -8.802           21.861
   16 (vir)   110          24.075          -4.279          -1.514          -7.137           25.419
   17 (vir)   110          24.865          -5.669          -2.665         -10.561           27.092
   18 (vir)   110          26.337          -2.232          -1.189          -6.256           29.172
   19 (vir)   110          28.209          -3.881          -1.664          -9.271           31.935
   20 (vir)   110          31.786          -4.502          -1.318          -7.740           33.706
   21 (vir)   110          32.423          -2.583          -2.333          -8.964           36.470
   22 (vir)   110          34.243          -2.689          -1.683          -6.840           36.711
   23 (vir)   110          35.735          -2.377          -4.238         -13.296           42.417
   24 (vir)   110          42.389          -2.927          -1.696          -9.184           46.950
   25 (vir)   110          43.169          -0.221          -2.352          -7.641           48.237
   26 (vir)   110          44.689          -2.405          -2.661         -11.881           51.504
   27 (vir)   110          46.006          -6.920          -2.844         -12.738           48.980
   28 (vir)   110          46.887          -2.447          -2.008         -10.817           53.249
   29 (vir)   110          50.007          -1.890          -1.478         -10.006           56.645
   30 (vir)   110          55.376          -1.536          -1.477         -10.306           62.669
   31 (vir)   110          56.100          -2.159          -2.380         -12.621           64.182
   32 (vir)   110          57.960          -2.161          -0.669         -11.393           66.524
   33 (vir)   110          61.815          -0.619          -1.488         -12.084           71.792
   34 (vir)   110          64.694          -0.765          -2.109         -12.055           73.875
   35 (vir)   110          67.401          -0.206          -1.549         -11.266           76.912
   36 (vir)   110          68.136          -1.371          -2.047         -12.382           77.099
   37 (vir)   110          70.434           0.482          -1.513         -12.249           81.652
   38 (vir)   110          74.152          -0.865          -1.916         -10.835           82.206
   39 (vir)   110          77.882          -4.628          -2.234         -13.073           84.094
   40 (vir)   110          79.001          -0.613          -3.033         -14.996           90.351
   41 (vir)   110          80.444          -2.457          -2.198         -14.439           90.229
   42 (vir)   110          86.977          -1.489          -2.366         -14.883           98.005
   43 (vir)   110          88.900          -0.081          -1.407         -12.800          100.213
   44 (vir)   110          93.764          -2.784          -2.506         -12.297          100.771
   45 (vir)   110          95.161          -0.016          -1.533         -13.161          106.773
   46 (vir)   110          95.454          -1.112          -5.931          -9.270           97.680
   47 (vir)   110         103.268          -1.098          -3.122         -14.237          113.286
   48 (vir)   110         107.967          -0.859          -1.292         -14.882          120.698
   49 (vir)   110         111.104          -0.126          -1.567         -13.244          122.654
   50 (vir)   110         112.804          -1.412          -1.418         -14.327          124.301
   51 (vir)   110         121.933          -0.889          -1.495         -15.220          134.770
   52 (vir)   110         133.897          -1.826          -1.205         -15.408          146.274
   53 (vir)   110         140.869          -0.967          -1.435         -16.772          155.239
   54 (vir)   110         161.831          -2.620          -0.871         -11.451          169.791
   55 (vir)   110         219.534          -1.283          -0.240          -9.435          227.447
   56 (vir)   110         318.662           2.663          -0.862         -17.451          337.914
   57 (vir)   110         562.565           2.826          -2.232         -20.675          583.834
   58 (vir)   110      272113.839           0.000           0.000          -0.000       272113.839
 
 
  kpoint:     111             coordinate:     0.0000    0.3776    0.0000
 
    n           k   ϵ_nk^DFT (eV)     Σ^c_nk (eV)     Σ^x_nk (eV)    v_nk^xc (eV)   ϵ_nk^G0W0 (eV)
 
    1 (occ)   111         -19.044           8.150         -26.761         -17.035          -20.620
    2 (occ)   111         -11.467           4.617         -22.471         -16.031          -13.291
    3 (occ)   111          -7.630           3.380         -22.358         -17.435           -9.174
    4 (occ)   111          -5.715           2.527         -18.431         -14.570           -7.049
    5 (vir)   111           2.467          -4.004          -6.416         -12.026            4.073
    6 (vir)   111           5.281          -3.304          -3.661          -8.278            6.593
    7 (vir)   111           7.156          -3.684          -4.610          -9.855            8.717
    8 (vir)   111           8.220          -2.625          -1.073          -4.615            9.138
    9 (vir)   111          12.625          -4.569          -3.736          -9.863           14.183
   10 (vir)   111          14.121          -3.874          -1.696          -6.650           15.201
   11 (vir)   111          14.599          -2.922          -1.659          -5.871           15.889
   12 (vir)   111          15.952          -7.187          -6.274         -15.947           18.438
   13 (vir)   111          18.566          -3.716          -1.255          -6.113           19.708
   14 (vir)   111          19.217          -4.904          -3.031          -9.571           20.852
   15 (vir)   111          20.244          -4.284          -2.833          -8.810           21.938
   16 (vir)   111          24.074          -4.259          -1.524          -7.119           25.410
   17 (vir)   111          25.055          -6.002          -2.719         -10.815           27.149
   18 (vir)   111          26.420          -2.476          -1.133          -6.250           29.060
   19 (vir)   111          28.365          -4.677          -1.489          -8.966           31.165
   20 (vir)   111          31.973          -4.517          -1.330          -7.806           33.932
   21 (vir)   111          32.500          -3.298          -2.300          -8.972           35.873
   22 (vir)   111          34.305          -2.679          -1.685          -6.851           36.793
   23 (vir)   111          36.043          -1.961          -4.183         -13.336           43.234
   24 (vir)   111          41.842          -4.017          -1.589          -9.059           45.295
   25 (vir)   111          43.272          -0.802          -2.247          -7.652           47.875
   26 (vir)   111          44.396          -2.443          -2.691         -11.882           51.143
   27 (vir)   111          45.825         -10.308          -2.873         -12.807           45.451
   28 (vir)   111          46.331          -2.557          -2.027         -10.826           52.573
   29 (vir)   111          50.168          -1.707          -1.436          -9.906           56.932
   30 (vir)   111          55.263          -1.431          -1.485         -10.337           62.684
   31 (vir)   111          55.967          -1.303          -2.335         -12.506           64.836
   32 (vir)   111          58.328          -2.075          -0.717         -11.466           67.002
   33 (vir)   111          62.218          -1.766          -1.251         -11.930           71.130
   34 (vir)   111          65.645          -0.852          -2.148         -12.152           74.798
   35 (vir)   111          67.137          -0.041          -1.547         -11.225           76.774
   36 (vir)   111          67.720           0.212          -2.069         -12.489           78.351
   37 (vir)   111          70.020           0.237          -1.550         -12.281           80.987
   38 (vir)   111          74.578          -0.772          -1.880         -10.826           82.753
   39 (vir)   111          78.085          -4.313          -2.298         -13.063           84.537
   40 (vir)   111          79.023          -0.627          -3.043         -15.015           90.368
   41 (vir)   111          80.661          -3.059          -2.449         -14.504           89.657
   42 (vir)   111          86.625          -1.657          -2.537         -14.923           97.354
   43 (vir)   111          89.379          -0.021          -1.364         -12.601          100.595
   44 (vir)   111          94.239          -3.390          -2.067         -12.440          101.222
   45 (vir)   111          95.247          -0.018          -1.545         -13.310          106.993
   46 (vir)   111          95.486           4.729         -11.010          -9.178           98.383
   47 (vir)   111         103.275          -1.849          -3.021         -14.228          112.633
   48 (vir)   111         108.408          -0.973          -1.773         -14.912          120.574
   49 (vir)   111         111.614          -0.108          -1.544         -13.152          123.114
   50 (vir)   111         112.804          -0.486          -1.259         -14.191          125.250
   51 (vir)   111         120.808          -0.538          -1.845         -15.155          133.581
   52 (vir)   111         132.516          -1.775          -1.320         -15.466          144.887
   53 (vir)   111         140.546          -0.552          -2.003         -16.732          154.723
   54 (vir)   111         159.898          -3.330          -0.831         -11.466          167.204
   55 (vir)   111         219.940          -1.548          -0.256          -9.422          227.558
   56 (vir)   111         318.795           2.130          -0.856         -17.443          337.513
   57 (vir)   111         557.579           1.509           0.051         -20.548          579.687
   58 (vir)   111      272113.839           0.000           0.001          -0.000       272113.839
 
 
  kpoint:     112             coordinate:     0.0000    0.3673    0.0000
 
    n           k   ϵ_nk^DFT (eV)     Σ^c_nk (eV)     Σ^x_nk (eV)    v_nk^xc (eV)   ϵ_nk^G0W0 (eV)
 
    1 (occ)   112         -19.141           8.180         -26.744         -16.988          -20.717
    2 (occ)   112         -11.290           4.562         -22.478         -16.100          -13.105
    3 (occ)   112          -7.579           3.364         -22.352         -17.448           -9.120
    4 (occ)   112          -5.855           2.575         -18.393         -14.470           -7.203
    5 (vir)   112           2.660          -4.054          -6.451         -12.124            4.279
    6 (vir)   112           5.135          -3.152          -3.321          -7.716            6.378
    7 (vir)   112           7.087          -3.819          -4.950         -10.387            8.705
    8 (vir)   112           8.033          -2.620          -1.060          -4.597            8.950
    9 (vir)   112          12.679          -4.796          -4.108         -10.528           14.304
   10 (vir)   112          14.320          -3.969          -1.769          -6.836           15.418
   11 (vir)   112          14.530          -2.739          -1.351          -5.289           15.729
   12 (vir)   112          15.673          -7.087          -6.315         -15.893           18.164
   13 (vir)   112          18.704          -3.679          -1.185          -5.994           19.834
   14 (vir)   112          19.116          -4.925          -2.982          -9.507           20.716
   15 (vir)   112          20.324          -4.291          -2.831          -8.819           22.021
   16 (vir)   112          24.094          -4.236          -1.532          -7.096           25.421
   17 (vir)   112          25.225          -6.336          -2.800         -11.060           27.149
   18 (vir)   112          26.509          -2.603          -1.056          -6.245           29.094
   19 (vir)   112          28.527          -4.976          -1.388          -8.665           30.828
   20 (vir)   112          32.161          -4.547          -1.346          -7.882           34.150
   21 (vir)   112          32.582          -3.853          -2.256          -8.989           35.463
   22 (vir)   112          34.374          -2.682          -1.687          -6.863           36.869
   23 (vir)   112          36.362          -0.905          -4.113         -13.373           44.718
   24 (vir)   112          41.339          -0.677          -1.491          -8.939           48.111
   25 (vir)   112          43.376          -2.079          -1.980          -7.661           46.977
   26 (vir)   112          44.102          -2.479          -2.713         -11.863           50.774
   27 (vir)   112          45.670          -8.923          -2.941         -12.876           46.683
   28 (vir)   112          45.784          -2.668          -2.045         -10.834           51.905
   29 (vir)   112          50.350          -1.554          -1.403          -9.822           57.216
   30 (vir)   112          55.087          -1.319          -1.495         -10.366           62.639
   31 (vir)   112          55.822          -0.175          -2.297         -12.384           65.735
   32 (vir)   112          58.644          -1.189          -0.917         -11.522           68.059
   33 (vir)   112          62.616          -1.643          -1.133         -11.776           71.616
   34 (vir)   112          66.589          -0.946          -2.196         -12.262           75.709
   35 (vir)   112          66.862           0.190          -1.546         -11.181           76.687
   36 (vir)   112          67.306           1.614          -2.120         -12.604           79.404
   37 (vir)   112          69.669          -2.473          -1.590         -12.319           77.925
   38 (vir)   112          75.056          -0.702          -1.838         -10.816           83.332
   39 (vir)   112          78.318          -3.837          -2.302         -13.060           85.240
   40 (vir)   112          79.113          -0.638          -3.040         -15.023           90.458
   41 (vir)   112          80.882          -2.521          -2.618         -14.566           90.309
   42 (vir)   112          86.220          -3.287          -2.724         -14.949           95.158
   43 (vir)   112          89.874           0.017          -1.329         -12.412          100.974
   44 (vir)   112          94.663          -4.542          -1.304         -12.578          101.394
   45 (vir)   112          95.357           0.003          -1.559         -13.458          107.259
   46 (vir)   112          95.524           9.629         -15.077          -9.094           99.170
   47 (vir)   112         103.179          -2.621          -2.549         -14.252          112.262
   48 (vir)   112         108.831          -0.387          -2.203         -14.961          121.202
   49 (vir)   112         112.208          -0.051          -1.519         -13.051          123.689
   50 (vir)   112         112.952          -0.005          -1.211         -14.037          125.774
   51 (vir)   112         119.676          -0.223          -2.196         -15.067          132.324
   52 (vir)   112         131.215          -0.493          -1.460         -15.519          144.780
   53 (vir)   112         140.174          -0.285          -2.477         -16.699          154.111
   54 (vir)   112         158.048          -4.148          -0.458         -11.487          164.929
   55 (vir)   112         220.281          -2.032          -0.148          -9.408          227.509
   56 (vir)   112         318.927           2.117          -0.854         -17.436          337.626
   57 (vir)   112         552.469           0.568           1.248         -20.417          574.703
   58 (vir)   112      272113.839          -0.000           0.001          -0.000       272113.839
 
 
  kpoint:     113             coordinate:     0.0000    0.3571    0.0000
 
    n           k   ϵ_nk^DFT (eV)     Σ^c_nk (eV)     Σ^x_nk (eV)    v_nk^xc (eV)   ϵ_nk^G0W0 (eV)
 
    1 (occ)   113         -19.240           8.212         -26.729         -16.942          -20.815
    2 (occ)   113         -11.105           4.505         -22.481         -16.171          -12.910
    3 (occ)   113          -7.524           3.347         -22.346         -17.462           -9.061
    4 (occ)   113          -5.996           2.625         -18.361         -14.374           -7.358
    5 (vir)   113           2.854          -4.100          -6.474         -12.205            4.485
    6 (vir)   113           4.978          -3.015          -3.029          -7.226            6.160
    7 (vir)   113           7.036          -3.933          -5.242         -10.849            8.709
    8 (vir)   113           7.855          -2.625          -1.057          -4.600            8.773
    9 (vir)   113          12.653          -4.893          -4.346         -10.901           14.315
   10 (vir)   113          14.514          -2.657          -1.229          -5.084           15.712
   11 (vir)   113          14.515          -4.058          -1.836          -7.009           15.630
   12 (vir)   113          15.385          -6.986          -6.357         -15.838           17.881
   13 (vir)   113          18.838          -3.649          -1.119          -5.889           19.959
   14 (vir)   113          19.050          -4.881          -2.902          -9.362           20.629
   15 (vir)   113          20.410          -4.299          -2.828          -8.829           22.111
   16 (vir)   113          24.140          -4.211          -1.538          -7.067           25.459
   17 (vir)   113          25.373          -6.651          -2.900         -11.281           27.104
   18 (vir)   113          26.604          -2.324          -0.999          -6.241           29.521
   19 (vir)   113          28.692          -3.422          -1.377          -8.382           32.276
   20 (vir)   113          32.347          -4.601          -1.367          -7.969           34.348
   21 (vir)   113          32.670          -4.205          -2.235          -9.014           35.244
   22 (vir)   113          34.449          -2.700          -1.690          -6.876           36.935
   23 (vir)   113          36.691           0.295          -4.048         -13.408           46.345
   24 (vir)   113          40.888          -0.925          -1.407          -8.824           47.380
   25 (vir)   113          43.481          -4.251          -1.729          -7.668           45.169
   26 (vir)   113          43.810          -2.508          -2.726         -11.825           50.402
   27 (vir)   113          45.248          -2.780          -2.062         -10.839           51.245
   28 (vir)   113          45.543          -6.521          -3.047         -12.946           48.922
   29 (vir)   113          50.548          -1.428          -1.377          -9.751           57.494
   30 (vir)   113          54.848          -1.206          -1.505         -10.393           62.529
   31 (vir)   113          55.666           0.481          -2.280         -12.256           66.123
   32 (vir)   113          58.894           3.997          -1.162         -11.559           73.287
   33 (vir)   113          63.006          -1.022          -1.190         -11.627           72.421
   34 (vir)   113          66.580           0.540          -1.546         -11.137           76.711
   35 (vir)   113          66.901           1.890          -2.197         -12.727           79.320
   36 (vir)   113          67.514          -1.056          -2.253         -12.383           76.589
   37 (vir)   113          69.393          -5.881          -1.636         -12.361           74.237
   38 (vir)   113          75.592          -0.685          -1.790         -10.807           83.923
   39 (vir)   113          78.579          -3.463          -2.248         -13.068           85.936
   40 (vir)   113          79.269          -0.644          -3.022         -15.021           90.624
   41 (vir)   113          81.106          -2.153          -2.689         -14.625           90.888
   42 (vir)   113          85.785          -4.203          -2.866         -14.966           93.683
   43 (vir)   113          90.381           0.040          -1.302         -12.239          101.360
   44 (vir)   113          95.027          -1.761          -0.635         -12.699          105.329
   45 (vir)   113          95.500           0.075          -1.573         -13.599          107.601
   46 (vir)   113          95.572           7.988         -17.660          -9.022           94.923
   47 (vir)   113         102.965          -1.338          -2.121         -14.301          113.807
   48 (vir)   113         109.226          -0.285          -2.529         -15.035          121.446
   49 (vir)   113         112.897           0.069          -1.492         -12.940          124.414
   50 (vir)   113         113.261          -0.523          -1.208         -13.876          125.406
   51 (vir)   113         118.551          -0.432          -2.499         -14.948          130.567
   52 (vir)   113         129.996          -0.749          -1.551         -15.565          143.262
   53 (vir)   113         139.763          -0.750          -2.795         -16.673          152.892
   54 (vir)   113         156.284          -3.275           0.138         -11.515          164.662
   55 (vir)   113         220.566          -1.488           0.062          -9.394          228.535
   56 (vir)   113         319.057           2.398          -0.855         -17.428          338.028
   57 (vir)   113         547.242           0.139           1.114         -20.281          568.777
   58 (vir)   113      272113.839          -0.000           0.001          -0.000       272113.839
 
 
  kpoint:     114             coordinate:     0.0000    0.3469    0.0000
 
    n           k   ϵ_nk^DFT (eV)     Σ^c_nk (eV)     Σ^x_nk (eV)    v_nk^xc (eV)   ϵ_nk^G0W0 (eV)
 
    1 (occ)   114         -19.340           8.245         -26.716         -16.897          -20.915
    2 (occ)   114         -10.913           4.444         -22.482         -16.241          -12.709
    3 (occ)   114          -7.466           3.329         -22.340         -17.477           -8.999
    4 (occ)   114          -6.138           2.676         -18.335         -14.284           -7.513
    5 (vir)   114           3.048          -4.141          -6.483         -12.264            4.688
    6 (vir)   114           4.813          -2.895          -2.785          -6.811            5.944
    7 (vir)   114           6.999          -4.025          -5.485         -11.238            8.726
    8 (vir)   114           7.685          -2.641          -1.065          -4.628            8.608
    9 (vir)   114          12.556          -4.856          -4.426         -10.948           14.221
   10 (vir)   114          14.538          -2.698          -1.321          -5.292           15.811
   11 (vir)   114          14.705          -4.138          -1.896          -7.166           15.837
   12 (vir)   114          15.090          -6.884          -6.401         -15.783           17.589
   13 (vir)   114          18.967          -3.628          -1.060          -5.801           20.080
   14 (vir)   114          19.023          -4.792          -2.793          -9.134           20.572
   15 (vir)   114          20.502          -4.307          -2.826          -8.839           22.208
   16 (vir)   114          24.215          -4.182          -1.539          -7.033           25.526
   17 (vir)   114          25.497          -6.886          -3.000         -11.465           27.076
   18 (vir)   114          26.706          -7.127          -0.997          -6.238           24.820
   19 (vir)   114          28.860          -2.347          -1.455          -8.132           33.191
   20 (vir)   114          32.529          -4.682          -1.394          -8.067           34.521
   21 (vir)   114          32.764          -4.273          -2.243          -9.046           35.295
   22 (vir)   114          34.531          -2.730          -1.694          -6.890           36.997
   23 (vir)   114          37.026          -0.424          -4.011         -13.440           46.031
   24 (vir)   114          40.492          -1.171          -1.337          -8.713           46.696
   25 (vir)   114          43.525          -2.529          -2.730         -11.770           50.035
   26 (vir)   114          43.586          -2.595          -1.667          -7.670           46.995
   27 (vir)   114          44.721          -2.893          -2.078         -10.843           50.593
   28 (vir)   114          45.447          -4.518          -3.165         -13.013           50.777
   29 (vir)   114          50.754          -1.300          -1.360          -9.690           57.784
   30 (vir)   114          54.555          -1.098          -1.515         -10.417           62.358
   31 (vir)   114          55.501           0.105          -2.287         -12.125           65.444
   32 (vir)   114          59.068          -0.190          -1.359         -11.577           69.096
   33 (vir)   114          63.379          -0.242          -1.387         -11.489           73.239
   34 (vir)   114          66.297           1.029          -1.548         -11.091           76.870
   35 (vir)   114          66.510           0.610          -2.287         -12.856           77.690
   36 (vir)   114          68.407          -1.203          -2.318         -12.511           77.397
   37 (vir)   114          69.205          -9.904          -1.706         -12.402           69.997
   38 (vir)   114          76.192          -0.810          -1.737         -10.803           84.447
   39 (vir)   114          78.864          -2.387          -2.150         -13.090           87.416
   40 (vir)   114          79.487          -0.640          -2.991         -15.012           90.868
   41 (vir)   114          81.332          -2.036          -2.676         -14.679           91.299
   42 (vir)   114          85.337          -4.266          -2.914         -14.975           93.133
   43 (vir)   114          90.895           0.079          -1.283         -12.089          101.780
   44 (vir)   114          95.331          -1.912          -0.386         -12.799          105.831
   45 (vir)   114          95.632           6.668         -18.830          -8.966           92.436
   46 (vir)   114          95.686           0.245          -1.587         -13.725          108.069
   47 (vir)   114         102.634          -0.878          -2.142         -14.362          113.976
   48 (vir)   114         109.578          -0.833          -2.767         -15.141          121.119
   49 (vir)   114         113.693           0.290          -1.463         -12.820          125.341
   50 (vir)   114         113.729          -0.894          -1.178         -13.719          125.376
   51 (vir)   114         117.451          -0.685          -2.718         -14.791          128.838
   52 (vir)   114         128.860          -1.125          -1.547         -15.605          141.793
   53 (vir)   114         139.324          -1.055          -2.951         -16.652          151.971
   54 (vir)   114         154.613          -1.204           0.683         -11.550          165.641
   55 (vir)   114         220.802          -0.897           0.277          -9.381          229.563
   56 (vir)   114         319.187           2.386          -0.855         -17.420          338.137
   57 (vir)   114         541.894           0.748          -0.072         -20.141          562.711
   58 (vir)   114      272113.839          -0.000           0.001          -0.000       272113.839
 
 
  kpoint:     115             coordinate:     0.0000    0.3367    0.0000
 
    n           k   ϵ_nk^DFT (eV)     Σ^c_nk (eV)     Σ^x_nk (eV)    v_nk^xc (eV)   ϵ_nk^G0W0 (eV)
 
    1 (occ)   115         -19.440           8.278         -26.706         -16.853          -21.015
    2 (occ)   115         -10.715           4.382         -22.480         -16.312          -12.500
    3 (occ)   115          -7.404           3.310         -22.334         -17.494           -8.933
    4 (occ)   115          -6.281           2.729         -18.315         -14.198           -7.668
    5 (vir)   115           3.240          -4.172          -6.474         -12.292            4.886
    6 (vir)   115           4.642          -2.790          -2.585          -6.465            5.734
    7 (vir)   115           6.974          -4.100          -5.684         -11.559            8.749
    8 (vir)   115           7.527          -2.671          -1.087          -4.688            8.457
    9 (vir)   115          12.404          -4.739          -4.398         -10.784           14.051
   10 (vir)   115          14.581          -2.846          -1.571          -5.791           15.955
   11 (vir)   115          14.789          -6.783          -6.444         -15.728           17.291
   12 (vir)   115          14.889          -4.210          -1.948          -7.306           16.037
   13 (vir)   115          19.042          -4.680          -2.653          -8.832           20.540
   14 (vir)   115          19.088          -3.616          -1.010          -5.734           20.195
   15 (vir)   115          20.601          -4.316          -2.824          -8.850           22.312
   16 (vir)   115          24.322          -4.151          -1.536          -6.993           25.627
   17 (vir)   115          25.595          -6.989          -3.080         -11.603           27.129
   18 (vir)   115          26.814          -0.178          -1.062          -6.237           31.812
   19 (vir)   115          29.027          -2.008          -1.593          -7.925           33.351
   20 (vir)   115          32.702          -4.791          -1.427          -8.178           34.663
   21 (vir)   115          32.865           0.703          -2.249          -9.084           40.403
   22 (vir)   115          34.619          -2.762          -1.698          -6.906           37.065
   23 (vir)   115          37.366          -1.737          -4.009         -13.471           45.090
   24 (vir)   115          40.157          -1.411          -1.277          -8.606           46.075
   25 (vir)   115          43.249          -2.543          -2.726         -11.698           49.678
   26 (vir)   115          43.691          -0.694          -1.877          -7.667           48.786
   27 (vir)   115          44.204          -3.008          -2.093         -10.846           49.948
   28 (vir)   115          45.382          -3.408          -3.258         -13.076           51.793
   29 (vir)   115          50.958          -1.114          -1.355          -9.638           58.127
   30 (vir)   115          54.217          -1.012          -1.518         -10.437           62.123
   31 (vir)   115          55.331          -0.712          -2.308         -11.994           64.305
   32 (vir)   115          59.161          -1.955          -1.480         -11.577           67.304
   33 (vir)   115          63.727           0.016          -1.583         -11.364           73.525
   34 (vir)   115          66.018           1.724          -1.551         -11.046           77.237
   35 (vir)   115          66.140          -0.263          -2.369         -12.990           76.498
   36 (vir)   115          69.115           7.408          -1.825         -12.438           87.136
   37 (vir)   115          69.255          -1.437          -2.389         -12.640           78.069
   38 (vir)   115          76.865          -1.382          -1.681         -10.811           84.613
   39 (vir)   115          79.165          -2.305          -2.027         -13.134           87.967
   40 (vir)   115          79.760          -0.620          -2.950         -14.998           91.189
   41 (vir)   115          81.561          -1.994          -2.611         -14.729           91.686
   42 (vir)   115          84.893          -4.148          -2.845         -14.970           92.870
   43 (vir)   115          91.403           0.157          -1.273         -11.975          102.261
   44 (vir)   115          95.580          -1.963          -0.821         -12.866          105.663
   45 (vir)   115          95.707           6.562         -18.898          -8.939           92.310
   46 (vir)   115          95.931           0.571          -1.602         -13.823          108.723
   47 (vir)   115         102.196          -1.394          -2.630         -14.427          112.598
   48 (vir)   115         109.864          -0.999          -2.991         -15.291          121.165
   49 (vir)   115         114.339          -1.289          -1.142         -13.574          125.482
   50 (vir)   115         114.609           0.696          -1.431         -12.691          126.565
   51 (vir)   115         116.403          -0.885          -2.833         -14.582          127.268
   52 (vir)   115         127.802          -1.082          -1.471         -15.640          140.889
   53 (vir)   115         138.871          -1.240          -2.990         -16.635          151.275
   54 (vir)   115         153.042          -0.887           0.894         -11.591          164.640
   55 (vir)   115         221.000          -1.000           0.381          -9.368          229.749
   56 (vir)   115         319.316           1.933          -0.853         -17.412          337.809
   57 (vir)   115         536.413           1.131          -1.639         -19.996          555.901
   58 (vir)   115      272113.839          -0.000           0.000          -0.000       272113.839
 
 
  kpoint:     116             coordinate:     0.0000    0.3265    0.0000
 
    n           k   ϵ_nk^DFT (eV)     Σ^c_nk (eV)     Σ^x_nk (eV)    v_nk^xc (eV)   ϵ_nk^G0W0 (eV)
 
    1 (occ)   116         -19.541           8.312         -26.697         -16.812          -21.115
    2 (occ)   116         -10.511           4.317         -22.475         -16.383          -12.286
    3 (occ)   116          -7.339           3.291         -22.327         -17.511           -8.864
    4 (occ)   116          -6.422           2.782         -18.299         -14.118           -7.821
    5 (vir)   116           3.426          -4.189          -6.442         -12.280            5.075
    6 (vir)   116           4.470          -2.700          -2.421          -6.180            5.529
    7 (vir)   116           6.959          -4.161          -5.845         -11.822            8.774
    8 (vir)   116           7.381          -2.718          -1.129          -4.790            8.324
    9 (vir)   116          12.218          -4.598          -4.318         -10.535           13.838
   10 (vir)   116          14.484          -6.681          -6.488         -15.674           16.987
   11 (vir)   116          14.622          -3.071          -1.903          -6.433           16.081
   12 (vir)   116          15.068          -4.271          -1.992          -7.427           16.232
   13 (vir)   116          19.109          -4.549          -2.486          -8.479           20.551
   14 (vir)   116          19.200          -3.615          -0.971          -5.689           20.303
   15 (vir)   116          20.707          -4.325          -2.821          -8.862           22.423
   16 (vir)   116          24.463          -4.117          -1.529          -6.947           25.763
   17 (vir)   116          25.666          -6.999          -3.123         -11.689           27.234
   18 (vir)   116          26.930          -0.637          -1.170          -6.238           31.361
   19 (vir)   116          29.190          -1.822          -1.737          -7.768           33.399
   20 (vir)   116          32.865          -4.921          -1.467          -8.302           34.779
   21 (vir)   116          32.975           2.128          -2.215          -9.125           42.013
   22 (vir)   116          34.713          -2.785          -1.703          -6.923           37.147
   23 (vir)   116          37.708          -2.141          -4.033         -13.500           45.035
   24 (vir)   116          39.884          -2.113          -1.217          -8.504           45.058
   25 (vir)   116          42.986          -2.552          -2.711         -11.608           49.332
   26 (vir)   116          43.697          -3.124          -2.108         -10.846           49.312
   27 (vir)   116          43.792          -0.316          -2.292          -7.656           48.841
   28 (vir)   116          45.350          -2.623          -3.293         -13.135           52.570
   29 (vir)   116          51.144          -0.795          -1.369          -9.598           58.578
   30 (vir)   116          53.854          -0.985          -1.507         -10.448           61.809
   31 (vir)   116          55.159          -1.221          -2.328         -11.866           63.476
   32 (vir)   116          59.171          -2.284          -1.546         -11.563           66.904
   33 (vir)   116          64.037          -0.807          -1.618         -11.252           72.863
   34 (vir)   116          65.747           2.662          -1.556         -11.002           77.855
   35 (vir)   116          65.794          -0.700          -2.430         -13.125           75.789
   36 (vir)   116          69.134           0.509          -1.997         -12.465           80.112
   37 (vir)   116          70.046          -1.801          -2.461         -12.761           78.546
   38 (vir)   116          77.616          -2.915          -1.625         -10.837           83.913
   39 (vir)   116          79.475           1.545          -1.912         -13.209           92.316
   40 (vir)   116          80.079          -0.581          -2.899         -14.981           91.581
   41 (vir)   116          81.791          -1.982          -2.525         -14.775           92.059
   42 (vir)   116          84.469          -2.317          -2.656         -14.943           94.438
   43 (vir)   116          91.891           0.268          -1.272         -11.912          102.800
   44 (vir)   116          95.779          -0.676          -7.856         -12.187           99.434
   45 (vir)   116          95.800           6.086         -12.315          -9.660           99.231
   46 (vir)   116          96.251           1.119          -1.615         -13.875          109.631
   47 (vir)   116         101.668           0.134          -3.206         -14.488          113.085
   48 (vir)   116         110.045          -1.037          -3.283         -15.493          121.218
   49 (vir)   116         115.069          -2.102          -1.170         -13.441          125.238
   50 (vir)   116         115.452          -0.965          -2.825         -14.313          125.975
   51 (vir)   116         115.659           1.449          -1.396         -12.554          128.265
   52 (vir)   116         126.822          -0.748          -1.396         -15.672          140.349
   53 (vir)   116         138.412          -1.291          -2.973         -16.620          150.767
   54 (vir)   116         151.580          -0.769           0.662         -11.639          163.111
   55 (vir)   116         221.164          -1.025           0.318          -9.356          229.813
   56 (vir)   116         319.446           3.154          -0.846         -17.403          339.158
   57 (vir)   116         530.784          -0.190          -2.804         -19.845          547.636
   58 (vir)   116      272113.839          -0.000           0.000          -0.000       272113.839
 
 
  kpoint:     117             coordinate:     0.0000    0.3163    0.0000
 
    n           k   ϵ_nk^DFT (eV)     Σ^c_nk (eV)     Σ^x_nk (eV)    v_nk^xc (eV)   ϵ_nk^G0W0 (eV)
 
    1 (occ)   117         -19.642           8.346         -26.691         -16.772          -21.214
    2 (occ)   117         -10.304           4.251         -22.468         -16.455          -12.067
    3 (occ)   117          -7.271           3.270         -22.321         -17.530           -8.791
    4 (occ)   117          -6.562           2.836         -18.288         -14.042           -7.973
    5 (vir)   117           3.604          -4.187          -6.381         -12.214            5.250
    6 (vir)   117           4.296          -2.624          -2.288          -5.944            5.328
    7 (vir)   117           6.951          -4.214          -5.976         -12.037            8.798
    8 (vir)   117           7.251          -2.787          -1.198          -4.946            8.211
    9 (vir)   117          12.012          -4.459          -4.220         -10.277           13.609
   10 (vir)   117          14.175          -6.581          -6.532         -15.619           16.681
   11 (vir)   117          14.645          -3.340          -2.259          -7.114           16.160
   12 (vir)   117          15.240          -4.323          -2.026          -7.529           16.420
   13 (vir)   117          19.225          -4.401          -2.299          -8.104           20.630
   14 (vir)   117          19.303          -3.624          -0.943          -5.667           20.403
   15 (vir)   117          20.819          -4.334          -2.818          -8.874           22.540
   16 (vir)   117          24.638          -4.082          -1.517          -6.897           25.935
   17 (vir)   117          25.712          -7.003          -3.120         -11.723           27.311
   18 (vir)   117          27.052          -0.549          -1.271          -6.241           31.473
   19 (vir)   117          29.343          -1.745          -1.818          -7.662           33.443
   20 (vir)   117          33.013          -5.059          -1.516          -8.440           34.878
   21 (vir)   117          33.095           2.523          -2.130          -9.167           42.655
   22 (vir)   117          34.813          -2.796          -1.709          -6.942           37.250
   23 (vir)   117          38.051          -2.249          -4.051         -13.529           45.280
   24 (vir)   117          39.676          -3.594          -1.155          -8.409           43.337
   25 (vir)   117          42.740          -2.560          -2.687         -11.502           48.996
   26 (vir)   117          43.201          -3.241          -2.120         -10.844           48.684
   27 (vir)   117          43.889           0.056          -2.703          -7.636           48.878
   28 (vir)   117          45.350          -1.434          -3.261         -13.186           53.842
   29 (vir)   117          51.281          -0.283          -1.416          -9.587           59.168
   30 (vir)   117          53.499          -1.086          -1.465         -10.431           61.379
   31 (vir)   117          54.990          -1.464          -2.336         -11.745           62.934
   32 (vir)   117          59.101          -2.425          -1.590         -11.541           66.628
   33 (vir)   117          64.294          -2.061          -1.440         -11.149           71.943
   34 (vir)   117          65.477          -1.036          -2.472         -13.260           75.228
   35 (vir)   117          65.489           3.827          -1.564         -10.959           78.712
   36 (vir)   117          69.266          -0.683          -2.162         -12.484           78.906
   37 (vir)   117          70.768          -2.239          -2.530         -12.870           78.869
   38 (vir)   117          78.448          -4.329          -1.572         -10.888           83.435
   39 (vir)   117          79.775           0.543          -1.853         -13.333           91.797
   40 (vir)   117          80.435          -0.525          -2.840         -14.963           92.032
   41 (vir)   117          82.020          -1.997          -2.441         -14.817           92.399
   42 (vir)   117          84.087           5.713          -2.360         -14.875          102.315
   43 (vir)   117          92.344           0.393          -1.281         -11.917          103.373
   44 (vir)   117          95.897           9.583         -21.106          -8.995           93.369
   45 (vir)   117          95.946          -1.637           0.664         -12.899          107.872
   46 (vir)   117          96.666           1.948          -1.625         -13.866          110.855
   47 (vir)   117         101.071           0.505          -3.419         -14.543          112.700
   48 (vir)   117         110.057          -0.892          -3.667         -15.726          121.224
   49 (vir)   117         114.663          -0.907          -2.712         -14.005          125.049
   50 (vir)   117         115.890           1.665          -1.226         -13.316          129.645
   51 (vir)   117         116.858           2.486          -1.358         -12.409          130.395
   52 (vir)   117         125.919           2.337          -1.391         -15.706          142.572
   53 (vir)   117         137.960          -1.223          -2.938         -16.606          150.405
   54 (vir)   117         150.235          -0.622           0.123         -11.692          161.428
   55 (vir)   117         221.303          -1.026           0.129          -9.345          229.750
   56 (vir)   117         319.577           6.822          -0.836         -17.395          342.958
   57 (vir)   117         524.992          -1.311          -2.993         -19.688          540.376
   58 (vir)   117      272113.839           0.000          -0.000          -0.000       272113.838
 
 
  kpoint:     118             coordinate:     0.0000    0.3061    0.0000
 
    n           k   ϵ_nk^DFT (eV)     Σ^c_nk (eV)     Σ^x_nk (eV)    v_nk^xc (eV)   ϵ_nk^G0W0 (eV)
 
    1 (occ)   118         -19.741           8.381         -26.685         -16.734          -21.312
    2 (occ)   118         -10.092           4.183         -22.460         -16.526          -11.843
    3 (occ)   118          -7.199           3.248         -22.314         -17.550           -8.715
    4 (occ)   118          -6.701           2.889         -18.281         -13.971           -8.122
    5 (vir)   118           3.770          -4.159          -6.283         -12.079            5.408
    6 (vir)   118           4.123          -2.563          -2.179          -5.749            5.131
    7 (vir)   118           6.950          -4.261          -6.081         -12.213            8.821
    8 (vir)   118           7.138          -2.883          -1.302          -5.171            8.124
    9 (vir)   118          11.793          -4.331          -4.122         -10.042           13.382
   10 (vir)   118          13.864          -6.481          -6.576         -15.564           16.372
   11 (vir)   118          14.644          -3.621          -2.600          -7.769           16.193
   12 (vir)   118          15.405          -4.365          -2.052          -7.611           16.598
   13 (vir)   118          19.391          -4.249          -2.107          -7.744           20.779
   14 (vir)   118          19.400          -3.643          -0.927          -5.667           20.497
   15 (vir)   118          20.937          -4.345          -2.816          -8.887           22.664
   16 (vir)   118          24.846          -4.048          -1.500          -6.845           26.143
   17 (vir)   118          25.734          -7.038          -3.077         -11.706           27.323
   18 (vir)   118          27.181          -0.536          -1.307          -6.247           31.584
   19 (vir)   118          29.482          -1.826          -1.794          -7.606           33.468
   20 (vir)   118          33.144          -5.186          -1.573          -8.590           34.975
   21 (vir)   118          33.229          -6.021          -2.027          -9.207           34.388
   22 (vir)   118          34.918          -2.793          -1.715          -6.964           37.374
   23 (vir)   118          38.392          -2.350          -4.027         -13.558           45.574
   24 (vir)   118          39.533          -3.756          -1.099          -8.326           43.004
   25 (vir)   118          42.512          -2.574          -2.651         -11.379           48.666
   26 (vir)   118          42.716          -3.355          -2.131         -10.839           48.069
   27 (vir)   118          43.978           0.352          -2.854          -7.605           49.081
   28 (vir)   118          45.384         -10.171          -3.182         -13.228           45.259
   29 (vir)   118          51.316           0.301          -1.516          -9.642           59.743
   30 (vir)   118          53.210          -1.355          -1.373         -10.348           60.830
   31 (vir)   118          54.828          -1.579          -2.329         -11.634           62.554
   32 (vir)   118          58.959          -2.813          -1.618         -11.516           66.044
   33 (vir)   118          64.489          -4.054          -1.152         -11.049           70.332
   34 (vir)   118          65.190          -1.414          -2.504         -13.392           74.664
   35 (vir)   118          65.249         -10.036          -1.574         -10.919           64.558
   36 (vir)   118          69.509          -0.442          -2.214         -12.497           79.350
   37 (vir)   118          71.415          -2.521          -2.591         -12.961           79.264
   38 (vir)   118          79.361          -4.201          -1.527         -10.966           84.598
   39 (vir)   118          80.039          -0.041          -1.900         -13.530           91.629
   40 (vir)   118          80.818          -0.459          -2.777         -14.944           92.526
   41 (vir)   118          82.249          -2.046          -2.367         -14.855           92.691
   42 (vir)   118          83.779           0.538          -2.013         -14.741           97.045
   43 (vir)   118          92.749           0.516          -1.298         -11.992          103.959
   44 (vir)   118          96.010          12.632         -20.294          -8.968           97.316
   45 (vir)   118          96.073          -5.465           0.377         -12.991          103.976
   46 (vir)   118          97.188           3.126          -1.632         -13.792          112.474
   47 (vir)   118         100.421           0.315          -3.099         -14.591          112.228
   48 (vir)   118         109.828          -0.495          -4.027         -15.893          121.199
   49 (vir)   118         114.115          -0.741          -2.523         -13.749          124.599
   50 (vir)   118         116.771           1.130          -1.219         -13.189          129.872
   51 (vir)   118         118.222           1.434          -1.316         -12.258          130.598
   52 (vir)   118         125.103           3.289          -1.466         -15.751          142.678
   53 (vir)   118         137.524          -1.038          -2.884         -16.592          150.193
   54 (vir)   118         149.022          -0.823          -0.427         -11.749          159.520
   55 (vir)   118         221.420          -0.932          -0.076          -9.335          229.747
   56 (vir)   118         319.710          -0.349          -0.828         -17.386          335.920
   57 (vir)   118         519.018          -1.658          -2.043         -19.525          534.842
   58 (vir)   118      272113.839           0.000          -0.000          -0.000       272113.838
 
 
  kpoint:     119             coordinate:     0.0000    0.2959    0.0000
 
    n           k   ϵ_nk^DFT (eV)     Σ^c_nk (eV)     Σ^x_nk (eV)    v_nk^xc (eV)   ϵ_nk^G0W0 (eV)
 
    1 (occ)   119         -19.839           8.415         -26.681         -16.697          -21.409
    2 (occ)   119          -9.876           4.114         -22.450         -16.598          -11.615
    3 (occ)   119          -7.125           3.226         -22.308         -17.571           -8.636
    4 (occ)   119          -6.837           2.942         -18.277         -13.904           -8.268
    5 (vir)   119           3.921          -4.100          -6.136         -11.857            5.541
    6 (vir)   119           3.952          -2.512          -2.090          -5.587            4.937
    7 (vir)   119           6.954          -4.301          -6.167         -12.357            8.843
    8 (vir)   119           7.046          -3.011          -1.452          -5.485            8.068
    9 (vir)   119          11.570          -4.216          -4.039          -9.839           13.154
   10 (vir)   119          13.552          -6.382          -6.619         -15.510           16.062
   11 (vir)   119          14.617          -3.886          -2.906          -8.362           16.187
   12 (vir)   119          15.561          -4.397          -2.067          -7.670           16.767
   13 (vir)   119          19.491          -3.671          -0.923          -5.690           20.587
   14 (vir)   119          19.602          -4.123          -1.928          -7.426           20.977
   15 (vir)   119          21.062          -4.356          -2.813          -8.901           22.794
   16 (vir)   119          25.086          -4.013          -1.481          -6.794           26.386
   17 (vir)   119          25.734          -7.081          -3.008         -11.643           27.288
   18 (vir)   119          27.317          -0.899          -1.240          -6.254           31.433
   19 (vir)   119          29.602          -2.108          -1.682          -7.592           33.405
   20 (vir)   119          33.255          -5.285          -1.640          -8.752           35.082
   21 (vir)   119          33.379          -5.818          -1.965          -9.243           34.839
   22 (vir)   119          35.027          -2.777          -1.723          -6.990           37.518
   23 (vir)   119          38.731          -2.691          -3.934         -13.590           45.695
   24 (vir)   119          39.453          -4.549          -1.070          -8.258           42.092
   25 (vir)   119          42.242          -3.462          -2.139         -10.829           47.470
   26 (vir)   119          42.305          -2.606          -2.604         -11.241           48.336
   27 (vir)   119          44.057           0.424          -2.561          -7.560           49.480
   28 (vir)   119          45.450          -8.603          -3.094         -13.257           47.011
   29 (vir)   119          51.184           0.188          -1.651          -9.789           59.510
   30 (vir)   119          53.055          -1.629          -1.246         -10.171           60.352
   31 (vir)   119          54.680          -1.637          -2.308         -11.536           62.270
   32 (vir)   119          58.757          -4.411          -1.626         -11.490           64.210
   33 (vir)   119          64.617          -2.021          -0.931         -10.943           72.607
   34 (vir)   119          64.935          -1.816          -2.535         -13.520           74.104
   35 (vir)   119          65.030          -1.186          -1.586         -10.882           73.140
   36 (vir)   119          69.852           0.744          -2.087         -12.509           81.018
   37 (vir)   119          71.983          -2.497          -2.642         -13.033           79.877
   38 (vir)   119          80.229          -0.744          -2.044         -13.824           91.266
   39 (vir)   119          80.347          -2.153          -1.493         -11.071           87.772
   40 (vir)   119          81.219          -0.393          -2.711         -14.927           93.043
   41 (vir)   119          82.475          -2.132          -2.302         -14.889           92.930
   42 (vir)   119          83.587          -2.207          -1.760         -14.518           94.138
   43 (vir)   119          93.102           0.640          -1.322         -12.124          104.544
   44 (vir)   119          96.124          -0.771         -18.127          -9.057           86.284
   45 (vir)   119          96.169          -4.187           0.258         -12.992          105.232
   46 (vir)   119          97.824           4.650          -1.636         -13.665          114.502
   47 (vir)   119          99.737          -1.816          -2.456         -14.626          110.091
   48 (vir)   119         109.330           0.136          -4.141         -15.889          121.215
   49 (vir)   119         113.839          -0.510          -2.366         -13.649          124.612
   50 (vir)   119         117.672           0.913          -1.017         -13.052          130.619
   51 (vir)   119         119.766           1.435          -1.272         -12.102          132.031
   52 (vir)   119         124.396          -2.219          -1.577         -15.816          136.417
   53 (vir)   119         137.114          -0.766          -2.773         -16.576          150.151
   54 (vir)   119         147.952          -1.306          -0.728         -11.806          157.724
   55 (vir)   119         221.522          -0.932          -0.191          -9.326          229.725
   56 (vir)   119         319.844           0.053          -0.823         -17.377          336.452
   57 (vir)   119         512.849          -0.957          -0.237         -19.355          531.009
   58 (vir)   119      272113.839           0.000          -0.000          -0.000       272113.838
 
 
  kpoint:     120             coordinate:     0.0000    0.2857    0.0000
 
    n           k   ϵ_nk^DFT (eV)     Σ^c_nk (eV)     Σ^x_nk (eV)    v_nk^xc (eV)   ϵ_nk^G0W0 (eV)
 
    1 (occ)   120         -19.936           8.448         -26.679         -16.662          -21.504
    2 (occ)   120          -9.658           4.043         -22.439         -16.669          -11.385
    3 (occ)   120          -7.048           3.203         -22.303         -17.594           -8.554
    4 (occ)   120          -6.971           2.995         -18.276         -13.841           -8.412
    5 (vir)   120           3.784          -2.469          -2.019          -5.451            4.748
    6 (vir)   120           4.052          -4.004          -5.933         -11.530            5.646
    7 (vir)   120           6.963          -4.336          -6.238         -12.477            8.866
    8 (vir)   120           6.979          -3.177          -1.657          -5.901            8.045
    9 (vir)   120          11.345          -4.119          -3.983          -9.671           12.914
   10 (vir)   120          13.241          -6.285          -6.660         -15.456           15.752
   11 (vir)   120          14.564          -4.119          -3.172          -8.874           16.147
   12 (vir)   120          15.708          -4.419          -2.071          -7.707           16.925
   13 (vir)   120          19.582          -3.707          -0.933          -5.734           20.677
   14 (vir)   120          19.852          -4.026          -1.779          -7.169           21.216
   15 (vir)   120          21.193          -4.368          -2.810          -8.916           22.932
   16 (vir)   120          25.355          -3.980          -1.459          -6.747           26.662
   17 (vir)   120          25.715          -7.096          -2.928         -11.540           27.231
   18 (vir)   120          27.461          -3.222          -1.074          -6.264           29.429
   19 (vir)   120          29.699          -2.565          -1.565          -7.612           33.181
   20 (vir)   120          33.345          -5.346          -1.715          -8.923           35.207
   21 (vir)   120          33.549          -4.337          -1.987          -9.274           36.499
   22 (vir)   120          35.139          -2.746          -1.733          -7.021           37.681
   23 (vir)   120          39.063          -4.542          -3.776         -13.625           44.369
   24 (vir)   120          39.435          -4.801          -1.092          -8.211           41.752
   25 (vir)   120          41.781          -3.566          -2.144         -10.813           46.884
   26 (vir)   120          42.119          -2.657          -2.546         -11.090           48.006
   27 (vir)   120          44.122           0.145          -1.822          -7.501           49.946
   28 (vir)   120          45.549          -6.447          -3.033         -13.272           49.340
   29 (vir)   120          50.876          -1.777          -1.764          -9.959           57.295
   30 (vir)   120          53.048          -1.573          -1.143          -9.971           60.303
   31 (vir)   120          54.551          -1.705          -2.268         -11.453           62.031
   32 (vir)   120          58.505          -7.259          -1.611         -11.466           61.100
   33 (vir)   120          64.677          -2.171          -0.897         -10.825           72.435
   34 (vir)   120          64.715          -2.071          -2.571         -13.642           73.715
   35 (vir)   120          64.836         -12.378          -1.599         -10.848           61.707
   36 (vir)   120          70.276          -9.910          -1.842         -12.528           71.052
   37 (vir)   120          72.473          -2.330          -2.684         -13.088           80.547
   38 (vir)   120          80.304          -1.018          -2.185         -14.192           91.292
   39 (vir)   120          81.397          -0.611          -1.470         -11.199           90.515
   40 (vir)   120          81.629          -0.338          -2.643         -14.913           93.561
   41 (vir)   120          82.698          -2.202          -2.242         -14.919           93.173
   42 (vir)   120          83.552          -8.795          -1.834         -14.227           87.150
   43 (vir)   120          93.407           0.769          -1.349         -12.285          105.113
   44 (vir)   120          96.225           5.101          -5.311         -11.837          107.853
   45 (vir)   120          96.238           3.685          -8.725         -10.351          101.548
   46 (vir)   120          98.568           5.874          -1.640         -13.511          116.313
   47 (vir)   120          99.040          -2.198          -1.893         -14.637          109.586
   48 (vir)   120         108.629           0.679          -3.865         -15.728          121.172
   49 (vir)   120         113.777          -0.466          -2.241         -13.684          124.754
   50 (vir)   120         118.524          -0.491          -0.617         -12.905          130.322
   51 (vir)   120         121.506           1.755          -1.229         -11.945          133.977
   52 (vir)   120         123.852          -2.529          -1.689         -15.899          135.533
   53 (vir)   120         136.738          -0.560          -2.556         -16.557          150.179
   54 (vir)   120         147.043          -1.737          -0.722         -11.860          156.443
   55 (vir)   120         221.612          -1.023          -0.179          -9.318          229.728
   56 (vir)   120         319.980           3.295          -0.823         -17.368          339.820
   57 (vir)   120         506.470          -1.122           1.820         -19.177          526.346
   58 (vir)   120      272113.839           0.000          -0.000          -0.000       272113.839
 
 
  kpoint:     121             coordinate:     0.0000    0.2755    0.0000
 
    n           k   ϵ_nk^DFT (eV)     Σ^c_nk (eV)     Σ^x_nk (eV)    v_nk^xc (eV)   ϵ_nk^G0W0 (eV)
 
    1 (occ)   121         -20.031           8.481         -26.677         -16.629          -21.598
    2 (occ)   121          -9.438           3.972         -22.427         -16.741          -11.152
    3 (occ)   121          -7.102           3.046         -18.278         -13.782           -8.551
    4 (occ)   121          -6.969           3.179         -22.298         -17.617           -8.470
    5 (vir)   121           3.620          -2.429          -1.963          -5.337            4.565
    6 (vir)   121           4.160          -3.870          -5.667         -11.093            5.716
    7 (vir)   121           6.940          -3.382          -1.924          -6.428            8.061
    8 (vir)   121           6.975          -4.362          -6.298         -12.576            8.891
    9 (vir)   121          11.122          -4.041          -3.963          -9.536           12.654
   10 (vir)   121          12.931          -6.190          -6.700         -15.403           15.443
   11 (vir)   121          14.489          -4.309          -3.405          -9.301           16.075
   12 (vir)   121          15.845          -4.432          -2.064          -7.720           17.069
   13 (vir)   121          19.677          -3.748          -0.954          -5.799           20.773
   14 (vir)   121          20.135          -3.950          -1.672          -6.983           21.495
   15 (vir)   121          21.331          -4.379          -2.807          -8.932           23.076
   16 (vir)   121          25.650          -3.950          -1.436          -6.706           26.970
   17 (vir)   121          25.682          -7.073          -2.851         -11.400           27.157
   18 (vir)   121          27.612          -3.586          -0.860          -6.276           29.442
   19 (vir)   121          29.772          -3.062          -1.554          -7.655           32.810
   20 (vir)   121          33.412          -5.364          -1.798          -9.099           35.349
   21 (vir)   121          33.740          -4.121          -2.093          -9.298           36.824
   22 (vir)   121          35.253          -2.711          -1.748          -7.060           37.855
   23 (vir)   121          39.388          -7.525          -3.587         -13.661           41.937
   24 (vir)   121          39.473          -4.519          -1.179          -8.191           41.966
   25 (vir)   121          41.335          -3.662          -2.145         -10.789           46.317
   26 (vir)   121          41.953          -2.733          -2.477         -10.929           47.673
   27 (vir)   121          44.172          -0.435          -0.842          -7.427           50.322
   28 (vir)   121          45.680          -5.633          -3.020         -13.268           50.295
   29 (vir)   121          50.451          -3.355          -1.837         -10.083           55.342
   30 (vir)   121          53.135          -1.149          -1.080          -9.815           60.721
   31 (vir)   121          54.449          -2.018          -2.197         -11.386           61.619
   32 (vir)   121          58.215          -9.943          -1.584         -11.444           58.131
   33 (vir)   121          64.530          -2.389          -2.608         -13.757           73.289
   34 (vir)   121          64.670         -11.263          -1.614         -10.818           62.611
   35 (vir)   121          64.673          -2.254          -1.067         -10.692           72.044
   36 (vir)   121          70.762          -3.056          -1.641         -12.558           78.623
   37 (vir)   121          72.888          -2.241          -2.718         -13.130           81.059
   38 (vir)   121          80.249          -7.895          -2.254         -14.548           84.649
   39 (vir)   121          82.041          -0.311          -2.576         -14.902           94.055
   40 (vir)   121          82.497          -0.142          -1.457         -11.344           92.241
   41 (vir)   121          82.916          -1.953          -2.188         -14.947           93.722
   42 (vir)   121          83.692          -3.225          -2.354         -13.951           92.064
   43 (vir)   121          93.676           0.894          -1.377         -12.451          105.645
   44 (vir)   121          96.240          -2.362          -0.651         -13.230          106.457
   45 (vir)   121          96.325           0.021          -8.369          -9.195           97.172
   46 (vir)   121          98.365          -2.732          -1.689         -14.584          108.528
   47 (vir)   121          99.408           5.707          -1.644         -13.354          116.824
   48 (vir)   121         107.818           0.042          -3.190         -15.487          120.158
   49 (vir)   121         113.841          -0.424          -2.090         -13.772          125.098
   50 (vir)   121         119.211          -1.586          -0.196         -12.813          130.242
   51 (vir)   121         123.453           1.550          -1.190         -11.789          135.602
   52 (vir)   121         123.575          -2.924          -1.805         -15.938          134.785
   53 (vir)   121         136.405          -0.739          -2.209         -16.534          149.990
   54 (vir)   121         146.313          -2.406          -0.575         -11.907          155.239
   55 (vir)   121         221.692          -1.385          -0.091          -9.311          229.527
   56 (vir)   121         320.117           3.072          -0.828         -17.359          339.720
   57 (vir)   121         499.875          -0.444           3.425         -18.993          521.848
   58 (vir)   121      272113.839          -0.000           0.000          -0.000       272113.839
 
 
  kpoint:     122             coordinate:     0.0000    0.2653    0.0000
 
    n           k   ϵ_nk^DFT (eV)     Σ^c_nk (eV)     Σ^x_nk (eV)    v_nk^xc (eV)   ϵ_nk^G0W0 (eV)
 
    1 (occ)   122         -20.125           8.514         -26.676         -16.598          -21.689
    2 (occ)   122          -9.216           3.901         -22.415         -16.813          -10.917
    3 (occ)   122          -7.230           3.097         -18.282         -13.727           -8.687
    4 (occ)   122          -6.887           3.155         -22.293         -17.642           -8.383
    5 (vir)   122           3.459          -2.392          -1.919          -5.241            4.389
    6 (vir)   122           4.241          -3.702          -5.343         -10.553            5.749
    7 (vir)   122           6.930          -3.622          -2.247          -7.055            8.116
    8 (vir)   122           6.991          -4.381          -6.350         -12.658            8.919
    9 (vir)   122          10.902          -3.978          -3.977          -9.431           12.379
   10 (vir)   122          12.622          -6.097          -6.740         -15.349           15.135
   11 (vir)   122          14.397          -4.453          -3.616          -9.648           15.977
   12 (vir)   122          15.969          -4.435          -2.045          -7.710           17.199
   13 (vir)   122          19.778          -3.794          -0.987          -5.883           20.880
   14 (vir)   122          20.442          -3.937          -1.609          -6.870           21.767
   15 (vir)   122          21.475          -4.392          -2.805          -8.949           23.228
   16 (vir)   122          25.638          -7.029          -2.782         -11.224           27.051
   17 (vir)   122          25.966          -3.923          -1.412          -6.675           27.305
   18 (vir)   122          27.771          -3.292          -0.677          -6.291           30.093
   19 (vir)   122          29.821          -3.469          -1.721          -7.713           32.343
   20 (vir)   122          33.458          -5.341          -1.887          -9.274           35.504
   21 (vir)   122          33.951          -4.855          -2.236          -9.316           36.176
   22 (vir)   122          35.366          -2.686          -1.768          -7.109           38.022
   23 (vir)   122          39.563          -4.265          -1.318          -8.201           42.181
   24 (vir)   122          39.702          -6.978          -3.419         -13.703           43.009
   25 (vir)   122          40.906          -3.753          -2.141         -10.752           45.764
   26 (vir)   122          41.807          -2.828          -2.398         -10.763           47.344
   27 (vir)   122          44.203          -0.847           0.038          -7.340           50.735
   28 (vir)   122          45.842          -5.412          -3.054         -13.244           50.619
   29 (vir)   122          49.971          -3.737          -1.888         -10.161           54.507
   30 (vir)   122          53.258          -0.538          -1.040          -9.703           61.383
   31 (vir)   122          54.377          -3.771          -2.092         -11.335           59.850
   32 (vir)   122          57.896         -12.366          -1.568         -11.422           55.384
   33 (vir)   122          64.380          -2.429          -2.644         -13.864           73.170
   34 (vir)   122          64.533          -9.324          -1.630         -10.793           64.372
   35 (vir)   122          64.611          -3.496          -1.394         -10.546           70.266
   36 (vir)   122          71.286          -9.566          -1.637         -12.603           72.686
   37 (vir)   122          73.230          -2.314          -2.746         -13.160           81.329
   38 (vir)   122          80.090          -5.300          -2.337         -14.817           87.270
   39 (vir)   122          82.448          -0.311          -2.511         -14.895           94.521
   40 (vir)   122          83.126          -0.657          -2.141         -14.971           95.299
   41 (vir)   122          83.634          -0.028          -1.452         -11.500           93.653
   42 (vir)   122          83.979          -2.091          -3.130         -13.766           92.524
   43 (vir)   122          93.922           0.985          -1.403         -12.605          106.109
   44 (vir)   122          96.145          -3.117          -1.788         -13.524          104.764
   45 (vir)   122          96.383           0.562          -2.345          -9.353          103.954
   46 (vir)   122          97.785          -3.038          -1.883         -14.356          107.220
   47 (vir)   122         100.329           4.604          -1.649         -13.210          116.493
   48 (vir)   122         106.974          -0.126          -2.187         -15.202          119.864
   49 (vir)   122         113.963          -0.477          -1.911         -13.865          125.441
   50 (vir)   122         119.576          -1.639          -0.114         -12.927          130.750
   51 (vir)   122         123.710          -1.658          -1.890         -15.784          135.946
   52 (vir)   122         125.618           1.637          -1.157         -11.638          137.736
   53 (vir)   122         136.121          -1.030          -1.757         -16.506          149.839
   54 (vir)   122         145.786          -7.123          -0.527         -11.943          150.078
   55 (vir)   122         221.764          -0.121          -0.016          -9.305          230.931
   56 (vir)   122         320.256          -0.784          -0.837         -17.349          335.983
   57 (vir)   122         493.059          -0.439           4.001         -18.801          515.423
   58 (vir)   122      272113.839          -0.000           0.000          -0.000       272113.839
 
 
  kpoint:     123             coordinate:     0.0000    0.2551    0.0000
 
    n           k   ϵ_nk^DFT (eV)     Σ^c_nk (eV)     Σ^x_nk (eV)    v_nk^xc (eV)   ϵ_nk^G0W0 (eV)
 
    1 (occ)   123         -20.215           8.546         -26.676         -16.568          -21.778
    2 (occ)   123          -8.993           3.829         -22.402         -16.886          -10.681
    3 (occ)   123          -7.354           3.147         -18.287         -13.675           -8.819
    4 (occ)   123          -6.803           3.131         -22.289         -17.668           -8.294
    5 (vir)   123           3.304          -2.358          -1.885          -5.159            4.220
    6 (vir)   123           4.294          -3.513          -4.975          -9.941            5.747
    7 (vir)   123           6.952          -3.887          -2.613          -7.755            8.207
    8 (vir)   123           7.009          -4.391          -6.393         -12.727            8.952
    9 (vir)   123          10.686          -3.920          -4.008          -9.353           12.111
   10 (vir)   123          12.317          -6.006          -6.778         -15.296           14.829
   11 (vir)   123          14.290          -4.547          -3.804          -9.925           15.864
   12 (vir)   123          16.081          -4.429          -2.015          -7.678           17.314
   13 (vir)   123          19.891          -3.843          -1.031          -5.987           21.004
   14 (vir)   123          20.768          -4.018          -1.583          -6.833           22.000
   15 (vir)   123          21.626          -4.404          -2.803          -8.967           23.386
   16 (vir)   123          25.588          -6.986          -2.718         -11.011           26.895
   17 (vir)   123          26.301          -3.902          -1.389          -6.655           27.664
   18 (vir)   123          27.937          -3.290          -0.599          -6.309           30.356
   19 (vir)   123          29.849          -4.122          -2.041          -7.777           31.463
   20 (vir)   123          33.483          -5.282          -1.978          -9.442           35.664
   21 (vir)   123          34.181          -4.642          -2.357          -9.328           36.511
   22 (vir)   123          35.474          -2.682          -1.795          -7.176           38.173
   23 (vir)   123          39.699          -4.144          -1.461          -8.248           42.342
   24 (vir)   123          40.002          -6.893          -3.317         -13.745           43.538
   25 (vir)   123          40.498          -3.841          -2.130         -10.696           45.224
   26 (vir)   123          41.674          -2.931          -2.311         -10.595           47.028
   27 (vir)   123          44.217          -1.254           0.484          -7.245           50.691
   28 (vir)   123          46.036          -6.089          -3.124         -13.195           50.019
   29 (vir)   123          49.475          -3.816          -1.931         -10.210           53.939
   30 (vir)   123          53.387           0.072          -1.010          -9.618           62.067
   31 (vir)   123          54.342          -6.284          -1.967         -11.299           57.391
   32 (vir)   123          57.558          -9.632          -1.580         -11.400           57.746
   33 (vir)   123          64.265          -2.217          -2.672         -13.963           73.339
   34 (vir)   123          64.426           4.862          -1.644         -10.771           78.415
   35 (vir)   123          64.494          -3.117          -1.806         -10.388           69.961
   36 (vir)   123          71.828           7.806          -1.879         -12.666           90.420
   37 (vir)   123          73.502          -2.549          -2.770         -13.181           81.364
   38 (vir)   123          79.873          -5.480          -2.550         -14.986           86.829
   39 (vir)   123          82.845          -0.344          -2.448         -14.892           94.946
   40 (vir)   123          83.328           0.753          -2.110         -14.994           96.965
   41 (vir)   123          84.368          -1.817          -3.773         -13.679           92.457
   42 (vir)   123          84.794          -0.073          -1.453         -11.662           94.930
   43 (vir)   123          94.159           1.006          -1.428         -12.741          106.477
   44 (vir)   123          95.840          -2.769          -2.962         -14.036          104.145
   45 (vir)   123          96.391           6.626           2.504          -9.584          115.105
   46 (vir)   123          97.420          -3.219          -2.616         -13.891          105.475
   47 (vir)   123         101.316           3.695          -1.655         -13.083          116.440
   48 (vir)   123         106.145           0.665          -1.038         -14.876          120.648
   49 (vir)   123         114.105          -0.546          -1.768         -13.952          125.743
   50 (vir)   123         119.587          -1.648          -0.598         -13.211          130.552
   51 (vir)   123         124.273          -0.916          -1.941         -15.473          136.888
   52 (vir)   123         128.004           2.584          -1.131         -11.495          140.952
   53 (vir)   123         135.893          -0.990          -1.289         -16.472          150.086
   54 (vir)   123         145.490          -4.372          -0.698         -11.964          152.385
   55 (vir)   123         221.829          -3.870          -0.009          -9.300          227.249
   56 (vir)   123         320.393          -4.277          -0.848         -17.340          332.609
   57 (vir)   123         486.025          -1.165           3.274         -18.603          506.737
   58 (vir)   123      272113.839          -0.000           0.000          -0.000       272113.839
 
 
  kpoint:     124             coordinate:     0.0000    0.2449    0.0000
 
    n           k   ϵ_nk^DFT (eV)     Σ^c_nk (eV)     Σ^x_nk (eV)    v_nk^xc (eV)   ϵ_nk^G0W0 (eV)
 
    1 (occ)   124         -20.304           8.577         -26.678         -16.540          -21.864
    2 (occ)   124          -8.770           3.758         -22.389         -16.958          -10.443
    3 (occ)   124          -7.475           3.195         -18.294         -13.627           -8.947
    4 (occ)   124          -6.718           3.105         -22.285         -17.695           -8.203
    5 (vir)   124           3.153          -2.327          -1.857          -5.089            4.058
    6 (vir)   124           4.320          -3.318          -4.588          -9.299            5.713
    7 (vir)   124           7.004          -4.162          -2.997          -8.482            8.327
    8 (vir)   124           7.029          -4.397          -6.426         -12.784            8.991
    9 (vir)   124          10.476          -3.860          -4.037          -9.299           11.877
   10 (vir)   124          12.015          -5.917          -6.816         -15.243           14.525
   11 (vir)   124          14.173          -4.597          -3.967         -10.141           15.750
   12 (vir)   124          16.178          -4.415          -1.975          -7.626           17.413
   13 (vir)   124          20.020          -3.895          -1.084          -6.106           21.147
   14 (vir)   124          21.103          -4.160          -1.579          -6.874           22.238
   15 (vir)   124          21.783          -4.415          -2.802          -8.987           23.553
   16 (vir)   124          25.539          -6.956          -2.649         -10.754           26.688
   17 (vir)   124          26.647          -3.890          -1.369          -6.650           28.039
   18 (vir)   124          28.111          -3.423          -0.663          -6.329           30.354
   19 (vir)   124          29.860          -5.388          -2.398          -7.843           29.916
   20 (vir)   124          33.490          -5.190          -2.069          -9.596           35.827
   21 (vir)   124          34.426          -1.686          -2.408          -9.333           39.667
   22 (vir)   124          35.573          -2.700          -1.832          -7.267           38.308
   23 (vir)   124          39.875          -4.153          -1.541          -8.337           42.519
   24 (vir)   124          40.116          -3.923          -2.109         -10.614           44.698
   25 (vir)   124          40.284          -7.590          -3.289         -13.781           43.185
   26 (vir)   124          41.550          -3.026          -2.219         -10.432           46.737
   27 (vir)   124          44.213          -1.555           0.319          -7.149           50.125
   28 (vir)   124          46.260         -10.096          -3.205         -13.121           46.081
   29 (vir)   124          48.989          -3.719          -1.970         -10.244           53.543
   30 (vir)   124          53.504           0.523          -0.985          -9.547           62.590
   31 (vir)   124          54.348          -7.298          -1.862         -11.274           56.463
   32 (vir)   124          57.208          -5.347          -1.630         -11.376           61.607
   33 (vir)   124          64.186          -1.465          -2.693         -14.053           74.081
   34 (vir)   124          64.329          -2.405          -2.213         -10.225           69.936
   35 (vir)   124          64.350           3.815          -1.659         -10.753           77.259
   36 (vir)   124          72.365         -12.544          -2.279         -12.751           70.293
   37 (vir)   124          73.706          -2.884          -2.789         -13.194           81.227
   38 (vir)   124          79.642          -9.811          -2.881         -15.073           82.023
   39 (vir)   124          83.227          -0.408          -2.389         -14.895           95.325
   40 (vir)   124          83.519           0.212          -2.099         -15.016           96.648
   41 (vir)   124          84.816          -0.513          -3.935         -13.669           94.037
   42 (vir)   124          85.965          -0.252          -1.456         -11.825           96.082
   43 (vir)   124          94.396           0.935          -1.450         -12.855          106.737
   44 (vir)   124          95.308          -3.450          -3.342         -14.468          102.984
   45 (vir)   124          96.331           0.583           4.846          -9.882          111.642
   46 (vir)   124          97.309          -1.894          -3.840         -13.497          105.073
   47 (vir)   124         102.356           3.350          -1.660         -12.976          117.023
   48 (vir)   124         105.364           0.265          -0.072         -14.503          120.059
   49 (vir)   124         114.243          -0.634          -1.729         -14.031          125.911
   50 (vir)   124         119.389          -1.260          -1.468         -13.456          130.117
   51 (vir)   124         125.098          -0.594          -2.050         -15.217          137.670
   52 (vir)   124         130.608          -0.800          -1.110         -11.364          140.062
   53 (vir)   124         135.726          -0.412          -0.929         -16.433          150.818
   54 (vir)   124         145.462          -2.143          -0.965         -11.971          154.325
   55 (vir)   124         221.888          -1.725          -0.047          -9.296          229.411
   56 (vir)   124         320.530          -3.423          -0.854         -17.331          333.585
   57 (vir)   124         478.779          -2.140           1.359         -18.398          496.396
   58 (vir)   124      272113.839          -0.000           0.000          -0.000       272113.839
 
 
  kpoint:     125             coordinate:     0.0000    0.2347    0.0000
 
    n           k   ϵ_nk^DFT (eV)     Σ^c_nk (eV)     Σ^x_nk (eV)    v_nk^xc (eV)   ϵ_nk^G0W0 (eV)
 
    1 (occ)   125         -20.389           8.609         -26.681         -16.513          -21.948
    2 (occ)   125          -8.546           3.686         -22.376         -17.031          -10.205
    3 (occ)   125          -7.591           3.242         -18.302         -13.581           -9.070
    4 (occ)   125          -6.631           3.080         -22.283         -17.723           -8.110
    5 (vir)   125           3.007          -2.303          -1.831          -5.030            3.902
    6 (vir)   125           4.321          -3.131          -4.209          -8.674            5.654
    7 (vir)   125           7.051          -4.401          -6.447         -12.832            9.035
    8 (vir)   125           7.083          -4.431          -3.372          -9.190            8.470
    9 (vir)   125          10.271          -3.802          -4.048          -9.266           11.687
   10 (vir)   125          11.718          -5.830          -6.853         -15.191           14.225
   11 (vir)   125          14.048          -4.617          -4.096         -10.306           15.640
   12 (vir)   125          16.260          -4.396          -1.926          -7.558           17.496
   13 (vir)   125          20.166          -3.949          -1.145          -6.239           21.312
   14 (vir)   125          21.439          -4.337          -1.588          -7.000           22.514
   15 (vir)   125          21.947          -4.426          -2.801          -9.008           23.728
   16 (vir)   125          25.497          -6.930          -2.560         -10.445           26.452
   17 (vir)   125          27.002          -3.887          -1.353          -6.664           28.425
   18 (vir)   125          28.293          -3.792          -0.847          -6.353           30.007
   19 (vir)   125          29.860          -6.669          -2.647          -7.906           28.450
   20 (vir)   125          33.486          -5.064          -2.157          -9.726           35.992
   21 (vir)   125          34.684          -1.041          -2.371          -9.330           40.603
   22 (vir)   125          35.655          -2.730          -1.880          -7.395           38.441
   23 (vir)   125          39.768          -3.989          -2.076         -10.492           44.194
   24 (vir)   125          40.084          -4.787          -1.508          -8.472           42.261
   25 (vir)   125          40.542          -8.446          -3.300         -13.798           42.593
   26 (vir)   125          41.423          -3.099          -2.124         -10.279           46.478
   27 (vir)   125          44.195          -0.457          -0.394          -7.069           50.413
   28 (vir)   125          46.516           3.447          -3.267         -13.020           59.716
   29 (vir)   125          48.532          -3.327          -2.007         -10.267           53.465
   30 (vir)   125          53.601           0.700          -0.962          -9.485           62.823
   31 (vir)   125          54.397          -5.381          -1.823         -11.259           58.452
   32 (vir)   125          56.851          -2.896          -1.709         -11.348           63.594
   33 (vir)   125          64.118          -2.293          -2.511         -10.062           69.376
   34 (vir)   125          64.142          -0.250          -2.710         -14.136           75.318
   35 (vir)   125          64.301           2.879          -1.673         -10.738           76.244
   36 (vir)   125          72.874           4.054          -2.672         -12.868           87.125
   37 (vir)   125          73.844          -3.189          -2.802         -13.199           81.051
   38 (vir)   125          79.429           1.371          -3.201         -15.090           92.690
   39 (vir)   125          83.589          -0.503          -2.335         -14.903           95.654
   40 (vir)   125          83.696          -0.814          -2.111         -15.036           95.806
   41 (vir)   125          85.290           0.048          -3.478         -13.715           95.575
   42 (vir)   125          87.136          -0.527          -1.459         -11.985           97.135
   43 (vir)   125          94.646           0.774          -1.471         -12.950          106.900
   44 (vir)   125          94.665           2.264          -3.051         -14.696          108.574
   45 (vir)   125          96.186           2.009           4.515         -10.243          112.952
   46 (vir)   125          97.358           0.571          -4.614         -13.296          106.610
   47 (vir)   125         103.439           3.396          -1.665         -12.885          118.056
   48 (vir)   125         104.651           0.390           0.326         -14.080          119.447
   49 (vir)   125         114.366          -0.638          -1.815         -14.105          126.018
   50 (vir)   125         119.130          -0.028          -2.358         -13.599          130.342
   51 (vir)   125         126.010          -0.439          -2.153         -15.073          138.490
   52 (vir)   125         133.415          -4.773          -1.087         -11.248          138.803
   53 (vir)   125         135.625          -0.625          -0.790         -16.388          150.599
   54 (vir)   125         145.745          -0.863          -1.035         -11.966          155.814
   55 (vir)   125         221.940          -1.248          -0.046          -9.293          229.940
   56 (vir)   125         320.664          -3.961          -0.849         -17.322          333.176
   57 (vir)   125         471.332          -1.705          -1.252         -18.188          486.563
   58 (vir)   125      272113.839           0.000          -0.000          -0.000       272113.838
 
 
  kpoint:     126             coordinate:     0.0000    0.2245    0.0000
 
    n           k   ϵ_nk^DFT (eV)     Σ^c_nk (eV)     Σ^x_nk (eV)    v_nk^xc (eV)   ϵ_nk^G0W0 (eV)
 
    1 (occ)   126         -20.472           8.639         -26.685         -16.488          -22.030
    2 (occ)   126          -8.324           3.616         -22.364         -17.104           -9.968
    3 (occ)   126          -7.704           3.287         -18.310         -13.539           -9.189
    4 (occ)   126          -6.542           3.054         -22.280         -17.753           -8.016
    5 (vir)   126           2.866          -2.284          -1.807          -4.979            3.754
    6 (vir)   126           4.301          -2.963          -3.859          -8.100            5.578
    7 (vir)   126           7.075          -4.409          -6.457         -12.870            9.079
    8 (vir)   126           7.184          -4.683          -3.717          -9.844            8.628
    9 (vir)   126          10.073          -3.760          -4.039          -9.252           11.526
   10 (vir)   126          11.426          -5.746          -6.889         -15.138           13.929
   11 (vir)   126          13.918          -4.631          -4.184         -10.427           15.529
   12 (vir)   126          16.329          -4.373          -1.871          -7.477           17.562
   13 (vir)   126          20.334          -4.006          -1.212          -6.383           21.498
   14 (vir)   126          21.766          -4.607          -1.609          -7.221           22.771
   15 (vir)   126          22.116          -4.435          -2.801          -9.031           23.912
   16 (vir)   126          25.473          -6.868          -2.432         -10.067           26.240
   17 (vir)   126          27.358          -3.894          -1.345          -6.701           28.819
   18 (vir)   126          28.482          -2.694          -1.078          -6.379           31.090
   19 (vir)   126          29.852          -7.181          -2.691          -7.965           27.946
   20 (vir)   126          33.477          -4.899          -2.236          -9.824           36.166
   21 (vir)   126          34.949          -0.954          -2.257          -9.317           41.055
   22 (vir)   126          35.710          -2.769          -1.939          -7.576           38.577
   23 (vir)   126          39.463          -4.019          -2.028         -10.316           43.732
   24 (vir)   126          40.318          -8.852          -1.374          -8.653           38.745
   25 (vir)   126          40.767          -7.618          -3.289         -13.772           43.632
   26 (vir)   126          41.282          -3.145          -2.032         -10.140           46.245
   27 (vir)   126          44.172          -0.017          -1.370          -7.031           49.816
   28 (vir)   126          46.803           0.674          -3.266         -12.890           57.101
   29 (vir)   126          48.120          -2.549          -2.042         -10.284           53.813
   30 (vir)   126          53.675           0.538          -0.942          -9.427           62.698
   31 (vir)   126          54.489           0.210          -1.868         -11.249           64.080
   32 (vir)   126          56.492          -0.032          -1.799         -11.312           65.973
   33 (vir)   126          63.866           1.829          -2.598          -9.903           73.001
   34 (vir)   126          64.135           2.457          -2.725         -14.213           78.079
   35 (vir)   126          64.276           1.654          -1.688         -10.727           74.970
   36 (vir)   126          73.332           1.712          -2.905         -13.026           85.166
   37 (vir)   126          73.916          -3.340          -2.809         -13.195           80.962
   38 (vir)   126          79.264          -0.154          -3.344         -15.042           90.807
   39 (vir)   126          83.856          -1.425          -2.145         -15.056           95.342
   40 (vir)   126          83.927          -0.626          -2.285         -14.916           95.931
   41 (vir)   126          85.766          -0.214          -2.545         -13.802           96.809
   42 (vir)   126          88.297          -0.780          -1.461         -12.140           98.196
   43 (vir)   126          93.998           0.664          -2.428         -14.816          107.050
   44 (vir)   126          94.916           0.548          -1.488         -13.028          107.004
   45 (vir)   126          95.943           3.257           2.490         -10.653          112.343
   46 (vir)   126          97.505           1.115          -4.154         -13.189          107.656
   47 (vir)   126         104.017           1.410          -0.031         -13.618          119.014
   48 (vir)   126         104.557           2.572          -1.670         -12.808          118.266
   49 (vir)   126         114.465          -1.341          -1.976         -14.174          125.322
   50 (vir)   126         118.894           0.455          -2.857         -13.668          130.160
   51 (vir)   126         126.893          -0.202          -2.113         -15.009          139.586
   52 (vir)   126         135.594          -0.516          -0.907         -16.339          150.510
   53 (vir)   126         136.397          -2.909          -1.056         -11.149          143.582
   54 (vir)   126         146.390          -2.744          -0.676         -11.957          154.926
   55 (vir)   126         221.985          -0.681           0.059          -9.291          230.653
   56 (vir)   126         320.792           0.393          -0.829         -17.313          337.669
   57 (vir)   126         463.700          -1.693          -3.792         -17.973          476.187
   58 (vir)   126      272113.839           0.000          -0.001          -0.000       272113.838
 
 
  kpoint:     127             coordinate:     0.0000    0.2143    0.0000
 
    n           k   ϵ_nk^DFT (eV)     Σ^c_nk (eV)     Σ^x_nk (eV)    v_nk^xc (eV)   ϵ_nk^G0W0 (eV)
 
    1 (occ)   127         -20.552           8.669         -26.690         -16.465          -22.108
    2 (occ)   127          -8.103           3.546         -22.351         -17.177           -9.731
    3 (occ)   127          -7.813           3.331         -18.320         -13.499           -9.303
    4 (occ)   127          -6.453           3.028         -22.279         -17.783           -7.921
    5 (vir)   127           2.731          -2.269          -1.786          -4.936            3.613
    6 (vir)   127           4.264          -2.818          -3.550          -7.596            5.492
    7 (vir)   127           7.101          -4.423          -6.461         -12.900            9.117
    8 (vir)   127           7.302          -4.912          -4.021         -10.426            8.795
    9 (vir)   127           9.881          -3.751          -4.023          -9.256           11.363
   10 (vir)   127          11.140          -5.665          -6.923         -15.086           13.638
   11 (vir)   127          13.785          -4.662          -4.236         -10.513           15.399
   12 (vir)   127          16.383          -4.348          -1.812          -7.390           17.613
   13 (vir)   127          20.523          -4.065          -1.282          -6.532           21.707
   14 (vir)   127          22.070          -5.093          -1.659          -7.548           22.867
   15 (vir)   127          22.293          -4.443          -2.801          -9.057           24.105
   16 (vir)   127          25.479          -6.710          -2.252          -9.609           26.125
   17 (vir)   127          27.708          -3.903          -1.348          -6.769           29.226
   18 (vir)   127          28.680          -0.082          -1.259          -6.409           33.748
   19 (vir)   127          29.843          -7.251          -2.530          -8.019           28.082
   20 (vir)   127          33.473          -4.686          -2.302          -9.880           36.364
   21 (vir)   127          35.219          -1.554          -2.096          -9.291           40.860
   22 (vir)   127          35.726          -2.821          -2.011          -7.821           38.715
   23 (vir)   127          39.214          -3.999          -1.963         -10.071           43.323
   24 (vir)   127          40.570           0.636          -1.229          -8.880           48.856
   25 (vir)   127          40.951          -5.974          -3.210         -13.670           45.436
   26 (vir)   127          41.115          -3.169          -1.947         -10.020           46.019
   27 (vir)   127          44.154           0.258          -2.215          -7.072           49.270
   28 (vir)   127          47.121          -0.419          -3.159         -12.734           56.277
   29 (vir)   127          47.770          -1.850          -2.073         -10.295           54.142
   30 (vir)   127          53.725           0.036          -0.924          -9.371           62.208
   31 (vir)   127          54.625           0.496          -1.960         -11.240           64.401
   32 (vir)   127          56.136          -0.827          -1.879         -11.268           64.698
   33 (vir)   127          63.578           1.692          -2.415          -9.756           72.611
   34 (vir)   127          64.164           4.113          -2.744         -14.284           79.817
   35 (vir)   127          64.271           0.310          -1.703         -10.719           73.597
   36 (vir)   127          73.711           0.478          -2.915         -13.238           84.512
   37 (vir)   127          73.920          -3.314          -2.809         -13.182           80.980
   38 (vir)   127          79.173          -0.454          -3.211         -14.924           90.432
   39 (vir)   127          83.994          -1.684          -2.189         -15.077           95.198
   40 (vir)   127          84.239          -0.775          -2.242         -14.933           96.156
   41 (vir)   127          86.219          -1.445          -1.506         -13.924           97.192
   42 (vir)   127          89.440          -0.902          -1.461         -12.287           99.363
   43 (vir)   127          93.352           0.418          -1.830         -14.881          106.821
   44 (vir)   127          95.213           0.295          -1.503         -13.092          107.097
   45 (vir)   127          95.601           4.749           0.307         -11.081          111.738
   46 (vir)   127          97.734           0.984          -2.348         -13.121          109.492
   47 (vir)   127         103.465           1.865          -0.832         -13.144          117.640
   48 (vir)   127         105.702           0.473          -1.676         -12.742          117.241
   49 (vir)   127         114.536          -1.371          -2.114         -14.240          125.292
   50 (vir)   127         118.729           0.532          -2.675         -13.691          130.277
   51 (vir)   127         127.674           0.248          -1.867         -14.986          141.040
   52 (vir)   127         135.632          -0.264          -1.183         -16.285          150.470
   53 (vir)   127         139.512          -2.878          -1.012         -11.070          146.691
   54 (vir)   127         147.441          -6.049           0.042         -11.951          153.384
   55 (vir)   127         222.020          -0.301           0.232          -9.291          231.241
   56 (vir)   127         320.913          -2.251          -0.802         -17.305          335.165
   57 (vir)   127         455.900          -2.445          -5.432         -17.753          465.777
   58 (vir)   127      272113.839           0.000          -0.001          -0.000       272113.838
 
 
  kpoint:     128             coordinate:     0.0000    0.2041    0.0000
 
    n           k   ϵ_nk^DFT (eV)     Σ^c_nk (eV)     Σ^x_nk (eV)    v_nk^xc (eV)   ϵ_nk^G0W0 (eV)
 
    1 (occ)   128         -20.629           8.697         -26.694         -16.442          -22.183
    2 (occ)   128          -7.917           3.373         -18.330         -13.462           -9.412
    3 (occ)   128          -7.884           3.477         -22.340         -17.251           -9.496
    4 (occ)   128          -6.364           3.003         -22.279         -17.815           -7.825
    5 (vir)   128           2.602          -2.255          -1.768          -4.900            3.479
    6 (vir)   128           4.215          -2.697          -3.284          -7.165            5.399
    7 (vir)   128           7.127          -4.445          -6.461         -12.923            9.144
    8 (vir)   128           7.433          -5.117          -4.282         -10.932            8.966
    9 (vir)   128           9.696          -3.780          -4.023          -9.276           11.170
   10 (vir)   128          10.860          -5.586          -6.954         -15.034           13.354
   11 (vir)   128          13.651          -4.723          -4.263         -10.569           15.234
   12 (vir)   128          16.425          -4.323          -1.752          -7.300           17.650
   13 (vir)   128          20.734          -4.126          -1.355          -6.685           21.938
   14 (vir)   128          22.338          -5.332          -1.759          -7.978           23.225
   15 (vir)   128          22.475          -4.449          -2.802          -9.084           24.309
   16 (vir)   128          25.530          -6.402          -2.024          -9.068           26.172
   17 (vir)   128          28.045          -3.900          -1.366          -6.875           29.654
   18 (vir)   128          28.886          -0.077          -1.312          -6.443           33.940
   19 (vir)   128          29.835          -7.502          -2.260          -8.068           28.141
   20 (vir)   128          33.483          -4.407          -2.350          -9.883           36.609
   21 (vir)   128          35.488          -3.308          -1.924          -9.252           39.507
   22 (vir)   128          35.689          -2.893          -2.093          -8.134           38.837
   23 (vir)   128          39.036          -3.939          -1.884          -9.756           42.969
   24 (vir)   128          40.832           0.068          -1.207          -9.149           48.842
   25 (vir)   128          40.909          -3.182          -1.873          -9.920           45.775
   26 (vir)   128          41.080          -6.714          -3.061         -13.450           44.755
   27 (vir)   128          44.155           0.385          -2.585          -7.236           49.191
   28 (vir)   128          47.469          -1.547          -2.928         -12.556           55.550
   29 (vir)   128          47.493          -1.628          -2.098         -10.303           54.070
   30 (vir)   128          53.754          -0.707          -0.908          -9.317           61.456
   31 (vir)   128          54.803          -0.493          -2.020         -11.230           63.519
   32 (vir)   128          55.786          -1.769          -1.930         -11.213           63.300
   33 (vir)   128          63.259           2.803          -1.993          -9.625           73.694
   34 (vir)   128          64.229           3.762          -2.766         -14.350           79.574
   35 (vir)   128          64.281          -0.737          -1.719         -10.714           72.538
   36 (vir)   128          73.856          -3.166          -2.802         -13.159           81.048
   37 (vir)   128          73.986          -0.674          -2.753         -13.505           84.064
   38 (vir)   128          79.177          -1.124          -2.836         -14.741           89.959
   39 (vir)   128          84.108          -1.716          -2.228         -15.099           95.262
   40 (vir)   128          84.522          -0.942          -2.204         -14.954           96.330
   41 (vir)   128          86.632          -2.801          -0.763         -14.075           97.143
   42 (vir)   128          90.559          -0.891          -1.461         -12.424          100.631
   43 (vir)   128          92.753          -0.142          -1.546         -14.906          105.971
   44 (vir)   128          95.168           2.940          -0.840         -11.489          108.755
   45 (vir)   128          95.543           0.054          -1.514         -13.144          107.227
   46 (vir)   128          98.049           3.300           0.151         -13.072          114.572
   47 (vir)   128         102.983           1.949          -1.248         -12.691          116.375
   48 (vir)   128         106.873          -0.915          -1.680         -12.683          116.960
   49 (vir)   128         114.577          -1.487          -2.141         -14.305          125.254
   50 (vir)   128         118.661           1.158          -1.833         -13.686          131.673
   51 (vir)   128         128.309           0.439          -1.470         -14.979          142.258
   52 (vir)   128         135.741          -1.417          -1.413         -16.230          149.141
   53 (vir)   128         142.693          -4.871          -0.957         -11.012          147.877
   54 (vir)   128         148.936          -1.639           0.679         -11.957          159.932
   55 (vir)   128         222.044          -0.251           0.329          -9.292          231.414
   56 (vir)   128         321.024          -2.323          -0.785         -17.298          335.214
   57 (vir)   128         447.953          -1.296          -5.550         -17.531          458.638
   58 (vir)   128      272113.839           0.000          -0.001          -0.000       272113.838
 
 
  kpoint:     129             coordinate:     0.0000    0.1939    0.0000
 
    n           k   ϵ_nk^DFT (eV)     Σ^c_nk (eV)     Σ^x_nk (eV)    v_nk^xc (eV)   ϵ_nk^G0W0 (eV)
 
    1 (occ)   129         -20.703           8.724         -26.697         -16.421          -22.255
    2 (occ)   129          -8.017           3.413         -18.340         -13.428           -9.517
    3 (occ)   129          -7.667           3.409         -22.331         -17.325           -9.264
    4 (occ)   129          -6.274           2.977         -22.280         -17.847           -7.729
    5 (vir)   129           2.478          -2.240          -1.755          -4.869            3.351
    6 (vir)   129           4.157          -2.597          -3.059          -6.804            5.304
    7 (vir)   129           7.155          -4.469          -6.464         -12.939            9.160
    8 (vir)   129           7.573          -5.299          -4.500         -11.365            9.138
    9 (vir)   129           9.518          -3.832          -4.054          -9.311           10.943
   10 (vir)   129          10.588          -5.510          -6.983         -14.983           13.078
   11 (vir)   129          13.517          -4.800          -4.279         -10.599           15.037
   12 (vir)   129          16.455          -4.298          -1.692          -7.212           17.676
   13 (vir)   129          20.968          -4.187          -1.427          -6.837           22.191
   14 (vir)   129          22.553          -5.407          -1.915          -8.484           23.714
   15 (vir)   129          22.664          -4.451          -2.803          -9.114           24.524
   16 (vir)   129          25.639          -5.926          -1.776          -8.474           26.411
   17 (vir)   129          28.358          -3.874          -1.403          -7.029           30.109
   18 (vir)   129          29.099          -0.816          -1.211          -6.480           33.552
   19 (vir)   129          29.833          -7.775          -2.015          -8.112           28.155
   20 (vir)   129          33.522          -4.044          -2.374          -9.823           36.928
   21 (vir)   129          35.589          -2.991          -2.175          -8.488           38.911
   22 (vir)   129          35.753          -4.035          -1.771          -9.199           39.147
   23 (vir)   129          38.938          -3.853          -1.799          -9.395           42.680
   24 (vir)   129          40.654          -3.198          -1.812          -9.842           45.487
   25 (vir)   129          41.097           0.774          -1.405          -9.454           49.921
   26 (vir)   129          41.144          -7.826          -2.872         -13.085           43.532
   27 (vir)   129          44.187           0.116          -2.346          -7.551           49.508
   28 (vir)   129          47.298          -1.696          -2.113         -10.307           53.796
   29 (vir)   129          47.845          -6.019          -2.606         -12.361           51.581
   30 (vir)   129          53.764          -1.448          -0.892          -9.263           60.686
   31 (vir)   129          55.019          -2.259          -1.967         -11.214           62.006
   32 (vir)   129          55.447         -10.891          -1.937         -11.144           53.763
   33 (vir)   129          62.914          -3.610          -1.449          -9.515           67.369
   34 (vir)   129          64.299          -1.402          -1.736         -10.711           71.871
   35 (vir)   129          64.331           2.045          -2.794         -14.412           77.995
   36 (vir)   129          73.722          -2.966          -2.790         -13.125           81.090
   37 (vir)   129          74.142           2.735          -2.545         -13.808           88.140
   38 (vir)   129          79.285          -0.528          -2.378         -14.518           90.897
   39 (vir)   129          84.190          -1.459          -2.244         -15.122           95.608
   40 (vir)   129          84.773          -1.121          -2.171         -14.977           96.458
   41 (vir)   129          86.987          -3.939          -0.526         -14.249           96.771
   42 (vir)   129          91.648          -0.807          -1.460         -12.552          101.932
   43 (vir)   129          92.219          -0.964          -1.665         -14.896          104.486
   44 (vir)   129          94.659           6.477          -0.639         -11.843          112.340
   45 (vir)   129          95.910          -0.152          -1.522         -13.187          107.424
   46 (vir)   129          98.463          -1.915           2.190         -13.037          111.775
   47 (vir)   129         102.553           5.687          -0.428         -12.290          120.101
   48 (vir)   129         108.068          -1.619          -1.683         -12.629          117.395
   49 (vir)   129         114.587          -1.912          -2.030         -14.368          125.013
   50 (vir)   129         118.712          -2.000          -0.688         -13.664          129.688
   51 (vir)   129         128.783           0.441          -1.051         -14.974          143.147
   52 (vir)   129         135.917          -0.275          -1.371         -16.174          150.445
   53 (vir)   129         145.857           1.205          -0.900         -10.974          157.136
   54 (vir)   129         150.897          -2.025           0.652         -11.978          161.501
   55 (vir)   129         222.054          -0.381           0.178          -9.294          231.146
   56 (vir)   129         321.121          -2.229          -0.796         -17.292          335.388
   57 (vir)   129         439.876           1.537          -4.003         -17.305          454.715
   58 (vir)   129      272113.839           0.000          -0.000          -0.000       272113.838
 
 
  kpoint:     130             coordinate:     0.0000    0.1837    0.0000
 
    n           k   ϵ_nk^DFT (eV)     Σ^c_nk (eV)     Σ^x_nk (eV)    v_nk^xc (eV)   ϵ_nk^G0W0 (eV)
 
    1 (occ)   130         -20.773           8.749         -26.701         -16.401          -22.323
    2 (occ)   130          -8.112           3.451         -18.351         -13.395           -9.616
    3 (occ)   130          -7.454           3.342         -22.322         -17.399           -9.035
    4 (occ)   130          -6.184           2.952         -22.283         -17.880           -7.634
    5 (vir)   130           2.360          -2.225          -1.749          -4.843            3.230
    6 (vir)   130           4.093          -2.515          -2.871          -6.503            5.209
    7 (vir)   130           7.183          -4.487          -6.471         -12.948            9.173
    8 (vir)   130           7.717          -5.461          -4.681         -11.734            9.309
    9 (vir)   130           9.347          -3.876          -4.120          -9.359           10.709
   10 (vir)   130          10.324          -5.437          -7.009         -14.932           12.810
   11 (vir)   130          13.384          -4.855          -4.296         -10.608           14.842
   12 (vir)   130          16.476          -4.276          -1.635          -7.128           17.692
   13 (vir)   130          21.223          -4.247          -1.499          -6.989           22.466
   14 (vir)   130          22.707          -5.809          -2.099          -8.998           23.797
   15 (vir)   130          22.860          -4.451          -2.805          -9.147           24.751
   16 (vir)   130          25.819          -5.413          -1.565          -7.890           26.732
   17 (vir)   130          28.637          -3.841          -1.463          -7.236           30.569
   18 (vir)   130          29.321          -3.357          -0.999          -6.521           31.486
   19 (vir)   130          29.838          -7.895          -1.904          -8.151           28.191
   20 (vir)   130          33.605          -3.580          -2.366          -9.693           37.351
   21 (vir)   130          35.425          -3.115          -2.251          -8.840           38.899
   22 (vir)   130          36.010          -5.002          -1.649          -9.131           38.490
   23 (vir)   130          38.924          -3.751          -1.718          -9.031           42.486
   24 (vir)   130          40.346          -3.229          -1.768          -9.784           45.134
   25 (vir)   130          41.136          -8.811          -2.661         -12.592           42.257
   26 (vir)   130          41.360          -9.703          -1.808          -9.783           39.631
   27 (vir)   130          44.263          -0.158          -1.658          -8.004           50.451
   28 (vir)   130          47.188          -1.846          -2.116         -10.310           53.536
   29 (vir)   130          48.244         -12.654          -2.273         -12.159           45.476
   30 (vir)   130          53.760          -1.932          -0.878          -9.210           60.160
   31 (vir)   130          55.126           6.493          -1.878         -11.060           70.800
   32 (vir)   130          55.270          -1.133          -1.776         -11.190           63.551
   33 (vir)   130          62.549          -2.682          -0.932          -9.430           68.365
   34 (vir)   130          64.317          -1.805          -1.753         -10.711           71.471
   35 (vir)   130          64.472           0.930          -2.826         -14.472           77.047
   36 (vir)   130          73.516          -2.781          -2.777         -13.078           81.036
   37 (vir)   130          74.181           2.772          -2.426         -14.113           88.640
   38 (vir)   130          79.482           0.757          -2.029         -14.294           92.505
   39 (vir)   130          84.234          -0.585          -2.232         -15.147           96.564
   40 (vir)   130          84.991          -1.305          -2.144         -15.003           96.545
   41 (vir)   130          87.273           0.562          -0.729         -14.437          101.543
   42 (vir)   130          91.763           1.414          -2.049         -14.853          105.981
   43 (vir)   130          92.703          -0.716          -1.460         -12.669          103.197
   44 (vir)   130          94.100           1.608           0.440         -12.126          108.272
   45 (vir)   130          96.317          -0.317          -1.527         -13.224          107.697
   46 (vir)   130          98.992          -0.222           2.736         -13.016          114.522
   47 (vir)   130         102.154           2.600           1.761         -11.957          118.471
   48 (vir)   130         109.290          -2.008          -1.681         -12.577          118.179
   49 (vir)   130         114.566          -2.260          -1.832         -14.428          124.902
   50 (vir)   130         118.898          -1.775           0.246         -13.631          131.000
   51 (vir)   130         129.099          -1.779          -0.751         -14.968          141.538
   52 (vir)   130         136.157          -0.478          -0.958         -16.119          150.840
   53 (vir)   130         148.900           0.407          -0.857         -10.955          159.405
   54 (vir)   130         153.333           1.776          -0.348         -12.013          166.774
   55 (vir)   130         222.050          -0.969          -0.282          -9.297          230.095
   56 (vir)   130         321.202          -1.360          -0.841         -17.286          336.287
   57 (vir)   130         431.683          -0.119          -1.273         -17.077          447.368
   58 (vir)   130      272113.839           0.000          -0.000          -0.000       272113.839
 
 
  kpoint:     131             coordinate:     0.0000    0.1735    0.0000
 
    n           k   ϵ_nk^DFT (eV)     Σ^c_nk (eV)     Σ^x_nk (eV)    v_nk^xc (eV)   ϵ_nk^G0W0 (eV)
 
    1 (occ)   131         -20.840           8.773         -26.704         -16.383          -22.388
    2 (occ)   131          -8.202           3.488         -18.361         -13.366           -9.711
    3 (occ)   131          -7.245           3.278         -22.316         -17.472           -8.811
    4 (occ)   131          -6.095           2.928         -22.286         -17.914           -7.539
    5 (vir)   131           2.248          -2.208          -1.747          -4.821            3.114
    6 (vir)   131           4.027          -2.448          -2.714          -6.253            5.117
    7 (vir)   131           7.212          -4.490          -6.478         -12.949            9.193
    8 (vir)   131           7.863          -5.604          -4.830         -12.048            9.476
    9 (vir)   131           9.183          -3.881          -4.208          -9.420           10.514
   10 (vir)   131          10.069          -5.366          -7.033         -14.881           12.552
   11 (vir)   131          13.255          -4.842          -4.317         -10.600           14.696
   12 (vir)   131          16.489          -4.258          -1.581          -7.051           17.700
   13 (vir)   131          21.499          -4.307          -1.569          -7.138           22.762
   14 (vir)   131          22.798          -6.256          -2.264          -9.447           23.725
   15 (vir)   131          23.062          -4.450          -2.809          -9.183           24.986
   16 (vir)   131          26.070          -5.560          -1.438          -7.392           26.463
   17 (vir)   131          28.871          -3.839          -1.547          -7.496           30.980
   18 (vir)   131          29.552          -2.824          -0.768          -6.567           32.527
   19 (vir)   131          29.855          -7.824          -1.955          -8.186           28.261
   20 (vir)   131          33.744          -3.031          -2.326          -9.493           37.880
   21 (vir)   131          35.202          -3.263          -2.312          -9.147           38.774
   22 (vir)   131          36.256          -5.493          -1.559          -9.048           38.252
   23 (vir)   131          38.987          -3.656          -1.651          -8.708           42.387
   24 (vir)   131          39.984          -3.294          -1.738          -9.743           44.695
   25 (vir)   131          41.057          -9.020          -2.430         -12.023           41.630
   26 (vir)   131          41.614          -7.894          -2.266         -10.127           41.580
   27 (vir)   131          44.383          -0.877          -0.897          -8.541           51.150
   28 (vir)   131          47.158          -2.020          -2.108         -10.316           53.346
   29 (vir)   131          48.659         -11.066          -2.006         -11.959           47.545
   30 (vir)   131          53.747          -2.057          -0.863          -9.158           59.985
   31 (vir)   131          54.830           6.715          -1.714         -10.960           70.791
   32 (vir)   131          55.552          -1.202          -1.507         -11.158           64.002
   33 (vir)   131          62.173          -9.540          -0.551          -9.371           61.454
   34 (vir)   131          64.330          -2.075          -1.770         -10.714           71.200
   35 (vir)   131          64.651           0.954          -2.865         -14.531           77.271
   36 (vir)   131          73.234          -2.686          -2.765         -13.016           80.800
   37 (vir)   131          74.122           3.001          -2.483         -14.389           89.028
   38 (vir)   131          79.738           4.559          -1.846         -14.105           96.555
   39 (vir)   131          84.234          -2.491          -2.203         -15.174           94.713
   40 (vir)   131          85.175          -1.485          -2.122         -15.030           96.597
   41 (vir)   131          87.485          -1.053          -1.158         -14.626           99.901
   42 (vir)   131          91.395          -0.213          -2.428         -14.783          103.537
   43 (vir)   131          93.514           0.146           1.584         -12.330          107.574
   44 (vir)   131          93.721          -0.657          -1.460         -12.777          104.382
   45 (vir)   131          96.764          -0.443          -1.528         -13.256          108.048
   46 (vir)   131          99.649          -4.591           1.536         -13.013          109.608
   47 (vir)   131         101.766           1.211           4.419         -11.695          119.090
   48 (vir)   131         110.545          -2.189          -1.675         -12.527          119.208
   49 (vir)   131         114.519          -1.127          -1.646         -14.485          126.230
   50 (vir)   131         119.237          -4.312           0.574         -13.586          129.084
   51 (vir)   131         129.276          -1.440          -0.649         -14.964          142.151
   52 (vir)   131         136.453          -0.956          -0.302         -16.068          151.264
   53 (vir)   131         151.697           0.216          -0.842         -10.954          162.027
   54 (vir)   131         156.253           6.150          -2.041         -12.057          172.418
   55 (vir)   131         222.028           0.850          -0.893          -9.301          231.287
   56 (vir)   131         321.262          -1.209          -0.898         -17.283          336.438
   57 (vir)   131         423.379           0.911           1.609         -16.848          442.747
   58 (vir)   131      272113.839          -0.000           0.000          -0.000       272113.839
 
 
  kpoint:     132             coordinate:     0.0000    0.1633    0.0000
 
    n           k   ϵ_nk^DFT (eV)     Σ^c_nk (eV)     Σ^x_nk (eV)    v_nk^xc (eV)   ϵ_nk^G0W0 (eV)
 
    1 (occ)   132         -20.904           8.795         -26.707         -16.366          -22.450
    2 (occ)   132          -8.288           3.522         -18.372         -13.338           -9.800
    3 (occ)   132          -7.041           3.216         -22.312         -17.546           -8.591
    4 (occ)   132          -6.007           2.904         -22.291         -17.949           -7.445
    5 (vir)   132           2.142          -2.194          -1.749          -4.803            3.003
    6 (vir)   132           3.959          -2.393          -2.583          -6.044            5.027
    7 (vir)   132           7.241          -4.471          -6.479         -12.943            9.233
    8 (vir)   132           8.008          -5.732          -4.954         -12.316            9.639
    9 (vir)   132           9.026          -3.835          -4.297          -9.494           10.388
   10 (vir)   132           9.824          -5.298          -7.055         -14.831           12.302
   11 (vir)   132          13.128          -4.734          -4.337         -10.576           14.634
   12 (vir)   132          16.495          -4.243          -1.531          -6.982           17.702
   13 (vir)   132          21.795          -4.368          -1.637          -7.286           23.077
   14 (vir)   132          22.833          -6.554          -2.381          -9.787           23.685
   15 (vir)   132          23.270          -4.450          -2.815          -9.223           25.228
   16 (vir)   132          26.385          -0.860          -1.402          -7.022           31.145
   17 (vir)   132          29.055          -3.907          -1.653          -7.793           31.288
   18 (vir)   132          29.790          -2.661          -0.625          -6.618           33.122
   19 (vir)   132          29.884          -7.457          -2.112          -8.214           28.528
   20 (vir)   132          33.951          -2.488          -2.253          -9.238           38.448
   21 (vir)   132          34.932          -3.434          -2.357          -9.390           38.531
   22 (vir)   132          36.486          -5.700          -1.503          -8.951           38.234
   23 (vir)   132          39.116          -3.602          -1.602          -8.443           42.355
   24 (vir)   132          39.575          -3.412          -1.721          -9.713           44.155
   25 (vir)   132          40.912          -6.937          -2.187         -11.449           43.237
   26 (vir)   132          41.858          -4.735          -2.578         -10.470           45.015
   27 (vir)   132          44.546          -1.497          -0.473          -9.093           51.668
   28 (vir)   132          47.201          -2.244          -2.092         -10.328           53.193
   29 (vir)   132          49.073         -11.489          -1.822         -11.770           47.533
   30 (vir)   132          53.732          -1.882          -0.848          -9.106           60.108
   31 (vir)   132          54.573         -11.288          -1.382         -10.847           52.750
   32 (vir)   132          55.863          -1.578          -1.290         -11.115           64.109
   33 (vir)   132          61.791          -0.958          -0.350          -9.340           69.824
   34 (vir)   132          64.331          -2.308          -1.787         -10.719           70.955
   35 (vir)   132          64.870           1.390          -2.912         -14.590           77.938
   36 (vir)   132          72.873          -2.766          -2.756         -12.940           80.292
   37 (vir)   132          73.991           1.768          -2.720         -14.622           87.661
   38 (vir)   132          80.007           5.076          -1.660         -13.967           97.389
   39 (vir)   132          84.180          -8.601          -2.184         -15.201           88.597
   40 (vir)   132          85.325          -1.654          -2.105         -15.057           96.624
   41 (vir)   132          87.626          -0.936          -1.656         -14.796           99.829
   42 (vir)   132          91.122          -0.549          -2.567         -14.699          102.705
   43 (vir)   132          92.926          -1.053           2.070         -12.462          106.406
   44 (vir)   132          94.700          -0.645          -1.460         -12.876          105.470
   45 (vir)   132          97.248          -0.538          -1.527         -13.286          108.469
   46 (vir)   132         100.445          10.389          -0.643         -13.033          123.223
   47 (vir)   132         101.375          -0.337           6.009         -11.499          118.546
   48 (vir)   132         111.842          -1.937          -1.663         -12.475          120.717
   49 (vir)   132         114.447          -1.156          -1.560         -14.537          126.269
   50 (vir)   132         119.744          -1.186           0.233         -13.530          132.320
   51 (vir)   132         129.337          -1.338          -0.720         -14.968          142.247
   52 (vir)   132         136.797          -1.507           0.251         -16.023          151.563
   53 (vir)   132         154.120           0.266          -0.865         -10.969          164.490
   54 (vir)   132         159.670           8.207          -3.626         -12.105          176.356
   55 (vir)   132         221.988           1.420          -1.297          -9.307          231.418
   56 (vir)   132         321.297          -1.287          -0.921         -17.280          336.369
   57 (vir)   132         414.960           1.209           3.408         -16.616          436.193
   58 (vir)   132      272113.839          -0.000           0.000          -0.000       272113.839
 
 
  kpoint:     133             coordinate:     0.0000    0.1531    0.0000
 
    n           k   ϵ_nk^DFT (eV)     Σ^c_nk (eV)     Σ^x_nk (eV)    v_nk^xc (eV)   ϵ_nk^G0W0 (eV)
 
    1 (occ)   133         -20.964           8.817         -26.712         -16.350          -22.509
    2 (occ)   133          -8.369           3.555         -18.382         -13.312           -9.884
    3 (occ)   133          -6.843           3.156         -22.309         -17.619           -8.377
    4 (occ)   133          -5.920           2.880         -22.296         -17.983           -7.353
    5 (vir)   133           2.042          -2.183          -1.751          -4.789            2.896
    6 (vir)   133           3.891          -2.347          -2.474          -5.871            4.941
    7 (vir)   133           7.271          -4.435          -6.468         -12.927            9.295
    8 (vir)   133           8.151          -5.846          -5.055         -12.545            9.795
    9 (vir)   133           8.877          -3.753          -4.370          -9.580           10.333
   10 (vir)   133           9.588          -5.233          -7.074         -14.782           12.063
   11 (vir)   133          13.006          -4.547          -4.348         -10.540           14.651
   12 (vir)   133          16.497          -4.233          -1.485          -6.921           17.700
   13 (vir)   133          22.110          -4.431          -1.705          -7.434           23.409
   14 (vir)   133          22.824          -6.666          -2.450         -10.018           23.726
   15 (vir)   133          23.485          -4.456          -2.824          -9.267           25.472
   16 (vir)   133          26.752          -2.066          -1.418          -6.785           30.052
   17 (vir)   133          29.184          -4.053          -1.771          -8.105           31.464
   18 (vir)   133          29.927          -6.673          -2.286          -8.235           29.203
   19 (vir)   133          30.038          -3.067          -0.630          -6.673           33.014
   20 (vir)   133          34.234          -2.115          -2.155          -8.948           38.912
   21 (vir)   133          34.628          -3.624          -2.388          -9.566           38.182
   22 (vir)   133          36.697          -4.422          -1.492          -8.841           39.624
   23 (vir)   133          39.125          -3.592          -1.715          -9.694           43.512
   24 (vir)   133          39.300          -3.600          -1.569          -8.238           42.369
   25 (vir)   133          40.715          -1.649          -1.976         -10.919           48.008
   26 (vir)   133          42.089          -5.132          -2.612         -10.799           45.144
   27 (vir)   133          44.742          -1.962          -0.626          -9.610           51.765
   28 (vir)   133          47.305          -2.549          -2.070         -10.347           53.032
   29 (vir)   133          49.467         -11.007          -1.666         -11.599           48.394
   30 (vir)   133          53.720          -1.539          -0.832          -9.057           60.405
   31 (vir)   133          54.375           4.238          -0.858         -10.727           68.482
   32 (vir)   133          56.197          -2.314          -1.263         -11.061           63.681
   33 (vir)   133          61.412          -0.991          -0.360          -9.334           69.394
   34 (vir)   133          64.314          -2.554          -1.806         -10.726           70.679
   35 (vir)   133          65.130           0.672          -2.966         -14.649           77.485
   36 (vir)   133          72.432          -3.060          -2.750         -12.847           79.469
   37 (vir)   133          73.814          -3.016          -3.057         -14.815           82.555
   38 (vir)   133          80.244           3.910          -1.156         -13.881           96.879
   39 (vir)   133          84.065         -10.566          -2.210         -15.229           86.519
   40 (vir)   133          85.442          -1.798          -2.092         -15.085           96.637
   41 (vir)   133          87.702          -0.363          -2.232         -14.926          100.034
   42 (vir)   133          90.947          -2.172          -2.406         -14.618          100.987
   43 (vir)   133          92.358          -1.735           1.511         -12.533          104.667
   44 (vir)   133          95.637          -0.668          -1.461         -12.966          106.474
   45 (vir)   133          97.765          -0.610          -1.522         -13.315          108.947
   46 (vir)   133         100.974          -1.466           5.467         -11.359          116.333
   47 (vir)   133         101.381          -0.666          -2.692         -13.080          111.102
   48 (vir)   133         113.193          -1.211          -1.649         -12.422          122.755
   49 (vir)   133         114.356          -1.110          -1.607         -14.583          126.221
   50 (vir)   133         120.435           2.018          -0.493         -13.459          135.417
   51 (vir)   133         129.308          -1.212          -0.870         -14.984          142.210
   52 (vir)   133         137.180          -1.937           0.296         -15.983          151.522
   53 (vir)   133         156.037           0.591          -0.924         -10.996          166.699
   54 (vir)   133         163.618           7.090          -4.266         -12.154          178.596
   55 (vir)   133         221.933           0.888          -1.120          -9.315          231.015
   56 (vir)   133         321.304          -1.544          -0.870         -17.280          336.171
   57 (vir)   133         406.403           1.588           3.193         -16.381          427.565
   58 (vir)   133      272113.839          -0.000           0.000          -0.000       272113.838
 
 
  kpoint:     134             coordinate:     0.0000    0.1429    0.0000
 
    n           k   ϵ_nk^DFT (eV)     Σ^c_nk (eV)     Σ^x_nk (eV)    v_nk^xc (eV)   ϵ_nk^G0W0 (eV)
 
    1 (occ)   134         -21.020           8.838         -26.717         -16.335          -22.564
    2 (occ)   134          -8.445           3.586         -18.392         -13.289           -9.963
    3 (occ)   134          -6.651           3.099         -22.309         -17.691           -8.170
    4 (occ)   134          -5.836           2.858         -22.303         -18.018           -7.263
    5 (vir)   134           1.948          -2.178          -1.753          -4.777            2.794
    6 (vir)   134           3.825          -2.309          -2.382          -5.725            4.859
    7 (vir)   134           7.300          -4.392          -6.439         -12.901            9.370
    8 (vir)   134           8.290          -5.949          -5.139         -12.742            9.945
    9 (vir)   134           8.735          -3.676          -4.423          -9.678           10.315
   10 (vir)   134           9.364          -5.171          -7.093         -14.734           11.833
   11 (vir)   134          12.889          -4.346          -4.344         -10.493           14.693
   12 (vir)   134          16.495          -4.228          -1.444          -6.870           17.693
   13 (vir)   134          22.442          -4.494          -1.772          -7.583           23.758
   14 (vir)   134          22.785          -6.654          -2.488         -10.161           23.803
   15 (vir)   134          23.705          -4.469          -2.836          -9.316           25.716
   16 (vir)   134          27.156          -2.388          -1.437          -6.662           29.994
   17 (vir)   134          29.262          -4.246          -1.892          -8.401           31.526
   18 (vir)   134          29.986          -5.572          -2.355          -8.246           30.305
   19 (vir)   134          30.293          -3.737          -0.813          -6.735           32.478
   20 (vir)   134          34.299          -3.825          -2.409          -9.687           37.753
   21 (vir)   134          34.594          -2.044          -2.044          -8.651           39.156
   22 (vir)   134          36.883          -2.552          -1.539          -8.721           41.512
   23 (vir)   134          38.644          -3.838          -1.717          -9.685           42.774
   24 (vir)   134          39.529          -3.619          -1.549          -8.081           42.442
   25 (vir)   134          40.475          -1.900          -1.842         -10.451           47.184
   26 (vir)   134          42.309          -3.509          -2.407         -11.101           47.494
   27 (vir)   134          44.964          -4.438          -1.350         -10.072           49.249
   28 (vir)   134          47.454          -2.893          -2.047         -10.374           52.889
   29 (vir)   134          49.809          -1.282          -1.474         -11.448           58.502
   30 (vir)   134          53.716          -1.177          -0.816          -9.010           60.733
   31 (vir)   134          54.264          -0.855          -0.256         -10.611           63.764
   32 (vir)   134          56.552         -10.337          -1.495         -10.996           55.717
   33 (vir)   134          61.042           1.958          -0.677          -9.349           71.672
   34 (vir)   134          64.272          -2.798          -1.830         -10.735           70.379
   35 (vir)   134          65.432          -0.449          -3.026         -14.710           76.667
   36 (vir)   134          71.906          -3.484          -2.744         -12.737           78.416
   37 (vir)   134          73.611          -4.862          -3.363         -14.973           80.359
   38 (vir)   134          80.410          -1.618          -0.160         -13.839           92.472
   39 (vir)   134          83.882          -5.243          -2.299         -15.253           91.592
   40 (vir)   134          85.527          -1.901          -2.084         -15.113           96.655
   41 (vir)   134          87.724           0.467          -2.974         -15.004          100.222
   42 (vir)   134          90.871          -2.545          -2.082         -14.552          100.796
   43 (vir)   134          91.828          -1.811          -0.064         -12.554          102.507
   44 (vir)   134          96.531          -0.695          -1.461         -13.049          107.424
   45 (vir)   134          98.308          -0.662          -1.516         -13.344          109.475
   46 (vir)   134         100.562          -2.431           2.175         -11.265          111.571
   47 (vir)   134         102.452           1.158          -3.246         -13.157          113.522
   48 (vir)   134         114.250          -4.759          -1.757         -14.621          122.355
   49 (vir)   134         114.613          -0.867          -1.634         -12.365          124.478
   50 (vir)   134         121.320          -0.085          -1.172         -13.367          133.430
   51 (vir)   134         129.217          -1.098          -1.030         -15.024          142.113
   52 (vir)   134         137.590          -1.500          -0.399         -15.951          151.642
   53 (vir)   134         157.338           2.335          -1.003         -11.033          169.703
   54 (vir)   134         168.155           3.016          -3.718         -12.200          179.653
   55 (vir)   134         221.870          -3.028          -0.225          -9.325          227.942
   56 (vir)   134         321.279          -2.544          -0.741         -17.282          335.276
   57 (vir)   134         397.667           2.625           0.809         -16.140          417.242
   58 (vir)   134      272113.839           0.000          -0.000          -0.000       272113.839
 
 
  kpoint:     135             coordinate:     0.0000    0.1327    0.0000
 
    n           k   ϵ_nk^DFT (eV)     Σ^c_nk (eV)     Σ^x_nk (eV)    v_nk^xc (eV)   ϵ_nk^G0W0 (eV)
 
    1 (occ)   135         -21.073           8.858         -26.723         -16.321          -22.617
    2 (occ)   135          -8.516           3.614         -18.402         -13.267          -10.037
    3 (occ)   135          -6.466           3.045         -22.311         -17.762           -7.970
    4 (occ)   135          -5.754           2.836         -22.311         -18.053           -7.175
    5 (vir)   135           1.860          -2.177          -1.752          -4.768            2.700
    6 (vir)   135           3.761          -2.277          -2.305          -5.603            4.782
    7 (vir)   135           7.329          -4.359          -6.395         -12.862            9.438
    8 (vir)   135           8.423          -6.040          -5.208         -12.911           10.086
    9 (vir)   135           8.602          -3.645          -4.466          -9.791           10.282
   10 (vir)   135           9.151          -5.114          -7.109         -14.686           11.615
   11 (vir)   135          12.778          -4.214          -4.326         -10.438           14.676
   12 (vir)   135          16.491          -4.226          -1.406          -6.826           17.685
   13 (vir)   135          22.726          -6.613          -2.512         -10.241           23.842
   14 (vir)   135          22.789          -4.552          -1.843          -7.736           24.131
   15 (vir)   135          23.932          -4.492          -2.851          -9.370           25.959
   16 (vir)   135          27.585          -2.975          -1.428          -6.636           29.818
   17 (vir)   135          29.297          -4.432          -2.004          -8.661           31.522
   18 (vir)   135          30.064          -4.125          -2.285          -8.239           31.893
   19 (vir)   135          30.558          -3.534          -1.102          -6.803           32.725
   20 (vir)   135          33.954          -4.031          -2.419          -9.763           37.267
   21 (vir)   135          35.024          -2.232          -1.929          -8.359           39.223
   22 (vir)   135          37.040          -1.960          -1.647          -8.594           42.026
   23 (vir)   135          38.142          -4.111          -1.727          -9.690           41.993
   24 (vir)   135          39.797          -3.623          -1.537          -7.961           42.597
   25 (vir)   135          40.204          -2.555          -1.795         -10.049           45.903
   26 (vir)   135          42.520          -2.187          -2.146         -11.361           49.548
   27 (vir)   135          45.206          -4.467          -2.411         -10.478           48.805
   28 (vir)   135          47.635          -3.162          -2.024         -10.409           52.858
   29 (vir)   135          50.068          -1.426          -1.287         -11.312           58.666
   30 (vir)   135          53.727          -0.975          -0.800          -8.969           60.921
   31 (vir)   135          54.270          -3.082           0.100         -10.518           61.806
   32 (vir)   135          56.926          -2.013          -1.938         -10.921           63.897
   33 (vir)   135          60.691          -3.817          -1.458          -9.378           64.793
   34 (vir)   135          64.201          -2.991          -1.859         -10.746           70.096
   35 (vir)   135          65.776          -1.014          -3.087         -14.774           76.449
   36 (vir)   135          71.295          -3.846          -2.733         -12.610           77.326
   37 (vir)   135          73.399          -0.181          -3.523         -15.105           84.801
   38 (vir)   135          80.475          -4.207           1.033         -13.827           91.128
   39 (vir)   135          83.624          -3.671          -2.446         -15.269           92.776
   40 (vir)   135          85.583          -1.950          -2.079         -15.141           96.694
   41 (vir)   135          87.696          -0.143          -3.899         -15.032           98.686
   42 (vir)   135          90.894          -1.796          -1.810         -14.505          101.794
   43 (vir)   135          91.353           1.379          -2.236         -12.541          103.037
   44 (vir)   135          97.381          -0.688          -1.461         -13.125          108.357
   45 (vir)   135          98.868          -0.677          -1.508         -13.375          110.058
   46 (vir)   135         100.150           3.064          -2.545         -11.207          111.876
   47 (vir)   135         103.643          -3.890          -2.687         -13.264          110.330
   48 (vir)   135         114.136          -1.423          -1.939         -14.650          125.424
   49 (vir)   135         116.120          -1.239          -1.623         -12.306          125.564
   50 (vir)   135         122.397          -2.952          -1.532         -13.245          131.157
   51 (vir)   135         129.103          -1.635          -1.260         -15.101          141.309
   52 (vir)   135         138.018           0.335          -1.722         -15.926          152.556
   53 (vir)   135         157.945          -4.294          -1.077         -11.078          163.653
   54 (vir)   135         173.373          -2.372          -2.638         -12.244          180.607
   55 (vir)   135         221.814          -1.705           1.113          -9.340          230.562
   56 (vir)   135         321.219          -1.936          -0.596         -17.286          335.974
   57 (vir)   135         388.687           3.350          -2.942         -15.893          404.988
   58 (vir)   135      272113.839           0.000          -0.000          -0.000       272113.838
 
 
  kpoint:     136             coordinate:     0.0000    0.1224    0.0000
 
    n           k   ϵ_nk^DFT (eV)     Σ^c_nk (eV)     Σ^x_nk (eV)    v_nk^xc (eV)   ϵ_nk^G0W0 (eV)
 
    1 (occ)   136         -21.122           8.877         -26.729         -16.308          -22.665
    2 (occ)   136          -8.582           3.641         -18.411         -13.247          -10.105
    3 (occ)   136          -6.290           2.994         -22.314         -17.832           -7.779
    4 (occ)   136          -5.675           2.815         -22.319         -18.087           -7.091
    5 (vir)   136           1.779          -2.176          -1.749          -4.760            2.614
    6 (vir)   136           3.700          -2.250          -2.240          -5.500            4.710
    7 (vir)   136           7.358          -4.350          -6.339         -12.808            9.477
    8 (vir)   136           8.476          -3.680          -4.520          -9.920           10.195
    9 (vir)   136           8.550          -6.123          -5.265         -13.057           10.220
   10 (vir)   136           8.950          -5.061          -7.122         -14.641           11.408
   11 (vir)   136          12.673          -4.213          -4.303         -10.376           14.533
   12 (vir)   136          16.485          -4.227          -1.373          -6.791           17.676
   13 (vir)   136          22.655          -6.613          -2.532         -10.282           23.792
   14 (vir)   136          23.151          -4.595          -1.918          -7.896           24.534
   15 (vir)   136          24.165          -4.526          -2.870          -9.430           26.200
   16 (vir)   136          28.027          -5.114          -1.386          -6.695           28.222
   17 (vir)   136          29.300          -4.574          -2.100          -8.872           31.497
   18 (vir)   136          30.165          -2.849          -2.107          -8.205           33.415
   19 (vir)   136          30.831          -2.737          -1.387          -6.878           33.585
   20 (vir)   136          33.598          -4.236          -2.420          -9.803           36.745
   21 (vir)   136          35.513          -2.503          -1.810          -8.067           39.268
   22 (vir)   136          37.163          -3.437          -1.781          -8.464           40.409
   23 (vir)   136          37.634          -4.365          -1.750          -9.725           41.244
   24 (vir)   136          39.909          -2.329          -1.800          -9.703           45.483
   25 (vir)   136          40.096          -3.610          -1.528          -7.869           42.827
   26 (vir)   136          42.725          -2.298          -2.037         -11.568           49.958
   27 (vir)   136          45.460          -3.331          -3.450         -10.833           49.513
   28 (vir)   136          47.835          -3.255          -2.003         -10.448           53.026
   29 (vir)   136          50.220          -7.286          -1.320         -11.188           52.803
   30 (vir)   136          53.756          -0.997          -0.784          -8.936           60.911
   31 (vir)   136          54.409          -5.449          -0.240         -10.462           59.182
   32 (vir)   136          57.317          -2.240          -2.433         -10.837           63.480
   33 (vir)   136          60.367           1.604          -2.779          -9.411           68.603
   34 (vir)   136          64.096          -3.077          -1.895         -10.758           69.882
   35 (vir)   136          66.163          -1.225          -3.139         -14.841           76.640
   36 (vir)   136          70.599          -4.034          -2.712         -12.465           76.319
   37 (vir)   136          73.192           0.899          -3.483         -15.215           85.823
   38 (vir)   136          80.421          -6.788           1.624         -13.831           89.088
   39 (vir)   136          83.290          -3.115          -2.618         -15.274           92.831
   40 (vir)   136          85.610          -1.946          -2.077         -15.169           96.755
   41 (vir)   136          87.618           0.646          -4.873         -15.024           98.414
   42 (vir)   136          90.943          -1.720          -4.339         -12.520           97.404
   43 (vir)   136          91.011          -1.952          -1.675         -14.461          101.845
   44 (vir)   136          98.184          -0.626          -1.460         -13.196          109.294
   45 (vir)   136          99.435          -0.632          -1.500         -13.406          110.710
   46 (vir)   136          99.750          -2.387          -6.965         -11.177          101.575
   47 (vir)   136         104.926          -2.523          -2.038         -13.398          113.764
   48 (vir)   136         114.019          -1.115          -2.082         -14.666          125.489
   49 (vir)   136         117.730          -2.929          -1.614         -12.244          125.431
   50 (vir)   136         123.614          -1.636          -1.694         -13.085          133.369
   51 (vir)   136         129.043          -1.480          -1.757         -15.231          141.036
   52 (vir)   136         138.451          -0.844          -3.221         -15.907          150.292
   53 (vir)   136         157.831          -3.560          -1.124         -11.130          164.277
   54 (vir)   136         179.394          -5.971          -2.190         -12.280          183.513
   55 (vir)   136         221.806          -3.674           2.242          -9.365          229.739
   56 (vir)   136         321.123          -1.991          -0.526         -17.292          335.898
   57 (vir)   136         379.366           3.257          -6.556         -15.634          391.701
   58 (vir)   136      272113.839           0.000          -0.001          -0.000       272113.838
 
 
  kpoint:     137             coordinate:     0.0000    0.1122    0.0000
 
    n           k   ϵ_nk^DFT (eV)     Σ^c_nk (eV)     Σ^x_nk (eV)    v_nk^xc (eV)   ϵ_nk^G0W0 (eV)
 
    1 (occ)   137         -21.167           8.895         -26.734         -16.297          -22.710
    2 (occ)   137          -8.643           3.666         -18.420         -13.229          -10.168
    3 (occ)   137          -6.123           2.947         -22.320         -17.900           -7.597
    4 (occ)   137          -5.599           2.796         -22.328         -18.121           -7.011
    5 (vir)   137           1.703          -2.174          -1.745          -4.754            2.539
    6 (vir)   137           3.643          -2.227          -2.186          -5.413            4.643
    7 (vir)   137           7.386          -4.367          -6.278         -12.734            9.474
    8 (vir)   137           8.359          -3.771          -4.602         -10.068           10.054
    9 (vir)   137           8.669          -6.196          -5.311         -13.182           10.344
   10 (vir)   137           8.762          -5.012          -7.134         -14.597           11.213
   11 (vir)   137          12.575          -4.334          -4.281         -10.309           14.269
   12 (vir)   137          16.479          -4.232          -1.343          -6.763           17.667
   13 (vir)   137          22.580          -6.678          -2.550         -10.298           23.649
   14 (vir)   137          23.524          -4.616          -1.999          -8.067           24.976
   15 (vir)   137          24.404          -4.573          -2.890          -9.497           26.437
   16 (vir)   137          28.468           2.433          -1.317          -6.845           36.429
   17 (vir)   137          29.281          -4.658          -2.175          -9.029           31.477
   18 (vir)   137          30.296          -2.345          -1.917          -8.125           34.158
   19 (vir)   137          31.112          -2.281          -1.560          -6.962           34.234
   20 (vir)   137          33.237          -4.443          -2.413          -9.813           36.194
   21 (vir)   137          36.013          -2.737          -1.660          -7.753           39.369
   22 (vir)   137          37.168          -4.384          -1.816          -9.815           40.783
   23 (vir)   137          37.248          -0.843          -1.873          -8.335           42.866
   24 (vir)   137          39.599          -2.093          -1.795          -9.404           45.115
   25 (vir)   137          40.425          -3.609          -1.516          -7.796           43.096
   26 (vir)   137          42.932          -5.189          -2.166         -11.711           47.288
   27 (vir)   137          45.725          -2.854          -4.109         -11.146           49.907
   28 (vir)   137          48.041          -3.114          -1.982         -10.489           53.433
   29 (vir)   137          50.271           0.851          -1.872         -11.088           60.338
   30 (vir)   137          53.806          -0.943          -0.768          -8.914           61.008
   31 (vir)   137          54.673          -3.020          -1.555         -10.447           60.546
   32 (vir)   137          57.722          -2.065          -2.770         -10.744           63.631
   33 (vir)   137          60.083           0.359          -4.370          -9.438           65.509
   34 (vir)   137          63.955          -2.989          -1.936         -10.770           69.800
   35 (vir)   137          66.594          -1.251          -3.174         -14.912           77.081
   36 (vir)   137          69.819          -4.075          -2.677         -12.304           75.371
   37 (vir)   137          72.997           1.452          -3.279         -15.307           86.476
   38 (vir)   137          80.243          -8.421           0.757         -13.838           86.417
   39 (vir)   137          82.881          -2.822          -2.768         -15.263           92.554
   40 (vir)   137          85.612          -1.903          -2.079         -15.197           96.828
   41 (vir)   137          87.489           0.474          -5.601         -14.997           97.359
   42 (vir)   137          90.612          -3.385          -5.589         -12.476           94.114
   43 (vir)   137          91.206          -5.945          -1.680         -14.447           98.028
   44 (vir)   137          98.940          -0.503          -1.458         -13.262          110.242
   45 (vir)   137          99.384          -5.282          -9.387         -11.163           95.878
   46 (vir)   137          99.996          -0.526          -1.491         -13.439          111.418
   47 (vir)   137         106.268           3.307          -2.501         -13.552          120.625
   48 (vir)   137         113.908          -1.130          -2.144         -14.667          125.300
   49 (vir)   137         119.460          -5.037          -1.604         -12.181          125.000
   50 (vir)   137         124.794           3.527          -2.070         -12.937          139.188
   51 (vir)   137         129.223          -1.800          -2.780         -15.370          140.013
   52 (vir)   137         138.880          -2.329          -4.291         -15.894          148.155
   53 (vir)   137         157.022          -3.359          -1.133         -11.188          163.718
   54 (vir)   137         186.357          -5.331          -3.049         -12.301          190.279
   55 (vir)   137         221.937          -4.855           2.387          -9.417          228.886
   56 (vir)   137         320.988          -2.036          -0.600         -17.301          335.654
   57 (vir)   137         369.577           3.516          -8.456         -15.359          379.996
   58 (vir)   137      272113.839           0.000          -0.001          -0.000       272113.838
 
 
  kpoint:     138             coordinate:     0.0000    0.1020    0.0000
 
    n           k   ϵ_nk^DFT (eV)     Σ^c_nk (eV)     Σ^x_nk (eV)    v_nk^xc (eV)   ϵ_nk^G0W0 (eV)
 
    1 (occ)   138         -21.209           8.910         -26.737         -16.286          -22.750
    2 (occ)   138          -8.698           3.688         -18.428         -13.212          -10.226
    3 (occ)   138          -5.967           2.902         -22.328         -17.965           -7.427
    4 (occ)   138          -5.528           2.778         -22.338         -18.153           -6.935
    5 (vir)   138           1.634          -2.168          -1.742          -4.750            2.475
    6 (vir)   138           3.590          -2.208          -2.139          -5.339            4.582
    7 (vir)   138           7.412          -4.400          -6.215         -12.634            9.432
    8 (vir)   138           8.250          -3.878          -4.718         -10.241            9.896
    9 (vir)   138           8.588          -4.967          -7.142         -14.555           11.033
   10 (vir)   138           8.780          -6.261          -5.350         -13.290           10.459
   11 (vir)   138          12.484          -4.500          -4.263         -10.238           13.960
   12 (vir)   138          16.472          -4.238          -1.317          -6.741           17.658
   13 (vir)   138          22.504          -6.783          -2.561         -10.299           23.459
   14 (vir)   138          23.906          -4.613          -2.090          -8.253           25.456
   15 (vir)   138          24.647          -4.638          -2.914          -9.571           26.665
   16 (vir)   138          28.891          -0.829          -1.234          -7.100           33.927
   17 (vir)   138          29.251          -4.693          -2.225          -9.134           31.467
   18 (vir)   138          30.467          -2.401          -1.834          -7.975           34.207
   19 (vir)   138          31.402          -2.270          -1.548          -7.056           34.640
   20 (vir)   138          32.873          -4.676          -2.396          -9.800           35.600
   21 (vir)   138          36.193          -3.383          -1.525          -8.196           39.481
   22 (vir)   138          37.076          -2.792          -1.875          -9.174           41.583
   23 (vir)   138          37.291          -1.876          -1.840          -8.210           41.785
   24 (vir)   138          39.279          -2.019          -1.724          -9.142           44.677
   25 (vir)   138          40.778          -3.646          -1.495          -7.737           43.373
   26 (vir)   138          43.148          -4.291          -2.431         -11.782           48.208
   27 (vir)   138          45.997          -2.635          -4.164         -11.425           50.623
   28 (vir)   138          48.240          -2.718          -1.959         -10.526           54.089
   29 (vir)   138          50.250          -0.615          -3.003         -11.027           57.659
   30 (vir)   138          53.876          -1.563          -0.752          -8.905           60.466
   31 (vir)   138          55.025          -0.742          -3.663         -10.463           61.083
   32 (vir)   138          58.141          -1.769          -2.765         -10.645           64.253
   33 (vir)   138          59.855           0.927          -5.452          -9.448           64.777
   34 (vir)   138          63.774          -2.666          -1.981         -10.783           69.910
   35 (vir)   138          67.069          -1.116          -3.190         -14.989           77.751
   36 (vir)   138          68.961          -3.992          -2.628         -12.128           74.470
   37 (vir)   138          72.825           2.935          -3.012         -15.382           88.129
   38 (vir)   138          79.948          -0.797          -1.769         -13.839           91.221
   39 (vir)   138          82.402          -2.681          -2.850         -15.234           92.104
   40 (vir)   138          85.590          -1.838          -2.082         -15.227           96.898
   41 (vir)   138          87.308           0.254          -5.654         -14.962           96.870
   42 (vir)   138          90.369          -2.898          -5.510         -12.465           94.425
   43 (vir)   138          91.463           2.588          -1.705         -14.424          106.770
   44 (vir)   138          99.079          -4.092          -8.965         -11.152           97.173
   45 (vir)   138          99.648          -0.326          -1.456         -13.324          111.191
   46 (vir)   138         100.540          -0.395          -1.483         -13.473          112.135
   47 (vir)   138         107.629          -0.401          -4.295         -13.713          116.647
   48 (vir)   138         113.810          -1.223          -2.120         -14.646          125.113
   49 (vir)   138         121.324          -5.007          -1.588         -12.118          126.847
   50 (vir)   138         125.555           0.037          -2.821         -13.038          135.809
   51 (vir)   138         130.009          -1.358          -4.473         -15.294          139.472
   52 (vir)   138         139.296          -1.865          -4.450         -15.886          148.868
   53 (vir)   138         155.602          -4.423          -1.109         -11.251          161.322
   54 (vir)   138         194.324          -0.433          -4.333         -12.262          201.819
   55 (vir)   138         222.461          -1.387           0.913          -9.552          231.539
   56 (vir)   138         320.817          -2.091          -0.796         -17.312          335.241
   57 (vir)   138         359.162           3.313          -7.743         -15.062          369.793
   58 (vir)   138      272113.839           0.000          -0.001          -0.000       272113.838
 
 
  kpoint:     139             coordinate:     0.0000    0.0918    0.0000
 
    n           k   ϵ_nk^DFT (eV)     Σ^c_nk (eV)     Σ^x_nk (eV)    v_nk^xc (eV)   ϵ_nk^G0W0 (eV)
 
    1 (occ)   139         -21.247           8.923         -26.739         -16.277          -22.786
    2 (occ)   139          -8.749           3.708         -18.435         -13.198          -10.278
    3 (occ)   139          -5.821           2.862         -22.337         -18.028           -7.269
    4 (occ)   139          -5.462           2.761         -22.349         -18.185           -6.865
    5 (vir)   139           1.571          -2.159          -1.740          -4.747            2.419
    6 (vir)   139           3.541          -2.191          -2.100          -5.277            4.527
    7 (vir)   139           7.437          -4.421          -6.145         -12.500            9.372
    8 (vir)   139           8.151          -3.963          -4.864         -10.446            9.771
    9 (vir)   139           8.427          -4.926          -7.148         -14.515           10.868
   10 (vir)   139           8.883          -6.319          -5.381         -13.381           10.564
   11 (vir)   139          12.402          -4.609          -4.244         -10.166           13.715
   12 (vir)   139          16.466          -4.246          -1.294          -6.724           17.650
   13 (vir)   139          22.433          -6.874          -2.557         -10.292           23.294
   14 (vir)   139          24.294          -4.594          -2.193          -8.460           25.967
   15 (vir)   139          24.894          -4.727          -2.941          -9.654           26.879
   16 (vir)   139          29.221          -4.699          -2.249          -9.189           31.461
   17 (vir)   139          29.271          -3.341          -1.188          -7.463           32.205
   18 (vir)   139          30.697          -4.169          -1.917          -7.748           32.359
   19 (vir)   139          31.700          -2.970          -1.350          -7.160           34.541
   20 (vir)   139          32.511          -4.978          -2.372          -9.764           34.925
   21 (vir)   139          35.790          -4.242          -1.585          -8.842           38.806
   22 (vir)   139          37.288          -5.453          -1.613          -8.093           38.315
   23 (vir)   139          37.620          -2.616          -1.743          -8.351           41.611
   24 (vir)   139          38.953          -2.196          -1.567          -8.909           44.099
   25 (vir)   139          41.152          -3.857          -1.464          -7.687           43.518
   26 (vir)   139          43.385          -4.742          -2.616         -11.781           47.809
   27 (vir)   139          46.274          -2.862          -3.593         -11.677           51.496
   28 (vir)   139          48.425          -2.202          -1.935         -10.556           54.844
   29 (vir)   139          50.195           2.707          -4.217         -11.021           59.706
   30 (vir)   139          53.965          -4.265          -0.734          -8.911           57.876
   31 (vir)   139          55.413          -1.316          -5.801         -10.497           58.793
   32 (vir)   139          58.574          -1.640          -2.341         -10.542           65.135
   33 (vir)   139          59.704           3.434          -4.917          -9.434           67.656
   34 (vir)   139          63.553          -2.152          -2.026         -10.795           70.170
   35 (vir)   139          67.588          -0.752          -3.197         -15.071           78.711
   36 (vir)   139          68.037          -3.723          -2.569         -11.942           73.687
   37 (vir)   139          72.679           8.517          -2.809         -15.441           93.829
   38 (vir)   139          79.544           1.969          -5.058         -13.832           90.287
   39 (vir)   139          81.861          -2.704          -2.829         -15.184           91.512
   40 (vir)   139          85.548          -1.758          -2.086         -15.257           96.961
   41 (vir)   139          87.069           2.219          -4.624         -14.923           99.586
   42 (vir)   139          90.229          -0.819          -4.097         -12.500           97.812
   43 (vir)   139          91.758           4.742          -1.705         -14.403          109.198
   44 (vir)   139          98.867           0.540          -5.988         -11.128          104.548
   45 (vir)   139         100.305          -0.100          -1.454         -13.383          112.134
   46 (vir)   139         101.055          -0.272          -1.476         -13.507          112.814
   47 (vir)   139         108.980          -2.075          -6.220         -13.871          114.556
   48 (vir)   139         113.736          -1.400          -2.027         -14.596          124.905
   49 (vir)   139         123.324          -4.021          -1.559         -12.057          129.800
   50 (vir)   139         125.684          -1.940          -3.567         -13.361          133.538
   51 (vir)   139         131.566          -1.005          -6.260         -15.031          139.333
   52 (vir)   139         139.691           0.103          -3.572         -15.880          152.102
   53 (vir)   139         153.700          -0.330          -1.071         -11.320          163.620
   54 (vir)   139         202.878           2.458          -3.273         -11.963          214.027
   55 (vir)   139         224.196          -2.366          -2.543          -9.987          229.273
   56 (vir)   139         320.610          -1.825          -1.007         -17.325          335.103
   57 (vir)   139         347.934           2.216          -4.660         -14.737          360.227
   58 (vir)   139      272113.839           0.000          -0.001          -0.000       272113.838
 
 
  kpoint:     140             coordinate:     0.0000    0.0816    0.0000
 
    n           k   ϵ_nk^DFT (eV)     Σ^c_nk (eV)     Σ^x_nk (eV)    v_nk^xc (eV)   ϵ_nk^G0W0 (eV)
 
    1 (occ)   140         -21.280           8.935         -26.741         -16.269          -22.818
    2 (occ)   140          -8.794           3.727         -18.442         -13.185          -10.324
    3 (occ)   140          -5.688           2.826         -22.347         -18.086           -7.123
    4 (occ)   140          -5.400           2.746         -22.359         -18.214           -6.800
    5 (vir)   140           1.515          -2.150          -1.740          -4.744            2.369
    6 (vir)   140           3.497          -2.177          -2.067          -5.225            4.478
    7 (vir)   140           7.461          -4.401          -6.056         -12.322            9.325
    8 (vir)   140           8.062          -4.011          -5.032         -10.692            9.711
    9 (vir)   140           8.282          -4.889          -7.153         -14.478           10.719
   10 (vir)   140           8.976          -6.369          -5.407         -13.459           10.659
   11 (vir)   140          12.328          -4.590          -4.213         -10.092           13.617
   12 (vir)   140          16.460          -4.255          -1.274          -6.712           17.643
   13 (vir)   140          22.368          -6.895          -2.533         -10.283           23.223
   14 (vir)   140          24.682          -4.574          -2.310          -8.691           26.489
   15 (vir)   140          25.143          -4.844          -2.972          -9.746           27.073
   16 (vir)   140          29.200          -4.705          -2.246          -9.197           31.446
   17 (vir)   140          29.588           1.611          -1.298          -7.878           37.779
   18 (vir)   140          31.002          -3.065          -2.098          -7.498           33.337
   19 (vir)   140          32.006          -3.986          -1.038          -7.278           34.259
   20 (vir)   140          32.153          -5.390          -2.339          -9.710           34.133
   21 (vir)   140          35.261          -4.570          -1.605          -8.966           38.053
   22 (vir)   140          37.237          -8.590          -1.159          -7.980           35.469
   23 (vir)   140          38.343          -2.270          -1.649          -8.064           42.489
   24 (vir)   140          38.626          -2.574          -1.347          -8.697           43.402
   25 (vir)   140          41.543          -4.464          -1.425          -7.643           43.297
   26 (vir)   140          43.663          -4.114          -2.515         -11.717           48.751
   27 (vir)   140          46.557          -5.299          -2.586         -11.905           50.577
   28 (vir)   140          48.587          -1.923          -1.909         -10.577           55.333
   29 (vir)   140          50.142           9.521          -4.585         -11.075           66.153
   30 (vir)   140          54.061          -5.043          -0.714          -8.932           57.237
   31 (vir)   140          55.789          12.504          -6.687         -10.523           72.130
   32 (vir)   140          59.018          -1.008          -1.564         -10.437           66.884
   33 (vir)   140          59.658           7.587          -2.022          -9.400           74.624
   34 (vir)   140          63.294          -1.823          -2.072         -10.806           70.205
   35 (vir)   140          67.063          -3.545          -2.507         -11.750           72.761
   36 (vir)   140          68.152          -0.163          -3.210         -15.161           79.940
   37 (vir)   140          72.568          -3.296          -2.775         -15.484           81.980
   38 (vir)   140          79.048           9.913          -7.393         -13.817           95.384
   39 (vir)   140          81.266          -3.155          -2.697         -15.112           90.525
   40 (vir)   140          85.487          -1.663          -2.092         -15.289           97.022
   41 (vir)   140          86.761           2.870          -2.409         -14.875          102.097
   42 (vir)   140          90.207           1.195          -1.964         -12.610          102.048
   43 (vir)   140          92.074           1.900          -1.638         -14.385          106.720
   44 (vir)   140          98.789           1.554          -1.617         -11.077          109.803
   45 (vir)   140         100.909           0.179          -1.453         -13.438          113.074
   46 (vir)   140         101.533          -0.163          -1.470         -13.541          113.440
   47 (vir)   140         110.295           5.525          -6.384         -14.017          123.452
   48 (vir)   140         113.699          -1.949          -1.891         -14.504          124.364
   49 (vir)   140         125.396           1.255          -3.701         -13.601          136.550
   50 (vir)   140         125.451          -2.246          -1.517         -12.001          133.688
   51 (vir)   140         133.601           4.761          -6.443         -14.885          146.804
   52 (vir)   140         140.058           0.917          -1.949         -15.877          154.902
   53 (vir)   140         151.476           1.348          -1.044         -11.394          163.174
   54 (vir)   140         209.948           2.046           1.157         -10.973          224.124
   55 (vir)   140         229.709           8.608          -5.248         -11.178          244.246
   56 (vir)   140         320.373          -1.450          -1.099         -17.339          335.163
   57 (vir)   140         335.699          -0.491          -0.528         -14.377          349.057
   58 (vir)   140      272113.839           0.000          -0.000          -0.000       272113.839
 
 
  kpoint:     141             coordinate:     0.0000    0.0714    0.0000
 
    n           k   ϵ_nk^DFT (eV)     Σ^c_nk (eV)     Σ^x_nk (eV)    v_nk^xc (eV)   ϵ_nk^G0W0 (eV)
 
    1 (occ)   141         -21.310           8.945         -26.744         -16.262          -22.847
    2 (occ)   141          -8.834           3.743         -18.448         -13.173          -10.366
    3 (occ)   141          -5.567           2.793         -22.356         -18.140           -6.991
    4 (occ)   141          -5.345           2.733         -22.370         -18.241           -6.741
    5 (vir)   141           1.466          -2.150          -1.744          -4.735            2.308
    6 (vir)   141           3.458          -2.165          -2.040          -5.181            4.434
    7 (vir)   141           7.499          -4.307          -6.027         -12.289            9.454
    8 (vir)   141           7.996          -3.973          -5.145         -10.906            9.783
    9 (vir)   141           8.153          -4.855          -7.155         -14.445           10.587
   10 (vir)   141           9.059          -6.413          -5.428         -13.525           10.744
   11 (vir)   141          12.329          -4.204          -4.084          -9.881           13.921
   12 (vir)   141          16.455          -4.265          -1.257          -6.704           17.637
   13 (vir)   141          22.338          -6.767          -2.549         -10.288           23.309
   14 (vir)   141          25.063          -4.575          -2.446          -8.953           26.994
   15 (vir)   141          25.392          -4.985          -3.009          -9.848           27.246
   16 (vir)   141          29.200          -4.738          -2.214          -9.159           31.407
   17 (vir)   141          29.874          -0.706          -1.765          -8.319           35.723
   18 (vir)   141          31.451          -0.638          -1.488          -7.365           36.690
   19 (vir)   141          31.804          -5.812          -2.299          -9.637           33.329
   20 (vir)   141          32.317          -2.873          -0.731          -7.411           36.124
   21 (vir)   141          34.709          -4.788          -1.602          -8.962           37.281
   22 (vir)   141          37.431          -2.917          -1.063          -8.096           41.546
   23 (vir)   141          38.304          -3.638          -1.122          -8.501           42.045
   24 (vir)   141          39.142          -1.756          -1.572          -7.912           43.725
   25 (vir)   141          41.943          -4.448          -1.383          -7.605           43.717
   26 (vir)   141          44.100          -1.064          -1.975         -11.859           52.920
   27 (vir)   141          46.842          -1.728          -1.487         -12.112           55.739
   28 (vir)   141          48.723          -2.005          -1.883         -10.591           55.426
   29 (vir)   141          51.542          -0.603          -2.219         -12.095           60.814
   30 (vir)   141          54.153          -4.623          -0.691          -8.966           57.805
   31 (vir)   141          57.611          -0.980          -1.891         -11.415           66.155
   32 (vir)   141          59.472          -1.301          -0.634         -10.334           67.871
   33 (vir)   141          63.003          -1.527          -2.118         -10.814           70.173
   34 (vir)   141          66.063          -4.846          -2.452         -11.558           70.323
   35 (vir)   141          68.759           0.379          -3.240         -15.259           81.157
   36 (vir)   141          70.687          -0.050          -2.355         -11.924           80.207
   37 (vir)   141          72.515          -1.841          -2.944         -15.369           83.099
   38 (vir)   141          80.627         -10.364          -2.495         -15.019           82.787
   39 (vir)   141          83.058          -5.138          -3.212         -15.475           90.183
   40 (vir)   141          85.412          -1.553          -2.098         -15.322           97.082
   41 (vir)   141          90.316          -2.102          -0.123         -12.825          100.916
   42 (vir)   141          91.602          -1.136          -1.751         -14.914          103.629
   43 (vir)   141          95.908          -1.478          -0.794         -13.066          106.702
   44 (vir)   141          98.900          -1.483           2.648         -10.988          111.054
   45 (vir)   141         101.458           0.538          -1.452         -13.490          114.034
   46 (vir)   141         101.964          -0.052          -1.466         -13.573          114.019
   47 (vir)   141         113.720           3.377          -1.734         -14.351          129.714
   48 (vir)   141         120.177          -1.291          -1.169         -12.622          130.338
   49 (vir)   141         127.677          -0.849          -1.467         -11.950          137.311
   50 (vir)   141         129.055           0.030          -1.399         -16.355          144.042
   51 (vir)   141         140.388          -0.840          -0.168         -15.873          155.253
   52 (vir)   141         149.099           0.620          -1.048         -11.470          160.140
   53 (vir)   141         201.349          -0.608          -0.164         -11.430          212.007
   54 (vir)   141         216.872          -0.574          -0.210          -9.946          226.034
   55 (vir)   141         319.413           0.286          -0.853         -17.385          336.231
   56 (vir)   141         322.283          -3.520           2.882         -13.978          335.623
   57 (vir)   141      272113.839           0.000          -0.000          -0.000       272113.839
   58 (vir)   141      272113.839           0.000           0.000          -0.000       272113.839
 
 
  kpoint:     142             coordinate:     0.0000    0.0612    0.0000
 
    n           k   ϵ_nk^DFT (eV)     Σ^c_nk (eV)     Σ^x_nk (eV)    v_nk^xc (eV)   ϵ_nk^G0W0 (eV)
 
    1 (occ)   142         -21.336           8.954         -26.746         -16.255          -22.872
    2 (occ)   142          -8.869           3.757         -18.453         -13.164          -10.401
    3 (occ)   142          -5.461           2.765         -22.369         -18.189           -6.875
    4 (occ)   142          -5.295           2.721         -22.380         -18.265           -6.689
    5 (vir)   142           1.423          -2.149          -1.748          -4.734            2.260
    6 (vir)   142           3.424          -2.156          -2.017          -5.146            4.396
    7 (vir)   142           7.518          -4.218          -5.859         -11.977            9.418
    8 (vir)   142           7.922          -4.046          -5.373         -11.260            9.762
    9 (vir)   142           8.039          -4.826          -7.157         -14.414           10.471
   10 (vir)   142           9.132          -6.450          -5.444         -13.580           10.818
   11 (vir)   142          12.265          -4.165          -4.082          -9.828           13.846
   12 (vir)   142          16.451          -4.276          -1.243          -6.699           17.631
   13 (vir)   142          22.302          -6.758          -2.559         -10.288           23.274
   14 (vir)   142          25.427          -4.614          -2.602          -9.245           27.456
   15 (vir)   142          25.638          -5.132          -3.055          -9.960           27.411
   16 (vir)   142          29.231          -4.816          -2.154          -9.082           31.343
   17 (vir)   142          30.052          -0.593          -2.352          -8.536           35.643
   18 (vir)   142          31.468          -5.953          -2.253          -9.547           32.810
   19 (vir)   142          31.888          -0.553          -1.488          -7.362           37.209
   20 (vir)   142          32.632          -2.522          -0.554          -7.560           37.117
   21 (vir)   142          34.151          -5.005          -1.588          -8.909           36.467
   22 (vir)   142          37.368          -1.888          -1.089          -8.035           42.425
   23 (vir)   142          37.989          -4.044          -0.957          -8.316           41.305
   24 (vir)   142          39.989          -1.077          -1.502          -7.809           45.219
   25 (vir)   142          42.345          -4.507          -1.346          -7.569           44.061
   26 (vir)   142          44.626          -0.969          -2.120         -11.895           53.431
   27 (vir)   142          47.129          -2.360          -0.690         -12.299           56.378
   28 (vir)   142          48.830          -2.552          -1.861         -10.600           55.018
   29 (vir)   142          51.481          -0.659          -2.304         -12.100           60.618
   30 (vir)   142          54.222          -3.370          -0.668          -9.009           59.194
   31 (vir)   142          58.012          -0.813          -1.946         -11.251           66.503
   32 (vir)   142          59.930          -1.817           0.146         -10.236           68.494
   33 (vir)   142          62.689          -1.215          -2.165         -10.819           70.128
   34 (vir)   142          65.065          -4.149          -2.409         -11.374           69.880
   35 (vir)   142          69.408           1.193          -3.276         -15.366           82.691
   36 (vir)   142          70.930           0.296          -2.568         -12.347           81.005
   37 (vir)   142          72.492          -1.485          -3.415         -15.057           82.648
   38 (vir)   142          79.954          -0.864          -2.303         -14.905           91.693
   39 (vir)   142          82.496          -0.141          -3.655         -15.403           94.103
   40 (vir)   142          85.325          -1.444          -2.105         -15.355           97.132
   41 (vir)   142          90.559          -2.016           0.602         -13.161          102.306
   42 (vir)   142          91.691          -1.817          -1.814         -14.951          103.011
   43 (vir)   142          97.034          -1.654          -1.563         -13.110          106.927
   44 (vir)   142          99.272          -1.007           5.519         -10.881          114.665
   45 (vir)   142         101.949           1.025          -1.452         -13.538          115.060
   46 (vir)   142         102.344           0.086          -1.462         -13.603          114.570
   47 (vir)   142         113.828          -0.072          -1.563         -14.102          126.294
   48 (vir)   142         120.778           0.554          -1.222         -12.601          132.711
   49 (vir)   142         129.734          -1.489          -1.575         -16.381          143.050
   50 (vir)   142         129.950          -0.145          -1.421         -11.908          140.292
   51 (vir)   142         140.677          -0.724           1.132         -15.868          156.953
   52 (vir)   142         146.729           0.690          -1.091         -11.547          157.875
   53 (vir)   142         206.972          -0.247           0.220         -10.871          217.816
   54 (vir)   142         217.883          -0.473          -0.175         -10.424          227.659
   55 (vir)   142         307.598          -4.035           4.256         -13.538          321.357
   56 (vir)   142         319.287           1.765          -0.874         -17.390          337.569
   57 (vir)   142      272113.839          -0.000           0.000          -0.000       272113.839
   58 (vir)   142      272113.839          -0.000           0.000          -0.000       272113.839
 
 
  kpoint:     143             coordinate:     0.0000    0.0510    0.0000
 
    n           k   ϵ_nk^DFT (eV)     Σ^c_nk (eV)     Σ^x_nk (eV)    v_nk^xc (eV)   ϵ_nk^G0W0 (eV)
 
    1 (occ)   143         -21.358           8.962         -26.748         -16.250          -22.894
    2 (occ)   143          -8.898           3.769         -18.458         -13.155          -10.432
    3 (occ)   143          -5.369           2.742         -22.381         -18.233           -6.774
    4 (occ)   143          -5.253           2.710         -22.388         -18.287           -6.644
    5 (vir)   143           1.386          -2.150          -1.750          -4.733            2.220
    6 (vir)   143           3.395          -2.148          -1.999          -5.116            4.364
    7 (vir)   143           7.534          -4.110          -5.632         -11.561            9.353
    8 (vir)   143           7.859          -4.162          -5.652         -11.714            9.759
    9 (vir)   143           7.943          -4.800          -7.158         -14.388           10.372
   10 (vir)   143           9.195          -6.481          -5.457         -13.625           10.881
   11 (vir)   143          12.212          -4.140          -4.084          -9.780           13.767
   12 (vir)   143          16.447          -4.286          -1.231          -6.696           17.626
   13 (vir)   143          22.279          -6.746          -2.565         -10.294           23.262
   14 (vir)   143          25.762          -4.689          -2.776          -9.561           27.857
   15 (vir)   143          25.876          -5.251          -3.111         -10.083           27.597
   16 (vir)   143          29.307          -4.932          -2.072          -8.975           31.278
   17 (vir)   143          30.190          -3.858          -2.888          -8.679           32.122
   18 (vir)   143          31.153          -5.740          -2.200          -9.441           32.655
   19 (vir)   143          32.357          -0.489          -1.655          -7.477           37.690
   20 (vir)   143          32.946          -3.312          -0.603          -7.728           36.759
   21 (vir)   143          33.597          -5.215          -1.564          -8.825           35.643
   22 (vir)   143          37.276          -2.620          -1.152          -7.963           41.467
   23 (vir)   143          37.688          -3.713          -0.891          -8.137           41.221
   24 (vir)   143          40.865          -0.576          -1.442          -7.730           46.577
   25 (vir)   143          42.737          -4.531          -1.321          -7.535           44.419
   26 (vir)   143          45.292          -0.265          -2.702         -11.987           54.312
   27 (vir)   143          47.411          -2.776          -0.517         -12.466           56.585
   28 (vir)   143          48.908          -3.978          -1.844         -10.608           53.695
   29 (vir)   143          51.408          -0.952          -2.371         -12.113           60.197
   30 (vir)   143          54.249          -1.883          -0.647          -9.059           60.778
   31 (vir)   143          58.543          -0.240          -2.261         -11.017           67.059
   32 (vir)   143          60.382          -2.151           0.438         -10.146           68.815
   33 (vir)   143          62.369          -1.147          -2.215         -10.820           69.826
   34 (vir)   143          64.107          -3.975          -2.383         -11.205           68.953
   35 (vir)   143          70.092           4.341          -3.289         -15.483           86.628
   36 (vir)   143          71.153           2.432          -2.592         -12.816           83.809
   37 (vir)   143          72.528          -1.697          -3.881         -14.687           81.638
   38 (vir)   143          79.258          -1.171          -2.218         -14.772           90.641
   39 (vir)   143          81.855          -0.233          -3.909         -15.318           93.031
   40 (vir)   143          85.232          -1.360          -2.112         -15.388           97.148
   41 (vir)   143          90.909          -1.893           0.114         -13.596          102.727
   42 (vir)   143          91.788          -2.506          -1.913         -14.958          102.327
   43 (vir)   143          98.386          -1.213          -2.596         -13.201          107.779
   44 (vir)   143          99.992          -0.347           6.131         -10.836          116.612
   45 (vir)   143         102.377           1.686          -1.453         -13.582          116.192
   46 (vir)   143         102.668           0.271          -1.459         -13.630          115.109
   47 (vir)   143         114.074          -0.526          -1.376         -13.698          125.870
   48 (vir)   143         121.103         -12.030          -1.231         -12.677          120.520
   49 (vir)   143         130.909          -1.598          -1.915         -16.296          143.693
   50 (vir)   143         132.192           0.040          -1.390         -11.874          142.715
   51 (vir)   143         140.914          -0.891           1.493         -15.858          157.374
   52 (vir)   143         144.510           0.871          -1.165         -11.620          155.836
   53 (vir)   143         210.586          -0.829           0.248         -10.030          220.035
   54 (vir)   143         220.029          -0.005           0.286         -11.167          231.478
   55 (vir)   143         291.751          -2.870           3.380         -13.063          305.324
   56 (vir)   143         319.109          -1.464          -0.890         -17.400          334.155
   57 (vir)   143      272113.839          -0.000           0.001          -0.000       272113.839
   58 (vir)   143      272113.839          -0.000           0.000          -0.000       272113.839
 
 
  kpoint:     144             coordinate:     0.0000    0.0408    0.0000
 
    n           k   ϵ_nk^DFT (eV)     Σ^c_nk (eV)     Σ^x_nk (eV)    v_nk^xc (eV)   ϵ_nk^G0W0 (eV)
 
    1 (occ)   144         -21.376           8.969         -26.751         -16.246          -22.912
    2 (occ)   144          -8.922           3.779         -18.462         -13.149          -10.457
    3 (occ)   144          -5.293           2.723         -22.391         -18.270           -6.691
    4 (occ)   144          -5.217           2.702         -22.395         -18.305           -6.606
    5 (vir)   144           1.356          -2.153          -1.749          -4.733            2.188
    6 (vir)   144           3.371          -2.142          -1.985          -5.093            4.337
    7 (vir)   144           7.546          -3.993          -5.332         -11.025            9.246
    8 (vir)   144           7.808          -4.317          -5.989         -12.286            9.788
    9 (vir)   144           7.863          -4.780          -7.159         -14.365           10.289
   10 (vir)   144           9.246          -6.506          -5.467         -13.660           10.933
   11 (vir)   144          12.168          -4.133          -4.084          -9.736           13.687
   12 (vir)   144          16.444          -4.295          -1.222          -6.695           17.622
   13 (vir)   144          22.268          -6.733          -2.565         -10.303           23.273
   14 (vir)   144          26.053          -4.773          -2.958          -9.880           28.203
   15 (vir)   144          26.097          -5.310          -3.175         -10.214           27.826
   16 (vir)   144          29.439          -5.043          -1.981          -8.862           31.277
   17 (vir)   144          30.298          -2.658          -3.217          -8.774           33.198
   18 (vir)   144          30.865          -5.410          -2.142          -9.324           32.638
   19 (vir)   144          32.830          -0.537          -1.922          -7.681           38.051
   20 (vir)   144          33.053          -5.365          -1.530          -8.716           34.874
   21 (vir)   144          33.250          -4.226          -0.910          -7.914           36.028
   22 (vir)   144          37.161          -4.233          -1.202          -7.871           39.597
   23 (vir)   144          37.407          -3.867          -0.920          -7.959           40.579
   24 (vir)   144          41.736          -1.007          -1.396          -7.659           46.992
   25 (vir)   144          43.102          -4.418          -1.314          -7.504           44.874
   26 (vir)   144          46.076          -0.699          -3.609         -12.155           53.922
   27 (vir)   144          47.681          -3.673          -1.106         -12.612           55.513
   28 (vir)   144          48.958          -5.563          -1.833         -10.621           52.183
   29 (vir)   144          51.326          -1.312          -2.388         -12.130           59.756
   30 (vir)   144          54.219          -6.176          -0.631          -9.112           56.522
   31 (vir)   144          59.231          -0.177          -2.841         -10.718           66.932
   32 (vir)   144          60.813          -2.242          -0.032         -10.070           68.609
   33 (vir)   144          62.063          -1.673          -2.264         -10.816           68.942
   34 (vir)   144          63.231          -3.921          -2.371         -11.058           67.997
   35 (vir)   144          70.799          -2.827          -3.272         -15.613           80.313
   36 (vir)   144          71.378          -2.439          -2.432         -13.187           79.694
   37 (vir)   144          72.605          -2.758          -4.224         -14.399           80.022
   38 (vir)   144          78.553          -1.816          -2.287         -14.616           89.067
   39 (vir)   144          81.133          -0.164          -3.848         -15.230           92.351
   40 (vir)   144          85.140          -1.331          -2.120         -15.420           97.109
   41 (vir)   144          91.305          -1.664          -0.909         -14.054          102.787
   42 (vir)   144          91.891          -1.691          -2.009         -14.943          103.134
   43 (vir)   144          99.995          -0.676          -3.675         -13.333          108.977
   44 (vir)   144         101.124          -2.214           4.340         -11.021          114.270
   45 (vir)   144         102.738           2.478          -1.455         -13.621          117.383
   46 (vir)   144         102.935           0.521          -1.458         -13.653          115.651
   47 (vir)   144         114.544          -0.528          -1.173         -13.048          125.891
   48 (vir)   144         121.126          -1.961          -1.148         -12.818          130.834
   49 (vir)   144         132.698          -0.994          -2.470         -16.132          145.365
   50 (vir)   144         134.295           0.054          -1.385         -11.850          144.814
   51 (vir)   144         141.087          -2.024           0.793         -15.843          155.698
   52 (vir)   144         142.557           1.324          -1.257         -11.686          154.310
   53 (vir)   144         211.914          -0.868           0.039          -9.508          220.593
   54 (vir)   144         223.243          -0.648           0.785         -11.566          234.946
   55 (vir)   144         275.189          -1.452           1.191         -12.574          287.501
   56 (vir)   144         318.882          -3.690          -0.898         -17.413          331.707
   57 (vir)   144      272113.839          -0.000           0.001          -0.000       272113.839
   58 (vir)   144      272113.839           0.000           0.000          -0.000       272113.839
 
 
  kpoint:     145             coordinate:     0.0000    0.0306    0.0000
 
    n           k   ϵ_nk^DFT (eV)     Σ^c_nk (eV)     Σ^x_nk (eV)    v_nk^xc (eV)   ϵ_nk^G0W0 (eV)
 
    1 (occ)   145         -21.390           8.975         -26.755         -16.242          -22.926
    2 (occ)   145          -8.941           3.786         -18.465         -13.143          -10.476
    3 (occ)   145          -5.233           2.708         -22.400         -18.299           -6.625
    4 (occ)   145          -5.189           2.695         -22.401         -18.319           -6.576
    5 (vir)   145           1.333          -2.156          -1.745          -4.733            2.164
    6 (vir)   145           3.352          -2.137          -1.974          -5.076            4.316
    7 (vir)   145           7.555          -3.884          -4.967         -10.386            9.090
    8 (vir)   145           7.769          -4.485          -6.373         -12.955            9.866
    9 (vir)   145           7.801          -4.764          -7.157         -14.345           10.224
   10 (vir)   145           9.287          -6.525          -5.475         -13.687           10.974
   11 (vir)   145          12.135          -4.137          -4.078          -9.700           13.620
   12 (vir)   145          16.442          -4.303          -1.216          -6.694           17.618
   13 (vir)   145          22.266          -6.741          -2.562         -10.313           23.275
   14 (vir)   145          26.287          -4.813          -3.129         -10.172           28.517
   15 (vir)   145          26.293          -5.337          -3.244         -10.344           28.057
   16 (vir)   145          29.631          -5.094          -1.905          -8.782           31.414
   17 (vir)   145          30.381          -2.983          -3.287          -8.839           32.949
   18 (vir)   145          30.617          -5.134          -2.081          -9.202           32.604
   19 (vir)   145          32.530          -5.421          -1.484          -8.582           34.208
   20 (vir)   145          33.273          -0.832          -2.187          -7.940           38.194
   21 (vir)   145          33.531          -5.324          -1.431          -8.113           34.889
   22 (vir)   145          37.029          -3.774          -1.201          -7.752           39.806
   23 (vir)   145          37.156          -4.570          -0.997          -7.781           39.371
   24 (vir)   145          42.553          -2.858          -1.369          -7.589           45.915
   25 (vir)   145          43.421          -4.063          -1.323          -7.476           45.511
   26 (vir)   145          46.898          -0.020          -4.538         -12.389           54.729
   27 (vir)   145          47.924          -5.203          -2.339         -12.731           53.113
   28 (vir)   145          48.982          -6.343          -1.830         -10.644           51.453
   29 (vir)   145          51.241          -1.660          -2.361         -12.147           59.367
   30 (vir)   145          54.131          -8.097          -0.623          -9.163           54.575
   31 (vir)   145          60.056           0.419          -3.618         -10.399           67.255
   32 (vir)   145          61.199           2.724          -1.316         -10.010           72.617
   33 (vir)   145          61.797          -2.904          -2.309         -10.808           67.392
   34 (vir)   145          62.482          -3.759          -2.369         -10.940           67.295
   35 (vir)   145          71.506          -2.844          -3.292         -15.764           81.134
   36 (vir)   145          71.638          -1.378          -2.133         -13.294           81.421
   37 (vir)   145          72.694         -11.382          -4.421         -14.354           71.244
   38 (vir)   145          77.863           0.405          -2.450         -14.433           90.251
   39 (vir)   145          80.354           0.087          -3.554         -15.146           92.033
   40 (vir)   145          85.056          -1.367          -2.127         -15.448           97.010
   41 (vir)   145          91.671           1.046          -1.701         -14.434          105.450
   42 (vir)   145          91.994          -0.981          -2.070         -14.915          103.858
   43 (vir)   145         101.815          -0.256          -4.552         -13.497          110.503
   44 (vir)   145         102.594          -3.135           1.032         -11.623          112.115
   45 (vir)   145         103.027           3.162          -1.457         -13.653          118.386
   46 (vir)   145         103.143           0.847          -1.458         -13.673          116.204
   47 (vir)   145         115.358          -0.258          -0.998         -12.064          126.166
   48 (vir)   145         120.898          -1.122          -1.023         -12.954          131.707
   49 (vir)   145         135.095          -0.723          -3.303         -15.959          147.029
   50 (vir)   145         136.134           0.149          -1.404         -11.833          146.712
   51 (vir)   145         140.958          -2.672          -1.349         -11.741          148.678
   52 (vir)   145         141.182           0.080          -0.740         -15.821          156.344
   53 (vir)   145         211.922          -0.761          -0.012          -9.324          220.473
   54 (vir)   145         226.348          -0.736           0.474         -11.593          237.678
   55 (vir)   145         258.890          -0.007          -0.900         -12.108          270.092
   56 (vir)   145         318.621          -2.889          -0.902         -17.430          332.260
   57 (vir)   145      272113.839          -0.000           0.000          -0.000       272113.839
   58 (vir)   145      272113.839           0.000           0.000          -0.000       272113.839
 
 
  kpoint:     146             coordinate:     0.0000    0.0204    0.0000
 
    n           k   ϵ_nk^DFT (eV)     Σ^c_nk (eV)     Σ^x_nk (eV)    v_nk^xc (eV)   ϵ_nk^G0W0 (eV)
 
    1 (occ)   146         -21.400           8.980         -26.758         -16.240          -22.937
    2 (occ)   146          -8.954           3.792         -18.467         -13.140          -10.490
    3 (occ)   146          -5.190           2.697         -22.406         -18.321           -6.578
    4 (occ)   146          -5.169           2.690         -22.405         -18.330           -6.554
    5 (vir)   146           1.316          -2.160          -1.740          -4.732            2.148
    6 (vir)   146           3.339          -2.134          -1.967          -5.064            4.301
    7 (vir)   146           7.561          -3.802          -4.587          -9.734            8.906
    8 (vir)   146           7.743          -4.630          -6.762         -13.636            9.986
    9 (vir)   146           7.756          -4.751          -7.152         -14.323           10.175
   10 (vir)   146           9.316          -6.539          -5.480         -13.706           11.003
   11 (vir)   146          12.111          -4.140          -4.066          -9.672           13.577
   12 (vir)   146          16.441          -4.309          -1.211          -6.694           17.616
   13 (vir)   146          22.268          -6.789          -2.563         -10.322           23.237
   14 (vir)   146          26.450          -5.192          -3.311         -10.464           28.411
   15 (vir)   146          26.455          -4.921          -3.264         -10.398           28.667
   16 (vir)   146          29.876          -5.063          -1.874          -8.776           31.715
   17 (vir)   146          30.422          -4.945          -2.025          -9.089           32.542
   18 (vir)   146          30.440          -3.294          -3.166          -8.882           32.862
   19 (vir)   146          32.048          -5.388          -1.417          -8.416           33.659
   20 (vir)   146          33.645          -1.264          -2.392          -8.214           38.203
   21 (vir)   146          33.767          -3.104          -2.041          -8.307           36.929
   22 (vir)   146          36.899          -2.850          -1.149          -7.611           40.512
   23 (vir)   146          36.950          -3.714          -1.057          -7.612           39.792
   24 (vir)   146          43.244          -3.094          -1.359          -7.519           46.310
   25 (vir)   146          43.672          -3.588          -1.341          -7.453           46.195
   26 (vir)   146          47.626           0.447          -5.213         -12.639           55.499
   27 (vir)   146          48.120           0.032          -3.834         -12.822           57.140
   28 (vir)   146          48.985          -6.359          -1.832         -10.677           51.472
   29 (vir)   146          51.160          -1.998          -2.334         -12.158           58.986
   30 (vir)   146          54.010          -8.576          -0.620          -9.210           54.024
   31 (vir)   146          60.901           0.752          -4.442         -10.133           67.344
   32 (vir)   146          61.508           0.715          -3.086          -9.969           69.106
   33 (vir)   146          61.592          -3.533          -2.342         -10.798           66.515
   34 (vir)   146          61.906          -3.554          -2.371         -10.855           66.836
   35 (vir)   146          71.942          -0.501          -1.800         -12.941           82.582
   36 (vir)   146          72.163          -1.341          -3.451         -15.951           83.322
   37 (vir)   146          72.776         -11.188          -4.463         -14.733           71.857
   38 (vir)   146          77.229          -0.507          -2.558         -14.212           88.376
   39 (vir)   146          79.587          -0.312          -3.266         -15.077           91.087
   40 (vir)   146          84.988          -1.444          -2.133         -15.471           96.881
   41 (vir)   146          91.948          -0.376          -2.047         -14.683          104.209
   42 (vir)   146          92.084          -0.882          -2.091         -14.883          103.995
   43 (vir)   146         103.237           3.410          -1.459         -13.678          118.867
   44 (vir)   146         103.291           1.221          -1.459         -13.687          116.740
   45 (vir)   146         103.625          -0.064          -5.078         -13.675          112.158
   46 (vir)   146         104.089           2.935          -2.162         -12.610          117.472
   47 (vir)   146         116.583           0.040          -0.963         -10.829          126.488
   48 (vir)   146         120.532          -1.173          -0.978         -13.041          131.422
   49 (vir)   146         137.574          -4.041          -1.436         -11.822          143.920
   50 (vir)   146         137.825          -0.203          -4.448         -15.835          149.009
   51 (vir)   146         139.776          -5.083          -1.425         -11.782          145.050
   52 (vir)   146         141.190           0.648          -2.611         -15.796          155.023
   53 (vir)   146         211.336          -0.788           0.005          -9.230          219.784
   54 (vir)   146         228.679          -0.489          -0.663         -11.505          239.031
   55 (vir)   146         244.511           1.048          -1.964         -11.719          255.314
   56 (vir)   146         318.363          -2.871          -0.904         -17.448          332.036
   57 (vir)   146      272113.839          -0.000          -0.000          -0.000       272113.838
   58 (vir)   146      272113.839           0.000           0.000          -0.000       272113.839
 
 
  kpoint:     147             coordinate:     0.0000    0.0102    0.0000
 
    n           k   ϵ_nk^DFT (eV)     Σ^c_nk (eV)     Σ^x_nk (eV)    v_nk^xc (eV)   ϵ_nk^G0W0 (eV)
 
    1 (occ)   147         -21.406           8.983         -26.760         -16.239          -22.944
    2 (occ)   147          -8.962           3.795         -18.468         -13.137          -10.498
    3 (occ)   147          -5.164           2.690         -22.410         -18.334           -6.549
    4 (occ)   147          -5.157           2.687         -22.407         -18.336           -6.540
    5 (vir)   147           1.306          -2.164          -1.736          -4.732            2.138
    6 (vir)   147           3.331          -2.133          -1.963          -5.057            4.292
    7 (vir)   147           7.563          -3.756          -4.291          -9.235            8.752
    8 (vir)   147           7.726          -4.728          -7.082         -14.195           10.110
    9 (vir)   147           7.730          -4.738          -7.125         -14.268           10.135
   10 (vir)   147           9.333          -6.548          -5.483         -13.717           11.020
   11 (vir)   147          12.097          -4.141          -4.055          -9.655           13.556
   12 (vir)   147          16.440          -4.312          -1.208          -6.695           17.614
   13 (vir)   147          22.270          -6.852          -2.567         -10.327           23.179
   14 (vir)   147          26.552          -5.098          -3.360         -10.551           28.646
   15 (vir)   147          26.555          -5.011          -3.350         -10.538           28.732
   16 (vir)   147          30.127          -4.972          -1.910          -8.872           32.117
   17 (vir)   147          30.297          -4.838          -1.983          -9.006           32.482
   18 (vir)   147          30.476          -3.335          -2.995          -8.907           33.052
   19 (vir)   147          31.655          -5.250          -1.321          -8.213           33.296
   20 (vir)   147          33.899          -1.643          -2.529          -8.436           38.163
   21 (vir)   147          33.929          -1.312          -2.550          -8.461           38.528
   22 (vir)   147          36.799          -2.340          -1.079          -7.482           40.862
   23 (vir)   147          36.811          -2.345          -1.071          -7.479           40.874
   24 (vir)   147          43.718          -2.742          -1.359          -7.458           47.075
   25 (vir)   147          43.833          -3.220          -1.358          -7.438           46.692
   26 (vir)   147          48.124           0.551          -5.566         -12.828           55.937
   27 (vir)   147          48.249           0.586          -5.052         -12.878           56.661
   28 (vir)   147          48.976          -2.875          -1.836         -10.712           54.977
   29 (vir)   147          51.097          -2.503          -2.339         -12.161           58.416
   30 (vir)   147          53.901          -0.683          -0.619          -9.244           61.843
   31 (vir)   147          61.463          -3.449          -2.363         -10.789           66.441
   32 (vir)   147          61.542          -3.407          -2.373         -10.803           66.566
   33 (vir)   147          61.548           0.906          -5.091          -9.980           67.345
   34 (vir)   147          61.710           1.160          -4.654          -9.946           68.163
   35 (vir)   147          72.220          -0.602          -1.666         -12.025           81.977
   36 (vir)   147          72.672          -0.957          -3.766         -16.165           84.115
   37 (vir)   147          72.845          -1.358          -4.251         -15.647           82.883
   38 (vir)   147          76.739          -0.875          -2.502         -13.972           87.335
   39 (vir)   147          78.981          -1.277          -3.173         -15.032           89.563
   40 (vir)   147          84.944          -1.516          -2.138         -15.485           96.776
   41 (vir)   147          92.115          -0.778          -2.126         -14.812          104.024
   42 (vir)   147          92.147          -0.844          -2.095         -14.859          104.067
   43 (vir)   147         103.366           3.089          -1.460         -13.693          118.689
   44 (vir)   147         103.381           1.480          -1.460         -13.696          117.096
   45 (vir)   147         105.016          -0.286          -5.315         -13.826          113.241
   46 (vir)   147         105.163           2.446          -4.047         -13.530          117.092
   47 (vir)   147         117.917           0.233          -1.080          -9.775          126.845
   48 (vir)   147         120.190          -1.125          -1.056         -13.073          131.083
   49 (vir)   147         138.495          -2.499          -1.465         -11.817          146.348
   50 (vir)   147         139.052          -3.427          -1.474         -11.808          145.958
   51 (vir)   147         140.161           0.198          -5.682         -15.778          150.456
   52 (vir)   147         141.133           0.771          -4.187         -15.775          153.492
   53 (vir)   147         210.656          -0.951          -0.023          -9.159          218.841
   54 (vir)   147         230.098           0.824          -1.903         -11.415          240.435
   55 (vir)   147         234.319           1.296          -2.081         -11.465          244.998
   56 (vir)   147         318.165          -3.832          -0.904         -17.462          330.891
   57 (vir)   147      272113.839           0.000          -0.001          -0.000       272113.838
   58 (vir)   147      272113.839           0.000          -0.000          -0.000       272113.839
 
 
  kpoint:     148             coordinate:     0.0000    0.0000    0.0000
 
    n           k   ϵ_nk^DFT (eV)     Σ^c_nk (eV)     Σ^x_nk (eV)    v_nk^xc (eV)   ϵ_nk^G0W0 (eV)
 
    1 (occ)   148         -21.408           8.984         -26.761         -16.238          -22.946
    2 (occ)   148          -8.965           3.796         -18.469         -13.137          -10.501
    3 (occ)   148          -5.156           2.688         -22.411         -18.338           -6.540
    4 (occ)   148          -5.152           2.686         -22.407         -18.338           -6.535
    5 (vir)   148           1.302          -2.165          -1.735          -4.732            2.135
    6 (vir)   148           3.328          -2.132          -1.961          -5.054            4.289
    7 (vir)   148           7.564          -3.743          -4.179          -9.048            8.691
    8 (vir)   148           7.719          -4.747          -7.158         -14.326           10.139
    9 (vir)   148           7.724          -4.747          -7.159         -14.326           10.144
   10 (vir)   148           9.339          -6.550          -5.484         -13.721           11.026
   11 (vir)   148          12.092          -4.141          -4.050          -9.650           13.551
   12 (vir)   148          16.440          -4.313          -1.208          -6.695           17.613
   13 (vir)   148          22.272          -6.881          -2.570         -10.329           23.151
   14 (vir)   148          26.587          -4.697          -3.376         -10.584           29.099
   15 (vir)   148          26.588          -5.093          -3.381         -10.584           28.698
   16 (vir)   148          30.253          -4.711          -1.968          -8.975           32.548
   17 (vir)   148          30.254          -4.843          -1.962          -8.974           32.424
   18 (vir)   148          30.488          -3.288          -2.918          -8.915           33.197
   19 (vir)   148          31.481          -5.079          -1.247          -8.074           33.230
   20 (vir)   148          33.987          -0.908          -2.754          -8.521           38.846
   21 (vir)   148          33.990          -1.805          -2.578          -8.525           38.132
   22 (vir)   148          36.760          -2.256          -1.046          -7.427           40.885
   23 (vir)   148          36.761          -2.019          -1.067          -7.427           41.102
   24 (vir)   148          43.889          -2.406          -1.357          -7.433           47.558
   25 (vir)   148          43.889          -3.296          -1.368          -7.432           46.657
   26 (vir)   148          48.294           0.643          -5.576         -12.897           56.258
   27 (vir)   148          48.301           0.597          -5.613         -12.899           56.184
   28 (vir)   148          48.971          -2.112          -1.839         -10.728           55.748
   29 (vir)   148          51.073          -2.855          -2.351         -12.160           58.027
   30 (vir)   148          53.857          -3.844          -0.619          -9.257           58.651
   31 (vir)   148          61.416          -3.361          -2.376         -10.786           66.465
   32 (vir)   148          61.421          -3.352          -2.366         -10.786           66.489
   33 (vir)   148          61.781           1.545          -5.267          -9.939           67.997
   34 (vir)   148          61.791           0.892          -5.356          -9.935           67.263
   35 (vir)   148          72.334          -0.886          -1.754         -11.384           81.078
   36 (vir)   148          72.875          -0.146          -3.937         -16.282           85.074
   37 (vir)   148          72.882          -1.487          -4.018         -16.281           83.659
   38 (vir)   148          76.544          -0.019          -2.418         -13.845           87.953
   39 (vir)   148          78.741          -2.943          -3.190         -15.016           87.623
   40 (vir)   148          84.929          -1.544          -2.139         -15.490           96.736
   41 (vir)   148          92.168          -0.780          -2.083         -14.850          104.156
   42 (vir)   148          92.171          -0.827          -2.142         -14.850          104.053
   43 (vir)   148         103.409           1.294          -1.461         -13.698          116.941
   44 (vir)   148         103.411           1.119          -1.461         -13.699          116.768
   45 (vir)   148         105.538          -0.753          -5.415         -13.887          113.257
   46 (vir)   148         105.549           2.208          -4.558         -13.888          117.087
   47 (vir)   148         118.537           0.102          -1.154          -9.373          126.858
   48 (vir)   148         120.048          -0.328          -1.120         -13.078          131.678
   49 (vir)   148         138.805          -3.485          -1.500         -11.817          145.638
   50 (vir)   148         138.815          -2.158          -1.468         -11.815          147.004
   51 (vir)   148         141.093           1.488          -4.388         -15.768          153.960
   52 (vir)   148         141.108          -0.042          -6.697         -15.767          150.135
   53 (vir)   148         210.356          -0.794          -0.050          -9.128          218.640
   54 (vir)   148         230.573           1.257          -2.620         -11.378          240.588
   55 (vir)   148         230.589           2.085          -1.782         -11.377          242.269
   56 (vir)   148         318.089         -12.125          -0.904         -17.468          322.528
   57 (vir)   148      272113.839           0.000           0.000          -0.000       272113.839
   58 (vir)   148      272113.839          -0.000          -0.001          -0.000       272113.837
 
