 
  kpoint:       1             coordinate:     0.0000    0.0000    0.0000
 
    n           k   ϵ_nk^DFT (eV)     Σ^c_nk (eV)     Σ^x_nk (eV)    v_nk^xc (eV)   ϵ_nk^G0W0 (eV)
 
    1 (occ)     1         -21.343           9.413         -26.924         -16.188          -22.667
    2 (occ)     1          -8.927           4.052         -18.648         -13.174          -10.349
    3 (occ)     1          -5.159           2.918         -22.489         -18.271           -6.459
    4 (occ)     1          -5.155           2.917         -22.488         -18.271           -6.455
    5 (vir)     1           2.487          -2.410          -2.935          -6.812            3.954
    6 (vir)     1           3.692          -2.166          -2.773          -6.431            5.184
    7 (vir)     1           7.792          -4.321          -7.313         -14.422           10.580
    8 (vir)     1           7.797          -4.312          -7.311         -14.422           10.596
    9 (vir)     1           9.402          -4.708          -6.445         -13.139           11.388
   10 (vir)     1          10.227          -7.222          -5.102         -14.212           12.116
   11 (vir)     1          24.714          -5.322          -2.470          -9.997           26.919
   12 (vir)     1          28.068          -3.362          -3.493         -11.690           32.903
   13 (vir)     1          28.070          -3.820          -3.492         -11.689           32.448
   14 (vir)     1          37.908          -0.472          -3.954         -13.236           46.717
   15 (vir)     1          37.913          -0.652          -3.953         -13.235           46.543
   16 (vir)     1          42.640          -1.917          -3.382         -14.840           52.181
   17 (vir)     1          43.590          -5.361          -3.713         -16.007           50.524
   18 (vir)     1          43.594          -8.807          -3.927         -16.006           46.866
   19 (vir)     1          52.725          -0.288          -1.540          -8.762           59.659
   20 (vir)     1          70.429          -0.579          -3.426         -16.498           82.922
   21 (vir)     1          70.436          -1.695          -1.961         -16.495           83.274
   22 (vir)     1          74.575          -1.172          -1.215         -14.809           86.996
   23 (vir)     1          74.586          -0.844          -2.710         -14.805           85.837
   24 (vir)     1         192.216           2.099          29.408         -12.915          236.638
   25 (vir)     1         192.267          -1.948         142.050         -12.916          345.284
   26 (vir)     1         210.890          -2.209          -1.761         -17.731          224.652
 
 
  kpoint:       2             coordinate:     0.0068    0.0068    0.0000
 
    n           k   ϵ_nk^DFT (eV)     Σ^c_nk (eV)     Σ^x_nk (eV)    v_nk^xc (eV)   ϵ_nk^G0W0 (eV)
 
    1 (occ)     2         -21.341           9.366         -26.924         -16.189          -22.710
    2 (occ)     2          -8.923           4.051         -18.647         -13.175          -10.345
    3 (occ)     2          -5.171           2.921         -22.488         -18.265           -6.472
    4 (occ)     2          -5.161           2.918         -22.487         -18.268           -6.461
    5 (vir)     2           2.487          -2.409          -2.923          -6.802            3.956
    6 (vir)     2           3.695          -2.167          -2.775          -6.435            5.188
    7 (vir)     2           7.796          -4.317          -7.310         -14.419           10.589
    8 (vir)     2           7.804          -4.323          -7.312         -14.426           10.594
    9 (vir)     2           9.408          -4.711          -6.449         -13.142           11.390
   10 (vir)     2          10.219          -7.216          -5.100         -14.205           12.108
   11 (vir)     2          24.714          -5.330          -2.455         -10.003           26.932
   12 (vir)     2          28.051          -3.851          -3.495         -11.690           32.395
   13 (vir)     2          28.053          -3.548          -3.492         -11.691           32.704
   14 (vir)     2          37.924          -0.648          -3.957         -13.243           46.563
   15 (vir)     2          37.941          -0.480          -3.951         -13.236           46.746
   16 (vir)     2          42.656          -1.911          -3.379         -14.834           52.200
   17 (vir)     2          43.535          -4.141          -3.709         -15.957           51.643
   18 (vir)     2          43.588          -8.479          -3.920         -16.005           47.195
   19 (vir)     2          52.681           1.174          -1.543          -8.861           61.172
   20 (vir)     2          70.413          -0.238          -3.358         -16.497           83.314
   21 (vir)     2          70.504          -1.711          -2.223         -16.502           83.072
   22 (vir)     2          74.560          -0.649          -2.652         -14.807           86.067
   23 (vir)     2          74.696          -1.372          -1.366         -14.753           86.711
   24 (vir)     2         181.669          -0.199         130.056         -13.451          324.977
   25 (vir)     2         192.203          -2.704         -16.647         -12.911          185.764
   26 (vir)     2         217.178         -11.741          31.422         -17.174          254.033
 
 
  kpoint:       3             coordinate:     0.0136    0.0136    0.0000
 
    n           k   ϵ_nk^DFT (eV)     Σ^c_nk (eV)     Σ^x_nk (eV)    v_nk^xc (eV)   ϵ_nk^G0W0 (eV)
 
    1 (occ)     3         -21.335           9.276         -26.924         -16.193          -22.790
    2 (occ)     3          -8.913           4.046         -18.646         -13.178          -10.334
    3 (occ)     3          -5.206           2.930         -22.483         -18.249           -6.510
    4 (occ)     3          -5.177           2.922         -22.483         -18.260           -6.478
    5 (vir)     3           2.488          -2.394          -2.899          -6.775            3.970
    6 (vir)     3           3.704          -2.170          -2.784          -6.447            5.198
    7 (vir)     3           7.794          -4.322          -7.307         -14.410           10.575
    8 (vir)     3           7.840          -4.333          -7.312         -14.435           10.630
    9 (vir)     3           9.426          -4.811          -6.460         -13.152           11.307
   10 (vir)     3          10.194          -7.198          -5.095         -14.185           12.086
   11 (vir)     3          24.715          -5.570          -2.428         -10.021           26.737
   12 (vir)     3          27.992          -4.030          -3.503         -11.693           32.152
   13 (vir)     3          28.010          -3.946          -3.491         -11.694           32.267
   14 (vir)     3          37.958          -0.650          -3.967         -13.265           46.605
   15 (vir)     3          38.040          -0.491          -3.942         -13.236           46.843
   16 (vir)     3          42.704          -1.897          -3.370         -14.816           52.253
   17 (vir)     3          43.372           4.763          -3.711         -15.813           60.236
   18 (vir)     3          43.569          -7.873          -3.898         -16.002           47.800
   19 (vir)     3          52.556           1.165          -1.591          -9.138           61.268
   20 (vir)     3          70.366           2.946          -3.192         -16.494           86.614
   21 (vir)     3          70.680          -1.542          -2.874         -16.522           82.786
   22 (vir)     3          74.488           1.246          -2.497         -14.814           88.051
   23 (vir)     3          75.069          -1.313          -1.803         -14.595           86.548
   24 (vir)     3         162.871          -5.829          58.545         -13.313          228.900
   25 (vir)     3         192.090          -1.134           6.445         -12.899          210.299
   26 (vir)     3         224.735          -3.651          23.563         -17.257          261.904
 
 
  kpoint:       4             coordinate:     0.0204    0.0204    0.0000
 
    n           k   ϵ_nk^DFT (eV)     Σ^c_nk (eV)     Σ^x_nk (eV)    v_nk^xc (eV)   ϵ_nk^G0W0 (eV)
 
    1 (occ)     4         -21.324           9.316         -26.927         -16.199          -22.735
    2 (occ)     4          -8.895           4.039         -18.643         -13.183          -10.316
    3 (occ)     4          -5.263           2.944         -22.476         -18.221           -6.573
    4 (occ)     4          -5.204           2.928         -22.477         -18.246           -6.507
    5 (vir)     4           2.490          -2.377          -2.882          -6.733            3.964
    6 (vir)     4           3.720          -2.174          -2.797          -6.466            5.215
    7 (vir)     4           7.790          -4.322          -7.304         -14.396           10.560
    8 (vir)     4           7.899          -4.338          -7.310         -14.450           10.701
    9 (vir)     4           9.456          -5.429          -6.473         -13.169           10.723
   10 (vir)     4          10.153          -7.169          -5.087         -14.151           12.048
   11 (vir)     4          24.717          -4.599          -2.431         -10.050           27.737
   12 (vir)     4          27.892          -4.306          -3.514         -11.695           31.767
   13 (vir)     4          27.942          -4.403          -3.490         -11.700           31.749
   14 (vir)     4          38.012          -0.672          -3.983         -13.301           46.657
   15 (vir)     4          38.204          -0.494          -3.927         -13.236           47.019
   16 (vir)     4          42.783          -1.880          -3.356         -14.788           52.336
   17 (vir)     4          43.107          -8.529          -3.747         -15.592           46.423
   18 (vir)     4          43.538          -6.170          -3.875         -15.997           49.490
   19 (vir)     4          52.376           0.898          -1.743          -9.550           61.080
   20 (vir)     4          70.292          -2.583          -3.035         -16.491           81.166
   21 (vir)     4          70.885          -1.164          -3.602         -16.541           82.660
   22 (vir)     4          74.381          -1.741          -2.322         -14.836           85.154
   23 (vir)     4          75.708          -1.045          -2.454         -14.369           86.578
   24 (vir)     4         143.109           0.650          -1.751         -12.997          155.005
   25 (vir)     4         191.771          -1.508          32.315         -12.871          235.450
   26 (vir)     4         229.922           5.470           4.577         -17.497          257.466
 
 
  kpoint:       5             coordinate:     0.0272    0.0272    0.0000
 
    n           k   ϵ_nk^DFT (eV)     Σ^c_nk (eV)     Σ^x_nk (eV)    v_nk^xc (eV)   ϵ_nk^G0W0 (eV)
 
    1 (occ)     5         -21.308           9.773         -26.931         -16.208          -22.258
    2 (occ)     5          -8.870           4.029         -18.640         -13.191          -10.290
    3 (occ)     5          -5.342           2.965         -22.467         -18.185           -6.660
    4 (occ)     5          -5.242           2.937         -22.468         -18.227           -6.547
    5 (vir)     5           2.496          -2.327          -2.878          -6.680            3.971
    6 (vir)     5           3.742          -2.179          -2.817          -6.493            5.239
    7 (vir)     5           7.786          -4.313          -7.301         -14.378           10.551
    8 (vir)     5           7.980          -4.351          -7.306         -14.466           10.790
    9 (vir)     5           9.501          -4.473          -6.480         -13.194           11.742
   10 (vir)     5          10.096          -7.128          -5.075         -14.102           11.996
   11 (vir)     5          24.722          -4.394          -2.483         -10.092           27.937
   12 (vir)     5          27.750          -4.624          -3.526         -11.696           31.296
   13 (vir)     5          27.857          -4.787          -3.491         -11.709           31.287
   14 (vir)     5          38.084          -0.698          -4.004         -13.348           46.730
   15 (vir)     5          38.428          -0.475          -3.907         -13.240           47.286
   16 (vir)     5          42.750          -4.198          -3.829         -15.321           50.044
   17 (vir)     5          42.895          -1.863          -3.337         -14.749           52.444
   18 (vir)     5          43.496          -5.645          -3.865         -15.989           49.975
   19 (vir)     5          52.169          -2.000          -1.986         -10.037           58.221
   20 (vir)     5          70.197          -1.979          -2.981         -16.492           81.730
   21 (vir)     5          71.030          -1.256          -4.159         -16.521           82.136
   22 (vir)     5          74.261          -1.483          -2.244         -14.887           85.420
   23 (vir)     5          76.606          -0.539          -3.175         -14.126           87.018
   24 (vir)     5         125.096           0.677         -36.681         -12.703          101.795
   25 (vir)     5         191.037          -1.118          47.270         -12.819          250.008
   26 (vir)     5         233.282           6.464          -8.021         -17.702          249.426
 
 
  kpoint:       6             coordinate:     0.0340    0.0340    0.0000
 
    n           k   ϵ_nk^DFT (eV)     Σ^c_nk (eV)     Σ^x_nk (eV)    v_nk^xc (eV)   ϵ_nk^G0W0 (eV)
 
    1 (occ)     6         -21.287          11.784         -26.935         -16.217          -20.221
    2 (occ)     6          -8.838           4.016         -18.636         -13.200          -10.257
    3 (occ)     6          -5.442           2.990         -22.458         -18.140           -6.769
    4 (occ)     6          -5.291           2.948         -22.457         -18.202           -6.598
    5 (vir)     6           2.508          -2.326          -2.872          -6.621            3.931
    6 (vir)     6           3.770          -2.187          -2.843          -6.530            5.270
    7 (vir)     6           7.783          -4.305          -7.297         -14.358           10.539
    8 (vir)     6           8.080          -4.401          -7.297         -14.481           10.863
    9 (vir)     6           9.560          -4.439          -6.479         -13.229           11.871
   10 (vir)     6          10.024          -7.075          -5.059         -14.040           11.929
   11 (vir)     6          24.733          -3.803          -2.564         -10.145           28.511
   12 (vir)     6          27.567          -4.925          -3.540         -11.695           30.797
   13 (vir)     6          27.758          -5.083          -3.493         -11.722           30.905
   14 (vir)     6          38.174          -0.701          -4.028         -13.405           46.850
   15 (vir)     6          38.709          -0.429          -3.884         -13.247           47.644
   16 (vir)     6          42.316          -2.835          -3.932         -15.030           50.580
   17 (vir)     6          43.038          -1.847          -3.315         -14.701           52.577
   18 (vir)     6          43.442          -5.123          -3.875         -15.979           50.423
   19 (vir)     6          51.964          -1.696          -2.232         -10.546           58.582
   20 (vir)     6          70.087          -1.977          -3.065         -16.500           81.545
   21 (vir)     6          71.039          -1.270          -4.459         -16.430           81.740
   22 (vir)     6          74.150          -1.437          -2.396         -14.977           85.294
   23 (vir)     6          77.705          -0.715          -3.844         -13.916           87.063
   24 (vir)     6         110.034          -0.036         -44.063         -12.452           78.387
   25 (vir)     6         189.571          -1.263          41.920         -12.729          242.957
   26 (vir)     6         235.473           3.476         -11.795         -17.847          245.002
 
 
  kpoint:       7             coordinate:     0.0408    0.0408    0.0000
 
    n           k   ϵ_nk^DFT (eV)     Σ^c_nk (eV)     Σ^x_nk (eV)    v_nk^xc (eV)   ϵ_nk^G0W0 (eV)
 
    1 (occ)     7         -21.262           4.954         -26.937         -16.228          -27.017
    2 (occ)     7          -8.799           4.001         -18.631         -13.212          -10.217
    3 (occ)     7          -5.560           3.022         -22.449         -18.088           -6.899
    4 (occ)     7          -5.349           2.962         -22.444         -18.172           -6.659
    5 (vir)     7           2.528          -2.347          -2.845          -6.561            3.897
    6 (vir)     7           3.804          -2.196          -2.876          -6.576            5.308
    7 (vir)     7           7.782          -4.299          -7.293         -14.336           10.525
    8 (vir)     7           8.195          -4.361          -7.281         -14.490           11.044
    9 (vir)     7           9.637          -4.414          -6.478         -13.278           12.023
   10 (vir)     7           9.937          -7.011          -5.038         -13.962           11.849
   11 (vir)     7          24.752          -3.608          -2.630         -10.208           28.723
   12 (vir)     7          27.345          -5.176          -3.555         -11.690           30.303
   13 (vir)     7          27.653          -5.308          -3.495         -11.738           30.587
   14 (vir)     7          38.278          -0.663          -4.055         -13.470           47.029
   15 (vir)     7          39.042          -0.364          -3.857         -13.261           48.082
   16 (vir)     7          41.822          -2.699          -3.996         -14.748           49.874
   17 (vir)     7          43.213          -1.826          -3.290         -14.645           52.742
   18 (vir)     7          43.378          -4.812          -3.903         -15.966           50.629
   19 (vir)     7          51.780          -1.779          -2.403         -11.034           58.632
   20 (vir)     7          69.963          -2.071          -3.255         -16.521           81.158
   21 (vir)     7          70.855          -1.570          -4.540         -16.262           81.008
   22 (vir)     7          74.050          -1.444          -2.851         -15.078           84.834
   23 (vir)     7          78.859          -1.185          -4.595         -13.788           86.868
   24 (vir)     7          98.213           4.847         -34.165         -12.222           81.118
   25 (vir)     7         186.947           3.383          17.477         -12.578          220.385
   26 (vir)     7         236.930          -1.131          -9.617         -17.942          244.123
 
 
  kpoint:       8             coordinate:     0.0476    0.0476    0.0000
 
    n           k   ϵ_nk^DFT (eV)     Σ^c_nk (eV)     Σ^x_nk (eV)    v_nk^xc (eV)   ϵ_nk^G0W0 (eV)
 
    1 (occ)     8         -21.230           3.819         -26.937         -16.240          -28.109
    2 (occ)     8          -8.752           3.982         -18.625         -13.226          -10.169
    3 (occ)     8          -5.696           3.059         -22.441         -18.030           -7.048
    4 (occ)     8          -5.418           2.978         -22.430         -18.137           -6.732
    5 (vir)     8           2.558          -2.374          -2.801          -6.506            3.889
    6 (vir)     8           3.843          -2.208          -2.916          -6.632            5.351
    7 (vir)     8           7.783          -4.297          -7.289         -14.313           10.510
    8 (vir)     8           8.323          -4.371          -7.254         -14.485           11.183
    9 (vir)     8           9.734          -4.482          -6.495         -13.345           12.101
   10 (vir)     8           9.836          -6.936          -5.012         -13.869           11.756
   11 (vir)     8          24.782          -3.914          -2.655         -10.282           28.495
   12 (vir)     8          27.086          -5.371          -3.570         -11.682           29.827
   13 (vir)     8          27.544          -5.488          -3.499         -11.758           30.315
   14 (vir)     8          38.393          -0.591          -4.084         -13.541           47.259
   15 (vir)     8          39.420          -0.293          -3.828         -13.281           48.579
   16 (vir)     8          41.286          -3.056          -3.981         -14.495           48.743
   17 (vir)     8          43.305          -4.612          -3.938         -15.950           50.705
   18 (vir)     8          43.421          -1.792          -3.265         -14.582           52.946
   19 (vir)     8          51.629          -2.121          -2.496         -11.472           58.485
   20 (vir)     8          69.826          -2.177          -3.510         -16.571           80.710
   21 (vir)     8          70.424          -2.589          -4.562         -16.023           79.296
   22 (vir)     8          73.885          -1.774          -3.602         -15.070           83.580
   23 (vir)     8          79.635          -3.754          -6.403         -13.828           83.306
   24 (vir)     8          89.799         -10.432         -18.924         -12.007           72.450
   25 (vir)     8         182.651          -6.177         -13.091         -12.342          175.726
   26 (vir)     8         237.904          -4.369          -5.521         -17.999          246.012
 
 
  kpoint:       9             coordinate:     0.0544    0.0544    0.0000
 
    n           k   ϵ_nk^DFT (eV)     Σ^c_nk (eV)     Σ^x_nk (eV)    v_nk^xc (eV)   ϵ_nk^G0W0 (eV)
 
    1 (occ)     9         -21.194           9.940         -26.934         -16.252          -21.937
    2 (occ)     9          -8.699           3.961         -18.618         -13.242          -10.114
    3 (occ)     9          -5.847           3.101         -22.435         -17.968           -7.214
    4 (occ)     9          -5.496           2.996         -22.413         -18.098           -6.815
    5 (vir)     9           2.601          -2.386          -2.761          -6.461            3.916
    6 (vir)     9           3.888          -2.223          -2.965          -6.701            5.401
    7 (vir)     9           7.787          -4.296          -7.285         -14.292           10.498
    8 (vir)     9           8.458          -4.376          -7.218         -14.463           11.328
    9 (vir)     9           9.721          -6.849          -4.979         -13.759           11.652
   10 (vir)     9           9.853          -4.639          -6.546         -13.433           12.101
   11 (vir)     9          24.823          -4.792          -2.651         -10.366           27.745
   12 (vir)     9          26.794          -5.512          -3.586         -11.670           29.366
   13 (vir)     9          27.437          -5.639          -3.502         -11.781           30.076
   14 (vir)     9          38.519          -0.507          -4.113         -13.615           47.514
   15 (vir)     9          39.835          -0.232          -3.797         -13.309           49.115
   16 (vir)     9          40.726          -5.964          -3.913         -14.284           45.132
   17 (vir)     9          43.223          -4.498          -3.965         -15.931           50.691
   18 (vir)     9          43.663          -1.733          -3.242         -14.513           53.201
   19 (vir)     9          51.517          -4.042          -2.561         -11.846           56.760
   20 (vir)     9          69.548          -9.543          -5.492         -16.190           70.704
   21 (vir)     9          69.737          -3.108          -3.409         -16.089           79.310
   22 (vir)     9          73.359          -4.103          -4.728         -14.643           79.171
   23 (vir)     9          78.731          -5.087          -9.145         -14.127           78.625
   24 (vir)     9          85.982          -4.373          -6.016         -12.088           87.682
   25 (vir)     9         176.155          -8.924         -32.076         -11.995          147.149
   26 (vir)     9         238.527          -4.728          -2.453         -18.029          249.375
 
 
  kpoint:      10             coordinate:     0.0612    0.0612    0.0000
 
    n           k   ϵ_nk^DFT (eV)     Σ^c_nk (eV)     Σ^x_nk (eV)    v_nk^xc (eV)   ϵ_nk^G0W0 (eV)
 
    1 (occ)    10         -21.152           8.957         -26.930         -16.264          -22.860
    2 (occ)    10          -8.639           3.937         -18.610         -13.261          -10.052
    3 (occ)    10          -6.013           3.148         -22.432         -17.903           -7.395
    4 (occ)    10          -5.583           3.017         -22.395         -18.054           -6.907
    5 (vir)    10           2.658          -2.361          -2.744          -6.430            3.983
    6 (vir)    10           3.937          -2.241          -3.023          -6.783            5.456
    7 (vir)    10           7.796          -4.295          -7.281         -14.271           10.491
    8 (vir)    10           8.597          -4.484          -7.173         -14.420           11.359
    9 (vir)    10           9.596          -6.751          -4.938         -13.631           11.538
   10 (vir)    10           9.999          -4.741          -6.622         -13.544           12.180
   11 (vir)    10          24.877          -5.606          -2.654         -10.457           27.074
   12 (vir)    10          26.472          -5.610          -3.601         -11.653           28.914
   13 (vir)    10          27.334          -5.771          -3.506         -11.807           29.864
   14 (vir)    10          38.652          -0.441          -4.141         -13.691           47.761
   15 (vir)    10          40.156          -0.282          -3.852         -14.118           50.141
   16 (vir)    10          40.280          -0.199          -3.762         -13.346           49.665
   17 (vir)    10          43.133          -4.460          -3.975         -15.909           50.607
   18 (vir)    10          43.941          -1.646          -3.222         -14.439           53.513
   19 (vir)    10          51.443           0.653          -2.630         -12.151           61.618
   20 (vir)    10          67.952          -4.674          -8.291         -14.781           69.769
   21 (vir)    10          69.538          -2.394          -3.510         -16.587           80.221
   22 (vir)    10          72.057          -2.300          -5.105         -14.030           78.682
   23 (vir)    10          77.064          -3.909          -6.892         -15.043           81.306
   24 (vir)    10          86.157          -1.712          -2.393         -12.323           94.375
   25 (vir)    10         167.063          -2.195         -29.241         -11.521          147.149
   26 (vir)    10         238.869          -3.826          -1.300         -18.043          251.786
 
 
  kpoint:      11             coordinate:     0.0680    0.0680    0.0000
 
    n           k   ϵ_nk^DFT (eV)     Σ^c_nk (eV)     Σ^x_nk (eV)    v_nk^xc (eV)   ϵ_nk^G0W0 (eV)
 
    1 (occ)    11         -21.104           8.726         -26.925         -16.277          -23.026
    2 (occ)    11          -8.572           3.910         -18.602         -13.281           -9.982
    3 (occ)    11          -6.191           3.199         -22.432         -17.835           -7.589
    4 (occ)    11          -5.679           3.040         -22.376         -18.006           -7.009
    5 (vir)    11           2.732          -2.318          -2.748          -6.416            4.082
    6 (vir)    11           3.990          -2.263          -3.093          -6.881            5.516
    7 (vir)    11           7.810          -4.289          -7.277         -14.252           10.495
    8 (vir)    11           8.735          -4.535          -7.124         -14.356           11.432
    9 (vir)    11           9.459          -6.637          -4.887         -13.483           11.417
   10 (vir)    11          10.174          -4.804          -6.689         -13.676           12.357
   11 (vir)    11          24.943          -5.304          -2.690         -10.556           27.506
   12 (vir)    11          26.125          -5.676          -3.617         -11.633           28.465
   13 (vir)    11          27.237          -5.889          -3.510         -11.836           29.674
   14 (vir)    11          38.793          -0.410          -4.168         -13.767           47.982
   15 (vir)    11          39.589          -5.526          -3.806         -13.995           44.251
   16 (vir)    11          40.745          -0.214          -3.723         -13.391           50.200
   17 (vir)    11          43.035          -4.987          -3.972         -15.883           49.958
   18 (vir)    11          44.259          -1.526          -3.207         -14.361           53.887
   19 (vir)    11          51.399           1.768          -2.681         -12.391           62.876
   20 (vir)    11          65.243           1.087         -11.784         -13.385           67.931
   21 (vir)    11          69.341          -2.975          -3.739         -16.733           79.361
   22 (vir)    11          70.773          -1.728          -3.447         -14.274           79.873
   23 (vir)    11          76.557           0.197          -5.253         -15.630           87.131
   24 (vir)    11          87.409          -1.481          -1.751         -12.339           96.515
   25 (vir)    11         155.327          10.441         -10.081         -10.930          166.617
   26 (vir)    11         238.974          -2.272          -1.336         -18.047          253.413
 
 
  kpoint:      12             coordinate:     0.0748    0.0748    0.0000
 
    n           k   ϵ_nk^DFT (eV)     Σ^c_nk (eV)     Σ^x_nk (eV)    v_nk^xc (eV)   ϵ_nk^G0W0 (eV)
 
    1 (occ)    12         -21.050           8.797         -26.918         -16.290          -22.882
    2 (occ)    12          -8.498           3.880         -18.593         -13.305           -9.906
    3 (occ)    12          -6.379           3.254         -22.435         -17.767           -7.794
    4 (occ)    12          -5.783           3.065         -22.357         -17.955           -7.120
    5 (vir)    12           2.823          -2.276          -2.748          -6.422            4.221
    6 (vir)    12           4.047          -2.290          -3.174          -6.998            5.580
    7 (vir)    12           7.829          -4.288          -7.273         -14.234           10.502
    8 (vir)    12           8.870          -4.457          -7.063         -14.276           11.627
    9 (vir)    12           9.314          -6.505          -4.825         -13.312           11.296
   10 (vir)    12          10.379          -4.503          -6.711         -13.823           12.987
   11 (vir)    12          25.021          -4.485          -2.750         -10.661           28.447
   12 (vir)    12          25.755          -5.718          -3.632         -11.609           28.014
   13 (vir)    12          27.150          -5.997          -3.514         -11.868           29.508
   14 (vir)    12          38.940          -0.415          -4.192         -13.842           48.174
   15 (vir)    12          39.028          -1.931          -3.699         -13.903           47.302
   16 (vir)    12          41.222          -0.290          -3.677         -13.444           50.699
   17 (vir)    12          42.929          -4.885          -3.974         -15.851           49.921
   18 (vir)    12          44.620          -1.377          -3.201         -14.282           54.324
   19 (vir)    12          51.372          -1.536          -2.702         -12.572           59.706
   20 (vir)    12          62.209           6.385         -11.879         -12.485           69.201
   21 (vir)    12          69.040          -2.437          -4.069         -16.755           79.290
   22 (vir)    12          69.968          -1.354          -2.175         -14.566           81.005
   23 (vir)    12          76.582          -0.631          -4.354         -15.842           87.439
   24 (vir)    12          88.786          -1.075          -1.498         -12.250           98.463
   25 (vir)    12         141.443          -0.967           8.103         -10.269          158.848
   26 (vir)    12         238.892          -1.506          -1.485         -18.044          253.945
 
 
  kpoint:      13             coordinate:     0.0816    0.0816    0.0000
 
    n           k   ϵ_nk^DFT (eV)     Σ^c_nk (eV)     Σ^x_nk (eV)    v_nk^xc (eV)   ϵ_nk^G0W0 (eV)
 
    1 (occ)    13         -20.991           8.962         -26.908         -16.303          -22.635
    2 (occ)    13          -8.417           3.848         -18.583         -13.331           -9.822
    3 (occ)    13          -6.577           3.313         -22.442         -17.697           -8.009
    4 (occ)    13          -5.896           3.092         -22.336         -17.900           -7.240
    5 (vir)    13           2.933          -2.294          -2.722          -6.449            4.366
    6 (vir)    13           4.106          -2.322          -3.271          -7.136            5.649
    7 (vir)    13           7.854          -4.287          -7.269         -14.218           10.517
    8 (vir)    13           9.001          -4.426          -6.981         -14.189           11.784
    9 (vir)    13           9.161          -6.344          -4.750         -13.117           11.184
   10 (vir)    13          10.613          -4.546          -6.679         -13.975           13.364
   11 (vir)    13          25.108          -4.219          -2.805         -10.771           28.855
   12 (vir)    13          25.367          -5.741          -3.647         -11.581           27.559
   13 (vir)    13          27.073          -6.095          -3.517         -11.903           29.364
   14 (vir)    13          38.475          -1.749          -3.449         -13.832           47.109
   15 (vir)    13          39.091          -0.444          -4.214         -13.916           48.349
   16 (vir)    13          41.699          -0.414          -3.624         -13.501           51.161
   17 (vir)    13          42.814          -4.628          -3.998         -15.812           50.000
   18 (vir)    13          45.028          -1.205          -3.203         -14.205           54.824
   19 (vir)    13          51.338          -3.937          -2.755         -12.699           57.346
   20 (vir)    13          59.353           6.824          -7.579         -11.866           70.464
   21 (vir)    13          68.518          -1.911          -3.894         -16.344           79.057
   22 (vir)    13          69.537          -2.277          -2.064         -15.116           80.312
   23 (vir)    13          76.780          -0.814          -3.589         -15.936           88.313
   24 (vir)    13          89.859          -0.645          -1.155         -12.053          100.111
   25 (vir)    13         126.572          -1.003          10.442          -9.664          145.675
   26 (vir)    13         238.680          -1.586          -1.277         -18.039          253.856
 
 
  kpoint:      14             coordinate:     0.0884    0.0884    0.0000
 
    n           k   ϵ_nk^DFT (eV)     Σ^c_nk (eV)     Σ^x_nk (eV)    v_nk^xc (eV)   ϵ_nk^G0W0 (eV)
 
    1 (occ)    14         -20.927           8.986         -26.898         -16.317          -22.522
    2 (occ)    14          -8.330           3.813         -18.573         -13.359           -9.731
    3 (occ)    14          -6.782           3.374         -22.452         -17.627           -8.232
    4 (occ)    14          -6.015           3.122         -22.316         -17.842           -7.367
    5 (vir)    14           3.061          -2.354          -2.676          -6.497            4.528
    6 (vir)    14           4.166          -2.362          -3.384          -7.300            5.720
    7 (vir)    14           7.886          -4.295          -7.265         -14.203           10.529
    8 (vir)    14           9.003          -6.138          -4.659         -12.894           11.100
    9 (vir)    14           9.129          -4.663          -6.875         -14.101           11.693
   10 (vir)    14          10.875          -4.831          -6.620         -14.124           13.549
   11 (vir)    14          24.963          -5.749          -3.662         -11.549           27.101
   12 (vir)    14          25.203          -4.719          -2.835         -10.885           28.535
   13 (vir)    14          27.008          -6.185          -3.520         -11.940           29.243
   14 (vir)    14          37.923          -4.238          -3.086         -13.767           44.366
   15 (vir)    14          39.247          -0.478          -4.233         -13.987           48.523
   16 (vir)    14          42.167          -0.551          -3.564         -13.559           51.611
   17 (vir)    14          42.688          -4.804          -4.052         -15.759           49.591
   18 (vir)    14          45.490          -1.024          -3.216         -14.132           55.382
   19 (vir)    14          51.248          -2.878          -2.911         -12.758           58.217
   20 (vir)    14          56.766           1.697          -0.820         -11.371           69.015
   21 (vir)    14          67.837           1.360          -3.604         -15.989           81.583
   22 (vir)    14          69.316           0.184          -2.518         -15.520           82.502
   23 (vir)    14          77.037          -1.447          -2.986         -15.979           88.583
   24 (vir)    14          89.755           0.832          -1.411         -11.482          100.657
   25 (vir)    14         112.760          -0.840          -2.853          -9.490          118.557
   26 (vir)    14         238.406          -2.135          -0.947         -18.033          253.358
 
 
  kpoint:      15             coordinate:     0.0952    0.0952    0.0000
 
    n           k   ϵ_nk^DFT (eV)     Σ^c_nk (eV)     Σ^x_nk (eV)    v_nk^xc (eV)   ϵ_nk^G0W0 (eV)
 
    1 (occ)    15         -20.857           8.833         -26.887         -16.331          -22.580
    2 (occ)    15          -8.236           3.775         -18.563         -13.390           -9.633
    3 (occ)    15          -6.993           3.439         -22.465         -17.558           -8.462
    4 (occ)    15          -6.141           3.153         -22.295         -17.781           -7.502
    5 (vir)    15           3.207          -2.428          -2.646          -6.567            4.700
    6 (vir)    15           4.226          -2.410          -3.517          -7.494            5.793
    7 (vir)    15           7.924          -4.284          -7.260         -14.188           10.568
    8 (vir)    15           8.842          -5.875          -4.549         -12.638           11.057
    9 (vir)    15           9.255          -4.711          -6.763         -14.016           11.797
   10 (vir)    15          11.162          -5.404          -6.580         -14.265           13.444
   11 (vir)    15          24.546          -5.741          -3.677         -11.514           26.643
   12 (vir)    15          25.301          -5.541          -2.845         -11.002           27.917
   13 (vir)    15          26.956          -6.268          -3.523         -11.979           29.144
   14 (vir)    15          37.364          -2.157          -2.781         -13.692           46.117
   15 (vir)    15          39.407          -0.504          -4.250         -14.055           48.709
   16 (vir)    15          42.542          -6.927          -4.135         -15.678           47.158
   17 (vir)    15          42.618          -0.663          -3.498         -13.613           52.070
   18 (vir)    15          46.006          -0.857          -3.236         -14.070           55.983
   19 (vir)    15          50.958          -1.221          -2.750         -12.601           59.588
   20 (vir)    15          54.519          -3.997           4.112         -11.107           65.740
   21 (vir)    15          67.075          -0.976          -3.723         -15.752           78.129
   22 (vir)    15          69.169           1.573          -2.896         -15.705           83.550
   23 (vir)    15          77.287          -1.629          -2.657         -15.946           88.948
   24 (vir)    15          85.811           2.997          -9.567          -9.892           89.134
   25 (vir)    15         103.869           5.338         -12.376         -10.570          107.401
   26 (vir)    15         238.135          -2.559          -0.918         -18.029          252.688
 
 
  kpoint:      16             coordinate:     0.1020    0.1020    0.0000
 
    n           k   ϵ_nk^DFT (eV)     Σ^c_nk (eV)     Σ^x_nk (eV)    v_nk^xc (eV)   ϵ_nk^G0W0 (eV)
 
    1 (occ)    16         -20.783           8.705         -26.876         -16.347          -22.607
    2 (occ)    16          -8.135           3.735         -18.552         -13.424           -9.528
    3 (occ)    16          -7.209           3.505         -22.480         -17.489           -8.696
    4 (occ)    16          -6.274           3.187         -22.275         -17.718           -7.643
    5 (vir)    16           3.369          -2.455          -2.664          -6.656            4.906
    6 (vir)    16           4.285          -2.468          -3.673          -7.723            5.867
    7 (vir)    16           7.968          -4.283          -7.253         -14.174           10.606
    8 (vir)    16           8.681          -6.016          -4.416         -12.344           10.592
    9 (vir)    16           9.380          -4.772          -6.677         -13.935           11.867
   10 (vir)    16          11.471          -5.641          -6.587         -14.395           13.638
   11 (vir)    16          24.120          -5.715          -3.692         -11.477           26.189
   12 (vir)    16          25.399          -5.129          -2.866         -11.119           28.522
   13 (vir)    16          26.916          -6.346          -3.525         -12.020           29.065
   14 (vir)    16          36.786          -2.412          -2.736         -13.590           45.228
   15 (vir)    16          39.570          -0.519          -4.264         -14.120           48.908
   16 (vir)    16          42.359          -9.744          -4.260         -15.530           43.886
   17 (vir)    16          43.047          -0.731          -3.428         -13.657           52.545
   18 (vir)    16          46.579          -0.732          -3.263         -14.023           56.606
   19 (vir)    16          50.016          -3.178          -0.817         -11.703           57.723
   20 (vir)    16          52.981          -4.912           2.598         -11.621           62.287
   21 (vir)    16          66.126          -0.967          -4.773         -15.257           75.644
   22 (vir)    16          69.056          -3.013          -3.055         -15.776           78.765
   23 (vir)    16          76.509          -1.171         -12.866         -11.068           73.539
   24 (vir)    16          78.292           4.885         -10.997         -13.742           85.921
   25 (vir)    16         101.612           3.810          -8.952         -11.580          108.050
   26 (vir)    16         237.925          -2.636          -1.291         -18.028          252.026
 
 
  kpoint:      17             coordinate:     0.1088    0.1088    0.0000
 
    n           k   ϵ_nk^DFT (eV)     Σ^c_nk (eV)     Σ^x_nk (eV)    v_nk^xc (eV)   ϵ_nk^G0W0 (eV)
 
    1 (occ)    17         -20.703           8.705         -26.867         -16.364          -22.501
    2 (occ)    17          -8.028           3.692         -18.542         -13.461           -9.417
    3 (occ)    17          -7.429           3.574         -22.498         -17.420           -8.933
    4 (occ)    17          -6.412           3.222         -22.256         -17.654           -7.791
    5 (vir)    17           3.547          -2.477          -2.740          -6.763            5.093
    6 (vir)    17           4.340          -2.539          -3.856          -7.994            5.940
    7 (vir)    17           8.020          -4.286          -7.246         -14.160           10.648
    8 (vir)    17           8.522          -5.767          -4.258         -12.006           10.504
    9 (vir)    17           9.506          -4.740          -6.632         -13.859           11.993
   10 (vir)    17          11.798          -5.542          -6.633         -14.511           14.134
   11 (vir)    17          23.686          -5.674          -3.706         -11.436           25.742
   12 (vir)    17          25.490          -5.444          -2.921         -11.234           28.359
   13 (vir)    17          26.890          -6.417          -3.527         -12.062           29.008
   14 (vir)    17          36.179          -2.131          -3.024         -13.446           44.469
   15 (vir)    17          39.736          -0.527          -4.276         -14.183           49.116
   16 (vir)    17          42.093           1.328          -4.521         -15.183           54.084
   17 (vir)    17          43.453          -0.750          -3.360         -13.689           53.031
   18 (vir)    17          47.205          -0.662          -3.292         -13.993           57.244
   19 (vir)    17          48.143          -4.212          -1.490         -10.739           53.179
   20 (vir)    17          52.374          -2.899          -1.054         -12.347           60.768
   21 (vir)    17          63.984           1.628         -11.041         -11.990           66.560
   22 (vir)    17          68.900          -1.790          -2.817         -14.799           79.092
   23 (vir)    17          69.372           5.295         -14.221         -12.422           72.868
   24 (vir)    17          78.016          -1.142          -3.601         -16.115           89.389
   25 (vir)    17         101.998          -6.142          -5.501         -11.886          102.242
   26 (vir)    17         237.818          -2.484          -1.778         -18.030          251.585
 
 
  kpoint:      18             coordinate:     0.1156    0.1156    0.0000
 
    n           k   ϵ_nk^DFT (eV)     Σ^c_nk (eV)     Σ^x_nk (eV)    v_nk^xc (eV)   ϵ_nk^G0W0 (eV)
 
    1 (occ)    18         -20.618           8.840         -26.857         -16.382          -22.253
    2 (occ)    18          -7.915           3.647         -18.531         -13.501           -9.298
    3 (occ)    18          -7.652           3.644         -22.517         -17.352           -9.173
    4 (occ)    18          -6.555           3.259         -22.237         -17.588           -7.945
    5 (vir)    18           3.738          -2.509          -2.846          -6.884            5.267
    6 (vir)    18           4.389          -2.624          -4.068          -8.312            6.009
    7 (vir)    18           8.078          -4.298          -7.236         -14.146           10.690
    8 (vir)    18           8.369          -5.581          -4.070         -11.620           10.338
    9 (vir)    18           9.634          -4.671          -6.615         -13.786           12.133
   10 (vir)    18          12.139          -5.209          -6.685         -14.615           14.860
   11 (vir)    18          23.248          -5.619          -3.720         -11.393           25.302
   12 (vir)    18          25.570          -5.994          -3.008         -11.338           27.905
   13 (vir)    18          26.878          -6.483          -3.529         -12.107           28.971
   14 (vir)    18          35.528          -0.379          -3.498         -13.242           44.893
   15 (vir)    18          39.905          -0.537          -4.286         -14.242           49.323
   16 (vir)    18          41.591          -6.484          -5.287         -14.124           43.945
   17 (vir)    18          43.834          -0.739          -3.294         -13.707           53.508
   18 (vir)    18          45.931          -2.576          -5.151         -10.796           49.000
   19 (vir)    18          47.879          -0.627          -3.321         -13.982           57.913
   20 (vir)    18          52.150          -1.506          -2.650         -12.676           60.669
   21 (vir)    18          58.534          -4.878         -11.484          -8.099           50.271
   22 (vir)    18          66.573          -4.536          -4.562         -15.125           72.600
   23 (vir)    18          68.908          -3.207          -3.379         -15.922           78.243
   24 (vir)    18          78.253           1.599          -3.537         -16.162           92.478
   25 (vir)    18         103.066          -3.253          -3.246         -12.000          108.566
   26 (vir)    18         237.835          -2.030          -2.009         -18.033          251.829
 
 
  kpoint:      19             coordinate:     0.1224    0.1224    0.0000
 
    n           k   ϵ_nk^DFT (eV)     Σ^c_nk (eV)     Σ^x_nk (eV)    v_nk^xc (eV)   ϵ_nk^G0W0 (eV)
 
    1 (occ)    19         -20.530           9.081         -26.847         -16.402          -21.893
    2 (occ)    19          -7.876           3.715         -22.537         -17.285           -9.414
    3 (occ)    19          -7.795           3.599         -18.521         -13.545           -9.173
    4 (occ)    19          -6.702           3.298         -22.220         -17.521           -8.103
    5 (vir)    19           3.940          -2.517          -2.948          -7.018            5.493
    6 (vir)    19           4.429          -2.726          -4.311          -8.681            6.073
    7 (vir)    19           8.143          -4.315          -7.225         -14.132           10.735
    8 (vir)    19           8.226          -5.367          -3.851         -11.182           10.190
    9 (vir)    19           9.763          -4.400          -6.590         -13.714           12.487
   10 (vir)    19          12.492          -4.684          -6.703         -14.706           15.811
   11 (vir)    19          22.807          -5.553          -3.734         -11.347           24.867
   12 (vir)    19          25.626          -4.741          -3.094         -11.420           29.210
   13 (vir)    19          26.878          -6.543          -3.531         -12.152           28.956
   14 (vir)    19          34.823          -1.406          -3.872         -12.959           42.504
   15 (vir)    19          40.076          -0.559          -4.294         -14.298           49.521
   16 (vir)    19          40.383          -2.584          -6.792         -11.276           42.284
   17 (vir)    19          44.108          -2.271          -5.686         -12.742           48.893
   18 (vir)    19          44.195          -0.730          -3.233         -13.712           53.944
   19 (vir)    19          48.597          -0.600          -3.348         -13.987           58.637
   20 (vir)    19          51.897          -0.947          -3.156         -12.456           60.250
   21 (vir)    19          53.429          -1.096          -4.761          -8.250           55.822
   22 (vir)    19          65.641          -1.987          -3.700         -15.685           75.639
   23 (vir)    19          68.846          -2.894          -3.099         -15.911           78.764
   24 (vir)    19          78.500          -1.873          -3.545         -16.194           89.276
   25 (vir)    19         104.315          -2.131          -1.882         -12.068          112.369
   26 (vir)    19         237.977          -2.495          -1.885         -18.038          251.635
 
 
  kpoint:      20             coordinate:     0.1293    0.1293    0.0000
 
    n           k   ϵ_nk^DFT (eV)     Σ^c_nk (eV)     Σ^x_nk (eV)    v_nk^xc (eV)   ϵ_nk^G0W0 (eV)
 
    1 (occ)    20         -20.437           9.341         -26.837         -16.425          -21.508
    2 (occ)    20          -8.101           3.786         -22.559         -17.219           -9.655
    3 (occ)    20          -7.670           3.549         -18.512         -13.591           -9.041
    4 (occ)    20          -6.854           3.339         -22.204         -17.453           -8.266
    5 (vir)    20           4.151          -2.563          -3.025          -7.159            5.723
    6 (vir)    20           4.456          -2.846          -4.584          -9.102            6.128
    7 (vir)    20           8.097          -5.127          -3.602         -10.690           10.059
    8 (vir)    20           8.216          -4.326          -7.212         -14.117           10.794
    9 (vir)    20           9.896          -4.283          -6.525         -13.641           12.729
   10 (vir)    20          12.854          -4.565          -6.675         -14.784           16.399
   11 (vir)    20          22.365          -5.480          -3.747         -11.299           24.438
   12 (vir)    20          25.643          -4.738          -3.136         -11.454           29.223
   13 (vir)    20          26.892          -6.597          -3.533         -12.199           28.962
   14 (vir)    20          34.046          -1.187          -3.937         -12.557           41.479
   15 (vir)    20          38.192          -1.481          -5.981          -8.682           39.412
   16 (vir)    20          40.248          -0.595          -4.298         -14.351           49.705
   17 (vir)    20          43.202          -2.605          -4.495         -14.662           50.764
   18 (vir)    20          44.537          -0.752          -3.177         -13.706           54.314
   19 (vir)    20          49.296           1.115          -2.415          -8.573           56.569
   20 (vir)    20          49.352          -0.562          -3.371         -14.007           59.425
   21 (vir)    20          52.136          -2.425          -3.244         -12.594           59.061
   22 (vir)    20          64.993          -2.078          -3.615         -15.812           75.112
   23 (vir)    20          68.796          -2.716          -2.906         -15.901           79.075
   24 (vir)    20          78.745          -1.695          -3.501         -16.224           89.773
   25 (vir)    20         105.587           1.464          -1.282         -12.128          117.897
   26 (vir)    20         238.230          -2.513          -1.652         -18.043          252.108
 
 
  kpoint:      21             coordinate:     0.1361    0.1361    0.0000
 
    n           k   ϵ_nk^DFT (eV)     Σ^c_nk (eV)     Σ^x_nk (eV)    v_nk^xc (eV)   ϵ_nk^G0W0 (eV)
 
    1 (occ)    21         -20.340           9.425         -26.827         -16.449          -21.293
    2 (occ)    21          -8.325           3.858         -22.580         -17.153           -9.895
    3 (occ)    21          -7.539           3.498         -18.504         -13.642           -8.903
    4 (occ)    21          -7.008           3.381         -22.190         -17.385           -8.433
    5 (vir)    21           4.369          -2.622          -3.080          -7.306            5.974
    6 (vir)    21           4.466          -2.983          -4.883          -9.569            6.169
    7 (vir)    21           7.987          -4.871          -3.326         -10.151            9.941
    8 (vir)    21           8.295          -4.337          -7.196         -14.101           10.863
    9 (vir)    21          10.030          -4.375          -6.416         -13.566           12.806
   10 (vir)    21          13.220          -4.798          -6.610         -14.850           16.662
   11 (vir)    21          21.924          -5.403          -3.760         -11.249           24.010
   12 (vir)    21          25.597          -6.504          -3.118         -11.391           27.366
   13 (vir)    21          26.919          -6.645          -3.535         -12.248           28.987
   14 (vir)    21          33.165          -1.438          -3.815         -11.898           39.810
   15 (vir)    21          35.814          -0.942          -3.605          -7.905           39.171
   16 (vir)    21          40.420          -0.641          -4.300         -14.400           49.879
   17 (vir)    21          42.789          -5.730          -4.115         -15.278           48.222
   18 (vir)    21          44.863          -0.814          -3.126         -13.690           54.613
   19 (vir)    21          46.605           0.434          -2.694          -8.800           53.145
   20 (vir)    21          50.136          -0.515          -3.392         -14.038           60.268
   21 (vir)    21          52.042          -2.316          -3.091         -12.884           59.518
   22 (vir)    21          64.436          -2.411          -3.594         -15.856           74.288
   23 (vir)    21          68.752          -2.998          -2.796         -15.887           78.845
   24 (vir)    21          78.986          -1.886          -3.444         -16.255           89.912
   25 (vir)    21         106.816          -0.981          -1.245         -12.191          116.781
   26 (vir)    21         238.567          -2.598          -1.663         -18.048          252.354
 
 
  kpoint:      22             coordinate:     0.1429    0.1429    0.0000
 
    n           k   ϵ_nk^DFT (eV)     Σ^c_nk (eV)     Σ^x_nk (eV)    v_nk^xc (eV)   ϵ_nk^G0W0 (eV)
 
    1 (occ)    22         -20.239           9.286         -26.819         -16.477          -21.296
    2 (occ)    22          -8.549           3.929         -22.602         -17.088          -10.134
    3 (occ)    22          -7.402           3.444         -18.496         -13.696           -8.759
    4 (occ)    22          -7.166           3.424         -22.178         -17.317           -8.603
    5 (vir)    22           4.457          -3.135          -5.198         -10.070            6.195
    6 (vir)    22           4.593          -2.717          -3.128          -7.457            6.204
    7 (vir)    22           7.899          -4.605          -3.033          -9.578            9.838
    8 (vir)    22           8.382          -4.364          -7.177         -14.085           10.926
    9 (vir)    22          10.167          -4.540          -6.288         -13.488           12.827
   10 (vir)    22          13.589          -5.261          -6.535         -14.901           16.694
   11 (vir)    22          21.487          -5.326          -3.773         -11.197           23.585
   12 (vir)    22          25.451           2.205          -3.078         -11.150           35.728
   13 (vir)    22          26.958          -6.691          -3.536         -12.297           29.029
   14 (vir)    22          32.117           0.150          -3.974         -10.702           38.994
   15 (vir)    22          33.896           0.153          -2.011          -8.485           40.524
   16 (vir)    22          40.593          -0.690          -4.300         -14.447           50.050
   17 (vir)    22          42.500          -6.832          -4.082         -15.228           46.814
   18 (vir)    22          44.604          -0.863          -2.810          -9.358           50.289
   19 (vir)    22          45.174          -0.894          -3.080         -13.667           54.867
   20 (vir)    22          50.945          -0.465          -3.409         -14.078           61.150
   21 (vir)    22          51.984          -5.085          -3.002         -13.011           56.908
   22 (vir)    22          63.926          -3.336          -3.565         -15.874           72.899
   23 (vir)    22          68.708           0.408          -2.778         -15.871           82.208
   24 (vir)    22          79.226          -3.055          -3.410         -16.286           89.046
   25 (vir)    22         107.972          -0.937          -1.471         -12.259          117.822
   26 (vir)    22         238.957          -6.137          -2.054         -18.053          248.817
 
 
  kpoint:      23             coordinate:     0.1497    0.1497    0.0000
 
    n           k   ϵ_nk^DFT (eV)     Σ^c_nk (eV)     Σ^x_nk (eV)    v_nk^xc (eV)   ϵ_nk^G0W0 (eV)
 
    1 (occ)    23         -20.135           9.065         -26.814         -16.507          -21.377
    2 (occ)    23          -8.771           4.000         -22.622         -17.023          -10.370
    3 (occ)    23          -7.326           3.469         -22.167         -17.249           -8.776
    4 (occ)    23          -7.260           3.388         -18.490         -13.754           -8.608
    5 (vir)    23           4.426          -3.293          -5.516         -10.582            6.199
    6 (vir)    23           4.820          -2.821          -3.185          -7.608            6.422
    7 (vir)    23           7.838          -4.337          -2.737          -8.992            9.756
    8 (vir)    23           8.476          -4.410          -7.155         -14.069           10.980
    9 (vir)    23          10.305          -4.686          -6.173         -13.405           12.852
   10 (vir)    23          13.956          -5.942          -6.467         -14.938           16.485
   11 (vir)    23          21.054          -5.249          -3.784         -11.142           23.163
   12 (vir)    23          25.163          -0.257          -3.074         -10.636           32.468
   13 (vir)    23          27.010          -6.735          -3.538         -12.348           29.085
   14 (vir)    23          30.969          -0.997          -4.286          -9.634           35.321
   15 (vir)    23          32.579          -1.549          -1.298          -9.502           39.234
   16 (vir)    23          40.765          -0.736          -4.298         -14.491           50.221
   17 (vir)    23          42.074          -0.564          -3.739         -13.512           51.283
   18 (vir)    23          43.231          -1.589          -2.821         -11.431           50.251
   19 (vir)    23          45.472          -0.961          -3.037         -13.637           55.110
   20 (vir)    23          51.774          -0.421          -3.423         -14.125           62.055
   21 (vir)    23          51.931           0.996          -3.015         -13.110           63.022
   22 (vir)    23          63.445          -4.101          -3.553         -15.882           71.672
   23 (vir)    23          68.660          -0.783          -2.824         -15.854           80.907
   24 (vir)    23          79.466           0.927          -3.405         -16.316           93.304
   25 (vir)    23         109.043          -0.820          -1.673         -12.331          118.881
   26 (vir)    23         239.369          -2.479          -2.602         -18.057          252.344
 
 
  kpoint:      24             coordinate:     0.1565    0.1565    0.0000
 
    n           k   ϵ_nk^DFT (eV)     Σ^c_nk (eV)     Σ^x_nk (eV)    v_nk^xc (eV)   ϵ_nk^G0W0 (eV)
 
    1 (occ)    24         -20.029           8.872         -26.810         -16.539          -21.427
    2 (occ)    24          -8.990           4.071         -22.641         -16.959          -10.602
    3 (occ)    24          -7.488           3.515         -22.159         -17.182           -8.951
    4 (occ)    24          -7.113           3.330         -18.486         -13.816           -8.452
    5 (vir)    24           4.369          -3.450          -5.819         -11.078            6.179
    6 (vir)    24           5.050          -2.876          -3.252          -7.759            6.681
    7 (vir)    24           7.807          -4.076          -2.454          -8.422            9.698
    8 (vir)    24           8.576          -4.418          -7.130         -14.051           11.079
    9 (vir)    24          10.445          -4.792          -6.088         -13.318           12.883
   10 (vir)    24          14.319          -5.709          -6.406         -14.956           17.161
   11 (vir)    24          20.627          -5.170          -3.795         -11.086           22.748
   12 (vir)    24          24.706          -0.660          -3.055          -9.864           30.854
   13 (vir)    24          27.073          -6.778          -3.540         -12.400           29.155
   14 (vir)    24          30.012          -0.605          -4.119          -9.614           34.902
   15 (vir)    24          31.602          -1.690          -1.377          -9.917           38.451
   16 (vir)    24          40.935          -0.775          -4.295         -14.532           50.396
   17 (vir)    24          41.166          -1.394          -2.590         -10.788           47.970
   18 (vir)    24          42.667          -1.500          -3.620         -14.427           51.974
   19 (vir)    24          45.757          -0.994          -2.998         -13.602           55.367
   20 (vir)    24          51.874           0.764          -3.093         -13.198           62.743
   21 (vir)    24          52.616          -0.390          -3.434         -14.177           62.969
   22 (vir)    24          62.982           2.436          -3.577         -15.884           77.726
   23 (vir)    24          68.607          -1.004          -2.878         -15.835           80.560
   24 (vir)    24          79.706           0.807          -3.410         -16.345           93.448
   25 (vir)    24         110.024          -0.439          -1.697         -12.407          120.295
   26 (vir)    24         239.777          -2.435          -2.871         -18.061          252.531
 
 
  kpoint:      25             coordinate:     0.1633    0.1633    0.0000
 
    n           k   ϵ_nk^DFT (eV)     Σ^c_nk (eV)     Σ^x_nk (eV)    v_nk^xc (eV)   ϵ_nk^G0W0 (eV)
 
    1 (occ)    25         -19.919           8.733         -26.807         -16.575          -21.418
    2 (occ)    25          -9.206           4.140         -22.659         -16.895          -10.831
    3 (occ)    25          -7.651           3.561         -22.152         -17.115           -9.127
    4 (occ)    25          -6.961           3.271         -18.484         -13.883           -8.290
    5 (vir)    25           4.288          -3.594          -6.092         -11.530            6.132
    6 (vir)    25           5.283          -2.909          -3.324          -7.909            6.959
    7 (vir)    25           7.806          -3.833          -2.199          -7.895            9.669
    8 (vir)    25           8.683          -4.424          -7.105         -14.032           11.187
    9 (vir)    25          10.584          -4.754          -6.024         -13.226           13.033
   10 (vir)    25          14.673          -5.824          -6.337         -14.953           17.465
   11 (vir)    25          20.208          -5.087          -3.805         -11.027           22.344
   12 (vir)    25          24.112          -0.206          -2.828          -9.040           30.118
   13 (vir)    25          27.148          -6.820          -3.542         -12.454           29.240
   14 (vir)    25          29.365          -6.440          -3.554         -10.117           29.488
   15 (vir)    25          30.776          -1.396          -1.955         -10.016           37.441
   16 (vir)    25          40.124          -1.073          -2.114         -10.190           47.127
   17 (vir)    25          41.102          -0.806          -4.292         -14.569           50.574
   18 (vir)    25          42.470           2.499          -3.998         -15.226           56.197
   19 (vir)    25          46.030          -0.990          -2.961         -13.562           55.641
   20 (vir)    25          51.809           1.591          -3.180         -13.280           63.500
   21 (vir)    25          53.467          -0.375          -3.443         -14.232           63.880
   22 (vir)    25          62.534           3.230          -3.617         -15.885           78.033
   23 (vir)    25          68.544          -1.009          -2.889         -15.818           80.463
   24 (vir)    25          79.948           0.169          -3.411         -16.371           93.077
   25 (vir)    25         110.915          -2.358          -1.560         -12.484          119.482
   26 (vir)    25         240.159          -2.288          -2.551         -18.064          253.384
 
 
  kpoint:      26             coordinate:     0.1701    0.1701    0.0000
 
    n           k   ϵ_nk^DFT (eV)     Σ^c_nk (eV)     Σ^x_nk (eV)    v_nk^xc (eV)   ϵ_nk^G0W0 (eV)
 
    1 (occ)    26         -19.806           8.654         -26.807         -16.613          -21.346
    2 (occ)    26          -9.419           4.207         -22.674         -16.831          -11.055
    3 (occ)    26          -7.815           3.609         -22.148         -17.049           -9.304
    4 (occ)    26          -6.804           3.211         -18.485         -13.955           -8.123
    5 (vir)    26           4.182          -3.717          -6.326         -11.918            6.058
    6 (vir)    26           5.517          -2.955          -3.394          -8.057            7.225
    7 (vir)    26           7.836          -3.615          -1.982          -7.433            9.670
    8 (vir)    26           8.796          -4.399          -7.079         -14.011           11.330
    9 (vir)    26          10.724          -4.741          -5.957         -13.129           13.155
   10 (vir)    26          15.016          -5.432          -6.248         -14.923           18.259
   11 (vir)    26          19.798          -5.000          -3.813         -10.966           21.951
   12 (vir)    26          23.457          -3.201          -2.350          -8.383           26.289
   13 (vir)    26          27.233          -6.855          -3.544         -12.509           29.343
   14 (vir)    26          28.950          -2.500          -3.011         -10.557           33.995
   15 (vir)    26          30.054          -3.804          -2.643         -10.156           33.763
   16 (vir)    26          39.176          -1.844          -2.093         -10.082           45.321
   17 (vir)    26          41.266          -0.833          -4.287         -14.604           50.749
   18 (vir)    26          42.360          -4.942          -4.156         -15.464           48.726
   19 (vir)    26          46.290          -0.961          -2.926         -13.518           55.922
   20 (vir)    26          51.732          -2.663          -3.244         -13.358           59.182
   21 (vir)    26          54.323          -0.371          -3.451         -14.288           64.788
   22 (vir)    26          62.097          -3.581          -3.637         -15.884           70.763
   23 (vir)    26          68.469           1.222          -2.840         -15.801           82.652
   24 (vir)    26          80.189          -3.431          -3.401         -16.396           89.753
   25 (vir)    26         111.723          -1.577          -1.391         -12.561          121.315
   26 (vir)    26         240.498          -3.367          -1.717         -18.066          253.481
 
 
  kpoint:      27             coordinate:     0.1769    0.1769    0.0000
 
    n           k   ϵ_nk^DFT (eV)     Σ^c_nk (eV)     Σ^x_nk (eV)    v_nk^xc (eV)   ϵ_nk^G0W0 (eV)
 
    1 (occ)    27         -19.692           8.621         -26.809         -16.654          -21.226
    2 (occ)    27          -9.626           4.272         -22.687         -16.767          -11.274
    3 (occ)    27          -7.980           3.658         -22.145         -16.984           -9.482
    4 (occ)    27          -6.643           3.149         -18.490         -14.033           -7.951
    5 (vir)    27           4.054          -3.813          -6.514         -12.230            5.957
    6 (vir)    27           5.752          -3.016          -3.460          -8.204            7.480
    7 (vir)    27           7.894          -3.428          -1.808          -7.045            9.703
    8 (vir)    27           8.915          -4.365          -7.050         -13.987           11.487
    9 (vir)    27          10.863          -4.516          -5.869         -13.026           13.504
   10 (vir)    27          15.342          -5.325          -6.136         -14.859           18.740
   11 (vir)    27          19.399          -4.909          -3.820         -10.903           21.572
   12 (vir)    27          22.810          -1.579          -1.843          -7.955           27.344
   13 (vir)    27          27.328          -6.877          -3.547         -12.565           29.469
   14 (vir)    27          28.627          -1.902          -2.794         -10.531           34.463
   15 (vir)    27          29.456          -1.717          -3.063         -10.673           35.349
   16 (vir)    27          38.338          -1.354          -2.223         -10.040           44.800
   17 (vir)    27          41.424          -0.861          -4.281         -14.635           50.917
   18 (vir)    27          42.285          -4.342          -4.237         -15.567           49.273
   19 (vir)    27          46.536          -0.918          -2.891         -13.469           56.196
   20 (vir)    27          51.640          -3.819          -3.289         -13.430           57.961
   21 (vir)    27          55.177          -0.362          -3.457         -14.343           65.701
   22 (vir)    27          61.666          -4.642          -3.619         -15.884           69.290
   23 (vir)    27          68.381          -4.351          -2.758         -15.786           77.058
   24 (vir)    27          80.428          -3.133          -3.385         -16.419           90.329
   25 (vir)    27         112.454          -1.468          -1.316         -12.636          122.306
   26 (vir)    27         240.784          -2.385          -0.808         -18.069          255.660
 
 
  kpoint:      28             coordinate:     0.1837    0.1837    0.0000
 
    n           k   ϵ_nk^DFT (eV)     Σ^c_nk (eV)     Σ^x_nk (eV)    v_nk^xc (eV)   ϵ_nk^G0W0 (eV)
 
    1 (occ)    28         -19.575           8.610         -26.813         -16.697          -21.081
    2 (occ)    28          -9.829           4.335         -22.697         -16.703          -11.488
    3 (occ)    28          -8.144           3.707         -22.145         -16.921           -9.661
    4 (occ)    28          -6.479           3.087         -18.498         -14.115           -7.775
    5 (vir)    28           3.908          -3.882          -6.657         -12.465            5.834
    6 (vir)    28           5.988          -3.081          -3.522          -8.349            7.734
    7 (vir)    28           7.979          -3.272          -1.676          -6.734            9.766
    8 (vir)    28           9.037          -3.340          -7.014         -13.957           12.641
    9 (vir)    28          11.001          -4.538          -5.756         -12.919           13.627
   10 (vir)    28          15.646          -5.518          -6.008         -14.751           18.871
   11 (vir)    28          19.012          -4.818          -3.826         -10.837           21.205
   12 (vir)    28          22.211          -1.244          -1.526          -7.726           27.167
   13 (vir)    28          27.433          -6.882          -3.551         -12.624           29.623
   14 (vir)    28          28.254          -1.795          -2.924          -9.946           33.481
   15 (vir)    28          29.044          -2.282          -3.102         -11.686           35.346
   16 (vir)    28          37.602          -1.576          -2.309          -9.983           43.700
   17 (vir)    28          41.577          -0.896          -4.274         -14.662           51.070
   18 (vir)    28          42.233          -5.088          -4.295         -15.621           48.470
   19 (vir)    28          46.765          -0.868          -2.857         -13.415           56.456
   20 (vir)    28          51.529          -2.965          -3.330         -13.498           58.732
   21 (vir)    28          56.024          -0.341          -3.461         -14.396           66.618
   22 (vir)    28          61.241          -4.220          -3.582         -15.883           69.321
   23 (vir)    28          68.279          -3.243          -2.687         -15.772           78.122
   24 (vir)    28          80.662          -3.161          -3.374         -16.440           90.568
   25 (vir)    28         113.120          -1.960          -1.372         -12.708          122.497
   26 (vir)    28         241.010          -2.377          -0.336         -18.071          256.368
 
 
  kpoint:      29             coordinate:     0.1905    0.1905    0.0000
 
    n           k   ϵ_nk^DFT (eV)     Σ^c_nk (eV)     Σ^x_nk (eV)    v_nk^xc (eV)   ϵ_nk^G0W0 (eV)
 
    1 (occ)    29         -19.457           8.597         -26.820         -16.744          -20.937
    2 (occ)    29         -10.025           4.395         -22.703         -16.639          -11.695
    3 (occ)    29          -8.308           3.757         -22.146         -16.859           -9.839
    4 (occ)    29          -6.311           3.024         -18.511         -14.204           -7.594
    5 (vir)    29           3.747          -3.924          -6.761         -12.629            5.690
    6 (vir)    29           6.226          -3.147          -3.582          -8.494            7.990
    7 (vir)    29           8.088          -3.145          -1.580          -6.493            9.856
    8 (vir)    29           9.164          -4.351          -6.970         -13.922           11.765
    9 (vir)    29          11.139          -4.640          -5.631         -12.809           13.676
   10 (vir)    29          15.923          -5.432          -5.867         -14.582           19.206
   11 (vir)    29          18.637          -4.728          -3.829         -10.768           20.848
   12 (vir)    29          21.676          -1.234          -1.454          -7.658           26.645
   13 (vir)    29          27.546          -6.866          -3.555         -12.684           29.809
   14 (vir)    29          27.795           0.668          -2.983          -9.534           35.013
   15 (vir)    29          28.800          -3.075          -3.170         -12.498           35.053
   16 (vir)    29          36.962          -0.064          -2.276          -9.895           44.517
   17 (vir)    29          41.723          -0.940          -4.265         -14.686           51.204
   18 (vir)    29          42.201          -5.170          -4.357         -15.652           48.326
   19 (vir)    29          46.976          -0.811          -2.823         -13.357           56.700
   20 (vir)    29          51.400          -2.767          -3.375         -13.559           58.817
   21 (vir)    29          56.857          -0.312          -3.462         -14.445           67.528
   22 (vir)    29          60.818          -3.927          -3.567         -15.881           69.205
   23 (vir)    29          68.163          -3.111          -2.660         -15.761           78.153
   24 (vir)    29          80.890          -3.420          -3.376         -16.458           90.552
   25 (vir)    29         113.732          -1.022          -1.504         -12.776          123.983
   26 (vir)    29         241.172          -2.408          -0.535         -18.072          256.301
 
 
  kpoint:      30             coordinate:     0.1973    0.1973    0.0000
 
    n           k   ϵ_nk^DFT (eV)     Σ^c_nk (eV)     Σ^x_nk (eV)    v_nk^xc (eV)   ϵ_nk^G0W0 (eV)
 
    1 (occ)    30         -19.338           8.563         -26.829         -16.793          -20.811
    2 (occ)    30         -10.216           4.453         -22.705         -16.574          -11.894
    3 (occ)    30          -8.471           3.806         -22.150         -16.798          -10.017
    4 (occ)    30          -6.141           2.962         -18.529         -14.299           -7.410
    5 (vir)    30           3.574          -3.944          -6.831         -12.733            5.531
    6 (vir)    30           6.463          -3.210          -3.642          -8.639            8.249
    7 (vir)    30           8.218          -3.045          -1.514          -6.314            9.973
    8 (vir)    30           9.293          -4.402          -6.916         -13.876           11.851
    9 (vir)    30          11.275          -4.340          -5.507         -12.696           14.123
   10 (vir)    30          16.167          -5.652          -5.707         -14.335           19.143
   11 (vir)    30          18.277          -4.642          -3.829         -10.695           20.501
   12 (vir)    30          21.212          -1.502          -1.557          -7.730           25.882
   13 (vir)    30          27.321          -0.930          -2.873          -9.442           32.960
   14 (vir)    30          27.666          -6.828          -3.561         -12.747           30.024
   15 (vir)    30          28.620          -4.060          -3.412         -12.979           34.127
   16 (vir)    30          36.412          -1.026          -2.155          -9.783           43.013
   17 (vir)    30          41.861          -0.993          -4.256         -14.706           51.319
   18 (vir)    30          42.188          -7.102          -4.423         -15.672           46.335
   19 (vir)    30          47.166          -0.744          -2.787         -13.293           56.928
   20 (vir)    30          51.250          -2.954          -3.420         -13.614           58.490
   21 (vir)    30          57.667          -0.277          -3.459         -14.486           68.417
   22 (vir)    30          60.394          -4.376          -3.598         -15.879           68.299
   23 (vir)    30          68.031          -3.613          -2.679         -15.752           77.491
   24 (vir)    30          81.109          -3.387          -3.393         -16.473           90.802
   25 (vir)    30         114.303          -1.145          -1.623         -12.840          124.376
   26 (vir)    30         241.272          -1.994          -1.209         -18.073          256.142
 
 
  kpoint:      31             coordinate:     0.2041    0.2041    0.0000
 
    n           k   ϵ_nk^DFT (eV)     Σ^c_nk (eV)     Σ^x_nk (eV)    v_nk^xc (eV)   ϵ_nk^G0W0 (eV)
 
    1 (occ)    31         -19.218           8.509         -26.841         -16.844          -20.706
    2 (occ)    31         -10.398           4.507         -22.704         -16.509          -12.086
    3 (occ)    31          -8.634           3.857         -22.156         -16.738          -10.194
    4 (occ)    31          -5.968           2.899         -18.554         -14.401           -7.223
    5 (vir)    31           3.392          -3.945          -6.872         -12.785            5.360
    6 (vir)    31           6.701          -3.278          -3.702          -8.784            8.504
    7 (vir)    31           8.366          -2.967          -1.474          -6.187           10.113
    8 (vir)    31           9.424          -4.483          -6.856         -13.819           11.905
    9 (vir)    31          11.411          -5.496          -5.395         -12.582           13.102
   10 (vir)    31          16.369          -5.563          -5.504         -13.988           19.289
   11 (vir)    31          17.932          -4.558          -3.827         -10.618           20.166
   12 (vir)    31          20.818          -2.283          -1.754          -7.938           24.720
   13 (vir)    31          26.872          -0.940          -2.766          -9.506           32.672
   14 (vir)    31          27.793          -6.770          -3.567         -12.813           30.268
   15 (vir)    31          28.436          -5.340          -3.688         -13.298           32.707
   16 (vir)    31          35.950          -1.026          -2.025          -9.661           42.560
   17 (vir)    31          41.990          -1.046          -4.247         -14.723           51.420
   18 (vir)    31          42.194          -7.132          -4.480         -15.684           46.267
   19 (vir)    31          47.330          -0.666          -2.751         -13.224           57.137
   20 (vir)    31          51.080          -3.695          -3.458         -13.662           57.590
   21 (vir)    31          58.444          -0.232          -3.453         -14.518           69.278
   22 (vir)    31          59.968          -4.751          -3.663         -15.875           67.429
   23 (vir)    31          67.884          -4.759          -2.721         -15.745           76.150
   24 (vir)    31          81.314          -1.419          -3.416         -16.486           92.965
   25 (vir)    31         114.845          -1.138          -1.672         -12.899          124.935
   26 (vir)    31         241.311          -2.142          -1.874         -18.074          255.369
 
 
  kpoint:      32             coordinate:     0.2109    0.2109    0.0000
 
    n           k   ϵ_nk^DFT (eV)     Σ^c_nk (eV)     Σ^x_nk (eV)    v_nk^xc (eV)   ϵ_nk^G0W0 (eV)
 
    1 (occ)    32         -19.098           8.449         -26.856         -16.899          -20.607
    2 (occ)    32         -10.573           4.558         -22.697         -16.444          -12.268
    3 (occ)    32          -8.794           3.907         -22.163         -16.680          -10.370
    4 (occ)    32          -5.794           2.837         -18.585         -14.509           -7.033
    5 (vir)    32           3.205          -3.931          -6.890         -12.795            5.179
    6 (vir)    32           6.939          -3.348          -3.763          -8.932            8.759
    7 (vir)    32           8.533          -2.909          -1.453          -6.104           10.275
    8 (vir)    32           9.556          -4.528          -6.789         -13.747           11.985
    9 (vir)    32          11.546          -5.178          -5.292         -12.469           13.546
   10 (vir)    32          16.520          -5.447          -5.234         -13.523           19.362
   11 (vir)    32          17.604          -4.474          -3.821         -10.536           19.845
   12 (vir)    32          20.496          -3.979          -2.002          -8.283           22.799
   13 (vir)    32          26.462           0.154          -2.758          -9.660           33.518
   14 (vir)    32          27.925          -6.691          -3.575         -12.881           30.540
   15 (vir)    32          28.221          -3.998          -3.904         -13.511           33.830
   16 (vir)    32          35.575          -0.462          -1.946          -9.548           42.716
   17 (vir)    32          42.110          -1.089          -4.238         -14.734           51.517
   18 (vir)    32          42.221          -6.004          -4.514         -15.693           47.397
   19 (vir)    32          47.465          -0.584          -2.713         -13.148           57.316
   20 (vir)    32          50.893          -2.451          -3.485         -13.703           58.660
   21 (vir)    32          59.176          -0.166          -3.441         -14.537           70.106
   22 (vir)    32          59.539          -2.489          -3.725         -15.869           69.194
   23 (vir)    32          67.722           0.346          -2.757         -15.741           81.052
   24 (vir)    32          81.505          -1.048          -3.428         -16.496           93.524
   25 (vir)    32         115.369          -0.888          -1.653         -12.953          125.780
   26 (vir)    32         241.294          -1.996          -2.090         -18.074          255.282
 
 
  kpoint:      33             coordinate:     0.2177    0.2177    0.0000
 
    n           k   ϵ_nk^DFT (eV)     Σ^c_nk (eV)     Σ^x_nk (eV)    v_nk^xc (eV)   ϵ_nk^G0W0 (eV)
 
    1 (occ)    33         -18.979           8.397         -26.874         -16.955          -20.500
    2 (occ)    33         -10.739           4.604         -22.686         -16.379          -12.442
    3 (occ)    33          -8.953           3.958         -22.172         -16.624          -10.543
    4 (occ)    33          -5.620           2.777         -18.625         -14.626           -6.842
    5 (vir)    33           3.015          -3.907          -6.886         -12.770            4.992
    6 (vir)    33           7.176          -3.416          -3.825          -9.083            9.018
    7 (vir)    33           8.715          -2.867          -1.448          -6.057           10.456
    8 (vir)    33           9.687          -4.553          -6.714         -13.655           12.076
    9 (vir)    33          11.682          -4.811          -5.194         -12.361           14.037
   10 (vir)    33          16.614          -5.352          -4.892         -12.940           19.311
   11 (vir)    33          17.293          -4.390          -3.809         -10.448           19.541
   12 (vir)    33          20.246          -5.285          -2.291          -8.755           21.424
   13 (vir)    33          26.092          -2.913          -2.854          -9.885           30.211
   14 (vir)    33          27.963          -4.874          -4.042         -13.630           32.677
   15 (vir)    33          28.061          -6.587          -3.584         -12.952           30.843
   16 (vir)    33          35.283          -2.811          -1.924          -9.459           40.006
   17 (vir)    33          42.219          -1.111          -4.230         -14.742           51.620
   18 (vir)    33          42.269          -6.161          -4.523         -15.700           47.285
   19 (vir)    33          47.565          -0.505          -2.673         -13.065           57.451
   20 (vir)    33          50.690          -2.497          -3.506         -13.737           58.423
   21 (vir)    33          59.105          -2.682          -3.750         -15.860           68.534
   22 (vir)    33          59.850          -0.072          -3.423         -14.539           70.894
   23 (vir)    33          67.547           2.455          -2.777         -15.739           82.964
   24 (vir)    33          81.677          -1.912          -3.414         -16.503           92.854
   25 (vir)    33         115.884          -2.818          -1.611         -13.003          124.458
   26 (vir)    33         241.225          -1.843          -1.745         -18.075          255.711
 
 
  kpoint:      34             coordinate:     0.2245    0.2245    0.0000
 
    n           k   ϵ_nk^DFT (eV)     Σ^c_nk (eV)     Σ^x_nk (eV)    v_nk^xc (eV)   ϵ_nk^G0W0 (eV)
 
    1 (occ)    34         -18.861           8.363         -26.895         -17.014          -20.379
    2 (occ)    34         -10.896           4.647         -22.670         -16.314          -12.605
    3 (occ)    34          -9.110           4.009         -22.183         -16.569          -10.715
    4 (occ)    34          -5.445           2.718         -18.673         -14.750           -6.651
    5 (vir)    34           2.825          -3.875          -6.865         -12.718            4.802
    6 (vir)    34           7.413          -3.482          -3.891          -9.240            9.280
    7 (vir)    34           8.912          -2.840          -1.458          -6.042           10.656
    8 (vir)    34           9.818          -4.537          -6.624         -13.538           12.196
    9 (vir)    34          11.817          -4.637          -5.096         -12.258           14.343
   10 (vir)    34          16.647          -5.115          -4.509         -12.271           19.292
   11 (vir)    34          17.000          -4.305          -3.792         -10.351           19.254
   12 (vir)    34          20.063          -5.051          -2.604          -9.315           21.723
   13 (vir)    34          25.763          -2.184          -3.017         -10.174           30.736
   14 (vir)    34          27.661          -7.220          -4.126         -13.659           29.974
   15 (vir)    34          28.200          -6.444          -3.595         -13.027           31.188
   16 (vir)    34          35.065          -1.748          -1.930          -9.402           40.789
   17 (vir)    34          42.317          -1.104          -4.223         -14.744           51.735
   18 (vir)    34          42.339          -6.598          -4.522         -15.706           46.925
   19 (vir)    34          47.624          -0.441          -2.632         -12.974           57.526
   20 (vir)    34          50.473          -2.618          -3.529         -13.765           58.091
   21 (vir)    34          58.666           0.032          -3.737         -15.848           70.809
   22 (vir)    34          60.447           0.042          -3.397         -14.520           71.612
   23 (vir)    34          67.360           1.421          -2.787         -15.739           81.732
   24 (vir)    34          81.831          -1.333          -3.374         -16.508           93.631
   25 (vir)    34         116.398          -1.615          -1.588         -13.048          126.243
   26 (vir)    34         241.112          -2.057          -1.105         -18.074          256.025
 
 
  kpoint:      35             coordinate:     0.2313    0.2313    0.0000
 
    n           k   ϵ_nk^DFT (eV)     Σ^c_nk (eV)     Σ^x_nk (eV)    v_nk^xc (eV)   ϵ_nk^G0W0 (eV)
 
    1 (occ)    35         -18.744           8.343         -26.920         -17.074          -20.246
    2 (occ)    35         -11.042           4.687         -22.649         -16.249          -12.756
    3 (occ)    35          -9.265           4.060         -22.195         -16.516          -10.884
    4 (occ)    35          -5.271           2.661         -18.731         -14.882           -6.460
    5 (vir)    35           2.636          -3.838          -6.828         -12.642            4.611
    6 (vir)    35           7.648          -3.583          -3.962          -9.405            9.509
    7 (vir)    35           9.124          -2.825          -1.480          -6.056           10.875
    8 (vir)    35           9.945          -4.495          -6.513         -13.393           12.330
    9 (vir)    35          11.954          -4.596          -4.997         -12.163           14.524
   10 (vir)    35          16.619          -1.718          -4.143         -11.581           22.339
   11 (vir)    35          16.726          -4.220          -3.767         -10.244           18.984
   12 (vir)    35          19.940          -4.502          -2.905          -9.894           22.427
   13 (vir)    35          25.473          -2.340          -3.208         -10.522           30.447
   14 (vir)    35          27.319          -5.643          -4.185         -13.603           31.094
   15 (vir)    35          28.338          -6.241          -3.608         -13.106           31.595
   16 (vir)    35          34.913          -1.680          -1.934          -9.377           40.677
   17 (vir)    35          42.404          -1.059          -4.215         -14.742           51.871
   18 (vir)    35          42.432          -8.546          -4.525         -15.712           45.074
   19 (vir)    35          47.636          -0.396          -2.588         -12.876           57.528
   20 (vir)    35          50.248          -1.618          -3.554         -13.786           58.862
   21 (vir)    35          58.223           1.697          -3.722         -15.833           72.030
   22 (vir)    35          60.951           0.135          -3.363         -14.476           72.199
   23 (vir)    35          67.161          -1.496          -2.803         -15.741           78.603
   24 (vir)    35          81.964          -3.800          -3.324         -16.510           91.350
   25 (vir)    35         116.915          -1.516          -1.600         -13.089          126.889
   26 (vir)    35         240.962          -2.300          -0.611         -18.074          256.125
 
 
  kpoint:      36             coordinate:     0.2381    0.2381    0.0000
 
    n           k   ϵ_nk^DFT (eV)     Σ^c_nk (eV)     Σ^x_nk (eV)    v_nk^xc (eV)   ϵ_nk^G0W0 (eV)
 
    1 (occ)    36         -18.630           8.325         -26.947         -17.136          -20.116
    2 (occ)    36         -11.177           4.722         -22.623         -16.185          -12.894
    3 (occ)    36          -9.416           4.110         -22.209         -16.464          -11.051
    4 (occ)    36          -5.100           2.607         -18.800         -15.022           -6.270
    5 (vir)    36           2.450          -3.799          -6.775         -12.546            4.422
    6 (vir)    36           7.881          -3.717          -4.040          -9.580            9.705
    7 (vir)    36           9.350          -2.822          -1.514          -6.097           11.112
    8 (vir)    36          10.070          -4.446          -6.378         -13.213           12.459
    9 (vir)    36          12.092          -4.583          -4.904         -12.078           14.684
   10 (vir)    36          16.472          -4.133          -3.732         -10.124           18.730
   11 (vir)    36          16.538          -3.975          -3.841         -10.948           19.670
   12 (vir)    36          19.863          -4.543          -3.161         -10.417           22.577
   13 (vir)    36          25.219          -3.042          -3.402         -10.927           29.701
   14 (vir)    36          26.947          -5.507          -4.228         -13.471           30.683
   15 (vir)    36          28.475          -5.949          -3.624         -13.190           32.092
   16 (vir)    36          34.815          -1.929          -1.927          -9.377           40.337
   17 (vir)    36          42.478          -0.969          -4.208         -14.733           52.034
   18 (vir)    36          42.549          -3.165          -4.545         -15.720           50.559
   19 (vir)    36          47.595          -0.371          -2.543         -12.769           57.450
   20 (vir)    36          50.018          -3.467          -3.578         -13.802           56.776
   21 (vir)    36          57.776           1.776          -3.744         -15.813           71.621
   22 (vir)    36          61.343           0.171          -3.318         -14.403           72.598
   23 (vir)    36          66.954           1.473          -2.833         -15.745           81.338
   24 (vir)    36          82.076          -3.290          -3.282         -16.509           92.013
   25 (vir)    36         117.438          -1.597          -1.633         -13.127          127.335
   26 (vir)    36         240.782          -2.399          -0.581         -18.074          255.876
 
 
  kpoint:      37             coordinate:     0.2449    0.2449    0.0000
 
    n           k   ϵ_nk^DFT (eV)     Σ^c_nk (eV)     Σ^x_nk (eV)    v_nk^xc (eV)   ϵ_nk^G0W0 (eV)
 
    1 (occ)    37         -18.520           8.298         -26.977         -17.199          -20.000
    2 (occ)    37         -11.301           4.753         -22.592         -16.121          -13.018
    3 (occ)    37          -9.565           4.161         -22.225         -16.414          -11.215
    4 (occ)    37          -4.931           2.557         -18.880         -15.170           -6.084
    5 (vir)    37           2.269          -3.760          -6.707         -12.434            4.236
    6 (vir)    37           8.111          -3.729          -4.127          -9.769           10.024
    7 (vir)    37           9.593          -2.830          -1.562          -6.167           11.368
    8 (vir)    37          10.190          -4.391          -6.217         -12.995           12.577
    9 (vir)    37          12.231          -4.646          -4.819         -12.004           14.769
   10 (vir)    37          16.238          -4.046          -3.685          -9.987           18.494
   11 (vir)    37          16.416          -4.326          -3.619         -10.428           18.899
   12 (vir)    37          19.816          -4.610          -3.362         -10.833           22.678
   13 (vir)    37          24.999          -3.574          -3.594         -11.382           29.213
   14 (vir)    37          26.557         -11.003          -4.248         -13.272           24.578
   15 (vir)    37          28.607          -5.534          -3.643         -13.279           32.708
   16 (vir)    37          34.759          -3.626          -1.921          -9.394           38.606
   17 (vir)    37          42.540          -0.831          -4.199         -14.717           52.228
   18 (vir)    37          42.690          -3.875          -4.576         -15.730           49.968
   19 (vir)    37          47.494          -0.358          -2.496         -12.654           57.293
   20 (vir)    37          49.786          -3.489          -3.592         -13.814           56.518
   21 (vir)    37          57.329          -0.661          -3.819         -15.789           68.638
   22 (vir)    37          61.603           0.168          -3.262         -14.296           72.805
   23 (vir)    37          66.739          -3.085          -2.875         -15.751           76.530
   24 (vir)    37          82.168          -3.060          -3.261         -16.507           92.354
   25 (vir)    37         117.966          -1.834          -1.665         -13.161          127.627
   26 (vir)    37         240.579          -2.425          -1.019         -18.074          255.209
 
 
  kpoint:      38             coordinate:     0.2517    0.2517    0.0000
 
    n           k   ϵ_nk^DFT (eV)     Σ^c_nk (eV)     Σ^x_nk (eV)    v_nk^xc (eV)   ϵ_nk^G0W0 (eV)
 
    1 (occ)    38         -18.414           8.256         -27.009         -17.262          -19.904
    2 (occ)    38         -11.411           4.779         -22.556         -16.059          -13.128
    3 (occ)    38          -9.711           4.211         -22.242         -16.366          -11.376
    4 (occ)    38          -4.767           2.511         -18.971         -15.326           -5.902
    5 (vir)    38           2.095          -3.722          -6.626         -12.309            4.056
    6 (vir)    38           8.337          -3.874          -4.226          -9.976           10.212
    7 (vir)    38           9.851          -2.849          -1.626          -6.268           11.644
    8 (vir)    38          10.306          -4.370          -6.030         -12.734           12.640
    9 (vir)    38          12.372          -4.563          -4.745         -11.940           15.003
   10 (vir)    38          16.026          -3.956          -3.621          -9.827           18.275
   11 (vir)    38          16.265          -4.041          -3.466         -10.042           18.800
   12 (vir)    38          19.782          -5.296          -3.518         -11.126           22.094
   13 (vir)    38          24.811          -4.321          -3.785         -11.881           28.586
   14 (vir)    38          26.162          -4.360          -4.234         -13.016           30.584
   15 (vir)    38          28.731          -4.987          -3.666         -13.374           33.451
   16 (vir)    38          34.734           2.394          -1.929          -9.419           44.619
   17 (vir)    38          42.589          -0.655          -4.188         -14.693           52.439
   18 (vir)    38          42.853          -3.295          -4.609         -15.742           50.691
   19 (vir)    38          47.328          -0.351          -2.450         -12.532           57.059
   20 (vir)    38          49.557          -4.116          -3.594         -13.821           55.667
   21 (vir)    38          56.883          -3.636          -3.926         -15.761           65.082
   22 (vir)    38          61.716           0.143          -3.192         -14.155           72.822
   23 (vir)    38          66.521          -1.337          -2.918         -15.758           78.024
   24 (vir)    38          82.241          -3.002          -3.260         -16.503           92.482
   25 (vir)    38         118.495           1.691          -1.686         -13.191          131.691
   26 (vir)    38         240.362          -2.291          -1.647         -18.074          254.498
 
 
  kpoint:      39             coordinate:     0.2585    0.2585    0.0000
 
    n           k   ϵ_nk^DFT (eV)     Σ^c_nk (eV)     Σ^x_nk (eV)    v_nk^xc (eV)   ϵ_nk^G0W0 (eV)
 
    1 (occ)    39         -18.313           8.209         -27.042         -17.325          -19.821
    2 (occ)    39         -11.508           4.799         -22.515         -16.000          -13.225
    3 (occ)    39          -9.853           4.260         -22.261         -16.320          -11.534
    4 (occ)    39          -4.609           2.469         -19.075         -15.489           -5.726
    5 (vir)    39           1.929          -3.687          -6.531         -12.171            3.883
    6 (vir)    39           8.556          -3.978          -4.337         -10.203           10.444
    7 (vir)    39          10.126          -2.881          -1.709          -6.405           11.940
    8 (vir)    39          10.418          -4.453          -5.818         -12.427           12.574
    9 (vir)    39          12.514          -4.593          -4.677         -11.882           15.126
   10 (vir)    39          15.835          -3.862          -3.537          -9.639           18.074
   11 (vir)    39          16.096          -3.764          -3.365          -9.789           18.756
   12 (vir)    39          19.747          -5.268          -3.642         -11.309           22.146
   13 (vir)    39          24.653          -3.951          -3.983         -12.415           29.134
   14 (vir)    39          25.773          -4.373          -4.182         -12.709           29.926
   15 (vir)    39          28.844          -4.406          -3.694         -13.475           34.219
   16 (vir)    39          34.731           2.441          -1.949          -9.447           44.670
   17 (vir)    39          42.625          -0.484          -4.173         -14.657           52.625
   18 (vir)    39          43.038          -6.233          -4.632         -15.758           47.932
   19 (vir)    39          47.093          -0.342          -2.404         -12.403           56.750
   20 (vir)    39          49.334           4.655          -3.585         -13.825           64.228
   21 (vir)    39          56.441          -4.232          -4.021         -15.730           63.918
   22 (vir)    39          61.673           0.109          -3.110         -13.977           72.649
   23 (vir)    39          66.301          -2.389          -2.954         -15.767           76.726
   24 (vir)    39          82.297          -3.123          -3.266         -16.497           92.405
   25 (vir)    39         119.020           0.493          -1.694         -13.219          131.037
   26 (vir)    39         240.138          -0.612          -2.106         -18.074          255.494
 
 
  kpoint:      40             coordinate:     0.2653    0.2653    0.0000
 
    n           k   ϵ_nk^DFT (eV)     Σ^c_nk (eV)     Σ^x_nk (eV)    v_nk^xc (eV)   ϵ_nk^G0W0 (eV)
 
    1 (occ)    40         -18.219           8.168         -27.077         -17.387          -19.741
    2 (occ)    40         -11.590           4.812         -22.471         -15.943          -13.306
    3 (occ)    40          -9.992           4.310         -22.282         -16.275          -11.688
    4 (occ)    40          -4.458           2.433         -19.190         -15.657           -5.557
    5 (vir)    40           1.773          -3.655          -6.424         -12.025            3.720
    6 (vir)    40           8.768          -4.052          -4.462         -10.455           10.708
    7 (vir)    40          10.418          -2.927          -1.817          -6.584           12.258
    8 (vir)    40          10.525          -4.269          -5.580         -12.074           12.750
    9 (vir)    40          12.656          -4.641          -4.612         -11.827           15.230
   10 (vir)    40          15.666          -3.762          -3.425          -9.411           17.891
   11 (vir)    40          15.918          -3.798          -3.306          -9.658           18.472
   12 (vir)    40          19.699          -5.161          -3.739         -11.406           22.205
   13 (vir)    40          24.521          -4.948          -4.191         -12.973           28.355
   14 (vir)    40          25.401          -5.649          -4.098         -12.356           28.009
   15 (vir)    40          28.941          -3.956          -3.726         -13.584           34.843
   16 (vir)    40          34.743          -3.735          -1.972          -9.472           38.508
   17 (vir)    40          42.647          -0.373          -4.152         -14.607           52.729
   18 (vir)    40          43.243          -6.069          -4.639         -15.778           48.313
   19 (vir)    40          46.789          -0.330          -2.363         -12.273           56.369
   20 (vir)    40          49.121          -2.252          -3.573         -13.826           57.122
   21 (vir)    40          56.007          -4.227          -4.067         -15.694           63.407
   22 (vir)    40          61.470           0.076          -3.016         -13.765           72.294
   23 (vir)    40          66.083          -2.000          -2.979         -15.776           76.881
   24 (vir)    40          82.337          -3.220          -3.267         -16.491           92.342
   25 (vir)    40         119.534          -2.108          -1.694         -13.243          128.975
   26 (vir)    40         239.913          -3.162          -2.181         -18.074          252.644
 
 
  kpoint:      41             coordinate:     0.2721    0.2721    0.0000
 
    n           k   ϵ_nk^DFT (eV)     Σ^c_nk (eV)     Σ^x_nk (eV)    v_nk^xc (eV)   ϵ_nk^G0W0 (eV)
 
    1 (occ)    41         -18.131           8.139         -27.111         -17.446          -19.657
    2 (occ)    41         -11.658           4.818         -22.423         -15.891          -13.372
    3 (occ)    41         -10.126           4.359         -22.304         -16.233          -11.838
    4 (occ)    41          -4.315           2.402         -19.314         -15.828           -5.399
    5 (vir)    41           1.628          -3.628          -6.307         -11.874            3.568
    6 (vir)    41           8.969          -4.130          -4.600         -10.731           10.969
    7 (vir)    41          10.629          -4.130          -5.318         -11.677           12.858
    8 (vir)    41          10.726          -2.989          -1.958          -6.817           12.597
    9 (vir)    41          12.798          -4.690          -4.544         -11.766           15.330
   10 (vir)    41          15.522          -3.652          -3.277          -9.132           17.725
   11 (vir)    41          15.739          -3.885          -3.291          -9.637           18.200
   12 (vir)    41          19.630          -4.901          -3.811         -11.444           22.362
   13 (vir)    41          24.414          -5.138          -4.408         -13.546           28.413
   14 (vir)    41          25.056          -4.337          -3.985         -11.959           28.693
   15 (vir)    41          29.019          -3.675          -3.765         -13.700           35.279
   16 (vir)    41          34.763          -3.018          -1.981          -9.492           39.256
   17 (vir)    41          42.655          -0.355          -4.121         -14.535           52.716
   18 (vir)    41          43.466          -6.368          -4.635         -15.802           48.264
   19 (vir)    41          46.420          -0.317          -2.329         -12.149           55.922
   20 (vir)    41          48.920          -2.352          -3.561         -13.824           56.831
   21 (vir)    41          55.585          -4.020          -4.058         -15.655           63.161
   22 (vir)    41          61.117           0.047          -2.912         -13.524           71.776
   23 (vir)    41          65.871          -1.768          -2.998         -15.787           76.891
   24 (vir)    41          82.364          -2.500          -3.255         -16.484           93.093
   25 (vir)    41         120.030          -2.417          -1.686         -13.265          129.192
   26 (vir)    41         239.694          -2.859          -1.903         -18.075          253.006
 
 
  kpoint:      42             coordinate:     0.2789    0.2789    0.0000
 
    n           k   ϵ_nk^DFT (eV)     Σ^c_nk (eV)     Σ^x_nk (eV)    v_nk^xc (eV)   ϵ_nk^G0W0 (eV)
 
    1 (occ)    42         -18.052           8.123         -27.145         -17.502          -19.572
    2 (occ)    42         -11.710           4.820         -22.373         -15.843          -13.420
    3 (occ)    42         -10.255           4.408         -22.329         -16.192          -11.984
    4 (occ)    42          -4.184           2.377         -19.444         -15.999           -5.252
    5 (vir)    42           1.496          -3.605          -6.182         -11.720            3.428
    6 (vir)    42           9.157          -4.244          -4.751         -11.028           11.190
    7 (vir)    42          10.731          -4.041          -5.033         -11.242           12.899
    8 (vir)    42          11.046          -3.068          -2.141          -7.118           12.954
    9 (vir)    42          12.937          -4.682          -4.471         -11.691           15.476
   10 (vir)    42          15.403          -3.533          -3.080          -8.786           17.576
   11 (vir)    42          15.562          -4.469          -3.322          -9.718           17.489
   12 (vir)    42          19.539          -5.089          -3.861         -11.441           22.030
   13 (vir)    42          24.326          -6.535          -4.631         -14.133           27.294
   14 (vir)    42          24.745          -4.150          -3.842         -11.515           28.269
   15 (vir)    42          29.073          -3.524          -3.810         -13.824           35.562
   16 (vir)    42          34.787          -2.692          -1.970          -9.508           39.633
   17 (vir)    42          42.650          -0.439          -4.073         -14.434           52.572
   18 (vir)    42          43.702          -4.096          -4.628         -15.831           50.809
   19 (vir)    42          45.996          -0.306          -2.311         -12.044           55.422
   20 (vir)    42          48.734          -2.756          -3.552         -13.820           56.245
   21 (vir)    42          55.178          -7.491          -4.018         -15.613           59.282
   22 (vir)    42          60.636           0.024          -2.802         -13.262           71.119
   23 (vir)    42          65.667          -1.801          -3.018         -15.797           76.645
   24 (vir)    42          82.380           2.199          -3.235         -16.477           97.822
   25 (vir)    42         120.500          -2.515          -1.666         -13.284          129.602
   26 (vir)    42         239.486          -0.674          -1.492         -18.076          255.396
 
 
  kpoint:      43             coordinate:     0.2857    0.2857    0.0000
 
    n           k   ϵ_nk^DFT (eV)     Σ^c_nk (eV)     Σ^x_nk (eV)    v_nk^xc (eV)   ϵ_nk^G0W0 (eV)
 
    1 (occ)    43         -17.981           8.113         -27.178         -17.553          -19.492
    2 (occ)    43         -11.746           4.816         -22.321         -15.802          -13.449
    3 (occ)    43         -10.379           4.457         -22.356         -16.154          -12.125
    4 (occ)    43          -4.064           2.357         -19.578         -16.167           -5.118
    5 (vir)    43           1.377          -3.588          -6.055         -11.569            3.303
    6 (vir)    43           9.328          -4.416          -4.909         -11.338           11.341
    7 (vir)    43          10.832          -3.912          -4.734         -10.785           12.970
    8 (vir)    43          11.371          -3.170          -2.378          -7.501           13.324
    9 (vir)    43          13.071          -4.612          -4.386         -11.588           15.661
   10 (vir)    43          15.312          -3.403          -2.824          -8.355           17.440
   11 (vir)    43          15.393          -4.411          -3.404          -9.896           17.473
   12 (vir)    43          19.426          -5.288          -3.896         -11.410           21.652
   13 (vir)    43          24.256          -4.999          -4.875         -14.776           29.159
   14 (vir)    43          24.475          -3.759          -3.651         -10.983           28.049
   15 (vir)    43          29.101          -3.465          -3.862         -13.954           35.728
   16 (vir)    43          34.812           1.435          -1.944          -9.518           43.822
   17 (vir)    43          42.631          -0.620          -3.999         -14.289           52.301
   18 (vir)    43          43.949          -4.096          -4.627         -15.867           51.093
   19 (vir)    43          45.539          -0.295          -2.319         -11.976           54.901
   20 (vir)    43          48.562          -3.632          -3.539         -13.812           55.203
   21 (vir)    43          54.793          -3.138          -3.983         -15.569           63.241
   22 (vir)    43          60.059           0.005          -2.689         -12.988           70.362
   23 (vir)    43          65.475          -1.771          -3.041         -15.808           76.471
   24 (vir)    43          82.387           1.151          -3.213         -16.471           96.795
   25 (vir)    43         120.935           0.285          -1.634         -13.299          132.886
   26 (vir)    43         239.295          -2.303          -1.186         -18.077          253.882
 
 
  kpoint:      44             coordinate:     0.2925    0.2925    0.0000
 
    n           k   ϵ_nk^DFT (eV)     Σ^c_nk (eV)     Σ^x_nk (eV)    v_nk^xc (eV)   ϵ_nk^G0W0 (eV)
 
    1 (occ)    44         -17.919           8.102         -27.207         -17.599          -19.426
    2 (occ)    44         -11.767           4.806         -22.267         -15.767          -13.461
    3 (occ)    44         -10.497           4.505         -22.386         -16.118          -12.261
    4 (occ)    44          -3.959           2.342         -19.709         -16.326           -5.000
    5 (vir)    44           1.274          -3.575          -5.930         -11.425            3.195
    6 (vir)    44           9.480          -4.638          -5.068         -11.644           11.418
    7 (vir)    44          10.931          -3.771          -4.435         -10.327           13.052
    8 (vir)    44          11.689          -3.296          -2.678          -7.977           13.693
    9 (vir)    44          13.196          -4.522          -4.284         -11.447           15.837
   10 (vir)    44          15.236          -4.325          -3.539         -10.168           17.540
   11 (vir)    44          15.251          -3.264          -2.499          -7.827           17.316
   12 (vir)    44          19.296          -4.849          -3.923         -11.356           21.880
   13 (vir)    44          24.190          -7.601          -5.117         -15.292           26.763
   14 (vir)    44          24.258          -5.403          -3.432         -10.550           25.973
   15 (vir)    44          29.101          -3.474          -3.919         -14.089           35.796
   16 (vir)    44          34.836           2.986          -1.916          -9.525           45.430
   17 (vir)    44          42.604          -0.810          -3.890         -14.088           51.992
   18 (vir)    44          44.201          -4.457          -4.634         -15.909           51.018
   19 (vir)    44          45.076          -0.280          -2.364         -11.970           54.402
   20 (vir)    44          48.405          -3.959          -3.518         -13.801           54.728
   21 (vir)    44          54.435          -1.364          -3.979         -15.523           64.615
   22 (vir)    44          59.427          -0.014          -2.578         -12.714           69.549
   23 (vir)    44          65.299          -0.229          -3.067         -15.818           77.821
   24 (vir)    44          82.387           0.852          -3.198         -16.465           96.505
   25 (vir)    44         121.328          -0.627          -1.598         -13.313          132.415
   26 (vir)    44         239.124          -2.443          -1.108         -18.078          253.650
 
 
  kpoint:      45             coordinate:     0.2993    0.2993    0.0000
 
    n           k   ϵ_nk^DFT (eV)     Σ^c_nk (eV)     Σ^x_nk (eV)    v_nk^xc (eV)   ϵ_nk^G0W0 (eV)
 
    1 (occ)    45         -17.867           8.088         -27.233         -17.638          -19.375
    2 (occ)    45         -11.773           4.791         -22.213         -15.740          -13.455
    3 (occ)    45         -10.608           4.552         -22.420         -16.085          -12.391
    4 (occ)    45          -3.868           2.331         -19.832         -16.471           -4.899
    5 (vir)    45           1.188          -3.567          -5.813         -11.295            3.103
    6 (vir)    45           9.610          -4.819          -5.215         -11.923           11.498
    7 (vir)    45          11.029          -3.642          -4.155          -9.897           13.128
    8 (vir)    45          11.985          -3.441          -3.040          -8.541           14.045
    9 (vir)    45          13.309          -4.370          -4.160         -11.258           16.037
   10 (vir)    45          15.093          -4.751          -3.724         -10.528           17.145
   11 (vir)    45          15.222          -3.101          -2.105          -7.207           17.223
   12 (vir)    45          19.156          -4.939          -3.944         -11.283           21.556
   13 (vir)    45          24.048          -5.102          -3.896         -11.654           26.703
   14 (vir)    45          24.171          -5.865          -4.659         -14.248           27.895
   15 (vir)    45          29.078          -3.534          -3.980         -14.222           35.787
   16 (vir)    45          34.856           2.357          -1.902          -9.529           44.840
   17 (vir)    45          42.576          -0.911          -3.738         -13.824           51.752
   18 (vir)    45          44.451          -4.335          -4.651         -15.959           51.424
   19 (vir)    45          44.637          -0.260          -2.456         -12.046           53.967
   20 (vir)    45          48.263          -2.246          -3.485         -13.783           56.315
   21 (vir)    45          54.112          -2.640          -4.008         -15.477           62.940
   22 (vir)    45          58.788          -0.036          -2.473         -12.452           68.730
   23 (vir)    45          65.142          -1.169          -3.092         -15.828           76.708
   24 (vir)    45          82.383           1.352          -3.193         -16.459           97.002
   25 (vir)    45         121.671          -0.786          -1.574         -13.323          132.635
   26 (vir)    45         238.976          -2.467          -1.222         -18.079          253.366
 
 
  kpoint:      46             coordinate:     0.3061    0.3061    0.0000
 
    n           k   ϵ_nk^DFT (eV)     Σ^c_nk (eV)     Σ^x_nk (eV)    v_nk^xc (eV)   ϵ_nk^G0W0 (eV)
 
    1 (occ)    46         -17.826           8.072         -27.255         -17.670          -19.338
    2 (occ)    46         -11.766           4.770         -22.158         -15.720          -13.434
    3 (occ)    46         -10.710           4.597         -22.457         -16.055          -12.514
    4 (occ)    46          -3.794           2.324         -19.941         -16.596           -4.815
    5 (vir)    46           1.118          -3.562          -5.710         -11.184            3.030
    6 (vir)    46           9.716          -4.858          -5.341         -12.153           11.670
    7 (vir)    46          11.122          -3.524          -3.912          -9.523           13.210
    8 (vir)    46          12.238          -3.583          -3.440          -9.153           14.368
    9 (vir)    46          13.407          -4.240          -4.015         -11.021           16.172
   10 (vir)    46          14.969          -5.083          -3.948         -10.956           16.894
   11 (vir)    46          15.225          -2.952          -1.671          -6.536           17.138
   12 (vir)    46          19.017          -5.047          -3.959         -11.194           21.205
   13 (vir)    46          23.905          -4.848          -3.595         -10.839           26.302
   14 (vir)    46          24.135          -5.289          -4.966         -15.108           28.988
   15 (vir)    46          29.040          -3.625          -4.041         -14.350           35.724
   16 (vir)    46          34.873           3.076          -1.909          -9.530           45.570
   17 (vir)    46          42.566          -0.908          -3.551         -13.515           51.622
   18 (vir)    46          44.246          -0.241          -2.592         -12.201           53.613
   19 (vir)    46          44.691          -3.788          -4.676         -16.018           52.245
   20 (vir)    46          48.135          -3.119          -3.440         -13.756           55.332
   21 (vir)    46          53.830          -1.991          -4.056         -15.432           63.216
   22 (vir)    46          58.187          -0.062          -2.380         -12.211           67.956
   23 (vir)    46          65.008          -1.740          -3.114         -15.836           75.990
   24 (vir)    46          82.376           1.622          -3.194         -16.454           97.258
   25 (vir)    46         121.960          -0.655          -1.574         -13.332          133.062
   26 (vir)    46         238.854          -2.274          -1.399         -18.080          253.261
 
 
  kpoint:      47             coordinate:     0.3129    0.3129    0.0000
 
    n           k   ϵ_nk^DFT (eV)     Σ^c_nk (eV)     Σ^x_nk (eV)    v_nk^xc (eV)   ϵ_nk^G0W0 (eV)
 
    1 (occ)    47         -17.794           8.061         -27.272         -17.695          -19.309
    2 (occ)    47         -11.750           4.745         -22.104         -15.707          -13.402
    3 (occ)    47         -10.799           4.640         -22.497         -16.030          -12.626
    4 (occ)    47          -3.737           2.320         -20.030         -16.696           -4.751
    5 (vir)    47           1.066          -3.560          -5.627         -11.095            2.974
    6 (vir)    47           9.797          -4.815          -5.435         -12.320           11.868
    7 (vir)    47          11.207          -3.414          -3.720          -9.228           13.301
    8 (vir)    47          12.433          -3.689          -3.824          -9.733           14.654
    9 (vir)    47          13.485          -4.317          -3.861         -10.756           16.063
   10 (vir)    47          14.866          -5.153          -4.188         -11.411           16.936
   11 (vir)    47          15.252          -2.820          -1.252          -5.900           17.079
   12 (vir)    47          18.891          -4.737          -3.966         -11.100           21.289
   13 (vir)    47          23.798          -3.831          -3.467         -10.465           26.965
   14 (vir)    47          24.109          -7.844          -5.110         -15.517           26.672
   15 (vir)    47          28.997          -3.722          -4.096         -14.462           35.641
   16 (vir)    47          34.886          -2.190          -1.938          -9.530           40.288
   17 (vir)    47          42.598          -0.831          -3.356         -13.207           51.618
   18 (vir)    47          43.912          -0.232          -2.749         -12.399           53.331
   19 (vir)    47          44.909          -2.699          -4.708         -16.086           53.588
   20 (vir)    47          48.022          -2.689          -3.386         -13.719           55.666
   21 (vir)    47          53.599          -3.853          -4.100         -15.392           61.038
   22 (vir)    47          57.667          -0.089          -2.302         -12.002           67.278
   23 (vir)    47          64.899          -1.743          -3.131         -15.843           75.868
   24 (vir)    47          82.368          -5.751          -3.198         -16.451           89.871
   25 (vir)    47         122.188          -0.060          -1.601         -13.338          133.865
   26 (vir)    47         238.759          -9.084          -1.521         -18.081          246.236
 
 
  kpoint:      48             coordinate:     0.3197    0.3197    0.0000
 
    n           k   ϵ_nk^DFT (eV)     Σ^c_nk (eV)     Σ^x_nk (eV)    v_nk^xc (eV)   ϵ_nk^G0W0 (eV)
 
    1 (occ)    48         -17.771           8.058         -27.284         -17.712          -19.285
    2 (occ)    48         -11.728           4.719         -22.053         -15.701          -13.362
    3 (occ)    48         -10.872           4.679         -22.538         -16.010          -12.722
    4 (occ)    48          -3.697           2.317         -20.094         -16.767           -4.707
    5 (vir)    48           1.030          -3.560          -5.567         -11.033            2.937
    6 (vir)    48           9.855          -4.787          -5.495         -12.423           11.996
    7 (vir)    48          11.276          -3.287          -3.586          -9.022           13.426
    8 (vir)    48          12.563          -3.783          -4.132         -10.190           14.838
    9 (vir)    48          13.543          -4.180          -3.722         -10.507           16.147
   10 (vir)    48          14.788          -5.346          -4.405         -11.824           16.860
   11 (vir)    48          15.289          -2.725          -0.916          -5.395           17.044
   12 (vir)    48          18.791          -4.458          -3.965         -11.014           21.382
   13 (vir)    48          23.726          -3.529          -3.406         -10.230           27.021
   14 (vir)    48          24.090          -7.550          -5.201         -15.779           27.118
   15 (vir)    48          28.964          -3.802          -4.139         -14.549           35.571
   16 (vir)    48          34.894          -2.762          -1.979          -9.530           39.684
   17 (vir)    48          42.697          -0.715          -3.188         -12.954           51.748
   18 (vir)    48          43.626          -0.226          -2.894         -12.589           53.095
   19 (vir)    48          45.091          -1.411          -4.746         -16.158           55.092
   20 (vir)    48          47.927          -2.402          -3.331         -13.674           55.868
   21 (vir)    48          53.426          -5.196          -4.129         -15.359           59.461
   22 (vir)    48          57.266          -0.111          -2.243         -11.837           66.748
   23 (vir)    48          64.819          -0.853          -3.144         -15.848           76.671
   24 (vir)    48          82.361          -3.370          -3.196         -16.448           92.244
   25 (vir)    48         122.354           0.571          -1.645         -13.342          134.622
   26 (vir)    48         238.692          -2.868          -1.544         -18.082          252.362
 
 
  kpoint:      49             coordinate:     0.3265    0.3265    0.0000
 
    n           k   ϵ_nk^DFT (eV)     Σ^c_nk (eV)     Σ^x_nk (eV)    v_nk^xc (eV)   ϵ_nk^G0W0 (eV)
 
    1 (occ)    49         -17.759           8.060         -27.290         -17.722          -19.267
    2 (occ)    49         -11.708           4.698         -22.014         -15.699          -13.326
    3 (occ)    49         -10.922           4.709         -22.571         -15.996          -12.789
    4 (occ)    49          -3.674           2.315         -20.131         -16.809           -4.681
    5 (vir)    49           1.010          -3.560          -5.532         -10.997            2.916
    6 (vir)    49           9.888          -4.787          -5.525         -12.472           12.048
    7 (vir)    49          11.322          -3.234          -3.510          -8.906           13.484
    8 (vir)    49          12.632          -3.846          -4.319         -10.465           14.931
    9 (vir)    49          13.578          -4.033          -3.628         -10.333           16.249
   10 (vir)    49          14.739          -5.500          -4.557         -12.110           16.791
   11 (vir)    49          15.320          -2.677          -0.710          -5.089           17.023
   12 (vir)    49          18.726          -4.276          -3.959         -10.953           21.443
   13 (vir)    49          23.685          -3.244          -3.386         -10.087           27.142
   14 (vir)    49          24.078          -8.037          -5.256         -15.939           26.724
   15 (vir)    49          28.946          -3.850          -4.166         -14.604           35.534
   16 (vir)    49          34.899          -2.597          -2.015          -9.530           39.817
   17 (vir)    49          42.872          -0.595          -3.065         -12.784           51.996
   18 (vir)    49          43.367          -0.229          -3.007         -12.736           52.867
   19 (vir)    49          45.216          -3.852          -4.779         -16.219           52.803
   20 (vir)    49          47.861          -3.253          -3.288         -13.630           54.951
   21 (vir)    49          53.320          -4.458          -4.138         -15.338           60.061
   22 (vir)    49          57.013          -0.122          -2.206         -11.728           66.414
   23 (vir)    49          64.770           0.364          -3.153         -15.852           77.833
   24 (vir)    49          82.356          -3.107          -3.189         -16.447           92.507
   25 (vir)    49         122.453          -1.057          -1.684         -13.345          133.056
   26 (vir)    49         238.653          -2.787          -1.500         -18.083          252.448
 
 
  kpoint:      50             coordinate:     0.3333    0.3333    0.0000
 
    n           k   ϵ_nk^DFT (eV)     Σ^c_nk (eV)     Σ^x_nk (eV)    v_nk^xc (eV)   ϵ_nk^G0W0 (eV)
 
    1 (occ)    50         -17.754           8.064         -27.293         -17.725          -19.258
    2 (occ)    50         -11.699           4.690         -21.998         -15.698          -13.309
    3 (occ)    50         -10.940           4.722         -22.585         -15.991          -12.813
    4 (occ)    50          -3.666           2.315         -20.143         -16.823           -4.672
    5 (vir)    50           1.004          -3.560          -5.521         -10.986            2.910
    6 (vir)    50           9.899          -4.825          -5.532         -12.485           12.026
    7 (vir)    50          11.338          -3.241          -3.486          -8.870           13.482
    8 (vir)    50          12.651          -3.865          -4.379         -10.551           14.958
    9 (vir)    50          13.589          -3.973          -3.597         -10.274           16.292
   10 (vir)    50          14.721          -5.495          -4.611         -12.208           16.823
   11 (vir)    50          15.332          -2.668          -0.644          -4.992           17.012
   12 (vir)    50          18.703          -3.491          -3.955         -10.931           22.189
   13 (vir)    50          23.672          -3.349          -3.387         -10.032           26.970
   14 (vir)    50          24.073          -8.154          -5.277         -16.001           26.643
   15 (vir)    50          28.942          -3.862          -4.175         -14.622           35.528
   16 (vir)    50          34.900          -2.917          -2.033          -9.530           39.481
   17 (vir)    50          43.107           0.242          -1.739         -10.843           52.452
   18 (vir)    50          43.116          -0.598          -4.331         -14.674           52.860
   19 (vir)    50          45.262          -2.578          -4.794         -16.245           54.136
   20 (vir)    50          47.836          -3.698          -3.274         -13.611           54.474
   21 (vir)    50          53.283          -4.550          -4.132         -15.330           59.931
   22 (vir)    50          56.928          -0.116          -2.193         -11.690           66.308
   23 (vir)    50          64.753          -0.475          -3.157         -15.853           76.974
   24 (vir)    50          82.354          -3.161          -3.178         -16.446           92.461
   25 (vir)    50         122.486           0.697          -1.702         -13.345          134.827
   26 (vir)    50         238.640          -3.176          -1.447         -18.083          252.100
 
 
  kpoint:      51             coordinate:     0.3265    0.3367    0.0000
 
    n           k   ϵ_nk^DFT (eV)     Σ^c_nk (eV)     Σ^x_nk (eV)    v_nk^xc (eV)   ϵ_nk^G0W0 (eV)
 
    1 (occ)    51         -17.755           8.063         -27.292         -17.724          -19.260
    2 (occ)    51         -11.702           4.692         -22.002         -15.698          -13.314
    3 (occ)    51         -10.936           4.718         -22.582         -15.992          -12.807
    4 (occ)    51          -3.668           2.315         -20.141         -16.820           -4.674
    5 (vir)    51           1.006          -3.560          -5.523         -10.989            2.911
    6 (vir)    51           9.897          -4.812          -5.532         -12.483           12.036
    7 (vir)    51          11.334          -3.238          -3.491          -8.878           13.483
    8 (vir)    51          12.647          -3.861          -4.366         -10.532           14.952
    9 (vir)    51          13.586          -3.987          -3.604         -10.286           16.282
   10 (vir)    51          14.726          -5.506          -4.599         -12.186           16.807
   11 (vir)    51          15.329          -2.669          -0.659          -5.014           17.015
   12 (vir)    51          18.709          -2.802          -3.956         -10.937           22.888
   13 (vir)    51          23.675          -3.305          -3.388         -10.048           27.030
   14 (vir)    51          24.074          -8.124          -5.271         -15.984           26.663
   15 (vir)    51          28.942          -3.860          -4.173         -14.618           35.528
   16 (vir)    51          34.900          -2.789          -2.030          -9.530           39.611
   17 (vir)    51          42.978          -0.475          -2.999         -12.696           52.199
   18 (vir)    51          43.246          -0.329          -3.071         -12.820           52.666
   19 (vir)    51          45.250          -4.343          -4.790         -16.237           52.355
   20 (vir)    51          47.843          -3.754          -3.278         -13.616           54.427
   21 (vir)    51          53.292          -4.816          -4.134         -15.332           59.674
   22 (vir)    51          56.949          -0.119          -2.196         -11.700           66.334
   23 (vir)    51          64.757          -0.271          -3.156         -15.853           77.183
   24 (vir)    51          82.355          -3.167          -3.181         -16.446           92.452
   25 (vir)    51         122.478           0.216          -1.700         -13.345          134.339
   26 (vir)    51         238.643          -3.131          -1.460         -18.083          252.134
 
 
  kpoint:      52             coordinate:     0.3197    0.3401    0.0000
 
    n           k   ϵ_nk^DFT (eV)     Σ^c_nk (eV)     Σ^x_nk (eV)    v_nk^xc (eV)   ϵ_nk^G0W0 (eV)
 
    1 (occ)    52         -17.758           8.062         -27.291         -17.722          -19.265
    2 (occ)    52         -11.710           4.699         -22.015         -15.698          -13.327
    3 (occ)    52         -10.921           4.709         -22.571         -15.997          -12.786
    4 (occ)    52          -3.673           2.315         -20.133         -16.811           -4.680
    5 (vir)    52           1.010          -3.560          -5.530         -10.996            2.915
    6 (vir)    52           9.888          -4.798          -5.530         -12.479           12.039
    7 (vir)    52          11.321          -3.246          -3.506          -8.900           13.469
    8 (vir)    52          12.637          -3.850          -4.327         -10.477           14.937
    9 (vir)    52          13.577          -4.011          -3.621         -10.317           16.262
   10 (vir)    52          14.740          -5.506          -4.566         -12.125           16.792
   11 (vir)    52          15.321          -2.676          -0.701          -5.076           17.019
   12 (vir)    52          18.726          -2.403          -3.959         -10.954           23.319
   13 (vir)    52          23.684          -3.311          -3.399         -10.092           27.066
   14 (vir)    52          24.078          -8.030          -5.254         -15.933           26.727
   15 (vir)    52          28.942          -3.854          -4.167         -14.605           35.526
   16 (vir)    52          34.899          -2.708          -2.025          -9.530           39.696
   17 (vir)    52          42.838          -0.521          -3.016         -12.710           52.011
   18 (vir)    52          43.384          -0.317          -3.054         -12.802           52.815
   19 (vir)    52          45.212          -1.144          -4.778         -16.215           55.506
   20 (vir)    52          47.863          -3.786          -3.292         -13.634           54.418
   21 (vir)    52          53.319          -5.662          -4.136         -15.338           58.860
   22 (vir)    52          57.010          -0.118          -2.206         -11.730           66.416
   23 (vir)    52          64.770          -0.139          -3.153         -15.852           77.330
   24 (vir)    52          82.356          -3.279          -3.183         -16.447           92.340
   25 (vir)    52         122.453          -1.458          -1.697         -13.345          132.642
   26 (vir)    52         238.652          -3.425          -1.482         -18.083          251.829
 
 
  kpoint:      53             coordinate:     0.3129    0.3435    0.0000
 
    n           k   ϵ_nk^DFT (eV)     Σ^c_nk (eV)     Σ^x_nk (eV)    v_nk^xc (eV)   ϵ_nk^G0W0 (eV)
 
    1 (occ)    53         -17.763           8.060         -27.288         -17.719          -19.272
    2 (occ)    53         -11.722           4.711         -22.033         -15.696          -13.349
    3 (occ)    53         -10.896           4.693         -22.554         -16.004          -12.753
    4 (occ)    53          -3.682           2.316         -20.120         -16.796           -4.689
    5 (vir)    53           1.016          -3.559          -5.542         -11.007            2.922
    6 (vir)    53           9.874          -4.777          -5.530         -12.475           12.042
    7 (vir)    53          11.300          -3.262          -3.527          -8.933           13.444
    8 (vir)    53          12.622          -3.833          -4.268         -10.393           14.914
    9 (vir)    53          13.563          -4.041          -3.645         -10.358           16.235
   10 (vir)    53          14.764          -5.503          -4.520         -12.037           16.779
   11 (vir)    53          15.308          -2.690          -0.767          -5.173           17.023
   12 (vir)    53          18.755          -4.193          -3.963         -10.983           21.582
   13 (vir)    53          23.699          -3.364          -3.421         -10.172           27.087
   14 (vir)    53          24.086          -7.737          -5.224         -15.842           26.967
   15 (vir)    53          28.938          -3.846          -4.159         -14.585           35.518
   16 (vir)    53          34.898          -2.660          -2.018          -9.530           39.750
   17 (vir)    53          42.690          -0.572          -3.009         -12.687           51.797
   18 (vir)    53          43.523          -0.313          -3.060         -12.816           52.966
   19 (vir)    53          45.149          -4.869          -4.759         -16.180           51.702
   20 (vir)    53          47.897          -3.784          -3.317         -13.661           54.457
   21 (vir)    53          53.364          -7.818          -4.136         -15.348           56.758
   22 (vir)    53          57.108          -0.116          -2.221         -11.780           66.551
   23 (vir)    53          64.792          -0.104          -3.149         -15.850           77.389
   24 (vir)    53          82.359          -3.507          -3.184         -16.447           92.115
   25 (vir)    53         122.412          -2.191          -1.693         -13.344          131.872
   26 (vir)    53         238.668          -5.328          -1.512         -18.082          249.910
 
 
  kpoint:      54             coordinate:     0.3061    0.3469    0.0000
 
    n           k   ϵ_nk^DFT (eV)     Σ^c_nk (eV)     Σ^x_nk (eV)    v_nk^xc (eV)   ϵ_nk^G0W0 (eV)
 
    1 (occ)    54         -17.769           8.059         -27.285         -17.714          -19.281
    2 (occ)    54         -11.740           4.726         -22.057         -15.693          -13.377
    3 (occ)    54         -10.863           4.674         -22.534         -16.015          -12.708
    4 (occ)    54          -3.693           2.317         -20.104         -16.777           -4.702
    5 (vir)    54           1.024          -3.558          -5.556         -11.021            2.930
    6 (vir)    54           9.854          -4.686          -5.533         -12.474           12.110
    7 (vir)    54          11.271          -2.918          -3.554          -8.975           13.773
    8 (vir)    54          12.603          -3.813          -4.190         -10.284           14.885
    9 (vir)    54          13.542          -4.066          -3.668         -10.396           16.203
   10 (vir)    54          14.799          -5.496          -4.466         -11.936           16.773
   11 (vir)    54          15.291          -2.709          -0.854          -5.299           17.028
   12 (vir)    54          18.795          -4.526          -3.968         -11.022           21.323
   13 (vir)    54          23.718          -3.458          -3.457         -10.294           27.098
   14 (vir)    54          24.097          -7.526          -5.177         -15.704           27.098
   15 (vir)    54          28.930          -3.841          -4.148         -14.558           35.499
   16 (vir)    54          34.896          -2.639          -2.010          -9.530           39.777
   17 (vir)    54          42.532          -0.625          -2.989         -12.645           51.562
   18 (vir)    54          43.658          -0.310          -3.078         -12.843           53.113
   19 (vir)    54          45.061          -5.415          -4.735         -16.135           51.047
   20 (vir)    54          47.944          -3.708          -3.348         -13.695           54.583
   21 (vir)    54          53.427         -10.710          -4.135         -15.361           53.943
   22 (vir)    54          57.238          -0.111          -2.243         -11.848           66.732
   23 (vir)    54          64.822          -0.318          -3.143         -15.848           77.209
   24 (vir)    54          82.363          -3.849          -3.184         -16.448           91.778
   25 (vir)    54         122.354          -2.435          -1.689         -13.343          131.572
   26 (vir)    54         238.689           2.099          -1.551         -18.082          257.319
 
 
  kpoint:      55             coordinate:     0.2993    0.3503    0.0000
 
    n           k   ϵ_nk^DFT (eV)     Σ^c_nk (eV)     Σ^x_nk (eV)    v_nk^xc (eV)   ϵ_nk^G0W0 (eV)
 
    1 (occ)    55         -17.777           8.059         -27.281         -17.708          -19.292
    2 (occ)    55         -11.761           4.743         -22.082         -15.690          -13.411
    3 (occ)    55         -10.821           4.651         -22.512         -16.029          -12.653
    4 (occ)    55          -3.707           2.319         -20.084         -16.754           -4.718
    5 (vir)    55           1.033          -3.557          -5.574         -11.037            2.940
    6 (vir)    55           9.829          -4.732          -5.539         -12.477           12.034
    7 (vir)    55          11.234          -3.341          -3.584          -9.020           13.330
    8 (vir)    55          12.584          -3.789          -4.097         -10.155           14.852
    9 (vir)    55          13.516          -4.077          -3.688         -10.422           16.173
   10 (vir)    55          14.843          -5.484          -4.411         -11.834           16.782
   11 (vir)    55          15.273          -2.734          -0.956          -5.449           17.032
   12 (vir)    55          18.845          -4.709          -3.974         -11.071           21.233
   13 (vir)    55          23.742          -3.593          -3.510         -10.466           27.105
   14 (vir)    55          24.112          -7.225          -5.112         -15.511           27.287
   15 (vir)    55          28.916          -3.842          -4.135         -14.525           35.464
   16 (vir)    55          34.895          -2.642          -2.002          -9.529           39.780
   17 (vir)    55          42.363          -0.680          -2.961         -12.587           51.310
   18 (vir)    55          43.788          -0.305          -3.102         -12.877           53.258
   19 (vir)    55          44.950          -4.600          -4.709         -16.083           51.724
   20 (vir)    55          48.001          -3.449          -3.384         -13.734           54.902
   21 (vir)    55          53.506         -10.875          -4.133         -15.377           53.874
   22 (vir)    55          57.394          -0.105          -2.269         -11.933           66.953
   23 (vir)    55          64.862          -0.714          -3.137         -15.845           76.856
   24 (vir)    55          82.369           0.524          -3.183         -16.449           96.159
   25 (vir)    55         122.281          -2.167          -1.685         -13.341          131.770
   26 (vir)    55         238.715           0.337          -1.597         -18.081          255.537
 
 
  kpoint:      56             coordinate:     0.2925    0.3537    0.0000
 
    n           k   ϵ_nk^DFT (eV)     Σ^c_nk (eV)     Σ^x_nk (eV)    v_nk^xc (eV)   ϵ_nk^G0W0 (eV)
 
    1 (occ)    56         -17.786           8.059         -27.277         -17.702          -19.303
    2 (occ)    56         -11.786           4.762         -22.108         -15.685          -13.448
    3 (occ)    56         -10.773           4.626         -22.490         -16.046          -12.590
    4 (occ)    56          -3.723           2.321         -20.061         -16.727           -4.736
    5 (vir)    56           1.044          -3.556          -5.593         -11.055            2.951
    6 (vir)    56           9.797          -4.767          -5.551         -12.485           11.963
    7 (vir)    56          11.192          -3.370          -3.614          -9.067           13.275
    8 (vir)    56          12.563          -3.765          -3.991         -10.009           14.816
    9 (vir)    56          13.486          -4.089          -3.700         -10.431           16.128
   10 (vir)    56          14.897          -5.470          -4.361         -11.742           16.808
   11 (vir)    56          15.253          -2.764          -1.072          -5.619           17.036
   12 (vir)    56          18.905          -4.879          -3.982         -11.128           21.171
   13 (vir)    56          23.770          -3.768          -3.582         -10.694           27.114
   14 (vir)    56          24.133          -6.957          -5.024         -15.256           27.407
   15 (vir)    56          28.895          -3.850          -4.122         -14.487           35.410
   16 (vir)    56          34.893          -2.670          -1.994          -9.529           39.758
   17 (vir)    56          42.183          -0.732          -2.926         -12.517           51.043
   18 (vir)    56          43.911          -0.297          -3.131         -12.916           53.399
   19 (vir)    56          44.818          -2.290          -4.682         -16.027           53.872
   20 (vir)    56          48.068          -2.758          -3.423         -13.773           55.661
   21 (vir)    56          53.601          -7.332          -4.130         -15.396           57.535
   22 (vir)    56          57.570          -0.099          -2.300         -12.032           67.203
   23 (vir)    56          64.910          -1.093          -3.130         -15.842           76.529
   24 (vir)    56          82.376          -2.551          -3.182         -16.450           93.094
   25 (vir)    56         122.192          -1.996          -1.681         -13.340          131.855
   26 (vir)    56         238.747          -0.822          -1.646         -18.081          254.360
 
 
  kpoint:      57             coordinate:     0.2857    0.3571    0.0000
 
    n           k   ϵ_nk^DFT (eV)     Σ^c_nk (eV)     Σ^x_nk (eV)    v_nk^xc (eV)   ϵ_nk^G0W0 (eV)
 
    1 (occ)    57         -17.797           8.060         -27.272         -17.694          -19.315
    2 (occ)    57         -11.814           4.781         -22.134         -15.679          -13.487
    3 (occ)    57         -10.717           4.599         -22.469         -16.066          -12.521
    4 (occ)    57          -3.742           2.323         -20.036         -16.698           -4.757
    5 (vir)    57           1.056          -3.554          -5.614         -11.075            2.962
    6 (vir)    57           9.758          -4.765          -5.569         -12.500           11.924
    7 (vir)    57          11.144          -3.399          -3.643          -9.112           13.214
    8 (vir)    57          12.544          -3.741          -3.876          -9.850           14.778
    9 (vir)    57          13.451          -4.089          -3.701         -10.419           16.080
   10 (vir)    57          14.959          -5.460          -4.320         -11.667           16.846
   11 (vir)    57          15.233          -2.799          -1.199          -5.806           17.041
   12 (vir)    57          18.973          -5.060          -3.990         -11.191           21.115
   13 (vir)    57          23.802          -3.980          -3.676         -10.982           27.128
   14 (vir)    57          24.160          -6.725          -4.913         -14.933           27.455
   15 (vir)    57          28.865          -3.869          -4.108         -14.445           35.333
   16 (vir)    57          34.891          -2.729          -1.985          -9.528           39.705
   17 (vir)    57          41.992          -0.780          -2.887         -12.439           50.764
   18 (vir)    57          44.026          -0.282          -3.162         -12.957           53.538
   19 (vir)    57          44.667           0.390          -4.657         -15.969           56.369
   20 (vir)    57          48.141          -1.332          -3.462         -13.813           57.160
   21 (vir)    57          53.712          -4.954          -4.125         -15.418           60.051
   22 (vir)    57          57.758          -0.091          -2.334         -12.141           67.474
   23 (vir)    57          64.967          -1.336          -3.122         -15.838           76.347
   24 (vir)    57          82.384          -1.414          -3.181         -16.452           94.241
   25 (vir)    57         122.087          -1.880          -1.677         -13.338          131.868
   26 (vir)    57         238.784          -1.206          -1.693         -18.080          253.964
 
 
  kpoint:      58             coordinate:     0.2789    0.3605    0.0000
 
    n           k   ϵ_nk^DFT (eV)     Σ^c_nk (eV)     Σ^x_nk (eV)    v_nk^xc (eV)   ϵ_nk^G0W0 (eV)
 
    1 (occ)    58         -17.809           8.061         -27.267         -17.686          -19.329
    2 (occ)    58         -11.843           4.801         -22.158         -15.673          -13.528
    3 (occ)    58         -10.656           4.572         -22.449         -16.088          -12.446
    4 (occ)    58          -3.762           2.326         -20.010         -16.666           -4.780
    5 (vir)    58           1.068          -3.552          -5.637         -11.095            2.975
    6 (vir)    58           9.712          -4.767          -5.593         -12.521           11.873
    7 (vir)    58          11.092          -3.422          -3.668          -9.152           13.154
    8 (vir)    58          12.527          -3.717          -3.752          -9.681           14.738
    9 (vir)    58          13.414          -4.078          -3.693         -10.386           16.028
   10 (vir)    58          15.029          -5.443          -4.289         -11.613           16.910
   11 (vir)    58          15.215          -2.837          -1.334          -6.005           17.049
   12 (vir)    58          19.050          -5.204          -3.999         -11.261           21.108
   13 (vir)    58          23.837          -4.226          -3.791         -11.327           27.147
   14 (vir)    58          24.194          -6.539          -4.778         -14.546           27.423
   15 (vir)    58          28.825          -3.902          -4.094         -14.400           35.229
   16 (vir)    58          34.889          -2.829          -1.977          -9.527           39.610
   17 (vir)    58          41.790          -0.823          -2.846         -12.354           50.476
   18 (vir)    58          44.133          -0.261          -3.195         -12.999           53.675
   19 (vir)    58          44.498          -0.779          -4.634         -15.913           54.997
   20 (vir)    58          48.220           1.203          -3.501         -13.849           59.772
   21 (vir)    58          53.837          -4.470          -4.118         -15.442           60.691
   22 (vir)    58          57.951          -0.083          -2.370         -12.258           67.756
   23 (vir)    58          65.033          -1.392          -3.114         -15.833           76.359
   24 (vir)    58          82.394          -1.153          -3.181         -16.453           94.513
   25 (vir)    58         121.968          -1.773          -1.673         -13.336          131.858
   26 (vir)    58         238.825          -1.393          -1.734         -18.079          253.777
 
 
  kpoint:      59             coordinate:     0.2721    0.3639    0.0000
 
    n           k   ϵ_nk^DFT (eV)     Σ^c_nk (eV)     Σ^x_nk (eV)    v_nk^xc (eV)   ϵ_nk^G0W0 (eV)
 
    1 (occ)    59         -17.822           8.064         -27.261         -17.677          -19.342
    2 (occ)    59         -11.874           4.820         -22.181         -15.666          -13.569
    3 (occ)    59         -10.591           4.543         -22.432         -16.113          -12.367
    4 (occ)    59          -3.785           2.330         -19.983         -16.633           -4.805
    5 (vir)    59           1.081          -3.549          -5.660         -11.115            2.987
    6 (vir)    59           9.659          -5.137          -5.624         -12.550           11.448
    7 (vir)    59          11.038          -3.439          -3.688          -9.184           13.095
    8 (vir)    59          12.512          -3.695          -3.622          -9.504           14.698
    9 (vir)    59          13.373          -4.054          -3.676         -10.334           15.977
   10 (vir)    59          15.107          -5.378          -4.269         -11.582           17.041
   11 (vir)    59          15.199          -2.879          -1.476          -6.215           17.059
   12 (vir)    59          19.133          -5.279          -4.008         -11.335           21.182
   13 (vir)    59          23.875          -4.508          -3.922         -11.716           27.161
   14 (vir)    59          24.236          -6.446          -4.624         -14.108           27.274
   15 (vir)    59          28.775          -3.951          -4.080         -14.351           35.096
   16 (vir)    59          34.887          -2.997          -1.968          -9.526           39.447
   17 (vir)    59          41.578          -0.861          -2.802         -12.264           50.179
   18 (vir)    59          44.232          -0.234          -3.228         -13.041           53.811
   19 (vir)    59          44.315          -5.863          -4.614         -15.858           49.695
   20 (vir)    59          48.303          -1.287          -3.538         -13.883           57.361
   21 (vir)    59          53.976          -4.449          -4.107         -15.467           60.887
   22 (vir)    59          58.144          -0.074          -2.409         -12.380           68.041
   23 (vir)    59          65.107          -1.178          -3.106         -15.827           76.651
   24 (vir)    59          82.405          -2.078          -3.183         -16.455           93.599
   25 (vir)    59         121.834          -1.916          -1.668         -13.333          131.583
   26 (vir)    59         238.871          -1.548          -1.764         -18.077          253.636
 
 
  kpoint:      60             coordinate:     0.2653    0.3673    0.0000
 
    n           k   ϵ_nk^DFT (eV)     Σ^c_nk (eV)     Σ^x_nk (eV)    v_nk^xc (eV)   ϵ_nk^G0W0 (eV)
 
    1 (occ)    60         -17.836           8.067         -27.255         -17.667          -19.357
    2 (occ)    60         -11.906           4.839         -22.202         -15.658          -13.611
    3 (occ)    60         -10.521           4.514         -22.416         -16.139          -12.284
    4 (occ)    60          -3.808           2.334         -19.955         -16.598           -4.831
    5 (vir)    60           1.093          -3.546          -5.683         -11.135            3.000
    6 (vir)    60           9.598          -4.780          -5.661         -12.585           11.742
    7 (vir)    60          10.982          -3.450          -3.702          -9.208           13.038
    8 (vir)    60          12.500          -3.673          -3.487          -9.320           14.659
    9 (vir)    60          13.331          -3.998          -3.651         -10.266           15.948
   10 (vir)    60          15.185          -2.924          -1.623          -6.434           17.073
   11 (vir)    60          15.190          -5.249          -4.260         -11.575           17.256
   12 (vir)    60          19.223          -5.236          -4.018         -11.414           21.383
   13 (vir)    60          23.916          -4.841          -4.062         -12.126           27.138
   14 (vir)    60          24.288          -6.032          -4.458         -13.640           27.437
   15 (vir)    60          28.715          -4.018          -4.067         -14.301           34.930
   16 (vir)    60          34.886          -3.890          -1.960          -9.523           38.560
   17 (vir)    60          41.356          -0.893          -2.758         -12.171           49.876
   18 (vir)    60          44.117          -4.809          -4.597         -15.805           50.516
   19 (vir)    60          44.325          -0.203          -3.260         -13.082           53.945
   20 (vir)    60          48.388          -1.564          -3.575         -13.914           57.163
   21 (vir)    60          54.128          -3.649          -4.092         -15.493           61.879
   22 (vir)    60          58.330          -0.064          -2.448         -12.503           68.322
   23 (vir)    60          65.190          -0.363          -3.097         -15.821           77.552
   24 (vir)    60          82.418          -2.747          -3.187         -16.457           92.940
   25 (vir)    60         121.686          -2.249          -1.663         -13.330          131.104
   26 (vir)    60         238.921          -1.706          -1.781         -18.076          253.509
 
 
  kpoint:      61             coordinate:     0.2585    0.3707    0.0000
 
    n           k   ϵ_nk^DFT (eV)     Σ^c_nk (eV)     Σ^x_nk (eV)    v_nk^xc (eV)   ϵ_nk^G0W0 (eV)
 
    1 (occ)    61         -17.851           8.071         -27.249         -17.657          -19.371
    2 (occ)    61         -11.938           4.857         -22.222         -15.650          -13.653
    3 (occ)    61         -10.448           4.484         -22.403         -16.168          -12.198
    4 (occ)    61          -3.834           2.339         -19.926         -16.562           -4.860
    5 (vir)    61           1.106          -3.543          -5.705         -11.155            3.013
    6 (vir)    61           9.529          -4.791          -5.704         -12.625           11.659
    7 (vir)    61          10.926          -3.459          -3.710          -9.223           12.980
    8 (vir)    61          12.491          -3.653          -3.349          -9.131           14.621
    9 (vir)    61          13.288          -3.876          -3.619         -10.185           15.977
   10 (vir)    61          15.176          -2.973          -1.773          -6.660           17.091
   11 (vir)    61          15.279          -5.220          -4.261         -11.590           17.388
   12 (vir)    61          19.318          -5.140          -4.028         -11.496           21.645
   13 (vir)    61          23.959          -5.305          -4.202         -12.529           26.982
   14 (vir)    61          24.348          -6.894          -4.289         -13.170           26.335
   15 (vir)    61          28.644          -4.108          -4.055         -14.248           34.729
   16 (vir)    61          34.885          -2.990          -1.950          -9.521           39.467
   17 (vir)    61          41.126          -0.921          -2.714         -12.077           49.568
   18 (vir)    61          43.908          -3.710          -4.582         -15.754           51.370
   19 (vir)    61          44.411          -0.170          -3.290         -13.123           54.074
   20 (vir)    61          48.473          -1.749          -3.610         -13.943           57.056
   21 (vir)    61          54.291          -1.416          -4.074         -15.520           64.322
   22 (vir)    61          58.506          -0.053          -2.488         -12.626           68.591
   23 (vir)    61          65.282           2.337          -3.087         -15.814           80.347
   24 (vir)    61          82.432          -3.187          -3.193         -16.459           92.510
   25 (vir)    61         121.524          -2.365          -1.658         -13.328          130.830
   26 (vir)    61         238.975          -1.856          -1.784         -18.074          253.409
 
 
  kpoint:      62             coordinate:     0.2517    0.3741    0.0000
 
    n           k   ϵ_nk^DFT (eV)     Σ^c_nk (eV)     Σ^x_nk (eV)    v_nk^xc (eV)   ϵ_nk^G0W0 (eV)
 
    1 (occ)    62         -17.866           8.075         -27.242         -17.647          -19.387
    2 (occ)    62         -11.970           4.874         -22.240         -15.642          -13.695
    3 (occ)    62         -10.371           4.454         -22.391         -16.198          -12.110
    4 (occ)    62          -3.860           2.344         -19.898         -16.525           -4.889
    5 (vir)    62           1.119          -3.539          -5.728         -11.173            3.025
    6 (vir)    62           9.452          -4.801          -5.753         -12.670           11.568
    7 (vir)    62          10.871          -3.469          -3.711          -9.229           12.920
    8 (vir)    62          12.486          -3.631          -3.207          -8.938           14.587
    9 (vir)    62          13.244          -3.753          -3.583         -10.096           16.004
   10 (vir)    62          15.171          -3.026          -1.926          -6.892           17.112
   11 (vir)    62          15.373          -5.083          -4.271         -11.626           17.645
   12 (vir)    62          19.417          -5.108          -4.038         -11.580           21.851
   13 (vir)    62          24.006          -5.814          -4.332         -12.902           26.763
   14 (vir)    62          24.419          -4.436          -4.125         -12.722           28.578
   15 (vir)    62          28.562          -4.222          -4.043         -14.194           34.490
   16 (vir)    62          34.885          -3.340          -1.939          -9.518           39.124
   17 (vir)    62          40.889          -0.942          -2.671         -11.983           49.258
   18 (vir)    62          43.688          -3.290          -4.570         -15.705           51.533
   19 (vir)    62          44.492          -0.142          -3.319         -13.163           54.194
   20 (vir)    62          48.559          -1.935          -3.644         -13.968           56.949
   21 (vir)    62          54.465          -2.282          -4.051         -15.548           63.680
   22 (vir)    62          58.667          -0.042          -2.527         -12.747           68.845
   23 (vir)    62          65.382           1.417          -3.076         -15.807           79.530
   24 (vir)    62          82.446          -3.567          -3.201         -16.461           92.139
   25 (vir)    62         121.350          -2.090          -1.653         -13.325          130.932
   26 (vir)    62         239.032          -1.986          -1.774         -18.072          253.345
 
 
  kpoint:      63             coordinate:     0.2449    0.3776    0.0000
 
    n           k   ϵ_nk^DFT (eV)     Σ^c_nk (eV)     Σ^x_nk (eV)    v_nk^xc (eV)   ϵ_nk^G0W0 (eV)
 
    1 (occ)    63         -17.882           8.080         -27.236         -17.636          -19.402
    2 (occ)    63         -12.003           4.891         -22.257         -15.633          -13.736
    3 (occ)    63         -10.292           4.424         -22.381         -16.230          -12.019
    4 (occ)    63          -3.887           2.349         -19.870         -16.489           -4.919
    5 (vir)    63           1.131          -3.535          -5.749         -11.190            3.037
    6 (vir)    63           9.367          -4.810          -5.805         -12.716           11.468
    7 (vir)    63          10.818          -3.483          -3.706          -9.227           12.855
    8 (vir)    63          12.484          -3.606          -3.063          -8.742           14.558
    9 (vir)    63          13.199          -3.668          -3.543         -10.001           15.989
   10 (vir)    63          15.172          -3.086          -2.080          -7.129           17.135
   11 (vir)    63          15.470          -5.048          -4.289         -11.683           17.816
   12 (vir)    63          19.519          -5.037          -4.048         -11.667           22.100
   13 (vir)    63          24.058          -6.778          -4.447         -13.227           26.060
   14 (vir)    63          24.499          -4.699          -3.973         -12.312           28.139
   15 (vir)    63          28.470          -4.364          -4.033         -14.138           34.210
   16 (vir)    63          34.886          -4.262          -1.927          -9.513           38.211
   17 (vir)    63          40.646          -0.959          -2.630         -11.890           48.947
   18 (vir)    63          43.459          -3.476          -4.560         -15.658           51.082
   19 (vir)    63          44.569          -0.123          -3.345         -13.201           54.302
   20 (vir)    63          48.644          -2.120          -3.677         -13.992           56.839
   21 (vir)    63          54.650          -3.001          -4.026         -15.576           63.199
   22 (vir)    63          58.812          -0.031          -2.566         -12.864           69.078
   23 (vir)    63          65.490           0.417          -3.064         -15.799           78.642
   24 (vir)    63          82.462          -3.598          -3.210         -16.462           92.116
   25 (vir)    63         121.164           0.713          -1.648         -13.321          133.550
   26 (vir)    63         239.093          -2.097          -1.752         -18.070          253.314
 
 
  kpoint:      64             coordinate:     0.2381    0.3810    0.0000
 
    n           k   ϵ_nk^DFT (eV)     Σ^c_nk (eV)     Σ^x_nk (eV)    v_nk^xc (eV)   ϵ_nk^G0W0 (eV)
 
    1 (occ)    64         -17.899           8.085         -27.229         -17.626          -19.417
    2 (occ)    64         -12.035           4.907         -22.273         -15.625          -13.776
    3 (occ)    64         -10.210           4.394         -22.372         -16.262          -11.926
    4 (occ)    64          -3.915           2.355         -19.843         -16.452           -4.951
    5 (vir)    64           1.142          -3.530          -5.770         -11.206            3.048
    6 (vir)    64           9.275          -4.811          -5.860         -12.762           11.366
    7 (vir)    64          10.767          -3.503          -3.696          -9.217           12.785
    8 (vir)    64          12.485          -3.577          -2.917          -8.544           14.535
    9 (vir)    64          13.155          -3.486          -3.502          -9.903           16.070
   10 (vir)    64          15.178          -3.154          -2.236          -7.370           17.159
   11 (vir)    64          15.570          -5.067          -4.314         -11.758           17.947
   12 (vir)    64          19.623          -5.059          -4.058         -11.756           22.261
   13 (vir)    64          24.114          -4.818          -4.543         -13.495           28.248
   14 (vir)    64          24.590          -4.909          -3.835         -11.949           27.795
   15 (vir)    64          28.367          -4.536          -4.024         -14.080           33.887
   16 (vir)    64          34.888          -6.618          -1.914          -9.508           35.865
   17 (vir)    64          40.399          -0.971          -2.590         -11.798           48.636
   18 (vir)    64          43.221          -3.875          -4.551         -15.613           50.408
   19 (vir)    64          44.642          -0.119          -3.369         -13.239           54.392
   20 (vir)    64          48.727          -2.279          -3.709         -14.014           56.753
   21 (vir)    64          54.843          -2.908          -3.997         -15.603           63.541
   22 (vir)    64          58.938          -0.021          -2.604         -12.975           69.289
   23 (vir)    64          65.607          -0.112          -3.050         -15.790           78.235
   24 (vir)    64          82.479          -3.615          -3.221         -16.465           92.108
   25 (vir)    64         120.966           0.102          -1.644         -13.318          132.743
   26 (vir)    64         239.156          -2.193          -1.722         -18.068          253.309
 
 
  kpoint:      65             coordinate:     0.2313    0.3844    0.0000
 
    n           k   ϵ_nk^DFT (eV)     Σ^c_nk (eV)     Σ^x_nk (eV)    v_nk^xc (eV)   ϵ_nk^G0W0 (eV)
 
    1 (occ)    65         -17.916           8.092         -27.223         -17.615          -19.433
    2 (occ)    65         -12.067           4.923         -22.288         -15.616          -13.815
    3 (occ)    65         -10.126           4.363         -22.365         -16.296          -11.832
    4 (occ)    65          -3.943           2.361         -19.816         -16.415           -4.983
    5 (vir)    65           1.153          -3.525          -5.790         -11.220            3.058
    6 (vir)    65           9.176          -4.802          -5.917         -12.807           11.264
    7 (vir)    65          10.718          -3.529          -3.682          -9.202           12.710
    8 (vir)    65          12.489          -3.546          -2.771          -8.344           14.517
    9 (vir)    65          13.111          -3.565          -3.461          -9.805           15.890
   10 (vir)    65          15.190          -3.220          -2.391          -7.615           17.194
   11 (vir)    65          15.673          -5.140          -4.347         -11.850           18.036
   12 (vir)    65          19.728          -5.157          -4.068         -11.846           22.349
   13 (vir)    65          24.176          -4.637          -4.622         -13.708           28.625
   14 (vir)    65          24.691          -5.106          -3.711         -11.633           27.507
   15 (vir)    65          28.253          -4.738          -4.016         -14.022           33.522
   16 (vir)    65          34.890          -6.795          -1.900          -9.502           35.698
   17 (vir)    65          40.150          -0.979          -2.552         -11.709           48.327
   18 (vir)    65          42.975          -4.237          -4.544         -15.570           49.764
   19 (vir)    65          44.711          -0.136          -3.391         -13.275           54.459
   20 (vir)    65          48.808          -2.386          -3.740         -14.034           56.716
   21 (vir)    65          55.045          -2.437          -3.968         -15.631           64.271
   22 (vir)    65          59.047          -0.012          -2.642         -13.081           69.474
   23 (vir)    65          65.731           0.655          -3.035         -15.780           79.132
   24 (vir)    65          82.497          -3.795          -3.231         -16.467           91.937
   25 (vir)    65         120.758          -0.383          -1.641         -13.314          132.048
   26 (vir)    65         239.222          -2.276          -1.687         -18.066          253.325
 
 
  kpoint:      66             coordinate:     0.2245    0.3878    0.0000
 
    n           k   ϵ_nk^DFT (eV)     Σ^c_nk (eV)     Σ^x_nk (eV)    v_nk^xc (eV)   ϵ_nk^G0W0 (eV)
 
    1 (occ)    66         -17.934           8.098         -27.216         -17.604          -19.448
    2 (occ)    66         -12.099           4.938         -22.301         -15.608          -13.854
    3 (occ)    66         -10.041           4.333         -22.359         -16.331          -11.736
    4 (occ)    66          -3.972           2.368         -19.790         -16.379           -5.015
    5 (vir)    66           1.163          -3.520          -5.809         -11.233            3.067
    6 (vir)    66           9.070          -4.783          -5.973         -12.850           11.163
    7 (vir)    66          10.673          -3.565          -3.664          -9.182           12.626
    8 (vir)    66          12.496          -3.513          -2.625          -8.144           14.502
    9 (vir)    66          13.068          -3.623          -3.420          -9.709           15.734
   10 (vir)    66          15.210          -3.287          -2.546          -7.862           17.238
   11 (vir)    66          15.777          -5.309          -4.386         -11.959           18.040
   12 (vir)    66          19.834          -5.286          -4.078         -11.938           22.407
   13 (vir)    66          24.244          -4.722          -4.684         -13.870           28.708
   14 (vir)    66          24.804          -5.346          -3.601         -11.359           27.215
   15 (vir)    66          28.130          -4.965          -4.008         -13.962           33.119
   16 (vir)    66          34.894           3.101          -1.886          -9.495           45.604
   17 (vir)    66          39.899          -0.985          -2.516         -11.622           48.020
   18 (vir)    66          42.722          -4.499          -4.539         -15.527           49.211
   19 (vir)    66          44.779          -0.179          -3.410         -13.311           54.500
   20 (vir)    66          48.886          -2.438          -3.769         -14.053           56.732
   21 (vir)    66          55.254          -1.906          -3.937         -15.658           65.069
   22 (vir)    66          59.137          -0.007          -2.678         -13.181           69.633
   23 (vir)    66          65.863           0.771          -3.019         -15.770           79.385
   24 (vir)    66          82.515          -1.873          -3.240         -16.469           93.871
   25 (vir)    66         120.539          -0.617          -1.640         -13.311          131.593
   26 (vir)    66         239.291          -2.344          -1.652         -18.063          253.359
 
 
  kpoint:      67             coordinate:     0.2177    0.3912    0.0000
 
    n           k   ϵ_nk^DFT (eV)     Σ^c_nk (eV)     Σ^x_nk (eV)    v_nk^xc (eV)   ϵ_nk^G0W0 (eV)
 
    1 (occ)    67         -17.952           8.106         -27.210         -17.593          -19.463
    2 (occ)    67         -12.130           4.954         -22.314         -15.600          -13.891
    3 (occ)    67          -9.954           4.303         -22.354         -16.367          -11.638
    4 (occ)    67          -4.001           2.375         -19.765         -16.344           -5.047
    5 (vir)    67           1.172          -3.515          -5.826         -11.244            3.076
    6 (vir)    67           8.958          -4.756          -6.029         -12.890           11.063
    7 (vir)    67          10.630          -3.606          -3.645          -9.159           12.539
    8 (vir)    67          12.505          -3.479          -2.480          -7.943           14.489
    9 (vir)    67          13.025          -3.613          -3.380          -9.614           15.647
   10 (vir)    67          15.236          -3.360          -2.698          -8.110           17.288
   11 (vir)    67          15.883          -5.438          -4.432         -12.082           18.094
   12 (vir)    67          19.939          -5.738          -4.089         -12.030           22.144
   13 (vir)    67          24.321          -4.744          -4.732         -13.986           28.831
   14 (vir)    67          24.927          -5.631          -3.504         -11.121           26.913
   15 (vir)    67          27.996          -5.207          -4.003         -13.902           32.688
   16 (vir)    67          34.899           2.456          -1.872          -9.487           44.970
   17 (vir)    67          39.648          -0.990          -2.482         -11.539           47.715
   18 (vir)    67          42.463          -4.670          -4.534         -15.485           48.744
   19 (vir)    67          44.844          -0.246          -3.427         -13.345           54.516
   20 (vir)    67          48.962          -2.444          -3.798         -14.071           56.791
   21 (vir)    67          55.469          -1.656          -3.907         -15.685           65.590
   22 (vir)    67          59.209          -0.006          -2.712         -13.275           69.766
   23 (vir)    67          66.003          -1.975          -3.002         -15.759           76.785
   24 (vir)    67          82.533          -1.367          -3.247         -16.470           94.389
   25 (vir)    67         120.312          -0.735          -1.640         -13.307          131.244
   26 (vir)    67         239.362          -2.397          -1.618         -18.061          253.407
 
 
  kpoint:      68             coordinate:     0.2109    0.3946    0.0000
 
    n           k   ϵ_nk^DFT (eV)     Σ^c_nk (eV)     Σ^x_nk (eV)    v_nk^xc (eV)   ϵ_nk^G0W0 (eV)
 
    1 (occ)    68         -17.970           8.114         -27.203         -17.582          -19.478
    2 (occ)    68         -12.160           4.969         -22.326         -15.591          -13.926
    3 (occ)    68          -9.867           4.273         -22.350         -16.404          -11.540
    4 (occ)    68          -4.031           2.382         -19.741         -16.309           -5.080
    5 (vir)    68           1.181          -3.509          -5.842         -11.254            3.083
    6 (vir)    68           8.841          -4.723          -6.083         -12.925           10.960
    7 (vir)    68          10.591          -3.647          -3.623          -9.132           12.452
    8 (vir)    68          12.515          -3.443          -2.338          -7.744           14.478
    9 (vir)    68          12.984          -3.580          -3.342          -9.524           15.586
   10 (vir)    68          15.271          -3.440          -2.848          -8.357           17.341
   11 (vir)    68          15.989          -5.752          -4.485         -12.218           17.970
   12 (vir)    68          20.044          -6.175          -4.099         -12.123           21.893
   13 (vir)    68          24.405          -4.687          -4.767         -14.065           29.016
   14 (vir)    68          25.062          -5.920          -3.417         -10.914           26.638
   15 (vir)    68          27.854          -5.453          -3.998         -13.841           32.243
   16 (vir)    68          34.906           2.057          -1.861          -9.477           44.579
   17 (vir)    68          39.399          -0.995          -2.450         -11.459           47.413
   18 (vir)    68          42.199          -4.765          -4.531         -15.444           48.347
   19 (vir)    68          44.907          -0.330          -3.442         -13.378           54.513
   20 (vir)    68          49.034          -2.414          -3.825         -14.088           56.883
   21 (vir)    68          55.689          -1.845          -3.878         -15.711           65.678
   22 (vir)    68          59.266          -0.009          -2.746         -13.362           69.873
   23 (vir)    68          66.150          -1.865          -2.986         -15.748           77.046
   24 (vir)    68          82.550           1.363          -3.253         -16.472           97.133
   25 (vir)    68         120.076          -0.788          -1.643         -13.303          130.948
   26 (vir)    68         239.434          -2.432          -1.589         -18.058          253.470
 
 
  kpoint:      69             coordinate:     0.2041    0.3980    0.0000
 
    n           k   ϵ_nk^DFT (eV)     Σ^c_nk (eV)     Σ^x_nk (eV)    v_nk^xc (eV)   ϵ_nk^G0W0 (eV)
 
    1 (occ)    69         -17.988           8.122         -27.197         -17.571          -19.492
    2 (occ)    69         -12.190           4.983         -22.337         -15.583          -13.961
    3 (occ)    69          -9.778           4.243         -22.348         -16.441          -11.441
    4 (occ)    69          -4.060           2.389         -19.718         -16.276           -5.113
    5 (vir)    69           1.188          -3.503          -5.857         -11.262            3.090
    6 (vir)    69           8.720          -4.686          -6.135         -12.956           10.855
    7 (vir)    69          10.554          -3.681          -3.600          -9.104           12.376
    8 (vir)    69          12.526          -3.408          -2.199          -7.548           14.468
    9 (vir)    69          12.944          -3.542          -3.306          -9.437           15.533
   10 (vir)    69          15.314          -3.525          -2.993          -8.604           17.399
   11 (vir)    69          16.096          -6.112          -4.544         -12.367           17.807
   12 (vir)    69          20.146          -5.393          -4.111         -12.216           22.858
   13 (vir)    69          24.499          -4.551          -4.791         -14.113           29.270
   14 (vir)    69          25.209          -6.140          -3.341         -10.729           26.457
   15 (vir)    69          27.702          -5.690          -3.994         -13.778           31.796
   16 (vir)    69          34.914           1.907          -1.852          -9.465           44.435
   17 (vir)    69          39.151          -1.001          -2.420         -11.383           47.112
   18 (vir)    69          41.930          -4.793          -4.529         -15.403           48.011
   19 (vir)    69          44.968          -0.419          -3.455         -13.410           54.504
   20 (vir)    69          49.102          -2.347          -3.852         -14.105           57.009
   21 (vir)    69          55.914          -2.386          -3.849         -15.737           65.416
   22 (vir)    69          59.307          -0.015          -2.779         -13.443           69.957
   23 (vir)    69          66.305          -0.710          -2.971         -15.736           78.360
   24 (vir)    69          82.567           1.930          -3.256         -16.474           97.716
   25 (vir)    69         119.833          -0.797          -1.648         -13.298          130.687
   26 (vir)    69         239.508          -2.449          -1.566         -18.055          253.547
 
 
  kpoint:      70             coordinate:     0.1973    0.4014    0.0000
 
    n           k   ϵ_nk^DFT (eV)     Σ^c_nk (eV)     Σ^x_nk (eV)    v_nk^xc (eV)   ϵ_nk^G0W0 (eV)
 
    1 (occ)    70         -18.006           8.131         -27.191         -17.560          -19.506
    2 (occ)    70         -12.219           4.997         -22.348         -15.575          -13.995
    3 (occ)    70          -9.689           4.213         -22.346         -16.479          -11.342
    4 (occ)    70          -4.089           2.397         -19.696         -16.243           -5.146
    5 (vir)    70           1.195          -3.496          -5.871         -11.268            3.095
    6 (vir)    70           8.596          -4.649          -6.185         -12.983           10.745
    7 (vir)    70          10.519          -3.703          -3.576          -9.073           12.313
    8 (vir)    70          12.538          -3.371          -2.064          -7.357           14.459
    9 (vir)    70          12.904          -3.505          -3.272          -9.355           15.482
   10 (vir)    70          15.365          -3.617          -3.134          -8.847           17.462
   11 (vir)    70          16.203          -6.369          -4.610         -12.527           17.752
   12 (vir)    70          20.246          -4.972          -4.123         -12.308           23.459
   13 (vir)    70          24.602          -4.342          -4.808         -14.137           29.589
   14 (vir)    70          25.369          -6.213          -3.274         -10.564           26.446
   15 (vir)    70          27.541          -5.907          -3.991         -13.716           31.359
   16 (vir)    70          34.925           2.008          -1.845          -9.452           44.539
   17 (vir)    70          38.907          -1.010          -2.392         -11.310           46.815
   18 (vir)    70          41.656          -4.760          -4.528         -15.362           47.730
   19 (vir)    70          45.028          -0.503          -3.465         -13.442           54.501
   20 (vir)    70          49.167          -2.228          -3.877         -14.121           57.183
   21 (vir)    70          56.141          -3.021          -3.823         -15.763           65.061
   22 (vir)    70          59.336          -0.025          -2.810         -13.519           70.020
   23 (vir)    70          66.467           0.541          -2.957         -15.723           79.774
   24 (vir)    70          82.584           1.775          -3.257         -16.476           97.577
   25 (vir)    70         119.584          -0.771          -1.655         -13.294          130.452
   26 (vir)    70         239.582          -2.447          -1.549         -18.052          253.637
 
 
  kpoint:      71             coordinate:     0.1905    0.4048    0.0000
 
    n           k   ϵ_nk^DFT (eV)     Σ^c_nk (eV)     Σ^x_nk (eV)    v_nk^xc (eV)   ϵ_nk^G0W0 (eV)
 
    1 (occ)    71         -18.024           8.140         -27.185         -17.549          -19.520
    2 (occ)    71         -12.248           5.011         -22.358         -15.567          -14.027
    3 (occ)    71          -9.599           4.184         -22.345         -16.517          -11.243
    4 (occ)    71          -4.118           2.405         -19.676         -16.211           -5.178
    5 (vir)    71           1.201          -3.490          -5.884         -11.273            3.100
    6 (vir)    71           8.470          -4.612          -6.232         -13.006           10.631
    7 (vir)    71          10.487          -3.711          -3.552          -9.042           12.266
    8 (vir)    71          12.550          -3.335          -1.935          -7.171           14.451
    9 (vir)    71          12.867          -3.471          -3.241          -9.278           15.432
   10 (vir)    71          15.425          -3.713          -3.268          -9.086           17.530
   11 (vir)    71          16.309          -6.631          -4.681         -12.698           17.695
   12 (vir)    71          20.344          -4.896          -4.137         -12.398           23.708
   13 (vir)    71          24.715          -4.200          -4.817         -14.143           29.841
   14 (vir)    71          25.544          -6.063          -3.216         -10.412           26.677
   15 (vir)    71          27.373          -6.100          -3.990         -13.652           30.935
   16 (vir)    71          34.938           2.415          -1.843          -9.436           44.946
   17 (vir)    71          38.667          -1.023          -2.365         -11.240           46.519
   18 (vir)    71          41.378          -4.668          -4.527         -15.321           47.505
   19 (vir)    71          45.086          -0.576          -3.474         -13.472           54.508
   20 (vir)    71          49.229          -2.032          -3.900         -14.136           57.432
   21 (vir)    71          56.371          -3.510          -3.797         -15.788           64.852
   22 (vir)    71          59.353          -0.036          -2.840         -13.588           70.065
   23 (vir)    71          66.637           1.264          -2.946         -15.710           80.665
   24 (vir)    71          82.598           1.679          -3.256         -16.477           97.498
   25 (vir)    71         119.330          -0.709          -1.664         -13.289          130.246
   26 (vir)    71         239.658          -2.426          -1.539         -18.048          253.741
 
 
  kpoint:      72             coordinate:     0.1837    0.4082    0.0000
 
    n           k   ϵ_nk^DFT (eV)     Σ^c_nk (eV)     Σ^x_nk (eV)    v_nk^xc (eV)   ϵ_nk^G0W0 (eV)
 
    1 (occ)    72         -18.042           8.149         -27.180         -17.539          -19.535
    2 (occ)    72         -12.275           5.023         -22.367         -15.560          -14.059
    3 (occ)    72          -9.510           4.154         -22.345         -16.556          -11.144
    4 (occ)    72          -4.147           2.413         -19.656         -16.180           -5.210
    5 (vir)    72           1.206          -3.483          -5.896         -11.277            3.104
    6 (vir)    72           8.341          -4.577          -6.277         -13.024           10.512
    7 (vir)    72          10.457          -3.708          -3.528          -9.010           12.231
    8 (vir)    72          12.562          -3.299          -1.813          -6.993           14.442
    9 (vir)    72          12.830          -3.441          -3.212          -9.205           15.382
   10 (vir)    72          15.494          -3.813          -3.394          -9.318           17.605
   11 (vir)    72          16.415          -6.674          -4.757         -12.879           17.862
   12 (vir)    72          20.438          -4.755          -4.152         -12.485           24.017
   13 (vir)    72          24.838          -5.744          -4.821         -14.136           28.408
   14 (vir)    72          25.733          -5.614          -3.166         -10.272           27.226
   15 (vir)    72          27.196          -6.266          -3.989         -13.588           30.529
   16 (vir)    72          34.953           3.207          -1.844          -9.418           45.733
   17 (vir)    72          38.432          -1.039          -2.340         -11.175           46.228
   18 (vir)    72          41.097          -4.512          -4.527         -15.280           47.338
   19 (vir)    72          45.143          -0.635          -3.482         -13.502           54.528
   20 (vir)    72          49.286          -1.735          -3.923         -14.150           57.779
   21 (vir)    72          56.603          -3.782          -3.773         -15.812           64.860
   22 (vir)    72          59.360          -0.049          -2.869         -13.652           70.095
   23 (vir)    72          66.813           1.432          -2.936         -15.697           81.006
   24 (vir)    72          82.611           1.670          -3.254         -16.478           97.504
   25 (vir)    72         119.072          -0.608          -1.674         -13.284          130.074
   26 (vir)    72         239.734          -2.386          -1.534         -18.045          253.859
 
 
  kpoint:      73             coordinate:     0.1769    0.4116    0.0000
 
    n           k   ϵ_nk^DFT (eV)     Σ^c_nk (eV)     Σ^x_nk (eV)    v_nk^xc (eV)   ϵ_nk^G0W0 (eV)
 
    1 (occ)    73         -18.060           8.157         -27.174         -17.529          -19.549
    2 (occ)    73         -12.302           5.035         -22.376         -15.552          -14.090
    3 (occ)    73          -9.420           4.126         -22.345         -16.595          -11.045
    4 (occ)    73          -4.175           2.421         -19.638         -16.150           -5.242
    5 (vir)    73           1.210          -3.476          -5.906         -11.280            3.107
    6 (vir)    73           8.212          -4.542          -6.318         -13.038           10.390
    7 (vir)    73          10.429          -3.691          -3.504          -8.978           12.212
    8 (vir)    73          12.572          -3.263          -1.698          -6.823           14.434
    9 (vir)    73          12.795          -3.412          -3.186          -9.137           15.335
   10 (vir)    73          15.573          -3.917          -3.513          -9.542           17.686
   11 (vir)    73          16.519          -7.138          -4.838         -13.068           17.611
   12 (vir)    73          20.530          -3.774          -4.168         -12.569           25.157
   13 (vir)    73          24.971          -7.420          -4.822         -14.120           26.849
   14 (vir)    73          25.940          -4.875          -3.123         -10.140           28.082
   15 (vir)    73          27.012          -6.406          -3.990         -13.523           30.139
   16 (vir)    73          34.971          -8.549          -1.848          -9.396           33.971
   17 (vir)    73          38.203          -1.059          -2.317         -11.112           45.940
   18 (vir)    73          40.813          -4.289          -4.528         -15.239           47.235
   19 (vir)    73          45.198          -0.681          -3.487         -13.530           54.560
   20 (vir)    73          49.340          -1.397          -3.943         -14.164           58.164
   21 (vir)    73          56.834          -3.863          -3.750         -15.836           65.057
   22 (vir)    73          59.360          -0.062          -2.897         -13.712           70.113
   23 (vir)    73          66.998           1.562          -2.927         -15.683           81.316
   24 (vir)    73          82.621           1.372          -3.252         -16.479           97.221
   25 (vir)    73         118.811          -0.458          -1.685         -13.279          129.947
   26 (vir)    73         239.811          -2.326          -1.534         -18.041          253.991
 
 
  kpoint:      74             coordinate:     0.1701    0.4150    0.0000
 
    n           k   ϵ_nk^DFT (eV)     Σ^c_nk (eV)     Σ^x_nk (eV)    v_nk^xc (eV)   ϵ_nk^G0W0 (eV)
 
    1 (occ)    74         -18.078           8.164         -27.169         -17.519          -19.564
    2 (occ)    74         -12.328           5.046         -22.384         -15.545          -14.121
    3 (occ)    74          -9.332           4.097         -22.347         -16.634          -10.947
    4 (occ)    74          -4.203           2.429         -19.620         -16.122           -5.273
    5 (vir)    74           1.213          -3.470          -5.916         -11.281            3.109
    6 (vir)    74           8.082          -4.509          -6.356         -13.049           10.266
    7 (vir)    74          10.403          -3.661          -3.480          -8.946           12.208
    8 (vir)    74          12.582          -3.228          -1.592          -6.664           14.426
    9 (vir)    74          12.762          -3.382          -3.162          -9.074           15.292
   10 (vir)    74          15.660          -4.022          -3.622          -9.758           17.774
   11 (vir)    74          16.622          -6.668          -4.922         -13.265           18.297
   12 (vir)    74          20.619          -5.385          -4.184         -12.650           23.699
   13 (vir)    74          25.114          -7.511          -4.819         -14.100           26.884
   14 (vir)    74          26.164          -3.202          -3.086         -10.016           29.891
   15 (vir)    74          26.821          -6.522          -3.991         -13.458           29.765
   16 (vir)    74          34.994          -3.873          -1.854          -9.370           38.637
   17 (vir)    74          37.981          -1.083          -2.295         -11.053           45.656
   18 (vir)    74          40.526          -3.989          -4.528         -15.196           47.204
   19 (vir)    74          45.251          -0.717          -3.492         -13.558           54.601
   20 (vir)    74          49.391          -1.251          -3.961         -14.176           58.355
   21 (vir)    74          57.064          -3.784          -3.727         -15.859           65.412
   22 (vir)    74          59.353          -0.073          -2.924         -13.766           70.122
   23 (vir)    74          67.189          -1.672          -2.918         -15.668           78.267
   24 (vir)    74          82.627          -0.067          -3.248         -16.480           95.792
   25 (vir)    74         118.548          -0.244          -1.695         -13.274          129.884
   26 (vir)    74         239.887          -2.248          -1.538         -18.037          254.138
 
 
  kpoint:      75             coordinate:     0.1633    0.4184    0.0000
 
    n           k   ϵ_nk^DFT (eV)     Σ^c_nk (eV)     Σ^x_nk (eV)    v_nk^xc (eV)   ϵ_nk^G0W0 (eV)
 
    1 (occ)    75         -18.095           8.171         -27.164         -17.509          -19.579
    2 (occ)    75         -12.353           5.057         -22.392         -15.538          -14.150
    3 (occ)    75          -9.243           4.069         -22.349         -16.674          -10.850
    4 (occ)    75          -4.230           2.437         -19.604         -16.094           -5.303
    5 (vir)    75           1.216          -3.463          -5.924         -11.281            3.110
    6 (vir)    75           7.953          -4.477          -6.392         -13.056           10.140
    7 (vir)    75          10.379          -3.622          -3.457          -8.914           12.213
    8 (vir)    75          12.591          -3.193          -1.494          -6.516           14.419
    9 (vir)    75          12.729          -3.349          -3.140          -9.016           15.256
   10 (vir)    75          15.757          -4.129          -3.721          -9.963           17.870
   11 (vir)    75          16.723          -6.147          -5.007         -13.468           19.037
   12 (vir)    75          20.705          -5.895          -4.201         -12.725           23.333
   13 (vir)    75          25.267          -7.413          -4.813         -14.077           27.117
   14 (vir)    75          26.408          -3.594          -3.052          -9.899           29.661
   15 (vir)    75          26.623          -6.616          -3.993         -13.392           29.406
   16 (vir)    75          35.020          -4.291          -1.860          -9.340           38.209
   17 (vir)    75          37.765          -1.110          -2.274         -10.998           45.379
   18 (vir)    75          40.236          -3.610          -4.529         -15.153           47.250
   19 (vir)    75          45.303          -0.743          -3.495         -13.585           54.651
   20 (vir)    75          49.438          -1.495          -3.976         -14.188           58.154
   21 (vir)    75          57.293          -3.502          -3.705         -15.882           65.967
   22 (vir)    75          59.341          -0.084          -2.951         -13.817           70.124
   23 (vir)    75          67.388          -3.501          -2.910         -15.654           76.631
   24 (vir)    75          82.630          -1.744          -3.245         -16.481           94.122
   25 (vir)    75         118.286           0.038          -1.704         -13.269          129.888
   26 (vir)    75         239.963          -2.158          -1.543         -18.033          254.295
 
 
  kpoint:      76             coordinate:     0.1565    0.4218    0.0000
 
    n           k   ϵ_nk^DFT (eV)     Σ^c_nk (eV)     Σ^x_nk (eV)    v_nk^xc (eV)   ϵ_nk^G0W0 (eV)
 
    1 (occ)    76         -18.112           8.176         -27.159         -17.500          -19.595
    2 (occ)    76         -12.377           5.066         -22.400         -15.531          -14.179
    3 (occ)    76          -9.156           4.042         -22.352         -16.713          -10.753
    4 (occ)    76          -4.257           2.445         -19.589         -16.068           -5.332
    5 (vir)    76           1.218          -3.456          -5.932         -11.281            3.111
    6 (vir)    76           7.825          -4.445          -6.425         -13.060           10.015
    7 (vir)    76          10.356          -3.590          -3.434          -8.882           12.215
    8 (vir)    76          12.598          -3.160          -1.406          -6.379           14.412
    9 (vir)    76          12.699          -3.321          -3.120          -8.963           15.220
   10 (vir)    76          15.863          -4.237          -3.811         -10.157           17.973
   11 (vir)    76          16.822          -6.036          -5.094         -13.676           19.369
   12 (vir)    76          20.788          -6.086          -4.217         -12.796           23.281
   13 (vir)    76          25.430          -7.317          -4.806         -14.054           27.361
   14 (vir)    76          26.420          -6.690          -3.996         -13.325           29.059
   15 (vir)    76          26.674          -2.973          -3.017          -9.788           30.473
   16 (vir)    76          35.052          -2.793          -1.864          -9.304           39.699
   17 (vir)    76          37.557          -1.141          -2.255         -10.945           45.107
   18 (vir)    76          39.945          -3.173          -4.530         -15.109           47.351
   19 (vir)    76          45.354          -0.761          -3.497         -13.611           54.707
   20 (vir)    76          49.481          -1.917          -3.989         -14.198           57.774
   21 (vir)    76          57.519          -2.744          -3.684         -15.904           66.995
   22 (vir)    76          59.326          -0.091          -2.976         -13.863           70.122
   23 (vir)    76          67.595          -3.710          -2.899         -15.639           76.625
   24 (vir)    76          82.628          -8.609          -3.241         -16.481           87.260
   25 (vir)    76         118.025           0.267          -1.711         -13.263          129.845
   26 (vir)    76         240.037          -2.065          -1.548         -18.029          254.454
 
 
  kpoint:      77             coordinate:     0.1497    0.4252    0.0000
 
    n           k   ϵ_nk^DFT (eV)     Σ^c_nk (eV)     Σ^x_nk (eV)    v_nk^xc (eV)   ϵ_nk^G0W0 (eV)
 
    1 (occ)    77         -18.129           8.181         -27.155         -17.491          -19.612
    2 (occ)    77         -12.400           5.076         -22.407         -15.525          -14.205
    3 (occ)    77          -9.070           4.015         -22.356         -16.752          -10.658
    4 (occ)    77          -4.282           2.452         -19.574         -16.043           -5.361
    5 (vir)    77           1.219          -3.449          -5.939         -11.280            3.111
    6 (vir)    77           7.698          -4.413          -6.454         -13.061            9.891
    7 (vir)    77          10.335          -3.494          -3.412          -8.852           12.280
    8 (vir)    77          12.604          -3.128          -1.326          -6.255           14.405
    9 (vir)    77          12.670          -3.313          -3.103          -8.914           15.167
   10 (vir)    77          15.978          -4.345          -3.891         -10.341           18.083
   11 (vir)    77          16.919          -6.110          -5.179         -13.888           19.519
   12 (vir)    77          20.870          -5.683          -4.232         -12.861           23.817
   13 (vir)    77          25.602          -7.237          -4.798         -14.034           27.600
   14 (vir)    77          26.210          -6.745          -4.000         -13.259           28.724
   15 (vir)    77          26.965          -2.560          -2.976          -9.686           31.115
   16 (vir)    77          35.091          -2.313          -1.863          -9.261           40.175
   17 (vir)    77          37.357          -1.174          -2.236         -10.896           44.842
   18 (vir)    77          39.652          -2.758          -4.530         -15.063           47.426
   19 (vir)    77          45.402          -0.771          -3.498         -13.636           54.770
   20 (vir)    77          49.522          -2.223          -3.998         -14.207           57.508
   21 (vir)    77          57.740           0.473          -3.662         -15.925           70.477
   22 (vir)    77          59.308          -0.096          -3.001         -13.906           70.118
   23 (vir)    77          67.809          -4.519          -2.886         -15.624           76.028
   24 (vir)    77          82.621          -6.727          -3.236         -16.481           89.139
   25 (vir)    77         117.768          -0.481          -1.715         -13.257          128.829
   26 (vir)    77         240.111          -1.983          -1.551         -18.025          254.602
 
 
  kpoint:      78             coordinate:     0.1429    0.4286    0.0000
 
    n           k   ϵ_nk^DFT (eV)     Σ^c_nk (eV)     Σ^x_nk (eV)    v_nk^xc (eV)   ϵ_nk^G0W0 (eV)
 
    1 (occ)    78         -18.145           8.185         -27.150         -17.482          -19.628
    2 (occ)    78         -12.422           5.085         -22.413         -15.519          -14.231
    3 (occ)    78          -8.985           3.989         -22.360         -16.791          -10.565
    4 (occ)    78          -4.307           2.460         -19.561         -16.019           -5.389
    5 (vir)    78           1.220          -3.442          -5.945         -11.278            3.110
    6 (vir)    78           7.573          -4.382          -6.481         -13.059            9.769
    7 (vir)    78          10.315          -3.553          -3.390          -8.822           12.194
    8 (vir)    78          12.609          -3.098          -1.255          -6.142           14.397
    9 (vir)    78          12.642          -3.312          -3.087          -8.869           15.112
   10 (vir)    78          16.101          -4.453          -3.962         -10.514           18.200
   11 (vir)    78          17.014          -6.217          -5.263         -14.103           19.636
   12 (vir)    78          20.951          -5.703          -4.245         -12.922           23.926
   13 (vir)    78          25.783          -7.152          -4.790         -14.017           27.858
   14 (vir)    78          25.996          -6.784          -4.005         -13.191           28.399
   15 (vir)    78          27.283          -2.273          -2.924          -9.595           31.681
   16 (vir)    78          35.137          -2.024          -1.853          -9.208           40.469
   17 (vir)    78          37.165          -1.211          -2.219         -10.850           44.584
   18 (vir)    78          39.358          -2.946          -4.530         -15.015           46.898
   19 (vir)    78          45.449          -0.774          -3.498         -13.661           54.837
   20 (vir)    78          49.560          -2.378          -4.003         -14.215           57.393
   21 (vir)    78          57.958         -11.700          -3.639         -15.945           58.563
   22 (vir)    78          59.289          -0.097          -3.024         -13.946           70.113
   23 (vir)    78          68.030          -4.112          -2.869         -15.610           76.659
   24 (vir)    78          82.608          -4.710          -3.232         -16.481           91.147
   25 (vir)    78         117.514           0.616          -1.716         -13.251          129.666
   26 (vir)    78         240.183          -1.923          -1.551         -18.020          254.730
 
 
  kpoint:      79             coordinate:     0.1361    0.4320    0.0000
 
    n           k   ϵ_nk^DFT (eV)     Σ^c_nk (eV)     Σ^x_nk (eV)    v_nk^xc (eV)   ϵ_nk^G0W0 (eV)
 
    1 (occ)    79         -18.161           8.188         -27.146         -17.474          -19.645
    2 (occ)    79         -12.443           5.095         -22.420         -15.513          -14.255
    3 (occ)    79          -8.903           3.964         -22.365         -16.830          -10.473
    4 (occ)    79          -4.332           2.468         -19.549         -15.997           -5.416
    5 (vir)    79           1.220          -3.436          -5.951         -11.275            3.109
    6 (vir)    79           7.451          -4.356          -6.505         -13.055            9.644
    7 (vir)    79          10.296          -3.533          -3.369          -8.793           12.187
    8 (vir)    79          12.612          -3.069          -1.192          -6.040           14.390
    9 (vir)    79          12.617          -3.315          -3.074          -8.829           15.057
   10 (vir)    79          16.232          -4.561          -4.023         -10.676           18.325
   11 (vir)    79          17.106          -6.430          -5.345         -14.318           19.649
   12 (vir)    79          21.031          -6.124          -4.255         -12.979           23.631
   13 (vir)    79          25.777          -6.807          -4.010         -13.123           28.083
   14 (vir)    79          25.971          -7.006          -4.781         -14.005           28.188
   15 (vir)    79          27.631          -2.070          -2.857          -9.519           32.223
   16 (vir)    79          35.195          -1.823          -1.831          -9.143           40.685
   17 (vir)    79          36.982          -1.251          -2.203         -10.806           44.334
   18 (vir)    79          39.064          -1.781          -4.528         -14.966           47.720
   19 (vir)    79          45.494          -0.772          -3.498         -13.684           54.908
   20 (vir)    79          49.595          -2.423          -4.005         -14.220           57.386
   21 (vir)    79          58.170          -7.853          -3.616         -15.963           62.664
   22 (vir)    79          59.269          -0.095          -3.047         -13.983           70.109
   23 (vir)    79          68.260          -3.994          -2.848         -15.595           77.014
   24 (vir)    79          82.588          -6.508          -3.226         -16.481           89.335
   25 (vir)    79         117.267          -0.864          -1.713         -13.244          127.934
   26 (vir)    79         240.252          -1.886          -1.545         -18.016          254.838
 
 
  kpoint:      80             coordinate:     0.1293    0.4354    0.0000
 
    n           k   ϵ_nk^DFT (eV)     Σ^c_nk (eV)     Σ^x_nk (eV)    v_nk^xc (eV)   ϵ_nk^G0W0 (eV)
 
    1 (occ)    80         -18.176           8.190         -27.143         -17.466          -19.662
    2 (occ)    80         -12.463           5.104         -22.425         -15.507          -14.278
    3 (occ)    80          -8.822           3.940         -22.370         -16.868          -10.384
    4 (occ)    80          -4.355           2.475         -19.537         -15.975           -5.442
    5 (vir)    80           1.220          -3.429          -5.956         -11.272            3.107
    6 (vir)    80           7.332          -4.327          -6.527         -13.049            9.527
    7 (vir)    80          10.279          -3.525          -3.350          -8.766           12.171
    8 (vir)    80          12.593          -3.302          -3.063          -8.794           15.022
    9 (vir)    80          12.614          -3.042          -1.138          -5.950           14.384
   10 (vir)    80          16.372          -4.668          -4.076         -10.828           18.455
   11 (vir)    80          17.194          -6.988          -5.424         -14.533           19.314
   12 (vir)    80          21.111          -5.998          -4.264         -13.032           23.881
   13 (vir)    80          25.554          -6.816          -4.016         -13.055           27.777
   14 (vir)    80          26.167          -6.574          -4.772         -13.997           28.817
   15 (vir)    80          28.012          -1.934          -2.770          -9.462           32.771
   16 (vir)    80          35.266          -1.672          -1.789          -9.063           40.867
   17 (vir)    80          36.807          -1.292          -2.188         -10.766           44.093
   18 (vir)    80          38.769          -1.777          -4.525         -14.914           47.381
   19 (vir)    80          45.537          -0.766          -3.497         -13.707           54.981
   20 (vir)    80          49.628          -2.400          -4.002         -14.223           57.448
   21 (vir)    80          58.376          -7.058          -3.593         -15.980           63.705
   22 (vir)    80          59.249          -0.089          -3.069         -14.017           70.107
   23 (vir)    80          68.497          -3.862          -2.821         -15.581           77.394
   24 (vir)    80          82.560           0.991          -3.218         -16.480           96.813
   25 (vir)    80         117.027          -1.432          -1.709         -13.238          127.124
   26 (vir)    80         240.320          -1.848          -1.532         -18.011          254.951
 
 
  kpoint:      81             coordinate:     0.1224    0.4388    0.0000
 
    n           k   ϵ_nk^DFT (eV)     Σ^c_nk (eV)     Σ^x_nk (eV)    v_nk^xc (eV)   ϵ_nk^G0W0 (eV)
 
    1 (occ)    81         -18.190           8.192         -27.139         -17.458          -19.679
    2 (occ)    81         -12.482           5.113         -22.431         -15.502          -14.298
    3 (occ)    81          -8.743           3.916         -22.376         -16.906          -10.297
    4 (occ)    81          -4.377           2.482         -19.527         -15.955           -5.467
    5 (vir)    81           1.219          -3.423          -5.960         -11.269            3.105
    6 (vir)    81           7.216          -4.302          -6.546         -13.041            9.409
    7 (vir)    81          10.263          -3.527          -3.332          -8.740           12.145
    8 (vir)    81          12.571          -3.263          -3.054          -8.762           15.016
    9 (vir)    81          12.614          -3.016          -1.090          -5.870           14.378
   10 (vir)    81          16.518          -4.776          -4.122         -10.972           18.592
   11 (vir)    81          17.279          -7.696          -5.500         -14.745           18.827
   12 (vir)    81          21.193          -3.397          -4.271         -13.082           26.607
   13 (vir)    81          25.327          -6.811          -4.023         -12.986           27.479
   14 (vir)    81          26.369          -6.762          -4.763         -13.993           28.837
   15 (vir)    81          28.429          -1.860          -2.661          -9.434           33.341
   16 (vir)    81          35.355          -1.553          -1.720          -8.961           41.043
   17 (vir)    81          36.641          -1.335          -2.174         -10.728           43.860
   18 (vir)    81          38.474          -1.751          -4.521         -14.860           47.063
   19 (vir)    81          45.578          -0.758          -3.495         -13.729           55.054
   20 (vir)    81          49.660          -2.347          -3.996         -14.222           57.539
   21 (vir)    81          58.576          -7.012          -3.568         -15.995           63.990
   22 (vir)    81          59.230          -0.080          -3.091         -14.048           70.107
   23 (vir)    81          68.741          -3.610          -2.790         -15.567           77.908
   24 (vir)    81          82.524          -3.261          -3.209         -16.480           92.534
   25 (vir)    81         116.796          -1.634          -1.703         -13.231          126.690
   26 (vir)    81         240.384          -1.895          -1.510         -18.007          254.986
 
 
  kpoint:      82             coordinate:     0.1156    0.4422    0.0000
 
    n           k   ϵ_nk^DFT (eV)     Σ^c_nk (eV)     Σ^x_nk (eV)    v_nk^xc (eV)   ϵ_nk^G0W0 (eV)
 
    1 (occ)    82         -18.204           8.194         -27.136         -17.451          -19.695
    2 (occ)    82         -12.500           5.122         -22.436         -15.497          -14.318
    3 (occ)    82          -8.666           3.894         -22.383         -16.943          -10.213
    4 (occ)    82          -4.399           2.489         -19.517         -15.936           -5.491
    5 (vir)    82           1.218          -3.417          -5.964         -11.265            3.103
    6 (vir)    82           7.104          -4.280          -6.562         -13.031            9.293
    7 (vir)    82          10.249          -3.535          -3.314          -8.716           12.116
    8 (vir)    82          12.551          -3.249          -3.047          -8.736           14.990
    9 (vir)    82          12.614          -2.991          -1.049          -5.799           14.373
   10 (vir)    82          16.672          -4.885          -4.160         -11.106           18.734
   11 (vir)    82          17.361          -7.371          -5.573         -14.952           19.368
   12 (vir)    82          21.276          -5.037          -4.278         -13.130           25.090
   13 (vir)    82          25.097          -6.794          -4.030         -12.915           27.189
   14 (vir)    82          26.576          -6.518          -4.753         -13.994           29.298
   15 (vir)    82          28.883          -1.857          -2.536          -9.442           33.932
   16 (vir)    82          35.470          -1.456          -1.615          -8.831           41.230
   17 (vir)    82          36.485          -1.378          -2.161         -10.693           43.639
   18 (vir)    82          38.181          -1.664          -4.514         -14.803           46.806
   19 (vir)    82          45.616          -0.751          -3.492         -13.749           55.122
   20 (vir)    82          49.690          -2.307          -3.985         -14.218           57.617
   21 (vir)    82          58.769          -7.769          -3.543         -16.008           63.466
   22 (vir)    82          59.212          -0.068          -3.111         -14.077           70.110
   23 (vir)    82          68.994          -3.967          -2.754         -15.553           77.826
   24 (vir)    82          82.480          -2.142          -3.198         -16.479           93.619
   25 (vir)    82         116.575          -1.681          -1.696         -13.225          126.423
   26 (vir)    82         240.445          -1.902          -1.479         -18.002          255.066
 
 
  kpoint:      83             coordinate:     0.1088    0.4456    0.0000
 
    n           k   ϵ_nk^DFT (eV)     Σ^c_nk (eV)     Σ^x_nk (eV)    v_nk^xc (eV)   ϵ_nk^G0W0 (eV)
 
    1 (occ)    83         -18.218           8.196         -27.133         -17.444          -19.710
    2 (occ)    83         -12.518           5.131         -22.441         -15.492          -14.336
    3 (occ)    83          -8.593           3.872         -22.390         -16.979          -10.131
    4 (occ)    83          -4.419           2.496         -19.508         -15.918           -5.513
    5 (vir)    83           1.217          -3.411          -5.967         -11.261            3.100
    6 (vir)    83           6.996          -4.259          -6.577         -13.021            9.181
    7 (vir)    83          10.236          -3.534          -3.299          -8.693           12.096
    8 (vir)    83          12.533          -3.231          -3.043          -8.713           14.972
    9 (vir)    83          12.612          -2.968          -1.013          -5.737           14.368
   10 (vir)    83          16.832          -4.993          -4.191         -11.234           18.882
   11 (vir)    83          17.439          -7.078          -5.644         -15.152           19.869
   12 (vir)    83          21.361          -5.421          -4.287         -13.177           24.830
   13 (vir)    83          24.865          -6.764          -4.038         -12.844           26.908
   14 (vir)    83          26.789          -6.369          -4.743         -13.998           29.675
   15 (vir)    83          29.376          -2.125          -2.407          -9.502           34.346
   16 (vir)    83          35.620          -1.375          -1.462          -8.663           41.447
   17 (vir)    83          36.337          -1.420          -2.149         -10.660           43.428
   18 (vir)    83          37.889          -1.401          -4.506         -14.743           46.725
   19 (vir)    83          45.653          -0.748          -3.490         -13.769           55.184
   20 (vir)    83          49.721          -2.313          -3.970         -14.210           57.648
   21 (vir)    83          58.957         -11.099          -3.515         -16.018           60.361
   22 (vir)    83          59.195          -0.054          -3.131         -14.104           70.115
   23 (vir)    83          69.254          -3.853          -2.715         -15.540           78.226
   24 (vir)    83          82.427          -1.413          -3.185         -16.478           94.307
   25 (vir)    83         116.365          -1.640          -1.690         -13.218          126.253
   26 (vir)    83         240.502          -1.925          -1.438         -17.997          255.136
 
 
  kpoint:      84             coordinate:     0.1020    0.4490    0.0000
 
    n           k   ϵ_nk^DFT (eV)     Σ^c_nk (eV)     Σ^x_nk (eV)    v_nk^xc (eV)   ϵ_nk^G0W0 (eV)
 
    1 (occ)    84         -18.230           8.198         -27.130         -17.438          -19.724
    2 (occ)    84         -12.534           5.139         -22.446         -15.487          -14.354
    3 (occ)    84          -8.522           3.852         -22.397         -17.014          -10.053
    4 (occ)    84          -4.438           2.502         -19.499         -15.901           -5.535
    5 (vir)    84           1.215          -3.405          -5.970         -11.257            3.098
    6 (vir)    84           6.894          -4.237          -6.589         -13.009            9.076
    7 (vir)    84          10.224          -3.529          -3.285          -8.672           12.082
    8 (vir)    84          12.517          -3.227          -3.041          -8.695           14.944
    9 (vir)    84          12.610          -2.948          -0.983          -5.683           14.362
   10 (vir)    84          16.998          -5.102          -4.217         -11.355           19.034
   11 (vir)    84          17.512          -7.137          -5.711         -15.344           20.008
   12 (vir)    84          21.449          -5.529          -4.300         -13.223           24.843
   13 (vir)    84          24.631          -6.723          -4.046         -12.772           26.635
   14 (vir)    84          27.005          -6.304          -4.732         -14.005           29.974
   15 (vir)    84          29.905          -2.218          -2.295          -9.627           35.018
   16 (vir)    84          35.822          -1.309          -1.244          -8.447           41.715
   17 (vir)    84          36.199          -1.460          -2.137         -10.630           43.231
   18 (vir)    84          37.599          -0.658          -4.496         -14.679           47.125
   19 (vir)    84          45.687          -0.750          -3.487         -13.787           55.237
   20 (vir)    84          49.752          -2.347          -3.949         -14.195           57.651
   21 (vir)    84          59.141          -4.302          -3.485         -16.024           67.378
   22 (vir)    84          59.180          -0.038          -3.149         -14.129           70.122
   23 (vir)    84          69.522          -3.809          -2.674         -15.527           78.566
   24 (vir)    84          82.364          -1.250          -3.170         -16.477           94.422
   25 (vir)    84         116.168          -1.520          -1.685         -13.212          126.174
   26 (vir)    84         240.555          -1.957          -1.388         -17.992          255.202
 
 
  kpoint:      85             coordinate:     0.0952    0.4524    0.0000
 
    n           k   ϵ_nk^DFT (eV)     Σ^c_nk (eV)     Σ^x_nk (eV)    v_nk^xc (eV)   ϵ_nk^G0W0 (eV)
 
    1 (occ)    85         -18.242           8.200         -27.127         -17.432          -19.737
    2 (occ)    85         -12.549           5.146         -22.450         -15.483          -14.370
    3 (occ)    85          -8.454           3.832         -22.404         -17.048           -9.979
    4 (occ)    85          -4.457           2.508         -19.492         -15.885           -5.555
    5 (vir)    85           1.213          -3.400          -5.972         -11.253            3.095
    6 (vir)    85           6.796          -4.215          -6.600         -12.996            8.977
    7 (vir)    85          10.213          -3.529          -3.272          -8.652           12.065
    8 (vir)    85          12.504          -3.256          -3.042          -8.682           14.888
    9 (vir)    85          12.607          -2.930          -0.957          -5.636           14.356
   10 (vir)    85          17.169          -5.212          -4.238         -11.471           19.190
   11 (vir)    85          17.580          -7.329          -5.776         -15.525           20.001
   12 (vir)    85          21.540          -5.506          -4.319         -13.269           24.984
   13 (vir)    85          24.396          -6.670          -4.054         -12.699           26.371
   14 (vir)    85          27.224          -6.330          -4.720         -14.015           30.189
   15 (vir)    85          30.461          -2.498          -2.235          -9.832           35.560
   16 (vir)    85          36.070          -1.496          -2.127         -10.602           43.049
   17 (vir)    85          36.096          -1.291          -0.944          -8.171           42.033
   18 (vir)    85          37.312          -9.817          -4.486         -14.615           37.623
   19 (vir)    85          45.720          -0.760          -3.484         -13.805           55.280
   20 (vir)    85          49.785          -2.198          -3.924         -14.173           57.835
   21 (vir)    85          59.167          -0.021          -3.167         -14.152           70.130
   22 (vir)    85          59.321          -5.032          -3.452         -16.025           66.862
   23 (vir)    85          69.797          -3.775          -2.633         -15.514           78.903
   24 (vir)    85          82.293          -1.737          -3.153         -16.476           93.879
   25 (vir)    85         115.985          -1.305          -1.683         -13.206          126.202
   26 (vir)    85         240.602          -1.995          -1.330         -17.987          255.265
 
 
  kpoint:      86             coordinate:     0.0884    0.4558    0.0000
 
    n           k   ϵ_nk^DFT (eV)     Σ^c_nk (eV)     Σ^x_nk (eV)    v_nk^xc (eV)   ϵ_nk^G0W0 (eV)
 
    1 (occ)    86         -18.254           8.202         -27.125         -17.427          -19.749
    2 (occ)    86         -12.563           5.151         -22.454         -15.479          -14.387
    3 (occ)    86          -8.390           3.814         -22.412         -17.080           -9.908
    4 (occ)    86          -4.474           2.514         -19.485         -15.871           -5.574
    5 (vir)    86           1.211          -3.394          -5.974         -11.249            3.092
    6 (vir)    86           6.703          -4.195          -6.609         -12.983            8.883
    7 (vir)    86          10.204          -3.509          -3.261          -8.635           12.070
    8 (vir)    86          12.492          -3.259          -3.044          -8.673           14.862
    9 (vir)    86          12.604          -2.915          -0.935          -5.595           14.349
   10 (vir)    86          17.344          -5.322          -4.254         -11.582           19.350
   11 (vir)    86          17.644          -7.318          -5.838         -15.693           20.181
   12 (vir)    86          21.633          -6.174          -4.345         -13.315           24.430
   13 (vir)    86          24.161          -6.607          -4.063         -12.624           26.114
   14 (vir)    86          27.444          -6.464          -4.706         -14.027           30.301
   15 (vir)    86          31.026          -2.590          -2.263         -10.124           36.298
   16 (vir)    86          35.950          -1.526          -2.117         -10.577           42.884
   17 (vir)    86          36.476          -1.351          -0.551          -7.848           42.422
   18 (vir)    86          37.033          -4.187          -4.481         -14.539           42.904
   19 (vir)    86          45.750          -0.777          -3.481         -13.821           55.313
   20 (vir)    86          49.822          -2.532          -3.893         -14.139           57.536
   21 (vir)    86          59.155          -0.005          -3.184         -14.173           70.139
   22 (vir)    86          59.501          -4.726          -3.416         -16.019           67.379
   23 (vir)    86          70.081          -3.677          -2.595         -15.501           79.311
   24 (vir)    86          82.212          -2.573          -3.134         -16.475           92.980
   25 (vir)    86         115.815          -0.989          -1.684         -13.200          126.342
   26 (vir)    86         240.644          -2.034          -1.263         -17.982          255.328
 
 
  kpoint:      87             coordinate:     0.0816    0.4592    0.0000
 
    n           k   ϵ_nk^DFT (eV)     Σ^c_nk (eV)     Σ^x_nk (eV)    v_nk^xc (eV)   ϵ_nk^G0W0 (eV)
 
    1 (occ)    87         -18.264           8.205         -27.122         -17.421          -19.760
    2 (occ)    87         -12.576           5.156         -22.458         -15.475          -14.402
    3 (occ)    87          -8.329           3.797         -22.420         -17.111           -9.841
    4 (occ)    87          -4.490           2.519         -19.478         -15.857           -5.592
    5 (vir)    87           1.209          -3.390          -5.976         -11.245            3.089
    6 (vir)    87           6.617          -4.187          -6.617         -12.970            8.783
    7 (vir)    87          10.196          -3.475          -3.251          -8.619           12.090
    8 (vir)    87          12.483          -3.220          -3.049          -8.669           14.883
    9 (vir)    87          12.600          -2.901          -0.917          -5.560           14.342
   10 (vir)    87          17.523          -5.435          -4.266         -11.690           19.512
   11 (vir)    87          17.703          -7.156          -5.896         -15.848           20.499
   12 (vir)    87          21.729          -6.169          -4.378         -13.361           24.542
   13 (vir)    87          23.926          -6.534          -4.072         -12.547           25.866
   14 (vir)    87          27.664          -6.777          -4.692         -14.040           30.235
   15 (vir)    87          31.574          -2.774          -2.397         -10.485           36.889
   16 (vir)    87          35.839          -1.548          -2.108         -10.553           42.737
   17 (vir)    87          36.731          -4.517          -3.955         -13.766           42.025
   18 (vir)    87          37.036           0.786          -0.617          -8.193           45.397
   19 (vir)    87          45.777          -0.798          -3.477         -13.836           55.338
   20 (vir)    87          49.864          -2.667          -3.855         -14.091           57.433
   21 (vir)    87          59.145           0.008          -3.199         -14.193           70.147
   22 (vir)    87          59.684          -2.286          -3.375         -16.004           70.028
   23 (vir)    87          70.374          -3.463          -2.561         -15.487           79.838
   24 (vir)    87          82.123          -2.225          -3.115         -16.475           93.257
   25 (vir)    87         115.659          -0.595          -1.687         -13.195          126.572
   26 (vir)    87         240.679          -2.072          -1.191         -17.976          255.392
 
 
  kpoint:      88             coordinate:     0.0748    0.4626    0.0000
 
    n           k   ϵ_nk^DFT (eV)     Σ^c_nk (eV)     Σ^x_nk (eV)    v_nk^xc (eV)   ϵ_nk^G0W0 (eV)
 
    1 (occ)    88         -18.274           8.207         -27.120         -17.417          -19.770
    2 (occ)    88         -12.588           5.160         -22.461         -15.472          -14.417
    3 (occ)    88          -8.273           3.781         -22.427         -17.141           -9.778
    4 (occ)    88          -4.504           2.524         -19.473         -15.845           -5.608
    5 (vir)    88           1.208          -3.385          -5.978         -11.241            3.086
    6 (vir)    88           6.536          -4.163          -6.623         -12.957            8.706
    7 (vir)    88          10.189          -3.447          -3.243          -8.605           12.104
    8 (vir)    88          12.477          -3.188          -3.056          -8.669           14.901
    9 (vir)    88          12.596          -2.889          -0.902          -5.529           14.335
   10 (vir)    88          17.705          -5.549          -4.275         -11.796           19.677
   11 (vir)    88          17.756          -7.021          -5.951         -15.988           20.772
   12 (vir)    88          21.827          -5.707          -4.419         -13.405           25.107
   13 (vir)    88          23.692          -6.452          -4.082         -12.467           25.626
   14 (vir)    88          27.884          -6.402          -4.675         -14.053           30.860
   15 (vir)    88          32.072          -2.602          -2.617         -10.866           37.718
   16 (vir)    88          35.738          -1.562          -2.100         -10.532           42.608
   17 (vir)    88          36.470          -3.536          -4.273         -14.187           42.848
   18 (vir)    88          37.764          -0.268           0.149          -7.377           45.022
   19 (vir)    88          45.803          -0.823          -3.474         -13.850           55.356
   20 (vir)    88          49.916          -2.400          -3.809         -14.019           57.727
   21 (vir)    88          59.137           0.019          -3.214         -14.210           70.153
   22 (vir)    88          59.877          -0.318          -3.330         -15.976           72.205
   23 (vir)    88          70.676          -3.208          -2.534         -15.472           80.406
   24 (vir)    88          82.026          -3.780          -3.095         -16.474           91.625
   25 (vir)    88         115.517          -0.165          -1.691         -13.191          126.852
   26 (vir)    88         240.707          -2.113          -1.115         -17.971          255.449
 
 
  kpoint:      89             coordinate:     0.0680    0.4660    0.0000
 
    n           k   ϵ_nk^DFT (eV)     Σ^c_nk (eV)     Σ^x_nk (eV)    v_nk^xc (eV)   ϵ_nk^G0W0 (eV)
 
    1 (occ)    89         -18.283           8.210         -27.118         -17.412          -19.778
    2 (occ)    89         -12.599           5.163         -22.464         -15.469          -14.431
    3 (occ)    89          -8.220           3.766         -22.434         -17.168           -9.720
    4 (occ)    89          -4.518           2.528         -19.467         -15.834           -5.623
    5 (vir)    89           1.206          -3.381          -5.979         -11.238            3.083
    6 (vir)    89           6.461          -4.150          -6.629         -12.944            8.626
    7 (vir)    89          10.184          -3.430          -3.235          -8.593           12.111
    8 (vir)    89          12.472          -3.169          -3.065          -8.672           14.911
    9 (vir)    89          12.592          -2.879          -0.889          -5.503           14.328
   10 (vir)    89          17.804          -6.889          -6.001         -16.112           21.026
   11 (vir)    89          17.889          -5.667          -4.281         -11.901           19.842
   12 (vir)    89          21.925          -5.531          -4.462         -13.448           25.379
   13 (vir)    89          23.462          -6.361          -4.091         -12.385           25.394
   14 (vir)    89          28.100          -7.478          -4.657         -14.067           30.032
   15 (vir)    89          32.493          -2.644          -2.867         -11.208           38.190
   16 (vir)    89          35.645          -1.566          -2.093         -10.513           42.499
   17 (vir)    89          36.206          -3.197          -4.252         -14.108           42.865
   18 (vir)    89          38.745          -0.353           0.435          -7.179           46.007
   19 (vir)    89          45.826          -0.848          -3.471         -13.863           55.370
   20 (vir)    89          49.984          -2.155          -3.754         -13.913           57.988
   21 (vir)    89          59.130           0.025          -3.227         -14.226           70.155
   22 (vir)    89          60.088          -2.173          -3.282         -15.928           70.561
   23 (vir)    89          70.991          -2.803          -2.520         -15.454           81.122
   24 (vir)    89          81.923          -3.669          -3.076         -16.474           91.653
   25 (vir)    89         115.388           0.309          -1.696         -13.188          127.188
   26 (vir)    89         240.727          -2.142          -1.038         -17.965          255.512
 
 
  kpoint:      90             coordinate:     0.0612    0.4694    0.0000
 
    n           k   ϵ_nk^DFT (eV)     Σ^c_nk (eV)     Σ^x_nk (eV)    v_nk^xc (eV)   ϵ_nk^G0W0 (eV)
 
    1 (occ)    90         -18.291           8.214         -27.117         -17.409          -19.785
    2 (occ)    90         -12.609           5.166         -22.467         -15.466          -14.444
    3 (occ)    90          -8.172           3.753         -22.442         -17.194           -9.667
    4 (occ)    90          -4.530           2.533         -19.463         -15.824           -5.637
    5 (vir)    90           1.204          -3.377          -5.980         -11.234            3.080
    6 (vir)    90           6.393          -4.138          -6.634         -12.931            8.553
    7 (vir)    90          10.179          -3.422          -3.229          -8.582           12.110
    8 (vir)    90          12.470          -3.164          -3.075          -8.679           14.911
    9 (vir)    90          12.588          -2.869          -0.878          -5.481           14.322
   10 (vir)    90          17.846          -6.872          -6.046         -16.221           21.150
   11 (vir)    90          18.072          -5.787          -4.285         -12.005           20.006
   12 (vir)    90          22.023          -5.456          -4.506         -13.487           25.548
   13 (vir)    90          23.235          -6.261          -4.101         -12.300           25.172
   14 (vir)    90          28.312          -7.229          -4.636         -14.079           30.525
   15 (vir)    90          32.828          -2.725          -3.094         -11.485           38.493
   16 (vir)    90          35.562          -1.561          -2.086         -10.496           42.410
   17 (vir)    90          35.950          -3.205          -4.192         -13.975           42.528
   18 (vir)    90          39.982           0.028           0.420          -7.213           47.645
   19 (vir)    90          45.847          -0.872          -3.468         -13.875           55.382
   20 (vir)    90          50.077          -1.958          -3.686         -13.751           58.184
   21 (vir)    90          59.125           0.027          -3.239         -14.241           70.154
   22 (vir)    90          60.329          -5.026          -3.233         -15.850           67.919
   23 (vir)    90          71.321          -2.624          -2.522         -15.431           81.606
   24 (vir)    90          81.816          -3.604          -3.057         -16.474           91.629
   25 (vir)    90         115.270           1.043          -1.701         -13.187          127.799
   26 (vir)    90         240.738          -2.168          -0.960         -17.959          255.569
 
 
  kpoint:      91             coordinate:     0.0544    0.4728    0.0000
 
    n           k   ϵ_nk^DFT (eV)     Σ^c_nk (eV)     Σ^x_nk (eV)    v_nk^xc (eV)   ϵ_nk^G0W0 (eV)
 
    1 (occ)    91         -18.298           8.217         -27.115         -17.405          -19.791
    2 (occ)    91         -12.618           5.169         -22.469         -15.464          -14.455
    3 (occ)    91          -8.128           3.741         -22.448         -17.217           -9.618
    4 (occ)    91          -4.541           2.536         -19.459         -15.815           -5.649
    5 (vir)    91           1.202          -3.374          -5.981         -11.231            3.078
    6 (vir)    91           6.332          -4.127          -6.638         -12.919            8.487
    7 (vir)    91          10.175          -3.423          -3.223          -8.573           12.102
    8 (vir)    91          12.470          -3.173          -3.085          -8.689           14.901
    9 (vir)    91          12.584          -2.861          -0.869          -5.463           14.316
   10 (vir)    91          17.883          -6.908          -6.084         -16.315           21.206
   11 (vir)    91          18.255          -5.913          -4.286         -12.111           20.167
   12 (vir)    91          22.118          -5.459          -4.546         -13.523           25.635
   13 (vir)    91          23.013          -6.153          -4.110         -12.211           24.960
   14 (vir)    91          28.516          -4.305          -4.614         -14.089           33.687
   15 (vir)    91          33.085          -2.890          -3.284         -11.713           38.625
   16 (vir)    91          35.487          -1.547          -2.080         -10.481           42.341
   17 (vir)    91          35.706          -3.682          -4.106         -13.807           41.725
   18 (vir)    91          41.450           0.501           0.036          -7.511           49.498
   19 (vir)    91          45.865          -0.892          -3.465         -13.886           55.393
   20 (vir)    91          50.211          -1.828          -3.604         -13.494           58.274
   21 (vir)    91          59.121           0.026          -3.251         -14.254           70.150
   22 (vir)    91          60.618          -6.885          -3.190         -15.723           66.267
   23 (vir)    91          71.673          -2.528          -2.550         -15.398           81.994
   24 (vir)    91          81.707          -3.641          -3.039         -16.475           91.501
   25 (vir)    91         115.163           4.176          -1.706         -13.188          130.821
   26 (vir)    91         240.739          -2.188          -0.885         -17.952          255.618
 
 
  kpoint:      92             coordinate:     0.0476    0.4762    0.0000
 
    n           k   ϵ_nk^DFT (eV)     Σ^c_nk (eV)     Σ^x_nk (eV)    v_nk^xc (eV)   ϵ_nk^G0W0 (eV)
 
    1 (occ)    92         -18.305           8.221         -27.114         -17.402          -19.796
    2 (occ)    92         -12.626           5.172         -22.471         -15.462          -14.464
    3 (occ)    92          -8.089           3.730         -22.455         -17.238           -9.575
    4 (occ)    92          -4.551           2.540         -19.455         -15.807           -5.660
    5 (vir)    92           1.200          -3.371          -5.982         -11.228            3.076
    6 (vir)    92           6.278          -4.117          -6.641         -12.907            8.428
    7 (vir)    92          10.173          -3.435          -3.218          -8.565           12.084
    8 (vir)    92          12.471          -3.200          -3.094          -8.702           14.878
    9 (vir)    92          12.581          -2.855          -0.862          -5.447           14.311
   10 (vir)    92          17.915          -6.988          -6.117         -16.394           21.205
   11 (vir)    92          18.434          -6.043          -4.286         -12.217           20.323
   12 (vir)    92          22.208          -5.535          -4.577         -13.554           25.650
   13 (vir)    92          22.800          -6.037          -4.120         -12.117           24.760
   14 (vir)    92          28.711          -3.869          -4.589         -14.098           34.351
   15 (vir)    92          33.279          -3.133          -3.450         -11.928           38.624
   16 (vir)    92          35.422          -1.525          -2.075         -10.467           42.289
   17 (vir)    92          35.475          -3.608          -3.991         -13.599           41.476
   18 (vir)    92          43.073           0.353          -0.735          -8.145           50.837
   19 (vir)    92          45.882          -0.909          -3.463         -13.895           55.405
   20 (vir)    92          50.418          -1.794          -3.509         -13.072           58.187
   21 (vir)    92          59.118           0.023          -3.260         -14.265           70.145
   22 (vir)    92          60.981          -5.618          -3.169         -15.522           67.716
   23 (vir)    92          72.058          -2.588          -2.618         -15.348           82.201
   24 (vir)    92          81.598          -3.923          -3.023         -16.475           91.127
   25 (vir)    92         115.065          -0.923          -1.709         -13.191          125.624
   26 (vir)    92         240.729          -2.201          -0.815         -17.945          255.659
 
 
  kpoint:      93             coordinate:     0.0408    0.4796    0.0000
 
    n           k   ϵ_nk^DFT (eV)     Σ^c_nk (eV)     Σ^x_nk (eV)    v_nk^xc (eV)   ϵ_nk^G0W0 (eV)
 
    1 (occ)    93         -18.310           8.224         -27.113         -17.400          -19.800
    2 (occ)    93         -12.633           5.174         -22.473         -15.460          -14.472
    3 (occ)    93          -8.055           3.721         -22.460         -17.256           -9.537
    4 (occ)    93          -4.559           2.543         -19.452         -15.800           -5.669
    5 (vir)    93           1.199          -3.368          -5.983         -11.226            3.074
    6 (vir)    93           6.231          -4.107          -6.643         -12.897            8.378
    7 (vir)    93          10.171          -3.465          -3.213          -8.558           12.051
    8 (vir)    93          12.474          -3.248          -3.103          -8.715           14.838
    9 (vir)    93          12.578          -2.849          -0.856          -5.434           14.307
   10 (vir)    93          17.942          -7.119          -6.143         -16.460           21.140
   11 (vir)    93          18.607          -6.177          -4.285         -12.326           20.471
   12 (vir)    93          22.292          -5.678          -4.598         -13.580           25.596
   13 (vir)    93          22.597          -5.914          -4.128         -12.020           24.575
   14 (vir)    93          28.892          -4.034          -4.562         -14.104           34.400
   15 (vir)    93          33.425          -3.457          -3.618         -12.165           38.514
   16 (vir)    93          35.261          -4.035          -3.840         -13.345           40.731
   17 (vir)    93          35.365          -1.497          -2.071         -10.456           42.253
   18 (vir)    93          44.713          -0.376          -1.814          -9.233           51.756
   19 (vir)    93          45.896          -0.922          -3.461         -13.903           55.417
   20 (vir)    93          50.753          -1.980          -3.431         -12.390           57.732
   21 (vir)    93          59.116           0.019          -3.269         -14.275           70.140
   22 (vir)    93          61.451         -11.086          -3.202         -15.207           62.370
   23 (vir)    93          72.490          -3.050          -2.752         -15.269           81.957
   24 (vir)    93          81.493          -3.982          -3.008         -16.476           90.979
   25 (vir)    93         114.972           0.207          -1.711         -13.198          126.667
   26 (vir)    93         240.709          -2.209          -0.750         -17.938          255.688
 
 
  kpoint:      94             coordinate:     0.0340    0.4830    0.0000
 
    n           k   ϵ_nk^DFT (eV)     Σ^c_nk (eV)     Σ^x_nk (eV)    v_nk^xc (eV)   ϵ_nk^G0W0 (eV)
 
    1 (occ)    94         -18.315           8.227         -27.112         -17.397          -19.803
    2 (occ)    94         -12.639           5.177         -22.475         -15.458          -14.478
    3 (occ)    94          -8.025           3.713         -22.465         -17.272           -9.505
    4 (occ)    94          -4.567           2.545         -19.450         -15.794           -5.677
    5 (vir)    94           1.197          -3.366          -5.983         -11.223            3.072
    6 (vir)    94           6.191          -4.099          -6.644         -12.888            8.335
    7 (vir)    94          10.170          -3.496          -3.209          -8.553           12.018
    8 (vir)    94          12.477          -3.225          -3.110          -8.729           14.870
    9 (vir)    94          12.575          -2.844          -0.852          -5.423           14.303
   10 (vir)    94          17.963          -7.326          -6.164         -16.513           20.986
   11 (vir)    94          18.771          -6.316          -4.283         -12.436           20.608
   12 (vir)    94          22.367          -5.899          -4.608         -13.601           25.461
   13 (vir)    94          22.408          -5.784          -4.137         -11.919           24.406
   14 (vir)    94          29.056          -4.187          -4.535         -14.107           34.441
   15 (vir)    94          33.534          -3.872          -3.811         -12.447           38.299
   16 (vir)    94          35.067          -4.406          -3.647         -13.037           40.050
   17 (vir)    94          35.318          -1.466          -2.067         -10.446           42.231
   18 (vir)    94          45.908          -0.930          -3.459         -13.910           55.429
   19 (vir)    94          46.154          -0.643          -2.951         -10.803           53.363
   20 (vir)    94          51.291          -3.553          -3.482         -11.455           55.710
   21 (vir)    94          59.114           0.015          -3.277         -14.283           70.135
   22 (vir)    94          62.061           1.381          -3.344         -14.747           74.844
   23 (vir)    94          72.989           0.531          -2.996         -15.141           85.666
   24 (vir)    94          81.395          -4.415          -2.995         -16.476           90.461
   25 (vir)    94         114.885           0.352          -1.711         -13.209          126.735
   26 (vir)    94         240.680          -2.211          -0.694         -17.931          255.705
 
 
  kpoint:      95             coordinate:     0.0272    0.4864    0.0000
 
    n           k   ϵ_nk^DFT (eV)     Σ^c_nk (eV)     Σ^x_nk (eV)    v_nk^xc (eV)   ϵ_nk^G0W0 (eV)
 
    1 (occ)    95         -18.319           8.230         -27.112         -17.396          -19.805
    2 (occ)    95         -12.643           5.179         -22.476         -15.457          -14.483
    3 (occ)    95          -8.001           3.707         -22.469         -17.285           -9.478
    4 (occ)    95          -4.573           2.547         -19.448         -15.789           -5.684
    5 (vir)    95           1.196          -3.364          -5.984         -11.222            3.070
    6 (vir)    95           6.158          -4.091          -6.645         -12.880            8.302
    7 (vir)    95          10.169          -3.558          -3.204          -8.549           11.956
    8 (vir)    95          12.480          -3.275          -3.116          -8.742           14.832
    9 (vir)    95          12.572          -2.840          -0.848          -5.415           14.299
   10 (vir)    95          17.981          -7.645          -6.180         -16.555           20.710
   11 (vir)    95          18.920          -6.454          -4.280         -12.545           20.730
   12 (vir)    95          22.239          -5.650          -4.144         -11.816           24.261
   13 (vir)    95          22.432          -6.286          -4.609         -13.617           25.154
   14 (vir)    95          29.200          -4.285          -4.508         -14.108           34.515
   15 (vir)    95          33.616          -4.510          -4.041         -12.788           37.853
   16 (vir)    95          34.898          -4.756          -3.409         -12.670           39.403
   17 (vir)    95          35.279          -1.434          -2.064         -10.438           42.219
   18 (vir)    95          45.918          -0.935          -3.457         -13.916           55.442
   19 (vir)    95          47.198          -0.578          -3.763         -12.433           55.289
   20 (vir)    95          52.053          -0.337          -3.816         -10.681           58.582
   21 (vir)    95          59.113           0.012          -3.283         -14.290           70.132
   22 (vir)    95          62.819          -0.741          -3.646         -14.158           72.589
   23 (vir)    95          73.575          -0.803          -3.409         -14.936           84.299
   24 (vir)    95          81.306           3.658          -2.985         -16.476           98.456
   25 (vir)    95         114.802           0.075          -1.710         -13.224          126.390
   26 (vir)    95         240.642          -2.208          -0.647         -17.923          255.711
 
 
  kpoint:      96             coordinate:     0.0204    0.4898    0.0000
 
    n           k   ϵ_nk^DFT (eV)     Σ^c_nk (eV)     Σ^x_nk (eV)    v_nk^xc (eV)   ϵ_nk^G0W0 (eV)
 
    1 (occ)    96         -18.322           8.233         -27.111         -17.394          -19.806
    2 (occ)    96         -12.647           5.182         -22.477         -15.456          -14.486
    3 (occ)    96          -7.982           3.702         -22.473         -17.296           -9.457
    4 (occ)    96          -4.577           2.549         -19.446         -15.786           -5.689
    5 (vir)    96           1.195          -3.362          -5.984         -11.220            3.069
    6 (vir)    96           6.132          -4.085          -6.645         -12.874            8.276
    7 (vir)    96          10.168          -3.616          -3.201          -8.546           11.897
    8 (vir)    96          12.484          -3.379          -3.120          -8.754           14.739
    9 (vir)    96          12.570          -2.837          -0.845          -5.409           14.296
   10 (vir)    96          17.994          -8.037          -6.191         -16.586           20.351
   11 (vir)    96          19.048          -6.586          -4.277         -12.648           20.833
   12 (vir)    96          22.095          -5.516          -4.151         -11.718           24.146
   13 (vir)    96          22.484          -7.079          -4.603         -13.629           24.432
   14 (vir)    96          29.318          -4.335          -4.482         -14.106           34.607
   15 (vir)    96          33.677          -5.721          -4.309         -13.180           36.827
   16 (vir)    96          34.758          -5.119          -3.132         -12.257           38.764
   17 (vir)    96          35.248          -1.404          -2.061         -10.432           42.215
   18 (vir)    96          45.925          -0.937          -3.456         -13.920           55.453
   19 (vir)    96          47.824          -0.039          -4.129         -13.540           57.196
   20 (vir)    96          52.893          -1.354          -4.329         -10.535           57.745
   21 (vir)    96          59.112           0.009          -3.288         -14.295           70.129
   22 (vir)    96          63.661          -1.400          -4.083         -13.562           71.739
   23 (vir)    96          74.243          -1.449          -4.038         -14.640           83.396
   24 (vir)    96          81.231           2.452          -2.976         -16.476           97.183
   25 (vir)    96         114.724          -0.228          -1.706         -13.241          126.031
   26 (vir)    96         240.602          -2.201          -0.609         -17.917          255.708
 
 
  kpoint:      97             coordinate:     0.0136    0.4932    0.0000
 
    n           k   ϵ_nk^DFT (eV)     Σ^c_nk (eV)     Σ^x_nk (eV)    v_nk^xc (eV)   ϵ_nk^G0W0 (eV)
 
    1 (occ)    97         -18.324           8.235         -27.111         -17.393          -19.807
    2 (occ)    97         -12.650           5.184         -22.478         -15.455          -14.488
    3 (occ)    97          -7.969           3.698         -22.475         -17.303           -9.443
    4 (occ)    97          -4.581           2.550         -19.445         -15.783           -5.693
    5 (vir)    97           1.195          -3.361          -5.984         -11.219            3.068
    6 (vir)    97           6.114          -4.080          -6.645         -12.869            8.258
    7 (vir)    97          10.168          -3.651          -3.198          -8.544           11.863
    8 (vir)    97          12.487          -3.395          -3.122          -8.762           14.732
    9 (vir)    97          12.569          -2.835          -0.843          -5.404           14.295
   10 (vir)    97          18.003          -8.335          -6.199         -16.608           20.077
   11 (vir)    97          19.147          -6.699          -4.275         -12.737           20.911
   12 (vir)    97          21.983          -5.389          -4.156         -11.633           24.071
   13 (vir)    97          22.522          -6.519          -4.594         -13.637           25.046
   14 (vir)    97          29.406          -4.352          -4.462         -14.104           34.697
   15 (vir)    97          33.720          -1.406          -4.587         -13.581           41.307
   16 (vir)    97          34.652          -5.514          -2.847         -11.842           38.133
   17 (vir)    97          35.227          -1.381          -2.060         -10.428           42.214
   18 (vir)    97          45.931          -0.938          -3.455         -13.923           55.461
   19 (vir)    97          48.161           1.556          -4.243         -14.097           59.570
   20 (vir)    97          53.591          -1.744          -4.742         -10.829           57.933
   21 (vir)    97          59.112           0.008          -3.291         -14.299           70.128
   22 (vir)    97          64.438          -1.696          -4.512         -13.120           71.350
   23 (vir)    97          74.925          -1.852          -4.822         -14.289           82.541
   24 (vir)    97          81.172           1.132          -2.968         -16.476           95.810
   25 (vir)    97         114.659          -0.431          -1.701         -13.258          125.785
   26 (vir)    97         240.564          -2.193          -0.582         -17.911          255.700
 
 
  kpoint:      98             coordinate:     0.0068    0.4966    0.0000
 
    n           k   ϵ_nk^DFT (eV)     Σ^c_nk (eV)     Σ^x_nk (eV)    v_nk^xc (eV)   ϵ_nk^G0W0 (eV)
 
    1 (occ)    98         -18.325           8.236         -27.111         -17.393          -19.807
    2 (occ)    98         -12.651           5.185         -22.478         -15.455          -14.490
    3 (occ)    98          -7.961           3.696         -22.477         -17.307           -9.434
    4 (occ)    98          -4.583           2.550         -19.444         -15.782           -5.695
    5 (vir)    98           1.194          -3.361          -5.984         -11.219            3.068
    6 (vir)    98           6.103          -4.077          -6.645         -12.866            8.247
    7 (vir)    98          10.168          -3.660          -3.196          -8.542           11.854
    8 (vir)    98          12.488          -3.404          -3.123          -8.768           14.729
    9 (vir)    98          12.568          -2.834          -0.842          -5.402           14.293
   10 (vir)    98          18.008          -8.368          -6.204         -16.620           20.057
   11 (vir)    98          19.212          -6.778          -4.273         -12.798           20.959
   12 (vir)    98          21.912          -5.288          -4.159         -11.574           24.039
   13 (vir)    98          22.546          -5.970          -4.588         -13.642           25.630
   14 (vir)    98          29.461          -4.352          -4.448         -14.102           34.763
   15 (vir)    98          33.746          -2.408          -4.812         -13.901           40.426
   16 (vir)    98          34.586          -5.885          -2.618         -11.514           37.597
   17 (vir)    98          35.214          -1.365          -2.059         -10.425           42.215
   18 (vir)    98          45.934          -0.938          -3.454         -13.925           55.467
   19 (vir)    98          48.324          -1.377          -4.270         -14.336           57.012
   20 (vir)    98          54.025          -1.924          -4.961         -11.152           58.292
   21 (vir)    98          59.112           0.007          -3.293         -14.301           70.127
   22 (vir)    98          64.980          -1.845          -4.790         -12.893           71.238
   23 (vir)    98          75.463          -2.145          -5.519         -13.993           81.793
   24 (vir)    98          81.133           0.569          -2.961         -16.476           95.217
   25 (vir)    98         114.614          -0.539          -1.695         -13.271          125.651
   26 (vir)    98         240.538          -2.186          -0.565         -17.907          255.693
 
 
  kpoint:      99             coordinate:     0.0000    0.5000    0.0000
 
    n           k   ϵ_nk^DFT (eV)     Σ^c_nk (eV)     Σ^x_nk (eV)    v_nk^xc (eV)   ϵ_nk^G0W0 (eV)
 
    1 (occ)    99         -18.326           8.237         -27.111         -17.393          -19.807
    2 (occ)    99         -12.652           5.185         -22.478         -15.455          -14.490
    3 (occ)    99          -7.958           3.696         -22.477         -17.309           -9.431
    4 (occ)    99          -4.583           2.551         -19.444         -15.781           -5.696
    5 (vir)    99           1.194          -3.361          -5.985         -11.218            3.067
    6 (vir)    99           6.099          -4.076          -6.645         -12.865            8.243
    7 (vir)    99          10.168          -3.661          -3.195          -8.542           11.854
    8 (vir)    99          12.489          -3.406          -3.123          -8.770           14.729
    9 (vir)    99          12.568          -2.834          -0.842          -5.401           14.293
   10 (vir)    99          18.010          -8.329          -6.205         -16.625           20.100
   11 (vir)    99          19.234          -6.806          -4.273         -12.821           20.976
   12 (vir)    99          21.888          -5.247          -4.160         -11.552           24.034
   13 (vir)    99          22.554          -5.897          -4.585         -13.643           25.715
   14 (vir)    99          29.480          -4.350          -4.443         -14.102           34.788
   15 (vir)    99          33.754          -2.546          -4.900         -14.026           40.334
   16 (vir)    99          34.563          -6.051          -2.528         -11.386           37.370
   17 (vir)    99          35.209          -1.360          -2.058         -10.425           42.216
   18 (vir)    99          45.935          -0.938          -3.454         -13.926           55.469
   19 (vir)    99          48.372          -2.855          -4.274         -14.401           55.645
   20 (vir)    99          54.170          -1.976          -5.026         -11.278           58.447
   21 (vir)    99          59.112           0.007          -3.294         -14.302           70.127
   22 (vir)    99          65.172          -1.891          -4.879         -12.831           71.233
   23 (vir)    99          75.671          -2.258          -5.802         -13.876           81.487
   24 (vir)    99          81.119           0.417          -2.958         -16.477           95.055
   25 (vir)    99         114.597          -0.572          -1.692         -13.276          125.609
   26 (vir)    99         240.528          -2.184          -0.559         -17.906          255.690
 
 
  kpoint:     100             coordinate:     0.0000    0.4898    0.0000
 
    n           k   ϵ_nk^DFT (eV)     Σ^c_nk (eV)     Σ^x_nk (eV)    v_nk^xc (eV)   ϵ_nk^G0W0 (eV)
 
    1 (occ)   100         -18.332           8.238         -27.108         -17.388          -19.813
    2 (occ)   100         -12.642           5.184         -22.480         -15.460          -14.479
    3 (occ)   100          -7.956           3.695         -22.477         -17.309           -9.428
    4 (occ)   100          -4.593           2.552         -19.432         -15.766           -5.707
    5 (vir)   100           1.208          -3.363          -5.997         -11.235            3.082
    6 (vir)   100           6.098          -4.074          -6.641         -12.859            8.243
    7 (vir)   100          10.150          -3.638          -3.205          -8.546           11.853
    8 (vir)   100          12.495          -2.840          -0.867          -5.434           14.221
    9 (vir)   100          12.506          -3.395          -3.129          -8.783           14.765
   10 (vir)   100          17.995          -8.373          -6.204         -16.620           20.038
   11 (vir)   100          19.283          -6.795          -4.241         -12.776           21.023
   12 (vir)   100          21.891          -5.247          -4.159         -11.553           24.038
   13 (vir)   100          22.546          -6.314          -4.587         -13.623           25.269
   14 (vir)   100          29.493          -4.058          -4.443         -14.110           35.102
   15 (vir)   100          33.772          -2.213          -4.894         -14.031           40.695
   16 (vir)   100          34.556          -5.253          -2.548         -11.383           38.138
   17 (vir)   100          35.339          -1.359          -2.087         -10.505           42.399
   18 (vir)   100          45.986          -0.913          -3.444         -13.899           55.528
   19 (vir)   100          48.394          -2.778          -4.261         -14.402           55.756
   20 (vir)   100          54.203          -1.799          -4.497         -11.302           59.208
   21 (vir)   100          59.085           0.006          -3.294         -14.300           70.098
   22 (vir)   100          65.192          -1.742          -4.432         -12.824           71.843
   23 (vir)   100          75.691          -2.046          -5.207         -13.862           82.301
   24 (vir)   100          81.104           1.056          -3.002         -16.477           95.635
   25 (vir)   100         114.587          -0.372          -1.726         -13.274          125.763
   26 (vir)   100         240.536          -2.170          -0.755         -17.906          255.517
 
 
  kpoint:     101             coordinate:     0.0000    0.4796    0.0000
 
    n           k   ϵ_nk^DFT (eV)     Σ^c_nk (eV)     Σ^x_nk (eV)    v_nk^xc (eV)   ϵ_nk^G0W0 (eV)
 
    1 (occ)   101         -18.349           8.243         -27.099         -17.375          -19.831
    2 (occ)   101         -12.614           5.181         -22.487         -15.476          -14.444
    3 (occ)   101          -7.949           3.693         -22.476         -17.311           -9.421
    4 (occ)   101          -4.623           2.555         -19.395         -15.723           -5.740
    5 (vir)   101           1.248          -3.371          -6.034         -11.282            3.125
    6 (vir)   101           6.095          -4.069          -6.630         -12.842            8.238
    7 (vir)   101          10.096          -3.510          -3.232          -8.561           11.915
    8 (vir)   101          12.291          -2.853          -0.933          -5.517           14.021
    9 (vir)   101          12.554          -3.349          -3.144          -8.821           14.882
   10 (vir)   101          17.948          -8.151          -6.202         -16.606           20.201
   11 (vir)   101          19.419          -6.765          -4.160         -12.658           21.152
   12 (vir)   101          21.903          -5.248          -4.158         -11.553           24.050
   13 (vir)   101          22.522          -6.863          -4.589         -13.563           24.635
   14 (vir)   101          29.531          -7.638          -4.439         -14.132           31.586
   15 (vir)   101          33.825          -0.313          -4.877         -14.045           42.680
   16 (vir)   101          34.536          -5.775          -2.599         -11.375           37.538
   17 (vir)   101          35.713          -1.366          -2.170         -10.742           42.919
   18 (vir)   101          46.140          -0.839          -3.414         -13.821           55.708
   19 (vir)   101          48.457          -1.554          -4.230         -14.402           57.076
   20 (vir)   101          54.301          -1.346          -3.116         -11.372           61.211
   21 (vir)   101          59.006           0.005          -3.295         -14.295           70.011
   22 (vir)   101          65.255          -1.357          -3.237         -12.802           73.463
   23 (vir)   101          75.753          -1.502          -3.585         -13.820           84.486
   24 (vir)   101          81.060           1.449          -3.116         -16.478           95.870
   25 (vir)   101         114.555           0.468          -1.810         -13.270          126.484
   26 (vir)   101         240.559           0.631          -1.250         -17.907          257.847
 
 
  kpoint:     102             coordinate:     0.0000    0.4694    0.0000
 
    n           k   ϵ_nk^DFT (eV)     Σ^c_nk (eV)     Σ^x_nk (eV)    v_nk^xc (eV)   ϵ_nk^G0W0 (eV)
 
    1 (occ)   102         -18.378           8.249         -27.086         -17.353          -19.862
    2 (occ)   102         -12.568           5.188         -22.497         -15.501          -14.376
    3 (occ)   102          -7.939           3.690         -22.474         -17.313           -9.410
    4 (occ)   102          -4.671           2.562         -19.339         -15.655           -5.794
    5 (vir)   102           1.313          -3.385          -6.090         -11.358            3.196
    6 (vir)   102           6.089          -4.060          -6.610         -12.812            8.231
    7 (vir)   102          10.012          -3.404          -3.272          -8.586           11.921
    8 (vir)   102          11.991          -2.864          -1.016          -5.615           13.726
    9 (vir)   102          12.629          -3.249          -3.172          -8.884           15.092
   10 (vir)   102          17.871          -7.764          -6.202         -16.584           20.489
   11 (vir)   102          19.610          -6.728          -4.054         -12.507           21.336
   12 (vir)   102          21.921          -5.249          -4.157         -11.554           24.070
   13 (vir)   102          22.485          -6.057          -4.583         -13.465           25.311
   14 (vir)   102          29.592          -6.734          -4.431         -14.166           32.593
   15 (vir)   102          33.912          -7.670          -4.854         -14.069           35.457
   16 (vir)   102          34.505          -4.388          -2.659         -11.364           38.823
   17 (vir)   102          36.281          -1.402          -2.303         -11.119           43.694
   18 (vir)   102          46.404          -0.719          -3.364         -13.695           56.016
   19 (vir)   102          48.561          -3.271          -4.191         -14.403           55.503
   20 (vir)   102          54.461          -1.665          -1.406         -11.490           62.879
   21 (vir)   102          58.874           0.003          -3.297         -14.287           69.867
   22 (vir)   102          65.360          -2.096          -1.692         -12.768           74.340
   23 (vir)   102          75.859          -1.021          -1.388         -13.748           87.197
   24 (vir)   102          80.985          -3.526          -3.248         -16.479           90.691
   25 (vir)   102         114.503          -1.997          -1.906         -13.263          123.863
   26 (vir)   102         240.597          -2.569          -1.813         -17.908          254.122
 
 
  kpoint:     103             coordinate:     0.0000    0.4592    0.0000
 
    n           k   ϵ_nk^DFT (eV)     Σ^c_nk (eV)     Σ^x_nk (eV)    v_nk^xc (eV)   ϵ_nk^G0W0 (eV)
 
    1 (occ)   103         -18.418           8.258         -27.069         -17.324          -19.905
    2 (occ)   103         -12.504           5.143         -22.510         -15.536          -14.335
    3 (occ)   103          -7.923           3.685         -22.472         -17.317           -9.394
    4 (occ)   103          -4.737           2.572         -19.268         -15.566           -5.867
    5 (vir)   103           1.402          -3.404          -6.162         -11.455            3.291
    6 (vir)   103           6.080          -4.054          -6.580         -12.770            8.216
    7 (vir)   103           9.904          -3.358          -3.322          -8.622           11.845
    8 (vir)   103          11.636          -2.866          -1.097          -5.705           13.378
    9 (vir)   103          12.725          -3.270          -3.210          -8.972           15.217
   10 (vir)   103          17.764          -7.555          -6.208         -16.554           20.556
   11 (vir)   103          19.827          -6.690          -3.944         -12.353           21.546
   12 (vir)   103          21.947          -5.251          -4.154         -11.556           24.098
   13 (vir)   103          22.437          -5.789          -4.559         -13.330           25.420
   14 (vir)   103          29.670          -6.212          -4.415         -14.205           33.248
   15 (vir)   103          34.032          -5.846          -4.830         -14.102           37.457
   16 (vir)   103          34.467          -4.187          -2.706         -11.352           38.927
   17 (vir)   103          36.971          -1.482          -2.476         -11.605           44.618
   18 (vir)   103          46.787          -0.562          -3.298         -13.534           56.461
   19 (vir)   103          48.702          -3.113          -4.158         -14.404           55.834
   20 (vir)   103          54.682          -0.875          -0.004         -11.654           65.457
   21 (vir)   103          58.692          -0.001          -3.299         -14.275           69.667
   22 (vir)   103          65.510          -0.864          -0.317         -12.724           77.052
   23 (vir)   103          76.013          -0.598           0.751         -13.643           89.809
   24 (vir)   103          80.882          -3.293          -3.337         -16.481           90.731
   25 (vir)   103         114.432          -2.054          -1.968         -13.254          123.664
   26 (vir)   103         240.647          -2.665          -2.184         -17.910          253.707
 
 
  kpoint:     104             coordinate:     0.0000    0.4490    0.0000
 
    n           k   ϵ_nk^DFT (eV)     Σ^c_nk (eV)     Σ^x_nk (eV)    v_nk^xc (eV)   ϵ_nk^G0W0 (eV)
 
    1 (occ)   104         -18.468           8.268         -27.048         -17.289          -19.959
    2 (occ)   104         -12.424           5.140         -22.525         -15.578          -14.231
    3 (occ)   104          -7.904           3.679         -22.470         -17.321           -9.373
    4 (occ)   104          -4.818           2.586         -19.187         -15.463           -5.957
    5 (vir)   104           1.512          -3.429          -6.243         -11.569            3.409
    6 (vir)   104           6.069          -4.042          -6.540         -12.714            8.202
    7 (vir)   104           9.776          -3.366          -3.381          -8.672           11.702
    8 (vir)   104          11.259          -2.859          -1.168          -5.775           13.007
    9 (vir)   104          12.834          -3.303          -3.259          -9.086           15.358
   10 (vir)   104          17.631          -7.623          -6.222         -16.516           20.302
   11 (vir)   104          20.047          -6.656          -3.844         -12.214           21.762
   12 (vir)   104          21.981          -5.254          -4.151         -11.558           24.134
   13 (vir)   104          22.382          -5.754          -4.506         -13.162           25.283
   14 (vir)   104          29.760          -6.192          -4.387         -14.241           33.422
   15 (vir)   104          34.183          -6.021          -4.810         -14.142           37.494
   16 (vir)   104          34.428          -4.659          -2.730         -11.346           38.384
   17 (vir)   104          37.702          -1.597          -2.674         -12.155           45.586
   18 (vir)   104          47.290          -0.386          -3.221         -13.359           57.042
   19 (vir)   104          48.876          -3.254          -4.139         -14.404           55.887
   20 (vir)   104          54.959          -1.024           0.603         -11.865           66.403
   21 (vir)   104          58.459          -0.007          -3.301         -14.261           69.412
   22 (vir)   104          65.704          -1.166           0.422         -12.678           77.638
   23 (vir)   104          76.223          -1.295           2.180         -13.499           90.608
   24 (vir)   104          80.749          -3.353          -3.346         -16.482           90.533
   25 (vir)   104         114.344          -2.022          -1.970         -13.241          123.594
   26 (vir)   104         240.706          -3.437          -2.191         -17.912          252.990
 
 
  kpoint:     105             coordinate:     0.0000    0.4388    0.0000
 
    n           k   ϵ_nk^DFT (eV)     Σ^c_nk (eV)     Σ^x_nk (eV)    v_nk^xc (eV)   ϵ_nk^G0W0 (eV)
 
    1 (occ)   105         -18.527           8.282         -27.025         -17.249          -20.021
    2 (occ)   105         -12.328           5.103         -22.541         -15.627          -14.138
    3 (occ)   105          -7.881           3.672         -22.467         -17.327           -9.348
    4 (occ)   105          -4.913           2.604         -19.102         -15.349           -6.062
    5 (vir)   105           1.640          -3.459          -6.328         -11.692            3.546
    6 (vir)   105           6.055          -4.025          -6.488         -12.643            8.185
    7 (vir)   105           9.636          -3.391          -3.449          -8.737           11.533
    8 (vir)   105          10.882          -2.851          -1.225          -5.827           12.632
    9 (vir)   105          12.951          -3.408          -3.318          -9.227           15.452
   10 (vir)   105          17.471          -7.878          -6.246         -16.473           19.820
   11 (vir)   105          20.258          -6.625          -3.757         -12.096           21.971
   12 (vir)   105          22.022          -5.258          -4.148         -11.561           24.178
   13 (vir)   105          22.324          -6.341          -4.419         -12.961           24.526
   14 (vir)   105          29.855          -6.743          -4.342         -14.264           33.034
   15 (vir)   105          34.364          -7.794          -4.795         -14.187           35.963
   16 (vir)   105          34.393          -3.405          -2.737         -11.353           39.604
   17 (vir)   105          38.401          -1.719          -2.879         -12.711           46.513
   18 (vir)   105          47.903          -0.223          -3.148         -13.207           57.739
   19 (vir)   105          49.080          -4.363          -4.130         -14.403           54.989
   20 (vir)   105          55.287          -1.399           0.262         -12.120           66.269
   21 (vir)   105          58.180          -0.015          -3.305         -14.243           69.103
   22 (vir)   105          65.946          -1.258           0.281         -12.636           77.604
   23 (vir)   105          76.498          -0.914           2.401         -13.312           91.298
   24 (vir)   105          80.588          -3.036          -3.273         -16.485           90.764
   25 (vir)   105         114.239          -1.962          -1.909         -13.226          123.594
   26 (vir)   105         240.770          -2.273          -1.834         -17.914          254.577
 
 
  kpoint:     106             coordinate:     0.0000    0.4286    0.0000
 
    n           k   ϵ_nk^DFT (eV)     Σ^c_nk (eV)     Σ^x_nk (eV)    v_nk^xc (eV)   ϵ_nk^G0W0 (eV)
 
    1 (occ)   106         -18.594           8.301         -27.001         -17.204          -20.090
    2 (occ)   106         -12.217           5.067         -22.557         -15.682          -14.025
    3 (occ)   106          -7.853           3.664         -22.463         -17.333           -9.319
    4 (occ)   106          -5.020           2.627         -19.017         -15.230           -6.180
    5 (vir)   106           1.785          -3.494          -6.412         -11.820            3.699
    6 (vir)   106           6.038          -4.009          -6.424         -12.555            8.159
    7 (vir)   106           9.486          -3.435          -3.529          -8.818           11.340
    8 (vir)   106          10.520          -2.844          -1.271          -5.864           12.268
    9 (vir)   106          13.071          -3.705          -3.387          -9.394           15.374
   10 (vir)   106          17.287          -8.057          -6.278         -16.425           19.377
   11 (vir)   106          20.455          -6.601          -3.686         -12.000           22.169
   12 (vir)   106          22.071          -5.263          -4.143         -11.564           24.228
   13 (vir)   106          22.268          -5.110          -4.298         -12.731           25.591
   14 (vir)   106          29.944          -6.482          -4.274         -14.263           33.452
   15 (vir)   106          34.371          -5.523          -2.746         -11.375           37.477
   16 (vir)   106          34.572          -2.199          -4.787         -14.242           41.828
   17 (vir)   106          39.016          -1.823          -3.072         -13.219           47.341
   18 (vir)   106          48.595          -0.102          -3.089         -13.109           58.514
   19 (vir)   106          49.307          -2.572          -4.121         -14.399           57.014
   20 (vir)   106          55.658          -1.866          -0.801         -12.415           65.405
   21 (vir)   106          57.855          -0.025          -3.309         -14.223           68.744
   22 (vir)   106          66.234          -1.755          -0.661         -12.610           76.428
   23 (vir)   106          76.853          -1.999           1.242         -13.075           89.171
   24 (vir)   106          80.399           1.329          -3.156         -16.487           95.058
   25 (vir)   106         114.119           0.392          -1.813         -13.209          125.907
   26 (vir)   106         240.836          -2.350          -1.283         -17.917          255.121
 
 
  kpoint:     107             coordinate:     0.0000    0.4184    0.0000
 
    n           k   ϵ_nk^DFT (eV)     Σ^c_nk (eV)     Σ^x_nk (eV)    v_nk^xc (eV)   ϵ_nk^G0W0 (eV)
 
    1 (occ)   107         -18.668           8.326         -26.977         -17.157          -20.161
    2 (occ)   107         -12.092           5.029         -22.573         -15.741          -13.895
    3 (occ)   107          -7.821           3.654         -22.459         -17.341           -9.285
    4 (occ)   107          -5.136           2.655         -18.936         -15.108           -6.308
    5 (vir)   107           1.943          -3.533          -6.491         -11.947            3.866
    6 (vir)   107           6.016          -3.988          -6.348         -12.448            8.128
    7 (vir)   107           9.330          -3.454          -3.622          -8.917           11.172
    8 (vir)   107          10.180          -2.839          -1.308          -5.892           11.925
    9 (vir)   107          13.189          -4.315          -3.471          -9.589           14.992
   10 (vir)   107          17.083          -7.992          -6.315         -16.372           19.147
   11 (vir)   107          20.641          -6.581          -3.628         -11.923           22.355
   12 (vir)   107          22.126          -5.269          -4.138         -11.567           24.286
   13 (vir)   107          22.218          -5.397          -4.156         -12.474           25.139
   14 (vir)   107          30.021          -5.415          -4.182         -14.226           34.651
   15 (vir)   107          34.370          -6.028          -2.785         -11.428           36.986
   16 (vir)   107          34.804          -3.386          -4.779         -14.300           40.940
   17 (vir)   107          39.527          -1.895          -3.239         -13.645           48.039
   18 (vir)   107          49.318          -0.018          -3.053         -13.082           59.329
   19 (vir)   107          49.551          -2.811          -4.099         -14.393           57.034
   20 (vir)   107          56.065          -2.121          -2.112         -12.743           64.575
   21 (vir)   107          57.488          -0.037          -3.314         -14.200           68.337
   22 (vir)   107          66.569          -2.064          -2.009         -12.612           75.107
   23 (vir)   107          77.303          -2.935          -1.037         -12.781           86.113
   24 (vir)   107          80.184           0.507          -3.056         -16.488           94.123
   25 (vir)   107         113.985          -0.438          -1.719         -13.189          125.016
   26 (vir)   107         240.899          -2.296          -0.792         -17.921          255.733
 
 
  kpoint:     108             coordinate:     0.0000    0.4082    0.0000
 
    n           k   ϵ_nk^DFT (eV)     Σ^c_nk (eV)     Σ^x_nk (eV)    v_nk^xc (eV)   ϵ_nk^G0W0 (eV)
 
    1 (occ)   108         -18.748           8.358         -26.953         -17.109          -20.235
    2 (occ)   108         -11.955           4.989         -22.587         -15.803          -13.749
    3 (occ)   108          -7.785           3.643         -22.454         -17.349           -9.247
    4 (occ)   108          -5.260           2.687         -18.861         -14.988           -6.445
    5 (vir)   108           2.111          -3.574          -6.562         -12.069            4.043
    6 (vir)   108           5.991          -3.960          -6.258         -12.321            8.094
    7 (vir)   108           9.172          -3.443          -3.732          -9.037           11.034
    8 (vir)   108           9.864          -2.837          -1.337          -5.917           11.607
    9 (vir)   108          13.300          -4.270          -3.577          -9.812           15.265
   10 (vir)   108          16.858          -7.929          -6.354         -16.317           18.892
   11 (vir)   108          20.816          -6.567          -3.581         -11.863           22.531
   12 (vir)   108          22.180          -5.280          -4.010         -12.192           25.082
   13 (vir)   108          22.190          -5.276          -4.133         -11.571           24.351
   14 (vir)   108          30.077          -5.866          -4.069         -14.145           34.287
   15 (vir)   108          34.398          -4.917          -2.865         -11.517           38.133
   16 (vir)   108          35.059          -3.747          -4.765         -14.361           40.909
   17 (vir)   108          39.934          -1.935          -3.375         -13.979           48.603
   18 (vir)   108          49.808          -2.985          -4.058         -14.382           57.147
   19 (vir)   108          50.017           0.042          -3.041         -13.122           60.140
   20 (vir)   108          56.498          -2.001          -3.174         -13.096           64.419
   21 (vir)   108          57.080          -0.049          -3.319         -14.174           67.887
   22 (vir)   108          66.945          -1.968          -3.214         -12.658           74.420
   23 (vir)   108          77.873          -3.249          -3.735         -12.426           83.315
   24 (vir)   108          79.943           0.868          -3.026         -16.490           94.276
   25 (vir)   108         113.837          -0.685          -1.663         -13.166          124.654
   26 (vir)   108         240.955          -2.216          -0.581         -17.924          256.082
 
 
  kpoint:     109             coordinate:     0.0000    0.3980    0.0000
 
    n           k   ϵ_nk^DFT (eV)     Σ^c_nk (eV)     Σ^x_nk (eV)    v_nk^xc (eV)   ϵ_nk^G0W0 (eV)
 
    1 (occ)   109         -18.833           8.393         -26.930         -17.059          -20.312
    2 (occ)   109         -11.806           4.946         -22.599         -15.868          -13.591
    3 (occ)   109          -7.745           3.631         -22.449         -17.359           -9.204
    4 (occ)   109          -5.390           2.723         -18.793         -14.871           -6.589
    5 (vir)   109           2.288          -3.618          -6.624         -12.182            4.228
    6 (vir)   109           5.960          -3.924          -6.153         -12.170            8.054
    7 (vir)   109           9.014          -3.412          -3.858          -9.178           10.922
    8 (vir)   109           9.574          -2.840          -1.361          -5.943           11.315
    9 (vir)   109          13.401          -4.576          -3.708         -10.060           15.177
   10 (vir)   109          16.617          -7.467          -6.391         -16.259           19.018
   11 (vir)   109          20.984          -6.556          -3.544         -11.816           22.701
   12 (vir)   109          22.158          -4.441          -3.879         -11.890           25.729
   13 (vir)   109          22.260          -5.285          -4.126         -11.575           24.424
   14 (vir)   109          30.105          -5.490          -3.947         -14.015           34.683
   15 (vir)   109          34.461          -4.760          -2.981         -11.642           38.362
   16 (vir)   109          35.334          -3.605          -4.742         -14.426           41.413
   17 (vir)   109          40.248          -1.951          -3.484         -14.230           49.044
   18 (vir)   109          50.071          -3.058          -3.999         -14.368           57.382
   19 (vir)   109          50.645           0.089          -3.049         -13.210           60.894
   20 (vir)   109          56.636          -0.061          -3.325         -14.147           67.397
   21 (vir)   109          56.947          -1.339          -3.687         -13.460           65.381
   22 (vir)   109          67.356          -1.344          -3.814         -12.760           74.958
   23 (vir)   109          78.589          -2.431          -5.846         -12.011           82.323
   24 (vir)   109          79.679           3.371          -3.084         -16.491           96.457
   25 (vir)   109         113.675          -0.617          -1.661         -13.140          124.537
   26 (vir)   109         240.997          -2.458          -0.734         -17.928          255.733
 
 
  kpoint:     110             coordinate:     0.0000    0.3878    0.0000
 
    n           k   ϵ_nk^DFT (eV)     Σ^c_nk (eV)     Σ^x_nk (eV)    v_nk^xc (eV)   ϵ_nk^G0W0 (eV)
 
    1 (occ)   110         -18.923           8.428         -26.909         -17.010          -20.394
    2 (occ)   110         -11.647           4.900         -22.608         -15.934          -13.421
    3 (occ)   110          -7.701           3.618         -22.444         -17.370           -9.157
    4 (occ)   110          -5.525           2.763         -18.732         -14.757           -6.737
    5 (vir)   110           2.472          -3.662          -6.674         -12.282            4.417
    6 (vir)   110           5.924          -3.882          -6.031         -11.995            8.006
    7 (vir)   110           8.858          -3.385          -4.001          -9.343           10.815
    8 (vir)   110           9.308          -2.850          -1.383          -5.973           11.048
    9 (vir)   110          13.488          -4.058          -3.866         -10.333           15.897
   10 (vir)   110          16.360          -6.969          -6.426         -16.199           19.164
   11 (vir)   110          21.149          -6.549          -3.514         -11.781           22.867
   12 (vir)   110          22.158          -4.759          -3.772         -11.571           25.197
   13 (vir)   110          22.338          -5.295          -4.119         -11.580           24.503
   14 (vir)   110          30.101          -6.785          -3.825         -13.838           33.328
   15 (vir)   110          34.563          -3.978          -3.111         -11.800           39.275
   16 (vir)   110          35.625          -1.329          -4.708         -14.492           44.081
   17 (vir)   110          40.488          -1.948          -3.569         -14.414           49.384
   18 (vir)   110          50.334          -3.425          -3.929         -14.348           57.328
   19 (vir)   110          51.165           0.117          -3.070         -13.324           61.536
   20 (vir)   110          56.159          -0.071          -3.332         -14.117           66.873
   21 (vir)   110          57.404          -3.211          -3.642         -13.821           64.373
   22 (vir)   110          67.790          -2.260          -3.659         -12.923           74.794
   23 (vir)   110          79.394          -4.103          -3.209         -16.491           88.572
   24 (vir)   110          79.484          -1.893          -6.354         -11.545           82.782
   25 (vir)   110         113.496          -0.022          -1.708         -13.112          124.878
   26 (vir)   110         241.020          -2.279          -1.163         -17.932          255.510
 
 
  kpoint:     111             coordinate:     0.0000    0.3776    0.0000
 
    n           k   ϵ_nk^DFT (eV)     Σ^c_nk (eV)     Σ^x_nk (eV)    v_nk^xc (eV)   ϵ_nk^G0W0 (eV)
 
    1 (occ)   111         -19.015           8.460         -26.890         -16.961          -20.484
    2 (occ)   111         -11.478           4.850         -22.615         -16.002          -13.242
    3 (occ)   111          -7.653           3.604         -22.438         -17.381           -9.106
    4 (occ)   111          -5.664           2.806         -18.680         -14.649           -6.889
    5 (vir)   111           2.660          -3.705          -6.712         -12.368            4.610
    6 (vir)   111           5.881          -3.837          -5.892         -11.792            7.945
    7 (vir)   111           8.705          -3.380          -4.160          -9.534           10.700
    8 (vir)   111           9.065          -2.867          -1.405          -6.012           10.805
    9 (vir)   111          13.558          -3.954          -4.042         -10.625           16.188
   10 (vir)   111          16.091          -6.615          -6.459         -16.139           19.156
   11 (vir)   111          21.312          -6.545          -3.491         -11.756           23.032
   12 (vir)   111          22.183          -4.102          -3.687         -11.242           25.636
   13 (vir)   111          22.423          -5.305          -4.112         -11.585           24.591
   14 (vir)   111          30.066          -5.445          -3.711         -13.623           34.532
   15 (vir)   111          34.705          -3.868          -3.229         -11.981           39.590
   16 (vir)   111          35.931          -5.957          -4.665         -14.561           39.870
   17 (vir)   111          40.666          -1.933          -3.638         -14.548           49.643
   18 (vir)   111          50.592          -3.290          -3.861         -14.323           57.763
   19 (vir)   111          51.557           0.113          -3.096         -13.445           62.020
   20 (vir)   111          55.651          -0.077          -3.339         -14.086           66.320
   21 (vir)   111          57.860          -1.584          -3.256         -14.167           67.187
   22 (vir)   111          68.234          -0.672          -2.977         -13.143           77.728
   23 (vir)   111          79.090          -3.322          -3.346         -16.493           88.914
   24 (vir)   111          80.594           1.697          -4.648         -11.044           88.688
   25 (vir)   111         113.297          -1.172          -1.776         -13.081          123.431
   26 (vir)   111         241.020          -2.371          -1.654         -17.936          254.931
 
 
  kpoint:     112             coordinate:     0.0000    0.3673    0.0000
 
    n           k   ϵ_nk^DFT (eV)     Σ^c_nk (eV)     Σ^x_nk (eV)    v_nk^xc (eV)   ϵ_nk^G0W0 (eV)
 
    1 (occ)   112         -19.111           8.487         -26.872         -16.912          -20.584
    2 (occ)   112         -11.301           4.794         -22.619         -16.071          -13.055
    3 (occ)   112          -7.601           3.588         -22.433         -17.394           -9.051
    4 (occ)   112          -5.805           2.852         -18.636         -14.546           -7.044
    5 (vir)   112           2.849          -3.745          -6.737         -12.434            4.802
    6 (vir)   112           5.831          -3.787          -5.735         -11.561            7.871
    7 (vir)   112           8.559          -3.384          -4.335          -9.752           10.592
    8 (vir)   112           8.844          -2.894          -1.428          -6.064           10.586
    9 (vir)   112          13.608          -4.007          -4.226         -10.932           16.306
   10 (vir)   112          15.810          -6.465          -6.493         -16.077           18.930
   11 (vir)   112          21.476          -6.543          -3.473         -11.737           23.197
   12 (vir)   112          22.240          -3.776          -3.604         -10.911           25.771
   13 (vir)   112          22.515          -5.316          -4.103         -11.590           24.685
   14 (vir)   112          30.001          -5.041          -3.599         -13.381           34.741
   15 (vir)   112          34.886          -4.144          -3.321         -12.171           39.593
   16 (vir)   112          36.250          -5.132          -4.618         -14.630           41.129
   17 (vir)   112          40.796          -1.908          -3.693         -14.643           49.837
   18 (vir)   112          50.839          -3.326          -3.802         -14.291           58.002
   19 (vir)   112          51.816           0.053          -3.123         -13.561           62.308
   20 (vir)   112          55.116          -0.078          -3.347         -14.053           65.743
   21 (vir)   112          58.310          -1.362          -2.815         -14.484           68.617
   22 (vir)   112          68.672          -0.364          -2.200         -13.406           79.514
   23 (vir)   112          78.769          -3.347          -3.439         -16.493           88.476
   24 (vir)   112          81.955           4.336          -0.880         -10.541           95.951
   25 (vir)   112         113.076          -2.018          -1.832         -13.047          122.273
   26 (vir)   112         240.992          -2.513          -1.975         -17.940          254.443
 
 
  kpoint:     113             coordinate:     0.0000    0.3571    0.0000
 
    n           k   ϵ_nk^DFT (eV)     Σ^c_nk (eV)     Σ^x_nk (eV)    v_nk^xc (eV)   ϵ_nk^G0W0 (eV)
 
    1 (occ)   113         -19.208           8.511         -26.857         -16.865          -20.688
    2 (occ)   113         -11.117           4.735         -22.620         -16.141          -12.861
    3 (occ)   113          -7.546           3.572         -22.426         -17.408           -8.992
    4 (occ)   113          -5.948           2.900         -18.599         -14.448           -7.199
    5 (vir)   113           3.038          -3.778          -6.746         -12.477            4.991
    6 (vir)   113           5.773          -3.727          -5.560         -11.302            7.789
    7 (vir)   113           8.420          -3.420          -4.524          -9.996           10.472
    8 (vir)   113           8.645          -2.932          -1.456          -6.133           10.390
    9 (vir)   113          13.635          -4.137          -4.409         -11.246           16.336
   10 (vir)   113          15.521          -6.430          -6.528         -16.016           18.579
   11 (vir)   113          21.643          -6.543          -3.459         -11.724           23.365
   12 (vir)   113          22.331          -3.768          -3.492         -10.587           25.658
   13 (vir)   113          22.614          -5.328          -4.095         -11.596           24.787
   14 (vir)   113          29.911          -5.147          -3.475         -13.122           34.410
   15 (vir)   113          35.103          -5.046          -3.384         -12.357           39.030
   16 (vir)   113          36.578          -5.107          -4.573         -14.699           41.597
   17 (vir)   113          40.886          -1.877          -3.740         -14.711           49.981
   18 (vir)   113          51.072          -3.816          -3.755         -14.253           57.754
   19 (vir)   113          51.947          -0.070          -3.147         -13.665           62.394
   20 (vir)   113          54.557          -0.074          -3.356         -14.018           65.145
   21 (vir)   113          58.748          -1.503          -2.526         -14.764           69.483
   22 (vir)   113          69.090          -0.480          -1.698         -13.689           80.600
   23 (vir)   113          78.435          -3.531          -3.453         -16.493           87.944
   24 (vir)   113          83.598           5.773           3.973         -10.064          103.408
   25 (vir)   113         112.827          -1.881          -1.845         -13.011          122.111
   26 (vir)   113         240.929          -3.620          -1.983         -17.944          253.270
 
 
  kpoint:     114             coordinate:     0.0000    0.3469    0.0000
 
    n           k   ϵ_nk^DFT (eV)     Σ^c_nk (eV)     Σ^x_nk (eV)    v_nk^xc (eV)   ϵ_nk^G0W0 (eV)
 
    1 (occ)   114         -19.306           8.536         -26.844         -16.820          -20.794
    2 (occ)   114         -10.925           4.673         -22.619         -16.210          -12.660
    3 (occ)   114          -7.487           3.554         -22.420         -17.423           -8.930
    4 (occ)   114          -6.091           2.950         -18.569         -14.355           -7.355
    5 (vir)   114           3.225          -3.803          -6.738         -12.492            5.175
    6 (vir)   114           5.706          -3.658          -5.369         -11.018            7.697
    7 (vir)   114           8.290          -3.459          -4.725         -10.264           10.370
    8 (vir)   114           8.465          -2.983          -1.492          -6.226           10.216
    9 (vir)   114          13.638          -4.372          -4.583         -11.559           16.242
   10 (vir)   114          15.223          -6.476          -6.566         -15.955           18.136
   11 (vir)   114          21.814          -6.546          -3.448         -11.716           23.536
   12 (vir)   114          22.461          -4.483          -3.325         -10.283           24.936
   13 (vir)   114          22.720          -5.340          -4.085         -11.601           24.897
   14 (vir)   114          29.803          -5.424          -3.331         -12.853           33.901
   15 (vir)   114          35.350          -2.314          -3.426         -12.531           42.141
   16 (vir)   114          36.914          -5.673          -4.535         -14.769           41.474
   17 (vir)   114          40.945          -1.841          -3.780         -14.759           50.083
   18 (vir)   114          51.286          -3.182          -3.715         -14.209           58.597
   19 (vir)   114          51.960          -0.229          -3.168         -13.752           62.314
   20 (vir)   114          53.978          -0.064          -3.365         -13.983           64.531
   21 (vir)   114          59.173          -2.375          -2.453         -15.004           69.348
   22 (vir)   114          69.478          -1.017          -1.594         -13.967           80.833
   23 (vir)   114          78.090           0.794          -3.395         -16.493           91.983
   24 (vir)   114          85.553           4.780           8.487          -9.643          108.463
   25 (vir)   114         112.543          -1.898          -1.800         -12.972          121.816
   26 (vir)   114         240.828          -2.422          -1.687         -17.948          254.667
 
 
  kpoint:     115             coordinate:     0.0000    0.3367    0.0000
 
    n           k   ϵ_nk^DFT (eV)     Σ^c_nk (eV)     Σ^x_nk (eV)    v_nk^xc (eV)   ϵ_nk^G0W0 (eV)
 
    1 (occ)   115         -19.405           8.567         -26.833         -16.776          -20.895
    2 (occ)   115         -10.727           4.610         -22.615         -16.281          -12.452
    3 (occ)   115          -7.424           3.535         -22.414         -17.440           -8.864
    4 (occ)   115          -6.234           3.000         -18.545         -14.268           -7.510
    5 (vir)   115           3.407          -3.817          -6.712         -12.473            5.351
    6 (vir)   115           5.628          -3.587          -5.166         -10.711            7.588
    7 (vir)   115           8.171          -3.507          -4.936         -10.551           10.279
    8 (vir)   115           8.306          -3.049          -1.540          -6.348           10.065
    9 (vir)   115          13.616          -5.014          -4.750         -11.863           15.715
   10 (vir)   115          14.920          -6.596          -6.606         -15.894           17.612
   11 (vir)   115          21.990          -6.552          -3.439         -11.712           23.712
   12 (vir)   115          22.631          -5.323          -3.096         -10.010           24.223
   13 (vir)   115          22.834          -5.352          -4.075         -11.608           25.015
   14 (vir)   115          29.685          -7.502          -3.165         -12.577           31.594
   15 (vir)   115          35.623          -4.284          -3.452         -12.684           40.571
   16 (vir)   115          37.255          -2.645          -4.505         -14.838           44.944
   17 (vir)   115          40.976          -1.798          -3.816         -14.790           50.153
   18 (vir)   115          51.478          -1.829          -3.674         -14.158           60.134
   19 (vir)   115          51.870          -0.375          -3.185         -13.823           62.133
   20 (vir)   115          53.381          -0.049          -3.375         -13.947           63.904
   21 (vir)   115          59.584          -0.779          -2.549         -15.204           71.460
   22 (vir)   115          69.830          -0.918          -1.786         -14.224           81.350
   23 (vir)   115          77.739           0.819          -3.304         -16.494           91.747
   24 (vir)   115          87.841           3.757          11.486          -9.296          112.380
   25 (vir)   115         112.218          -0.014          -1.704         -12.930          123.430
   26 (vir)   115         240.684          -2.410          -1.237         -17.951          254.988
 
 
  kpoint:     116             coordinate:     0.0000    0.3265    0.0000
 
    n           k   ϵ_nk^DFT (eV)     Σ^c_nk (eV)     Σ^x_nk (eV)    v_nk^xc (eV)   ϵ_nk^G0W0 (eV)
 
    1 (occ)   116         -19.504           8.605         -26.825         -16.734          -20.990
    2 (occ)   116         -10.524           4.545         -22.609         -16.351          -12.237
    3 (occ)   116          -7.359           3.515         -22.407         -17.457           -8.794
    4 (occ)   116          -6.376           3.052         -18.526         -14.186           -7.664
    5 (vir)   116           3.582          -3.816          -6.662         -12.413            5.517
    6 (vir)   116           5.541          -3.507          -4.954         -10.390            7.469
    7 (vir)   116           8.063          -3.559          -5.152         -10.851           10.203
    8 (vir)   116           8.168          -3.133          -1.603          -6.507            9.938
    9 (vir)   116          13.568          -4.985          -4.917         -12.151           15.817
   10 (vir)   116          14.612          -6.627          -6.648         -15.833           17.170
   11 (vir)   116          22.172          -6.559          -3.432         -11.710           23.892
   12 (vir)   116          22.844          -6.804          -2.837          -9.784           22.987
   13 (vir)   116          22.954          -5.364          -4.064         -11.614           25.139
   14 (vir)   116          29.564         -10.118          -2.990         -12.291           28.747
   15 (vir)   116          35.918          -4.909          -3.467         -12.814           40.356
   16 (vir)   116          37.599          -5.022          -4.478         -14.907           43.006
   17 (vir)   116          40.984          -1.748          -3.848         -14.810           50.198
   18 (vir)   116          51.647          -0.211          -3.623         -14.102           61.914
   19 (vir)   116          51.694          -0.480          -3.197         -13.877           61.893
   20 (vir)   116          52.770          -0.031          -3.386         -13.910           63.263
   21 (vir)   116          59.984          -1.276          -2.717         -15.366           71.356
   22 (vir)   116          70.146          -1.169          -2.083         -14.449           81.343
   23 (vir)   116          77.384           0.710          -3.234         -16.494           91.354
   24 (vir)   116          90.476           0.507          12.638          -9.032          112.654
   25 (vir)   116         111.845          -0.563          -1.588         -12.887          122.581
   26 (vir)   116         240.494          -2.328          -0.840         -17.955          255.281
 
 
  kpoint:     117             coordinate:     0.0000    0.3163    0.0000
 
    n           k   ϵ_nk^DFT (eV)     Σ^c_nk (eV)     Σ^x_nk (eV)    v_nk^xc (eV)   ϵ_nk^G0W0 (eV)
 
    1 (occ)   117         -19.603           8.648         -26.818         -16.694          -21.079
    2 (occ)   117         -10.316           4.479         -22.601         -16.421          -12.017
    3 (occ)   117          -7.290           3.495         -22.401         -17.475           -8.720
    4 (occ)   117          -6.517           3.104         -18.511         -14.109           -7.816
    5 (vir)   117           3.746          -3.797          -6.586         -12.305            5.668
    6 (vir)   117           5.442          -3.422          -4.741         -10.060            7.339
    7 (vir)   117           7.967          -3.610          -5.368         -11.157           10.145
    8 (vir)   117           8.050          -3.238          -1.686          -6.710            9.836
    9 (vir)   117          13.495          -4.968          -5.089         -12.416           15.855
   10 (vir)   117          14.301          -6.528          -6.690         -15.773           16.856
   11 (vir)   117          22.360          -6.567          -3.426         -11.710           24.078
   12 (vir)   117          23.081          -5.378          -4.052         -11.621           25.271
   13 (vir)   117          23.099          -6.741          -2.615          -9.617           23.360
   14 (vir)   117          29.451         -10.023          -2.827         -11.992           28.594
   15 (vir)   117          36.233          -5.370          -3.469         -12.918           40.312
   16 (vir)   117          37.944          -5.582          -4.452         -14.975           42.885
   17 (vir)   117          40.973          -1.690          -3.879         -14.820           50.223
   18 (vir)   117          51.447          -0.548          -3.205         -13.917           61.611
   19 (vir)   117          51.791          -1.045          -3.558         -14.040           61.227
   20 (vir)   117          52.148          -0.013          -3.397         -13.872           62.611
   21 (vir)   117          60.374          -1.191          -2.881         -15.495           71.797
   22 (vir)   117          70.426          -1.173          -2.335         -14.639           81.557
   23 (vir)   117          77.028           1.755          -3.225         -16.495           92.053
   24 (vir)   117          93.469          -2.107          12.597          -8.851          112.810
   25 (vir)   117         111.416          -0.829          -1.493         -12.842          121.936
   26 (vir)   117         240.255          -2.243          -0.659         -17.958          255.310
 
 
  kpoint:     118             coordinate:     0.0000    0.3061    0.0000
 
    n           k   ϵ_nk^DFT (eV)     Σ^c_nk (eV)     Σ^x_nk (eV)    v_nk^xc (eV)   ϵ_nk^G0W0 (eV)
 
    1 (occ)   118         -19.701           8.692         -26.812         -16.656          -21.165
    2 (occ)   118         -10.104           4.412         -22.591         -16.491          -11.792
    3 (occ)   118          -7.217           3.473         -22.395         -17.495           -8.644
    4 (occ)   118          -6.657           3.156         -18.501         -14.037           -7.965
    5 (vir)   118           3.898          -3.758          -6.480         -12.142            5.803
    6 (vir)   118           5.334          -3.336          -4.530          -9.731            7.198
    7 (vir)   118           7.883          -3.660          -5.581         -11.459           10.101
    8 (vir)   118           7.955          -3.366          -1.794          -6.965            9.759
    9 (vir)   118          13.398          -5.371          -5.267         -12.655           15.415
   10 (vir)   118          13.988          -6.310          -6.732         -15.714           16.661
   11 (vir)   118          22.554          -6.575          -3.422         -11.712           24.270
   12 (vir)   118          23.214          -5.392          -4.040         -11.627           25.410
   13 (vir)   118          23.395          -4.937          -2.509          -9.525           25.474
   14 (vir)   118          29.356          -6.444          -2.699         -11.671           31.884
   15 (vir)   118          36.565          -5.656          -3.457         -12.994           40.446
   16 (vir)   118          38.288          -5.579          -4.422         -15.041           43.330
   17 (vir)   118          40.943          -1.624          -3.909         -14.821           50.231
   18 (vir)   118          51.145          -0.589          -3.209         -13.946           61.293
   19 (vir)   118          51.517           0.002          -3.408         -13.835           61.945
   20 (vir)   118          51.909          -3.606          -3.481         -13.974           58.796
   21 (vir)   118          60.758          -0.263          -3.001         -15.595           73.089
   22 (vir)   118          70.674          -0.816          -2.485         -14.796           82.168
   23 (vir)   118          76.675          -3.739          -3.285         -16.496           86.147
   24 (vir)   118          96.825          -2.802          12.602          -8.747          115.373
   25 (vir)   118         110.924          -0.824          -1.459         -12.796          121.437
   26 (vir)   118         239.964           0.871          -0.741         -17.961          258.056
 
 
  kpoint:     119             coordinate:     0.0000    0.2959    0.0000
 
    n           k   ϵ_nk^DFT (eV)     Σ^c_nk (eV)     Σ^x_nk (eV)    v_nk^xc (eV)   ϵ_nk^G0W0 (eV)
 
    1 (occ)   119         -19.798           8.734         -26.809         -16.619          -21.254
    2 (occ)   119          -9.889           4.344         -22.579         -16.562          -11.563
    3 (occ)   119          -7.142           3.451         -22.389         -17.516           -8.564
    4 (occ)   119          -6.794           3.208         -18.495         -13.969           -8.112
    5 (vir)   119           4.035          -3.695          -6.340         -11.918            5.918
    6 (vir)   119           5.215          -3.249          -4.328          -9.409            7.047
    7 (vir)   119           7.811          -3.710          -5.784         -11.750           10.067
    8 (vir)   119           7.883          -3.519          -1.933          -7.278            9.709
    9 (vir)   119          13.278          -4.867          -5.445         -12.865           15.831
   10 (vir)   119          13.674          -6.039          -6.773         -15.655           16.517
   11 (vir)   119          22.755          -6.583          -3.418         -11.715           24.468
   12 (vir)   119          23.354          -5.406          -4.028         -11.634           25.555
   13 (vir)   119          23.726          -2.853          -2.569          -9.525           27.828
   14 (vir)   119          29.293          -3.611          -2.626         -11.318           34.374
   15 (vir)   119          36.912          -5.418          -3.437         -13.040           41.098
   16 (vir)   119          38.630          -4.764          -4.385         -15.107           44.587
   17 (vir)   119          40.898          -1.555          -3.938         -14.815           50.220
   18 (vir)   119          50.800          -0.611          -3.210         -13.966           60.945
   19 (vir)   119          50.880           0.009          -3.420         -13.797           61.265
   20 (vir)   119          52.002          -3.677          -3.397         -13.903           58.832
   21 (vir)   119          61.138          -5.859          -3.077         -15.673           67.874
   22 (vir)   119          70.893          -4.195          -2.545         -14.923           79.076
   23 (vir)   119          76.327          -3.217          -3.391         -16.497           86.216
   24 (vir)   119         100.545          -0.796          13.753          -8.712          122.214
   25 (vir)   119         110.362          -0.193          -1.500         -12.749          121.418
   26 (vir)   119         239.622          -2.308          -1.003         -17.964          254.276
 
 
  kpoint:     120             coordinate:     0.0000    0.2857    0.0000
 
    n           k   ϵ_nk^DFT (eV)     Σ^c_nk (eV)     Σ^x_nk (eV)    v_nk^xc (eV)   ϵ_nk^G0W0 (eV)
 
    1 (occ)   120         -19.894           8.771         -26.807         -16.585          -21.345
    2 (occ)   120          -9.671           4.274         -22.566         -16.632          -11.331
    3 (occ)   120          -7.065           3.428         -22.383         -17.538           -8.481
    4 (occ)   120          -6.928           3.259         -18.491         -13.905           -8.256
    5 (vir)   120           4.154          -3.610          -6.162         -11.630            6.012
    6 (vir)   120           5.086          -3.165          -4.137          -9.101            6.887
    7 (vir)   120           7.751          -3.762          -5.974         -12.025           10.040
    8 (vir)   120           7.835          -3.697          -2.104          -7.651            9.685
    9 (vir)   120          13.138          -4.784          -5.611         -13.045           15.789
   10 (vir)   120          13.361          -5.887          -6.812         -15.597           16.258
   11 (vir)   120          22.962          -6.591          -3.416         -11.719           24.675
   12 (vir)   120          23.501          -5.422          -4.014         -11.641           25.706
   13 (vir)   120          24.081          -2.464          -2.779          -9.633           28.471
   14 (vir)   120          29.282          -2.753          -2.612         -10.922           34.839
   15 (vir)   120          37.277          -5.478          -3.421         -13.055           41.433
   16 (vir)   120          38.968          -6.298          -4.345         -15.171           43.495
   17 (vir)   120          40.839          -1.488          -3.966         -14.802           50.188
   18 (vir)   120          50.240           0.008          -3.434         -13.759           60.574
   19 (vir)   120          50.423          -0.619          -3.207         -13.979           60.576
   20 (vir)   120          52.071          -3.757          -3.314         -13.830           58.830
   21 (vir)   120          61.517          -3.326          -3.127         -15.732           70.796
   22 (vir)   120          71.088          -2.046          -2.556         -15.025           81.510
   23 (vir)   120          75.988          -3.111          -3.504         -16.499           85.872
   24 (vir)   120         104.624           3.255          16.361          -8.737          132.976
   25 (vir)   120         109.724          -2.964          -1.598         -12.703          117.865
   26 (vir)   120         239.229          -2.403          -1.290         -17.966          253.502
 
 
  kpoint:     121             coordinate:     0.0000    0.2755    0.0000
 
    n           k   ϵ_nk^DFT (eV)     Σ^c_nk (eV)     Σ^x_nk (eV)    v_nk^xc (eV)   ϵ_nk^G0W0 (eV)
 
    1 (occ)   121         -19.988           8.808         -26.807         -16.553          -21.435
    2 (occ)   121          -9.450           4.203         -22.552         -16.703          -11.097
    3 (occ)   121          -7.060           3.310         -18.490         -13.844           -8.396
    4 (occ)   121          -6.985           3.405         -22.378         -17.561           -8.396
    5 (vir)   121           4.253          -3.503          -5.950         -11.282            6.083
    6 (vir)   121           4.949          -3.082          -3.960          -8.811            6.718
    7 (vir)   121           7.701          -3.817          -6.147         -12.278           10.016
    8 (vir)   121           7.814          -3.899          -2.308          -8.082            9.689
    9 (vir)   121          12.979          -4.777          -5.753         -13.197           15.646
   10 (vir)   121          13.048          -5.711          -6.852         -15.539           16.024
   11 (vir)   121          23.175          -6.596          -3.413         -11.723           24.889
   12 (vir)   121          23.654          -5.438          -4.000         -11.648           25.864
   13 (vir)   121          24.444          -2.595          -3.042          -9.858           28.665
   14 (vir)   121          29.348          -2.552          -2.638         -10.481           34.639
   15 (vir)   121          37.661          -4.562          -3.416         -13.034           42.717
   16 (vir)   121          39.299          -5.317          -4.305         -15.233           44.909
   17 (vir)   121          40.768          -1.427          -3.993         -14.784           50.131
   18 (vir)   121          49.598          -0.001          -3.447         -13.722           59.871
   19 (vir)   121          50.024          -0.620          -3.201         -13.987           60.189
   20 (vir)   121          52.118          -3.554          -3.241         -13.754           59.077
   21 (vir)   121          61.898          -3.080          -3.166         -15.776           71.428
   22 (vir)   121          71.261          -1.936          -2.554         -15.106           81.877
   23 (vir)   121          75.659          -3.355          -3.584         -16.500           85.220
   24 (vir)   121         109.002          -1.177          -0.835         -12.571          119.561
   25 (vir)   121         109.052           8.390          18.848          -8.903          145.192
   26 (vir)   121         238.787          -2.506          -1.461         -17.968          252.789
 
 
  kpoint:     122             coordinate:     0.0000    0.2653    0.0000
 
    n           k   ϵ_nk^DFT (eV)     Σ^c_nk (eV)     Σ^x_nk (eV)    v_nk^xc (eV)   ϵ_nk^G0W0 (eV)
 
    1 (occ)   122         -20.080           8.848         -26.809         -16.522          -21.519
    2 (occ)   122          -9.228           4.131         -22.538         -16.774          -10.861
    3 (occ)   122          -7.188           3.360         -18.492         -13.788           -8.532
    4 (occ)   122          -6.902           3.381         -22.373         -17.586           -8.308
    5 (vir)   122           4.331          -3.380          -5.706         -10.885            6.130
    6 (vir)   122           4.805          -3.002          -3.799          -8.540            6.543
    7 (vir)   122           7.662          -3.861          -6.299         -12.507           10.009
    8 (vir)   122           7.819          -4.121          -2.540          -8.560            9.718
    9 (vir)   122          12.737          -5.637          -6.891         -15.481           15.691
   10 (vir)   122          12.805          -4.838          -5.865         -13.322           15.424
   11 (vir)   122          23.394          -6.598          -3.412         -11.727           25.111
   12 (vir)   122          23.813          -5.454          -3.985         -11.655           26.029
   13 (vir)   122          24.790          -3.054          -3.225         -10.187           28.699
   14 (vir)   122          29.524          -2.598          -2.642         -10.016           34.300
   15 (vir)   122          38.069          -3.971          -3.417         -12.972           43.653
   16 (vir)   122          39.623          -5.072          -4.270         -15.293           45.574
   17 (vir)   122          40.685          -1.375          -4.019         -14.759           50.051
   18 (vir)   122          48.957          -0.019          -3.462         -13.685           59.162
   19 (vir)   122          49.610          -0.625          -3.194         -13.992           59.784
   20 (vir)   122          52.145          -3.847          -3.182         -13.678           58.794
   21 (vir)   122          62.284          -3.362          -3.204         -15.810           71.528
   22 (vir)   122          71.418          -2.150          -2.557         -15.170           81.881
   23 (vir)   122          75.344          -3.869          -3.616         -16.502           84.361
   24 (vir)   122         108.196          -1.926          -1.750         -12.616          117.136
   25 (vir)   122         113.807          -2.544          22.450          -8.939          142.652
   26 (vir)   122         238.303          -1.771          -1.453         -17.970          253.049
 
 
  kpoint:     123             coordinate:     0.0000    0.2551    0.0000
 
    n           k   ϵ_nk^DFT (eV)     Σ^c_nk (eV)     Σ^x_nk (eV)    v_nk^xc (eV)   ϵ_nk^G0W0 (eV)
 
    1 (occ)   123         -20.170           8.891         -26.812         -16.494          -21.597
    2 (occ)   123          -9.005           4.059         -22.522         -16.845          -10.624
    3 (occ)   123          -7.313           3.409         -18.495         -13.735           -8.664
    4 (occ)   123          -6.818           3.357         -22.369         -17.612           -8.218
    5 (vir)   123           4.387          -3.247          -5.440         -10.455            6.154
    6 (vir)   123           4.654          -2.931          -3.653          -8.289            6.358
    7 (vir)   123           7.631          -3.915          -6.431         -12.713            9.998
    8 (vir)   123           7.849          -4.355          -2.791          -9.068            9.771
    9 (vir)   123          12.430          -5.769          -6.930         -15.425           15.156
   10 (vir)   123          12.617          -5.278          -5.947         -13.422           14.815
   11 (vir)   123          23.617          -6.597          -3.410         -11.732           25.342
   12 (vir)   123          23.978          -5.470          -3.970         -11.663           26.200
   13 (vir)   123          25.089          -4.251          -3.246         -10.569           28.161
   14 (vir)   123          29.848          -4.172          -2.515          -9.590           32.750
   15 (vir)   123          38.510          -4.096          -3.388         -12.860           43.887
   16 (vir)   123          39.938          -5.236          -4.241         -15.351           45.812
   17 (vir)   123          40.592          -1.326          -4.044         -14.730           49.953
   18 (vir)   123          48.320          -0.039          -3.477         -13.649           58.452
   19 (vir)   123          49.187          -0.642          -3.186         -13.997           59.356
   20 (vir)   123          52.155          -5.417          -3.138         -13.600           57.201
   21 (vir)   123          62.676          -4.313          -3.243         -15.836           70.956
   22 (vir)   123          71.560          -2.969          -2.567         -15.220           81.243
   23 (vir)   123          75.045          -0.053          -3.606         -16.502           87.888
   24 (vir)   123         107.298          -1.171          -1.711         -12.577          116.993
   25 (vir)   123         118.865          -2.517          23.326          -9.101          148.775
   26 (vir)   123         237.784          -2.430          -1.310         -17.972          252.016
 
 
  kpoint:     124             coordinate:     0.0000    0.2449    0.0000
 
    n           k   ϵ_nk^DFT (eV)     Σ^c_nk (eV)     Σ^x_nk (eV)    v_nk^xc (eV)   ϵ_nk^G0W0 (eV)
 
    1 (occ)   124         -20.258           8.932         -26.816         -16.467          -21.675
    2 (occ)   124          -8.782           3.987         -22.507         -16.917          -10.385
    3 (occ)   124          -7.434           3.456         -18.500         -13.685           -8.793
    4 (occ)   124          -6.731           3.332         -22.365         -17.638           -8.127
    5 (vir)   124           4.422          -3.112          -5.164         -10.012            6.158
    6 (vir)   124           4.498          -2.846          -3.520          -8.055            6.187
    7 (vir)   124           7.609          -3.959          -6.544         -12.897           10.002
    8 (vir)   124           7.904          -4.595          -3.052          -9.587            9.844
    9 (vir)   124          12.126          -5.573          -6.968         -15.369           14.954
   10 (vir)   124          12.419          -7.483          -6.010         -13.501           12.427
   11 (vir)   124          23.845          -6.594          -3.409         -11.736           25.579
   12 (vir)   124          24.149          -5.485          -3.954         -11.670           26.379
   13 (vir)   124          25.316          -5.834          -3.137         -10.921           27.266
   14 (vir)   124          30.347          -0.317          -2.156          -9.301           37.176
   15 (vir)   124          38.998          -5.039          -3.266         -12.685           43.378
   16 (vir)   124          40.243          -6.115          -4.218         -15.407           45.317
   17 (vir)   124          40.491          -1.273          -4.067         -14.694           49.845
   18 (vir)   124          47.686          -0.059          -3.493         -13.613           57.748
   19 (vir)   124          48.760          -0.677          -3.177         -14.002           58.908
   20 (vir)   124          52.150          -3.695          -3.102         -13.524           58.876
   21 (vir)   124          63.075          -1.996          -3.278         -15.856           73.657
   22 (vir)   124          71.689           1.341          -2.579         -15.257           85.708
   23 (vir)   124          74.763           1.232          -3.578         -16.502           88.919
   24 (vir)   124         106.307          -0.498          -1.574         -12.542          116.778
   25 (vir)   124         124.184          -1.742          21.979          -9.297          153.718
   26 (vir)   124         237.242          -2.388          -1.137         -17.973          251.690
 
 
  kpoint:     125             coordinate:     0.0000    0.2347    0.0000
 
    n           k   ϵ_nk^DFT (eV)     Σ^c_nk (eV)     Σ^x_nk (eV)    v_nk^xc (eV)   ϵ_nk^G0W0 (eV)
 
    1 (occ)   125         -20.344           8.957         -26.821         -16.443          -21.765
    2 (occ)   125          -8.558           3.916         -22.492         -16.989          -10.146
    3 (occ)   125          -7.551           3.502         -18.506         -13.638           -8.916
    4 (occ)   125          -6.643           3.306         -22.363         -17.666           -8.033
    5 (vir)   125           4.337          -2.782          -3.397          -7.838            5.996
    6 (vir)   125           4.437          -2.982          -4.889          -9.576            6.143
    7 (vir)   125           7.593          -4.004          -6.642         -13.060           10.007
    8 (vir)   125           7.980          -4.832          -3.310         -10.097            9.934
    9 (vir)   125          11.826          -5.543          -7.005         -15.313           14.591
   10 (vir)   125          12.214          -4.893          -6.066         -13.561           14.814
   11 (vir)   125          24.078          -6.589          -3.408         -11.740           25.820
   12 (vir)   125          24.325          -5.499          -3.937         -11.676           26.565
   13 (vir)   125          25.463          -8.224          -2.997         -11.174           25.416
   14 (vir)   125          31.030          -0.620          -1.610          -9.241           38.041
   15 (vir)   125          39.554           0.117          -2.978         -12.433           49.126
   16 (vir)   125          40.381          -1.208          -4.089         -14.654           49.738
   17 (vir)   125          40.536          -4.623          -4.197         -15.460           47.176
   18 (vir)   125          47.060          -0.072          -3.509         -13.579           57.057
   19 (vir)   125          48.334          -0.727          -3.169         -14.009           58.447
   20 (vir)   125          52.133           2.015          -3.065         -13.448           64.531
   21 (vir)   125          63.483           3.193          -3.306         -15.873           79.243
   22 (vir)   125          71.809          -0.153          -2.593         -15.285           84.349
   23 (vir)   125          74.502           1.444          -3.557         -16.499           88.888
   24 (vir)   125         105.222          -0.884          -1.384         -12.513          115.466
   25 (vir)   125         129.714          11.625          19.293          -9.519          170.152
   26 (vir)   125         236.694          -2.338          -1.040         -17.975          251.290
 
 
  kpoint:     126             coordinate:     0.0000    0.2245    0.0000
 
    n           k   ϵ_nk^DFT (eV)     Σ^c_nk (eV)     Σ^x_nk (eV)    v_nk^xc (eV)   ϵ_nk^G0W0 (eV)
 
    1 (occ)   126         -20.427           8.958         -26.828         -16.420          -21.876
    2 (occ)   126          -8.335           3.845         -22.478         -17.061           -9.907
    3 (occ)   126          -7.664           3.547         -18.513         -13.595           -9.035
    4 (occ)   126          -6.554           3.281         -22.361         -17.695           -7.939
    5 (vir)   126           4.174          -2.720          -3.282          -7.636            5.808
    6 (vir)   126           4.436          -2.862          -4.625          -9.164            6.113
    7 (vir)   126           7.584          -4.026          -6.727         -13.205           10.036
    8 (vir)   126           8.075          -5.062          -3.555         -10.581           10.038
    9 (vir)   126          11.532          -5.472          -7.040         -15.257           14.278
   10 (vir)   126          12.003          -5.032          -6.129         -13.604           14.446
   11 (vir)   126          24.313          -6.583          -3.408         -11.743           26.065
   12 (vir)   126          24.506          -5.511          -3.920         -11.683           26.759
   13 (vir)   126          25.537          -8.660          -2.898         -11.310           25.288
   14 (vir)   126          31.876          -0.657          -1.169          -9.449           39.498
   15 (vir)   126          40.213          -1.062          -2.494         -12.084           48.741
   16 (vir)   126          40.264          -1.128          -4.110         -14.608           49.634
   17 (vir)   126          40.817          -6.762          -4.174         -15.511           45.393
   18 (vir)   126          46.441          -0.077          -3.527         -13.545           56.383
   19 (vir)   126          47.911          -0.785          -3.161         -14.018           57.984
   20 (vir)   126          52.106           1.625          -3.016         -13.372           64.087
   21 (vir)   126          63.900           2.811          -3.324         -15.887           79.274
   22 (vir)   126          71.921          -0.441          -2.607         -15.305           84.177
   23 (vir)   126          74.263           0.837          -3.558         -16.495           88.037
   24 (vir)   126         104.044          -0.972          -1.225         -12.489          114.336
   25 (vir)   126         135.391           6.578          17.014          -9.764          168.747
   26 (vir)   126         236.162          -2.306          -1.065         -17.975          250.767
 
 
  kpoint:     127             coordinate:     0.0000    0.2143    0.0000
 
    n           k   ϵ_nk^DFT (eV)     Σ^c_nk (eV)     Σ^x_nk (eV)    v_nk^xc (eV)   ϵ_nk^G0W0 (eV)
 
    1 (occ)   127         -20.507           8.945         -26.835         -16.400          -21.997
    2 (occ)   127          -8.114           3.775         -22.464         -17.133           -9.669
    3 (occ)   127          -7.773           3.590         -18.521         -13.554           -9.150
    4 (occ)   127          -6.464           3.256         -22.360         -17.725           -7.843
    5 (vir)   127           4.009          -2.665          -3.176          -7.447            5.613
    6 (vir)   127           4.420          -2.754          -4.380          -8.786            6.072
    7 (vir)   127           7.580          -4.052          -6.802         -13.333           10.059
    8 (vir)   127           8.186          -5.280          -3.781         -11.028           10.153
    9 (vir)   127          11.244          -5.362          -7.072         -15.203           14.012
   10 (vir)   127          11.790          -4.999          -6.204         -13.632           14.220
   11 (vir)   127          24.551          -6.574          -3.408         -11.746           26.314
   12 (vir)   127          24.693          -5.521          -3.902         -11.690           26.960
   13 (vir)   127          25.554          -7.649          -2.860         -11.350           26.395
   14 (vir)   127          32.839          -1.038          -1.249          -9.919           40.471
   15 (vir)   127          40.141          -1.035          -4.129         -14.557           49.534
   16 (vir)   127          41.022          -1.391          -1.922         -11.635           49.343
   17 (vir)   127          41.086          -7.679          -4.146         -15.558           44.819
   18 (vir)   127          45.831          -0.071          -3.544         -13.513           55.728
   19 (vir)   127          47.495          -0.846          -3.154         -14.031           57.526
   20 (vir)   127          52.072           2.432          -2.954         -13.298           64.847
   21 (vir)   127          64.326           3.190          -3.331         -15.901           80.086
   22 (vir)   127          72.027          -0.261          -2.623         -15.316           84.459
   23 (vir)   127          74.050          -1.969          -3.578         -16.486           84.989
   24 (vir)   127         102.774          -1.017          -1.176         -12.473          113.053
   25 (vir)   127         141.139           1.774          16.763         -10.024          169.700
   26 (vir)   127         235.673          -2.302          -1.184         -17.976          250.162
 
 
  kpoint:     128             coordinate:     0.0000    0.2041    0.0000
 
    n           k   ϵ_nk^DFT (eV)     Σ^c_nk (eV)     Σ^x_nk (eV)    v_nk^xc (eV)   ϵ_nk^G0W0 (eV)
 
    1 (occ)   128         -20.585           8.940         -26.843         -16.381          -22.107
    2 (occ)   128          -7.894           3.707         -22.451         -17.206           -9.433
    3 (occ)   128          -7.878           3.632         -18.529         -13.515           -9.259
    4 (occ)   128          -6.374           3.230         -22.360         -17.757           -7.747
    5 (vir)   128           3.843          -2.617          -3.083          -7.270            5.413
    6 (vir)   128           4.393          -2.660          -4.158          -8.447            6.022
    7 (vir)   128           7.580          -4.079          -6.871         -13.448           10.078
    8 (vir)   128           8.308          -5.480          -3.984         -11.435           10.279
    9 (vir)   128          10.963          -5.238          -7.103         -15.148           13.770
   10 (vir)   128          11.577          -5.006          -6.289         -13.649           13.932
   11 (vir)   128          24.790          -6.563          -3.409         -11.748           26.567
   12 (vir)   128          24.883          -5.529          -3.883         -11.696           27.167
   13 (vir)   128          25.531          -6.584          -2.866         -11.327           27.409
   14 (vir)   128          33.855          -1.039          -2.059         -10.599           41.357
   15 (vir)   128          40.013          -0.937          -4.146         -14.500           49.430
   16 (vir)   128          41.340          -7.332          -4.116         -15.606           45.498
   17 (vir)   128          42.046          -1.771          -1.611         -11.105           49.769
   18 (vir)   128          45.233          -0.057          -3.563         -13.481           55.094
   19 (vir)   128          47.087          -0.908          -3.148         -14.049           57.080
   20 (vir)   128          52.033          -7.715          -2.892         -13.223           54.648
   21 (vir)   128          64.760           2.028          -3.329         -15.917           79.376
   22 (vir)   128          72.128           1.192          -2.639         -15.320           86.001
   23 (vir)   128          73.864           0.870          -3.600         -16.474           87.608
   24 (vir)   128         101.415          -0.370          -1.282         -12.463          112.226
   25 (vir)   128         146.874          -1.283          18.920         -10.295          174.806
   26 (vir)   128         235.256          -2.183          -1.339         -17.976          249.710
 
 
  kpoint:     129             coordinate:     0.0000    0.1939    0.0000
 
    n           k   ϵ_nk^DFT (eV)     Σ^c_nk (eV)     Σ^x_nk (eV)    v_nk^xc (eV)   ϵ_nk^G0W0 (eV)
 
    1 (occ)   129         -20.659           8.974         -26.853         -16.364          -22.174
    2 (occ)   129          -7.978           3.672         -18.538         -13.479           -9.364
    3 (occ)   129          -7.677           3.639         -22.440         -17.278           -9.200
    4 (occ)   129          -6.283           3.205         -22.361         -17.788           -7.650
    5 (vir)   129           3.680          -2.568          -3.006          -7.107            5.213
    6 (vir)   129           4.356          -2.579          -3.960          -8.149            5.967
    7 (vir)   129           7.585          -4.103          -6.932         -13.550           10.100
    8 (vir)   129           8.440          -5.654          -4.162         -11.799           10.422
    9 (vir)   129          10.689          -5.120          -7.131         -15.094           13.532
   10 (vir)   129          11.368          -4.785          -6.374         -13.654           13.863
   11 (vir)   129          25.030          -6.546          -3.410         -11.750           26.824
   12 (vir)   129          25.078          -5.535          -3.864         -11.702           27.382
   13 (vir)   129          25.482          -5.839          -2.891         -11.266           28.018
   14 (vir)   129          34.849          -3.117          -3.322         -11.385           39.795
   15 (vir)   129          39.880          -0.848          -4.160         -14.438           49.311
   16 (vir)   129          41.581          -6.313          -4.085         -15.650           46.832
   17 (vir)   129          43.358          -3.222          -2.118         -10.587           48.605
   18 (vir)   129          44.647          -0.038          -3.582         -13.452           54.477
   19 (vir)   129          46.690          -0.972          -3.143         -14.071           56.645
   20 (vir)   129          51.992          -3.918          -2.860         -13.145           58.359
   21 (vir)   129          65.201          -4.036          -3.320         -15.934           73.779
   22 (vir)   129          72.227          -3.886          -2.655         -15.317           81.004
   23 (vir)   129          73.709          -3.146          -3.614         -16.456           83.405
   24 (vir)   129          99.973          -2.161          -1.516         -12.462          108.758
   25 (vir)   129         152.505          -0.647          22.042         -10.571          184.470
   26 (vir)   129         234.945          -1.494          -1.485         -17.976          249.941
 
 
  kpoint:     130             coordinate:     0.0000    0.1837    0.0000
 
    n           k   ϵ_nk^DFT (eV)     Σ^c_nk (eV)     Σ^x_nk (eV)    v_nk^xc (eV)   ϵ_nk^G0W0 (eV)
 
    1 (occ)   130         -20.731           9.069         -26.863         -16.349          -22.176
    2 (occ)   130          -8.073           3.710         -18.547         -13.446           -9.464
    3 (occ)   130          -7.464           3.573         -22.430         -17.351           -8.969
    4 (occ)   130          -6.193           3.180         -22.363         -17.821           -7.554
    5 (vir)   130           3.521          -2.532          -2.943          -6.958            5.005
    6 (vir)   130           4.313          -2.510          -3.785          -7.889            5.907
    7 (vir)   130           7.592          -4.121          -6.985         -13.643           10.129
    8 (vir)   130           8.577          -5.830          -4.316         -12.122           10.553
    9 (vir)   130          10.423          -5.025          -7.158         -15.041           13.281
   10 (vir)   130          11.163          -4.727          -6.447         -13.650           13.640
   11 (vir)   130          25.269          -6.518          -3.413         -11.750           27.088
   12 (vir)   130          25.277          -5.544          -3.841         -11.707           27.599
   13 (vir)   130          25.417          -5.624          -2.914         -11.183           28.062
   14 (vir)   130          35.758          -3.452          -4.415         -12.132           40.023
   15 (vir)   130          39.744          -0.779          -4.171         -14.372           49.166
   16 (vir)   130          41.807          -6.133          -4.059         -15.690           47.305
   17 (vir)   130          44.074          -0.023          -3.602         -13.423           53.872
   18 (vir)   130          45.007          -3.848          -3.767         -10.214           47.606
   19 (vir)   130          46.305          -1.044          -3.140         -14.098           56.218
   20 (vir)   130          51.955          -2.841          -2.904         -13.056           59.266
   21 (vir)   130          65.647          -4.116          -3.312         -15.954           74.172
   22 (vir)   130          72.325          -2.671          -2.667         -15.308           82.295
   23 (vir)   130          73.586          -3.840          -3.619         -16.432           82.559
   24 (vir)   130          98.457          -1.963          -1.786         -12.469          107.177
   25 (vir)   130         157.941          -1.177          23.247         -10.845          190.854
   26 (vir)   130         234.769          -3.369          -1.626         -17.976          247.749
 
 
  kpoint:     131             coordinate:     0.0000    0.1735    0.0000
 
    n           k   ϵ_nk^DFT (eV)     Σ^c_nk (eV)     Σ^x_nk (eV)    v_nk^xc (eV)   ϵ_nk^G0W0 (eV)
 
    1 (occ)   131         -20.799           9.230         -26.874         -16.335          -22.108
    2 (occ)   131          -8.164           3.746         -18.556         -13.415           -9.558
    3 (occ)   131          -7.254           3.509         -22.422         -17.424           -8.743
    4 (occ)   131          -6.103           3.156         -22.366         -17.855           -7.459
    5 (vir)   131           3.369          -2.473          -2.891          -6.825            4.829
    6 (vir)   131           4.266          -2.452          -3.633          -7.663            5.845
    7 (vir)   131           7.603          -4.128          -7.030         -13.727           10.172
    8 (vir)   131           8.718          -5.701          -4.449         -12.409           10.977
    9 (vir)   131          10.166          -4.947          -7.182         -14.989           13.025
   10 (vir)   131          10.966          -4.699          -6.496         -13.637           13.409
   11 (vir)   131          25.343          -5.319          -2.920         -11.089           28.192
   12 (vir)   131          25.478          -5.539          -3.823         -11.712           27.828
   13 (vir)   131          25.507          -6.492          -3.413         -11.750           27.353
   14 (vir)   131          36.554          -3.356          -4.877         -12.731           41.052
   15 (vir)   131          39.606          -0.736          -4.178         -14.300           48.992
   16 (vir)   131          42.018          -5.714          -4.040         -15.728           47.992
   17 (vir)   131          43.515          -0.017          -3.623         -13.397           53.273
   18 (vir)   131          45.933          -1.129          -3.140         -14.130           55.794
   19 (vir)   131          46.996          -3.795          -6.014         -10.104           47.292
   20 (vir)   131          51.940          -2.627          -3.104         -12.933           59.141
   21 (vir)   131          66.096          -3.345          -3.313         -15.978           75.416
   22 (vir)   131          72.424          -2.757          -2.676         -15.292           82.283
   23 (vir)   131          73.498          -3.230          -3.633         -16.400           83.035
   24 (vir)   131          96.878          -2.011          -1.969         -12.483          105.380
   25 (vir)   131         163.093           0.003          19.552         -11.112          193.760
   26 (vir)   131         234.750          -2.910          -1.781         -17.978          248.036
 
 
  kpoint:     132             coordinate:     0.0000    0.1633    0.0000
 
    n           k   ϵ_nk^DFT (eV)     Σ^c_nk (eV)     Σ^x_nk (eV)    v_nk^xc (eV)   ϵ_nk^G0W0 (eV)
 
    1 (occ)   132         -20.863           9.256         -26.886         -16.323          -22.170
    2 (occ)   132          -8.250           3.781         -18.565         -13.386           -9.648
    3 (occ)   132          -7.050           3.447         -22.416         -17.497           -8.522
    4 (occ)   132          -6.014           3.132         -22.371         -17.888           -7.365
    5 (vir)   132           3.225          -2.414          -2.842          -6.709            4.679
    6 (vir)   132           4.216          -2.403          -3.500          -7.469            5.782
    7 (vir)   132           7.617          -4.137          -7.067         -13.804           10.217
    8 (vir)   132           8.859          -5.932          -4.562         -12.662           11.028
    9 (vir)   132           9.918          -4.884          -7.205         -14.937           12.766
   10 (vir)   132          10.779          -4.641          -6.516         -13.617           13.238
   11 (vir)   132          25.264          -5.155          -2.900         -10.990           28.198
   12 (vir)   132          25.682          -5.534          -3.802         -11.716           28.063
   13 (vir)   132          25.743          -6.453          -3.415         -11.750           27.624
   14 (vir)   132          37.242          -2.871          -4.695         -13.154           42.831
   15 (vir)   132          39.465          -0.715          -4.181         -14.225           48.794
   16 (vir)   132          42.214          -5.816          -4.031         -15.763           48.131
   17 (vir)   132          42.973          -0.026          -3.644         -13.372           52.675
   18 (vir)   132          45.577          -1.231          -3.143         -14.168           55.372
   19 (vir)   132          49.232          -1.974          -7.128         -10.411           50.541
   20 (vir)   132          52.020          -2.285          -3.802         -12.632           58.566
   21 (vir)   132          66.543          -4.510          -3.329         -16.007           74.710
   22 (vir)   132          72.525          -3.168          -2.684         -15.269           81.942
   23 (vir)   132          73.446          -2.724          -3.674         -16.359           83.408
   24 (vir)   132          95.248          -2.107          -1.966         -12.505          103.681
   25 (vir)   132         167.884           0.362           9.566         -11.368          189.180
   26 (vir)   132         234.895          -2.740          -1.921         -17.981          248.215
 
 
  kpoint:     133             coordinate:     0.0000    0.1531    0.0000
 
    n           k   ϵ_nk^DFT (eV)     Σ^c_nk (eV)     Σ^x_nk (eV)    v_nk^xc (eV)   ϵ_nk^G0W0 (eV)
 
    1 (occ)   133         -20.924           9.388         -26.895         -16.311          -22.120
    2 (occ)   133          -8.331           3.813         -18.573         -13.359           -9.732
    3 (occ)   133          -6.851           3.387         -22.411         -17.569           -8.306
    4 (occ)   133          -5.927           3.109         -22.376         -17.923           -7.272
    5 (vir)   133           3.093          -2.350          -2.787          -6.614            4.570
    6 (vir)   133           4.164          -2.362          -3.385          -7.301            5.719
    7 (vir)   133           7.632          -4.146          -7.098         -13.875           10.263
    8 (vir)   133           9.000          -6.151          -4.657         -12.886           11.078
    9 (vir)   133           9.681          -4.826          -7.225         -14.886           12.516
   10 (vir)   133          10.602          -4.568          -6.508         -13.589           13.115
   11 (vir)   133          25.184          -5.074          -2.851         -10.889           28.148
   12 (vir)   133          25.888          -5.524          -3.780         -11.720           28.304
   13 (vir)   133          25.974          -6.404          -3.418         -11.748           27.900
   14 (vir)   133          37.846          -2.311          -4.128         -13.436           44.843
   15 (vir)   133          39.324          -0.707          -4.181         -14.145           48.582
   16 (vir)   133          42.396          -6.312          -4.028         -15.796           47.851
   17 (vir)   133          42.448          -0.054          -3.666         -13.349           52.077
   18 (vir)   133          45.238          -1.344          -3.149         -14.211           54.955
   19 (vir)   133          51.027          -1.223          -3.969         -12.043           57.878
   20 (vir)   133          52.848           1.029          -6.499         -11.193           58.570
   21 (vir)   133          66.986          -1.979          -3.364         -16.041           77.683
   22 (vir)   133          72.631           0.298          -2.693         -15.240           85.475
   23 (vir)   133          73.433          -2.462          -3.734         -16.305           83.543
   24 (vir)   133          93.586           2.761          -1.747         -12.533          107.133
   25 (vir)   133         172.250          -1.132          -5.339         -11.607          177.387
   26 (vir)   133         235.189          -2.458          -1.921         -17.988          248.799
 
 
  kpoint:     134             coordinate:     0.0000    0.1429    0.0000
 
    n           k   ϵ_nk^DFT (eV)     Σ^c_nk (eV)     Σ^x_nk (eV)    v_nk^xc (eV)   ϵ_nk^G0W0 (eV)
 
    1 (occ)   134         -20.981           9.263         -26.904         -16.300          -22.322
    2 (occ)   134          -8.407           3.844         -18.582         -13.334           -9.811
    3 (occ)   134          -6.659           3.330         -22.409         -17.640           -8.098
    4 (occ)   134          -5.842           3.086         -22.383         -17.957           -7.182
    5 (vir)   134           2.973          -2.297          -2.724          -6.539            4.492
    6 (vir)   134           4.112          -2.327          -3.285          -7.157            5.657
    7 (vir)   134           7.648          -4.165          -7.125         -13.942           10.300
    8 (vir)   134           9.139          -6.322          -4.738         -13.085           11.163
    9 (vir)   134           9.454          -4.779          -7.243         -14.837           12.269
   10 (vir)   134          10.436          -4.436          -6.479         -13.556           13.077
   11 (vir)   134          25.106          -4.221          -2.780         -10.790           28.894
   12 (vir)   134          26.094          -5.506          -3.757         -11.722           28.553
   13 (vir)   134          26.201          -6.345          -3.422         -11.746           28.179
   14 (vir)   134          38.394          -2.318          -3.473         -13.625           46.229
   15 (vir)   134          39.183          -0.700          -4.177         -14.063           48.369
   16 (vir)   134          41.942          -0.096          -3.688         -13.328           51.485
   17 (vir)   134          42.563          -7.270          -4.027         -15.826           47.091
   18 (vir)   134          44.915          -1.461          -3.159         -14.258           54.554
   19 (vir)   134          51.398          -3.257          -2.779         -12.694           58.055
   20 (vir)   134          55.374           5.284          -3.976         -10.856           67.538
   21 (vir)   134          67.419           0.201          -3.410         -16.080           80.289
   22 (vir)   134          72.743          -1.067          -2.702         -15.204           84.177
   23 (vir)   134          73.466          -2.827          -3.735         -16.230           83.134
   24 (vir)   134          91.912          -0.708          -1.371         -12.567          102.400
   25 (vir)   134         176.146          -1.054         -21.074         -11.827          165.845
   26 (vir)   134         235.597          -1.727          -1.605         -17.998          250.264
 
 
  kpoint:     135             coordinate:     0.0000    0.1327    0.0000
 
    n           k   ϵ_nk^DFT (eV)     Σ^c_nk (eV)     Σ^x_nk (eV)    v_nk^xc (eV)   ϵ_nk^G0W0 (eV)
 
    1 (occ)   135         -21.034           9.275         -26.910         -16.290          -22.378
    2 (occ)   135          -8.478           3.872         -18.590         -13.311           -9.885
    3 (occ)   135          -6.474           3.276         -22.409         -17.710           -7.897
    4 (occ)   135          -5.760           3.065         -22.391         -17.991           -7.094
    5 (vir)   135           2.868          -2.274          -2.661          -6.487            4.420
    6 (vir)   135           4.061          -2.298          -3.198          -7.032            5.597
    7 (vir)   135           7.666          -4.200          -7.150         -14.004           10.320
    8 (vir)   135           9.240          -4.733          -7.259         -14.788           12.036
    9 (vir)   135           9.273          -6.463          -4.806         -13.260           11.264
   10 (vir)   135          10.283          -4.656          -6.439         -13.517           12.705
   11 (vir)   135          25.033          -6.607          -2.702         -10.693           26.417
   12 (vir)   135          26.299          -5.479          -3.734         -11.724           28.811
   13 (vir)   135          26.422          -6.277          -3.426         -11.742           28.461
   14 (vir)   135          38.908          -0.594          -2.946         -13.764           49.133
   15 (vir)   135          39.043          -0.687          -4.169         -13.978           48.166
   16 (vir)   135          41.456          -0.147          -3.712         -13.309           50.906
   17 (vir)   135          42.716         -10.845          -4.023         -15.853           43.701
   18 (vir)   135          44.612          -1.572          -3.171         -14.309           54.178
   19 (vir)   135          51.441          -3.510          -2.705         -12.641           57.867
   20 (vir)   135          58.489           8.210           2.528         -11.304           80.531
   21 (vir)   135          67.837          -0.933          -3.453         -16.125           79.576
   22 (vir)   135          72.864          -1.299          -2.704         -15.162           84.023
   23 (vir)   135          73.566          -0.860          -3.476         -16.111           85.340
   24 (vir)   135          90.251          -0.927          -0.938         -12.601          100.987
   25 (vir)   135         179.547          -3.332         -32.206         -12.025          156.033
   26 (vir)   135         236.064          -1.503          -0.872         -18.009          251.698
 
 
  kpoint:     136             coordinate:     0.0000    0.1224    0.0000
 
    n           k   ϵ_nk^DFT (eV)     Σ^c_nk (eV)     Σ^x_nk (eV)    v_nk^xc (eV)   ϵ_nk^G0W0 (eV)
 
    1 (occ)   136         -21.082           9.023         -26.914         -16.279          -22.693
    2 (occ)   136          -8.544           3.899         -18.598         -13.290           -9.953
    3 (occ)   136          -6.297           3.225         -22.410         -17.778           -7.704
    4 (occ)   136          -5.680           3.044         -22.399         -18.025           -7.010
    5 (vir)   136           2.778          -2.309          -2.612          -6.456            4.314
    6 (vir)   136           4.012          -2.273          -3.123          -6.925            5.540
    7 (vir)   136           7.683          -4.243          -7.175         -14.063           10.329
    8 (vir)   136           9.037          -4.687          -7.271         -14.742           11.820
    9 (vir)   136           9.402          -6.584          -4.864         -13.416           11.370
   10 (vir)   136          10.143          -4.764          -6.398         -13.475           12.456
   11 (vir)   136          24.965          -7.502          -2.634         -10.599           25.429
   12 (vir)   136          26.503          -5.442          -3.710         -11.725           29.077
   13 (vir)   136          26.635          -6.197          -3.431         -11.739           28.745
   14 (vir)   136          38.906          -0.666          -4.157         -13.893           47.975
   15 (vir)   136          39.406          -1.455          -2.664         -13.883           49.169
   16 (vir)   136          40.991          -0.200          -3.735         -13.292           50.348
   17 (vir)   136          42.855          -2.507          -4.010         -15.878           52.215
   18 (vir)   136          44.327          -1.668          -3.186         -14.364           53.837
   19 (vir)   136          51.447           2.171          -2.597         -12.500           63.520
   20 (vir)   136          61.883           4.140           9.735         -11.938           87.695
   21 (vir)   136          68.235          -1.255          -3.471         -16.173           79.682
   22 (vir)   136          72.995          -1.384          -2.688         -15.115           84.039
   23 (vir)   136          73.791          -1.143          -2.498         -15.889           86.039
   24 (vir)   136          88.640          -1.062          -0.527         -12.631           99.682
   25 (vir)   136         182.448          -3.909         -34.092         -12.199          156.646
   26 (vir)   136         236.521          -1.780           0.149         -18.021          252.911
 
 
  kpoint:     137             coordinate:     0.0000    0.1122    0.0000
 
    n           k   ϵ_nk^DFT (eV)     Σ^c_nk (eV)     Σ^x_nk (eV)    v_nk^xc (eV)   ϵ_nk^G0W0 (eV)
 
    1 (occ)   137         -21.126           8.860         -26.918         -16.269          -22.915
    2 (occ)   137          -8.604           3.923         -18.606         -13.271          -10.016
    3 (occ)   137          -6.130           3.177         -22.414         -17.844           -7.522
    4 (occ)   137          -5.605           3.025         -22.408         -18.058           -6.930
    5 (vir)   137           2.703          -2.332          -2.593          -6.446            4.223
    6 (vir)   137           3.964          -2.252          -3.059          -6.833            5.486
    7 (vir)   137           7.701          -4.287          -7.199         -14.118           10.333
    8 (vir)   137           8.848          -4.640          -7.282         -14.697           11.622
    9 (vir)   137           9.524          -6.690          -4.912         -13.554           11.476
   10 (vir)   137          10.016          -4.774          -6.369         -13.431           12.304
   11 (vir)   137          24.905          -7.714          -2.592         -10.510           25.110
   12 (vir)   137          26.704          -5.391          -3.686         -11.725           29.352
   13 (vir)   137          26.839          -6.103          -3.437         -11.734           29.032
   14 (vir)   137          38.772          -0.646          -4.142         -13.807           47.791
   15 (vir)   137          39.897          -1.788          -2.658         -14.005           49.456
   16 (vir)   137          40.550          -0.249          -3.760         -13.277           49.819
   17 (vir)   137          42.980           4.925          -3.988         -15.900           59.817
   18 (vir)   137          44.063          -1.745          -3.203         -14.420           53.535
   19 (vir)   137          51.459          -0.069          -2.447         -12.310           61.253
   20 (vir)   137          65.393          -2.859          13.521         -12.870           88.925
   21 (vir)   137          68.607          -1.400          -3.449         -16.225           79.983
   22 (vir)   137          73.138          -1.411          -2.649         -15.066           84.144
   23 (vir)   137          74.323          -2.023           0.329         -15.394           88.023
   24 (vir)   137          87.150          -1.446          -0.077         -12.635           98.261
   25 (vir)   137         184.865          -2.031         -24.796         -12.350          170.387
   26 (vir)   137         236.901          -2.747           1.045         -18.030          253.230
 
 
  kpoint:     138             coordinate:     0.0000    0.1020    0.0000
 
    n           k   ϵ_nk^DFT (eV)     Σ^c_nk (eV)     Σ^x_nk (eV)    v_nk^xc (eV)   ϵ_nk^G0W0 (eV)
 
    1 (occ)   138         -21.166           8.819         -26.922         -16.259          -23.010
    2 (occ)   138          -8.660           3.945         -18.613         -13.254          -10.074
    3 (occ)   138          -5.973           3.133         -22.419         -17.908           -7.351
    4 (occ)   138          -5.533           3.007         -22.418         -18.090           -6.854
    5 (vir)   138           2.642          -2.367          -2.613          -6.454            4.115
    6 (vir)   138           3.920          -2.235          -3.002          -6.754            5.436
    7 (vir)   138           7.717          -4.316          -7.222         -14.170           10.349
    8 (vir)   138           8.672          -4.594          -7.290         -14.654           11.442
    9 (vir)   138           9.639          -6.784          -4.952         -13.675           11.578
   10 (vir)   138           9.902          -4.779          -6.360         -13.386           12.149
   11 (vir)   138          24.854          -7.671          -2.581         -10.426           25.028
   12 (vir)   138          26.900          -5.326          -3.661         -11.724           29.637
   13 (vir)   138          27.032          -5.993          -3.443         -11.729           29.325
   14 (vir)   138          38.642          -0.637          -4.124         -13.723           47.605
   15 (vir)   138          40.133          -0.290          -3.784         -13.265           49.324
   16 (vir)   138          40.385          -1.856          -2.877         -14.143           49.795
   17 (vir)   138          43.092           4.133          -3.958         -15.919           59.186
   18 (vir)   138          43.820          -1.803          -3.223         -14.478           53.272
   19 (vir)   138          51.492          -0.366          -2.321         -12.074           60.879
   20 (vir)   138          68.493          -6.944           8.783         -14.399           84.731
   21 (vir)   138          68.948          -1.477          -3.382         -16.277           80.366
   22 (vir)   138          73.293          -1.403          -2.585         -15.015           84.320
   23 (vir)   138          75.674          -5.734           6.301         -14.368           90.609
   24 (vir)   138          85.974          -2.571           0.867         -12.551           96.821
   25 (vir)   138         186.828           2.140          -5.928         -12.478          195.519
   26 (vir)   138         237.140          -4.108           1.216         -18.032          252.280
 
 
  kpoint:     139             coordinate:     0.0000    0.0918    0.0000
 
    n           k   ϵ_nk^DFT (eV)     Σ^c_nk (eV)     Σ^x_nk (eV)    v_nk^xc (eV)   ϵ_nk^G0W0 (eV)
 
    1 (occ)   139         -21.201           8.913         -26.927         -16.248          -22.966
    2 (occ)   139          -8.711           3.965         -18.619         -13.239          -10.126
    3 (occ)   139          -5.827           3.093         -22.426         -17.969           -7.191
    4 (occ)   139          -5.466           2.991         -22.428         -18.120           -6.784
    5 (vir)   139           2.593          -2.387          -2.670          -6.478            4.014
    6 (vir)   139           3.878          -2.220          -2.954          -6.686            5.390
    7 (vir)   139           7.733          -4.322          -7.244         -14.217           10.384
    8 (vir)   139           8.510          -4.549          -7.296         -14.614           11.279
    9 (vir)   139           9.746          -6.868          -4.986         -13.782           11.674
   10 (vir)   139           9.801          -4.755          -6.373         -13.342           12.015
   11 (vir)   139          24.811          -7.727          -2.594         -10.349           24.840
   12 (vir)   139          27.089          -5.242          -3.637         -11.722           29.932
   13 (vir)   139          27.214          -5.860          -3.449         -11.724           29.628
   14 (vir)   139          38.519          -0.644          -4.103         -13.642           47.414
   15 (vir)   139          39.745          -0.324          -3.809         -13.255           48.867
   16 (vir)   139          40.870          -1.408          -3.218         -14.308           50.552
   17 (vir)   139          43.192           4.154          -3.925         -15.937           59.357
   18 (vir)   139          43.599          -1.841          -3.244         -14.535           53.048
   19 (vir)   139          51.554           0.594          -2.266         -11.788           61.669
   20 (vir)   139          69.254          -1.533          -3.265         -16.327           80.782
   21 (vir)   139          70.303          -4.727           0.165         -15.832           81.574
   22 (vir)   139          73.458          -1.374          -2.502         -14.968           84.549
   23 (vir)   139          78.158          -8.544           6.704         -13.667           89.985
   24 (vir)   139          85.925          -6.526           3.558         -12.214           95.170
   25 (vir)   139         188.381           7.415          17.961         -12.585          226.342
   26 (vir)   139         237.178          -5.121           0.117         -18.023          250.197
 
 
  kpoint:     140             coordinate:     0.0000    0.0816    0.0000
 
    n           k   ϵ_nk^DFT (eV)     Σ^c_nk (eV)     Σ^x_nk (eV)    v_nk^xc (eV)   ϵ_nk^G0W0 (eV)
 
    1 (occ)   140         -21.233           9.115         -26.931         -16.238          -22.811
    2 (occ)   140          -8.756           3.984         -18.625         -13.225          -10.173
    3 (occ)   140          -5.693           3.056         -22.435         -18.026           -7.045
    4 (occ)   140          -5.404           2.976         -22.438         -18.149           -6.718
    5 (vir)   140           2.557          -2.398          -2.746          -6.514            3.927
    6 (vir)   140           3.840          -2.207          -2.913          -6.628            5.348
    7 (vir)   140           7.747          -4.315          -7.262         -14.261           10.430
    8 (vir)   140           8.364          -4.506          -7.301         -14.576           11.133
    9 (vir)   140           9.712          -4.776          -6.405         -13.301           11.832
   10 (vir)   140           9.843          -6.942          -5.014         -13.876           11.763
   11 (vir)   140          24.778          -7.307          -2.608         -10.277           25.140
   12 (vir)   140          27.269          -5.136          -3.613         -11.719           30.239
   13 (vir)   140          27.382          -5.700          -3.456         -11.718           29.944
   14 (vir)   140          38.403          -0.667          -4.080         -13.565           47.221
   15 (vir)   140          39.386          -0.353          -3.833         -13.247           48.447
   16 (vir)   140          41.346           3.551          -3.555         -14.502           55.844
   17 (vir)   140          43.279           4.652          -3.894         -15.952           59.990
   18 (vir)   140          43.399          -1.864          -3.266         -14.590           52.859
   19 (vir)   140          51.648          -7.837          -2.276         -11.451           52.986
   20 (vir)   140          69.523          -1.558          -3.137         -16.371           81.199
   21 (vir)   140          70.999          -1.993          -3.474         -16.371           81.903
   22 (vir)   140          73.631          -1.340          -2.414         -14.925           84.802
   23 (vir)   140          79.452          -3.132          -0.760         -13.759           89.319
   24 (vir)   140          89.453          -9.774           0.539         -11.960           92.178
   25 (vir)   140         189.574          12.063          41.065         -12.672          255.373
   26 (vir)   140         236.959          -4.875          -2.432         -17.996          247.648
 
 
  kpoint:     141             coordinate:     0.0000    0.0714    0.0000
 
    n           k   ϵ_nk^DFT (eV)     Σ^c_nk (eV)     Σ^x_nk (eV)    v_nk^xc (eV)   ϵ_nk^G0W0 (eV)
 
    1 (occ)   141         -21.260           9.222         -26.934         -16.229          -22.743
    2 (occ)   141          -8.796           4.000         -18.630         -13.213          -10.214
    3 (occ)   141          -5.572           3.024         -22.444         -18.079           -6.912
    4 (occ)   141          -5.349           2.962         -22.448         -18.175           -6.659
    5 (vir)   141           2.530          -2.356          -2.817          -6.559            3.917
    6 (vir)   141           3.806          -2.197          -2.878          -6.579            5.310
    7 (vir)   141           7.759          -4.314          -7.276         -14.299           10.468
    8 (vir)   141           8.233          -4.467          -7.305         -14.542           11.004
    9 (vir)   141           9.636          -4.751          -6.444         -13.263           11.704
   10 (vir)   141           9.931          -7.007          -5.037         -13.957           11.844
   11 (vir)   141          24.753          -5.818          -2.602         -10.213           26.546
   12 (vir)   141          27.438          -5.002          -3.589         -11.715           30.561
   13 (vir)   141          27.534          -5.503          -3.463         -11.713           30.281
   14 (vir)   141          38.296          -0.696          -4.057         -13.493           47.036
   15 (vir)   141          39.059          -0.378          -3.856         -13.242           48.066
   16 (vir)   141          41.803          -4.595          -3.792         -14.726           48.142
   17 (vir)   141          43.223          -1.876          -3.288         -14.643           52.701
   18 (vir)   141          43.355           5.413          -3.869         -15.965           60.865
   19 (vir)   141          51.774          -2.859          -2.292         -11.068           57.690
   20 (vir)   141          69.753          -1.565          -3.019         -16.409           81.578
   21 (vir)   141          71.222          -2.949          -4.409         -16.528           80.392
   22 (vir)   141          73.808          -1.312          -2.334         -14.889           85.050
   23 (vir)   141          78.942          -1.870          -2.941         -13.803           87.933
   24 (vir)   141          96.888          -6.445         -16.737         -12.131           85.838
   25 (vir)   141         190.464          -2.033          58.329         -12.741          259.501
   26 (vir)   141         236.415          -3.932          -5.966         -17.948          244.464
 
 
  kpoint:     142             coordinate:     0.0000    0.0612    0.0000
 
    n           k   ϵ_nk^DFT (eV)     Σ^c_nk (eV)     Σ^x_nk (eV)    v_nk^xc (eV)   ϵ_nk^G0W0 (eV)
 
    1 (occ)   142         -21.283           9.580         -26.935         -16.219          -22.418
    2 (occ)   142          -8.831           4.013         -18.635         -13.202          -10.250
    3 (occ)   142          -5.465           2.996         -22.453         -18.127           -6.795
    4 (occ)   142          -5.299           2.950         -22.458         -18.199           -6.607
    5 (vir)   142           2.512          -2.338          -2.865          -6.609            3.918
    6 (vir)   142           3.776          -2.188          -2.849          -6.538            5.277
    7 (vir)   142           7.769          -4.299          -7.287         -14.333           10.516
    8 (vir)   142           8.118          -4.430          -7.307         -14.512           10.892
    9 (vir)   142           9.571          -4.472          -6.474         -13.229           11.854
   10 (vir)   142          10.008          -7.064          -5.055         -14.026           11.915
   11 (vir)   142          24.736          -4.388          -2.569         -10.156           27.934
   12 (vir)   142          27.592          -4.835          -3.567         -11.711           30.900
   13 (vir)   142          27.671          -5.264          -3.470         -11.708           30.645
   14 (vir)   142          38.200          -0.719          -4.033         -13.428           46.876
   15 (vir)   142          38.767          -0.403          -3.879         -13.238           47.723
   16 (vir)   142          42.232          -3.569          -3.894         -14.971           49.739
   17 (vir)   142          43.069          -1.882          -3.310         -14.692           52.569
   18 (vir)   142          43.420          -1.237          -3.853         -15.977           54.307
   19 (vir)   142          51.928          -2.180          -2.247         -10.647           58.149
   20 (vir)   142          69.945          -1.559          -2.935         -16.439           81.890
   21 (vir)   142          71.244          -1.855          -4.512         -16.576           81.452
   22 (vir)   142          73.982          -1.294          -2.278         -14.860           85.270
   23 (vir)   142          77.970          -1.187          -3.370         -13.910           87.323
   24 (vir)   142         106.978           8.753         -36.495         -12.356           91.591
   25 (vir)   142         191.105          -0.615          66.945         -12.795          270.230
   26 (vir)   142         235.450          -0.358          -9.198         -17.871          243.766
 
 
  kpoint:     143             coordinate:     0.0000    0.0510    0.0000
 
    n           k   ϵ_nk^DFT (eV)     Σ^c_nk (eV)     Σ^x_nk (eV)    v_nk^xc (eV)   ϵ_nk^G0W0 (eV)
 
    1 (occ)   143         -21.302           9.588         -26.933         -16.211          -22.437
    2 (occ)   143          -8.860           4.025         -18.639         -13.193          -10.280
    3 (occ)   143          -5.373           2.972         -22.463         -18.169           -6.694
    4 (occ)   143          -5.256           2.940         -22.466         -18.220           -6.562
    5 (vir)   143           2.500          -2.341          -2.887          -6.661            3.932
    6 (vir)   143           3.751          -2.181          -2.825          -6.504            5.249
    7 (vir)   143           7.778          -4.300          -7.295         -14.361           10.544
    8 (vir)   143           8.020          -4.398          -7.309         -14.485           10.797
    9 (vir)   143           9.518          -4.457          -6.488         -13.201           11.774
   10 (vir)   143          10.074          -7.112          -5.070         -14.083           11.975
   11 (vir)   143          24.725          -5.164          -2.518         -10.108           27.150
   12 (vir)   143          27.730          -4.634          -3.546         -11.706           31.254
   13 (vir)   143          27.789          -4.975          -3.476         -11.703           31.041
   14 (vir)   143          38.115          -0.723          -4.012         -13.372           46.751
   15 (vir)   143          38.513          -0.429          -3.899         -13.236           47.420
   16 (vir)   143          42.619          -3.621          -3.891         -15.225           50.332
   17 (vir)   143          42.938          -1.885          -3.330         -14.735           52.458
   18 (vir)   143          43.474          -0.553          -3.848         -15.986           55.059
   19 (vir)   143          52.101          -2.002          -2.107         -10.206           58.198
   20 (vir)   143          70.102          -1.541          -2.899         -16.461           82.122
   21 (vir)   143          71.158          -1.656          -4.321         -16.584           81.765
   22 (vir)   143          74.146          -1.285          -2.251         -14.839           85.448
   23 (vir)   143          76.981          -1.092          -3.301         -14.073           86.661
   24 (vir)   143         119.479           0.001         -47.307         -12.588           84.761
   25 (vir)   143         191.550          12.103          66.832         -12.837          283.322
   26 (vir)   143         233.917           2.700         -10.062         -17.758          244.313
 
 
  kpoint:     144             coordinate:     0.0000    0.0408    0.0000
 
    n           k   ϵ_nk^DFT (eV)     Σ^c_nk (eV)     Σ^x_nk (eV)    v_nk^xc (eV)   ϵ_nk^G0W0 (eV)
 
    1 (occ)   144         -21.317           9.486         -26.930         -16.203          -22.558
    2 (occ)   144          -8.884           4.035         -18.642         -13.186          -10.305
    3 (occ)   144          -5.297           2.953         -22.471         -18.205           -6.610
    4 (occ)   144          -5.221           2.932         -22.474         -18.238           -6.524
    5 (vir)   144           2.493          -2.358          -2.893          -6.709            3.951
    6 (vir)   144           3.730          -2.176          -2.806          -6.478            5.226
    7 (vir)   144           7.785          -4.322          -7.301         -14.384           10.545
    8 (vir)   144           7.939          -4.371          -7.311         -14.463           10.720
    9 (vir)   144           9.475          -4.501          -6.485         -13.178           11.667
   10 (vir)   144          10.129          -7.151          -5.082         -14.130           12.026
   11 (vir)   144          24.719          -5.144          -2.471         -10.068           27.172
   12 (vir)   144          27.847          -4.402          -3.528         -11.701           31.617
   13 (vir)   144          27.888          -4.632          -3.481         -11.698           31.473
   14 (vir)   144          38.044          -0.705          -3.992         -13.324           46.670
   15 (vir)   144          38.301          -0.456          -3.918         -13.235           47.162
   16 (vir)   144          42.831          -1.890          -3.348         -14.771           52.365
   17 (vir)   144          42.955          -4.293          -3.841         -15.470           50.290
   18 (vir)   144          43.517          -0.630          -3.850         -15.993           55.031
   19 (vir)   144          52.282          -2.110          -1.907          -9.770           58.036
   20 (vir)   144          70.225          -1.506          -2.909         -16.476           82.286
   21 (vir)   144          71.005          -1.738          -3.970         -16.570           81.867
   22 (vir)   144          74.292          -1.276          -2.252         -14.825           85.590
   23 (vir)   144          76.113          -1.218          -2.951         -14.269           86.213
   24 (vir)   144         134.279          -0.283         -39.181         -12.841          107.656
   25 (vir)   144         191.846           8.680          60.149         -12.868          273.543
   26 (vir)   144         231.576           3.745          -6.191         -17.601          246.731
 
 
  kpoint:     145             coordinate:     0.0000    0.0306    0.0000
 
    n           k   ϵ_nk^DFT (eV)     Σ^c_nk (eV)     Σ^x_nk (eV)    v_nk^xc (eV)   ϵ_nk^G0W0 (eV)
 
    1 (occ)   145         -21.329           9.373         -26.927         -16.197          -22.685
    2 (occ)   145          -8.903           4.042         -18.644         -13.181          -10.324
    3 (occ)   145          -5.237           2.938         -22.479         -18.233           -6.544
    4 (occ)   145          -5.193           2.926         -22.480         -18.252           -6.495
    5 (vir)   145           2.489          -2.381          -2.898          -6.751            3.961
    6 (vir)   145           3.713          -2.172          -2.791          -6.457            5.207
    7 (vir)   145           7.789          -4.317          -7.305         -14.401           10.567
    8 (vir)   145           7.875          -4.348          -7.311         -14.445           10.661
    9 (vir)   145           9.442          -4.622          -6.472         -13.161           11.509
   10 (vir)   145          10.172          -7.182          -5.091         -14.166           12.065
   11 (vir)   145          24.716          -4.876          -2.446         -10.037           27.430
   12 (vir)   145          27.942          -4.153          -3.513         -11.696           31.972
   13 (vir)   145          27.966          -4.249          -3.486         -11.695           31.926
   14 (vir)   145          37.987          -0.670          -3.976         -13.286           46.626
   15 (vir)   145          38.131          -0.482          -3.933         -13.235           46.952
   16 (vir)   145          42.748          -1.897          -3.362         -14.801           52.289
   17 (vir)   145          43.227          -6.052          -3.795         -15.688           49.068
   18 (vir)   145          43.551         -12.447          -3.857         -15.999           43.245
   19 (vir)   145          52.453          -2.087          -1.718          -9.372           58.020
   20 (vir)   145          70.317          -1.436          -2.951         -16.487           82.416
   21 (vir)   145          70.815          -2.241          -3.492         -16.544           81.626
   22 (vir)   145          74.415          -1.249          -2.270         -14.816           85.711
   23 (vir)   145          75.428          -1.613          -2.469         -14.470           85.818
   24 (vir)   145         150.895           9.850          -7.872         -13.120          165.993
   25 (vir)   145         192.032           5.345          50.223         -12.890          260.490
   26 (vir)   145         228.069           1.103           3.733         -17.401          250.307
 
 
  kpoint:     146             coordinate:     0.0000    0.0204    0.0000
 
    n           k   ϵ_nk^DFT (eV)     Σ^c_nk (eV)     Σ^x_nk (eV)    v_nk^xc (eV)   ϵ_nk^G0W0 (eV)
 
    1 (occ)   146         -21.337           9.360         -26.925         -16.192          -22.710
    2 (occ)   146          -8.916           4.048         -18.646         -13.177          -10.338
    3 (occ)   146          -5.193           2.927         -22.484         -18.254           -6.497
    4 (occ)   146          -5.172           2.921         -22.484         -18.263           -6.473
    5 (vir)   146           2.487          -2.401          -2.912          -6.784            3.959
    6 (vir)   146           3.701          -2.169          -2.781          -6.443            5.194
    7 (vir)   146           7.793          -4.316          -7.309         -14.413           10.581
    8 (vir)   146           7.830          -4.332          -7.312         -14.432           10.619
    9 (vir)   146           9.420          -4.702          -6.458         -13.149           11.409
   10 (vir)   146          10.202          -7.204          -5.097         -14.192           12.093
   11 (vir)   146          24.715          -5.868          -2.448         -10.015           26.413
   12 (vir)   146          28.012          -3.912          -3.502         -11.693           32.291
   13 (vir)   146          28.023          -3.883          -3.490         -11.692           32.342
   14 (vir)   146          37.945          -0.633          -3.964         -13.258           46.607
   15 (vir)   146          38.009          -0.506          -3.944         -13.235           46.794
   16 (vir)   146          42.688          -1.906          -3.373         -14.822           52.231
   17 (vir)   146          43.427          -9.422          -3.770         -15.859           46.095
   18 (vir)   146          43.574         -10.972          -3.867         -16.003           44.739
   19 (vir)   146          52.596           0.227          -1.597          -9.048           60.274
   20 (vir)   146          70.381          -1.292          -3.009         -16.493           82.572
   21 (vir)   146          70.627           0.476          -2.947         -16.518           84.674
   22 (vir)   146          74.507          -1.181          -2.290         -14.810           85.846
   23 (vir)   146          74.948           0.138          -2.020         -14.647           87.712
   24 (vir)   146         168.151         -10.400          40.712         -13.384          211.846
   25 (vir)   146         192.142           2.886          40.440         -12.904          248.372
   26 (vir)   146         222.938          -4.459          16.892         -17.202          252.573
 
 
  kpoint:     147             coordinate:     0.0000    0.0102    0.0000
 
    n           k   ϵ_nk^DFT (eV)     Σ^c_nk (eV)     Σ^x_nk (eV)    v_nk^xc (eV)   ϵ_nk^G0W0 (eV)
 
    1 (occ)   147         -21.342           9.392         -26.924         -16.189          -22.685
    2 (occ)   147          -8.924           4.051         -18.647         -13.174          -10.346
    3 (occ)   147          -5.167           2.920         -22.488         -18.267           -6.468
    4 (occ)   147          -5.160           2.918         -22.487         -18.269           -6.460
    5 (vir)   147           2.487          -2.408          -2.928          -6.805            3.956
    6 (vir)   147           3.694          -2.167          -2.775          -6.434            5.187
    7 (vir)   147           7.794          -4.318          -7.311         -14.420           10.586
    8 (vir)   147           7.803          -4.332          -7.312         -14.424           10.584
    9 (vir)   147           9.406          -4.711          -6.448         -13.141           11.388
   10 (vir)   147          10.221          -7.217          -5.100         -14.207           12.110
   11 (vir)   147          24.714          -5.323          -2.462         -10.001           26.930
   12 (vir)   147          28.055          -3.643          -3.495         -11.691           32.608
   13 (vir)   147          28.057          -3.708          -3.492         -11.690           32.548
   14 (vir)   147          37.920          -0.591          -3.956         -13.241           46.614
   15 (vir)   147          37.934          -0.541          -3.952         -13.236           46.678
   16 (vir)   147          42.652          -1.914          -3.380         -14.835           52.194
   17 (vir)   147          43.550         -12.242          -3.760         -15.969           43.518
   18 (vir)   147          43.589          -9.926          -3.878         -16.006           45.790
   19 (vir)   147          52.692           0.137          -1.549          -8.836           60.116
   20 (vir)   147          70.418          -1.026          -3.085         -16.496           82.803
   21 (vir)   147          70.486          -1.352          -2.463         -16.501           83.172
   22 (vir)   147          74.563          -1.047          -2.265         -14.807           86.059
   23 (vir)   147          74.669          -0.957          -1.759         -14.766           86.719
   24 (vir)   147         183.867          -3.000          95.055         -13.422          289.343
   25 (vir)   147         192.199           1.605          33.484         -12.913          240.200
   26 (vir)   147         216.035          -8.150          19.999         -17.208          245.092
 
 
  kpoint:     148             coordinate:     0.0000    0.0000    0.0000
 
    n           k   ϵ_nk^DFT (eV)     Σ^c_nk (eV)     Σ^x_nk (eV)    v_nk^xc (eV)   ϵ_nk^G0W0 (eV)
 
    1 (occ)   148         -21.343           9.413         -26.924         -16.188          -22.667
    2 (occ)   148          -8.927           4.052         -18.648         -13.174          -10.349
    3 (occ)   148          -5.159           2.918         -22.489         -18.271           -6.459
    4 (occ)   148          -5.155           2.917         -22.488         -18.271           -6.455
    5 (vir)   148           2.487          -2.410          -2.935          -6.812            3.954
    6 (vir)   148           3.692          -2.166          -2.773          -6.431            5.184
    7 (vir)   148           7.792          -4.321          -7.313         -14.422           10.580
    8 (vir)   148           7.797          -4.312          -7.311         -14.422           10.596
    9 (vir)   148           9.402          -4.708          -6.445         -13.139           11.388
   10 (vir)   148          10.227          -7.222          -5.102         -14.212           12.116
   11 (vir)   148          24.714          -5.322          -2.470          -9.997           26.919
   12 (vir)   148          28.068          -3.362          -3.493         -11.690           32.903
   13 (vir)   148          28.070          -3.820          -3.492         -11.689           32.448
   14 (vir)   148          37.908          -0.472          -3.954         -13.236           46.717
   15 (vir)   148          37.913          -0.652          -3.953         -13.235           46.543
   16 (vir)   148          42.640          -1.917          -3.382         -14.840           52.181
   17 (vir)   148          43.590          -5.361          -3.713         -16.007           50.524
   18 (vir)   148          43.594          -8.807          -3.927         -16.006           46.866
   19 (vir)   148          52.725          -0.288          -1.540          -8.762           59.659
   20 (vir)   148          70.429          -0.579          -3.426         -16.498           82.922
   21 (vir)   148          70.436          -1.695          -1.961         -16.495           83.274
   22 (vir)   148          74.575          -1.172          -1.215         -14.809           86.996
   23 (vir)   148          74.586          -0.844          -2.710         -14.805           85.837
   24 (vir)   148         192.216           2.099          29.408         -12.915          236.638
   25 (vir)   148         192.267          -1.948         142.050         -12.916          345.284
   26 (vir)   148         210.890          -2.209          -1.761         -17.731          224.652
 
