 
  kpoint:       1             coordinate:     0.0000    0.0000    0.0000
 
    n           k   ϵ_nk^DFT (eV)     Σ^c_nk (eV)     Σ^x_nk (eV)    v_nk^xc (eV)   ϵ_nk^G0W0 (eV)
 
    1 (occ)     1         -21.343           9.443         -26.924         -16.188          -22.636
    2 (occ)     1          -8.927           4.075         -18.648         -13.174          -10.326
    3 (occ)     1          -5.159           2.919         -22.489         -18.271           -6.458
    4 (occ)     1          -5.155           2.918         -22.488         -18.271           -6.454
    5 (vir)     1           2.487          -2.409          -2.935          -6.812            3.955
    6 (vir)     1           3.692          -2.171          -2.773          -6.431            5.180
    7 (vir)     1           7.792          -4.318          -7.313         -14.422           10.583
    8 (vir)     1           7.797          -4.316          -7.311         -14.422           10.592
    9 (vir)     1           9.402          -4.651          -6.445         -13.139           11.445
   10 (vir)     1          10.227          -6.175          -5.102         -14.212           13.162
   11 (vir)     1          24.714          -5.385          -2.470          -9.997           26.856
   12 (vir)     1          28.068          -5.487          -3.493         -11.690           30.778
   13 (vir)     1          28.070          -5.514          -3.492         -11.689           30.754
   14 (vir)     1          37.908          -1.110          -3.954         -13.236           46.080
   15 (vir)     1          37.913          -1.069          -3.953         -13.235           46.126
   16 (vir)     1          42.640          -2.145          -3.382         -14.840           51.953
   17 (vir)     1          43.590         -11.234          -3.713         -16.007           44.651
   18 (vir)     1          43.594          -8.442          -3.927         -16.006           47.231
   19 (vir)     1          52.725          -0.142          -1.540          -8.762           59.805
   20 (vir)     1          70.429           0.164          -3.426         -16.498           83.665
   21 (vir)     1          70.436          -1.489          -1.961         -16.495           83.481
   22 (vir)     1          74.575          -0.751          -1.215         -14.809           87.417
   23 (vir)     1          74.586          -0.462          -2.710         -14.805           86.220
   24 (vir)     1         192.216           2.707          29.408         -12.915          237.246
   25 (vir)     1         192.267          -2.277         142.050         -12.916          344.955
   26 (vir)     1         210.890          -2.186          -1.761         -17.731          224.674
 
 
  kpoint:       2             coordinate:     0.0068    0.0068    0.0000
 
    n           k   ϵ_nk^DFT (eV)     Σ^c_nk (eV)     Σ^x_nk (eV)    v_nk^xc (eV)   ϵ_nk^G0W0 (eV)
 
    1 (occ)     2         -21.341           9.419         -26.924         -16.189          -22.657
    2 (occ)     2          -8.923           4.073         -18.647         -13.175          -10.323
    3 (occ)     2          -5.171           2.922         -22.488         -18.265           -6.471
    4 (occ)     2          -5.161           2.920         -22.487         -18.268           -6.460
    5 (vir)     2           2.487          -2.412          -2.923          -6.802            3.954
    6 (vir)     2           3.695          -2.171          -2.775          -6.435            5.183
    7 (vir)     2           7.796          -4.319          -7.310         -14.419           10.586
    8 (vir)     2           7.804          -4.320          -7.312         -14.426           10.597
    9 (vir)     2           9.408          -4.655          -6.449         -13.142           11.446
   10 (vir)     2          10.219          -6.118          -5.100         -14.205           13.207
   11 (vir)     2          24.714          -5.442          -2.455         -10.003           26.820
   12 (vir)     2          28.051          -5.523          -3.495         -11.690           30.723
   13 (vir)     2          28.053          -5.496          -3.492         -11.691           30.756
   14 (vir)     2          37.924          -1.057          -3.957         -13.243           46.154
   15 (vir)     2          37.941          -1.097          -3.951         -13.236           46.129
   16 (vir)     2          42.656          -2.139          -3.379         -14.834           51.973
   17 (vir)     2          43.535         -11.789          -3.709         -15.957           43.994
   18 (vir)     2          43.588          -8.231          -3.920         -16.005           47.443
   19 (vir)     2          52.681           1.307          -1.543          -8.861           61.305
   20 (vir)     2          70.413           0.947          -3.358         -16.497           84.499
   21 (vir)     2          70.504          -1.634          -2.223         -16.502           83.149
   22 (vir)     2          74.560          -0.012          -2.652         -14.807           86.704
   23 (vir)     2          74.696          -1.295          -1.366         -14.753           86.788
   24 (vir)     2         181.669          -0.680         130.056         -13.451          324.497
   25 (vir)     2         192.203          -3.303         -16.647         -12.911          185.165
   26 (vir)     2         217.178         -11.706          31.422         -17.174          254.068
 
 
  kpoint:       3             coordinate:     0.0136    0.0136    0.0000
 
    n           k   ϵ_nk^DFT (eV)     Σ^c_nk (eV)     Σ^x_nk (eV)    v_nk^xc (eV)   ϵ_nk^G0W0 (eV)
 
    1 (occ)     3         -21.335           9.367         -26.924         -16.193          -22.699
    2 (occ)     3          -8.913           4.069         -18.646         -13.178          -10.312
    3 (occ)     3          -5.206           2.931         -22.483         -18.249           -6.509
    4 (occ)     3          -5.177           2.923         -22.483         -18.260           -6.477
    5 (vir)     3           2.488          -2.394          -2.899          -6.775            3.969
    6 (vir)     3           3.704          -2.174          -2.784          -6.447            5.194
    7 (vir)     3           7.794          -4.314          -7.307         -14.410           10.582
    8 (vir)     3           7.840          -4.336          -7.312         -14.435           10.628
    9 (vir)     3           9.426          -4.700          -6.460         -13.152           11.417
   10 (vir)     3          10.194          -5.961          -5.095         -14.185           13.323
   11 (vir)     3          24.715          -5.977          -2.428         -10.021           26.330
   12 (vir)     3          27.992          -5.541          -3.503         -11.693           30.640
   13 (vir)     3          28.010          -5.527          -3.491         -11.694           30.686
   14 (vir)     3          37.958          -1.029          -3.967         -13.265           46.227
   15 (vir)     3          38.040          -1.054          -3.942         -13.236           46.280
   16 (vir)     3          42.704          -2.120          -3.370         -14.816           52.030
   17 (vir)     3          43.372          -9.351          -3.711         -15.813           46.123
   18 (vir)     3          43.569          -7.943          -3.898         -16.002           47.730
   19 (vir)     3          52.556           1.449          -1.591          -9.138           61.552
   20 (vir)     3          70.366           1.247          -3.192         -16.494           84.914
   21 (vir)     3          70.680          -1.545          -2.874         -16.522           82.784
   22 (vir)     3          74.488          -0.257          -2.497         -14.814           86.548
   23 (vir)     3          75.069          -1.314          -1.803         -14.595           86.547
   24 (vir)     3         162.871          -5.825          58.545         -13.313          228.903
   25 (vir)     3         192.090          -2.759           6.445         -12.899          208.674
   26 (vir)     3         224.735          -3.639          23.563         -17.257          261.917
 
 
  kpoint:       4             coordinate:     0.0204    0.0204    0.0000
 
    n           k   ϵ_nk^DFT (eV)     Σ^c_nk (eV)     Σ^x_nk (eV)    v_nk^xc (eV)   ϵ_nk^G0W0 (eV)
 
    1 (occ)     4         -21.324           9.387         -26.927         -16.199          -22.664
    2 (occ)     4          -8.895           4.062         -18.643         -13.183          -10.293
    3 (occ)     4          -5.263           2.946         -22.476         -18.221           -6.572
    4 (occ)     4          -5.204           2.930         -22.477         -18.246           -6.505
    5 (vir)     4           2.490          -2.367          -2.882          -6.733            3.973
    6 (vir)     4           3.720          -2.178          -2.797          -6.466            5.211
    7 (vir)     4           7.790          -4.313          -7.304         -14.396           10.569
    8 (vir)     4           7.899          -4.343          -7.310         -14.450           10.696
    9 (vir)     4           9.456          -4.785          -6.473         -13.169           11.367
   10 (vir)     4          10.153          -5.750          -5.087         -14.151           13.467
   11 (vir)     4          24.717          -4.451          -2.431         -10.050           27.885
   12 (vir)     4          27.892          -5.570          -3.514         -11.695           30.503
   13 (vir)     4          27.942          -5.576          -3.490         -11.700           30.576
   14 (vir)     4          38.012          -0.999          -3.983         -13.301           46.331
   15 (vir)     4          38.204          -0.986          -3.927         -13.236           46.528
   16 (vir)     4          42.783          -2.092          -3.356         -14.788           52.124
   17 (vir)     4          43.107           0.523          -3.747         -15.592           55.475
   18 (vir)     4          43.538          -5.916          -3.875         -15.997           49.743
   19 (vir)     4          52.376           0.251          -1.743          -9.550           60.433
   20 (vir)     4          70.292          -2.478          -3.035         -16.491           81.271
   21 (vir)     4          70.885          -1.239          -3.602         -16.541           82.585
   22 (vir)     4          74.381          -1.685          -2.322         -14.836           85.210
   23 (vir)     4          75.708          -1.054          -2.454         -14.369           86.570
   24 (vir)     4         143.109           1.287          -1.751         -12.997          155.642
   25 (vir)     4         191.771          -0.740          32.315         -12.871          236.217
   26 (vir)     4         229.922           5.245           4.577         -17.497          257.241
 
 
  kpoint:       5             coordinate:     0.0272    0.0272    0.0000
 
    n           k   ϵ_nk^DFT (eV)     Σ^c_nk (eV)     Σ^x_nk (eV)    v_nk^xc (eV)   ϵ_nk^G0W0 (eV)
 
    1 (occ)     5         -21.308           9.537         -26.931         -16.208          -22.494
    2 (occ)     5          -8.870           4.051         -18.640         -13.191          -10.268
    3 (occ)     5          -5.342           2.966         -22.467         -18.185           -6.659
    4 (occ)     5          -5.242           2.939         -22.468         -18.227           -6.545
    5 (vir)     5           2.496          -2.331          -2.878          -6.680            3.967
    6 (vir)     5           3.742          -2.184          -2.817          -6.493            5.235
    7 (vir)     5           7.786          -4.305          -7.301         -14.378           10.559
    8 (vir)     5           7.980          -4.358          -7.306         -14.466           10.782
    9 (vir)     5           9.501          -4.493          -6.480         -13.194           11.721
   10 (vir)     5          10.096          -6.369          -5.075         -14.102           12.754
   11 (vir)     5          24.722          -4.656          -2.483         -10.092           27.675
   12 (vir)     5          27.750          -5.606          -3.526         -11.696           30.314
   13 (vir)     5          27.857          -5.641          -3.491         -11.709           30.434
   14 (vir)     5          38.084          -0.976          -4.004         -13.348           46.453
   15 (vir)     5          38.428          -0.895          -3.907         -13.240           46.866
   16 (vir)     5          42.750          -4.663          -3.829         -15.321           49.579
   17 (vir)     5          42.895          -2.055          -3.337         -14.749           52.252
   18 (vir)     5          43.496          -5.274          -3.865         -15.989           50.345
   19 (vir)     5          52.169          -2.737          -1.986         -10.037           57.483
   20 (vir)     5          70.197          -1.884          -2.981         -16.492           81.825
   21 (vir)     5          71.030          -1.120          -4.159         -16.521           82.272
   22 (vir)     5          74.261          -1.448          -2.244         -14.887           85.456
   23 (vir)     5          76.606          -0.565          -3.175         -14.126           86.992
   24 (vir)     5         125.096           0.544         -36.681         -12.703          101.663
   25 (vir)     5         191.037          -1.244          47.270         -12.819          249.882
   26 (vir)     5         233.282           6.409          -8.021         -17.702          249.371
 
 
  kpoint:       6             coordinate:     0.0340    0.0340    0.0000
 
    n           k   ϵ_nk^DFT (eV)     Σ^c_nk (eV)     Σ^x_nk (eV)    v_nk^xc (eV)   ϵ_nk^G0W0 (eV)
 
    1 (occ)     6         -21.287          10.003         -26.935         -16.217          -22.002
    2 (occ)     6          -8.838           4.038         -18.636         -13.200          -10.235
    3 (occ)     6          -5.442           2.992         -22.458         -18.140           -6.768
    4 (occ)     6          -5.291           2.950         -22.457         -18.202           -6.596
    5 (vir)     6           2.508          -2.322          -2.872          -6.621            3.935
    6 (vir)     6           3.770          -2.191          -2.843          -6.530            5.266
    7 (vir)     6           7.783          -4.306          -7.297         -14.358           10.537
    8 (vir)     6           8.080          -4.376          -7.297         -14.481           10.888
    9 (vir)     6           9.560          -4.440          -6.479         -13.229           11.870
   10 (vir)     6          10.024          -5.338          -5.059         -14.040           13.667
   11 (vir)     6          24.733          -3.940          -2.564         -10.145           28.373
   12 (vir)     6          27.567          -5.646          -3.540         -11.695           30.075
   13 (vir)     6          27.758          -5.714          -3.493         -11.722           30.273
   14 (vir)     6          38.174          -0.959          -4.028         -13.405           46.592
   15 (vir)     6          38.709          -0.790          -3.884         -13.247           47.283
   16 (vir)     6          42.316          -2.778          -3.932         -15.030           50.636
   17 (vir)     6          43.038          -2.009          -3.315         -14.701           52.415
   18 (vir)     6          43.442          -4.963          -3.875         -15.979           50.583
   19 (vir)     6          51.964          -1.624          -2.232         -10.546           58.654
   20 (vir)     6          70.087          -1.922          -3.065         -16.500           81.600
   21 (vir)     6          71.039          -1.255          -4.459         -16.430           81.755
   22 (vir)     6          74.150          -1.418          -2.396         -14.977           85.313
   23 (vir)     6          77.705          -0.710          -3.844         -13.916           87.068
   24 (vir)     6         110.034          -0.090         -44.063         -12.452           78.333
   25 (vir)     6         189.571          -1.283          41.920         -12.729          242.937
   26 (vir)     6         235.473           3.448         -11.795         -17.847          244.973
 
 
  kpoint:       7             coordinate:     0.0408    0.0408    0.0000
 
    n           k   ϵ_nk^DFT (eV)     Σ^c_nk (eV)     Σ^x_nk (eV)    v_nk^xc (eV)   ϵ_nk^G0W0 (eV)
 
    1 (occ)     7         -21.262          10.590         -26.937         -16.228          -21.381
    2 (occ)     7          -8.799           4.022         -18.631         -13.212          -10.195
    3 (occ)     7          -5.560           3.023         -22.449         -18.088           -6.898
    4 (occ)     7          -5.349           2.964         -22.444         -18.172           -6.658
    5 (vir)     7           2.528          -2.347          -2.845          -6.561            3.897
    6 (vir)     7           3.804          -2.201          -2.876          -6.576            5.303
    7 (vir)     7           7.782          -4.299          -7.293         -14.336           10.525
    8 (vir)     7           8.195          -4.392          -7.281         -14.490           11.013
    9 (vir)     7           9.637          -4.486          -6.478         -13.278           11.951
   10 (vir)     7           9.937          -8.070          -5.038         -13.962           10.790
   11 (vir)     7          24.752          -3.669          -2.630         -10.208           28.662
   12 (vir)     7          27.345          -5.688          -3.555         -11.690           29.792
   13 (vir)     7          27.653          -5.789          -3.495         -11.738           30.106
   14 (vir)     7          38.278          -0.941          -4.055         -13.470           46.752
   15 (vir)     7          39.042          -0.682          -3.857         -13.261           47.764
   16 (vir)     7          41.822          -2.644          -3.996         -14.748           49.930
   17 (vir)     7          43.213          -1.955          -3.290         -14.645           52.612
   18 (vir)     7          43.378          -4.685          -3.903         -15.966           50.756
   19 (vir)     7          51.780          -1.728          -2.403         -11.034           58.683
   20 (vir)     7          69.963          -2.019          -3.255         -16.521           81.209
   21 (vir)     7          70.855          -1.559          -4.540         -16.262           81.018
   22 (vir)     7          74.050          -1.429          -2.851         -15.078           84.849
   23 (vir)     7          78.859          -1.183          -4.595         -13.788           86.870
   24 (vir)     7          98.213           4.815         -34.165         -12.222           81.085
   25 (vir)     7         186.947           3.248          17.477         -12.578          220.251
   26 (vir)     7         236.930          -1.147          -9.617         -17.942          244.107
 
 
  kpoint:       8             coordinate:     0.0476    0.0476    0.0000
 
    n           k   ϵ_nk^DFT (eV)     Σ^c_nk (eV)     Σ^x_nk (eV)    v_nk^xc (eV)   ϵ_nk^G0W0 (eV)
 
    1 (occ)     8         -21.230          10.467         -26.937         -16.240          -21.460
    2 (occ)     8          -8.752           4.004         -18.625         -13.226          -10.147
    3 (occ)     8          -5.696           3.060         -22.441         -18.030           -7.046
    4 (occ)     8          -5.418           2.980         -22.430         -18.137           -6.730
    5 (vir)     8           2.558          -2.378          -2.801          -6.506            3.885
    6 (vir)     8           3.843          -2.213          -2.916          -6.632            5.346
    7 (vir)     8           7.783          -4.295          -7.289         -14.313           10.512
    8 (vir)     8           8.323          -4.411          -7.254         -14.485           11.143
    9 (vir)     8           9.734          -4.569          -6.495         -13.345           12.014
   10 (vir)     8           9.836          -8.154          -5.012         -13.869           10.539
   11 (vir)     8          24.782          -3.987          -2.655         -10.282           28.422
   12 (vir)     8          27.086          -5.727          -3.570         -11.682           29.470
   13 (vir)     8          27.544          -5.860          -3.499         -11.758           29.943
   14 (vir)     8          38.393          -0.914          -4.084         -13.541           46.936
   15 (vir)     8          39.420          -0.589          -3.828         -13.281           48.283
   16 (vir)     8          41.286          -2.996          -3.981         -14.495           48.803
   17 (vir)     8          43.305          -4.464          -3.938         -15.950           50.852
   18 (vir)     8          43.421          -1.892          -3.265         -14.582           52.846
   19 (vir)     8          51.629          -2.058          -2.496         -11.472           58.548
   20 (vir)     8          69.826          -2.118          -3.510         -16.571           80.770
   21 (vir)     8          70.424          -2.581          -4.562         -16.023           79.305
   22 (vir)     8          73.885          -1.758          -3.602         -15.070           83.595
   23 (vir)     8          79.635          -3.751          -6.403         -13.828           83.308
   24 (vir)     8          89.799         -10.432         -18.924         -12.007           72.450
   25 (vir)     8         182.651          -6.189         -13.091         -12.342          175.714
   26 (vir)     8         237.904          -4.377          -5.521         -17.999          246.005
 
 
  kpoint:       9             coordinate:     0.0544    0.0544    0.0000
 
    n           k   ϵ_nk^DFT (eV)     Σ^c_nk (eV)     Σ^x_nk (eV)    v_nk^xc (eV)   ϵ_nk^G0W0 (eV)
 
    1 (occ)     9         -21.194           9.672         -26.934         -16.252          -22.205
    2 (occ)     9          -8.699           3.982         -18.618         -13.242          -10.093
    3 (occ)     9          -5.847           3.103         -22.435         -17.968           -7.212
    4 (occ)     9          -5.496           2.998         -22.413         -18.098           -6.813
    5 (vir)     9           2.601          -2.389          -2.761          -6.461            3.913
    6 (vir)     9           3.888          -2.228          -2.965          -6.701            5.395
    7 (vir)     9           7.787          -4.294          -7.285         -14.292           10.499
    8 (vir)     9           8.458          -4.448          -7.218         -14.463           11.256
    9 (vir)     9           9.721          -8.123          -4.979         -13.759           10.378
   10 (vir)     9           9.853          -4.738          -6.546         -13.433           12.001
   11 (vir)     9          24.823          -4.839          -2.651         -10.366           27.699
   12 (vir)     9          26.794          -5.760          -3.586         -11.670           29.118
   13 (vir)     9          27.437          -5.924          -3.502         -11.781           29.791
   14 (vir)     9          38.519          -0.877          -4.113         -13.615           47.144
   15 (vir)     9          39.835          -0.540          -3.797         -13.309           48.808
   16 (vir)     9          40.726          -6.095          -3.913         -14.284           45.001
   17 (vir)     9          43.223          -4.316          -3.965         -15.931           50.873
   18 (vir)     9          43.663          -1.815          -3.242         -14.513           53.119
   19 (vir)     9          51.517          -3.813          -2.561         -11.846           56.989
   20 (vir)     9          69.548         -10.064          -5.492         -16.190           70.183
   21 (vir)     9          69.737          -3.113          -3.409         -16.089           79.304
   22 (vir)     9          73.359          -4.119          -4.728         -14.643           79.155
   23 (vir)     9          78.731          -4.788          -9.145         -14.127           78.924
   24 (vir)     9          85.982          -7.877          -6.016         -12.088           84.178
   25 (vir)     9         176.155          -8.931         -32.076         -11.995          147.142
   26 (vir)     9         238.527          -4.761          -2.453         -18.029          249.342
 
 
  kpoint:      10             coordinate:     0.0612    0.0612    0.0000
 
    n           k   ϵ_nk^DFT (eV)     Σ^c_nk (eV)     Σ^x_nk (eV)    v_nk^xc (eV)   ϵ_nk^G0W0 (eV)
 
    1 (occ)    10         -21.152           9.140         -26.930         -16.264          -22.678
    2 (occ)    10          -8.639           3.958         -18.610         -13.261          -10.031
    3 (occ)    10          -6.013           3.150         -22.432         -17.903           -7.392
    4 (occ)    10          -5.583           3.019         -22.395         -18.054           -6.905
    5 (vir)    10           2.658          -2.360          -2.744          -6.430            3.985
    6 (vir)    10           3.937          -2.247          -3.023          -6.783            5.450
    7 (vir)    10           7.796          -4.305          -7.281         -14.271           10.481
    8 (vir)    10           8.597          -4.511          -7.173         -14.420           11.332
    9 (vir)    10           9.596          -7.919          -4.938         -13.631           10.369
   10 (vir)    10           9.999          -4.751          -6.622         -13.544           12.170
   11 (vir)    10          24.877          -5.690          -2.654         -10.457           26.989
   12 (vir)    10          26.472          -5.783          -3.601         -11.653           28.741
   13 (vir)    10          27.334          -5.984          -3.506         -11.807           29.651
   14 (vir)    10          38.652          -0.830          -4.141         -13.691           47.372
   15 (vir)    10          40.156          -0.931          -3.852         -14.118           49.491
   16 (vir)    10          40.280          -0.550          -3.762         -13.346           49.314
   17 (vir)    10          43.133          -4.266          -3.975         -15.909           50.800
   18 (vir)    10          43.941          -1.723          -3.222         -14.439           53.436
   19 (vir)    10          51.443           0.296          -2.630         -12.151           61.261
   20 (vir)    10          67.952          -4.551          -8.291         -14.781           69.892
   21 (vir)    10          69.538          -2.339          -3.510         -16.587           80.277
   22 (vir)    10          72.057          -2.244          -5.105         -14.030           78.738
   23 (vir)    10          77.064          -3.834          -6.892         -15.043           81.382
   24 (vir)    10          86.157          -1.693          -2.393         -12.323           94.394
   25 (vir)    10         167.063          -2.305         -29.241         -11.521          147.039
   26 (vir)    10         238.869          -3.817          -1.300         -18.043          251.796
 
 
  kpoint:      11             coordinate:     0.0680    0.0680    0.0000
 
    n           k   ϵ_nk^DFT (eV)     Σ^c_nk (eV)     Σ^x_nk (eV)    v_nk^xc (eV)   ϵ_nk^G0W0 (eV)
 
    1 (occ)    11         -21.104           8.963         -26.925         -16.277          -22.789
    2 (occ)    11          -8.572           3.930         -18.602         -13.281           -9.962
    3 (occ)    11          -6.191           3.201         -22.432         -17.835           -7.586
    4 (occ)    11          -5.679           3.042         -22.376         -18.006           -7.008
    5 (vir)    11           2.732          -2.314          -2.748          -6.416            4.086
    6 (vir)    11           3.990          -2.269          -3.093          -6.881            5.510
    7 (vir)    11           7.810          -4.278          -7.277         -14.252           10.507
    8 (vir)    11           8.735          -4.555          -7.124         -14.356           11.412
    9 (vir)    11           9.459          -5.323          -4.887         -13.483           12.731
   10 (vir)    11          10.174          -4.905          -6.689         -13.676           12.256
   11 (vir)    11          24.943          -5.460          -2.690         -10.556           27.349
   12 (vir)    11          26.125          -5.795          -3.617         -11.633           28.346
   13 (vir)    11          27.237          -6.042          -3.510         -11.836           29.521
   14 (vir)    11          38.793          -0.779          -4.168         -13.767           47.613
   15 (vir)    11          39.589          -5.448          -3.806         -13.995           44.329
   16 (vir)    11          40.745          -0.608          -3.723         -13.391           49.806
   17 (vir)    11          43.035          -4.325          -3.972         -15.883           50.621
   18 (vir)    11          44.259          -1.612          -3.207         -14.361           53.801
   19 (vir)    11          51.399           1.219          -2.681         -12.391           62.328
   20 (vir)    11          65.243           2.908         -11.784         -13.385           69.752
   21 (vir)    11          69.341          -2.802          -3.739         -16.733           79.534
   22 (vir)    11          70.773          -1.742          -3.447         -14.274           79.859
   23 (vir)    11          76.557           0.498          -5.253         -15.630           87.432
   24 (vir)    11          87.409          -1.467          -1.751         -12.339           96.530
   25 (vir)    11         155.327          10.296         -10.081         -10.930          166.472
   26 (vir)    11         238.974          -2.267          -1.336         -18.047          253.418
 
 
  kpoint:      12             coordinate:     0.0748    0.0748    0.0000
 
    n           k   ϵ_nk^DFT (eV)     Σ^c_nk (eV)     Σ^x_nk (eV)    v_nk^xc (eV)   ϵ_nk^G0W0 (eV)
 
    1 (occ)    12         -21.050           9.016         -26.918         -16.290          -22.662
    2 (occ)    12          -8.498           3.900         -18.593         -13.305           -9.886
    3 (occ)    12          -6.379           3.256         -22.435         -17.767           -7.792
    4 (occ)    12          -5.783           3.066         -22.357         -17.955           -7.119
    5 (vir)    12           2.823          -2.275          -2.748          -6.422            4.222
    6 (vir)    12           4.047          -2.296          -3.174          -6.998            5.574
    7 (vir)    12           7.829          -4.278          -7.273         -14.234           10.512
    8 (vir)    12           8.870          -4.503          -7.063         -14.276           11.580
    9 (vir)    12           9.314          -5.648          -4.825         -13.312           12.153
   10 (vir)    12          10.379          -4.623          -6.711         -13.823           12.868
   11 (vir)    12          25.021          -4.788          -2.750         -10.661           28.144
   12 (vir)    12          25.755          -5.793          -3.632         -11.609           27.939
   13 (vir)    12          27.150          -6.102          -3.514         -11.868           29.402
   14 (vir)    12          38.940          -0.732          -4.192         -13.842           47.858
   15 (vir)    12          39.028          -1.890          -3.699         -13.903           47.343
   16 (vir)    12          41.222          -0.686          -3.677         -13.444           50.303
   17 (vir)    12          42.929          -4.411          -3.974         -15.851           50.395
   18 (vir)    12          44.620          -1.480          -3.201         -14.282           54.221
   19 (vir)    12          51.372         -10.842          -2.702         -12.572           50.400
   20 (vir)    12          62.209           6.377         -11.879         -12.485           69.193
   21 (vir)    12          69.040          -2.245          -4.069         -16.755           79.482
   22 (vir)    12          69.968          -1.345          -2.175         -14.566           81.014
   23 (vir)    12          76.582          -0.617          -4.354         -15.842           87.453
   24 (vir)    12          88.786          -1.065          -1.498         -12.250           98.473
   25 (vir)    12         141.443          -1.792           8.103         -10.269          158.023
   26 (vir)    12         238.892          -1.509          -1.485         -18.044          253.943
 
 
  kpoint:      13             coordinate:     0.0816    0.0816    0.0000
 
    n           k   ϵ_nk^DFT (eV)     Σ^c_nk (eV)     Σ^x_nk (eV)    v_nk^xc (eV)   ϵ_nk^G0W0 (eV)
 
    1 (occ)    13         -20.991           9.125         -26.908         -16.303          -22.472
    2 (occ)    13          -8.417           3.867         -18.583         -13.331           -9.802
    3 (occ)    13          -6.577           3.315         -22.442         -17.697           -8.007
    4 (occ)    13          -5.896           3.094         -22.336         -17.900           -7.238
    5 (vir)    13           2.933          -2.292          -2.722          -6.449            4.368
    6 (vir)    13           4.106          -2.329          -3.271          -7.136            5.642
    7 (vir)    13           7.854          -4.275          -7.269         -14.218           10.529
    8 (vir)    13           9.001          -4.475          -6.981         -14.189           11.735
    9 (vir)    13           9.161          -5.912          -4.750         -13.117           11.617
   10 (vir)    13          10.613          -4.647          -6.679         -13.975           13.262
   11 (vir)    13          25.108          -4.493          -2.805         -10.771           28.582
   12 (vir)    13          25.367          -5.774          -3.647         -11.581           27.526
   13 (vir)    13          27.073          -6.163          -3.517         -11.903           29.296
   14 (vir)    13          38.475          -1.723          -3.449         -13.832           47.135
   15 (vir)    13          39.091          -0.696          -4.214         -13.916           48.097
   16 (vir)    13          41.699          -0.766          -3.624         -13.501           50.810
   17 (vir)    13          42.814          -4.409          -3.998         -15.812           50.219
   18 (vir)    13          45.028          -1.327          -3.203         -14.205           54.703
   19 (vir)    13          51.338          -3.542          -2.755         -12.699           57.741
   20 (vir)    13          59.353           6.807          -7.579         -11.866           70.447
   21 (vir)    13          68.518          -1.835          -3.894         -16.344           79.133
   22 (vir)    13          69.537          -1.935          -2.064         -15.116           80.654
   23 (vir)    13          76.780          -0.806          -3.589         -15.936           88.321
   24 (vir)    13          89.859          -0.634          -1.155         -12.053          100.122
   25 (vir)    13         126.572          -0.976          10.442          -9.664          145.703
   26 (vir)    13         238.680          -1.590          -1.277         -18.039          253.852
 
 
  kpoint:      14             coordinate:     0.0884    0.0884    0.0000
 
    n           k   ϵ_nk^DFT (eV)     Σ^c_nk (eV)     Σ^x_nk (eV)    v_nk^xc (eV)   ϵ_nk^G0W0 (eV)
 
    1 (occ)    14         -20.927           9.128         -26.898         -16.317          -22.380
    2 (occ)    14          -8.330           3.832         -18.573         -13.359           -9.712
    3 (occ)    14          -6.782           3.376         -22.452         -17.627           -8.230
    4 (occ)    14          -6.015           3.123         -22.316         -17.842           -7.366
    5 (vir)    14           3.061          -2.356          -2.676          -6.497            4.526
    6 (vir)    14           4.166          -2.369          -3.384          -7.300            5.712
    7 (vir)    14           7.886          -4.314          -7.265         -14.203           10.510
    8 (vir)    14           9.003          -6.002          -4.659         -12.894           11.236
    9 (vir)    14           9.129          -4.676          -6.875         -14.101           11.679
   10 (vir)    14          10.875          -4.870          -6.620         -14.124           13.510
   11 (vir)    14          24.963          -5.739          -3.662         -11.549           27.111
   12 (vir)    14          25.203          -5.017          -2.835         -10.885           28.236
   13 (vir)    14          27.008          -6.224          -3.520         -11.940           29.204
   14 (vir)    14          37.923          -3.890          -3.086         -13.767           44.714
   15 (vir)    14          39.247          -0.679          -4.233         -13.987           48.322
   16 (vir)    14          42.167          -0.841          -3.564         -13.559           51.321
   17 (vir)    14          42.688          -4.625          -4.052         -15.759           49.770
   18 (vir)    14          45.490          -1.157          -3.216         -14.132           55.249
   19 (vir)    14          51.248          -2.855          -2.911         -12.758           58.239
   20 (vir)    14          56.766           1.699          -0.820         -11.371           69.017
   21 (vir)    14          67.837           0.958          -3.604         -15.989           81.180
   22 (vir)    14          69.316           0.776          -2.518         -15.520           83.094
   23 (vir)    14          77.037          -1.469          -2.986         -15.979           88.560
   24 (vir)    14          89.755           0.831          -1.411         -11.482          100.656
   25 (vir)    14         112.760          -0.863          -2.853          -9.490          118.534
   26 (vir)    14         238.406          -2.133          -0.947         -18.033          253.360
 
 
  kpoint:      15             coordinate:     0.0952    0.0952    0.0000
 
    n           k   ϵ_nk^DFT (eV)     Σ^c_nk (eV)     Σ^x_nk (eV)    v_nk^xc (eV)   ϵ_nk^G0W0 (eV)
 
    1 (occ)    15         -20.857           9.015         -26.887         -16.331          -22.398
    2 (occ)    15          -8.236           3.793         -18.563         -13.390           -9.615
    3 (occ)    15          -6.993           3.440         -22.465         -17.558           -8.460
    4 (occ)    15          -6.141           3.155         -22.295         -17.781           -7.500
    5 (vir)    15           3.207          -2.412          -2.646          -6.567            4.716
    6 (vir)    15           4.226          -2.418          -3.517          -7.494            5.785
    7 (vir)    15           7.924          -4.286          -7.260         -14.188           10.566
    8 (vir)    15           8.842          -5.993          -4.549         -12.638           10.938
    9 (vir)    15           9.255          -4.851          -6.763         -14.016           11.656
   10 (vir)    15          11.162          -5.413          -6.580         -14.265           13.435
   11 (vir)    15          24.546          -5.691          -3.677         -11.514           26.693
   12 (vir)    15          25.301          -5.661          -2.845         -11.002           27.796
   13 (vir)    15          26.956          -6.282          -3.523         -11.979           29.130
   14 (vir)    15          37.364          -2.187          -2.781         -13.692           46.087
   15 (vir)    15          39.407          -0.685          -4.250         -14.055           48.527
   16 (vir)    15          42.542          -6.985          -4.135         -15.678           47.100
   17 (vir)    15          42.618          -0.907          -3.498         -13.613           51.826
   18 (vir)    15          46.006          -0.980          -3.236         -14.070           55.860
   19 (vir)    15          50.958          -1.285          -2.750         -12.601           59.524
   20 (vir)    15          54.519          -3.983           4.112         -11.107           65.754
   21 (vir)    15          67.075          -0.975          -3.723         -15.752           78.130
   22 (vir)    15          69.169           2.396          -2.896         -15.705           84.374
   23 (vir)    15          77.287          -1.643          -2.657         -15.946           88.933
   24 (vir)    15          85.811           2.991          -9.567          -9.892           89.128
   25 (vir)    15         103.869           6.065         -12.376         -10.570          108.128
   26 (vir)    15         238.135          -2.557          -0.918         -18.029          252.690
 
 
  kpoint:      16             coordinate:     0.1020    0.1020    0.0000
 
    n           k   ϵ_nk^DFT (eV)     Σ^c_nk (eV)     Σ^x_nk (eV)    v_nk^xc (eV)   ϵ_nk^G0W0 (eV)
 
    1 (occ)    16         -20.783           8.910         -26.876         -16.347          -22.402
    2 (occ)    16          -8.135           3.753         -18.552         -13.424           -9.510
    3 (occ)    16          -7.209           3.507         -22.480         -17.489           -8.694
    4 (occ)    16          -6.274           3.189         -22.275         -17.718           -7.642
    5 (vir)    16           3.369          -2.440          -2.664          -6.656            4.921
    6 (vir)    16           4.285          -2.477          -3.673          -7.723            5.858
    7 (vir)    16           7.968          -4.285          -7.253         -14.174           10.605
    8 (vir)    16           8.681          -5.930          -4.416         -12.344           10.678
    9 (vir)    16           9.380          -4.755          -6.677         -13.935           11.884
   10 (vir)    16          11.471          -5.436          -6.587         -14.395           13.843
   11 (vir)    16          24.120          -5.636          -3.692         -11.477           26.268
   12 (vir)    16          25.399          -5.841          -2.866         -11.119           27.810
   13 (vir)    16          26.916          -6.337          -3.525         -12.020           29.074
   14 (vir)    16          36.786          -2.423          -2.736         -13.590           45.217
   15 (vir)    16          39.570          -0.706          -4.264         -14.120           48.721
   16 (vir)    16          42.359         -12.834          -4.260         -15.530           40.795
   17 (vir)    16          43.047          -0.962          -3.428         -13.657           52.313
   18 (vir)    16          46.579          -0.809          -3.263         -14.023           56.530
   19 (vir)    16          50.016          -3.172          -0.817         -11.703           57.729
   20 (vir)    16          52.981          -4.893           2.598         -11.621           62.306
   21 (vir)    16          66.126          -0.880          -4.773         -15.257           75.731
   22 (vir)    16          69.056          -3.699          -3.055         -15.776           78.079
   23 (vir)    16          76.509          -1.168         -12.866         -11.068           73.543
   24 (vir)    16          78.292           5.097         -10.997         -13.742           86.133
   25 (vir)    16         101.612           4.277          -8.952         -11.580          108.517
   26 (vir)    16         237.925          -2.633          -1.291         -18.028          252.029
 
 
  kpoint:      17             coordinate:     0.1088    0.1088    0.0000
 
    n           k   ϵ_nk^DFT (eV)     Σ^c_nk (eV)     Σ^x_nk (eV)    v_nk^xc (eV)   ϵ_nk^G0W0 (eV)
 
    1 (occ)    17         -20.703           8.905         -26.867         -16.364          -22.301
    2 (occ)    17          -8.028           3.709         -18.542         -13.461           -9.399
    3 (occ)    17          -7.429           3.576         -22.498         -17.420           -8.931
    4 (occ)    17          -6.412           3.224         -22.256         -17.654           -7.790
    5 (vir)    17           3.547          -2.466          -2.740          -6.763            5.105
    6 (vir)    17           4.340          -2.549          -3.856          -7.994            5.930
    7 (vir)    17           8.020          -4.289          -7.246         -14.160           10.645
    8 (vir)    17           8.522          -5.794          -4.258         -12.006           10.477
    9 (vir)    17           9.506          -4.706          -6.632         -13.859           12.027
   10 (vir)    17          11.798          -5.397          -6.633         -14.511           14.278
   11 (vir)    17          23.686          -5.581          -3.706         -11.436           25.836
   12 (vir)    17          25.490          -5.702          -2.921         -11.234           28.101
   13 (vir)    17          26.890          -6.388          -3.527         -12.062           29.037
   14 (vir)    17          36.179          -2.139          -3.024         -13.446           44.461
   15 (vir)    17          39.736          -0.731          -4.276         -14.183           48.912
   16 (vir)    17          42.093           4.565          -4.521         -15.183           57.320
   17 (vir)    17          43.453          -1.007          -3.360         -13.689           52.774
   18 (vir)    17          47.205          -0.656          -3.292         -13.993           57.250
   19 (vir)    17          48.143          -4.199          -1.490         -10.739           53.192
   20 (vir)    17          52.374          -2.892          -1.054         -12.347           60.775
   21 (vir)    17          63.984           3.906         -11.041         -11.990           68.838
   22 (vir)    17          68.900          -1.782          -2.817         -14.799           79.100
   23 (vir)    17          69.372           8.027         -14.221         -12.422           75.600
   24 (vir)    17          78.016          -1.096          -3.601         -16.115           89.435
   25 (vir)    17         101.998          -4.464          -5.501         -11.886          103.919
   26 (vir)    17         237.818          -2.486          -1.778         -18.030          251.584
 
 
  kpoint:      18             coordinate:     0.1156    0.1156    0.0000
 
    n           k   ϵ_nk^DFT (eV)     Σ^c_nk (eV)     Σ^x_nk (eV)    v_nk^xc (eV)   ϵ_nk^G0W0 (eV)
 
    1 (occ)    18         -20.618           8.988         -26.857         -16.382          -22.105
    2 (occ)    18          -7.915           3.663         -18.531         -13.501           -9.282
    3 (occ)    18          -7.652           3.646         -22.517         -17.352           -9.171
    4 (occ)    18          -6.555           3.261         -22.237         -17.588           -7.943
    5 (vir)    18           3.738          -2.501          -2.846          -6.884            5.275
    6 (vir)    18           4.389          -2.636          -4.068          -8.312            5.998
    7 (vir)    18           8.078          -4.294          -7.236         -14.146           10.693
    8 (vir)    18           8.369          -5.575          -4.070         -11.620           10.345
    9 (vir)    18           9.634          -4.637          -6.615         -13.786           12.167
   10 (vir)    18          12.139          -5.200          -6.685         -14.615           14.869
   11 (vir)    18          23.248          -5.526          -3.720         -11.393           25.395
   12 (vir)    18          25.570           0.749          -3.008         -11.338           34.649
   13 (vir)    18          26.878          -6.437          -3.529         -12.107           29.018
   14 (vir)    18          35.528           0.368          -3.498         -13.242           45.640
   15 (vir)    18          39.905          -0.756          -4.286         -14.242           49.105
   16 (vir)    18          41.591          -6.026          -5.287         -14.124           44.403
   17 (vir)    18          43.834          -1.044          -3.294         -13.707           53.203
   18 (vir)    18          45.931          -1.244          -5.151         -10.796           50.331
   19 (vir)    18          47.879          -0.536          -3.321         -13.982           58.005
   20 (vir)    18          52.150          -1.360          -2.650         -12.676           60.816
   21 (vir)    18          58.534          -4.899         -11.484          -8.099           50.250
   22 (vir)    18          66.573          -4.995          -4.562         -15.125           72.141
   23 (vir)    18          68.908          -3.149          -3.379         -15.922           78.301
   24 (vir)    18          78.253           4.484          -3.537         -16.162           95.363
   25 (vir)    18         103.066          -3.668          -3.246         -12.000          108.152
   26 (vir)    18         237.835          -1.719          -2.009         -18.033          252.140
 
 
  kpoint:      19             coordinate:     0.1224    0.1224    0.0000
 
    n           k   ϵ_nk^DFT (eV)     Σ^c_nk (eV)     Σ^x_nk (eV)    v_nk^xc (eV)   ϵ_nk^G0W0 (eV)
 
    1 (occ)    19         -20.530           9.101         -26.847         -16.402          -21.873
    2 (occ)    19          -7.876           3.717         -22.537         -17.285           -9.411
    3 (occ)    19          -7.795           3.615         -18.521         -13.545           -9.157
    4 (occ)    19          -6.702           3.301         -22.220         -17.521           -8.101
    5 (vir)    19           3.940          -2.528          -2.948          -7.018            5.481
    6 (vir)    19           4.429          -2.739          -4.311          -8.681            6.060
    7 (vir)    19           8.143          -4.304          -7.225         -14.132           10.746
    8 (vir)    19           8.226          -5.369          -3.851         -11.182           10.188
    9 (vir)    19           9.763          -4.469          -6.590         -13.714           12.418
   10 (vir)    19          12.492          -4.821          -6.703         -14.706           15.674
   11 (vir)    19          22.807          -5.472          -3.734         -11.347           24.949
   12 (vir)    19          25.626          -4.488          -3.094         -11.420           29.464
   13 (vir)    19          26.878          -6.482          -3.531         -12.152           29.017
   14 (vir)    19          34.823          -1.396          -3.872         -12.959           42.513
   15 (vir)    19          40.076          -0.784          -4.294         -14.298           49.295
   16 (vir)    19          40.383          -2.547          -6.792         -11.276           42.320
   17 (vir)    19          44.108          -2.226          -5.686         -12.742           48.938
   18 (vir)    19          44.195          -1.077          -3.233         -13.712           53.598
   19 (vir)    19          48.597          -0.456          -3.348         -13.987           58.780
   20 (vir)    19          51.897          -0.950          -3.156         -12.456           60.247
   21 (vir)    19          53.429          -1.019          -4.761          -8.250           55.899
   22 (vir)    19          65.641          -2.014          -3.700         -15.685           75.613
   23 (vir)    19          68.846          -2.797          -3.099         -15.911           78.861
   24 (vir)    19          78.500          -1.788          -3.545         -16.194           89.361
   25 (vir)    19         104.315          -2.242          -1.882         -12.068          112.259
   26 (vir)    19         237.977          -2.471          -1.885         -18.038          251.658
 
 
  kpoint:      20             coordinate:     0.1293    0.1293    0.0000
 
    n           k   ϵ_nk^DFT (eV)     Σ^c_nk (eV)     Σ^x_nk (eV)    v_nk^xc (eV)   ϵ_nk^G0W0 (eV)
 
    1 (occ)    20         -20.437           9.181         -26.837         -16.425          -21.667
    2 (occ)    20          -8.101           3.788         -22.559         -17.219           -9.652
    3 (occ)    20          -7.670           3.564         -18.512         -13.591           -9.026
    4 (occ)    20          -6.854           3.341         -22.204         -17.453           -8.264
    5 (vir)    20           4.151          -2.572          -3.025          -7.159            5.713
    6 (vir)    20           4.456          -2.861          -4.584          -9.102            6.113
    7 (vir)    20           8.097          -5.140          -3.602         -10.690           10.046
    8 (vir)    20           8.216          -4.312          -7.212         -14.117           10.808
    9 (vir)    20           9.896          -4.401          -6.525         -13.641           12.611
   10 (vir)    20          12.854          -4.732          -6.675         -14.784           16.231
   11 (vir)    20          22.365          -5.416          -3.747         -11.299           24.501
   12 (vir)    20          25.643          -4.379          -3.136         -11.454           29.582
   13 (vir)    20          26.892          -6.526          -3.533         -12.199           29.033
   14 (vir)    20          34.046          -1.178          -3.937         -12.557           41.488
   15 (vir)    20          38.192          -1.437          -5.981          -8.682           39.456
   16 (vir)    20          40.248          -0.822          -4.298         -14.351           49.478
   17 (vir)    20          43.202          -2.515          -4.495         -14.662           50.854
   18 (vir)    20          44.537          -1.101          -3.177         -13.706           53.964
   19 (vir)    20          49.296           1.099          -2.415          -8.573           56.553
   20 (vir)    20          49.352          -0.410          -3.371         -14.007           59.577
   21 (vir)    20          52.136          -2.287          -3.244         -12.594           59.200
   22 (vir)    20          64.993          -2.009          -3.615         -15.812           75.181
   23 (vir)    20          68.796          -2.571          -2.906         -15.901           79.220
   24 (vir)    20          78.745          -1.655          -3.501         -16.224           89.813
   25 (vir)    20         105.587           2.776          -1.282         -12.128          119.209
   26 (vir)    20         238.230          -2.516          -1.652         -18.043          252.105
 
 
  kpoint:      21             coordinate:     0.1361    0.1361    0.0000
 
    n           k   ϵ_nk^DFT (eV)     Σ^c_nk (eV)     Σ^x_nk (eV)    v_nk^xc (eV)   ϵ_nk^G0W0 (eV)
 
    1 (occ)    21         -20.340           9.181         -26.827         -16.449          -21.536
    2 (occ)    21          -8.325           3.860         -22.580         -17.153           -9.893
    3 (occ)    21          -7.539           3.512         -18.504         -13.642           -8.889
    4 (occ)    21          -7.008           3.384         -22.190         -17.385           -8.430
    5 (vir)    21           4.369          -2.628          -3.080          -7.306            5.968
    6 (vir)    21           4.466          -3.000          -4.883          -9.569            6.152
    7 (vir)    21           7.987          -4.890          -3.326         -10.151            9.922
    8 (vir)    21           8.295          -4.319          -7.196         -14.101           10.881
    9 (vir)    21          10.030          -4.468          -6.416         -13.566           12.712
   10 (vir)    21          13.220          -4.979          -6.610         -14.850           16.481
   11 (vir)    21          21.924          -5.356          -3.760         -11.249           24.058
   12 (vir)    21          25.597          -6.874          -3.118         -11.391           26.996
   13 (vir)    21          26.919          -6.566          -3.535         -12.248           29.066
   14 (vir)    21          33.165          -1.420          -3.815         -11.898           39.828
   15 (vir)    21          35.814          -0.906          -3.605          -7.905           39.207
   16 (vir)    21          40.420          -0.871          -4.300         -14.400           49.650
   17 (vir)    21          42.789          -5.170          -4.115         -15.278           48.782
   18 (vir)    21          44.863          -1.111          -3.126         -13.690           54.315
   19 (vir)    21          46.605           0.425          -2.694          -8.800           53.136
   20 (vir)    21          50.136          -0.379          -3.392         -14.038           60.403
   21 (vir)    21          52.042          -2.193          -3.091         -12.884           59.642
   22 (vir)    21          64.436          -2.303          -3.594         -15.856           74.396
   23 (vir)    21          68.752          -2.829          -2.796         -15.887           79.013
   24 (vir)    21          78.986          -1.820          -3.444         -16.255           89.978
   25 (vir)    21         106.816          -1.017          -1.245         -12.191          116.744
   26 (vir)    21         238.567          -2.598          -1.663         -18.048          252.354
 
 
  kpoint:      22             coordinate:     0.1429    0.1429    0.0000
 
    n           k   ϵ_nk^DFT (eV)     Σ^c_nk (eV)     Σ^x_nk (eV)    v_nk^xc (eV)   ϵ_nk^G0W0 (eV)
 
    1 (occ)    22         -20.239           9.104         -26.819         -16.477          -21.478
    2 (occ)    22          -8.549           3.932         -22.602         -17.088          -10.131
    3 (occ)    22          -7.402           3.457         -18.496         -13.696           -8.745
    4 (occ)    22          -7.166           3.427         -22.178         -17.317           -8.600
    5 (vir)    22           4.457          -3.154          -5.198         -10.070            6.176
    6 (vir)    22           4.593          -2.710          -3.128          -7.457            6.211
    7 (vir)    22           7.899          -4.627          -3.033          -9.578            9.817
    8 (vir)    22           8.382          -4.326          -7.177         -14.085           10.964
    9 (vir)    22          10.167          -4.578          -6.288         -13.488           12.789
   10 (vir)    22          13.589          -5.299          -6.535         -14.901           16.656
   11 (vir)    22          21.487          -5.287          -3.773         -11.197           23.624
   12 (vir)    22          25.451           0.776          -3.078         -11.150           34.300
   13 (vir)    22          26.958          -6.605          -3.536         -12.297           29.114
   14 (vir)    22          32.117          -0.371          -3.974         -10.702           38.473
   15 (vir)    22          33.896           0.079          -2.011          -8.485           40.450
   16 (vir)    22          40.593          -0.925          -4.300         -14.447           49.816
   17 (vir)    22          42.500          -4.118          -4.082         -15.228           49.528
   18 (vir)    22          44.604          -0.843          -2.810          -9.358           50.309
   19 (vir)    22          45.174          -1.098          -3.080         -13.667           54.663
   20 (vir)    22          50.945          -0.355          -3.409         -14.078           61.260
   21 (vir)    22          51.984          -4.952          -3.002         -13.011           57.041
   22 (vir)    22          63.926          -3.138          -3.565         -15.874           73.097
   23 (vir)    22          68.708          -0.274          -2.778         -15.871           81.526
   24 (vir)    22          79.226          -3.114          -3.410         -16.286           88.988
   25 (vir)    22         107.972          -0.990          -1.471         -12.259          117.770
   26 (vir)    22         238.957          -9.408          -2.054         -18.053          245.547
 
 
  kpoint:      23             coordinate:     0.1497    0.1497    0.0000
 
    n           k   ϵ_nk^DFT (eV)     Σ^c_nk (eV)     Σ^x_nk (eV)    v_nk^xc (eV)   ϵ_nk^G0W0 (eV)
 
    1 (occ)    23         -20.135           8.983         -26.814         -16.507          -21.459
    2 (occ)    23          -8.771           4.003         -22.622         -17.023          -10.367
    3 (occ)    23          -7.326           3.471         -22.167         -17.249           -8.773
    4 (occ)    23          -7.260           3.400         -18.490         -13.754           -8.596
    5 (vir)    23           4.426          -3.314          -5.516         -10.582            6.178
    6 (vir)    23           4.820          -2.785          -3.185          -7.608            6.458
    7 (vir)    23           7.838          -4.360          -2.737          -8.992            9.734
    8 (vir)    23           8.476          -4.343          -7.155         -14.069           11.047
    9 (vir)    23          10.305          -5.175          -6.173         -13.405           12.363
   10 (vir)    23          13.956          -6.357          -6.467         -14.938           16.070
   11 (vir)    23          21.054          -5.210          -3.784         -11.142           23.202
   12 (vir)    23          25.163          -0.790          -3.074         -10.636           31.935
   13 (vir)    23          27.010          -6.642          -3.538         -12.348           29.178
   14 (vir)    23          30.969          -1.160          -4.286          -9.634           35.158
   15 (vir)    23          32.579          -1.563          -1.298          -9.502           39.219
   16 (vir)    23          40.765          -0.974          -4.298         -14.491           49.983
   17 (vir)    23          42.074          -0.640          -3.739         -13.512           51.208
   18 (vir)    23          43.231          -1.603          -2.821         -11.431           50.237
   19 (vir)    23          45.472          -1.057          -3.037         -13.637           55.015
   20 (vir)    23          51.774          -0.332          -3.423         -14.125           62.144
   21 (vir)    23          51.931           0.239          -3.015         -13.110           62.265
   22 (vir)    23          63.445          -3.544          -3.553         -15.882           72.229
   23 (vir)    23          68.660          -1.056          -2.824         -15.854           80.634
   24 (vir)    23          79.466           0.255          -3.405         -16.316           92.632
   25 (vir)    23         109.043          -0.891          -1.673         -12.331          118.810
   26 (vir)    23         239.369          -2.501          -2.602         -18.057          252.323
 
 
  kpoint:      24             coordinate:     0.1565    0.1565    0.0000
 
    n           k   ϵ_nk^DFT (eV)     Σ^c_nk (eV)     Σ^x_nk (eV)    v_nk^xc (eV)   ϵ_nk^G0W0 (eV)
 
    1 (occ)    24         -20.029           8.895         -26.810         -16.539          -21.404
    2 (occ)    24          -8.990           4.074         -22.641         -16.959          -10.599
    3 (occ)    24          -7.488           3.517         -22.159         -17.182           -8.949
    4 (occ)    24          -7.113           3.342         -18.486         -13.816           -8.440
    5 (vir)    24           4.369          -3.472          -5.819         -11.078            6.156
    6 (vir)    24           5.050          -2.845          -3.252          -7.759            6.712
    7 (vir)    24           7.807          -4.098          -2.454          -8.422            9.677
    8 (vir)    24           8.576          -4.368          -7.130         -14.051           11.130
    9 (vir)    24          10.445          -4.876          -6.088         -13.318           12.798
   10 (vir)    24          14.319          -5.962          -6.406         -14.956           16.907
   11 (vir)    24          20.627          -5.124          -3.795         -11.086           22.794
   12 (vir)    24          24.706          -1.050          -3.055          -9.864           30.464
   13 (vir)    24          27.073          -6.678          -3.540         -12.400           29.256
   14 (vir)    24          30.012          -0.915          -4.119          -9.614           34.591
   15 (vir)    24          31.602          -1.698          -1.377          -9.917           38.443
   16 (vir)    24          40.935          -1.014          -4.295         -14.532           50.157
   17 (vir)    24          41.166          -1.427          -2.590         -10.788           47.937
   18 (vir)    24          42.667          -1.593          -3.620         -14.427           51.881
   19 (vir)    24          45.757          -0.994          -2.998         -13.602           55.368
   20 (vir)    24          51.874           0.073          -3.093         -13.198           62.052
   21 (vir)    24          52.616          -0.308          -3.434         -14.177           63.051
   22 (vir)    24          62.982           2.700          -3.577         -15.884           77.990
   23 (vir)    24          68.607          -1.276          -2.878         -15.835           80.288
   24 (vir)    24          79.706           0.636          -3.410         -16.345           93.276
   25 (vir)    24         110.024          -0.445          -1.697         -12.407          120.289
   26 (vir)    24         239.777          -2.423          -2.871         -18.061          252.543
 
 
  kpoint:      25             coordinate:     0.1633    0.1633    0.0000
 
    n           k   ϵ_nk^DFT (eV)     Σ^c_nk (eV)     Σ^x_nk (eV)    v_nk^xc (eV)   ϵ_nk^G0W0 (eV)
 
    1 (occ)    25         -19.919           8.803         -26.807         -16.575          -21.348
    2 (occ)    25          -9.206           4.143         -22.659         -16.895          -10.828
    3 (occ)    25          -7.651           3.564         -22.152         -17.115           -9.125
    4 (occ)    25          -6.961           3.282         -18.484         -13.883           -8.280
    5 (vir)    25           4.288          -3.618          -6.092         -11.530            6.108
    6 (vir)    25           5.283          -2.898          -3.324          -7.909            6.970
    7 (vir)    25           7.806          -3.853          -2.199          -7.895            9.649
    8 (vir)    25           8.683          -4.385          -7.105         -14.032           11.226
    9 (vir)    25          10.584          -4.799          -6.024         -13.226           12.987
   10 (vir)    25          14.673          -5.934          -6.337         -14.953           17.355
   11 (vir)    25          20.208          -5.030          -3.805         -11.027           22.400
   12 (vir)    25          24.112          -0.804          -2.828          -9.040           29.521
   13 (vir)    25          27.148          -6.712          -3.542         -12.454           29.348
   14 (vir)    25          29.365          -3.777          -3.554         -10.117           32.151
   15 (vir)    25          30.776          -1.408          -1.955         -10.016           37.429
   16 (vir)    25          40.124          -1.098          -2.114         -10.190           47.102
   17 (vir)    25          41.102          -1.045          -4.292         -14.569           50.335
   18 (vir)    25          42.470           1.930          -3.998         -15.226           55.628
   19 (vir)    25          46.030          -0.921          -2.961         -13.562           55.711
   20 (vir)    25          51.809           0.843          -3.180         -13.280           62.753
   21 (vir)    25          53.467          -0.285          -3.443         -14.232           63.971
   22 (vir)    25          62.534           3.774          -3.617         -15.885           78.577
   23 (vir)    25          68.544          -1.060          -2.889         -15.818           80.412
   24 (vir)    25          79.948           1.168          -3.411         -16.371           94.077
   25 (vir)    25         110.915          -1.992          -1.560         -12.484          119.848
   26 (vir)    25         240.159          -2.295          -2.551         -18.064          253.377
 
 
  kpoint:      26             coordinate:     0.1701    0.1701    0.0000
 
    n           k   ϵ_nk^DFT (eV)     Σ^c_nk (eV)     Σ^x_nk (eV)    v_nk^xc (eV)   ϵ_nk^G0W0 (eV)
 
    1 (occ)    26         -19.806           8.742         -26.807         -16.613          -21.259
    2 (occ)    26          -9.419           4.210         -22.674         -16.831          -11.052
    3 (occ)    26          -7.815           3.612         -22.148         -17.049           -9.302
    4 (occ)    26          -6.804           3.221         -18.485         -13.955           -8.113
    5 (vir)    26           4.182          -3.741          -6.326         -11.918            6.033
    6 (vir)    26           5.517          -2.953          -3.394          -8.057            7.226
    7 (vir)    26           7.836          -3.634          -1.982          -7.433            9.652
    8 (vir)    26           8.796          -4.385          -7.079         -14.011           11.343
    9 (vir)    26          10.724          -4.752          -5.957         -13.129           13.143
   10 (vir)    26          15.016          -5.627          -6.248         -14.923           18.064
   11 (vir)    26          19.798          -4.927          -3.813         -10.966           22.024
   12 (vir)    26          23.457          -3.159          -2.350          -8.383           26.331
   13 (vir)    26          27.233          -6.740          -3.544         -12.509           29.457
   14 (vir)    26          28.950          -2.565          -3.011         -10.557           33.931
   15 (vir)    26          30.054          -3.571          -2.643         -10.156           33.997
   16 (vir)    26          39.176          -1.755          -2.093         -10.082           45.409
   17 (vir)    26          41.266          -1.071          -4.287         -14.604           50.511
   18 (vir)    26          42.360          -4.710          -4.156         -15.464           48.958
   19 (vir)    26          46.290          -0.853          -2.926         -13.518           56.029
   20 (vir)    26          51.732          -0.103          -3.244         -13.358           61.743
   21 (vir)    26          54.323          -0.265          -3.451         -14.288           64.895
   22 (vir)    26          62.097          -2.205          -3.637         -15.884           72.139
   23 (vir)    26          68.469           1.259          -2.840         -15.801           82.689
   24 (vir)    26          80.189          -2.921          -3.401         -16.396           90.264
   25 (vir)    26         111.723          -1.517          -1.391         -12.561          121.376
   26 (vir)    26         240.498          -3.512          -1.717         -18.066          253.335
 
 
  kpoint:      27             coordinate:     0.1769    0.1769    0.0000
 
    n           k   ϵ_nk^DFT (eV)     Σ^c_nk (eV)     Σ^x_nk (eV)    v_nk^xc (eV)   ϵ_nk^G0W0 (eV)
 
    1 (occ)    27         -19.692           8.705         -26.809         -16.654          -21.142
    2 (occ)    27          -9.626           4.275         -22.687         -16.767          -11.271
    3 (occ)    27          -7.980           3.661         -22.145         -16.984           -9.479
    4 (occ)    27          -6.643           3.158         -18.490         -14.033           -7.942
    5 (vir)    27           4.054          -3.838          -6.514         -12.230            5.933
    6 (vir)    27           5.752          -3.014          -3.460          -8.204            7.481
    7 (vir)    27           7.894          -3.444          -1.808          -7.045            9.687
    8 (vir)    27           8.915          -4.384          -7.050         -13.987           11.468
    9 (vir)    27          10.863          -4.645          -5.869         -13.026           13.375
   10 (vir)    27          15.342          -5.503          -6.136         -14.859           18.562
   11 (vir)    27          19.399          -4.815          -3.820         -10.903           21.667
   12 (vir)    27          22.810          -1.530          -1.843          -7.955           27.392
   13 (vir)    27          27.328          -6.760          -3.547         -12.565           29.587
   14 (vir)    27          28.627          -1.880          -2.794         -10.531           34.484
   15 (vir)    27          29.456          -1.705          -3.063         -10.673           35.360
   16 (vir)    27          38.338          -1.331          -2.223         -10.040           44.823
   17 (vir)    27          41.424          -1.102          -4.281         -14.635           50.676
   18 (vir)    27          42.285          -4.245          -4.237         -15.567           49.370
   19 (vir)    27          46.536          -0.800          -2.891         -13.469           56.314
   20 (vir)    27          51.640          -3.100          -3.289         -13.430           58.680
   21 (vir)    27          55.177          -0.249          -3.457         -14.343           65.814
   22 (vir)    27          61.666          -4.008          -3.619         -15.884           69.923
   23 (vir)    27          68.381          -4.097          -2.758         -15.786           77.312
   24 (vir)    27          80.428          -2.846          -3.385         -16.419           90.616
   25 (vir)    27         112.454          -1.433          -1.316         -12.636          122.341
   26 (vir)    27         240.784          -2.388          -0.808         -18.069          255.657
 
 
  kpoint:      28             coordinate:     0.1837    0.1837    0.0000
 
    n           k   ϵ_nk^DFT (eV)     Σ^c_nk (eV)     Σ^x_nk (eV)    v_nk^xc (eV)   ϵ_nk^G0W0 (eV)
 
    1 (occ)    28         -19.575           8.680         -26.813         -16.697          -21.011
    2 (occ)    28          -9.829           4.338         -22.697         -16.703          -11.485
    3 (occ)    28          -8.144           3.711         -22.145         -16.921           -9.657
    4 (occ)    28          -6.479           3.095         -18.498         -14.115           -7.767
    5 (vir)    28           3.908          -3.906          -6.657         -12.465            5.809
    6 (vir)    28           5.988          -3.079          -3.522          -8.349            7.737
    7 (vir)    28           7.979          -3.286          -1.676          -6.734            9.751
    8 (vir)    28           9.037          -4.381          -7.014         -13.957           11.600
    9 (vir)    28          11.001          -4.619          -5.756         -12.919           13.545
   10 (vir)    28          15.646          -5.652          -6.008         -14.751           18.737
   11 (vir)    28          19.012          -4.697          -3.826         -10.837           21.326
   12 (vir)    28          22.211          -1.214          -1.526          -7.726           27.196
   13 (vir)    28          27.433          -6.767          -3.551         -12.624           29.738
   14 (vir)    28          28.254          -1.815          -2.924          -9.946           33.461
   15 (vir)    28          29.044          -2.208          -3.102         -11.686           35.420
   16 (vir)    28          37.602          -1.551          -2.309          -9.983           43.725
   17 (vir)    28          41.577          -1.143          -4.274         -14.662           50.823
   18 (vir)    28          42.233          -5.330          -4.295         -15.621           48.229
   19 (vir)    28          46.765          -0.762          -2.857         -13.415           56.562
   20 (vir)    28          51.529          -2.696          -3.330         -13.498           59.001
   21 (vir)    28          56.024          -0.234          -3.461         -14.396           66.725
   22 (vir)    28          61.241          -3.623          -3.582         -15.883           69.918
   23 (vir)    28          68.279          -2.998          -2.687         -15.772           78.368
   24 (vir)    28          80.662          -2.936          -3.374         -16.440           90.792
   25 (vir)    28         113.120          -1.861          -1.372         -12.708          122.596
   26 (vir)    28         241.010          -2.375          -0.336         -18.071          256.370
 
 
  kpoint:      29             coordinate:     0.1905    0.1905    0.0000
 
    n           k   ϵ_nk^DFT (eV)     Σ^c_nk (eV)     Σ^x_nk (eV)    v_nk^xc (eV)   ϵ_nk^G0W0 (eV)
 
    1 (occ)    29         -19.457           8.654         -26.820         -16.744          -20.879
    2 (occ)    29         -10.025           4.398         -22.703         -16.639          -11.691
    3 (occ)    29          -8.308           3.760         -22.146         -16.859           -9.836
    4 (occ)    29          -6.311           3.032         -18.511         -14.204           -7.587
    5 (vir)    29           3.747          -3.948          -6.761         -12.629            5.667
    6 (vir)    29           6.226          -3.152          -3.582          -8.494            7.985
    7 (vir)    29           8.088          -3.158          -1.580          -6.493            9.843
    8 (vir)    29           9.164          -4.393          -6.970         -13.922           11.722
    9 (vir)    29          11.139          -4.725          -5.631         -12.809           13.591
   10 (vir)    29          15.923          -6.777          -5.867         -14.582           17.861
   11 (vir)    29          18.637          -4.579          -3.829         -10.768           20.997
   12 (vir)    29          21.676          -1.198          -1.454          -7.658           26.682
   13 (vir)    29          27.546          -6.762          -3.555         -12.684           29.913
   14 (vir)    29          27.795           0.017          -2.983          -9.534           34.362
   15 (vir)    29          28.800          -2.981          -3.170         -12.498           35.147
   16 (vir)    29          36.962          -0.367          -2.276          -9.895           44.214
   17 (vir)    29          41.723          -1.193          -4.265         -14.686           50.951
   18 (vir)    29          42.201          -3.788          -4.357         -15.652           49.708
   19 (vir)    29          46.976          -0.730          -2.823         -13.357           56.781
   20 (vir)    29          51.400          -2.616          -3.375         -13.559           58.967
   21 (vir)    29          56.857          -0.216          -3.462         -14.445           67.624
   22 (vir)    29          60.818          -3.465          -3.567         -15.881           69.668
   23 (vir)    29          68.163          -2.983          -2.660         -15.761           78.281
   24 (vir)    29          80.890          -3.618          -3.376         -16.458           90.354
   25 (vir)    29         113.732          -1.011          -1.504         -12.776          123.994
   26 (vir)    29         241.172          -2.408          -0.535         -18.072          256.302
 
 
  kpoint:      30             coordinate:     0.1973    0.1973    0.0000
 
    n           k   ϵ_nk^DFT (eV)     Σ^c_nk (eV)     Σ^x_nk (eV)    v_nk^xc (eV)   ϵ_nk^G0W0 (eV)
 
    1 (occ)    30         -19.338           8.615         -26.829         -16.793          -20.759
    2 (occ)    30         -10.216           4.456         -22.705         -16.574          -11.891
    3 (occ)    30          -8.471           3.809         -22.150         -16.798          -10.015
    4 (occ)    30          -6.141           2.968         -18.529         -14.299           -7.404
    5 (vir)    30           3.574          -3.966          -6.831         -12.733            5.509
    6 (vir)    30           6.463          -3.212          -3.642          -8.639            8.248
    7 (vir)    30           8.218          -3.057          -1.514          -6.314            9.961
    8 (vir)    30           9.293          -4.426          -6.916         -13.876           11.827
    9 (vir)    30          11.275          -4.838          -5.507         -12.696           13.626
   10 (vir)    30          16.167          -5.953          -5.707         -14.335           18.842
   11 (vir)    30          18.277          -4.467          -3.829         -10.695           20.676
   12 (vir)    30          21.212          -1.449          -1.557          -7.730           25.935
   13 (vir)    30          27.321          -1.046          -2.873          -9.442           32.844
   14 (vir)    30          27.666          -6.744          -3.561         -12.747           30.108
   15 (vir)    30          28.620          -4.011          -3.412         -12.979           34.176
   16 (vir)    30          36.412          -1.102          -2.155          -9.783           42.937
   17 (vir)    30          41.861          -1.243          -4.256         -14.706           51.068
   18 (vir)    30          42.188          -8.234          -4.423         -15.672           45.203
   19 (vir)    30          47.166          -0.694          -2.787         -13.293           56.978
   20 (vir)    30          51.250          -2.729          -3.420         -13.614           58.715
   21 (vir)    30          57.667          -0.197          -3.459         -14.486           68.496
   22 (vir)    30          60.394          -3.573          -3.598         -15.879           69.102
   23 (vir)    30          68.031          -3.370          -2.679         -15.752           77.733
   24 (vir)    30          81.109          -1.496          -3.393         -16.473           92.692
   25 (vir)    30         114.303          -1.169          -1.623         -12.840          124.351
   26 (vir)    30         241.272          -1.849          -1.209         -18.073          256.287
 
 
  kpoint:      31             coordinate:     0.2041    0.2041    0.0000
 
    n           k   ϵ_nk^DFT (eV)     Σ^c_nk (eV)     Σ^x_nk (eV)    v_nk^xc (eV)   ϵ_nk^G0W0 (eV)
 
    1 (occ)    31         -19.218           8.565         -26.841         -16.844          -20.650
    2 (occ)    31         -10.398           4.510         -22.704         -16.509          -12.082
    3 (occ)    31          -8.634           3.859         -22.156         -16.738          -10.192
    4 (occ)    31          -5.968           2.905         -18.554         -14.401           -7.217
    5 (vir)    31           3.392          -3.966          -6.872         -12.785            5.338
    6 (vir)    31           6.701          -3.281          -3.702          -8.784            8.502
    7 (vir)    31           8.366          -2.979          -1.474          -6.187           10.102
    8 (vir)    31           9.424          -4.390          -6.856         -13.819           11.998
    9 (vir)    31          11.411          -4.932          -5.395         -12.582           13.667
   10 (vir)    31          16.369          -5.751          -5.504         -13.988           19.102
   11 (vir)    31          17.932          -4.365          -3.827         -10.618           20.358
   12 (vir)    31          20.818          -2.282          -1.754          -7.938           24.721
   13 (vir)    31          26.872          -1.058          -2.766          -9.506           32.554
   14 (vir)    31          27.793          -6.716          -3.567         -12.813           30.323
   15 (vir)    31          28.436          -5.392          -3.688         -13.298           32.655
   16 (vir)    31          35.950          -1.098          -2.025          -9.661           42.488
   17 (vir)    31          41.990          -1.283          -4.247         -14.723           51.183
   18 (vir)    31          42.194          -8.298          -4.480         -15.684           45.101
   19 (vir)    31          47.330          -0.647          -2.751         -13.224           57.156
   20 (vir)    31          51.080          -2.923          -3.458         -13.662           58.362
   21 (vir)    31          58.444          -0.182          -3.453         -14.518           69.327
   22 (vir)    31          59.968          -3.723          -3.663         -15.875           68.457
   23 (vir)    31          67.884          -3.026          -2.721         -15.745           77.882
   24 (vir)    31          81.314          -0.395          -3.416         -16.486           93.989
   25 (vir)    31         114.845          -1.156          -1.672         -12.899          124.917
   26 (vir)    31         241.311          -2.093          -1.874         -18.074          255.417
 
 
  kpoint:      32             coordinate:     0.2109    0.2109    0.0000
 
    n           k   ϵ_nk^DFT (eV)     Σ^c_nk (eV)     Σ^x_nk (eV)    v_nk^xc (eV)   ϵ_nk^G0W0 (eV)
 
    1 (occ)    32         -19.098           8.511         -26.856         -16.899          -20.544
    2 (occ)    32         -10.573           4.561         -22.697         -16.444          -12.265
    3 (occ)    32          -8.794           3.910         -22.163         -16.680          -10.367
    4 (occ)    32          -5.794           2.842         -18.585         -14.509           -7.029
    5 (vir)    32           3.205          -3.951          -6.890         -12.795            5.159
    6 (vir)    32           6.939          -3.351          -3.763          -8.932            8.756
    7 (vir)    32           8.533          -2.920          -1.453          -6.104           10.264
    8 (vir)    32           9.556          -4.493          -6.789         -13.747           12.020
    9 (vir)    32          11.546          -4.845          -5.292         -12.469           13.878
   10 (vir)    32          16.520          -5.556          -5.234         -13.523           19.253
   11 (vir)    32          17.604          -4.274          -3.821         -10.536           20.046
   12 (vir)    32          20.496          -4.650          -2.002          -8.283           22.128
   13 (vir)    32          26.462          -0.400          -2.758          -9.660           32.965
   14 (vir)    32          27.925          -6.677          -3.575         -12.881           30.555
   15 (vir)    32          28.221          -6.551          -3.904         -13.511           31.277
   16 (vir)    32          35.575          -0.577          -1.946          -9.548           42.600
   17 (vir)    32          42.110          -1.304          -4.238         -14.734           51.302
   18 (vir)    32          42.221          -6.805          -4.514         -15.693           46.595
   19 (vir)    32          47.465          -0.588          -2.713         -13.148           57.312
   20 (vir)    32          50.893          -1.485          -3.485         -13.703           59.626
   21 (vir)    32          59.176          -0.168          -3.441         -14.537           70.104
   22 (vir)    32          59.539          -1.321          -3.725         -15.869           70.362
   23 (vir)    32          67.722           1.768          -2.757         -15.741           82.474
   24 (vir)    32          81.505          -0.009          -3.428         -16.496           94.563
   25 (vir)    32         115.369          -0.855          -1.653         -12.953          125.814
   26 (vir)    32         241.294          -1.921          -2.090         -18.074          255.357
 
 
  kpoint:      33             coordinate:     0.2177    0.2177    0.0000
 
    n           k   ϵ_nk^DFT (eV)     Σ^c_nk (eV)     Σ^x_nk (eV)    v_nk^xc (eV)   ϵ_nk^G0W0 (eV)
 
    1 (occ)    33         -18.979           8.464         -26.874         -16.955          -20.433
    2 (occ)    33         -10.739           4.609         -22.686         -16.379          -12.438
    3 (occ)    33          -8.953           3.961         -22.172         -16.624          -10.540
    4 (occ)    33          -5.620           2.781         -18.625         -14.626           -6.838
    5 (vir)    33           3.015          -3.925          -6.886         -12.770            4.974
    6 (vir)    33           7.176          -3.418          -3.825          -9.083            9.017
    7 (vir)    33           8.715          -2.877          -1.448          -6.057           10.446
    8 (vir)    33           9.687          -4.509          -6.714         -13.655           12.120
    9 (vir)    33          11.682          -4.741          -5.194         -12.361           14.107
   10 (vir)    33          16.614          -5.453          -4.892         -12.940           19.210
   11 (vir)    33          17.293          -4.192          -3.809         -10.448           19.740
   12 (vir)    33          20.246          -4.617          -2.291          -8.755           22.092
   13 (vir)    33          26.092          -2.758          -2.854          -9.885           30.366
   14 (vir)    33          27.963          -5.565          -4.042         -13.630           31.986
   15 (vir)    33          28.061          -6.624          -3.584         -12.952           30.805
   16 (vir)    33          35.283          -2.686          -1.924          -9.459           40.131
   17 (vir)    33          42.219          -1.302          -4.230         -14.742           51.429
   18 (vir)    33          42.269          -5.187          -4.523         -15.700           48.258
   19 (vir)    33          47.565          -0.522          -2.673         -13.065           57.434
   20 (vir)    33          50.690          -1.437          -3.506         -13.737           59.484
   21 (vir)    33          59.105          -0.890          -3.750         -15.860           70.326
   22 (vir)    33          59.850          -0.150          -3.423         -14.539           70.815
   23 (vir)    33          67.547           3.467          -2.777         -15.739           83.976
   24 (vir)    33          81.677          -1.070          -3.414         -16.503           93.696
   25 (vir)    33         115.884          -3.542          -1.611         -13.003          123.733
   26 (vir)    33         241.225          -1.730          -1.745         -18.075          255.825
 
 
  kpoint:      34             coordinate:     0.2245    0.2245    0.0000
 
    n           k   ϵ_nk^DFT (eV)     Σ^c_nk (eV)     Σ^x_nk (eV)    v_nk^xc (eV)   ϵ_nk^G0W0 (eV)
 
    1 (occ)    34         -18.861           8.427         -26.895         -17.014          -20.315
    2 (occ)    34         -10.896           4.652         -22.670         -16.314          -12.600
    3 (occ)    34          -9.110           4.012         -22.183         -16.569          -10.712
    4 (occ)    34          -5.445           2.721         -18.673         -14.750           -6.647
    5 (vir)    34           2.825          -3.891          -6.865         -12.718            4.786
    6 (vir)    34           7.413          -3.486          -3.891          -9.240            9.277
    7 (vir)    34           8.912          -2.848          -1.458          -6.042           10.648
    8 (vir)    34           9.818          -4.501          -6.624         -13.538           12.231
    9 (vir)    34          11.817          -4.667          -5.096         -12.258           14.313
   10 (vir)    34          16.647          -5.472          -4.509         -12.271           18.936
   11 (vir)    34          17.000          -4.116          -3.792         -10.351           19.444
   12 (vir)    34          20.063          -4.732          -2.604          -9.315           22.042
   13 (vir)    34          25.763          -2.120          -3.017         -10.174           30.801
   14 (vir)    34          27.661          -7.567          -4.126         -13.659           29.627
   15 (vir)    34          28.200          -6.553          -3.595         -13.027           31.079
   16 (vir)    34          35.065          -1.681          -1.930          -9.402           40.856
   17 (vir)    34          42.317          -1.279          -4.223         -14.744           51.560
   18 (vir)    34          42.339          -6.800          -4.522         -15.706           46.723
   19 (vir)    34          47.624          -0.460          -2.632         -12.974           57.507
   20 (vir)    34          50.473          -1.693          -3.529         -13.765           59.016
   21 (vir)    34          58.666           1.073          -3.737         -15.848           71.850
   22 (vir)    34          60.447          -0.121          -3.397         -14.520           71.449
   23 (vir)    34          67.360           2.660          -2.787         -15.739           82.971
   24 (vir)    34          81.831           0.385          -3.374         -16.508           95.349
   25 (vir)    34         116.398          -1.562          -1.588         -13.048          126.296
   26 (vir)    34         241.112          -2.072          -1.105         -18.074          256.010
 
 
  kpoint:      35             coordinate:     0.2313    0.2313    0.0000
 
    n           k   ϵ_nk^DFT (eV)     Σ^c_nk (eV)     Σ^x_nk (eV)    v_nk^xc (eV)   ϵ_nk^G0W0 (eV)
 
    1 (occ)    35         -18.744           8.399         -26.920         -17.074          -20.191
    2 (occ)    35         -11.042           4.691         -22.649         -16.249          -12.751
    3 (occ)    35          -9.265           4.063         -22.195         -16.516          -10.881
    4 (occ)    35          -5.271           2.664         -18.731         -14.882           -6.457
    5 (vir)    35           2.636          -3.853          -6.828         -12.642            4.597
    6 (vir)    35           7.648          -3.558          -3.962          -9.405            9.534
    7 (vir)    35           9.124          -2.831          -1.480          -6.056           10.869
    8 (vir)    35           9.945          -4.479          -6.513         -13.393           12.346
    9 (vir)    35          11.954          -4.630          -4.997         -12.163           14.490
   10 (vir)    35          16.619          -4.503          -4.143         -11.581           19.554
   11 (vir)    35          16.726          -4.040          -3.767         -10.244           19.163
   12 (vir)    35          19.940          -4.518          -2.905          -9.894           22.412
   13 (vir)    35          25.473          -2.311          -3.208         -10.522           30.477
   14 (vir)    35          27.319          -5.818          -4.185         -13.603           30.919
   15 (vir)    35          28.338          -6.456          -3.608         -13.106           31.380
   16 (vir)    35          34.913          -1.607          -1.934          -9.377           40.750
   17 (vir)    35          42.404          -1.240          -4.215         -14.742           51.690
   18 (vir)    35          42.432          -9.948          -4.525         -15.712           43.671
   19 (vir)    35          47.636          -0.407          -2.588         -12.876           57.516
   20 (vir)    35          50.248          -0.870          -3.554         -13.786           59.610
   21 (vir)    35          58.223           1.960          -3.722         -15.833           72.293
   22 (vir)    35          60.951          -0.065          -3.363         -14.476           72.000
   23 (vir)    35          67.161           0.149          -2.803         -15.741           80.248
   24 (vir)    35          81.964          -3.948          -3.324         -16.510           91.201
   25 (vir)    35         116.915          -1.470          -1.600         -13.089          126.935
   26 (vir)    35         240.962          -2.306          -0.611         -18.074          256.119
 
 
  kpoint:      36             coordinate:     0.2381    0.2381    0.0000
 
    n           k   ϵ_nk^DFT (eV)     Σ^c_nk (eV)     Σ^x_nk (eV)    v_nk^xc (eV)   ϵ_nk^G0W0 (eV)
 
    1 (occ)    36         -18.630           8.373         -26.947         -17.136          -20.069
    2 (occ)    36         -11.177           4.726         -22.623         -16.185          -12.890
    3 (occ)    36          -9.416           4.114         -22.209         -16.464          -11.047
    4 (occ)    36          -5.100           2.609         -18.800         -15.022           -6.268
    5 (vir)    36           2.450          -3.812          -6.775         -12.546            4.410
    6 (vir)    36           7.881          -3.641          -4.040          -9.580            9.781
    7 (vir)    36           9.350          -2.826          -1.514          -6.097           11.108
    8 (vir)    36          10.070          -4.450          -6.378         -13.213           12.455
    9 (vir)    36          12.092          -4.616          -4.904         -12.078           14.650
   10 (vir)    36          16.472          -3.959          -3.732         -10.124           18.905
   11 (vir)    36          16.538          -5.555          -3.841         -10.948           18.091
   12 (vir)    36          19.863          -4.649          -3.161         -10.417           22.471
   13 (vir)    36          25.219          -3.207          -3.402         -10.927           29.536
   14 (vir)    36          26.947          -5.643          -4.228         -13.471           30.547
   15 (vir)    36          28.475          -6.328          -3.624         -13.190           31.713
   16 (vir)    36          34.815          -1.851          -1.927          -9.377           40.415
   17 (vir)    36          42.478          -1.190          -4.208         -14.733           51.813
   18 (vir)    36          42.549          -0.500          -4.545         -15.720           53.225
   19 (vir)    36          47.595          -0.368          -2.543         -12.769           57.453
   20 (vir)    36          50.018          -3.428          -3.578         -13.802           56.814
   21 (vir)    36          57.776           2.382          -3.744         -15.813           72.227
   22 (vir)    36          61.343          -0.005          -3.318         -14.403           72.422
   23 (vir)    36          66.954           2.268          -2.833         -15.745           82.133
   24 (vir)    36          82.076          -3.172          -3.282         -16.509           92.131
   25 (vir)    36         117.438          -1.537          -1.633         -13.127          127.395
   26 (vir)    36         240.782          -2.401          -0.581         -18.074          255.874
 
 
  kpoint:      37             coordinate:     0.2449    0.2449    0.0000
 
    n           k   ϵ_nk^DFT (eV)     Σ^c_nk (eV)     Σ^x_nk (eV)    v_nk^xc (eV)   ϵ_nk^G0W0 (eV)
 
    1 (occ)    37         -18.520           8.342         -26.977         -17.199          -19.956
    2 (occ)    37         -11.301           4.757         -22.592         -16.121          -13.014
    3 (occ)    37          -9.565           4.164         -22.225         -16.414          -11.211
    4 (occ)    37          -4.931           2.559         -18.880         -15.170           -6.082
    5 (vir)    37           2.269          -3.770          -6.707         -12.434            4.226
    6 (vir)    37           8.111          -3.718          -4.127          -9.769           10.035
    7 (vir)    37           9.593          -2.831          -1.562          -6.167           11.367
    8 (vir)    37          10.190          -4.404          -6.217         -12.995           12.564
    9 (vir)    37          12.231          -4.607          -4.819         -12.004           14.808
   10 (vir)    37          16.238          -3.869          -3.685          -9.987           18.671
   11 (vir)    37          16.416          -4.539          -3.619         -10.428           18.686
   12 (vir)    37          19.816          -4.799          -3.362         -10.833           22.489
   13 (vir)    37          24.999          -2.457          -3.594         -11.382           30.330
   14 (vir)    37          26.557          -8.721          -4.248         -13.272           26.860
   15 (vir)    37          28.607          -6.167          -3.643         -13.279           32.076
   16 (vir)    37          34.759          -2.929          -1.921          -9.394           39.303
   17 (vir)    37          42.540          -1.136          -4.199         -14.717           51.922
   18 (vir)    37          42.690          -1.816          -4.576         -15.730           52.027
   19 (vir)    37          47.494          -0.339          -2.496         -12.654           57.313
   20 (vir)    37          49.786          -3.831          -3.592         -13.814           56.177
   21 (vir)    37          57.329           1.376          -3.819         -15.789           70.675
   22 (vir)    37          61.603           0.031          -3.262         -14.296           72.668
   23 (vir)    37          66.739           3.499          -2.875         -15.751           83.115
   24 (vir)    37          82.168          -2.864          -3.261         -16.507           92.550
   25 (vir)    37         117.966          -1.622          -1.665         -13.161          127.839
   26 (vir)    37         240.579          -2.431          -1.019         -18.074          255.204
 
 
  kpoint:      38             coordinate:     0.2517    0.2517    0.0000
 
    n           k   ϵ_nk^DFT (eV)     Σ^c_nk (eV)     Σ^x_nk (eV)    v_nk^xc (eV)   ϵ_nk^G0W0 (eV)
 
    1 (occ)    38         -18.414           8.306         -27.009         -17.262          -19.855
    2 (occ)    38         -11.411           4.783         -22.556         -16.059          -13.125
    3 (occ)    38          -9.711           4.214         -22.242         -16.366          -11.373
    4 (occ)    38          -4.767           2.512         -18.971         -15.326           -5.900
    5 (vir)    38           2.095          -3.731          -6.626         -12.309            4.047
    6 (vir)    38           8.337          -3.838          -4.226          -9.976           10.249
    7 (vir)    38           9.851          -2.847          -1.626          -6.268           11.646
    8 (vir)    38          10.306          -4.350          -6.030         -12.734           12.661
    9 (vir)    38          12.372          -4.602          -4.745         -11.940           14.964
   10 (vir)    38          16.026          -3.770          -3.621          -9.827           18.461
   11 (vir)    38          16.265          -4.144          -3.466         -10.042           18.697
   12 (vir)    38          19.782          -5.359          -3.518         -11.126           22.031
   13 (vir)    38          24.811          -3.261          -3.785         -11.881           29.646
   14 (vir)    38          26.162          -1.969          -4.234         -13.016           32.975
   15 (vir)    38          28.731          -5.978          -3.666         -13.374           32.460
   16 (vir)    38          34.734           1.357          -1.929          -9.419           43.582
   17 (vir)    38          42.589          -1.079          -4.188         -14.693           52.015
   18 (vir)    38          42.853          -6.162          -4.609         -15.742           47.823
   19 (vir)    38          47.328          -0.316          -2.450         -12.532           57.094
   20 (vir)    38          49.557          -5.730          -3.594         -13.821           54.053
   21 (vir)    38          56.883          -3.768          -3.926         -15.761           64.950
   22 (vir)    38          61.716           0.054          -3.192         -14.155           72.732
   23 (vir)    38          66.521           0.346          -2.918         -15.758           79.707
   24 (vir)    38          82.241          -2.773          -3.260         -16.503           92.711
   25 (vir)    38         118.495          -0.191          -1.686         -13.191          129.809
   26 (vir)    38         240.362          -2.288          -1.647         -18.074          254.502
 
 
  kpoint:      39             coordinate:     0.2585    0.2585    0.0000
 
    n           k   ϵ_nk^DFT (eV)     Σ^c_nk (eV)     Σ^x_nk (eV)    v_nk^xc (eV)   ϵ_nk^G0W0 (eV)
 
    1 (occ)    39         -18.313           8.267         -27.042         -17.325          -19.763
    2 (occ)    39         -11.508           4.803         -22.515         -16.000          -13.220
    3 (occ)    39          -9.853           4.264         -22.261         -16.320          -11.530
    4 (occ)    39          -4.609           2.470         -19.075         -15.489           -5.725
    5 (vir)    39           1.929          -3.694          -6.531         -12.171            3.876
    6 (vir)    39           8.556          -3.944          -4.337         -10.203           10.478
    7 (vir)    39          10.126          -2.873          -1.709          -6.405           11.948
    8 (vir)    39          10.418          -4.286          -5.818         -12.427           12.742
    9 (vir)    39          12.514          -4.609          -4.677         -11.882           15.110
   10 (vir)    39          15.835          -3.664          -3.537          -9.639           18.272
   11 (vir)    39          16.096          -3.901          -3.365          -9.789           18.619
   12 (vir)    39          19.747          -5.057          -3.642         -11.309           22.357
   13 (vir)    39          24.653          -5.917          -3.983         -12.415           27.168
   14 (vir)    39          25.773          -5.220          -4.182         -12.709           29.079
   15 (vir)    39          28.844          -5.776          -3.694         -13.475           32.850
   16 (vir)    39          34.731           2.311          -1.949          -9.447           44.540
   17 (vir)    39          42.625          -1.023          -4.173         -14.657           52.086
   18 (vir)    39          43.038          -5.668          -4.632         -15.758           48.496
   19 (vir)    39          47.093          -0.296          -2.404         -12.403           56.797
   20 (vir)    39          49.334          -7.615          -3.585         -13.825           51.959
   21 (vir)    39          56.441          -3.679          -4.021         -15.730           64.471
   22 (vir)    39          61.673           0.071          -3.110         -13.977           72.610
   23 (vir)    39          66.301          -0.748          -2.954         -15.767           78.367
   24 (vir)    39          82.297          -2.867          -3.266         -16.497           92.661
   25 (vir)    39         119.020           1.743          -1.694         -13.219          132.287
   26 (vir)    39         240.138          -0.220          -2.106         -18.074          255.886
 
 
  kpoint:      40             coordinate:     0.2653    0.2653    0.0000
 
    n           k   ϵ_nk^DFT (eV)     Σ^c_nk (eV)     Σ^x_nk (eV)    v_nk^xc (eV)   ϵ_nk^G0W0 (eV)
 
    1 (occ)    40         -18.219           8.232         -27.077         -17.387          -19.676
    2 (occ)    40         -11.590           4.816         -22.471         -15.943          -13.302
    3 (occ)    40          -9.992           4.314         -22.282         -16.275          -11.684
    4 (occ)    40          -4.458           2.434         -19.190         -15.657           -5.557
    5 (vir)    40           1.773          -3.660          -6.424         -12.025            3.714
    6 (vir)    40           8.768          -4.042          -4.462         -10.455           10.719
    7 (vir)    40          10.418          -2.910          -1.817          -6.584           12.275
    8 (vir)    40          10.525          -4.214          -5.580         -12.074           12.805
    9 (vir)    40          12.656          -4.615          -4.612         -11.827           15.257
   10 (vir)    40          15.666          -3.545          -3.425          -9.411           18.107
   11 (vir)    40          15.918          -3.866          -3.306          -9.658           18.403
   12 (vir)    40          19.699          -5.212          -3.739         -11.406           22.154
   13 (vir)    40          24.521          -5.083          -4.191         -12.973           28.220
   14 (vir)    40          25.401          -5.500          -4.098         -12.356           28.159
   15 (vir)    40          28.941          -5.576          -3.726         -13.584           33.223
   16 (vir)    40          34.743          -4.452          -1.972          -9.472           37.790
   17 (vir)    40          42.647          -0.978          -4.152         -14.607           52.124
   18 (vir)    40          43.243          -5.830          -4.639         -15.778           48.552
   19 (vir)    40          46.789          -0.277          -2.363         -12.273           56.423
   20 (vir)    40          49.121          -1.088          -3.573         -13.826           58.286
   21 (vir)    40          56.007          -3.567          -4.067         -15.694           64.067
   22 (vir)    40          61.470           0.071          -3.016         -13.765           72.290
   23 (vir)    40          66.083          -0.467          -2.979         -15.776           78.414
   24 (vir)    40          82.337          -3.165          -3.267         -16.491           92.396
   25 (vir)    40         119.534          -2.393          -1.694         -13.243          128.690
   26 (vir)    40         239.913          -3.245          -2.181         -18.074          252.562
 
 
  kpoint:      41             coordinate:     0.2721    0.2721    0.0000
 
    n           k   ϵ_nk^DFT (eV)     Σ^c_nk (eV)     Σ^x_nk (eV)    v_nk^xc (eV)   ϵ_nk^G0W0 (eV)
 
    1 (occ)    41         -18.131           8.206         -27.111         -17.446          -19.591
    2 (occ)    41         -11.658           4.822         -22.423         -15.891          -13.368
    3 (occ)    41         -10.126           4.363         -22.304         -16.233          -11.834
    4 (occ)    41          -4.315           2.403         -19.314         -15.828           -5.398
    5 (vir)    41           1.628          -3.632          -6.307         -11.874            3.563
    6 (vir)    41           8.969          -4.144          -4.600         -10.731           10.955
    7 (vir)    41          10.629          -4.114          -5.318         -11.677           12.874
    8 (vir)    41          10.726          -2.957          -1.958          -6.817           12.628
    9 (vir)    41          12.798          -4.625          -4.544         -11.766           15.395
   10 (vir)    41          15.522          -3.397          -3.277          -9.132           17.980
   11 (vir)    41          15.739          -3.988          -3.291          -9.637           18.097
   12 (vir)    41          19.630          -5.024          -3.811         -11.444           22.239
   13 (vir)    41          24.414          -5.348          -4.408         -13.546           28.203
   14 (vir)    41          25.056          -4.505          -3.985         -11.959           28.525
   15 (vir)    41          29.019          -5.399          -3.765         -13.700           33.556
   16 (vir)    41          34.763          -2.672          -1.981          -9.492           39.603
   17 (vir)    41          42.655          -0.962          -4.121         -14.535           52.108
   18 (vir)    41          43.466          -5.841          -4.635         -15.802           48.791
   19 (vir)    41          46.420          -0.259          -2.329         -12.149           55.980
   20 (vir)    41          48.920          -1.842          -3.561         -13.824           57.341
   21 (vir)    41          55.585          -3.652          -4.058         -15.655           63.530
   22 (vir)    41          61.117           0.043          -2.912         -13.524           71.772
   23 (vir)    41          65.871          -0.353          -2.998         -15.787           78.306
   24 (vir)    41          82.364          -2.736          -3.255         -16.484           92.857
   25 (vir)    41         120.030          -2.391          -1.686         -13.265          129.218
   26 (vir)    41         239.694          -2.837          -1.903         -18.075          253.029
 
 
  kpoint:      42             coordinate:     0.2789    0.2789    0.0000
 
    n           k   ϵ_nk^DFT (eV)     Σ^c_nk (eV)     Σ^x_nk (eV)    v_nk^xc (eV)   ϵ_nk^G0W0 (eV)
 
    1 (occ)    42         -18.052           8.188         -27.145         -17.502          -19.508
    2 (occ)    42         -11.710           4.823         -22.373         -15.843          -13.416
    3 (occ)    42         -10.255           4.413         -22.329         -16.192          -11.980
    4 (occ)    42          -4.184           2.377         -19.444         -15.999           -5.251
    5 (vir)    42           1.496          -3.608          -6.182         -11.720            3.425
    6 (vir)    42           9.157          -4.262          -4.751         -11.028           11.172
    7 (vir)    42          10.731          -4.013          -5.033         -11.242           12.928
    8 (vir)    42          11.046          -3.016          -2.141          -7.118           13.007
    9 (vir)    42          12.937          -4.610          -4.471         -11.691           15.547
   10 (vir)    42          15.403          -3.186          -3.080          -8.786           17.922
   11 (vir)    42          15.562          -4.325          -3.322          -9.718           17.633
   12 (vir)    42          19.539          -5.148          -3.861         -11.441           21.971
   13 (vir)    42          24.326          -6.541          -4.631         -14.133           27.288
   14 (vir)    42          24.745          -4.346          -3.842         -11.515           28.072
   15 (vir)    42          29.073          -5.262          -3.810         -13.824           33.825
   16 (vir)    42          34.787          -2.593          -1.970          -9.508           39.732
   17 (vir)    42          42.650          -0.989          -4.073         -14.434           52.021
   18 (vir)    42          43.702          -6.422          -4.628         -15.831           48.483
   19 (vir)    42          45.996          -0.245          -2.311         -12.044           55.484
   20 (vir)    42          48.734          -2.185          -3.552         -13.820           56.816
   21 (vir)    42          55.178          -5.696          -4.018         -15.613           61.077
   22 (vir)    42          60.636          -0.004          -2.802         -13.262           71.091
   23 (vir)    42          65.667          -0.517          -3.018         -15.797           77.929
   24 (vir)    42          82.380           3.151          -3.235         -16.477           98.773
   25 (vir)    42         120.500          -2.915          -1.666         -13.284          129.202
   26 (vir)    42         239.486          -0.212          -1.492         -18.076          255.858
 
 
  kpoint:      43             coordinate:     0.2857    0.2857    0.0000
 
    n           k   ϵ_nk^DFT (eV)     Σ^c_nk (eV)     Σ^x_nk (eV)    v_nk^xc (eV)   ϵ_nk^G0W0 (eV)
 
    1 (occ)    43         -17.981           8.174         -27.178         -17.553          -19.431
    2 (occ)    43         -11.746           4.819         -22.321         -15.802          -13.446
    3 (occ)    43         -10.379           4.462         -22.356         -16.154          -12.120
    4 (occ)    43          -4.064           2.357         -19.578         -16.167           -5.118
    5 (vir)    43           1.377          -3.590          -6.055         -11.569            3.301
    6 (vir)    43           9.328          -4.401          -4.909         -11.338           11.356
    7 (vir)    43          10.832          -3.886          -4.734         -10.785           12.996
    8 (vir)    43          11.371          -3.084          -2.378          -7.501           13.409
    9 (vir)    43          13.071          -4.566          -4.386         -11.588           15.707
   10 (vir)    43          15.312          -3.296          -2.824          -8.355           17.546
   11 (vir)    43          15.393          -4.557          -3.404          -9.896           17.328
   12 (vir)    43          19.426          -5.095          -3.896         -11.410           21.845
   13 (vir)    43          24.256          -7.035          -4.875         -14.776           27.122
   14 (vir)    43          24.475          -4.788          -3.651         -10.983           27.020
   15 (vir)    43          29.101          -5.180          -3.862         -13.954           34.013
   16 (vir)    43          34.812          -1.262          -1.944          -9.518           41.125
   17 (vir)    43          42.631          -1.065          -3.999         -14.289           51.856
   18 (vir)    43          43.949          -3.869          -4.627         -15.867           51.320
   19 (vir)    43          45.539          -0.235          -2.319         -11.976           54.962
   20 (vir)    43          48.562          -2.759          -3.539         -13.812           56.076
   21 (vir)    43          54.793          -1.697          -3.983         -15.569           64.682
   22 (vir)    43          60.059          -0.031          -2.689         -12.988           70.326
   23 (vir)    43          65.475          -0.638          -3.041         -15.808           77.603
   24 (vir)    43          82.387           1.227          -3.213         -16.471           96.871
   25 (vir)    43         120.935           0.797          -1.634         -13.299          133.397
   26 (vir)    43         239.295          -2.324          -1.186         -18.077          253.862
 
 
  kpoint:      44             coordinate:     0.2925    0.2925    0.0000
 
    n           k   ϵ_nk^DFT (eV)     Σ^c_nk (eV)     Σ^x_nk (eV)    v_nk^xc (eV)   ϵ_nk^G0W0 (eV)
 
    1 (occ)    44         -17.919           8.161         -27.207         -17.599          -19.367
    2 (occ)    44         -11.767           4.810         -22.267         -15.767          -13.457
    3 (occ)    44         -10.497           4.511         -22.386         -16.118          -12.255
    4 (occ)    44          -3.959           2.342         -19.709         -16.326           -5.000
    5 (vir)    44           1.274          -3.577          -5.930         -11.425            3.193
    6 (vir)    44           9.480          -4.560          -5.068         -11.644           11.496
    7 (vir)    44          10.931          -3.750          -4.435         -10.327           13.072
    8 (vir)    44          11.689          -3.166          -2.678          -7.977           13.822
    9 (vir)    44          13.196          -4.501          -4.284         -11.447           15.858
   10 (vir)    44          15.236          -4.602          -3.539         -10.168           17.262
   11 (vir)    44          15.251          -3.336          -2.499          -7.827           17.243
   12 (vir)    44          19.296          -5.092          -3.923         -11.356           21.637
   13 (vir)    44          24.190          -7.506          -5.117         -15.292           26.859
   14 (vir)    44          24.258          -5.819          -3.432         -10.550           25.556
   15 (vir)    44          29.101          -5.154          -3.919         -14.089           34.116
   16 (vir)    44          34.836          -7.244          -1.916          -9.525           35.200
   17 (vir)    44          42.604          -1.147          -3.890         -14.088           51.654
   18 (vir)    44          44.201          -4.001          -4.634         -15.909           51.475
   19 (vir)    44          45.076          -0.234          -2.364         -11.970           54.448
   20 (vir)    44          48.405          -0.472          -3.518         -13.801           58.216
   21 (vir)    44          54.435          -0.591          -3.979         -15.523           65.388
   22 (vir)    44          59.427          -0.032          -2.578         -12.714           69.532
   23 (vir)    44          65.299           0.477          -3.067         -15.818           78.527
   24 (vir)    44          82.387           0.834          -3.198         -16.465           96.488
   25 (vir)    44         121.328          -0.693          -1.598         -13.313          132.349
   26 (vir)    44         239.124          -2.454          -1.108         -18.078          253.639
 
 
  kpoint:      45             coordinate:     0.2993    0.2993    0.0000
 
    n           k   ϵ_nk^DFT (eV)     Σ^c_nk (eV)     Σ^x_nk (eV)    v_nk^xc (eV)   ϵ_nk^G0W0 (eV)
 
    1 (occ)    45         -17.867           8.147         -27.233         -17.638          -19.316
    2 (occ)    45         -11.773           4.795         -22.213         -15.740          -13.451
    3 (occ)    45         -10.608           4.558         -22.420         -16.085          -12.385
    4 (occ)    45          -3.868           2.331         -19.832         -16.471           -4.899
    5 (vir)    45           1.188          -3.568          -5.813         -11.295            3.102
    6 (vir)    45           9.610          -4.693          -5.215         -11.923           11.624
    7 (vir)    45          11.029          -3.625          -4.155          -9.897           13.146
    8 (vir)    45          11.985          -3.269          -3.040          -8.541           14.217
    9 (vir)    45          13.309          -4.416          -4.160         -11.258           15.991
   10 (vir)    45          15.093          -4.739          -3.724         -10.528           17.158
   11 (vir)    45          15.222          -3.211          -2.105          -7.207           17.113
   12 (vir)    45          19.156          -5.016          -3.944         -11.283           21.479
   13 (vir)    45          24.048          -5.633          -3.896         -11.654           26.173
   14 (vir)    45          24.171          -6.500          -4.659         -14.248           27.259
   15 (vir)    45          29.078          -5.178          -3.980         -14.222           34.142
   16 (vir)    45          34.856           2.209          -1.902          -9.529           44.693
   17 (vir)    45          42.576          -1.173          -3.738         -13.824           51.490
   18 (vir)    45          44.451          -4.030          -4.651         -15.959           51.730
   19 (vir)    45          44.637          -0.251          -2.456         -12.046           53.975
   20 (vir)    45          48.263          -1.180          -3.485         -13.783           57.380
   21 (vir)    45          54.112          -1.342          -4.008         -15.477           64.237
   22 (vir)    45          58.788          -0.026          -2.473         -12.452           68.741
   23 (vir)    45          65.142           0.003          -3.092         -15.828           77.880
   24 (vir)    45          82.383           1.415          -3.193         -16.459           97.064
   25 (vir)    45         121.671          -0.853          -1.574         -13.323          132.568
   26 (vir)    45         238.976          -2.477          -1.222         -18.079          253.356
 
 
  kpoint:      46             coordinate:     0.3061    0.3061    0.0000
 
    n           k   ϵ_nk^DFT (eV)     Σ^c_nk (eV)     Σ^x_nk (eV)    v_nk^xc (eV)   ϵ_nk^G0W0 (eV)
 
    1 (occ)    46         -17.826           8.133         -27.255         -17.670          -19.278
    2 (occ)    46         -11.766           4.773         -22.158         -15.720          -13.431
    3 (occ)    46         -10.710           4.602         -22.457         -16.055          -12.509
    4 (occ)    46          -3.794           2.324         -19.941         -16.596           -4.816
    5 (vir)    46           1.118          -3.563          -5.710         -11.184            3.029
    6 (vir)    46           9.716          -4.773          -5.341         -12.153           11.756
    7 (vir)    46          11.122          -3.516          -3.912          -9.523           13.217
    8 (vir)    46          12.238          -3.393          -3.440          -9.153           14.559
    9 (vir)    46          13.407          -4.337          -4.015         -11.021           16.076
   10 (vir)    46          14.969          -4.876          -3.948         -10.956           17.101
   11 (vir)    46          15.225          -3.038          -1.671          -6.536           17.052
   12 (vir)    46          19.017          -4.876          -3.959         -11.194           21.376
   13 (vir)    46          23.905          -5.307          -3.595         -10.839           25.843
   14 (vir)    46          24.135          -7.411          -4.966         -15.108           26.866
   15 (vir)    46          29.040          -5.234          -4.041         -14.350           34.114
   16 (vir)    46          34.873          -7.296          -1.909          -9.530           35.198
   17 (vir)    46          42.566          -1.126          -3.551         -13.515           51.404
   18 (vir)    46          44.246          -0.297          -2.592         -12.201           53.558
   19 (vir)    46          44.691          -4.083          -4.676         -16.018           51.950
   20 (vir)    46          48.135          -1.871          -3.440         -13.756           56.580
   21 (vir)    46          53.830          -1.703          -4.056         -15.432           63.503
   22 (vir)    46          58.187          -0.019          -2.380         -12.211           67.999
   23 (vir)    46          65.008          -0.273          -3.114         -15.836           77.457
   24 (vir)    46          82.376           2.442          -3.194         -16.454           98.078
   25 (vir)    46         121.960          -0.724          -1.574         -13.332          132.994
   26 (vir)    46         238.854          -2.235          -1.399         -18.080          253.300
 
 
  kpoint:      47             coordinate:     0.3129    0.3129    0.0000
 
    n           k   ϵ_nk^DFT (eV)     Σ^c_nk (eV)     Σ^x_nk (eV)    v_nk^xc (eV)   ϵ_nk^G0W0 (eV)
 
    1 (occ)    47         -17.794           8.123         -27.272         -17.695          -19.248
    2 (occ)    47         -11.750           4.748         -22.104         -15.707          -13.398
    3 (occ)    47         -10.799           4.644         -22.497         -16.030          -12.622
    4 (occ)    47          -3.737           2.319         -20.030         -16.696           -4.752
    5 (vir)    47           1.066          -3.560          -5.627         -11.095            2.974
    6 (vir)    47           9.797          -4.800          -5.435         -12.320           11.883
    7 (vir)    47          11.207          -3.419          -3.720          -9.228           13.296
    8 (vir)    47          12.433          -3.515          -3.824          -9.733           14.827
    9 (vir)    47          13.485          -4.243          -3.861         -10.756           16.137
   10 (vir)    47          14.866          -5.037          -4.188         -11.411           17.053
   11 (vir)    47          15.252          -2.867          -1.252          -5.900           17.033
   12 (vir)    47          18.891          -4.730          -3.966         -11.100           21.295
   13 (vir)    47          23.798          -4.601          -3.467         -10.465           26.195
   14 (vir)    47          24.109          -7.767          -5.110         -15.517           26.749
   15 (vir)    47          28.997          -5.301          -4.096         -14.462           34.062
   16 (vir)    47          34.886          -1.643          -1.938          -9.530           40.835
   17 (vir)    47          42.598          -1.018          -3.356         -13.207           51.430
   18 (vir)    47          43.912          -0.366          -2.749         -12.399           53.196
   19 (vir)    47          44.909          -4.813          -4.708         -16.086           51.474
   20 (vir)    47          48.022          -1.840          -3.386         -13.719           56.515
   21 (vir)    47          53.599          -2.745          -4.100         -15.392           62.146
   22 (vir)    47          57.667          -0.014          -2.302         -12.002           67.353
   23 (vir)    47          64.899          -0.302          -3.131         -15.843           77.309
   24 (vir)    47          82.368          -9.814          -3.198         -16.451           85.807
   25 (vir)    47         122.188          -0.108          -1.601         -13.338          133.817
   26 (vir)    47         238.759          -8.302          -1.521         -18.081          247.017
 
 
  kpoint:      48             coordinate:     0.3197    0.3197    0.0000
 
    n           k   ϵ_nk^DFT (eV)     Σ^c_nk (eV)     Σ^x_nk (eV)    v_nk^xc (eV)   ϵ_nk^G0W0 (eV)
 
    1 (occ)    48         -17.771           8.118         -27.284         -17.712          -19.225
    2 (occ)    48         -11.728           4.721         -22.053         -15.701          -13.359
    3 (occ)    48         -10.872           4.683         -22.538         -16.010          -12.718
    4 (occ)    48          -3.697           2.317         -20.094         -16.767           -4.707
    5 (vir)    48           1.030          -3.559          -5.567         -11.033            2.937
    6 (vir)    48           9.855          -4.817          -5.495         -12.423           11.966
    7 (vir)    48          11.276          -3.335          -3.586          -9.022           13.378
    8 (vir)    48          12.563          -3.609          -4.132         -10.190           15.013
    9 (vir)    48          13.543          -4.128          -3.722         -10.507           16.199
   10 (vir)    48          14.788          -5.219          -4.405         -11.824           16.987
   11 (vir)    48          15.289          -2.751          -0.916          -5.395           17.018
   12 (vir)    48          18.791          -4.599          -3.965         -11.014           21.241
   13 (vir)    48          23.726          -3.643          -3.406         -10.230           26.907
   14 (vir)    48          24.090          -7.730          -5.201         -15.779           26.938
   15 (vir)    48          28.964          -5.359          -4.139         -14.549           34.014
   16 (vir)    48          34.894          -2.544          -1.979          -9.530           39.901
   17 (vir)    48          42.697          -0.874          -3.188         -12.954           51.589
   18 (vir)    48          43.626          -0.437          -2.894         -12.589           52.884
   19 (vir)    48          45.091          -1.778          -4.746         -16.158           54.725
   20 (vir)    48          47.927          -1.880          -3.331         -13.674           56.390
   21 (vir)    48          53.426          -2.946          -4.129         -15.359           61.712
   22 (vir)    48          57.266          -0.012          -2.243         -11.837           66.847
   23 (vir)    48          64.819           0.041          -3.144         -15.848           77.565
   24 (vir)    48          82.361          -3.126          -3.196         -16.448           92.487
   25 (vir)    48         122.354           0.845          -1.645         -13.342          134.896
   26 (vir)    48         238.692          -2.812          -1.544         -18.082          252.418
 
 
  kpoint:      49             coordinate:     0.3265    0.3265    0.0000
 
    n           k   ϵ_nk^DFT (eV)     Σ^c_nk (eV)     Σ^x_nk (eV)    v_nk^xc (eV)   ϵ_nk^G0W0 (eV)
 
    1 (occ)    49         -17.759           8.118         -27.290         -17.722          -19.209
    2 (occ)    49         -11.708           4.700         -22.014         -15.699          -13.323
    3 (occ)    49         -10.922           4.713         -22.571         -15.996          -12.785
    4 (occ)    49          -3.674           2.315         -20.131         -16.809           -4.681
    5 (vir)    49           1.010          -3.560          -5.532         -10.997            2.916
    6 (vir)    49           9.888          -4.827          -5.525         -12.472           12.009
    7 (vir)    49          11.322          -3.287          -3.510          -8.906           13.431
    8 (vir)    49          12.632          -3.663          -4.319         -10.465           15.114
    9 (vir)    49          13.578          -4.043          -3.628         -10.333           16.239
   10 (vir)    49          14.739          -5.352          -4.557         -12.110           16.939
   11 (vir)    49          15.320          -2.687          -0.710          -5.089           17.012
   12 (vir)    49          18.726          -4.517          -3.959         -10.953           21.203
   13 (vir)    49          23.685          -3.315          -3.386         -10.087           27.072
   14 (vir)    49          24.078          -8.034          -5.256         -15.939           26.727
   15 (vir)    49          28.946          -5.397          -4.166         -14.604           33.988
   16 (vir)    49          34.899          -2.379          -2.015          -9.530           40.034
   17 (vir)    49          42.872          -0.729          -3.065         -12.784           51.862
   18 (vir)    49          43.367          -0.489          -3.007         -12.736           52.607
   19 (vir)    49          45.216          -2.005          -4.779         -16.219           54.650
   20 (vir)    49          47.861          -2.412          -3.288         -13.630           55.791
   21 (vir)    49          53.320          -3.506          -4.138         -15.338           61.013
   22 (vir)    49          57.013          -0.013          -2.206         -11.728           66.523
   23 (vir)    49          64.770           1.001          -3.153         -15.852           78.469
   24 (vir)    49          82.356          -2.883          -3.189         -16.447           92.730
   25 (vir)    49         122.453          -0.496          -1.684         -13.345          133.618
   26 (vir)    49         238.653          -2.706          -1.500         -18.083          252.529
 
 
  kpoint:      50             coordinate:     0.3333    0.3333    0.0000
 
    n           k   ϵ_nk^DFT (eV)     Σ^c_nk (eV)     Σ^x_nk (eV)    v_nk^xc (eV)   ϵ_nk^G0W0 (eV)
 
    1 (occ)    50         -17.754           8.120         -27.293         -17.725          -19.202
    2 (occ)    50         -11.699           4.693         -21.998         -15.698          -13.306
    3 (occ)    50         -10.940           4.727         -22.585         -15.991          -12.808
    4 (occ)    50          -3.666           2.314         -20.143         -16.823           -4.673
    5 (vir)    50           1.004          -3.560          -5.521         -10.986            2.910
    6 (vir)    50           9.899          -4.844          -5.532         -12.485           12.007
    7 (vir)    50          11.338          -3.288          -3.486          -8.870           13.435
    8 (vir)    50          12.651          -3.679          -4.379         -10.551           15.144
    9 (vir)    50          13.589          -4.001          -3.597         -10.274           16.265
   10 (vir)    50          14.721          -5.388          -4.611         -12.208           16.929
   11 (vir)    50          15.332          -2.660          -0.644          -4.992           17.019
   12 (vir)    50          18.703          -4.513          -3.955         -10.931           21.167
   13 (vir)    50          23.672          -3.479          -3.387         -10.032           26.839
   14 (vir)    50          24.073          -8.046          -5.277         -16.001           26.751
   15 (vir)    50          28.942          -5.410          -4.175         -14.622           33.979
   16 (vir)    50          34.900          -2.661          -2.033          -9.530           39.737
   17 (vir)    50          43.107           0.370          -1.739         -10.843           52.580
   18 (vir)    50          43.116          -0.809          -4.331         -14.674           52.650
   19 (vir)    50          45.262          -5.286          -4.794         -16.245           51.428
   20 (vir)    50          47.836          -2.783          -3.274         -13.611           55.390
   21 (vir)    50          53.283          -5.245          -4.132         -15.330           59.236
   22 (vir)    50          56.928          -0.009          -2.193         -11.690           66.415
   23 (vir)    50          64.753           0.044          -3.157         -15.853           77.492
   24 (vir)    50          82.354          -2.924          -3.178         -16.446           92.698
   25 (vir)    50         122.486          -0.171          -1.702         -13.345          133.958
   26 (vir)    50         238.640          -3.072          -1.447         -18.083          252.204
 
 
  kpoint:      51             coordinate:     0.3265    0.3367    0.0000
 
    n           k   ϵ_nk^DFT (eV)     Σ^c_nk (eV)     Σ^x_nk (eV)    v_nk^xc (eV)   ϵ_nk^G0W0 (eV)
 
    1 (occ)    51         -17.755           8.119         -27.292         -17.724          -19.204
    2 (occ)    51         -11.702           4.695         -22.002         -15.698          -13.311
    3 (occ)    51         -10.936           4.723         -22.582         -15.992          -12.802
    4 (occ)    51          -3.668           2.315         -20.141         -16.820           -4.675
    5 (vir)    51           1.006          -3.560          -5.523         -10.989            2.911
    6 (vir)    51           9.897          -4.839          -5.532         -12.483           12.009
    7 (vir)    51          11.334          -3.287          -3.491          -8.878           13.434
    8 (vir)    51          12.647          -3.676          -4.366         -10.532           15.138
    9 (vir)    51          13.586          -4.011          -3.604         -10.286           16.258
   10 (vir)    51          14.726          -5.381          -4.599         -12.186           16.931
   11 (vir)    51          15.329          -2.668          -0.659          -5.014           17.016
   12 (vir)    51          18.709          -4.509          -3.956         -10.937           21.180
   13 (vir)    51          23.675          -3.414          -3.388         -10.048           26.921
   14 (vir)    51          24.074          -8.034          -5.271         -15.984           26.753
   15 (vir)    51          28.942          -5.408          -4.173         -14.618           33.980
   16 (vir)    51          34.900          -2.548          -2.030          -9.530           39.852
   17 (vir)    51          42.978          -0.623          -2.999         -12.696           52.051
   18 (vir)    51          43.246          -0.535          -3.071         -12.820           52.461
   19 (vir)    51          45.250          -5.544          -4.790         -16.237           51.154
   20 (vir)    51          47.843          -2.815          -3.278         -13.616           55.366
   21 (vir)    51          53.292          -5.621          -4.134         -15.332           58.869
   22 (vir)    51          56.949          -0.010          -2.196         -11.700           66.442
   23 (vir)    51          64.757           0.219          -3.156         -15.853           77.673
   24 (vir)    51          82.355          -2.929          -3.181         -16.446           92.690
   25 (vir)    51         122.478          -0.198          -1.700         -13.345          133.925
   26 (vir)    51         238.643          -3.051          -1.460         -18.083          252.215
 
 
  kpoint:      52             coordinate:     0.3197    0.3401    0.0000
 
    n           k   ϵ_nk^DFT (eV)     Σ^c_nk (eV)     Σ^x_nk (eV)    v_nk^xc (eV)   ϵ_nk^G0W0 (eV)
 
    1 (occ)    52         -17.758           8.119         -27.291         -17.722          -19.208
    2 (occ)    52         -11.710           4.702         -22.015         -15.698          -13.324
    3 (occ)    52         -10.921           4.713         -22.571         -15.997          -12.782
    4 (occ)    52          -3.673           2.315         -20.133         -16.811           -4.680
    5 (vir)    52           1.010          -3.559          -5.530         -10.996            2.915
    6 (vir)    52           9.888          -4.832          -5.530         -12.479           12.005
    7 (vir)    52          11.321          -3.296          -3.506          -8.900           13.420
    8 (vir)    52          12.637          -3.666          -4.327         -10.477           15.121
    9 (vir)    52          13.577          -4.029          -3.621         -10.317           16.245
   10 (vir)    52          14.740          -5.360          -4.566         -12.125           16.938
   11 (vir)    52          15.321          -2.683          -0.701          -5.076           17.013
   12 (vir)    52          18.726          -4.527          -3.959         -10.954           21.195
   13 (vir)    52          23.684          -3.414          -3.399         -10.092           26.964
   14 (vir)    52          24.078          -8.027          -5.254         -15.933           26.730
   15 (vir)    52          28.942          -5.402          -4.167         -14.605           33.978
   16 (vir)    52          34.899          -2.483          -2.025          -9.530           39.921
   17 (vir)    52          42.838          -0.669          -3.016         -12.710           51.864
   18 (vir)    52          43.384          -0.517          -3.054         -12.802           52.616
   19 (vir)    52          45.212          -0.780          -4.778         -16.215           55.870
   20 (vir)    52          47.863          -2.794          -3.292         -13.634           55.410
   21 (vir)    52          53.319          -7.175          -4.136         -15.338           57.347
   22 (vir)    52          57.010          -0.009          -2.206         -11.730           66.525
   23 (vir)    52          64.770           0.468          -3.153         -15.852           77.937
   24 (vir)    52          82.356          -3.021          -3.183         -16.447           92.599
   25 (vir)    52         122.453          -0.706          -1.697         -13.345          133.394
   26 (vir)    52         238.652          -3.522          -1.482         -18.083          251.731
 
 
  kpoint:      53             coordinate:     0.3129    0.3435    0.0000
 
    n           k   ϵ_nk^DFT (eV)     Σ^c_nk (eV)     Σ^x_nk (eV)    v_nk^xc (eV)   ϵ_nk^G0W0 (eV)
 
    1 (occ)    53         -17.763           8.119         -27.288         -17.719          -19.214
    2 (occ)    53         -11.722           4.714         -22.033         -15.696          -13.346
    3 (occ)    53         -10.896           4.698         -22.554         -16.004          -12.748
    4 (occ)    53          -3.682           2.316         -20.120         -16.796           -4.690
    5 (vir)    53           1.016          -3.559          -5.542         -11.007            2.922
    6 (vir)    53           9.874          -4.824          -5.530         -12.475           11.995
    7 (vir)    53          11.300          -3.312          -3.527          -8.933           13.394
    8 (vir)    53          12.622          -3.652          -4.268         -10.393           15.096
    9 (vir)    53          13.563          -4.048          -3.645         -10.358           16.227
   10 (vir)    53          14.764          -5.331          -4.520         -12.037           16.951
   11 (vir)    53          15.308          -2.703          -0.767          -5.173           17.010
   12 (vir)    53          18.755          -4.566          -3.963         -10.983           21.210
   13 (vir)    53          23.699          -3.471          -3.421         -10.172           26.979
   14 (vir)    53          24.086          -7.867          -5.224         -15.842           26.837
   15 (vir)    53          28.938          -5.396          -4.159         -14.585           33.969
   16 (vir)    53          34.898          -2.449          -2.018          -9.530           39.961
   17 (vir)    53          42.690          -0.708          -3.009         -12.687           51.661
   18 (vir)    53          43.523          -0.510          -3.060         -12.816           52.769
   19 (vir)    53          45.149          -2.564          -4.759         -16.180           54.006
   20 (vir)    53          47.897          -2.716          -3.317         -13.661           55.525
   21 (vir)    53          53.364           6.922          -4.136         -15.348           71.499
   22 (vir)    53          57.108          -0.007          -2.221         -11.780           66.660
   23 (vir)    53          64.792           0.678          -3.149         -15.850           78.171
   24 (vir)    53          82.359          -3.205          -3.184         -16.447           92.418
   25 (vir)    53         122.412          -1.728          -1.693         -13.344          132.334
   26 (vir)    53         238.668          -7.164          -1.512         -18.082          248.074
 
 
  kpoint:      54             coordinate:     0.3061    0.3469    0.0000
 
    n           k   ϵ_nk^DFT (eV)     Σ^c_nk (eV)     Σ^x_nk (eV)    v_nk^xc (eV)   ϵ_nk^G0W0 (eV)
 
    1 (occ)    54         -17.769           8.119         -27.285         -17.714          -19.221
    2 (occ)    54         -11.740           4.729         -22.057         -15.693          -13.374
    3 (occ)    54         -10.863           4.678         -22.534         -16.015          -12.703
    4 (occ)    54          -3.693           2.317         -20.104         -16.777           -4.702
    5 (vir)    54           1.024          -3.558          -5.556         -11.021            2.930
    6 (vir)    54           9.854          -4.816          -5.533         -12.474           11.979
    7 (vir)    54          11.271          -3.334          -3.554          -8.975           13.357
    8 (vir)    54          12.603          -3.633          -4.190         -10.284           15.065
    9 (vir)    54          13.542          -4.065          -3.668         -10.396           16.205
   10 (vir)    54          14.799          -5.299          -4.466         -11.936           16.970
   11 (vir)    54          15.291          -2.730          -0.854          -5.299           17.007
   12 (vir)    54          18.795          -4.625          -3.968         -11.022           21.224
   13 (vir)    54          23.718          -3.579          -3.457         -10.294           26.977
   14 (vir)    54          24.097          -7.687          -5.177         -15.704           26.936
   15 (vir)    54          28.930          -5.390          -4.148         -14.558           33.950
   16 (vir)    54          34.896          -2.440          -2.010          -9.530           39.976
   17 (vir)    54          42.532          -0.743          -2.989         -12.645           51.444
   18 (vir)    54          43.658          -0.508          -3.078         -12.843           52.915
   19 (vir)    54          45.061          -2.954          -4.735         -16.135           53.507
   20 (vir)    54          47.944          -2.566          -3.348         -13.695           55.725
   21 (vir)    54          53.427           4.372          -4.135         -15.361           69.025
   22 (vir)    54          57.238          -0.003          -2.243         -11.848           66.841
   23 (vir)    54          64.822           0.667          -3.143         -15.848           78.194
   24 (vir)    54          82.363          -3.426          -3.184         -16.448           92.201
   25 (vir)    54         122.354          -2.015          -1.689         -13.343          131.992
   26 (vir)    54         238.689           1.982          -1.551         -18.082          257.202
 
 
  kpoint:      55             coordinate:     0.2993    0.3503    0.0000
 
    n           k   ϵ_nk^DFT (eV)     Σ^c_nk (eV)     Σ^x_nk (eV)    v_nk^xc (eV)   ϵ_nk^G0W0 (eV)
 
    1 (occ)    55         -17.777           8.120         -27.281         -17.708          -19.230
    2 (occ)    55         -11.761           4.746         -22.082         -15.690          -13.407
    3 (occ)    55         -10.821           4.655         -22.512         -16.029          -12.649
    4 (occ)    55          -3.707           2.319         -20.084         -16.754           -4.718
    5 (vir)    55           1.033          -3.557          -5.574         -11.037            2.940
    6 (vir)    55           9.829          -4.809          -5.539         -12.477           11.957
    7 (vir)    55          11.234          -3.357          -3.584          -9.020           13.313
    8 (vir)    55          12.584          -3.612          -4.097         -10.155           15.030
    9 (vir)    55          13.516          -4.066          -3.688         -10.422           16.185
   10 (vir)    55          14.843          -5.269          -4.411         -11.834           16.997
   11 (vir)    55          15.273          -2.761          -0.956          -5.449           17.004
   12 (vir)    55          18.845          -4.713          -3.974         -11.071           21.229
   13 (vir)    55          23.742          -3.735          -3.510         -10.466           26.964
   14 (vir)    55          24.112          -7.471          -5.112         -15.511           27.041
   15 (vir)    55          28.916          -5.388          -4.135         -14.525           33.918
   16 (vir)    55          34.895          -2.452          -2.002          -9.529           39.970
   17 (vir)    55          42.363          -0.774          -2.961         -12.587           51.215
   18 (vir)    55          43.788          -0.510          -3.102         -12.877           53.053
   19 (vir)    55          44.950          -2.437          -4.709         -16.083           53.887
   20 (vir)    55          48.001          -2.319          -3.384         -13.734           56.032
   21 (vir)    55          53.506           3.197          -4.133         -15.377           67.947
   22 (vir)    55          57.394           0.002          -2.269         -11.933           67.060
   23 (vir)    55          64.862           0.429          -3.137         -15.845           77.999
   24 (vir)    55          82.369          -0.747          -3.183         -16.449           94.888
   25 (vir)    55         122.281          -1.973          -1.685         -13.341          131.964
   26 (vir)    55         238.715           0.117          -1.597         -18.081          255.317
 
 
  kpoint:      56             coordinate:     0.2925    0.3537    0.0000
 
    n           k   ϵ_nk^DFT (eV)     Σ^c_nk (eV)     Σ^x_nk (eV)    v_nk^xc (eV)   ϵ_nk^G0W0 (eV)
 
    1 (occ)    56         -17.786           8.121         -27.277         -17.702          -19.241
    2 (occ)    56         -11.786           4.765         -22.108         -15.685          -13.444
    3 (occ)    56         -10.773           4.630         -22.490         -16.046          -12.586
    4 (occ)    56          -3.723           2.321         -20.061         -16.727           -4.736
    5 (vir)    56           1.044          -3.556          -5.593         -11.055            2.951
    6 (vir)    56           9.797          -4.802          -5.551         -12.485           11.928
    7 (vir)    56          11.192          -3.382          -3.614          -9.067           13.263
    8 (vir)    56          12.563          -3.588          -3.991         -10.009           14.993
    9 (vir)    56          13.486          -4.074          -3.700         -10.431           16.144
   10 (vir)    56          14.897          -5.246          -4.361         -11.742           17.031
   11 (vir)    56          15.253          -2.799          -1.072          -5.619           17.001
   12 (vir)    56          18.905          -4.776          -3.982         -11.128           21.275
   13 (vir)    56          23.770          -3.934          -3.582         -10.694           26.948
   14 (vir)    56          24.133          -7.238          -5.024         -15.256           27.126
   15 (vir)    56          28.895          -5.389          -4.122         -14.487           33.870
   16 (vir)    56          34.893          -2.488          -1.994          -9.529           39.940
   17 (vir)    56          42.183          -0.802          -2.926         -12.517           50.973
   18 (vir)    56          43.911          -0.513          -3.131         -12.916           53.184
   19 (vir)    56          44.818          -1.374          -4.682         -16.027           54.789
   20 (vir)    56          48.068          -1.942          -3.423         -13.773           56.476
   21 (vir)    56          53.601           1.828          -4.130         -15.396           66.696
   22 (vir)    56          57.570           0.008          -2.300         -12.032           67.310
   23 (vir)    56          64.910           0.126          -3.130         -15.842           77.748
   24 (vir)    56          82.376          -1.582          -3.182         -16.450           94.062
   25 (vir)    56         122.192          -1.888          -1.681         -13.340          131.962
   26 (vir)    56         238.747          -0.614          -1.646         -18.081          254.568
 
 
  kpoint:      57             coordinate:     0.2857    0.3571    0.0000
 
    n           k   ϵ_nk^DFT (eV)     Σ^c_nk (eV)     Σ^x_nk (eV)    v_nk^xc (eV)   ϵ_nk^G0W0 (eV)
 
    1 (occ)    57         -17.797           8.123         -27.272         -17.694          -19.252
    2 (occ)    57         -11.814           4.785         -22.134         -15.679          -13.483
    3 (occ)    57         -10.717           4.604         -22.469         -16.066          -12.516
    4 (occ)    57          -3.742           2.323         -20.036         -16.698           -4.757
    5 (vir)    57           1.056          -3.554          -5.614         -11.075            2.962
    6 (vir)    57           9.758          -4.797          -5.569         -12.500           11.891
    7 (vir)    57          11.144          -3.405          -3.643          -9.112           13.208
    8 (vir)    57          12.544          -3.564          -3.876          -9.850           14.955
    9 (vir)    57          13.451          -4.067          -3.701         -10.419           16.101
   10 (vir)    57          14.959          -5.232          -4.320         -11.667           17.073
   11 (vir)    57          15.233          -2.841          -1.199          -5.806           16.999
   12 (vir)    57          18.973          -4.858          -3.990         -11.191           21.316
   13 (vir)    57          23.802          -4.171          -3.676         -10.982           26.937
   14 (vir)    57          24.160          -7.008          -4.913         -14.933           27.172
   15 (vir)    57          28.865          -5.397          -4.108         -14.445           33.804
   16 (vir)    57          34.891          -2.551          -1.985          -9.528           39.883
   17 (vir)    57          41.992          -0.825          -2.887         -12.439           50.719
   18 (vir)    57          44.026          -0.514          -3.162         -12.957           53.307
   19 (vir)    57          44.667          -0.365          -4.657         -15.969           55.614
   20 (vir)    57          48.141          -1.248          -3.462         -13.813           57.244
   21 (vir)    57          53.712          -0.543          -4.125         -15.418           64.462
   22 (vir)    57          57.758           0.015          -2.334         -12.141           67.580
   23 (vir)    57          64.967          -0.099          -3.122         -15.838           77.583
   24 (vir)    57          82.384          -0.278          -3.181         -16.452           95.377
   25 (vir)    57         122.087          -1.830          -1.677         -13.338          131.918
   26 (vir)    57         238.784          -0.965          -1.693         -18.080          254.206
 
 
  kpoint:      58             coordinate:     0.2789    0.3605    0.0000
 
    n           k   ϵ_nk^DFT (eV)     Σ^c_nk (eV)     Σ^x_nk (eV)    v_nk^xc (eV)   ϵ_nk^G0W0 (eV)
 
    1 (occ)    58         -17.809           8.126         -27.267         -17.686          -19.264
    2 (occ)    58         -11.843           4.805         -22.158         -15.673          -13.524
    3 (occ)    58         -10.656           4.576         -22.449         -16.088          -12.442
    4 (occ)    58          -3.762           2.326         -20.010         -16.666           -4.780
    5 (vir)    58           1.068          -3.552          -5.637         -11.095            2.975
    6 (vir)    58           9.712          -4.794          -5.593         -12.521           11.846
    7 (vir)    58          11.092          -3.426          -3.668          -9.152           13.150
    8 (vir)    58          12.527          -3.538          -3.752          -9.681           14.917
    9 (vir)    58          13.414          -4.050          -3.693         -10.386           16.057
   10 (vir)    58          15.029          -5.226          -4.289         -11.613           17.127
   11 (vir)    58          15.215          -2.888          -1.334          -6.005           16.998
   12 (vir)    58          19.050          -4.937          -3.999         -11.261           21.375
   13 (vir)    58          23.837          -4.442          -3.791         -11.327           26.931
   14 (vir)    58          24.194          -6.799          -4.778         -14.546           27.163
   15 (vir)    58          28.825          -5.412          -4.094         -14.400           33.718
   16 (vir)    58          34.889          -2.651          -1.977          -9.527           39.788
   17 (vir)    58          41.790          -0.844          -2.846         -12.354           50.455
   18 (vir)    58          44.133          -0.513          -3.195         -12.999           53.424
   19 (vir)    58          44.498          -1.209          -4.634         -15.913           54.568
   20 (vir)    58          48.220           0.789          -3.501         -13.849           59.358
   21 (vir)    58          53.837          -1.791          -4.118         -15.442           63.370
   22 (vir)    58          57.951           0.022          -2.370         -12.258           67.861
   23 (vir)    58          65.033          -0.203          -3.114         -15.833           77.548
   24 (vir)    58          82.394          -0.048          -3.181         -16.453           95.618
   25 (vir)    58         121.968          -1.808          -1.673         -13.336          131.823
   26 (vir)    58         238.825          -1.168          -1.734         -18.079          254.002
 
 
  kpoint:      59             coordinate:     0.2721    0.3639    0.0000
 
    n           k   ϵ_nk^DFT (eV)     Σ^c_nk (eV)     Σ^x_nk (eV)    v_nk^xc (eV)   ϵ_nk^G0W0 (eV)
 
    1 (occ)    59         -17.822           8.129         -27.261         -17.677          -19.277
    2 (occ)    59         -11.874           4.824         -22.181         -15.666          -13.565
    3 (occ)    59         -10.591           4.547         -22.432         -16.113          -12.363
    4 (occ)    59          -3.785           2.330         -19.983         -16.633           -4.805
    5 (vir)    59           1.081          -3.549          -5.660         -11.115            2.987
    6 (vir)    59           9.659          -4.794          -5.624         -12.550           11.791
    7 (vir)    59          11.038          -3.443          -3.688          -9.184           13.091
    8 (vir)    59          12.512          -3.512          -3.622          -9.504           14.881
    9 (vir)    59          13.373          -4.023          -3.676         -10.334           16.008
   10 (vir)    59          15.107          -5.216          -4.269         -11.582           17.204
   11 (vir)    59          15.199          -2.937          -1.476          -6.215           17.001
   12 (vir)    59          19.133          -5.007          -4.008         -11.335           21.454
   13 (vir)    59          23.875          -4.750          -3.922         -11.716           26.919
   14 (vir)    59          24.236          -6.631          -4.624         -14.108           27.089
   15 (vir)    59          28.775          -5.436          -4.080         -14.351           33.611
   16 (vir)    59          34.887          -2.800          -1.968          -9.526           39.644
   17 (vir)    59          41.578          -0.859          -2.802         -12.264           50.180
   18 (vir)    59          44.232          -0.508          -3.228         -13.041           53.537
   19 (vir)    59          44.315          -4.155          -4.614         -15.858           51.403
   20 (vir)    59          48.303          -1.282          -3.538         -13.883           57.365
   21 (vir)    59          53.976          -1.889          -4.107         -15.467           63.446
   22 (vir)    59          58.144           0.029          -2.409         -12.380           68.144
   23 (vir)    59          65.107          -0.162          -3.106         -15.827           77.667
   24 (vir)    59          82.405          -1.272          -3.183         -16.455           94.405
   25 (vir)    59         121.834          -1.828          -1.668         -13.333          131.671
   26 (vir)    59         238.871          -1.350          -1.764         -18.077          253.834
 
 
  kpoint:      60             coordinate:     0.2653    0.3673    0.0000
 
    n           k   ϵ_nk^DFT (eV)     Σ^c_nk (eV)     Σ^x_nk (eV)    v_nk^xc (eV)   ϵ_nk^G0W0 (eV)
 
    1 (occ)    60         -17.836           8.132         -27.255         -17.667          -19.291
    2 (occ)    60         -11.906           4.843         -22.202         -15.658          -13.607
    3 (occ)    60         -10.521           4.518         -22.416         -16.139          -12.280
    4 (occ)    60          -3.808           2.334         -19.955         -16.598           -4.832
    5 (vir)    60           1.093          -3.546          -5.683         -11.135            3.000
    6 (vir)    60           9.598          -4.794          -5.661         -12.585           11.728
    7 (vir)    60          10.982          -3.456          -3.702          -9.208           13.032
    8 (vir)    60          12.500          -3.487          -3.487          -9.320           14.845
    9 (vir)    60          13.331          -3.991          -3.651         -10.266           15.955
   10 (vir)    60          15.185          -2.984          -1.623          -6.434           17.013
   11 (vir)    60          15.190          -5.181          -4.260         -11.575           17.324
   12 (vir)    60          19.223          -5.057          -4.018         -11.414           21.562
   13 (vir)    60          23.916          -5.107          -4.062         -12.126           26.872
   14 (vir)    60          24.288          -6.531          -4.458         -13.640           26.938
   15 (vir)    60          28.715          -5.468          -4.067         -14.301           33.481
   16 (vir)    60          34.886          -2.976          -1.960          -9.523           39.474
   17 (vir)    60          41.356          -0.872          -2.758         -12.171           49.897
   18 (vir)    60          44.117          -5.857          -4.597         -15.805           49.468
   19 (vir)    60          44.325          -0.499          -3.260         -13.082           53.648
   20 (vir)    60          48.388          -1.791          -3.575         -13.914           56.936
   21 (vir)    60          54.128          -1.382          -4.092         -15.493           64.146
   22 (vir)    60          58.330           0.037          -2.448         -12.503           68.423
   23 (vir)    60          65.190           0.132          -3.097         -15.821           78.046
   24 (vir)    60          82.418          -2.203          -3.187         -16.457           93.485
   25 (vir)    60         121.686          -1.906          -1.663         -13.330          131.447
   26 (vir)    60         238.921          -1.550          -1.781         -18.076          253.666
 
 
  kpoint:      61             coordinate:     0.2585    0.3707    0.0000
 
    n           k   ϵ_nk^DFT (eV)     Σ^c_nk (eV)     Σ^x_nk (eV)    v_nk^xc (eV)   ϵ_nk^G0W0 (eV)
 
    1 (occ)    61         -17.851           8.136         -27.249         -17.657          -19.306
    2 (occ)    61         -11.938           4.861         -22.222         -15.650          -13.649
    3 (occ)    61         -10.448           4.488         -22.403         -16.168          -12.194
    4 (occ)    61          -3.834           2.338         -19.926         -16.562           -4.860
    5 (vir)    61           1.106          -3.543          -5.705         -11.155            3.012
    6 (vir)    61           9.529          -4.795          -5.704         -12.625           11.655
    7 (vir)    61          10.926          -3.467          -3.710          -9.223           12.972
    8 (vir)    61          12.491          -3.463          -3.349          -9.131           14.811
    9 (vir)    61          13.288          -3.954          -3.619         -10.185           15.899
   10 (vir)    61          15.176          -3.022          -1.773          -6.660           17.042
   11 (vir)    61          15.279          -5.181          -4.261         -11.590           17.427
   12 (vir)    61          19.318          -5.081          -4.028         -11.496           21.704
   13 (vir)    61          23.959          -5.537          -4.202         -12.529           26.751
   14 (vir)    61          24.348          -6.709          -4.289         -13.170           26.520
   15 (vir)    61          28.644          -5.509          -4.055         -14.248           33.328
   16 (vir)    61          34.885          -2.408          -1.950          -9.521           40.049
   17 (vir)    61          41.126          -0.883          -2.714         -12.077           49.605
   18 (vir)    61          43.908          -5.568          -4.582         -15.754           49.512
   19 (vir)    61          44.411          -0.487          -3.290         -13.123           53.756
   20 (vir)    61          48.473          -1.734          -3.610         -13.943           57.072
   21 (vir)    61          54.291          -1.016          -4.074         -15.520           64.722
   22 (vir)    61          58.506           0.045          -2.488         -12.626           68.689
   23 (vir)    61          65.282           0.963          -3.087         -15.814           78.972
   24 (vir)    61          82.432          -2.565          -3.193         -16.459           93.133
   25 (vir)    61         121.524          -2.088          -1.658         -13.328          131.107
   26 (vir)    61         238.975          -1.751          -1.784         -18.074          253.513
 
 
  kpoint:      62             coordinate:     0.2517    0.3741    0.0000
 
    n           k   ϵ_nk^DFT (eV)     Σ^c_nk (eV)     Σ^x_nk (eV)    v_nk^xc (eV)   ϵ_nk^G0W0 (eV)
 
    1 (occ)    62         -17.866           8.141         -27.242         -17.647          -19.321
    2 (occ)    62         -11.970           4.878         -22.240         -15.642          -13.691
    3 (occ)    62         -10.371           4.458         -22.391         -16.198          -12.106
    4 (occ)    62          -3.860           2.343         -19.898         -16.525           -4.889
    5 (vir)    62           1.119          -3.539          -5.728         -11.173            3.024
    6 (vir)    62           9.452          -4.789          -5.753         -12.670           11.580
    7 (vir)    62          10.871          -3.479          -3.711          -9.229           12.910
    8 (vir)    62          12.486          -3.439          -3.207          -8.938           14.779
    9 (vir)    62          13.244          -3.914          -3.583         -10.096           15.843
   10 (vir)    62          15.171          -3.049          -1.926          -6.892           17.088
   11 (vir)    62          15.373          -5.146          -4.271         -11.626           17.582
   12 (vir)    62          19.417          -5.097          -4.038         -11.580           21.862
   13 (vir)    62          24.006          -5.995          -4.332         -12.902           26.582
   14 (vir)    62          24.419          -5.898          -4.125         -12.722           27.117
   15 (vir)    62          28.562          -5.559          -4.043         -14.194           33.153
   16 (vir)    62          34.885          -3.846          -1.939          -9.518           38.618
   17 (vir)    62          40.889          -0.894          -2.671         -11.983           49.306
   18 (vir)    62          43.688          -4.934          -4.570         -15.705           49.889
   19 (vir)    62          44.492          -0.473          -3.319         -13.163           53.863
   20 (vir)    62          48.559          -1.571          -3.644         -13.968           57.312
   21 (vir)    62          54.465          -1.395          -4.051         -15.548           64.567
   22 (vir)    62          58.667           0.052          -2.527         -12.747           68.939
   23 (vir)    62          65.382           2.762          -3.076         -15.807           80.875
   24 (vir)    62          82.446          -3.017          -3.201         -16.461           92.689
   25 (vir)    62         121.350          -2.423          -1.653         -13.325          130.600
   26 (vir)    62         239.032          -1.927          -1.774         -18.072          253.404
 
 
  kpoint:      63             coordinate:     0.2449    0.3776    0.0000
 
    n           k   ϵ_nk^DFT (eV)     Σ^c_nk (eV)     Σ^x_nk (eV)    v_nk^xc (eV)   ϵ_nk^G0W0 (eV)
 
    1 (occ)    63         -17.882           8.145         -27.236         -17.636          -19.336
    2 (occ)    63         -12.003           4.895         -22.257         -15.633          -13.732
    3 (occ)    63         -10.292           4.428         -22.381         -16.230          -12.015
    4 (occ)    63          -3.887           2.349         -19.870         -16.489           -4.919
    5 (vir)    63           1.131          -3.535          -5.749         -11.190            3.036
    6 (vir)    63           9.367          -4.784          -5.805         -12.716           11.494
    7 (vir)    63          10.818          -3.491          -3.706          -9.227           12.847
    8 (vir)    63          12.484          -3.416          -3.063          -8.742           14.748
    9 (vir)    63          13.199          -3.870          -3.543         -10.001           15.786
   10 (vir)    63          15.172          -3.077          -2.080          -7.129           17.144
   11 (vir)    63          15.470          -5.138          -4.289         -11.683           17.726
   12 (vir)    63          19.519          -5.109          -4.048         -11.667           22.028
   13 (vir)    63          24.058          -6.240          -4.447         -13.227           26.598
   14 (vir)    63          24.499          -5.421          -3.973         -12.312           27.417
   15 (vir)    63          28.470          -5.619          -4.033         -14.138           32.955
   16 (vir)    63          34.886          -5.635          -1.927          -9.513           36.837
   17 (vir)    63          40.646          -0.905          -2.630         -11.890           49.000
   18 (vir)    63          43.459          -4.512          -4.560         -15.658           50.045
   19 (vir)    63          44.569          -0.459          -3.345         -13.201           53.966
   20 (vir)    63          48.644          -1.428          -3.677         -13.992           57.530
   21 (vir)    63          54.650          -1.974          -4.026         -15.576           64.226
   22 (vir)    63          58.812           0.060          -2.566         -12.864           69.169
   23 (vir)    63          65.490           4.150          -3.064         -15.799           82.375
   24 (vir)    63          82.462          -3.079          -3.210         -16.462           92.636
   25 (vir)    63         121.164           0.831          -1.648         -13.321          133.668
   26 (vir)    63         239.093          -2.069          -1.752         -18.070          253.342
 
 
  kpoint:      64             coordinate:     0.2381    0.3810    0.0000
 
    n           k   ϵ_nk^DFT (eV)     Σ^c_nk (eV)     Σ^x_nk (eV)    v_nk^xc (eV)   ϵ_nk^G0W0 (eV)
 
    1 (occ)    64         -17.899           8.151         -27.229         -17.626          -19.352
    2 (occ)    64         -12.035           4.911         -22.273         -15.625          -13.772
    3 (occ)    64         -10.210           4.397         -22.372         -16.262          -11.923
    4 (occ)    64          -3.915           2.355         -19.843         -16.452           -4.951
    5 (vir)    64           1.142          -3.531          -5.770         -11.206            3.047
    6 (vir)    64           9.275          -4.773          -5.860         -12.762           11.404
    7 (vir)    64          10.767          -3.507          -3.696          -9.217           12.781
    8 (vir)    64          12.485          -3.393          -2.917          -8.544           14.720
    9 (vir)    64          13.155          -3.825          -3.502          -9.903           15.731
   10 (vir)    64          15.178          -3.115          -2.236          -7.370           17.198
   11 (vir)    64          15.570          -5.162          -4.314         -11.758           17.851
   12 (vir)    64          19.623          -5.151          -4.058         -11.756           22.169
   13 (vir)    64          24.114          -6.127          -4.543         -13.495           26.939
   14 (vir)    64          24.590          -5.319          -3.835         -11.949           27.386
   15 (vir)    64          28.367          -5.688          -4.024         -14.080           32.735
   16 (vir)    64          34.888          -8.067          -1.914          -9.508           34.416
   17 (vir)    64          40.399          -0.918          -2.590         -11.798           48.689
   18 (vir)    64          43.221          -4.374          -4.551         -15.613           49.908
   19 (vir)    64          44.642          -0.448          -3.369         -13.239           54.064
   20 (vir)    64          48.727          -1.365          -3.709         -14.014           57.667
   21 (vir)    64          54.843          -1.689          -3.997         -15.603           64.760
   22 (vir)    64          58.938           0.068          -2.604         -12.975           69.378
   23 (vir)    64          65.607           3.786          -3.050         -15.790           82.133
   24 (vir)    64          82.479          -3.073          -3.221         -16.465           92.650
   25 (vir)    64         120.966           0.351          -1.644         -13.318          132.991
   26 (vir)    64         239.156          -2.182          -1.722         -18.068          253.321
 
 
  kpoint:      65             coordinate:     0.2313    0.3844    0.0000
 
    n           k   ϵ_nk^DFT (eV)     Σ^c_nk (eV)     Σ^x_nk (eV)    v_nk^xc (eV)   ϵ_nk^G0W0 (eV)
 
    1 (occ)    65         -17.916           8.156         -27.223         -17.615          -19.368
    2 (occ)    65         -12.067           4.927         -22.288         -15.616          -13.811
    3 (occ)    65         -10.126           4.367         -22.365         -16.296          -11.828
    4 (occ)    65          -3.943           2.361         -19.816         -16.415           -4.983
    5 (vir)    65           1.153          -3.526          -5.790         -11.220            3.057
    6 (vir)    65           9.176          -4.757          -5.917         -12.807           11.310
    7 (vir)    65          10.718          -3.521          -3.682          -9.202           12.718
    8 (vir)    65          12.489          -3.368          -2.771          -8.344           14.695
    9 (vir)    65          13.111          -3.777          -3.461          -9.805           15.678
   10 (vir)    65          15.190          -3.167          -2.391          -7.615           17.247
   11 (vir)    65          15.673          -5.219          -4.347         -11.850           17.958
   12 (vir)    65          19.728          -5.234          -4.068         -11.846           22.272
   13 (vir)    65          24.176          -6.025          -4.622         -13.708           27.236
   14 (vir)    65          24.691          -5.369          -3.711         -11.633           27.244
   15 (vir)    65          28.253          -5.764          -4.016         -14.022           32.495
   16 (vir)    65          34.890          -9.496          -1.900          -9.502           32.997
   17 (vir)    65          40.150          -0.935          -2.552         -11.709           48.372
   18 (vir)    65          42.975          -4.423          -4.544         -15.570           49.577
   19 (vir)    65          44.711          -0.440          -3.391         -13.275           54.155
   20 (vir)    65          48.808          -1.374          -3.740         -14.034           57.729
   21 (vir)    65          55.045          -0.918          -3.968         -15.631           65.790
   22 (vir)    65          59.047           0.076          -2.642         -13.081           69.562
   23 (vir)    65          65.731           2.350          -3.035         -15.780           80.826
   24 (vir)    65          82.497          -2.840          -3.231         -16.467           92.892
   25 (vir)    65         120.758          -0.315          -1.641         -13.314          132.117
   26 (vir)    65         239.222          -2.273          -1.687         -18.066          253.328
 
 
  kpoint:      66             coordinate:     0.2245    0.3878    0.0000
 
    n           k   ϵ_nk^DFT (eV)     Σ^c_nk (eV)     Σ^x_nk (eV)    v_nk^xc (eV)   ϵ_nk^G0W0 (eV)
 
    1 (occ)    66         -17.934           8.162         -27.216         -17.604          -19.384
    2 (occ)    66         -12.099           4.943         -22.301         -15.608          -13.849
    3 (occ)    66         -10.041           4.337         -22.359         -16.331          -11.732
    4 (occ)    66          -3.972           2.368         -19.790         -16.379           -5.015
    5 (vir)    66           1.163          -3.521          -5.809         -11.233            3.066
    6 (vir)    66           9.070          -4.736          -5.973         -12.850           11.211
    7 (vir)    66          10.673          -3.539          -3.664          -9.182           12.652
    8 (vir)    66          12.496          -3.343          -2.625          -8.144           14.672
    9 (vir)    66          13.068          -3.729          -3.420          -9.709           15.628
   10 (vir)    66          15.210          -3.234          -2.546          -7.862           17.292
   11 (vir)    66          15.777          -5.304          -4.386         -11.959           18.045
   12 (vir)    66          19.834          -5.361          -4.078         -11.938           22.332
   13 (vir)    66          24.244          -5.996          -4.684         -13.870           27.434
   14 (vir)    66          24.804          -5.492          -3.601         -11.359           27.069
   15 (vir)    66          28.130          -5.848          -4.008         -13.962           32.236
   16 (vir)    66          34.894          -7.423          -1.886          -9.495           35.080
   17 (vir)    66          39.899          -0.956          -2.516         -11.622           48.049
   18 (vir)    66          42.722          -4.548          -4.539         -15.527           49.163
   19 (vir)    66          44.779          -0.439          -3.410         -13.311           54.240
   20 (vir)    66          48.886          -1.407          -3.769         -14.053           57.763
   21 (vir)    66          55.254          -0.090          -3.937         -15.658           66.885
   22 (vir)    66          59.137           0.082          -2.678         -13.181           69.723
   23 (vir)    66          65.863           0.311          -3.019         -15.770           78.925
   24 (vir)    66          82.515          -0.853          -3.240         -16.469           94.890
   25 (vir)    66         120.539          -0.607          -1.640         -13.311          131.604
   26 (vir)    66         239.291          -2.346          -1.652         -18.063          253.357
 
 
  kpoint:      67             coordinate:     0.2177    0.3912    0.0000
 
    n           k   ϵ_nk^DFT (eV)     Σ^c_nk (eV)     Σ^x_nk (eV)    v_nk^xc (eV)   ϵ_nk^G0W0 (eV)
 
    1 (occ)    67         -17.952           8.169         -27.210         -17.593          -19.400
    2 (occ)    67         -12.130           4.958         -22.314         -15.600          -13.886
    3 (occ)    67          -9.954           4.306         -22.354         -16.367          -11.635
    4 (occ)    67          -4.001           2.375         -19.765         -16.344           -5.047
    5 (vir)    67           1.172          -3.515          -5.826         -11.244            3.075
    6 (vir)    67           8.958          -4.711          -6.029         -12.890           11.107
    7 (vir)    67          10.630          -3.555          -3.645          -9.159           12.589
    8 (vir)    67          12.505          -3.315          -2.480          -7.943           14.653
    9 (vir)    67          13.025          -3.680          -3.380          -9.614           15.580
   10 (vir)    67          15.236          -3.314          -2.698          -8.110           17.334
   11 (vir)    67          15.883          -5.412          -4.432         -12.082           18.120
   12 (vir)    67          19.939          -5.486          -4.089         -12.030           22.395
   13 (vir)    67          24.321          -6.019          -4.732         -13.986           27.556
   14 (vir)    67          24.927          -5.647          -3.504         -11.121           26.898
   15 (vir)    67          27.996          -5.936          -4.003         -13.902           31.959
   16 (vir)    67          34.899          -5.373          -1.872          -9.487           37.141
   17 (vir)    67          39.648          -0.983          -2.482         -11.539           47.722
   18 (vir)    67          42.463          -4.676          -4.534         -15.485           48.738
   19 (vir)    67          44.844          -0.446          -3.427         -13.345           54.316
   20 (vir)    67          48.962          -1.427          -3.798         -14.071           57.808
   21 (vir)    67          55.469           0.331          -3.907         -15.685           67.578
   22 (vir)    67          59.209           0.087          -2.712         -13.275           69.859
   23 (vir)    67          66.003          -0.585          -3.002         -15.759           78.175
   24 (vir)    67          82.533          -0.083          -3.247         -16.470           95.672
   25 (vir)    67         120.312          -0.744          -1.640         -13.307          131.235
   26 (vir)    67         239.362          -2.401          -1.618         -18.061          253.403
 
 
  kpoint:      68             coordinate:     0.2109    0.3946    0.0000
 
    n           k   ϵ_nk^DFT (eV)     Σ^c_nk (eV)     Σ^x_nk (eV)    v_nk^xc (eV)   ϵ_nk^G0W0 (eV)
 
    1 (occ)    68         -17.970           8.176         -27.203         -17.582          -19.416
    2 (occ)    68         -12.160           4.973         -22.326         -15.591          -13.922
    3 (occ)    68          -9.867           4.276         -22.350         -16.404          -11.537
    4 (occ)    68          -4.031           2.382         -19.741         -16.309           -5.080
    5 (vir)    68           1.181          -3.510          -5.842         -11.254            3.082
    6 (vir)    68           8.841          -4.684          -6.083         -12.925           11.000
    7 (vir)    68          10.591          -3.570          -3.623          -9.132           12.530
    8 (vir)    68          12.515          -3.285          -2.338          -7.744           14.636
    9 (vir)    68          12.984          -3.632          -3.342          -9.524           15.534
   10 (vir)    68          15.271          -3.408          -2.848          -8.357           17.372
   11 (vir)    68          15.989          -5.535          -4.485         -12.218           18.188
   12 (vir)    68          20.044          -5.621          -4.099         -12.123           22.447
   13 (vir)    68          24.405          -6.090          -4.767         -14.065           27.613
   14 (vir)    68          25.062          -5.795          -3.417         -10.914           26.763
   15 (vir)    68          27.854          -6.028          -3.998         -13.841           31.668
   16 (vir)    68          34.906           2.235          -1.861          -9.477           44.757
   17 (vir)    68          39.399          -1.016          -2.450         -11.459           47.392
   18 (vir)    68          42.199          -4.771          -4.531         -15.444           48.341
   19 (vir)    68          44.907          -0.459          -3.442         -13.378           54.384
   20 (vir)    68          49.034          -1.416          -3.825         -14.088           57.881
   21 (vir)    68          55.689           0.166          -3.878         -15.711           67.689
   22 (vir)    68          59.266           0.091          -2.746         -13.362           69.973
   23 (vir)    68          66.150          -0.438          -2.986         -15.748           78.474
   24 (vir)    68          82.550           2.806          -3.253         -16.472           98.576
   25 (vir)    68         120.076          -0.804          -1.643         -13.303          130.932
   26 (vir)    68         239.434          -2.437          -1.589         -18.058          253.465
 
 
  kpoint:      69             coordinate:     0.2041    0.3980    0.0000
 
    n           k   ϵ_nk^DFT (eV)     Σ^c_nk (eV)     Σ^x_nk (eV)    v_nk^xc (eV)   ϵ_nk^G0W0 (eV)
 
    1 (occ)    69         -17.988           8.183         -27.197         -17.571          -19.432
    2 (occ)    69         -12.190           4.988         -22.337         -15.583          -13.957
    3 (occ)    69          -9.778           4.246         -22.348         -16.441          -11.438
    4 (occ)    69          -4.060           2.390         -19.718         -16.276           -5.113
    5 (vir)    69           1.188          -3.503          -5.857         -11.262            3.089
    6 (vir)    69           8.720          -4.654          -6.135         -12.956           10.888
    7 (vir)    69          10.554          -3.580          -3.600          -9.104           12.477
    8 (vir)    69          12.526          -3.253          -2.199          -7.548           14.622
    9 (vir)    69          12.944          -3.586          -3.306          -9.437           15.489
   10 (vir)    69          15.314          -3.509          -2.993          -8.604           17.415
   11 (vir)    69          16.096          -5.666          -4.544         -12.367           18.253
   12 (vir)    69          20.146          -5.722          -4.111         -12.216           22.529
   13 (vir)    69          24.499          -6.239          -4.791         -14.113           27.581
   14 (vir)    69          25.209          -5.904          -3.341         -10.729           26.694
   15 (vir)    69          27.702          -6.121          -3.994         -13.778           31.365
   16 (vir)    69          34.914           1.987          -1.852          -9.465           44.515
   17 (vir)    69          39.151          -1.054          -2.420         -11.383           47.059
   18 (vir)    69          41.930          -4.815          -4.529         -15.403           47.989
   19 (vir)    69          44.968          -0.479          -3.455         -13.410           54.445
   20 (vir)    69          49.102          -1.362          -3.852         -14.105           57.993
   21 (vir)    69          55.914          -0.530          -3.849         -15.737           67.271
   22 (vir)    69          59.307           0.092          -2.779         -13.443           70.064
   23 (vir)    69          66.305           0.514          -2.971         -15.736           79.584
   24 (vir)    69          82.567           2.812          -3.256         -16.474           98.597
   25 (vir)    69         119.833          -0.816          -1.648         -13.298          130.668
   26 (vir)    69         239.508          -2.455          -1.566         -18.055          253.541
 
 
  kpoint:      70             coordinate:     0.1973    0.4014    0.0000
 
    n           k   ϵ_nk^DFT (eV)     Σ^c_nk (eV)     Σ^x_nk (eV)    v_nk^xc (eV)   ϵ_nk^G0W0 (eV)
 
    1 (occ)    70         -18.006           8.190         -27.191         -17.560          -19.448
    2 (occ)    70         -12.219           5.002         -22.348         -15.575          -13.990
    3 (occ)    70          -9.689           4.216         -22.346         -16.479          -11.339
    4 (occ)    70          -4.089           2.397         -19.696         -16.243           -5.145
    5 (vir)    70           1.195          -3.497          -5.871         -11.268            3.094
    6 (vir)    70           8.596          -4.623          -6.185         -12.983           10.772
    7 (vir)    70          10.519          -3.586          -3.576          -9.073           12.430
    8 (vir)    70          12.538          -3.219          -2.064          -7.357           14.612
    9 (vir)    70          12.904          -3.544          -3.272          -9.355           15.444
   10 (vir)    70          15.365          -3.220          -3.134          -8.847           17.859
   11 (vir)    70          16.203          -5.811          -4.610         -12.527           18.309
   12 (vir)    70          20.246          -5.828          -4.123         -12.308           22.603
   13 (vir)    70          24.602          -6.504          -4.808         -14.137           27.427
   14 (vir)    70          25.369          -5.962          -3.274         -10.564           26.697
   15 (vir)    70          27.541          -6.212          -3.991         -13.716           31.053
   16 (vir)    70          34.925           2.068          -1.845          -9.452           44.599
   17 (vir)    70          38.907          -1.099          -2.392         -11.310           46.726
   18 (vir)    70          41.656          -4.800          -4.528         -15.362           47.691
   19 (vir)    70          45.028          -0.505          -3.465         -13.442           54.499
   20 (vir)    70          49.167          -1.253          -3.877         -14.121           58.159
   21 (vir)    70          56.141          -1.473          -3.823         -15.763           66.609
   22 (vir)    70          59.336           0.092          -2.810         -13.519           70.137
   23 (vir)    70          66.467           1.449          -2.957         -15.723           80.682
   24 (vir)    70          82.584           2.329          -3.257         -16.476           98.131
   25 (vir)    70         119.584          -0.789          -1.655         -13.294          130.435
   26 (vir)    70         239.582          -2.453          -1.549         -18.052          253.631
 
 
  kpoint:      71             coordinate:     0.1905    0.4048    0.0000
 
    n           k   ϵ_nk^DFT (eV)     Σ^c_nk (eV)     Σ^x_nk (eV)    v_nk^xc (eV)   ϵ_nk^G0W0 (eV)
 
    1 (occ)    71         -18.024           8.197         -27.185         -17.549          -19.463
    2 (occ)    71         -12.248           5.015         -22.358         -15.567          -14.023
    3 (occ)    71          -9.599           4.187         -22.345         -16.517          -11.240
    4 (occ)    71          -4.118           2.405         -19.676         -16.211           -5.178
    5 (vir)    71           1.201          -3.491          -5.884         -11.273            3.099
    6 (vir)    71           8.470          -4.591          -6.232         -13.006           10.652
    7 (vir)    71          10.487          -3.589          -3.552          -9.042           12.388
    8 (vir)    71          12.550          -3.182          -1.935          -7.171           14.604
    9 (vir)    71          12.867          -3.506          -3.241          -9.278           15.397
   10 (vir)    71          15.425          -3.189          -3.268          -9.086           18.055
   11 (vir)    71          16.309          -5.981          -4.681         -12.698           18.345
   12 (vir)    71          20.344          -6.010          -4.137         -12.398           22.594
   13 (vir)    71          24.715          -6.832          -4.817         -14.143           27.209
   14 (vir)    71          25.544          -5.964          -3.216         -10.412           26.777
   15 (vir)    71          27.373          -6.300          -3.990         -13.652           30.735
   16 (vir)    71          34.938           2.536          -1.843          -9.436           45.067
   17 (vir)    71          38.667          -1.147          -2.365         -11.240           46.396
   18 (vir)    71          41.378          -4.720          -4.527         -15.321           47.453
   19 (vir)    71          45.086          -0.535          -3.474         -13.472           54.549
   20 (vir)    71          49.229          -1.068          -3.900         -14.136           58.396
   21 (vir)    71          56.371          -2.260          -3.797         -15.788           66.103
   22 (vir)    71          59.353           0.090          -2.840         -13.588           70.191
   23 (vir)    71          66.637           1.859          -2.946         -15.710           81.260
   24 (vir)    71          82.598           2.110          -3.256         -16.477           97.929
   25 (vir)    71         119.330          -0.724          -1.664         -13.289          130.231
   26 (vir)    71         239.658          -2.432          -1.539         -18.048          253.736
 
 
  kpoint:      72             coordinate:     0.1837    0.4082    0.0000
 
    n           k   ϵ_nk^DFT (eV)     Σ^c_nk (eV)     Σ^x_nk (eV)    v_nk^xc (eV)   ϵ_nk^G0W0 (eV)
 
    1 (occ)    72         -18.042           8.204         -27.180         -17.539          -19.479
    2 (occ)    72         -12.275           5.028         -22.367         -15.560          -14.054
    3 (occ)    72          -9.510           4.158         -22.345         -16.556          -11.141
    4 (occ)    72          -4.147           2.413         -19.656         -16.180           -5.210
    5 (vir)    72           1.206          -3.484          -5.896         -11.277            3.103
    6 (vir)    72           8.341          -4.560          -6.277         -13.024           10.529
    7 (vir)    72          10.457          -3.589          -3.528          -9.010           12.350
    8 (vir)    72          12.562          -3.143          -1.813          -6.993           14.598
    9 (vir)    72          12.830          -3.474          -3.212          -9.205           15.350
   10 (vir)    72          15.494          -3.435          -3.394          -9.318           17.983
   11 (vir)    72          16.415          -6.156          -4.757         -12.879           18.380
   12 (vir)    72          20.438          -6.425          -4.152         -12.485           22.347
   13 (vir)    72          24.838          -7.055          -4.821         -14.136           27.097
   14 (vir)    72          25.733          -5.840          -3.166         -10.272           26.999
   15 (vir)    72          27.196          -6.381          -3.989         -13.588           30.413
   16 (vir)    72          34.953          -8.568          -1.844          -9.418           33.959
   17 (vir)    72          38.432          -1.197          -2.340         -11.175           46.069
   18 (vir)    72          41.097          -4.564          -4.527         -15.280           47.286
   19 (vir)    72          45.143          -0.567          -3.482         -13.502           54.595
   20 (vir)    72          49.286          -0.811          -3.923         -14.150           58.703
   21 (vir)    72          56.603          -2.709          -3.773         -15.812           65.933
   22 (vir)    72          59.360           0.087          -2.869         -13.652           70.231
   23 (vir)    72          66.813           1.703          -2.936         -15.697           81.278
   24 (vir)    72          82.611           2.095          -3.254         -16.478           97.930
   25 (vir)    72         119.072          -0.616          -1.674         -13.284          130.066
   26 (vir)    72         239.734          -2.390          -1.534         -18.045          253.855
 
 
  kpoint:      73             coordinate:     0.1769    0.4116    0.0000
 
    n           k   ϵ_nk^DFT (eV)     Σ^c_nk (eV)     Σ^x_nk (eV)    v_nk^xc (eV)   ϵ_nk^G0W0 (eV)
 
    1 (occ)    73         -18.060           8.211         -27.174         -17.529          -19.495
    2 (occ)    73         -12.302           5.040         -22.376         -15.552          -14.086
    3 (occ)    73          -9.420           4.129         -22.345         -16.595          -11.042
    4 (occ)    73          -4.175           2.421         -19.638         -16.150           -5.241
    5 (vir)    73           1.210          -3.477          -5.906         -11.280            3.106
    6 (vir)    73           8.212          -4.528          -6.318         -13.038           10.404
    7 (vir)    73          10.429          -3.586          -3.504          -8.978           12.317
    8 (vir)    73          12.572          -3.103          -1.698          -6.823           14.594
    9 (vir)    73          12.795          -3.444          -3.186          -9.137           15.302
   10 (vir)    73          15.573          -3.614          -3.513          -9.542           17.989
   11 (vir)    73          16.519          -6.224          -4.838         -13.068           18.525
   12 (vir)    73          20.530          -7.103          -4.168         -12.569           21.829
   13 (vir)    73          24.971          -7.117          -4.822         -14.120           27.153
   14 (vir)    73          25.940          -5.210          -3.123         -10.140           27.747
   15 (vir)    73          27.012          -6.455          -3.990         -13.523           30.090
   16 (vir)    73          34.971          -9.766          -1.848          -9.396           32.753
   17 (vir)    73          38.203          -1.249          -2.317         -11.112           45.750
   18 (vir)    73          40.813          -4.312          -4.528         -15.239           47.212
   19 (vir)    73          45.198          -0.601          -3.487         -13.530           54.640
   20 (vir)    73          49.340          -0.552          -3.943         -14.164           59.009
   21 (vir)    73          56.834          -2.848          -3.750         -15.836           66.072
   22 (vir)    73          59.360           0.083          -2.897         -13.712           70.257
   23 (vir)    73          66.998           0.960          -2.927         -15.683           80.714
   24 (vir)    73          82.621           1.894          -3.252         -16.479           97.743
   25 (vir)    73         118.811          -0.450          -1.685         -13.279          129.955
   26 (vir)    73         239.811          -2.327          -1.534         -18.041          253.990
 
 
  kpoint:      74             coordinate:     0.1701    0.4150    0.0000
 
    n           k   ϵ_nk^DFT (eV)     Σ^c_nk (eV)     Σ^x_nk (eV)    v_nk^xc (eV)   ϵ_nk^G0W0 (eV)
 
    1 (occ)    74         -18.078           8.218         -27.169         -17.519          -19.511
    2 (occ)    74         -12.328           5.051         -22.384         -15.545          -14.116
    3 (occ)    74          -9.332           4.100         -22.347         -16.634          -10.944
    4 (occ)    74          -4.203           2.429         -19.620         -16.122           -5.272
    5 (vir)    74           1.213          -3.471          -5.916         -11.281            3.108
    6 (vir)    74           8.082          -4.497          -6.356         -13.049           10.277
    7 (vir)    74          10.403          -3.579          -3.480          -8.946           12.290
    8 (vir)    74          12.582          -3.062          -1.592          -6.664           14.592
    9 (vir)    74          12.762          -3.417          -3.162          -9.074           15.257
   10 (vir)    74          15.660          -3.781          -3.622          -9.758           18.016
   11 (vir)    74          16.622          -6.097          -4.922         -13.265           18.869
   12 (vir)    74          20.619          -6.024          -4.184         -12.650           23.059
   13 (vir)    74          25.114          -7.093          -4.819         -14.100           27.302
   14 (vir)    74          26.164          -3.345          -3.086         -10.016           29.749
   15 (vir)    74          26.821          -6.521          -3.991         -13.458           29.767
   16 (vir)    74          34.994          -1.814          -1.854          -9.370           40.697
   17 (vir)    74          37.981          -1.299          -2.295         -11.053           45.440
   18 (vir)    74          40.526          -3.911          -4.528         -15.196           47.282
   19 (vir)    74          45.251          -0.633          -3.492         -13.558           54.684
   20 (vir)    74          49.391          -0.459          -3.961         -14.176           59.147
   21 (vir)    74          57.064          -2.725          -3.727         -15.859           66.472
   22 (vir)    74          59.353           0.079          -2.924         -13.766           70.274
   23 (vir)    74          67.189          -0.632          -2.918         -15.668           79.308
   24 (vir)    74          82.627           0.689          -3.248         -16.480           96.548
   25 (vir)    74         118.548          -0.209          -1.695         -13.274          129.919
   26 (vir)    74         239.887          -2.245          -1.538         -18.037          254.141
 
 
  kpoint:      75             coordinate:     0.1633    0.4184    0.0000
 
    n           k   ϵ_nk^DFT (eV)     Σ^c_nk (eV)     Σ^x_nk (eV)    v_nk^xc (eV)   ϵ_nk^G0W0 (eV)
 
    1 (occ)    75         -18.095           8.224         -27.164         -17.509          -19.527
    2 (occ)    75         -12.353           5.061         -22.392         -15.538          -14.146
    3 (occ)    75          -9.243           4.072         -22.349         -16.674          -10.847
    4 (occ)    75          -4.230           2.437         -19.604         -16.094           -5.303
    5 (vir)    75           1.216          -3.464          -5.924         -11.281            3.109
    6 (vir)    75           7.953          -4.467          -6.392         -13.056           10.150
    7 (vir)    75          10.379          -3.568          -3.457          -8.914           12.267
    8 (vir)    75          12.591          -3.022          -1.494          -6.516           14.591
    9 (vir)    75          12.729          -3.390          -3.140          -9.016           15.216
   10 (vir)    75          15.757          -3.943          -3.721          -9.963           18.056
   11 (vir)    75          16.723          -5.986          -5.007         -13.468           19.197
   12 (vir)    75          20.705          -5.927          -4.201         -12.725           23.302
   13 (vir)    75          25.267          -7.052          -4.813         -14.077           27.479
   14 (vir)    75          26.408          -3.778          -3.052          -9.899           29.477
   15 (vir)    75          26.623          -6.576          -3.993         -13.392           29.446
   16 (vir)    75          35.020          -4.766          -1.860          -9.340           37.735
   17 (vir)    75          37.765          -1.349          -2.274         -10.998           45.140
   18 (vir)    75          40.236          -3.260          -4.529         -15.153           47.600
   19 (vir)    75          45.303          -0.664          -3.495         -13.585           54.729
   20 (vir)    75          49.438          -0.663          -3.976         -14.188           58.986
   21 (vir)    75          57.293          -2.305          -3.705         -15.882           67.164
   22 (vir)    75          59.341           0.074          -2.951         -13.817           70.282
   23 (vir)    75          67.388          -3.739          -2.910         -15.654           76.394
   24 (vir)    75          82.630          -1.509          -3.245         -16.481           94.357
   25 (vir)    75         118.286           0.111          -1.704         -13.269          129.962
   26 (vir)    75         239.963          -2.151          -1.543         -18.033          254.302
 
 
  kpoint:      76             coordinate:     0.1565    0.4218    0.0000
 
    n           k   ϵ_nk^DFT (eV)     Σ^c_nk (eV)     Σ^x_nk (eV)    v_nk^xc (eV)   ϵ_nk^G0W0 (eV)
 
    1 (occ)    76         -18.112           8.229         -27.159         -17.500          -19.543
    2 (occ)    76         -12.377           5.071         -22.400         -15.531          -14.174
    3 (occ)    76          -9.156           4.045         -22.352         -16.713          -10.751
    4 (occ)    76          -4.257           2.445         -19.589         -16.068           -5.332
    5 (vir)    76           1.218          -3.457          -5.932         -11.281            3.110
    6 (vir)    76           7.825          -4.437          -6.425         -13.060           10.024
    7 (vir)    76          10.356          -3.552          -3.434          -8.882           12.252
    8 (vir)    76          12.598          -2.983          -1.406          -6.379           14.589
    9 (vir)    76          12.699          -3.361          -3.120          -8.963           15.180
   10 (vir)    76          15.863          -4.095          -3.811         -10.157           18.114
   11 (vir)    76          16.822          -6.023          -5.094         -13.676           19.382
   12 (vir)    76          20.788          -6.827          -4.217         -12.796           22.540
   13 (vir)    76          25.430          -7.019          -4.806         -14.054           27.659
   14 (vir)    76          26.420          -6.623          -3.996         -13.325           29.126
   15 (vir)    76          26.674          -3.213          -3.017          -9.788           30.233
   16 (vir)    76          35.052          -2.841          -1.864          -9.304           39.651
   17 (vir)    76          37.557          -1.395          -2.255         -10.945           44.852
   18 (vir)    76          39.945          -2.230          -4.530         -15.109           48.294
   19 (vir)    76          45.354          -0.693          -3.497         -13.611           54.775
   20 (vir)    76          49.481          -1.039          -3.989         -14.198           58.652
   21 (vir)    76          57.519          -1.409          -3.684         -15.904           68.329
   22 (vir)    76          59.326           0.071          -2.976         -13.863           70.284
   23 (vir)    76          67.595           1.861          -2.899         -15.639           82.196
   24 (vir)    76          82.628          -8.928          -3.241         -16.481           86.941
   25 (vir)    76         118.025           0.345          -1.711         -13.263          129.922
   26 (vir)    76         240.037          -2.060          -1.548         -18.029          254.458
 
 
  kpoint:      77             coordinate:     0.1497    0.4252    0.0000
 
    n           k   ϵ_nk^DFT (eV)     Σ^c_nk (eV)     Σ^x_nk (eV)    v_nk^xc (eV)   ϵ_nk^G0W0 (eV)
 
    1 (occ)    77         -18.129           8.234         -27.155         -17.491          -19.559
    2 (occ)    77         -12.400           5.081         -22.407         -15.525          -14.201
    3 (occ)    77          -9.070           4.018         -22.356         -16.752          -10.656
    4 (occ)    77          -4.282           2.453         -19.574         -16.043           -5.361
    5 (vir)    77           1.219          -3.450          -5.939         -11.280            3.110
    6 (vir)    77           7.698          -4.406          -6.454         -13.061            9.898
    7 (vir)    77          10.335          -3.514          -3.412          -8.852           12.260
    8 (vir)    77          12.604          -2.946          -1.326          -6.255           14.586
    9 (vir)    77          12.670          -3.326          -3.103          -8.914           15.155
   10 (vir)    77          15.978          -4.236          -3.891         -10.341           18.192
   11 (vir)    77          16.919          -6.139          -5.179         -13.888           19.490
   12 (vir)    77          20.870          -6.475          -4.232         -12.861           23.025
   13 (vir)    77          25.602          -7.003          -4.798         -14.034           27.834
   14 (vir)    77          26.210          -6.659          -4.000         -13.259           28.810
   15 (vir)    77          26.965          -2.686          -2.976          -9.686           30.990
   16 (vir)    77          35.091          -2.226          -1.863          -9.261           40.263
   17 (vir)    77          37.357          -1.439          -2.236         -10.896           44.577
   18 (vir)    77          39.652          -0.881          -4.530         -15.063           49.304
   19 (vir)    77          45.402          -0.720          -3.498         -13.636           54.821
   20 (vir)    77          49.522          -1.360          -3.998         -14.207           58.371
   21 (vir)    77          57.740           0.789          -3.662         -15.925           70.792
   22 (vir)    77          59.308           0.068          -3.001         -13.906           70.282
   23 (vir)    77          67.809          -8.375          -2.886         -15.624           72.172
   24 (vir)    77          82.621          -5.393          -3.236         -16.481           90.473
   25 (vir)    77         117.768          -1.408          -1.715         -13.257          127.902
   26 (vir)    77         240.111          -1.995          -1.551         -18.025          254.589
 
 
  kpoint:      78             coordinate:     0.1429    0.4286    0.0000
 
    n           k   ϵ_nk^DFT (eV)     Σ^c_nk (eV)     Σ^x_nk (eV)    v_nk^xc (eV)   ϵ_nk^G0W0 (eV)
 
    1 (occ)    78         -18.145           8.238         -27.150         -17.482          -19.575
    2 (occ)    78         -12.422           5.090         -22.413         -15.519          -14.226
    3 (occ)    78          -8.985           3.992         -22.360         -16.791          -10.562
    4 (occ)    78          -4.307           2.461         -19.561         -16.019           -5.389
    5 (vir)    78           1.220          -3.443          -5.945         -11.278            3.109
    6 (vir)    78           7.573          -4.376          -6.481         -13.059            9.776
    7 (vir)    78          10.315          -3.544          -3.390          -8.822           12.202
    8 (vir)    78          12.609          -2.912          -1.255          -6.142           14.583
    9 (vir)    78          12.642          -3.265          -3.087          -8.869           15.159
   10 (vir)    78          16.101          -4.366          -3.962         -10.514           18.288
   11 (vir)    78          17.014          -6.258          -5.263         -14.103           19.596
   12 (vir)    78          20.951          -6.408          -4.245         -12.922           23.221
   13 (vir)    78          25.783          -7.006          -4.790         -14.017           28.004
   14 (vir)    78          25.996          -6.686          -4.005         -13.191           28.496
   15 (vir)    78          27.283          -2.316          -2.924          -9.595           31.638
   16 (vir)    78          35.137          -1.921          -1.853          -9.208           40.571
   17 (vir)    78          37.165          -1.480          -2.219         -10.850           44.315
   18 (vir)    78          39.358           0.384          -4.530         -15.015           50.228
   19 (vir)    78          45.449          -0.744          -3.498         -13.661           54.868
   20 (vir)    78          49.560          -1.543          -4.003         -14.215           58.228
   21 (vir)    78          57.958           5.038          -3.639         -15.945           75.301
   22 (vir)    78          59.289           0.066          -3.024         -13.946           70.276
   23 (vir)    78          68.030          -3.539          -2.869         -15.610           77.232
   24 (vir)    78          82.608          -6.507          -3.232         -16.481           89.350
   25 (vir)    78         117.514           0.752          -1.716         -13.251          129.802
   26 (vir)    78         240.183          -1.964          -1.551         -18.020          254.688
 
 
  kpoint:      79             coordinate:     0.1361    0.4320    0.0000
 
    n           k   ϵ_nk^DFT (eV)     Σ^c_nk (eV)     Σ^x_nk (eV)    v_nk^xc (eV)   ϵ_nk^G0W0 (eV)
 
    1 (occ)    79         -18.161           8.242         -27.146         -17.474          -19.591
    2 (occ)    79         -12.443           5.100         -22.420         -15.513          -14.250
    3 (occ)    79          -8.903           3.966         -22.365         -16.830          -10.471
    4 (occ)    79          -4.332           2.468         -19.549         -15.997           -5.416
    5 (vir)    79           1.220          -3.437          -5.951         -11.275            3.108
    6 (vir)    79           7.451          -4.363          -6.505         -13.055            9.637
    7 (vir)    79          10.296          -3.536          -3.369          -8.793           12.184
    8 (vir)    79          12.612          -2.880          -1.192          -6.040           14.580
    9 (vir)    79          12.617          -3.329          -3.074          -8.829           15.043
   10 (vir)    79          16.232          -4.488          -4.023         -10.676           18.398
   11 (vir)    79          17.106          -6.448          -5.345         -14.318           19.631
   12 (vir)    79          21.031          -7.164          -4.255         -12.979           22.591
   13 (vir)    79          25.777          -6.704          -4.010         -13.123           28.186
   14 (vir)    79          25.971          -7.004          -4.781         -14.005           28.190
   15 (vir)    79          27.631          -2.064          -2.857          -9.519           32.229
   16 (vir)    79          35.195          -1.724          -1.831          -9.143           40.783
   17 (vir)    79          36.982          -1.518          -2.203         -10.806           44.066
   18 (vir)    79          39.064           1.194          -4.528         -14.966           50.696
   19 (vir)    79          45.494          -0.767          -3.498         -13.684           54.914
   20 (vir)    79          49.595          -1.608          -4.005         -14.220           58.201
   21 (vir)    79          58.170         -11.105          -3.616         -15.963           59.412
   22 (vir)    79          59.269           0.065          -3.047         -13.983           70.269
   23 (vir)    79          68.260          -3.092          -2.848         -15.595           77.915
   24 (vir)    79          82.588          -5.331          -3.226         -16.481           90.512
   25 (vir)    79         117.267          -0.459          -1.713         -13.244          128.339
   26 (vir)    79         240.252          -1.957          -1.545         -18.016          254.767
 
 
  kpoint:      80             coordinate:     0.1293    0.4354    0.0000
 
    n           k   ϵ_nk^DFT (eV)     Σ^c_nk (eV)     Σ^x_nk (eV)    v_nk^xc (eV)   ϵ_nk^G0W0 (eV)
 
    1 (occ)    80         -18.176           8.246         -27.143         -17.466          -19.606
    2 (occ)    80         -12.463           5.109         -22.425         -15.507          -14.273
    3 (occ)    80          -8.822           3.942         -22.370         -16.868          -10.382
    4 (occ)    80          -4.355           2.475         -19.537         -15.975           -5.442
    5 (vir)    80           1.220          -3.430          -5.956         -11.272            3.106
    6 (vir)    80           7.332          -4.328          -6.527         -13.049            9.526
    7 (vir)    80          10.279          -3.533          -3.350          -8.766           12.163
    8 (vir)    80          12.593          -3.313          -3.063          -8.794           15.010
    9 (vir)    80          12.614          -2.851          -1.138          -5.950           14.575
   10 (vir)    80          16.372          -4.604          -4.076         -10.828           18.519
   11 (vir)    80          17.194          -6.839          -5.424         -14.533           19.464
   12 (vir)    80          21.111          -6.291          -4.264         -13.032           23.589
   13 (vir)    80          25.554          -6.712          -4.016         -13.055           27.880
   14 (vir)    80          26.167          -7.041          -4.772         -13.997           28.350
   15 (vir)    80          28.012          -1.895          -2.770          -9.462           32.809
   16 (vir)    80          35.266          -1.580          -1.789          -9.063           40.959
   17 (vir)    80          36.807          -1.555          -2.188         -10.766           43.829
   18 (vir)    80          38.769           1.458          -4.525         -14.914           50.616
   19 (vir)    80          45.537          -0.788          -3.497         -13.707           54.959
   20 (vir)    80          49.628          -1.601          -4.002         -14.223           58.247
   21 (vir)    80          58.376          -9.483          -3.593         -15.980           61.280
   22 (vir)    80          59.249           0.065          -3.069         -14.017           70.261
   23 (vir)    80          68.497          -3.015          -2.821         -15.581           78.241
   24 (vir)    80          82.560          -8.064          -3.218         -16.480           87.758
   25 (vir)    80         117.027          -0.939          -1.709         -13.238          127.617
   26 (vir)    80         240.320          -1.958          -1.532         -18.011          254.842
 
 
  kpoint:      81             coordinate:     0.1224    0.4388    0.0000
 
    n           k   ϵ_nk^DFT (eV)     Σ^c_nk (eV)     Σ^x_nk (eV)    v_nk^xc (eV)   ϵ_nk^G0W0 (eV)
 
    1 (occ)    81         -18.190           8.249         -27.139         -17.458          -19.622
    2 (occ)    81         -12.482           5.118         -22.431         -15.502          -14.294
    3 (occ)    81          -8.743           3.919         -22.376         -16.906          -10.295
    4 (occ)    81          -4.377           2.483         -19.527         -15.955           -5.467
    5 (vir)    81           1.219          -3.424          -5.960         -11.269            3.104
    6 (vir)    81           7.216          -4.300          -6.546         -13.041            9.411
    7 (vir)    81          10.263          -3.533          -3.332          -8.740           12.139
    8 (vir)    81          12.571          -3.302          -3.054          -8.762           14.978
    9 (vir)    81          12.614          -2.828          -1.090          -5.870           14.566
   10 (vir)    81          16.518          -4.718          -4.122         -10.972           18.651
   11 (vir)    81          17.279          -6.964          -5.500         -14.745           19.559
   12 (vir)    81          21.193          -7.450          -4.271         -13.082           22.554
   13 (vir)    81          25.327          -6.712          -4.023         -12.986           27.578
   14 (vir)    81          26.369          -6.998          -4.763         -13.993           28.601
   15 (vir)    81          28.429          -1.794          -2.661          -9.434           33.407
   16 (vir)    81          35.355          -1.467          -1.720          -8.961           41.129
   17 (vir)    81          36.641          -1.591          -2.174         -10.728           43.604
   18 (vir)    81          38.474           1.307          -4.521         -14.860           50.121
   19 (vir)    81          45.578          -0.810          -3.495         -13.729           55.001
   20 (vir)    81          49.660          -1.579          -3.996         -14.222           58.307
   21 (vir)    81          58.576          -9.154          -3.568         -15.995           61.849
   22 (vir)    81          59.230           0.065          -3.091         -14.048           70.252
   23 (vir)    81          68.741          -3.041          -2.790         -15.567           78.477
   24 (vir)    81          82.524          -4.050          -3.209         -16.480           91.745
   25 (vir)    81         116.796          -1.122          -1.703         -13.231          127.202
   26 (vir)    81         240.384          -1.960          -1.510         -18.007          254.921
 
 
  kpoint:      82             coordinate:     0.1156    0.4422    0.0000
 
    n           k   ϵ_nk^DFT (eV)     Σ^c_nk (eV)     Σ^x_nk (eV)    v_nk^xc (eV)   ϵ_nk^G0W0 (eV)
 
    1 (occ)    82         -18.204           8.253         -27.136         -17.451          -19.636
    2 (occ)    82         -12.500           5.127         -22.436         -15.497          -14.313
    3 (occ)    82          -8.666           3.896         -22.383         -16.943          -10.210
    4 (occ)    82          -4.399           2.489         -19.517         -15.936           -5.490
    5 (vir)    82           1.218          -3.418          -5.964         -11.265            3.102
    6 (vir)    82           7.104          -4.275          -6.562         -13.031            9.298
    7 (vir)    82          10.249          -3.534          -3.314          -8.716           12.116
    8 (vir)    82          12.551          -3.242          -3.047          -8.736           14.997
    9 (vir)    82          12.614          -2.814          -1.049          -5.799           14.550
   10 (vir)    82          16.672          -4.829          -4.160         -11.106           18.789
   11 (vir)    82          17.361          -6.927          -5.573         -14.952           19.812
   12 (vir)    82          21.276          -6.242          -4.278         -13.130           23.885
   13 (vir)    82          25.097          -6.701          -4.030         -12.915           27.282
   14 (vir)    82          26.576          -6.935          -4.753         -13.994           28.881
   15 (vir)    82          28.883          -1.759          -2.536          -9.442           34.030
   16 (vir)    82          35.470          -1.372          -1.615          -8.831           41.313
   17 (vir)    82          36.485          -1.627          -2.161         -10.693           43.389
   18 (vir)    82          38.181           1.033          -4.514         -14.803           49.503
   19 (vir)    82          45.616          -0.833          -3.492         -13.749           55.040
   20 (vir)    82          49.690          -1.609          -3.985         -14.218           58.314
   21 (vir)    82          58.769          -9.853          -3.543         -16.008           61.382
   22 (vir)    82          59.212           0.065          -3.111         -14.077           70.243
   23 (vir)    82          68.994          -3.189          -2.754         -15.553           78.604
   24 (vir)    82          82.480          -2.068          -3.198         -16.479           93.693
   25 (vir)    82         116.575          -1.156          -1.696         -13.225          126.948
   26 (vir)    82         240.445          -1.966          -1.479         -18.002          255.002
 
 
  kpoint:      83             coordinate:     0.1088    0.4456    0.0000
 
    n           k   ϵ_nk^DFT (eV)     Σ^c_nk (eV)     Σ^x_nk (eV)    v_nk^xc (eV)   ϵ_nk^G0W0 (eV)
 
    1 (occ)    83         -18.218           8.256         -27.133         -17.444          -19.650
    2 (occ)    83         -12.518           5.136         -22.441         -15.492          -14.331
    3 (occ)    83          -8.593           3.874         -22.390         -16.979          -10.129
    4 (occ)    83          -4.419           2.496         -19.508         -15.918           -5.513
    5 (vir)    83           1.217          -3.412          -5.967         -11.261            3.100
    6 (vir)    83           6.996          -4.252          -6.577         -13.021            9.188
    7 (vir)    83          10.236          -3.531          -3.299          -8.693           12.099
    8 (vir)    83          12.533          -3.231          -3.043          -8.713           14.972
    9 (vir)    83          12.612          -2.810          -1.013          -5.737           14.526
   10 (vir)    83          16.832          -4.940          -4.191         -11.234           18.935
   11 (vir)    83          17.439          -6.924          -5.644         -15.152           20.023
   12 (vir)    83          21.361          -6.123          -4.287         -13.177           24.128
   13 (vir)    83          24.865          -6.682          -4.038         -12.844           26.991
   14 (vir)    83          26.789          -6.876          -4.743         -13.998           29.167
   15 (vir)    83          29.376          -1.797          -2.407          -9.502           34.674
   16 (vir)    83          35.620          -1.291          -1.462          -8.663           41.531
   17 (vir)    83          36.337          -1.664          -2.149         -10.660           43.185
   18 (vir)    83          37.889           1.088          -4.506         -14.743           49.214
   19 (vir)    83          45.653          -0.856          -3.490         -13.769           55.076
   20 (vir)    83          49.721          -1.741          -3.970         -14.210           58.221
   21 (vir)    83          58.957          -2.938          -3.515         -16.018           68.523
   22 (vir)    83          59.195           0.066          -3.131         -14.104           70.234
   23 (vir)    83          69.254          -3.443          -2.715         -15.540           78.636
   24 (vir)    83          82.427          -1.167          -3.185         -16.478           94.553
   25 (vir)    83         116.365          -1.091          -1.690         -13.218          126.802
   26 (vir)    83         240.502          -1.981          -1.438         -17.997          255.080
 
 
  kpoint:      84             coordinate:     0.1020    0.4490    0.0000
 
    n           k   ϵ_nk^DFT (eV)     Σ^c_nk (eV)     Σ^x_nk (eV)    v_nk^xc (eV)   ϵ_nk^G0W0 (eV)
 
    1 (occ)    84         -18.230           8.259         -27.130         -17.438          -19.663
    2 (occ)    84         -12.534           5.144         -22.446         -15.487          -14.348
    3 (occ)    84          -8.522           3.854         -22.397         -17.014          -10.051
    4 (occ)    84          -4.438           2.502         -19.499         -15.901           -5.534
    5 (vir)    84           1.215          -3.406          -5.970         -11.257            3.097
    6 (vir)    84           6.894          -4.231          -6.589         -13.009            9.082
    7 (vir)    84          10.224          -3.529          -3.285          -8.672           12.082
    8 (vir)    84          12.517          -3.224          -3.041          -8.695           14.947
    9 (vir)    84          12.610          -2.810          -0.983          -5.683           14.500
   10 (vir)    84          16.998          -5.050          -4.217         -11.355           19.086
   11 (vir)    84          17.512          -6.976          -5.711         -15.344           20.168
   12 (vir)    84          21.449          -6.129          -4.300         -13.223           24.243
   13 (vir)    84          24.631          -6.652          -4.046         -12.772           26.706
   14 (vir)    84          27.005          -6.853          -4.732         -14.005           29.426
   15 (vir)    84          29.905          -1.954          -2.295          -9.627           35.282
   16 (vir)    84          35.822          -1.221          -1.244          -8.447           41.804
   17 (vir)    84          36.199          -1.700          -2.137         -10.630           42.991
   18 (vir)    84          37.599           2.724          -4.496         -14.679           50.506
   19 (vir)    84          45.687          -0.879          -3.487         -13.787           55.109
   20 (vir)    84          49.752          -1.932          -3.949         -14.195           58.065
   21 (vir)    84          59.141          -2.508          -3.485         -16.024           69.172
   22 (vir)    84          59.180           0.066          -3.149         -14.129           70.226
   23 (vir)    84          69.522          -3.664          -2.674         -15.527           78.710
   24 (vir)    84          82.364          -0.972          -3.170         -16.477           94.700
   25 (vir)    84         116.168          -0.939          -1.685         -13.212          126.755
   26 (vir)    84         240.555          -2.004          -1.388         -17.992          255.154
 
 
  kpoint:      85             coordinate:     0.0952    0.4524    0.0000
 
    n           k   ϵ_nk^DFT (eV)     Σ^c_nk (eV)     Σ^x_nk (eV)    v_nk^xc (eV)   ϵ_nk^G0W0 (eV)
 
    1 (occ)    85         -18.242           8.262         -27.127         -17.432          -19.675
    2 (occ)    85         -12.549           5.152         -22.450         -15.483          -14.365
    3 (occ)    85          -8.454           3.834         -22.404         -17.048           -9.977
    4 (occ)    85          -4.457           2.508         -19.492         -15.885           -5.555
    5 (vir)    85           1.213          -3.400          -5.972         -11.253            3.094
    6 (vir)    85           6.796          -4.212          -6.600         -12.996            8.980
    7 (vir)    85          10.213          -3.524          -3.272          -8.652           12.070
    8 (vir)    85          12.504          -3.265          -3.042          -8.682           14.880
    9 (vir)    85          12.607          -2.811          -0.957          -5.636           14.474
   10 (vir)    85          17.169          -5.160          -4.238         -11.471           19.242
   11 (vir)    85          17.580          -7.064          -5.776         -15.525           20.265
   12 (vir)    85          21.540          -6.194          -4.319         -13.269           24.296
   13 (vir)    85          24.396          -6.611          -4.054         -12.699           26.429
   14 (vir)    85          27.224          -6.889          -4.720         -14.015           29.631
   15 (vir)    85          30.461          -2.451          -2.235          -9.832           35.607
   16 (vir)    85          36.070          -1.737          -2.127         -10.602           42.808
   17 (vir)    85          36.096          -1.165          -0.944          -8.171           42.158
   18 (vir)    85          37.312         -10.210          -4.486         -14.615           37.230
   19 (vir)    85          45.720          -0.902          -3.484         -13.805           55.138
   20 (vir)    85          49.785          -1.945          -3.924         -14.173           58.088
   21 (vir)    85          59.167           0.065          -3.167         -14.152           70.217
   22 (vir)    85          59.321          -3.353          -3.452         -16.025           68.541
   23 (vir)    85          69.797          -3.697          -2.633         -15.514           78.981
   24 (vir)    85          82.293          -1.542          -3.153         -16.476           94.074
   25 (vir)    85         115.985          -0.699          -1.683         -13.206          126.808
   26 (vir)    85         240.602          -2.035          -1.330         -17.987          255.225
 
 
  kpoint:      86             coordinate:     0.0884    0.4558    0.0000
 
    n           k   ϵ_nk^DFT (eV)     Σ^c_nk (eV)     Σ^x_nk (eV)    v_nk^xc (eV)   ϵ_nk^G0W0 (eV)
 
    1 (occ)    86         -18.254           8.265         -27.125         -17.427          -19.686
    2 (occ)    86         -12.563           5.157         -22.454         -15.479          -14.381
    3 (occ)    86          -8.390           3.816         -22.412         -17.080           -9.906
    4 (occ)    86          -4.474           2.514         -19.485         -15.871           -5.574
    5 (vir)    86           1.211          -3.395          -5.974         -11.249            3.091
    6 (vir)    86           6.703          -4.196          -6.609         -12.983            8.882
    7 (vir)    86          10.204          -3.512          -3.261          -8.635           12.066
    8 (vir)    86          12.492          -3.259          -3.044          -8.673           14.862
    9 (vir)    86          12.604          -2.811          -0.935          -5.595           14.452
   10 (vir)    86          17.344          -5.271          -4.254         -11.582           19.401
   11 (vir)    86          17.644          -7.151          -5.838         -15.693           20.349
   12 (vir)    86          21.633          -6.598          -4.345         -13.315           24.005
   13 (vir)    86          24.161          -6.561          -4.063         -12.624           26.161
   14 (vir)    86          27.444          -6.995          -4.706         -14.027           29.770
   15 (vir)    86          31.026          -2.712          -2.263         -10.124           36.176
   16 (vir)    86          35.950          -1.773          -2.117         -10.577           42.636
   17 (vir)    86          36.476          -1.365          -0.551          -7.848           42.408
   18 (vir)    86          37.033          -8.753          -4.481         -14.539           38.338
   19 (vir)    86          45.750          -0.924          -3.481         -13.821           55.166
   20 (vir)    86          49.822          -1.735          -3.893         -14.139           58.333
   21 (vir)    86          59.155           0.064          -3.184         -14.173           70.209
   22 (vir)    86          59.501          -2.102          -3.416         -16.019           70.003
   23 (vir)    86          70.081          -3.467          -2.595         -15.501           79.520
   24 (vir)    86          82.212          -3.219          -3.134         -16.475           92.334
   25 (vir)    86         115.815          -0.386          -1.684         -13.200          126.945
   26 (vir)    86         240.644          -2.068          -1.263         -17.982          255.294
 
 
  kpoint:      87             coordinate:     0.0816    0.4592    0.0000
 
    n           k   ϵ_nk^DFT (eV)     Σ^c_nk (eV)     Σ^x_nk (eV)    v_nk^xc (eV)   ϵ_nk^G0W0 (eV)
 
    1 (occ)    87         -18.264           8.268         -27.122         -17.421          -19.697
    2 (occ)    87         -12.576           5.161         -22.458         -15.475          -14.397
    3 (occ)    87          -8.329           3.799         -22.420         -17.111           -9.839
    4 (occ)    87          -4.490           2.519         -19.478         -15.857           -5.591
    5 (vir)    87           1.209          -3.390          -5.976         -11.245            3.088
    6 (vir)    87           6.617          -4.204          -6.617         -12.970            8.766
    7 (vir)    87          10.196          -3.494          -3.251          -8.619           12.070
    8 (vir)    87          12.483          -3.242          -3.049          -8.669           14.861
    9 (vir)    87          12.600          -2.809          -0.917          -5.560           14.434
   10 (vir)    87          17.523          -5.384          -4.266         -11.690           19.563
   11 (vir)    87          17.703          -7.254          -5.896         -15.848           20.401
   12 (vir)    87          21.729          -6.524          -4.378         -13.361           24.188
   13 (vir)    87          23.926          -6.499          -4.072         -12.547           25.901
   14 (vir)    87          27.664          -7.167          -4.692         -14.040           29.846
   15 (vir)    87          31.574          -2.440          -2.397         -10.485           37.223
   16 (vir)    87          35.839          -1.808          -2.108         -10.553           42.476
   17 (vir)    87          36.731          -3.112          -3.955         -13.766           43.430
   18 (vir)    87          37.036          -0.397          -0.617          -8.193           44.215
   19 (vir)    87          45.777          -0.944          -3.477         -13.836           55.193
   20 (vir)    87          49.864          -2.334          -3.855         -14.091           57.767
   21 (vir)    87          59.145           0.062          -3.199         -14.193           70.201
   22 (vir)    87          59.684           1.815          -3.375         -16.004           74.129
   23 (vir)    87          70.374          -3.068          -2.561         -15.487           80.233
   24 (vir)    87          82.123          -3.217          -3.115         -16.475           92.265
   25 (vir)    87         115.659          -0.031          -1.687         -13.195          127.136
   26 (vir)    87         240.679          -2.100          -1.191         -17.976          255.364
 
 
  kpoint:      88             coordinate:     0.0748    0.4626    0.0000
 
    n           k   ϵ_nk^DFT (eV)     Σ^c_nk (eV)     Σ^x_nk (eV)    v_nk^xc (eV)   ϵ_nk^G0W0 (eV)
 
    1 (occ)    88         -18.274           8.271         -27.120         -17.417          -19.706
    2 (occ)    88         -12.588           5.165         -22.461         -15.472          -14.412
    3 (occ)    88          -8.273           3.783         -22.427         -17.141           -9.777
    4 (occ)    88          -4.504           2.524         -19.473         -15.845           -5.608
    5 (vir)    88           1.208          -3.386          -5.978         -11.241            3.085
    6 (vir)    88           6.536          -4.157          -6.623         -12.957            8.712
    7 (vir)    88          10.189          -3.478          -3.243          -8.605           12.074
    8 (vir)    88          12.477          -3.226          -3.056          -8.669           14.863
    9 (vir)    88          12.596          -2.804          -0.902          -5.529           14.420
   10 (vir)    88          17.705          -5.499          -4.275         -11.796           19.727
   11 (vir)    88          17.756          -7.151          -5.951         -15.988           20.642
   12 (vir)    88          21.827          -5.987          -4.419         -13.405           24.826
   13 (vir)    88          23.692          -6.427          -4.082         -12.467           25.651
   14 (vir)    88          27.884          -7.365          -4.675         -14.053           29.897
   15 (vir)    88          32.072          -2.483          -2.617         -10.866           37.837
   16 (vir)    88          35.738          -1.840          -2.100         -10.532           42.330
   17 (vir)    88          36.470          -1.881          -4.273         -14.187           44.503
   18 (vir)    88          37.764          -0.244           0.149          -7.377           45.046
   19 (vir)    88          45.803          -0.960          -3.474         -13.850           55.219
   20 (vir)    88          49.916          -2.201          -3.809         -14.019           57.926
   21 (vir)    88          59.137           0.060          -3.214         -14.210           70.193
   22 (vir)    88          59.877           2.590          -3.330         -15.976           75.113
   23 (vir)    88          70.676          -2.725          -2.534         -15.472           80.889
   24 (vir)    88          82.026          -4.100          -3.095         -16.474           91.304
   25 (vir)    88         115.517           0.340          -1.691         -13.191          127.356
   26 (vir)    88         240.707          -2.130          -1.115         -17.971          255.432
 
 
  kpoint:      89             coordinate:     0.0680    0.4660    0.0000
 
    n           k   ϵ_nk^DFT (eV)     Σ^c_nk (eV)     Σ^x_nk (eV)    v_nk^xc (eV)   ϵ_nk^G0W0 (eV)
 
    1 (occ)    89         -18.283           8.274         -27.118         -17.412          -19.714
    2 (occ)    89         -12.599           5.168         -22.464         -15.469          -14.426
    3 (occ)    89          -8.220           3.768         -22.434         -17.168           -9.719
    4 (occ)    89          -4.518           2.529         -19.467         -15.834           -5.623
    5 (vir)    89           1.206          -3.382          -5.979         -11.238            3.082
    6 (vir)    89           6.461          -4.144          -6.629         -12.944            8.632
    7 (vir)    89          10.184          -3.465          -3.235          -8.593           12.076
    8 (vir)    89          12.472          -3.215          -3.065          -8.672           14.865
    9 (vir)    89          12.592          -2.798          -0.889          -5.503           14.409
   10 (vir)    89          17.804          -7.103          -6.001         -16.112           20.813
   11 (vir)    89          17.889          -5.619          -4.281         -11.901           19.890
   12 (vir)    89          21.925          -5.796          -4.462         -13.448           25.115
   13 (vir)    89          23.462          -6.344          -4.091         -12.385           25.412
   14 (vir)    89          28.100          -7.435          -4.657         -14.067           30.074
   15 (vir)    89          32.493          -2.555          -2.867         -11.208           38.279
   16 (vir)    89          35.645          -1.868          -2.093         -10.513           42.197
   17 (vir)    89          36.206          -1.086          -4.252         -14.108           44.976
   18 (vir)    89          38.745          -0.401           0.435          -7.179           45.958
   19 (vir)    89          45.826          -0.972          -3.471         -13.863           55.246
   20 (vir)    89          49.984          -2.003          -3.754         -13.913           58.141
   21 (vir)    89          59.130           0.057          -3.227         -14.226           70.186
   22 (vir)    89          60.088          -0.322          -3.282         -15.928           72.412
   23 (vir)    89          70.991          -2.500          -2.520         -15.454           81.425
   24 (vir)    89          81.923          -3.232          -3.076         -16.474           92.090
   25 (vir)    89         115.388           0.756          -1.696         -13.188          127.635
   26 (vir)    89         240.727          -2.156          -1.038         -17.965          255.498
 
 
  kpoint:      90             coordinate:     0.0612    0.4694    0.0000
 
    n           k   ϵ_nk^DFT (eV)     Σ^c_nk (eV)     Σ^x_nk (eV)    v_nk^xc (eV)   ϵ_nk^G0W0 (eV)
 
    1 (occ)    90         -18.291           8.278         -27.117         -17.409          -19.721
    2 (occ)    90         -12.609           5.172         -22.467         -15.466          -14.438
    3 (occ)    90          -8.172           3.755         -22.442         -17.194           -9.665
    4 (occ)    90          -4.530           2.533         -19.463         -15.824           -5.636
    5 (vir)    90           1.204          -3.378          -5.980         -11.234            3.080
    6 (vir)    90           6.393          -4.132          -6.634         -12.931            8.558
    7 (vir)    90          10.179          -3.458          -3.229          -8.582           12.073
    8 (vir)    90          12.470          -3.212          -3.075          -8.679           14.863
    9 (vir)    90          12.588          -2.791          -0.878          -5.481           14.401
   10 (vir)    90          17.846          -7.094          -6.046         -16.221           20.929
   11 (vir)    90          18.072          -5.742          -4.285         -12.005           20.051
   12 (vir)    90          22.023          -5.720          -4.506         -13.487           25.284
   13 (vir)    90          23.235          -6.250          -4.101         -12.300           25.184
   14 (vir)    90          28.312          -7.360          -4.636         -14.079           30.394
   15 (vir)    90          32.828          -2.667          -3.094         -11.485           38.552
   16 (vir)    90          35.562          -1.892          -2.086         -10.496           42.080
   17 (vir)    90          35.950          -0.870          -4.192         -13.975           44.863
   18 (vir)    90          39.982          -0.044           0.420          -7.213           47.572
   19 (vir)    90          45.847          -0.981          -3.468         -13.875           55.273
   20 (vir)    90          50.077          -1.841          -3.686         -13.751           58.300
   21 (vir)    90          59.125           0.054          -3.239         -14.241           70.181
   22 (vir)    90          60.329          -5.552          -3.233         -15.850           67.393
   23 (vir)    90          71.321          -2.362          -2.522         -15.431           81.868
   24 (vir)    90          81.816          -3.105          -3.057         -16.474           92.128
   25 (vir)    90         115.270           1.376          -1.701         -13.187          128.132
   26 (vir)    90         240.738          -2.178          -0.960         -17.959          255.559
 
 
  kpoint:      91             coordinate:     0.0544    0.4728    0.0000
 
    n           k   ϵ_nk^DFT (eV)     Σ^c_nk (eV)     Σ^x_nk (eV)    v_nk^xc (eV)   ϵ_nk^G0W0 (eV)
 
    1 (occ)    91         -18.298           8.281         -27.115         -17.405          -19.728
    2 (occ)    91         -12.618           5.175         -22.469         -15.464          -14.449
    3 (occ)    91          -8.128           3.743         -22.448         -17.217           -9.617
    4 (occ)    91          -4.541           2.537         -19.459         -15.815           -5.648
    5 (vir)    91           1.202          -3.375          -5.981         -11.231            3.077
    6 (vir)    91           6.332          -4.121          -6.638         -12.919            8.492
    7 (vir)    91          10.175          -3.458          -3.223          -8.573           12.066
    8 (vir)    91          12.470          -3.219          -3.085          -8.689           14.855
    9 (vir)    91          12.584          -2.783          -0.869          -5.463           14.395
   10 (vir)    91          17.883          -7.128          -6.084         -16.315           20.986
   11 (vir)    91          18.255          -5.871          -4.286         -12.111           20.208
   12 (vir)    91          22.118          -5.725          -4.546         -13.523           25.370
   13 (vir)    91          23.013          -6.146          -4.110         -12.211           24.968
   14 (vir)    91          28.516          -6.945          -4.614         -14.089           31.047
   15 (vir)    91          33.085          -2.862          -3.284         -11.713           38.652
   16 (vir)    91          35.487          -1.910          -2.080         -10.481           41.978
   17 (vir)    91          35.706          -1.299          -4.106         -13.807           44.108
   18 (vir)    91          41.450           0.818           0.036          -7.511           49.815
   19 (vir)    91          45.865          -0.987          -3.465         -13.886           55.299
   20 (vir)    91          50.211          -1.737          -3.604         -13.494           58.365
   21 (vir)    91          59.121           0.052          -3.251         -14.254           70.176
   22 (vir)    91          60.618          -7.256          -3.190         -15.723           65.896
   23 (vir)    91          71.673          -2.305          -2.550         -15.398           82.216
   24 (vir)    91          81.707          -3.099          -3.039         -16.475           92.043
   25 (vir)    91         115.163           1.754          -1.706         -13.188          128.399
   26 (vir)    91         240.739          -2.194          -0.885         -17.952          255.612
 
 
  kpoint:      92             coordinate:     0.0476    0.4762    0.0000
 
    n           k   ϵ_nk^DFT (eV)     Σ^c_nk (eV)     Σ^x_nk (eV)    v_nk^xc (eV)   ϵ_nk^G0W0 (eV)
 
    1 (occ)    92         -18.305           8.283         -27.114         -17.402          -19.733
    2 (occ)    92         -12.626           5.178         -22.471         -15.462          -14.458
    3 (occ)    92          -8.089           3.732         -22.455         -17.238           -9.574
    4 (occ)    92          -4.551           2.540         -19.455         -15.807           -5.659
    5 (vir)    92           1.200          -3.371          -5.982         -11.228            3.075
    6 (vir)    92           6.278          -4.110          -6.641         -12.907            8.434
    7 (vir)    92          10.173          -3.466          -3.218          -8.565           12.053
    8 (vir)    92          12.471          -3.237          -3.094          -8.702           14.841
    9 (vir)    92          12.581          -2.775          -0.862          -5.447           14.391
   10 (vir)    92          17.915          -7.205          -6.117         -16.394           20.987
   11 (vir)    92          18.434          -6.004          -4.286         -12.217           20.361
   12 (vir)    92          22.208          -5.803          -4.577         -13.554           25.381
   13 (vir)    92          22.800          -6.030          -4.120         -12.117           24.768
   14 (vir)    92          28.711          -6.432          -4.589         -14.098           31.788
   15 (vir)    92          33.279          -3.159          -3.450         -11.928           38.598
   16 (vir)    92          35.422          -1.923          -2.075         -10.467           41.891
   17 (vir)    92          35.475          -2.193          -3.991         -13.599           42.891
   18 (vir)    92          43.073           0.092          -0.735          -8.145           50.575
   19 (vir)    92          45.882          -0.989          -3.463         -13.895           55.325
   20 (vir)    92          50.418          -1.719          -3.509         -13.072           58.262
   21 (vir)    92          59.118           0.049          -3.260         -14.265           70.172
   22 (vir)    92          60.981          -7.120          -3.169         -15.522           66.213
   23 (vir)    92          72.058          -2.375          -2.618         -15.348           82.413
   24 (vir)    92          81.598          -3.189          -3.023         -16.475           91.861
   25 (vir)    92         115.065          -0.145          -1.709         -13.191          126.402
   26 (vir)    92         240.729          -2.206          -0.815         -17.945          255.655
 
 
  kpoint:      93             coordinate:     0.0408    0.4796    0.0000
 
    n           k   ϵ_nk^DFT (eV)     Σ^c_nk (eV)     Σ^x_nk (eV)    v_nk^xc (eV)   ϵ_nk^G0W0 (eV)
 
    1 (occ)    93         -18.310           8.286         -27.113         -17.400          -19.738
    2 (occ)    93         -12.633           5.180         -22.473         -15.460          -14.466
    3 (occ)    93          -8.055           3.723         -22.460         -17.256           -9.536
    4 (occ)    93          -4.559           2.543         -19.452         -15.800           -5.669
    5 (vir)    93           1.199          -3.369          -5.983         -11.226            3.073
    6 (vir)    93           6.231          -4.101          -6.643         -12.897            8.384
    7 (vir)    93          10.171          -3.481          -3.213          -8.558           12.035
    8 (vir)    93          12.474          -3.265          -3.103          -8.715           14.820
    9 (vir)    93          12.578          -2.767          -0.856          -5.434           14.388
   10 (vir)    93          17.942          -7.325          -6.143         -16.460           20.933
   11 (vir)    93          18.607          -6.141          -4.285         -12.326           20.507
   12 (vir)    93          22.292          -5.953          -4.598         -13.580           25.321
   13 (vir)    93          22.597          -5.902          -4.128         -12.020           24.587
   14 (vir)    93          28.892          -6.058          -4.562         -14.104           32.376
   15 (vir)    93          33.425          -3.583          -3.618         -12.165           38.387
   16 (vir)    93          35.261          -3.218          -3.840         -13.345           41.548
   17 (vir)    93          35.365          -1.931          -2.071         -10.456           41.820
   18 (vir)    93          44.713          -0.527          -1.814          -9.233           51.606
   19 (vir)    93          45.896          -0.988          -3.461         -13.903           55.351
   20 (vir)    93          50.753          -1.920          -3.431         -12.390           57.791
   21 (vir)    93          59.116           0.047          -3.269         -14.275           70.168
   22 (vir)    93          61.451          -5.484          -3.202         -15.207           67.972
   23 (vir)    93          72.490          -2.880          -2.752         -15.269           82.127
   24 (vir)    93          81.493          -3.427          -3.008         -16.476           91.534
   25 (vir)    93         114.972           0.454          -1.711         -13.198          126.914
   26 (vir)    93         240.709          -2.211          -0.750         -17.938          255.686
 
 
  kpoint:      94             coordinate:     0.0340    0.4830    0.0000
 
    n           k   ϵ_nk^DFT (eV)     Σ^c_nk (eV)     Σ^x_nk (eV)    v_nk^xc (eV)   ϵ_nk^G0W0 (eV)
 
    1 (occ)    94         -18.315           8.289         -27.112         -17.397          -19.741
    2 (occ)    94         -12.639           5.183         -22.475         -15.458          -14.472
    3 (occ)    94          -8.025           3.715         -22.465         -17.272           -9.504
    4 (occ)    94          -4.567           2.546         -19.450         -15.794           -5.677
    5 (vir)    94           1.197          -3.367          -5.983         -11.223            3.071
    6 (vir)    94           6.191          -4.093          -6.644         -12.888            8.341
    7 (vir)    94          10.170          -3.474          -3.209          -8.553           12.040
    8 (vir)    94          12.477          -3.233          -3.110          -8.729           14.862
    9 (vir)    94          12.575          -2.760          -0.852          -5.423           14.386
   10 (vir)    94          17.963          -7.483          -6.164         -16.513           20.830
   11 (vir)    94          18.771          -6.279          -4.283         -12.436           20.644
   12 (vir)    94          22.367          -6.196          -4.608         -13.601           25.164
   13 (vir)    94          22.408          -5.761          -4.137         -11.919           24.429
   14 (vir)    94          29.056          -5.849          -4.535         -14.107           32.780
   15 (vir)    94          33.534          -4.184          -3.811         -12.447           37.986
   16 (vir)    94          35.067          -4.104          -3.647         -13.037           40.353
   17 (vir)    94          35.318          -1.935          -2.067         -10.446           41.762
   18 (vir)    94          45.908          -0.985          -3.459         -13.910           55.374
   19 (vir)    94          46.154          -0.765          -2.951         -10.803           53.241
   20 (vir)    94          51.291          -4.502          -3.482         -11.455           54.761
   21 (vir)    94          59.114           0.046          -3.277         -14.283           70.166
   22 (vir)    94          62.061           0.620          -3.344         -14.747           74.084
   23 (vir)    94          72.989          -0.083          -2.996         -15.141           85.052
   24 (vir)    94          81.395           0.790          -2.995         -16.476           95.666
   25 (vir)    94         114.885           0.492          -1.711         -13.209          126.875
   26 (vir)    94         240.680          -2.212          -0.694         -17.931          255.704
 
 
  kpoint:      95             coordinate:     0.0272    0.4864    0.0000
 
    n           k   ϵ_nk^DFT (eV)     Σ^c_nk (eV)     Σ^x_nk (eV)    v_nk^xc (eV)   ϵ_nk^G0W0 (eV)
 
    1 (occ)    95         -18.319           8.291         -27.112         -17.396          -19.744
    2 (occ)    95         -12.643           5.185         -22.476         -15.457          -14.477
    3 (occ)    95          -8.001           3.708         -22.469         -17.285           -9.477
    4 (occ)    95          -4.573           2.548         -19.448         -15.789           -5.683
    5 (vir)    95           1.196          -3.365          -5.984         -11.222            3.069
    6 (vir)    95           6.158          -4.086          -6.645         -12.880            8.307
    7 (vir)    95          10.169          -3.516          -3.204          -8.549           11.997
    8 (vir)    95          12.480          -3.286          -3.116          -8.742           14.821
    9 (vir)    95          12.572          -2.755          -0.848          -5.415           14.385
   10 (vir)    95          17.981          -7.673          -6.180         -16.555           20.682
   11 (vir)    95          18.920          -6.416          -4.280         -12.545           20.769
   12 (vir)    95          22.239          -5.611          -4.144         -11.816           24.300
   13 (vir)    95          22.432          -6.636          -4.609         -13.617           24.804
   14 (vir)    95          29.200          -5.740          -4.508         -14.108           33.060
   15 (vir)    95          33.616          -5.205          -4.041         -12.788           37.158
   16 (vir)    95          34.898          -4.810          -3.409         -12.670           39.349
   17 (vir)    95          35.279          -1.935          -2.064         -10.438           41.718
   18 (vir)    95          45.918          -0.981          -3.457         -13.916           55.396
   19 (vir)    95          47.198          -0.698          -3.763         -12.433           55.169
   20 (vir)    95          52.053          -0.604          -3.816         -10.681           58.315
   21 (vir)    95          59.113           0.044          -3.283         -14.290           70.165
   22 (vir)    95          62.819          -0.955          -3.646         -14.158           72.375
   23 (vir)    95          73.575          -0.949          -3.409         -14.936           84.153
   24 (vir)    95          81.306           4.956          -2.985         -16.476           99.753
   25 (vir)    95         114.802           0.133          -1.710         -13.224          126.448
   26 (vir)    95         240.642          -2.208          -0.647         -17.923          255.711
 
 
  kpoint:      96             coordinate:     0.0204    0.4898    0.0000
 
    n           k   ϵ_nk^DFT (eV)     Σ^c_nk (eV)     Σ^x_nk (eV)    v_nk^xc (eV)   ϵ_nk^G0W0 (eV)
 
    1 (occ)    96         -18.322           8.292         -27.111         -17.394          -19.746
    2 (occ)    96         -12.647           5.187         -22.477         -15.456          -14.481
    3 (occ)    96          -7.982           3.703         -22.473         -17.296           -9.456
    4 (occ)    96          -4.577           2.549         -19.446         -15.786           -5.688
    5 (vir)    96           1.195          -3.363          -5.984         -11.220            3.068
    6 (vir)    96           6.132          -4.080          -6.645         -12.874            8.281
    7 (vir)    96          10.168          -3.530          -3.201          -8.546           11.983
    8 (vir)    96          12.484          -3.306          -3.120          -8.754           14.812
    9 (vir)    96          12.570          -2.750          -0.845          -5.409           14.384
   10 (vir)    96          17.994          -7.771          -6.191         -16.586           20.617
   11 (vir)    96          19.048          -6.544          -4.277         -12.648           20.875
   12 (vir)    96          22.095          -5.458          -4.151         -11.718           24.205
   13 (vir)    96          22.484          -7.151          -4.603         -13.629           24.360
   14 (vir)    96          29.318          -5.681          -4.482         -14.106           33.261
   15 (vir)    96          33.677          -7.331          -4.309         -13.180           35.217
   16 (vir)    96          34.758          -5.423          -3.132         -12.257           38.461
   17 (vir)    96          35.248          -1.934          -2.061         -10.432           41.685
   18 (vir)    96          45.925          -0.976          -3.456         -13.920           55.414
   19 (vir)    96          47.824          -0.173          -4.129         -13.540           57.061
   20 (vir)    96          52.893          -1.467          -4.329         -10.535           57.632
   21 (vir)    96          59.112           0.044          -3.288         -14.295           70.164
   22 (vir)    96          63.661          -1.505          -4.083         -13.562           71.634
   23 (vir)    96          74.243          -1.526          -4.038         -14.640           83.319
   24 (vir)    96          81.231           3.580          -2.976         -16.476           98.310
   25 (vir)    96         114.724          -0.221          -1.706         -13.241          126.038
   26 (vir)    96         240.602          -2.201          -0.609         -17.917          255.708
 
 
  kpoint:      97             coordinate:     0.0136    0.4932    0.0000
 
    n           k   ϵ_nk^DFT (eV)     Σ^c_nk (eV)     Σ^x_nk (eV)    v_nk^xc (eV)   ϵ_nk^G0W0 (eV)
 
    1 (occ)    97         -18.324           8.294         -27.111         -17.393          -19.748
    2 (occ)    97         -12.650           5.189         -22.478         -15.455          -14.483
    3 (occ)    97          -7.969           3.700         -22.475         -17.303           -9.441
    4 (occ)    97          -4.581           2.551         -19.445         -15.783           -5.692
    5 (vir)    97           1.195          -3.362          -5.984         -11.219            3.067
    6 (vir)    97           6.114          -4.076          -6.645         -12.869            8.262
    7 (vir)    97          10.168          -3.538          -3.198          -8.544           11.976
    8 (vir)    97          12.487          -3.316          -3.122          -8.762           14.811
    9 (vir)    97          12.569          -2.747          -0.843          -5.404           14.383
   10 (vir)    97          18.003          -7.837          -6.199         -16.608           20.575
   11 (vir)    97          19.147          -6.652          -4.275         -12.737           20.957
   12 (vir)    97          21.983          -5.317          -4.156         -11.633           24.144
   13 (vir)    97          22.522          -6.959          -4.594         -13.637           24.606
   14 (vir)    97          29.406          -5.648          -4.462         -14.104           33.401
   15 (vir)    97          33.720          -2.395          -4.587         -13.581           40.319
   16 (vir)    97          34.652          -5.999          -2.847         -11.842           37.648
   17 (vir)    97          35.227          -1.932          -2.060         -10.428           41.663
   18 (vir)    97          45.931          -0.972          -3.455         -13.923           55.428
   19 (vir)    97          48.161           1.837          -4.243         -14.097           59.851
   20 (vir)    97          53.591          -1.827          -4.742         -10.829           57.850
   21 (vir)    97          59.112           0.043          -3.291         -14.299           70.163
   22 (vir)    97          64.438          -1.769          -4.512         -13.120           71.277
   23 (vir)    97          74.925          -1.909          -4.822         -14.289           82.483
   24 (vir)    97          81.172           1.511          -2.968         -16.476           96.190
   25 (vir)    97         114.659          -0.446          -1.701         -13.258          125.770
   26 (vir)    97         240.564          -2.193          -0.582         -17.911          255.701
 
 
  kpoint:      98             coordinate:     0.0068    0.4966    0.0000
 
    n           k   ϵ_nk^DFT (eV)     Σ^c_nk (eV)     Σ^x_nk (eV)    v_nk^xc (eV)   ϵ_nk^G0W0 (eV)
 
    1 (occ)    98         -18.325           8.294         -27.111         -17.393          -19.749
    2 (occ)    98         -12.651           5.190         -22.478         -15.455          -14.485
    3 (occ)    98          -7.961           3.698         -22.477         -17.307           -9.432
    4 (occ)    98          -4.583           2.551         -19.444         -15.782           -5.694
    5 (vir)    98           1.194          -3.362          -5.984         -11.219            3.067
    6 (vir)    98           6.103          -4.073          -6.645         -12.866            8.251
    7 (vir)    98          10.168          -3.540          -3.196          -8.542           11.974
    8 (vir)    98          12.488          -3.321          -3.123          -8.768           14.813
    9 (vir)    98          12.568          -2.745          -0.842          -5.402           14.382
   10 (vir)    98          18.008          -7.858          -6.204         -16.620           20.567
   11 (vir)    98          19.212          -6.727          -4.273         -12.798           21.010
   12 (vir)    98          21.912          -5.216          -4.159         -11.574           24.112
   13 (vir)    98          22.546          -6.792          -4.588         -13.642           24.809
   14 (vir)    98          29.461          -5.631          -4.448         -14.102           33.484
   15 (vir)    98          33.746          -2.942          -4.812         -13.901           39.892
   16 (vir)    98          34.586          -6.478          -2.618         -11.514           37.004
   17 (vir)    98          35.214          -1.930          -2.059         -10.425           41.651
   18 (vir)    98          45.934          -0.969          -3.454         -13.925           55.436
   19 (vir)    98          48.324          -0.047          -4.270         -14.336           58.343
   20 (vir)    98          54.025          -1.996          -4.961         -11.152           58.219
   21 (vir)    98          59.112           0.043          -3.293         -14.301           70.163
   22 (vir)    98          64.980          -1.906          -4.790         -12.893           71.177
   23 (vir)    98          75.463          -2.195          -5.519         -13.993           81.742
   24 (vir)    98          81.133           0.725          -2.961         -16.476           95.373
   25 (vir)    98         114.614          -0.563          -1.695         -13.271          125.627
   26 (vir)    98         240.538          -2.186          -0.565         -17.907          255.693
 
 
  kpoint:      99             coordinate:     0.0000    0.5000    0.0000
 
    n           k   ϵ_nk^DFT (eV)     Σ^c_nk (eV)     Σ^x_nk (eV)    v_nk^xc (eV)   ϵ_nk^G0W0 (eV)
 
    1 (occ)    99         -18.326           8.295         -27.111         -17.393          -19.749
    2 (occ)    99         -12.652           5.190         -22.478         -15.455          -14.485
    3 (occ)    99          -7.958           3.697         -22.477         -17.309           -9.429
    4 (occ)    99          -4.583           2.551         -19.444         -15.781           -5.695
    5 (vir)    99           1.194          -3.361          -5.985         -11.218            3.067
    6 (vir)    99           6.099          -4.072          -6.645         -12.865            8.248
    7 (vir)    99          10.168          -3.540          -3.195          -8.542           11.974
    8 (vir)    99          12.489          -3.322          -3.123          -8.770           14.814
    9 (vir)    99          12.568          -2.745          -0.842          -5.401           14.382
   10 (vir)    99          18.010          -7.861          -6.205         -16.625           20.568
   11 (vir)    99          19.234          -6.754          -4.273         -12.821           21.028
   12 (vir)    99          21.888          -5.178          -4.160         -11.552           24.102
   13 (vir)    99          22.554          -6.744          -4.585         -13.643           24.868
   14 (vir)    99          29.480          -5.626          -4.443         -14.102           33.512
   15 (vir)    99          33.754          -3.051          -4.900         -14.026           39.829
   16 (vir)    99          34.563          -6.675          -2.528         -11.386           36.746
   17 (vir)    99          35.209          -1.929          -2.058         -10.425           41.646
   18 (vir)    99          45.935          -0.968          -3.454         -13.926           55.439
   19 (vir)    99          48.372          -2.821          -4.274         -14.401           55.679
   20 (vir)    99          54.170          -2.046          -5.026         -11.278           58.377
   21 (vir)    99          59.112           0.043          -3.294         -14.302           70.163
   22 (vir)    99          65.172          -1.948          -4.879         -12.831           71.175
   23 (vir)    99          75.671          -2.307          -5.802         -13.876           81.439
   24 (vir)    99          81.119           0.524          -2.958         -16.477           95.162
   25 (vir)    99         114.597          -0.598          -1.692         -13.276          125.583
   26 (vir)    99         240.528          -2.184          -0.559         -17.906          255.691
 
 
  kpoint:     100             coordinate:     0.0000    0.4898    0.0000
 
    n           k   ϵ_nk^DFT (eV)     Σ^c_nk (eV)     Σ^x_nk (eV)    v_nk^xc (eV)   ϵ_nk^G0W0 (eV)
 
    1 (occ)   100         -18.332           8.296         -27.108         -17.388          -19.755
    2 (occ)   100         -12.642           5.189         -22.480         -15.460          -14.474
    3 (occ)   100          -7.956           3.696         -22.477         -17.309           -9.427
    4 (occ)   100          -4.593           2.553         -19.432         -15.766           -5.706
    5 (vir)   100           1.208          -3.364          -5.997         -11.235            3.081
    6 (vir)   100           6.098          -4.069          -6.641         -12.859            8.247
    7 (vir)   100          10.150          -3.530          -3.205          -8.546           11.961
    8 (vir)   100          12.495          -2.741          -0.867          -5.434           14.320
    9 (vir)   100          12.506          -3.326          -3.129          -8.783           14.834
   10 (vir)   100          17.995          -7.834          -6.204         -16.620           20.577
   11 (vir)   100          19.283          -6.744          -4.241         -12.776           21.074
   12 (vir)   100          21.891          -5.179          -4.159         -11.553           24.106
   13 (vir)   100          22.546          -6.902          -4.587         -13.623           24.680
   14 (vir)   100          29.493          -5.971          -4.443         -14.110           33.189
   15 (vir)   100          33.772          -2.974          -4.894         -14.031           39.935
   16 (vir)   100          34.556          -5.577          -2.548         -11.383           37.814
   17 (vir)   100          35.339          -1.935          -2.087         -10.505           41.823
   18 (vir)   100          45.986          -0.956          -3.444         -13.899           55.485
   19 (vir)   100          48.394          -2.614          -4.261         -14.402           55.920
   20 (vir)   100          54.203          -1.865          -4.497         -11.302           59.142
   21 (vir)   100          59.085           0.041          -3.294         -14.300           70.133
   22 (vir)   100          65.192          -1.795          -4.432         -12.824           71.789
   23 (vir)   100          75.691          -2.090          -5.207         -13.862           82.257
   24 (vir)   100          81.104           1.341          -3.002         -16.477           95.920
   25 (vir)   100         114.587          -0.390          -1.726         -13.274          125.745
   26 (vir)   100         240.536          -2.167          -0.755         -17.906          255.520
 
 
  kpoint:     101             coordinate:     0.0000    0.4796    0.0000
 
    n           k   ϵ_nk^DFT (eV)     Σ^c_nk (eV)     Σ^x_nk (eV)    v_nk^xc (eV)   ϵ_nk^G0W0 (eV)
 
    1 (occ)   101         -18.349           8.301         -27.099         -17.375          -19.773
    2 (occ)   101         -12.614           5.188         -22.487         -15.476          -14.438
    3 (occ)   101          -7.949           3.694         -22.476         -17.311           -9.420
    4 (occ)   101          -4.623           2.556         -19.395         -15.723           -5.739
    5 (vir)   101           1.248          -3.372          -6.034         -11.282            3.124
    6 (vir)   101           6.095          -4.077          -6.630         -12.842            8.230
    7 (vir)   101          10.096          -3.485          -3.232          -8.561           11.940
    8 (vir)   101          12.291          -2.729          -0.933          -5.517           14.145
    9 (vir)   101          12.554          -3.329          -3.144          -8.821           14.901
   10 (vir)   101          17.948          -7.738          -6.202         -16.606           20.614
   11 (vir)   101          19.419          -6.717          -4.160         -12.658           21.200
   12 (vir)   101          21.903          -5.180          -4.158         -11.553           24.117
   13 (vir)   101          22.522          -6.967          -4.589         -13.563           24.530
   14 (vir)   101          29.531          -7.730          -4.439         -14.132           31.495
   15 (vir)   101          33.825          -3.540          -4.877         -14.045           39.453
   16 (vir)   101          34.536          -6.044          -2.599         -11.375           37.269
   17 (vir)   101          35.713          -1.957          -2.170         -10.742           42.328
   18 (vir)   101          46.140          -0.923          -3.414         -13.821           55.625
   19 (vir)   101          48.457          -0.969          -4.230         -14.402           57.661
   20 (vir)   101          54.301          -1.404          -3.116         -11.372           61.153
   21 (vir)   101          59.006           0.037          -3.295         -14.295           70.043
   22 (vir)   101          65.255          -1.403          -3.237         -12.802           73.417
   23 (vir)   101          75.753          -1.533          -3.585         -13.820           84.456
   24 (vir)   101          81.060           2.829          -3.116         -16.478           97.250
   25 (vir)   101         114.555           0.494          -1.810         -13.270          126.509
   26 (vir)   101         240.559           1.303          -1.250         -17.907          258.519
 
 
  kpoint:     102             coordinate:     0.0000    0.4694    0.0000
 
    n           k   ϵ_nk^DFT (eV)     Σ^c_nk (eV)     Σ^x_nk (eV)    v_nk^xc (eV)   ϵ_nk^G0W0 (eV)
 
    1 (occ)   102         -18.378           8.308         -27.086         -17.353          -19.803
    2 (occ)   102         -12.568           5.202         -22.497         -15.501          -14.362
    3 (occ)   102          -7.939           3.691         -22.474         -17.313           -9.408
    4 (occ)   102          -4.671           2.563         -19.339         -15.655           -5.793
    5 (vir)   102           1.313          -3.386          -6.090         -11.358            3.194
    6 (vir)   102           6.089          -4.058          -6.610         -12.812            8.234
    7 (vir)   102          10.012          -3.428          -3.272          -8.586           11.898
    8 (vir)   102          11.991          -2.713          -1.016          -5.615           13.877
    9 (vir)   102          12.629          -3.333          -3.172          -8.884           15.008
   10 (vir)   102          17.871          -7.601          -6.202         -16.584           20.652
   11 (vir)   102          19.610          -6.681          -4.054         -12.507           21.383
   12 (vir)   102          21.921          -5.182          -4.157         -11.554           24.137
   13 (vir)   102          22.485          -6.373          -4.583         -13.465           24.994
   14 (vir)   102          29.592          -7.351          -4.431         -14.166           31.975
   15 (vir)   102          33.912          -6.904          -4.854         -14.069           36.223
   16 (vir)   102          34.505          -4.499          -2.659         -11.364           38.711
   17 (vir)   102          36.281          -2.005          -2.303         -11.119           43.092
   18 (vir)   102          46.404          -0.875          -3.364         -13.695           55.861
   19 (vir)   102          48.561          -3.595          -4.191         -14.403           55.178
   20 (vir)   102          54.461          -1.448          -1.406         -11.490           63.096
   21 (vir)   102          58.874           0.030          -3.297         -14.287           69.895
   22 (vir)   102          65.360          -1.796          -1.692         -12.768           74.639
   23 (vir)   102          75.859          -1.008          -1.388         -13.748           87.211
   24 (vir)   102          80.985          -2.944          -3.248         -16.479           91.273
   25 (vir)   102         114.503          -1.478          -1.906         -13.263          124.383
   26 (vir)   102         240.597          -2.552          -1.813         -17.908          254.139
 
 
  kpoint:     103             coordinate:     0.0000    0.4592    0.0000
 
    n           k   ϵ_nk^DFT (eV)     Σ^c_nk (eV)     Σ^x_nk (eV)    v_nk^xc (eV)   ϵ_nk^G0W0 (eV)
 
    1 (occ)   103         -18.418           8.317         -27.069         -17.324          -19.845
    2 (occ)   103         -12.504           5.145         -22.510         -15.536          -14.334
    3 (occ)   103          -7.923           3.687         -22.472         -17.317           -9.392
    4 (occ)   103          -4.737           2.573         -19.268         -15.566           -5.866
    5 (vir)   103           1.402          -3.406          -6.162         -11.455            3.289
    6 (vir)   103           6.080          -4.047          -6.580         -12.770            8.223
    7 (vir)   103           9.904          -3.391          -3.322          -8.622           11.813
    8 (vir)   103          11.636          -2.682          -1.097          -5.705           13.561
    9 (vir)   103          12.725          -3.340          -3.210          -8.972           15.147
   10 (vir)   103          17.764          -7.606          -6.208         -16.554           20.504
   11 (vir)   103          19.827          -6.643          -3.944         -12.353           21.594
   12 (vir)   103          21.947          -5.185          -4.154         -11.556           24.164
   13 (vir)   103          22.437          -6.075          -4.559         -13.330           25.134
   14 (vir)   103          29.670          -6.802          -4.415         -14.205           32.658
   15 (vir)   103          34.032          -6.813          -4.830         -14.102           36.490
   16 (vir)   103          34.467          -4.277          -2.706         -11.352           38.837
   17 (vir)   103          36.971          -2.078          -2.476         -11.605           44.022
   18 (vir)   103          46.787          -0.822          -3.298         -13.534           56.200
   19 (vir)   103          48.702          -3.323          -4.158         -14.404           55.625
   20 (vir)   103          54.682          -0.875          -0.004         -11.654           65.457
   21 (vir)   103          58.692           0.022          -3.299         -14.275           69.691
   22 (vir)   103          65.510          -0.861          -0.317         -12.724           77.056
   23 (vir)   103          76.013          -0.563           0.751         -13.643           89.844
   24 (vir)   103          80.882          -2.896          -3.337         -16.481           91.129
   25 (vir)   103         114.432          -1.775          -1.968         -13.254          123.943
   26 (vir)   103         240.647          -2.638          -2.184         -17.910          253.734
 
 
  kpoint:     104             coordinate:     0.0000    0.4490    0.0000
 
    n           k   ϵ_nk^DFT (eV)     Σ^c_nk (eV)     Σ^x_nk (eV)    v_nk^xc (eV)   ϵ_nk^G0W0 (eV)
 
    1 (occ)   104         -18.468           8.329         -27.048         -17.289          -19.898
    2 (occ)   104         -12.424           5.143         -22.525         -15.578          -14.228
    3 (occ)   104          -7.904           3.681         -22.470         -17.321           -9.371
    4 (occ)   104          -4.818           2.587         -19.187         -15.463           -5.956
    5 (vir)   104           1.512          -3.432          -6.243         -11.569            3.406
    6 (vir)   104           6.069          -4.036          -6.540         -12.714            8.207
    7 (vir)   104           9.776          -3.381          -3.381          -8.672           11.687
    8 (vir)   104          11.259          -2.584          -1.168          -5.775           13.282
    9 (vir)   104          12.834          -3.380          -3.259          -9.086           15.281
   10 (vir)   104          17.631          -7.456          -6.222         -16.516           20.469
   11 (vir)   104          20.047          -6.606          -3.844         -12.214           21.811
   12 (vir)   104          21.981          -5.188          -4.151         -11.558           24.199
   13 (vir)   104          22.382          -6.040          -4.506         -13.162           24.998
   14 (vir)   104          29.760          -6.712          -4.387         -14.241           32.902
   15 (vir)   104          34.183          -6.952          -4.810         -14.142           36.563
   16 (vir)   104          34.428          -5.075          -2.730         -11.346           37.969
   17 (vir)   104          37.702          -2.166          -2.674         -12.155           45.016
   18 (vir)   104          47.290          -0.770          -3.221         -13.359           56.658
   19 (vir)   104          48.876          -3.620          -4.139         -14.404           55.522
   20 (vir)   104          54.959          -1.006           0.603         -11.865           66.421
   21 (vir)   104          58.459           0.013          -3.301         -14.261           69.432
   22 (vir)   104          65.704          -1.016           0.422         -12.678           77.788
   23 (vir)   104          76.223          -0.964           2.180         -13.499           90.938
   24 (vir)   104          80.749          -2.893          -3.346         -16.482           90.993
   25 (vir)   104         114.344          -1.750          -1.970         -13.241          123.865
   26 (vir)   104         240.706          -3.157          -2.191         -17.912          253.270
 
 
  kpoint:     105             coordinate:     0.0000    0.4388    0.0000
 
    n           k   ϵ_nk^DFT (eV)     Σ^c_nk (eV)     Σ^x_nk (eV)    v_nk^xc (eV)   ϵ_nk^G0W0 (eV)
 
    1 (occ)   105         -18.527           8.344         -27.025         -17.249          -19.960
    2 (occ)   105         -12.328           5.111         -22.541         -15.627          -14.131
    3 (occ)   105          -7.881           3.674         -22.467         -17.327           -9.347
    4 (occ)   105          -4.913           2.606         -19.102         -15.349           -6.061
    5 (vir)   105           1.640          -3.462          -6.328         -11.692            3.542
    6 (vir)   105           6.055          -4.027          -6.488         -12.643            8.182
    7 (vir)   105           9.636          -3.381          -3.449          -8.737           11.543
    8 (vir)   105          10.882          -2.579          -1.225          -5.827           12.904
    9 (vir)   105          12.951          -3.482          -3.318          -9.227           15.378
   10 (vir)   105          17.471          -7.442          -6.246         -16.473           20.256
   11 (vir)   105          20.258          -6.573          -3.757         -12.096           22.023
   12 (vir)   105          22.022          -5.192          -4.148         -11.561           24.243
   13 (vir)   105          22.324          -6.495          -4.419         -12.961           24.372
   14 (vir)   105          29.855          -7.069          -4.342         -14.264           32.708
   15 (vir)   105          34.364          -7.480          -4.795         -14.187           36.276
   16 (vir)   105          34.393          -2.135          -2.737         -11.353           40.874
   17 (vir)   105          38.401          -2.248          -2.879         -12.711           45.984
   18 (vir)   105          47.903          -0.716          -3.148         -13.207           57.247
   19 (vir)   105          49.080          -6.436          -4.130         -14.403           52.916
   20 (vir)   105          55.287          -1.405           0.262         -12.120           66.263
   21 (vir)   105          58.180           0.003          -3.305         -14.243           69.121
   22 (vir)   105          65.946          -1.259           0.281         -12.636           77.604
   23 (vir)   105          76.498          -0.901           2.401         -13.312           91.311
   24 (vir)   105          80.588          -2.845          -3.273         -16.485           90.954
   25 (vir)   105         114.239          -1.533          -1.909         -13.226          124.024
   26 (vir)   105         240.770          -2.288          -1.834         -17.914          254.562
 
 
  kpoint:     106             coordinate:     0.0000    0.4286    0.0000
 
    n           k   ϵ_nk^DFT (eV)     Σ^c_nk (eV)     Σ^x_nk (eV)    v_nk^xc (eV)   ϵ_nk^G0W0 (eV)
 
    1 (occ)   106         -18.594           8.362         -27.001         -17.204          -20.028
    2 (occ)   106         -12.217           5.072         -22.557         -15.682          -14.020
    3 (occ)   106          -7.853           3.665         -22.463         -17.333           -9.317
    4 (occ)   106          -5.020           2.629         -19.017         -15.230           -6.178
    5 (vir)   106           1.785          -3.498          -6.412         -11.820            3.694
    6 (vir)   106           6.038          -4.004          -6.424         -12.555            8.164
    7 (vir)   106           9.486          -3.382          -3.529          -8.818           11.393
    8 (vir)   106          10.520          -2.799          -1.271          -5.864           12.314
    9 (vir)   106          13.071          -3.689          -3.387          -9.394           15.389
   10 (vir)   106          17.287          -7.427          -6.278         -16.425           20.007
   11 (vir)   106          20.455          -6.545          -3.686         -12.000           22.224
   12 (vir)   106          22.071          -5.196          -4.143         -11.564           24.295
   13 (vir)   106          22.268          -6.073          -4.298         -12.731           24.628
   14 (vir)   106          29.944          -7.285          -4.274         -14.263           32.649
   15 (vir)   106          34.371          -6.232          -2.746         -11.375           36.769
   16 (vir)   106          34.572          -2.789          -4.787         -14.242           41.238
   17 (vir)   106          39.016          -2.306          -3.072         -13.219           46.858
   18 (vir)   106          48.595          -0.658          -3.089         -13.109           57.958
   19 (vir)   106          49.307          -1.784          -4.121         -14.399           57.801
   20 (vir)   106          55.658          -1.882          -0.801         -12.415           65.389
   21 (vir)   106          57.855          -0.007          -3.309         -14.223           68.762
   22 (vir)   106          66.234          -1.765          -0.661         -12.610           76.418
   23 (vir)   106          76.853          -1.998           1.242         -13.075           89.171
   24 (vir)   106          80.399           1.388          -3.156         -16.487           95.118
   25 (vir)   106         114.119           0.602          -1.813         -13.209          126.117
   26 (vir)   106         240.836          -2.356          -1.283         -17.917          255.115
 
 
  kpoint:     107             coordinate:     0.0000    0.4184    0.0000
 
    n           k   ϵ_nk^DFT (eV)     Σ^c_nk (eV)     Σ^x_nk (eV)    v_nk^xc (eV)   ϵ_nk^G0W0 (eV)
 
    1 (occ)   107         -18.668           8.386         -26.977         -17.157          -20.102
    2 (occ)   107         -12.092           5.034         -22.573         -15.741          -13.890
    3 (occ)   107          -7.821           3.655         -22.459         -17.341           -9.284
    4 (occ)   107          -5.136           2.657         -18.936         -15.108           -6.306
    5 (vir)   107           1.943          -3.539          -6.491         -11.947            3.860
    6 (vir)   107           6.016          -3.983          -6.348         -12.448            8.133
    7 (vir)   107           9.330          -3.378          -3.622          -8.917           11.248
    8 (vir)   107          10.180          -2.841          -1.308          -5.892           11.924
    9 (vir)   107          13.189          -3.912          -3.471          -9.589           15.395
   10 (vir)   107          17.083          -7.390          -6.315         -16.372           19.750
   11 (vir)   107          20.641          -6.523          -3.628         -11.923           22.413
   12 (vir)   107          22.126          -5.200          -4.138         -11.567           24.355
   13 (vir)   107          22.218          -5.874          -4.156         -12.474           24.662
   14 (vir)   107          30.021          -6.414          -4.182         -14.226           33.652
   15 (vir)   107          34.370          -7.283          -2.785         -11.428           35.731
   16 (vir)   107          34.804          -3.842          -4.779         -14.300           40.484
   17 (vir)   107          39.527          -2.335          -3.239         -13.645           47.599
   18 (vir)   107          49.318          -0.600          -3.053         -13.082           58.747
   19 (vir)   107          49.551          -2.710          -4.099         -14.393           57.135
   20 (vir)   107          56.065          -2.153          -2.112         -12.743           64.544
   21 (vir)   107          57.488          -0.018          -3.314         -14.200           68.356
   22 (vir)   107          66.569          -2.087          -2.009         -12.612           75.084
   23 (vir)   107          77.303          -2.946          -1.037         -12.781           86.102
   24 (vir)   107          80.184           0.520          -3.056         -16.488           94.136
   25 (vir)   107         113.985          -0.419          -1.719         -13.189          125.036
   26 (vir)   107         240.899          -2.298          -0.792         -17.921          255.731
 
 
  kpoint:     108             coordinate:     0.0000    0.4082    0.0000
 
    n           k   ϵ_nk^DFT (eV)     Σ^c_nk (eV)     Σ^x_nk (eV)    v_nk^xc (eV)   ϵ_nk^G0W0 (eV)
 
    1 (occ)   108         -18.748           8.414         -26.953         -17.109          -20.179
    2 (occ)   108         -11.955           4.994         -22.587         -15.803          -13.745
    3 (occ)   108          -7.785           3.644         -22.454         -17.349           -9.246
    4 (occ)   108          -5.260           2.689         -18.861         -14.988           -6.443
    5 (vir)   108           2.111          -3.582          -6.562         -12.069            4.035
    6 (vir)   108           5.991          -3.956          -6.258         -12.321            8.098
    7 (vir)   108           9.172          -3.372          -3.732          -9.037           11.105
    8 (vir)   108           9.864          -2.847          -1.337          -5.917           11.597
    9 (vir)   108          13.300          -4.034          -3.577          -9.812           15.501
   10 (vir)   108          16.858          -7.326          -6.354         -16.317           19.495
   11 (vir)   108          20.816          -6.507          -3.581         -11.863           22.591
   12 (vir)   108          22.180          -5.742          -4.010         -12.192           24.620
   13 (vir)   108          22.190          -5.205          -4.133         -11.571           24.423
   14 (vir)   108          30.077          -6.609          -4.069         -14.145           33.543
   15 (vir)   108          34.398          -5.394          -2.865         -11.517           37.656
   16 (vir)   108          35.059          -4.243          -4.765         -14.361           40.412
   17 (vir)   108          39.934          -2.335          -3.375         -13.979           48.203
   18 (vir)   108          49.808          -3.409          -4.058         -14.382           56.723
   19 (vir)   108          50.017          -0.547          -3.041         -13.122           59.551
   20 (vir)   108          56.498          -2.056          -3.174         -13.096           64.364
   21 (vir)   108          57.080          -0.029          -3.319         -14.174           67.907
   22 (vir)   108          66.945          -2.008          -3.214         -12.658           74.381
   23 (vir)   108          77.873          -3.280          -3.735         -12.426           83.284
   24 (vir)   108          79.943           1.026          -3.026         -16.490           94.433
   25 (vir)   108         113.837          -0.698          -1.663         -13.166          124.641
   26 (vir)   108         240.955          -2.216          -0.581         -17.924          256.082
 
 
  kpoint:     109             coordinate:     0.0000    0.3980    0.0000
 
    n           k   ϵ_nk^DFT (eV)     Σ^c_nk (eV)     Σ^x_nk (eV)    v_nk^xc (eV)   ϵ_nk^G0W0 (eV)
 
    1 (occ)   109         -18.833           8.445         -26.930         -17.059          -20.259
    2 (occ)   109         -11.806           4.951         -22.599         -15.868          -13.586
    3 (occ)   109          -7.745           3.632         -22.449         -17.359           -9.203
    4 (occ)   109          -5.390           2.726         -18.793         -14.871           -6.586
    5 (vir)   109           2.288          -3.628          -6.624         -12.182            4.218
    6 (vir)   109           5.960          -3.921          -6.153         -12.170            8.057
    7 (vir)   109           9.014          -3.364          -3.858          -9.178           10.970
    8 (vir)   109           9.574          -2.852          -1.361          -5.943           11.303
    9 (vir)   109          13.401          -4.127          -3.708         -10.060           15.626
   10 (vir)   109          16.617          -7.178          -6.391         -16.259           19.306
   11 (vir)   109          20.984          -6.496          -3.544         -11.816           22.761
   12 (vir)   109          22.158          -5.627          -3.879         -11.890           24.542
   13 (vir)   109          22.260          -5.211          -4.126         -11.575           24.498
   14 (vir)   109          30.105          -6.370          -3.947         -14.015           33.802
   15 (vir)   109          34.461          -3.838          -2.981         -11.642           39.284
   16 (vir)   109          35.334          -4.128          -4.742         -14.426           40.890
   17 (vir)   109          40.248          -2.314          -3.484         -14.230           48.681
   18 (vir)   109          50.071          -3.593          -3.999         -14.368           56.847
   19 (vir)   109          50.645          -0.498          -3.049         -13.210           60.307
   20 (vir)   109          56.636          -0.039          -3.325         -14.147           67.419
   21 (vir)   109          56.947          -1.460          -3.687         -13.460           65.260
   22 (vir)   109          67.356          -1.419          -3.814         -12.760           74.882
   23 (vir)   109          78.589          -2.501          -5.846         -12.011           82.253
   24 (vir)   109          79.679           5.132          -3.084         -16.491           98.219
   25 (vir)   109         113.675          -0.632          -1.661         -13.140          124.521
   26 (vir)   109         240.997          -2.455          -0.734         -17.928          255.735
 
 
  kpoint:     110             coordinate:     0.0000    0.3878    0.0000
 
    n           k   ϵ_nk^DFT (eV)     Σ^c_nk (eV)     Σ^x_nk (eV)    v_nk^xc (eV)   ϵ_nk^G0W0 (eV)
 
    1 (occ)   110         -18.923           8.477         -26.909         -17.010          -20.345
    2 (occ)   110         -11.647           4.905         -22.608         -15.934          -13.416
    3 (occ)   110          -7.701           3.619         -22.444         -17.370           -9.156
    4 (occ)   110          -5.525           2.766         -18.732         -14.757           -6.734
    5 (vir)   110           2.472          -3.674          -6.674         -12.282            4.406
    6 (vir)   110           5.924          -3.883          -6.031         -11.995            8.005
    7 (vir)   110           8.858          -3.357          -4.001          -9.343           10.843
    8 (vir)   110           9.308          -2.862          -1.383          -5.973           11.035
    9 (vir)   110          13.488          -4.107          -3.866         -10.333           15.848
   10 (vir)   110          16.360          -6.968          -6.426         -16.199           19.166
   11 (vir)   110          21.149          -6.489          -3.514         -11.781           22.927
   12 (vir)   110          22.158          -4.931          -3.772         -11.571           25.026
   13 (vir)   110          22.338          -5.219          -4.119         -11.580           24.579
   14 (vir)   110          30.101          -7.296          -3.825         -13.838           32.818
   15 (vir)   110          34.563          -3.809          -3.111         -11.800           39.444
   16 (vir)   110          35.625          -3.455          -4.708         -14.492           41.955
   17 (vir)   110          40.488          -2.279          -3.569         -14.414           49.053
   18 (vir)   110          50.334          -2.833          -3.929         -14.348           57.920
   19 (vir)   110          51.165          -0.454          -3.070         -13.324           60.965
   20 (vir)   110          56.159          -0.049          -3.332         -14.117           66.894
   21 (vir)   110          57.404          -3.244          -3.642         -13.821           64.339
   22 (vir)   110          67.790          -2.211          -3.659         -12.923           74.843
   23 (vir)   110          79.394          -3.528          -3.209         -16.491           89.147
   24 (vir)   110          79.484          -1.891          -6.354         -11.545           82.784
   25 (vir)   110         113.496           0.010          -1.708         -13.112          124.910
   26 (vir)   110         241.020          -2.280          -1.163         -17.932          255.509
 
 
  kpoint:     111             coordinate:     0.0000    0.3776    0.0000
 
    n           k   ϵ_nk^DFT (eV)     Σ^c_nk (eV)     Σ^x_nk (eV)    v_nk^xc (eV)   ϵ_nk^G0W0 (eV)
 
    1 (occ)   111         -19.015           8.508         -26.890         -16.961          -20.437
    2 (occ)   111         -11.478           4.855         -22.615         -16.002          -13.236
    3 (occ)   111          -7.653           3.605         -22.438         -17.381           -9.105
    4 (occ)   111          -5.664           2.810         -18.680         -14.649           -6.885
    5 (vir)   111           2.660          -3.718          -6.712         -12.368            4.597
    6 (vir)   111           5.881          -3.835          -5.892         -11.792            7.946
    7 (vir)   111           8.705          -3.355          -4.160          -9.534           10.725
    8 (vir)   111           9.065          -2.880          -1.405          -6.012           10.793
    9 (vir)   111          13.558          -4.058          -4.042         -10.625           16.084
   10 (vir)   111          16.091          -6.736          -6.459         -16.139           19.034
   11 (vir)   111          21.312          -6.485          -3.491         -11.756           23.091
   12 (vir)   111          22.183          -4.262          -3.687         -11.242           25.476
   13 (vir)   111          22.423          -5.229          -4.112         -11.585           24.667
   14 (vir)   111          30.066          -5.700          -3.711         -13.623           34.277
   15 (vir)   111          34.705          -3.742          -3.229         -11.981           39.715
   16 (vir)   111          35.931          -6.834          -4.665         -14.561           38.993
   17 (vir)   111          40.666          -2.236          -3.638         -14.548           49.340
   18 (vir)   111          50.592          -3.115          -3.861         -14.323           57.939
   19 (vir)   111          51.557          -0.420          -3.096         -13.445           61.487
   20 (vir)   111          55.651          -0.059          -3.339         -14.086           66.338
   21 (vir)   111          57.860          -1.562          -3.256         -14.167           67.209
   22 (vir)   111          68.234          -0.669          -2.977         -13.143           77.732
   23 (vir)   111          79.090          -2.988          -3.346         -16.493           89.248
   24 (vir)   111          80.594           1.688          -4.648         -11.044           88.679
   25 (vir)   111         113.297          -0.807          -1.776         -13.081          123.796
   26 (vir)   111         241.020          -2.368          -1.654         -17.936          254.934
 
 
  kpoint:     112             coordinate:     0.0000    0.3673    0.0000
 
    n           k   ϵ_nk^DFT (eV)     Σ^c_nk (eV)     Σ^x_nk (eV)    v_nk^xc (eV)   ϵ_nk^G0W0 (eV)
 
    1 (occ)   112         -19.111           8.537         -26.872         -16.912          -20.534
    2 (occ)   112         -11.301           4.799         -22.619         -16.071          -13.050
    3 (occ)   112          -7.601           3.590         -22.433         -17.394           -9.049
    4 (occ)   112          -5.805           2.856         -18.636         -14.546           -7.039
    5 (vir)   112           2.849          -3.760          -6.737         -12.434            4.787
    6 (vir)   112           5.831          -3.782          -5.735         -11.561            7.876
    7 (vir)   112           8.559          -3.369          -4.335          -9.752           10.608
    8 (vir)   112           8.844          -2.907          -1.428          -6.064           10.573
    9 (vir)   112          13.608          -4.111          -4.226         -10.932           16.202
   10 (vir)   112          15.810          -6.599          -6.493         -16.077           18.796
   11 (vir)   112          21.476          -6.484          -3.473         -11.737           23.256
   12 (vir)   112          22.240          -3.924          -3.604         -10.911           25.622
   13 (vir)   112          22.515          -5.241          -4.103         -11.590           24.761
   14 (vir)   112          30.001          -5.222          -3.599         -13.381           34.561
   15 (vir)   112          34.886          -4.150          -3.321         -12.171           39.586
   16 (vir)   112          36.250          -5.740          -4.618         -14.630           40.522
   17 (vir)   112          40.796          -2.190          -3.693         -14.643           49.555
   18 (vir)   112          50.839          -3.328          -3.802         -14.291           58.000
   19 (vir)   112          51.816          -0.402          -3.123         -13.561           61.854
   20 (vir)   112          55.116          -0.069          -3.347         -14.053           65.753
   21 (vir)   112          58.310          -1.344          -2.815         -14.484           68.635
   22 (vir)   112          68.672          -0.364          -2.200         -13.406           79.514
   23 (vir)   112          78.769          -2.972          -3.439         -16.493           88.851
   24 (vir)   112          81.955           4.329          -0.880         -10.541           95.945
   25 (vir)   112         113.076          -1.777          -1.832         -13.047          122.514
   26 (vir)   112         240.992          -2.504          -1.975         -17.940          254.452
 
 
  kpoint:     113             coordinate:     0.0000    0.3571    0.0000
 
    n           k   ϵ_nk^DFT (eV)     Σ^c_nk (eV)     Σ^x_nk (eV)    v_nk^xc (eV)   ϵ_nk^G0W0 (eV)
 
    1 (occ)   113         -19.208           8.565         -26.857         -16.865          -20.635
    2 (occ)   113         -11.117           4.739         -22.620         -16.141          -12.857
    3 (occ)   113          -7.546           3.574         -22.426         -17.408           -8.990
    4 (occ)   113          -5.948           2.905         -18.599         -14.448           -7.194
    5 (vir)   113           3.038          -3.795          -6.746         -12.477            4.974
    6 (vir)   113           5.773          -3.724          -5.560         -11.302            7.792
    7 (vir)   113           8.420          -3.406          -4.524          -9.996           10.487
    8 (vir)   113           8.645          -2.945          -1.456          -6.133           10.377
    9 (vir)   113          13.635          -4.241          -4.409         -11.246           16.231
   10 (vir)   113          15.521          -6.534          -6.528         -16.016           18.475
   11 (vir)   113          21.643          -6.486          -3.459         -11.724           23.422
   12 (vir)   113          22.331          -3.938          -3.492         -10.587           25.488
   13 (vir)   113          22.614          -5.255          -4.095         -11.596           24.860
   14 (vir)   113          29.911          -5.382          -3.475         -13.122           34.175
   15 (vir)   113          35.103          -5.648          -3.384         -12.357           38.428
   16 (vir)   113          36.578          -5.695          -4.573         -14.699           41.009
   17 (vir)   113          40.886          -2.146          -3.740         -14.711           49.712
   18 (vir)   113          51.072          -4.456          -3.755         -14.253           57.114
   19 (vir)   113          51.947          -0.400          -3.147         -13.665           62.064
   20 (vir)   113          54.557          -0.077          -3.356         -14.018           65.142
   21 (vir)   113          58.748          -1.468          -2.526         -14.764           69.518
   22 (vir)   113          69.090          -0.478          -1.698         -13.689           80.602
   23 (vir)   113          78.435          -3.326          -3.453         -16.493           88.149
   24 (vir)   113          83.598           5.791           3.973         -10.064          103.426
   25 (vir)   113         112.827          -1.684          -1.845         -13.011          122.307
   26 (vir)   113         240.929          -3.777          -1.983         -17.944          253.113
 
 
  kpoint:     114             coordinate:     0.0000    0.3469    0.0000
 
    n           k   ϵ_nk^DFT (eV)     Σ^c_nk (eV)     Σ^x_nk (eV)    v_nk^xc (eV)   ϵ_nk^G0W0 (eV)
 
    1 (occ)   114         -19.306           8.594         -26.844         -16.820          -20.736
    2 (occ)   114         -10.925           4.677         -22.619         -16.210          -12.656
    3 (occ)   114          -7.487           3.556         -22.420         -17.423           -8.928
    4 (occ)   114          -6.091           2.955         -18.569         -14.355           -7.349
    5 (vir)   114           3.225          -3.822          -6.738         -12.492            5.157
    6 (vir)   114           5.706          -3.648          -5.369         -11.018            7.707
    7 (vir)   114           8.290          -3.448          -4.725         -10.264           10.381
    8 (vir)   114           8.465          -2.996          -1.492          -6.226           10.203
    9 (vir)   114          13.638          -4.470          -4.583         -11.559           16.144
   10 (vir)   114          15.223          -6.513          -6.566         -15.955           18.099
   11 (vir)   114          21.814          -6.491          -3.448         -11.716           23.592
   12 (vir)   114          22.461          -4.466          -3.325         -10.283           24.953
   13 (vir)   114          22.720          -5.272          -4.085         -11.601           24.965
   14 (vir)   114          29.803         -10.694          -3.331         -12.853           28.631
   15 (vir)   114          35.350           0.800          -3.426         -12.531           45.255
   16 (vir)   114          36.914          -6.639          -4.535         -14.769           40.509
   17 (vir)   114          40.945          -2.105          -3.780         -14.759           49.818
   18 (vir)   114          51.286          -4.615          -3.715         -14.209           57.165
   19 (vir)   114          51.960          -0.410          -3.168         -13.752           62.134
   20 (vir)   114          53.978          -0.085          -3.365         -13.983           64.510
   21 (vir)   114          59.173          -2.062          -2.453         -15.004           69.661
   22 (vir)   114          69.478          -0.912          -1.594         -13.967           80.939
   23 (vir)   114          78.090           0.690          -3.395         -16.493           91.879
   24 (vir)   114          85.553           5.071           8.487          -9.643          108.754
   25 (vir)   114         112.543          -1.598          -1.800         -12.972          122.117
   26 (vir)   114         240.828          -2.435          -1.687         -17.948          254.654
 
 
  kpoint:     115             coordinate:     0.0000    0.3367    0.0000
 
    n           k   ϵ_nk^DFT (eV)     Σ^c_nk (eV)     Σ^x_nk (eV)    v_nk^xc (eV)   ϵ_nk^G0W0 (eV)
 
    1 (occ)   115         -19.405           8.627         -26.833         -16.776          -20.835
    2 (occ)   115         -10.727           4.614         -22.615         -16.281          -12.448
    3 (occ)   115          -7.424           3.537         -22.414         -17.440           -8.862
    4 (occ)   115          -6.234           3.007         -18.545         -14.268           -7.503
    5 (vir)   115           3.407          -3.837          -6.712         -12.473            5.331
    6 (vir)   115           5.628          -3.580          -5.166         -10.711            7.595
    7 (vir)   115           8.171          -3.494          -4.936         -10.551           10.292
    8 (vir)   115           8.306          -3.063          -1.540          -6.348           10.052
    9 (vir)   115          13.616          -4.868          -4.750         -11.863           15.861
   10 (vir)   115          14.920          -6.475          -6.606         -15.894           17.732
   11 (vir)   115          21.990          -6.497          -3.439         -11.712           23.767
   12 (vir)   115          22.631          -5.521          -3.096         -10.010           24.026
   13 (vir)   115          22.834          -5.290          -4.075         -11.608           25.076
   14 (vir)   115          29.685          -8.298          -3.165         -12.577           30.798
   15 (vir)   115          35.623          -3.509          -3.452         -12.684           41.346
   16 (vir)   115          37.255          -2.759          -4.505         -14.838           44.830
   17 (vir)   115          40.976          -2.066          -3.816         -14.790           49.885
   18 (vir)   115          51.478          -0.818          -3.674         -14.158           61.145
   19 (vir)   115          51.870          -0.426          -3.185         -13.823           62.081
   20 (vir)   115          53.381          -0.092          -3.375         -13.947           63.860
   21 (vir)   115          59.584          -0.692          -2.549         -15.204           71.547
   22 (vir)   115          69.830          -0.903          -1.786         -14.224           81.365
   23 (vir)   115          77.739           0.572          -3.304         -16.494           91.500
   24 (vir)   115          87.841           3.769          11.486          -9.296          112.392
   25 (vir)   115         112.218           0.095          -1.704         -12.930          123.539
   26 (vir)   115         240.684          -2.415          -1.237         -17.951          254.983
 
 
  kpoint:     116             coordinate:     0.0000    0.3265    0.0000
 
    n           k   ϵ_nk^DFT (eV)     Σ^c_nk (eV)     Σ^x_nk (eV)    v_nk^xc (eV)   ϵ_nk^G0W0 (eV)
 
    1 (occ)   116         -19.504           8.664         -26.825         -16.734          -20.930
    2 (occ)   116         -10.524           4.549         -22.609         -16.351          -12.233
    3 (occ)   116          -7.359           3.517         -22.407         -17.457           -8.792
    4 (occ)   116          -6.376           3.059         -18.526         -14.186           -7.656
    5 (vir)   116           3.582          -3.838          -6.662         -12.413            5.495
    6 (vir)   116           5.541          -3.502          -4.954         -10.390            7.474
    7 (vir)   116           8.063          -3.545          -5.152         -10.851           10.217
    8 (vir)   116           8.168          -3.148          -1.603          -6.507            9.924
    9 (vir)   116          13.568          -5.070          -4.917         -12.151           15.733
   10 (vir)   116          14.612          -6.410          -6.648         -15.833           17.387
   11 (vir)   116          22.172          -6.503          -3.432         -11.710           23.947
   12 (vir)   116          22.844          -5.504          -2.837          -9.784           24.287
   13 (vir)   116          22.954          -5.310          -4.064         -11.614           25.194
   14 (vir)   116          29.564          -9.368          -2.990         -12.291           29.497
   15 (vir)   116          35.918          -5.291          -3.467         -12.814           39.974
   16 (vir)   116          37.599          -5.150          -4.478         -14.907           42.877
   17 (vir)   116          40.984          -2.025          -3.848         -14.810           49.921
   18 (vir)   116          51.647           1.527          -3.623         -14.102           63.653
   19 (vir)   116          51.694          -0.447          -3.197         -13.877           61.927
   20 (vir)   116          52.770          -0.098          -3.386         -13.910           63.196
   21 (vir)   116          59.984          -1.289          -2.717         -15.366           71.344
   22 (vir)   116          70.146          -1.171          -2.083         -14.449           81.340
   23 (vir)   116          77.384           0.507          -3.234         -16.494           91.151
   24 (vir)   116          90.476           0.524          12.638          -9.032          112.671
   25 (vir)   116         111.845          -0.568          -1.588         -12.887          122.576
   26 (vir)   116         240.494          -2.330          -0.840         -17.955          255.279
 
 
  kpoint:     117             coordinate:     0.0000    0.3163    0.0000
 
    n           k   ϵ_nk^DFT (eV)     Σ^c_nk (eV)     Σ^x_nk (eV)    v_nk^xc (eV)   ϵ_nk^G0W0 (eV)
 
    1 (occ)   117         -19.603           8.705         -26.818         -16.694          -21.021
    2 (occ)   117         -10.316           4.483         -22.601         -16.421          -12.013
    3 (occ)   117          -7.290           3.496         -22.401         -17.475           -8.719
    4 (occ)   117          -6.517           3.112         -18.511         -14.109           -7.808
    5 (vir)   117           3.746          -3.820          -6.586         -12.305            5.645
    6 (vir)   117           5.442          -3.418          -4.741         -10.060            7.343
    7 (vir)   117           7.967          -3.598          -5.368         -11.157           10.157
    8 (vir)   117           8.050          -3.253          -1.686          -6.710            9.821
    9 (vir)   117          13.495          -5.111          -5.089         -12.416           15.712
   10 (vir)   117          14.301          -6.312          -6.690         -15.773           17.072
   11 (vir)   117          22.360          -6.509          -3.426         -11.710           24.135
   12 (vir)   117          23.081          -5.329          -4.052         -11.621           25.320
   13 (vir)   117          23.099          -5.083          -2.615          -9.617           25.019
   14 (vir)   117          29.451          -8.826          -2.827         -11.992           29.790
   15 (vir)   117          36.233          -6.006          -3.469         -12.918           39.676
   16 (vir)   117          37.944          -5.918          -4.452         -14.975           42.548
   17 (vir)   117          40.973          -1.980          -3.879         -14.820           49.933
   18 (vir)   117          51.447          -0.470          -3.205         -13.917           61.690
   19 (vir)   117          51.791           0.787          -3.558         -14.040           63.059
   20 (vir)   117          52.148          -0.103          -3.397         -13.872           62.521
   21 (vir)   117          60.374          -1.222          -2.881         -15.495           71.766
   22 (vir)   117          70.426          -1.180          -2.335         -14.639           81.549
   23 (vir)   117          77.028           1.986          -3.225         -16.495           92.284
   24 (vir)   117          93.469          -2.084          12.597          -8.851          112.834
   25 (vir)   117         111.416          -0.845          -1.493         -12.842          121.919
   26 (vir)   117         240.255          -2.244          -0.659         -17.958          255.310
 
 
  kpoint:     118             coordinate:     0.0000    0.3061    0.0000
 
    n           k   ϵ_nk^DFT (eV)     Σ^c_nk (eV)     Σ^x_nk (eV)    v_nk^xc (eV)   ϵ_nk^G0W0 (eV)
 
    1 (occ)   118         -19.701           8.747         -26.812         -16.656          -21.111
    2 (occ)   118         -10.104           4.416         -22.591         -16.491          -11.788
    3 (occ)   118          -7.217           3.475         -22.395         -17.495           -8.642
    4 (occ)   118          -6.657           3.165         -18.501         -14.037           -7.956
    5 (vir)   118           3.898          -3.781          -6.480         -12.142            5.779
    6 (vir)   118           5.334          -3.332          -4.530          -9.731            7.202
    7 (vir)   118           7.883          -3.651          -5.581         -11.459           10.110
    8 (vir)   118           7.955          -3.382          -1.794          -6.965            9.743
    9 (vir)   118          13.398          -5.125          -5.267         -12.655           15.661
   10 (vir)   118          13.988          -6.181          -6.732         -15.714           16.789
   11 (vir)   118          22.554          -6.513          -3.422         -11.712           24.332
   12 (vir)   118          23.214          -5.348          -4.040         -11.627           25.453
   13 (vir)   118          23.395          -4.645          -2.509          -9.525           25.766
   14 (vir)   118          29.356          -6.351          -2.699         -11.671           31.977
   15 (vir)   118          36.565          -6.300          -3.457         -12.994           39.801
   16 (vir)   118          38.288          -5.817          -4.422         -15.041           43.091
   17 (vir)   118          40.943          -1.928          -3.909         -14.821           49.927
   18 (vir)   118          51.145          -0.496          -3.209         -13.946           61.387
   19 (vir)   118          51.517          -0.109          -3.408         -13.835           61.834
   20 (vir)   118          51.909          -4.156          -3.481         -13.974           58.245
   21 (vir)   118          60.758          -0.307          -3.001         -15.595           73.045
   22 (vir)   118          70.674          -0.824          -2.485         -14.796           82.160
   23 (vir)   118          76.675          -3.001          -3.285         -16.496           86.885
   24 (vir)   118          96.825          -2.788          12.602          -8.747          115.387
   25 (vir)   118         110.924          -0.834          -1.459         -12.796          121.427
   26 (vir)   118         239.964          -7.018          -0.741         -17.961          250.167
 
 
  kpoint:     119             coordinate:     0.0000    0.2959    0.0000
 
    n           k   ϵ_nk^DFT (eV)     Σ^c_nk (eV)     Σ^x_nk (eV)    v_nk^xc (eV)   ϵ_nk^G0W0 (eV)
 
    1 (occ)   119         -19.798           8.786         -26.809         -16.619          -21.202
    2 (occ)   119          -9.889           4.347         -22.579         -16.562          -11.559
    3 (occ)   119          -7.142           3.453         -22.389         -17.516           -8.562
    4 (occ)   119          -6.794           3.217         -18.495         -13.969           -8.102
    5 (vir)   119           4.035          -3.719          -6.340         -11.918            5.895
    6 (vir)   119           5.215          -3.246          -4.328          -9.409            7.051
    7 (vir)   119           7.811          -3.703          -5.784         -11.750           10.074
    8 (vir)   119           7.883          -3.536          -1.933          -7.278            9.691
    9 (vir)   119          13.278          -5.015          -5.445         -12.865           15.683
   10 (vir)   119          13.674          -6.020          -6.773         -15.655           16.537
   11 (vir)   119          22.755          -6.516          -3.418         -11.715           24.535
   12 (vir)   119          23.354          -5.365          -4.028         -11.634           25.596
   13 (vir)   119          23.726          -2.661          -2.569          -9.525           28.021
   14 (vir)   119          29.293          -3.313          -2.626         -11.318           34.672
   15 (vir)   119          36.912          -6.044          -3.437         -13.040           40.471
   16 (vir)   119          38.630          -4.088          -4.385         -15.107           45.264
   17 (vir)   119          40.898          -1.871          -3.938         -14.815           49.905
   18 (vir)   119          50.800          -0.523          -3.210         -13.966           61.033
   19 (vir)   119          50.880          -0.123          -3.420         -13.797           61.134
   20 (vir)   119          52.002          -3.347          -3.397         -13.903           59.161
   21 (vir)   119          61.138          -3.879          -3.077         -15.673           69.854
   22 (vir)   119          70.893          -4.255          -2.545         -14.923           79.016
   23 (vir)   119          76.327          -3.054          -3.391         -16.497           86.379
   24 (vir)   119         100.545          -0.754          13.753          -8.712          122.256
   25 (vir)   119         110.362          -0.028          -1.500         -12.749          121.583
   26 (vir)   119         239.622          -2.303          -1.003         -17.964          254.280
 
 
  kpoint:     120             coordinate:     0.0000    0.2857    0.0000
 
    n           k   ϵ_nk^DFT (eV)     Σ^c_nk (eV)     Σ^x_nk (eV)    v_nk^xc (eV)   ϵ_nk^G0W0 (eV)
 
    1 (occ)   120         -19.894           8.822         -26.807         -16.585          -21.294
    2 (occ)   120          -9.671           4.277         -22.566         -16.632          -11.328
    3 (occ)   120          -7.065           3.430         -22.383         -17.538           -8.480
    4 (occ)   120          -6.928           3.270         -18.491         -13.905           -8.245
    5 (vir)   120           4.154          -3.633          -6.162         -11.630            5.989
    6 (vir)   120           5.086          -3.160          -4.137          -9.101            6.891
    7 (vir)   120           7.751          -3.771          -5.974         -12.025           10.031
    8 (vir)   120           7.835          -3.716          -2.104          -7.651            9.667
    9 (vir)   120          13.138          -4.913          -5.611         -13.045           15.659
   10 (vir)   120          13.361          -5.884          -6.812         -15.597           16.261
   11 (vir)   120          22.962          -6.519          -3.416         -11.719           24.746
   12 (vir)   120          23.501          -5.382          -4.014         -11.641           25.746
   13 (vir)   120          24.081          -2.402          -2.779          -9.633           28.534
   14 (vir)   120          29.282          -2.656          -2.612         -10.922           34.936
   15 (vir)   120          37.277          -3.238          -3.421         -13.055           43.673
   16 (vir)   120          38.968          -7.421          -4.345         -15.171           42.372
   17 (vir)   120          40.839          -1.811          -3.966         -14.802           49.864
   18 (vir)   120          50.240          -0.140          -3.434         -13.759           60.425
   19 (vir)   120          50.423          -0.553          -3.207         -13.979           60.642
   20 (vir)   120          52.071          -3.269          -3.314         -13.830           59.318
   21 (vir)   120          61.517          -3.146          -3.127         -15.732           70.977
   22 (vir)   120          71.088          -1.964          -2.556         -15.025           81.592
   23 (vir)   120          75.988          -2.883          -3.504         -16.499           86.100
   24 (vir)   120         104.624           3.283          16.361          -8.737          133.004
   25 (vir)   120         109.724          -2.083          -1.598         -12.703          118.745
   26 (vir)   120         239.229          -2.391          -1.290         -17.966          253.514
 
 
  kpoint:     121             coordinate:     0.0000    0.2755    0.0000
 
    n           k   ϵ_nk^DFT (eV)     Σ^c_nk (eV)     Σ^x_nk (eV)    v_nk^xc (eV)   ϵ_nk^G0W0 (eV)
 
    1 (occ)   121         -19.988           8.857         -26.807         -16.553          -21.385
    2 (occ)   121          -9.450           4.206         -22.552         -16.703          -11.094
    3 (occ)   121          -7.060           3.321         -18.490         -13.844           -8.385
    4 (occ)   121          -6.985           3.407         -22.378         -17.561           -8.394
    5 (vir)   121           4.253          -3.526          -5.950         -11.282            6.060
    6 (vir)   121           4.949          -3.077          -3.960          -8.811            6.724
    7 (vir)   121           7.701          -3.817          -6.147         -12.278           10.015
    8 (vir)   121           7.814          -3.920          -2.308          -8.082            9.669
    9 (vir)   121          12.979          -4.902          -5.753         -13.197           15.521
   10 (vir)   121          13.048          -5.763          -6.852         -15.539           15.972
   11 (vir)   121          23.175          -6.521          -3.413         -11.723           24.963
   12 (vir)   121          23.654          -5.398          -4.000         -11.648           25.904
   13 (vir)   121          24.444          -2.571          -3.042          -9.858           28.690
   14 (vir)   121          29.348          -2.478          -2.638         -10.481           34.713
   15 (vir)   121          37.661          -4.735          -3.416         -13.034           42.543
   16 (vir)   121          39.299          -5.600          -4.305         -15.233           44.626
   17 (vir)   121          40.768          -1.755          -3.993         -14.784           49.804
   18 (vir)   121          49.598          -0.168          -3.447         -13.722           59.704
   19 (vir)   121          50.024          -0.586          -3.201         -13.987           60.224
   20 (vir)   121          52.118          -3.333          -3.241         -13.754           59.299
   21 (vir)   121          61.898          -2.927          -3.166         -15.776           71.582
   22 (vir)   121          71.261          -1.873          -2.554         -15.106           81.940
   23 (vir)   121          75.659          -3.000          -3.584         -16.500           85.576
   24 (vir)   121         109.002          -1.179          -0.835         -12.571          119.560
   25 (vir)   121         109.052           8.391          18.848          -8.903          145.193
   26 (vir)   121         238.787          -2.502          -1.461         -17.968          252.793
 
 
  kpoint:     122             coordinate:     0.0000    0.2653    0.0000
 
    n           k   ϵ_nk^DFT (eV)     Σ^c_nk (eV)     Σ^x_nk (eV)    v_nk^xc (eV)   ϵ_nk^G0W0 (eV)
 
    1 (occ)   122         -20.080           8.894         -26.809         -16.522          -21.472
    2 (occ)   122          -9.228           4.134         -22.538         -16.774          -10.858
    3 (occ)   122          -7.188           3.372         -18.492         -13.788           -8.520
    4 (occ)   122          -6.902           3.383         -22.373         -17.586           -8.306
    5 (vir)   122           4.331          -3.402          -5.706         -10.885            6.108
    6 (vir)   122           4.805          -2.996          -3.799          -8.540            6.550
    7 (vir)   122           7.662          -3.832          -6.299         -12.507           10.038
    8 (vir)   122           7.819          -4.142          -2.540          -8.560            9.697
    9 (vir)   122          12.737          -5.674          -6.891         -15.481           15.654
   10 (vir)   122          12.805          -4.938          -5.865         -13.322           15.324
   11 (vir)   122          23.394          -6.523          -3.412         -11.727           25.187
   12 (vir)   122          23.813          -5.414          -3.985         -11.655           26.069
   13 (vir)   122          24.790          -3.208          -3.225         -10.187           28.545
   14 (vir)   122          29.524          -2.644          -2.642         -10.016           34.254
   15 (vir)   122          38.069          -4.112          -3.417         -12.972           43.512
   16 (vir)   122          39.623          -5.212          -4.270         -15.293           45.434
   17 (vir)   122          40.685          -1.705          -4.019         -14.759           49.721
   18 (vir)   122          48.957          -0.201          -3.462         -13.685           58.979
   19 (vir)   122          49.610          -0.623          -3.194         -13.992           59.785
   20 (vir)   122          52.145          -4.046          -3.182         -13.678           58.595
   21 (vir)   122          62.284          -3.153          -3.204         -15.810           71.737
   22 (vir)   122          71.418          -2.052          -2.557         -15.170           81.979
   23 (vir)   122          75.344          -3.132          -3.616         -16.502           85.098
   24 (vir)   122         108.196          -1.742          -1.750         -12.616          117.319
   25 (vir)   122         113.807          -2.527          22.450          -8.939          142.670
   26 (vir)   122         238.303          -1.817          -1.453         -17.970          253.003
 
 
  kpoint:     123             coordinate:     0.0000    0.2551    0.0000
 
    n           k   ϵ_nk^DFT (eV)     Σ^c_nk (eV)     Σ^x_nk (eV)    v_nk^xc (eV)   ϵ_nk^G0W0 (eV)
 
    1 (occ)   123         -20.170           8.933         -26.812         -16.494          -21.555
    2 (occ)   123          -9.005           4.061         -22.522         -16.845          -10.621
    3 (occ)   123          -7.313           3.421         -18.495         -13.735           -8.652
    4 (occ)   123          -6.818           3.359         -22.369         -17.612           -8.216
    5 (vir)   123           4.387          -3.267          -5.440         -10.455            6.134
    6 (vir)   123           4.654          -2.954          -3.653          -8.289            6.336
    7 (vir)   123           7.631          -3.898          -6.431         -12.713           10.016
    8 (vir)   123           7.849          -4.377          -2.791          -9.068            9.749
    9 (vir)   123          12.430          -5.612          -6.930         -15.425           15.313
   10 (vir)   123          12.617          -5.296          -5.947         -13.422           14.797
   11 (vir)   123          23.617          -6.522          -3.410         -11.732           25.416
   12 (vir)   123          23.978          -5.432          -3.970         -11.663           26.239
   13 (vir)   123          25.089          -4.246          -3.246         -10.569           28.166
   14 (vir)   123          29.848          -4.267          -2.515          -9.590           32.655
   15 (vir)   123          38.510          -4.514          -3.388         -12.860           43.469
   16 (vir)   123          39.938          -5.345          -4.241         -15.351           45.703
   17 (vir)   123          40.592          -1.661          -4.044         -14.730           49.617
   18 (vir)   123          48.320          -0.235          -3.477         -13.649           58.256
   19 (vir)   123          49.187          -0.665          -3.186         -13.997           59.333
   20 (vir)   123          52.155          -5.052          -3.138         -13.600           57.566
   21 (vir)   123          62.676          -3.853          -3.243         -15.836           71.416
   22 (vir)   123          71.560          -2.625          -2.567         -15.220           81.587
   23 (vir)   123          75.045           0.133          -3.606         -16.502           88.075
   24 (vir)   123         107.298          -0.131          -1.711         -12.577          118.033
   25 (vir)   123         118.865          -2.398          23.326          -9.101          148.894
   26 (vir)   123         237.784          -2.435          -1.310         -17.972          252.011
 
 
  kpoint:     124             coordinate:     0.0000    0.2449    0.0000
 
    n           k   ϵ_nk^DFT (eV)     Σ^c_nk (eV)     Σ^x_nk (eV)    v_nk^xc (eV)   ϵ_nk^G0W0 (eV)
 
    1 (occ)   124         -20.258           8.971         -26.816         -16.467          -21.636
    2 (occ)   124          -8.782           3.989         -22.507         -16.917          -10.382
    3 (occ)   124          -7.434           3.470         -18.500         -13.685           -8.779
    4 (occ)   124          -6.731           3.334         -22.365         -17.638           -8.125
    5 (vir)   124           4.422          -3.131          -5.164         -10.012            6.139
    6 (vir)   124           4.498          -2.834          -3.520          -8.055            6.199
    7 (vir)   124           7.609          -3.943          -6.544         -12.897           10.019
    8 (vir)   124           7.904          -4.616          -3.052          -9.587            9.823
    9 (vir)   124          12.126          -5.541          -6.968         -15.369           14.986
   10 (vir)   124          12.419          -4.878          -6.010         -13.501           15.033
   11 (vir)   124          23.845          -6.521          -3.409         -11.736           25.651
   12 (vir)   124          24.149          -5.451          -3.954         -11.670           26.414
   13 (vir)   124          25.316          -3.231          -3.137         -10.921           29.869
   14 (vir)   124          30.347          -0.503          -2.156          -9.301           36.990
   15 (vir)   124          38.998          -5.076          -3.266         -12.685           43.341
   16 (vir)   124          40.243          -6.160          -4.218         -15.407           45.271
   17 (vir)   124          40.491          -1.620          -4.067         -14.694           49.497
   18 (vir)   124          47.686          -0.265          -3.493         -13.613           57.541
   19 (vir)   124          48.760          -0.710          -3.177         -14.002           58.875
   20 (vir)   124          52.150          -3.918          -3.102         -13.524           58.654
   21 (vir)   124          63.075          -0.282          -3.278         -15.856           75.371
   22 (vir)   124          71.689           1.891          -2.579         -15.257           86.259
   23 (vir)   124          74.763           1.154          -3.578         -16.502           88.841
   24 (vir)   124         106.307          -0.647          -1.574         -12.542          116.628
   25 (vir)   124         124.184          -1.639          21.979          -9.297          153.821
   26 (vir)   124         237.242          -2.398          -1.137         -17.973          251.680
 
 
  kpoint:     125             coordinate:     0.0000    0.2347    0.0000
 
    n           k   ϵ_nk^DFT (eV)     Σ^c_nk (eV)     Σ^x_nk (eV)    v_nk^xc (eV)   ϵ_nk^G0W0 (eV)
 
    1 (occ)   125         -20.344           9.002         -26.821         -16.443          -21.721
    2 (occ)   125          -8.558           3.918         -22.492         -16.989          -10.143
    3 (occ)   125          -7.551           3.517         -18.506         -13.638           -8.902
    4 (occ)   125          -6.643           3.308         -22.363         -17.666           -8.031
    5 (vir)   125           4.337          -2.772          -3.397          -7.838            6.007
    6 (vir)   125           4.437          -2.999          -4.889          -9.576            6.126
    7 (vir)   125           7.593          -3.983          -6.642         -13.060           10.029
    8 (vir)   125           7.980          -4.851          -3.310         -10.097            9.915
    9 (vir)   125          11.826          -5.472          -7.005         -15.313           14.663
   10 (vir)   125          12.214          -5.875          -6.066         -13.561           13.833
   11 (vir)   125          24.078          -6.519          -3.408         -11.740           25.890
   12 (vir)   125          24.325          -5.471          -3.937         -11.676           26.593
   13 (vir)   125          25.463           3.756          -2.997         -11.174           37.396
   14 (vir)   125          31.030          -0.653          -1.610          -9.241           38.008
   15 (vir)   125          39.554          -0.375          -2.978         -12.433           48.634
   16 (vir)   125          40.381          -1.578          -4.089         -14.654           49.368
   17 (vir)   125          40.536          -6.042          -4.197         -15.460           45.758
   18 (vir)   125          47.060          -0.289          -3.509         -13.579           56.840
   19 (vir)   125          48.334          -0.757          -3.169         -14.009           58.417
   20 (vir)   125          52.133           0.826          -3.065         -13.448           63.341
   21 (vir)   125          63.483           4.817          -3.306         -15.873           80.867
   22 (vir)   125          71.809          -0.066          -2.593         -15.285           84.436
   23 (vir)   125          74.502           1.400          -3.557         -16.499           88.844
   24 (vir)   125         105.222          -0.916          -1.384         -12.513          115.435
   25 (vir)   125         129.714          11.660          19.293          -9.519          170.187
   26 (vir)   125         236.694          -2.341          -1.040         -17.975          251.288
 
 
  kpoint:     126             coordinate:     0.0000    0.2245    0.0000
 
    n           k   ϵ_nk^DFT (eV)     Σ^c_nk (eV)     Σ^x_nk (eV)    v_nk^xc (eV)   ϵ_nk^G0W0 (eV)
 
    1 (occ)   126         -20.427           9.022         -26.828         -16.420          -21.812
    2 (occ)   126          -8.335           3.848         -22.478         -17.061           -9.905
    3 (occ)   126          -7.664           3.562         -18.513         -13.595           -9.020
    4 (occ)   126          -6.554           3.283         -22.361         -17.695           -7.937
    5 (vir)   126           4.174          -2.715          -3.282          -7.636            5.813
    6 (vir)   126           4.436          -2.877          -4.625          -9.164            6.098
    7 (vir)   126           7.584          -4.022          -6.727         -13.205           10.040
    8 (vir)   126           8.075          -5.077          -3.555         -10.581           10.024
    9 (vir)   126          11.532          -5.388          -7.040         -15.257           14.362
   10 (vir)   126          12.003          -5.274          -6.129         -13.604           14.204
   11 (vir)   126          24.313          -6.514          -3.408         -11.743           26.134
   12 (vir)   126          24.506          -5.493          -3.920         -11.683           26.777
   13 (vir)   126          25.537          -7.331          -2.898         -11.310           26.617
   14 (vir)   126          31.876          -0.661          -1.169          -9.449           39.494
   15 (vir)   126          40.213          -1.111          -2.494         -12.084           48.692
   16 (vir)   126          40.264          -1.527          -4.110         -14.608           49.235
   17 (vir)   126          40.817          -7.727          -4.174         -15.511           44.428
   18 (vir)   126          46.441          -0.302          -3.527         -13.545           56.157
   19 (vir)   126          47.911          -0.806          -3.161         -14.018           57.963
   20 (vir)   126          52.106           1.428          -3.016         -13.372           63.891
   21 (vir)   126          63.900           4.168          -3.324         -15.887           80.631
   22 (vir)   126          71.921          -0.371          -2.607         -15.305           84.248
   23 (vir)   126          74.263           1.591          -3.558         -16.495           88.791
   24 (vir)   126         104.044          -0.990          -1.225         -12.489          114.319
   25 (vir)   126         135.391           6.632          17.014          -9.764          168.801
   26 (vir)   126         236.162          -2.305          -1.065         -17.975          250.768
 
 
  kpoint:     127             coordinate:     0.0000    0.2143    0.0000
 
    n           k   ϵ_nk^DFT (eV)     Σ^c_nk (eV)     Σ^x_nk (eV)    v_nk^xc (eV)   ϵ_nk^G0W0 (eV)
 
    1 (occ)   127         -20.507           9.034         -26.835         -16.400          -21.908
    2 (occ)   127          -8.114           3.778         -22.464         -17.133           -9.667
    3 (occ)   127          -7.773           3.606         -18.521         -13.554           -9.134
    4 (occ)   127          -6.464           3.257         -22.360         -17.725           -7.841
    5 (vir)   127           4.009          -2.663          -3.176          -7.447            5.616
    6 (vir)   127           4.420          -2.767          -4.380          -8.786            6.059
    7 (vir)   127           7.580          -4.059          -6.802         -13.333           10.052
    8 (vir)   127           8.186          -5.287          -3.781         -11.028           10.146
    9 (vir)   127          11.244          -5.297          -7.072         -15.203           14.078
   10 (vir)   127          11.790          -5.031          -6.204         -13.632           14.187
   11 (vir)   127          24.551          -6.506          -3.408         -11.746           26.382
   12 (vir)   127          24.693          -5.515          -3.902         -11.690           26.965
   13 (vir)   127          25.554          -6.909          -2.860         -11.350           27.135
   14 (vir)   127          32.839          -1.036          -1.249          -9.919           40.473
   15 (vir)   127          40.141          -1.467          -4.129         -14.557           49.102
   16 (vir)   127          41.022          -1.380          -1.922         -11.635           49.354
   17 (vir)   127          41.086          -8.795          -4.146         -15.558           43.703
   18 (vir)   127          45.831          -0.303          -3.544         -13.513           55.497
   19 (vir)   127          47.495          -0.859          -3.154         -14.031           57.513
   20 (vir)   127          52.072           4.192          -2.954         -13.298           66.607
   21 (vir)   127          64.326           4.946          -3.331         -15.901           81.843
   22 (vir)   127          72.027          -0.070          -2.623         -15.316           84.650
   23 (vir)   127          74.050          -0.699          -3.578         -16.486           86.259
   24 (vir)   127         102.774          -1.013          -1.176         -12.473          113.057
   25 (vir)   127         141.139           1.828          16.763         -10.024          169.754
   26 (vir)   127         235.673          -2.262          -1.184         -17.976          250.202
 
 
  kpoint:     128             coordinate:     0.0000    0.2041    0.0000
 
    n           k   ϵ_nk^DFT (eV)     Σ^c_nk (eV)     Σ^x_nk (eV)    v_nk^xc (eV)   ϵ_nk^G0W0 (eV)
 
    1 (occ)   128         -20.585           9.050         -26.843         -16.381          -21.997
    2 (occ)   128          -7.894           3.709         -22.451         -17.206           -9.431
    3 (occ)   128          -7.878           3.648         -18.529         -13.515           -9.243
    4 (occ)   128          -6.374           3.232         -22.360         -17.757           -7.745
    5 (vir)   128           3.843          -2.614          -3.083          -7.270            5.416
    6 (vir)   128           4.393          -2.672          -4.158          -8.447            6.010
    7 (vir)   128           7.580          -4.093          -6.871         -13.448           10.064
    8 (vir)   128           8.308          -5.479          -3.984         -11.435           10.281
    9 (vir)   128          10.963          -5.202          -7.103         -15.148           13.806
   10 (vir)   128          11.577          -5.063          -6.289         -13.649           13.874
   11 (vir)   128          24.790          -6.494          -3.409         -11.748           26.636
   12 (vir)   128          24.883          -5.536          -3.883         -11.696           27.160
   13 (vir)   128          25.531          -6.183          -2.866         -11.327           27.810
   14 (vir)   128          33.855          -1.121          -2.059         -10.599           41.274
   15 (vir)   128          40.013          -1.398          -4.146         -14.500           48.970
   16 (vir)   128          41.340          -8.255          -4.116         -15.606           44.576
   17 (vir)   128          42.046          -1.618          -1.611         -11.105           49.923
   18 (vir)   128          45.233          -0.290          -3.563         -13.481           54.861
   19 (vir)   128          47.087          -0.919          -3.148         -14.049           57.069
   20 (vir)   128          52.033          -6.048          -2.892         -13.223           56.315
   21 (vir)   128          64.760           3.055          -3.329         -15.917           80.403
   22 (vir)   128          72.128           2.522          -2.639         -15.320           87.331
   23 (vir)   128          73.864           1.132          -3.600         -16.474           87.870
   24 (vir)   128         101.415           0.282          -1.282         -12.463          112.878
   25 (vir)   128         146.874          -1.259          18.920         -10.295          174.830
   26 (vir)   128         235.256          -1.919          -1.339         -17.976          249.974
 
 
  kpoint:     129             coordinate:     0.0000    0.1939    0.0000
 
    n           k   ϵ_nk^DFT (eV)     Σ^c_nk (eV)     Σ^x_nk (eV)    v_nk^xc (eV)   ϵ_nk^G0W0 (eV)
 
    1 (occ)   129         -20.659           9.086         -26.853         -16.364          -22.062
    2 (occ)   129          -7.978           3.689         -18.538         -13.479           -9.347
    3 (occ)   129          -7.677           3.641         -22.440         -17.278           -9.197
    4 (occ)   129          -6.283           3.207         -22.361         -17.788           -7.649
    5 (vir)   129           3.680          -2.564          -3.006          -7.107            5.218
    6 (vir)   129           4.356          -2.590          -3.960          -8.149            5.956
    7 (vir)   129           7.585          -4.120          -6.932         -13.550           10.083
    8 (vir)   129           8.440          -5.656          -4.162         -11.799           10.421
    9 (vir)   129          10.689          -5.109          -7.131         -15.094           13.543
   10 (vir)   129          11.368          -4.818          -6.374         -13.654           13.830
   11 (vir)   129          25.030          -6.477          -3.410         -11.750           26.893
   12 (vir)   129          25.078          -5.556          -3.864         -11.702           27.360
   13 (vir)   129          25.482          -5.700          -2.891         -11.266           28.157
   14 (vir)   129          34.849          -3.127          -3.322         -11.385           39.785
   15 (vir)   129          39.880          -1.322          -4.160         -14.438           48.836
   16 (vir)   129          41.581          -7.094          -4.085         -15.650           46.051
   17 (vir)   129          43.358          -3.194          -2.118         -10.587           48.633
   18 (vir)   129          44.647          -0.266          -3.582         -13.452           54.250
   19 (vir)   129          46.690          -0.986          -3.143         -14.071           56.631
   20 (vir)   129          51.992          -3.977          -2.860         -13.145           58.299
   21 (vir)   129          65.201          -4.231          -3.320         -15.934           73.584
   22 (vir)   129          72.227          -4.157          -2.655         -15.317           80.733
   23 (vir)   129          73.709          -2.871          -3.614         -16.456           83.680
   24 (vir)   129          99.973          -2.161          -1.516         -12.462          108.758
   25 (vir)   129         152.505          -8.760          22.042         -10.571          176.358
   26 (vir)   129         234.945          -1.077          -1.485         -17.976          250.358
 
 
  kpoint:     130             coordinate:     0.0000    0.1837    0.0000
 
    n           k   ϵ_nk^DFT (eV)     Σ^c_nk (eV)     Σ^x_nk (eV)    v_nk^xc (eV)   ϵ_nk^G0W0 (eV)
 
    1 (occ)   130         -20.731           9.154         -26.863         -16.349          -22.091
    2 (occ)   130          -8.073           3.727         -18.547         -13.446           -9.446
    3 (occ)   130          -7.464           3.575         -22.430         -17.351           -8.967
    4 (occ)   130          -6.193           3.182         -22.363         -17.821           -7.553
    5 (vir)   130           3.521          -2.539          -2.943          -6.958            4.997
    6 (vir)   130           4.313          -2.520          -3.785          -7.889            5.897
    7 (vir)   130           7.592          -4.136          -6.985         -13.643           10.115
    8 (vir)   130           8.577          -5.847          -4.316         -12.122           10.535
    9 (vir)   130          10.423          -5.030          -7.158         -15.041           13.276
   10 (vir)   130          11.163          -4.863          -6.447         -13.650           13.504
   11 (vir)   130          25.269          -6.452          -3.413         -11.750           27.154
   12 (vir)   130          25.277          -5.579          -3.841         -11.707           27.563
   13 (vir)   130          25.417          -5.690          -2.914         -11.183           27.996
   14 (vir)   130          35.758          -3.323          -4.415         -12.132           40.152
   15 (vir)   130          39.744          -1.246          -4.171         -14.372           48.699
   16 (vir)   130          41.807          -5.734          -4.059         -15.690           47.704
   17 (vir)   130          44.074          -0.236          -3.602         -13.423           53.659
   18 (vir)   130          45.007          -3.766          -3.767         -10.214           47.687
   19 (vir)   130          46.305          -1.064          -3.140         -14.098           56.198
   20 (vir)   130          51.955          -2.662          -2.904         -13.056           59.445
   21 (vir)   130          65.647          -3.417          -3.312         -15.954           74.872
   22 (vir)   130          72.325          -2.353          -2.667         -15.308           82.614
   23 (vir)   130          73.586          -3.146          -3.619         -16.432           83.253
   24 (vir)   130          98.457          -1.856          -1.786         -12.469          107.283
   25 (vir)   130         157.941          -1.239          23.247         -10.845          190.793
   26 (vir)   130         234.769          -3.433          -1.626         -17.976          247.685
 
 
  kpoint:     131             coordinate:     0.0000    0.1735    0.0000
 
    n           k   ϵ_nk^DFT (eV)     Σ^c_nk (eV)     Σ^x_nk (eV)    v_nk^xc (eV)   ϵ_nk^G0W0 (eV)
 
    1 (occ)   131         -20.799           9.231         -26.874         -16.335          -22.107
    2 (occ)   131          -8.164           3.764         -18.556         -13.415           -9.540
    3 (occ)   131          -7.254           3.511         -22.422         -17.424           -8.741
    4 (occ)   131          -6.103           3.157         -22.366         -17.855           -7.457
    5 (vir)   131           3.369          -2.477          -2.891          -6.825            4.826
    6 (vir)   131           4.266          -2.461          -3.633          -7.663            5.836
    7 (vir)   131           7.603          -4.147          -7.030         -13.727           10.153
    8 (vir)   131           8.718          -5.932          -4.449         -12.409           10.746
    9 (vir)   131          10.166          -4.953          -7.182         -14.989           13.019
   10 (vir)   131          10.966          -4.808          -6.496         -13.637           13.300
   11 (vir)   131          25.343          -5.641          -2.920         -11.089           27.871
   12 (vir)   131          25.478          -5.592          -3.823         -11.712           27.775
   13 (vir)   131          25.507          -6.432          -3.413         -11.750           27.413
   14 (vir)   131          36.554          -3.341          -4.877         -12.731           41.067
   15 (vir)   131          39.606          -1.172          -4.178         -14.300           48.557
   16 (vir)   131          42.018          -5.476          -4.040         -15.728           48.230
   17 (vir)   131          43.515          -0.209          -3.623         -13.397           53.080
   18 (vir)   131          45.933          -1.152          -3.140         -14.130           55.771
   19 (vir)   131          46.996          -3.766          -6.014         -10.104           47.320
   20 (vir)   131          51.940          -2.576          -3.104         -12.933           59.193
   21 (vir)   131          66.096          -3.165          -3.313         -15.978           75.596
   22 (vir)   131          72.424          -2.177          -2.676         -15.292           82.863
   23 (vir)   131          73.498          -2.980          -3.633         -16.400           83.286
   24 (vir)   131          96.878          -1.892          -1.969         -12.483          105.499
   25 (vir)   131         163.093           0.220          19.552         -11.112          193.977
   26 (vir)   131         234.750          -2.878          -1.781         -17.978          248.068
 
 
  kpoint:     132             coordinate:     0.0000    0.1633    0.0000
 
    n           k   ϵ_nk^DFT (eV)     Σ^c_nk (eV)     Σ^x_nk (eV)    v_nk^xc (eV)   ϵ_nk^G0W0 (eV)
 
    1 (occ)   132         -20.863           9.266         -26.886         -16.323          -22.161
    2 (occ)   132          -8.250           3.799         -18.565         -13.386           -9.629
    3 (occ)   132          -7.050           3.449         -22.416         -17.497           -8.520
    4 (occ)   132          -6.014           3.134         -22.371         -17.888           -7.363
    5 (vir)   132           3.225          -2.409          -2.842          -6.709            4.684
    6 (vir)   132           4.216          -2.411          -3.500          -7.469            5.773
    7 (vir)   132           7.617          -4.161          -7.067         -13.804           10.193
    8 (vir)   132           8.859          -5.963          -4.562         -12.662           10.997
    9 (vir)   132           9.918          -4.888          -7.205         -14.937           12.762
   10 (vir)   132          10.779          -4.652          -6.516         -13.617           13.228
   11 (vir)   132          25.264          -5.054          -2.900         -10.990           28.300
   12 (vir)   132          25.682          -5.606          -3.802         -11.716           27.991
   13 (vir)   132          25.743          -6.403          -3.415         -11.750           27.674
   14 (vir)   132          37.242          -3.154          -4.695         -13.154           42.548
   15 (vir)   132          39.465          -1.103          -4.181         -14.225           48.406
   16 (vir)   132          42.214          -5.523          -4.031         -15.763           48.424
   17 (vir)   132          42.973          -0.196          -3.644         -13.372           52.505
   18 (vir)   132          45.577          -1.248          -3.143         -14.168           55.354
   19 (vir)   132          49.232          -2.150          -7.128         -10.411           50.365
   20 (vir)   132          52.020          -2.390          -3.802         -12.632           58.461
   21 (vir)   132          66.543          -3.266          -3.329         -16.007           75.955
   22 (vir)   132          72.525          -2.342          -2.684         -15.269           82.768
   23 (vir)   132          73.446          -2.711          -3.674         -16.359           83.421
   24 (vir)   132          95.248          -2.033          -1.966         -12.505          103.755
   25 (vir)   132         167.884           0.756           9.566         -11.368          189.574
   26 (vir)   132         234.895          -2.758          -1.921         -17.981          248.197
 
 
  kpoint:     133             coordinate:     0.0000    0.1531    0.0000
 
    n           k   ϵ_nk^DFT (eV)     Σ^c_nk (eV)     Σ^x_nk (eV)    v_nk^xc (eV)   ϵ_nk^G0W0 (eV)
 
    1 (occ)   133         -20.924           9.220         -26.895         -16.311          -22.288
    2 (occ)   133          -8.331           3.832         -18.573         -13.359           -9.713
    3 (occ)   133          -6.851           3.389         -22.411         -17.569           -8.305
    4 (occ)   133          -5.927           3.110         -22.376         -17.923           -7.271
    5 (vir)   133           3.093          -2.341          -2.787          -6.614            4.579
    6 (vir)   133           4.164          -2.369          -3.385          -7.301            5.711
    7 (vir)   133           7.632          -4.174          -7.098         -13.875           10.235
    8 (vir)   133           9.000          -5.956          -4.657         -12.886           11.273
    9 (vir)   133           9.681          -4.818          -7.225         -14.886           12.523
   10 (vir)   133          10.602          -4.464          -6.508         -13.589           13.219
   11 (vir)   133          25.184          -4.194          -2.851         -10.889           29.028
   12 (vir)   133          25.888          -5.618          -3.780         -11.720           28.209
   13 (vir)   133          25.974          -6.368          -3.418         -11.748           27.936
   14 (vir)   133          37.846          -2.762          -4.128         -13.436           44.392
   15 (vir)   133          39.324          -1.043          -4.181         -14.145           48.246
   16 (vir)   133          42.396          -6.090          -4.028         -15.796           48.074
   17 (vir)   133          42.448          -0.201          -3.666         -13.349           51.930
   18 (vir)   133          45.238          -1.349          -3.149         -14.211           54.950
   19 (vir)   133          51.027          -1.498          -3.969         -12.043           57.602
   20 (vir)   133          52.848           0.863          -6.499         -11.193           58.405
   21 (vir)   133          66.986          -1.322          -3.364         -16.041           78.340
   22 (vir)   133          72.631           0.303          -2.693         -15.240           85.480
   23 (vir)   133          73.433          -2.690          -3.734         -16.305           83.315
   24 (vir)   133          93.586           2.373          -1.747         -12.533          106.745
   25 (vir)   133         172.250          -1.210          -5.339         -11.607          177.309
   26 (vir)   133         235.189          -2.650          -1.921         -17.988          248.606
 
 
  kpoint:     134             coordinate:     0.0000    0.1429    0.0000
 
    n           k   ϵ_nk^DFT (eV)     Σ^c_nk (eV)     Σ^x_nk (eV)    v_nk^xc (eV)   ϵ_nk^G0W0 (eV)
 
    1 (occ)   134         -20.981           9.185         -26.904         -16.300          -22.400
    2 (occ)   134          -8.407           3.863         -18.582         -13.334           -9.791
    3 (occ)   134          -6.659           3.332         -22.409         -17.640           -8.096
    4 (occ)   134          -5.842           3.088         -22.383         -17.957           -7.180
    5 (vir)   134           2.973          -2.289          -2.724          -6.539            4.500
    6 (vir)   134           4.112          -2.334          -3.285          -7.157            5.650
    7 (vir)   134           7.648          -4.190          -7.125         -13.942           10.275
    8 (vir)   134           9.139          -5.903          -4.738         -13.085           11.582
    9 (vir)   134           9.454          -4.766          -7.243         -14.837           12.282
   10 (vir)   134          10.436          -5.015          -6.479         -13.556           12.498
   11 (vir)   134          25.106          -4.330          -2.780         -10.790           28.785
   12 (vir)   134          26.094          -5.628          -3.757         -11.722           28.431
   13 (vir)   134          26.201          -6.328          -3.422         -11.746           28.196
   14 (vir)   134          38.394          -3.060          -3.473         -13.625           45.486
   15 (vir)   134          39.183          -0.994          -4.177         -14.063           48.075
   16 (vir)   134          41.942          -0.223          -3.688         -13.328           51.358
   17 (vir)   134          42.563          -7.831          -4.027         -15.826           46.531
   18 (vir)   134          44.915          -1.449          -3.159         -14.258           54.566
   19 (vir)   134          51.398          -2.205          -2.779         -12.694           59.107
   20 (vir)   134          55.374           4.655          -3.976         -10.856           66.909
   21 (vir)   134          67.419           0.211          -3.410         -16.080           80.300
   22 (vir)   134          72.743          -1.103          -2.702         -15.204           84.142
   23 (vir)   134          73.466          -3.707          -3.735         -16.230           82.254
   24 (vir)   134          91.912          -0.718          -1.371         -12.567          102.390
   25 (vir)   134         176.146          -1.017         -21.074         -11.827          165.882
   26 (vir)   134         235.597          -1.730          -1.605         -17.998          250.261
 
 
  kpoint:     135             coordinate:     0.0000    0.1327    0.0000
 
    n           k   ϵ_nk^DFT (eV)     Σ^c_nk (eV)     Σ^x_nk (eV)    v_nk^xc (eV)   ϵ_nk^G0W0 (eV)
 
    1 (occ)   135         -21.034           9.318         -26.910         -16.290          -22.336
    2 (occ)   135          -8.478           3.892         -18.590         -13.311           -9.865
    3 (occ)   135          -6.474           3.278         -22.409         -17.710           -7.895
    4 (occ)   135          -5.760           3.066         -22.391         -17.991           -7.093
    5 (vir)   135           2.868          -2.276          -2.661          -6.487            4.418
    6 (vir)   135           4.061          -2.304          -3.198          -7.032            5.591
    7 (vir)   135           7.666          -4.215          -7.150         -14.004           10.305
    8 (vir)   135           9.240          -4.713          -7.259         -14.788           12.057
    9 (vir)   135           9.273          -5.768          -4.806         -13.260           11.958
   10 (vir)   135          10.283          -4.427          -6.439         -13.517           12.935
   11 (vir)   135          25.033          -6.964          -2.702         -10.693           26.059
   12 (vir)   135          26.299          -5.635          -3.734         -11.724           28.655
   13 (vir)   135          26.422          -6.282          -3.426         -11.742           28.455
   14 (vir)   135          38.908          -0.806          -2.946         -13.764           48.921
   15 (vir)   135          39.043          -0.958          -4.169         -13.978           47.895
   16 (vir)   135          41.456          -0.258          -3.712         -13.309           50.794
   17 (vir)   135          42.716         -12.048          -4.023         -15.853           42.498
   18 (vir)   135          44.612          -1.544          -3.171         -14.309           54.206
   19 (vir)   135          51.441          -0.119          -2.705         -12.641           61.258
   20 (vir)   135          58.489           7.915           2.528         -11.304           80.236
   21 (vir)   135          67.837          -0.988          -3.453         -16.125           79.521
   22 (vir)   135          72.864          -1.321          -2.704         -15.162           84.001
   23 (vir)   135          73.566          -0.933          -3.476         -16.111           85.268
   24 (vir)   135          90.251          -0.933          -0.938         -12.601          100.981
   25 (vir)   135         179.547          -3.200         -32.206         -12.025          156.165
   26 (vir)   135         236.064          -1.498          -0.872         -18.009          251.702
 
 
  kpoint:     136             coordinate:     0.0000    0.1224    0.0000
 
    n           k   ϵ_nk^DFT (eV)     Σ^c_nk (eV)     Σ^x_nk (eV)    v_nk^xc (eV)   ϵ_nk^G0W0 (eV)
 
    1 (occ)   136         -21.082           9.178         -26.914         -16.279          -22.539
    2 (occ)   136          -8.544           3.919         -18.598         -13.290           -9.933
    3 (occ)   136          -6.297           3.227         -22.410         -17.778           -7.703
    4 (occ)   136          -5.680           3.046         -22.399         -18.025           -7.009
    5 (vir)   136           2.778          -2.305          -2.612          -6.456            4.318
    6 (vir)   136           4.012          -2.279          -3.123          -6.925            5.534
    7 (vir)   136           7.683          -4.240          -7.175         -14.063           10.332
    8 (vir)   136           9.037          -4.661          -7.271         -14.742           11.846
    9 (vir)   136           9.402          -5.544          -4.864         -13.416           12.410
   10 (vir)   136          10.143          -4.746          -6.398         -13.475           12.474
   11 (vir)   136          24.965          -6.964          -2.634         -10.599           25.967
   12 (vir)   136          26.503          -5.638          -3.710         -11.725           28.881
   13 (vir)   136          26.635          -6.230          -3.431         -11.739           28.712
   14 (vir)   136          38.906          -0.935          -4.157         -13.893           47.707
   15 (vir)   136          39.406          -1.432          -2.664         -13.883           49.193
   16 (vir)   136          40.991          -0.301          -3.735         -13.292           50.246
   17 (vir)   136          42.855          -2.384          -4.010         -15.878           52.338
   18 (vir)   136          44.327          -1.632          -3.186         -14.364           53.874
   19 (vir)   136          51.447           3.191          -2.597         -12.500           64.540
   20 (vir)   136          61.883           4.173           9.735         -11.938           87.728
   21 (vir)   136          68.235          -1.299          -3.471         -16.173           79.638
   22 (vir)   136          72.995          -1.398          -2.688         -15.115           84.025
   23 (vir)   136          73.791          -1.141          -2.498         -15.889           86.041
   24 (vir)   136          88.640          -1.062          -0.527         -12.631           99.683
   25 (vir)   136         182.448          -3.670         -34.092         -12.199          156.886
   26 (vir)   136         236.521          -1.773           0.149         -18.021          252.918
 
 
  kpoint:     137             coordinate:     0.0000    0.1122    0.0000
 
    n           k   ϵ_nk^DFT (eV)     Σ^c_nk (eV)     Σ^x_nk (eV)    v_nk^xc (eV)   ϵ_nk^G0W0 (eV)
 
    1 (occ)   137         -21.126           9.052         -26.918         -16.269          -22.723
    2 (occ)   137          -8.604           3.944         -18.606         -13.271           -9.995
    3 (occ)   137          -6.130           3.179         -22.414         -17.844           -7.521
    4 (occ)   137          -5.605           3.027         -22.408         -18.058           -6.929
    5 (vir)   137           2.703          -2.330          -2.593          -6.446            4.226
    6 (vir)   137           3.964          -2.258          -3.059          -6.833            5.481
    7 (vir)   137           7.701          -4.267          -7.199         -14.118           10.353
    8 (vir)   137           8.848          -4.612          -7.282         -14.697           11.651
    9 (vir)   137           9.524          -5.305          -4.912         -13.554           12.861
   10 (vir)   137          10.016          -4.718          -6.369         -13.431           12.360
   11 (vir)   137          24.905          -6.797          -2.592         -10.510           26.027
   12 (vir)   137          26.704          -5.637          -3.686         -11.725           29.107
   13 (vir)   137          26.839          -6.172          -3.437         -11.734           28.964
   14 (vir)   137          38.772          -0.921          -4.142         -13.807           47.516
   15 (vir)   137          39.897          -1.735          -2.658         -14.005           49.509
   16 (vir)   137          40.550          -0.350          -3.760         -13.277           49.717
   17 (vir)   137          42.980           4.745          -3.988         -15.900           59.636
   18 (vir)   137          44.063          -1.710          -3.203         -14.420           53.570
   19 (vir)   137          51.459           0.638          -2.447         -12.310           61.959
   20 (vir)   137          65.393          -2.839          13.521         -12.870           88.945
   21 (vir)   137          68.607          -1.435          -3.449         -16.225           79.948
   22 (vir)   137          73.138          -1.421          -2.649         -15.066           84.134
   23 (vir)   137          74.323          -2.022           0.329         -15.394           88.024
   24 (vir)   137          87.150          -1.446          -0.077         -12.635           98.262
   25 (vir)   137         184.865          -1.727         -24.796         -12.350          170.691
   26 (vir)   137         236.901          -2.736           1.045         -18.030          253.240
 
 
  kpoint:     138             coordinate:     0.0000    0.1020    0.0000
 
    n           k   ϵ_nk^DFT (eV)     Σ^c_nk (eV)     Σ^x_nk (eV)    v_nk^xc (eV)   ϵ_nk^G0W0 (eV)
 
    1 (occ)   138         -21.166           9.003         -26.922         -16.259          -22.826
    2 (occ)   138          -8.660           3.966         -18.613         -13.254          -10.053
    3 (occ)   138          -5.973           3.135         -22.419         -17.908           -7.349
    4 (occ)   138          -5.533           3.008         -22.418         -18.090           -6.853
    5 (vir)   138           2.642          -2.364          -2.613          -6.454            4.118
    6 (vir)   138           3.920          -2.240          -3.002          -6.754            5.431
    7 (vir)   138           7.717          -4.286          -7.222         -14.170           10.378
    8 (vir)   138           8.672          -4.565          -7.290         -14.654           11.471
    9 (vir)   138           9.639          -7.972          -4.952         -13.675           10.390
   10 (vir)   138           9.902          -4.724          -6.360         -13.386           12.205
   11 (vir)   138          24.854          -6.677          -2.581         -10.426           26.022
   12 (vir)   138          26.900          -5.632          -3.661         -11.724           29.331
   13 (vir)   138          27.032          -6.107          -3.443         -11.729           29.211
   14 (vir)   138          38.642          -0.915          -4.124         -13.723           47.327
   15 (vir)   138          40.133          -0.406          -3.784         -13.265           49.208
   16 (vir)   138          40.385          -1.786          -2.877         -14.143           49.865
   17 (vir)   138          43.092           3.740          -3.958         -15.919           58.793
   18 (vir)   138          43.820          -1.779          -3.223         -14.478           53.296
   19 (vir)   138          51.492           0.332          -2.321         -12.074           61.577
   20 (vir)   138          68.493          -6.949           8.783         -14.399           84.726
   21 (vir)   138          68.948          -1.507          -3.382         -16.277           80.336
   22 (vir)   138          73.293          -1.412          -2.585         -15.015           84.312
   23 (vir)   138          75.674          -5.731           6.301         -14.368           90.611
   24 (vir)   138          85.974          -2.568           0.867         -12.551           96.824
   25 (vir)   138         186.828           2.452          -5.928         -12.478          195.830
   26 (vir)   138         237.140          -4.092           1.216         -18.032          252.296
 
 
  kpoint:     139             coordinate:     0.0000    0.0918    0.0000
 
    n           k   ϵ_nk^DFT (eV)     Σ^c_nk (eV)     Σ^x_nk (eV)    v_nk^xc (eV)   ϵ_nk^G0W0 (eV)
 
    1 (occ)   139         -21.201           9.092         -26.927         -16.248          -22.787
    2 (occ)   139          -8.711           3.987         -18.619         -13.239          -10.104
    3 (occ)   139          -5.827           3.094         -22.426         -17.969           -7.190
    4 (occ)   139          -5.466           2.992         -22.428         -18.120           -6.782
    5 (vir)   139           2.593          -2.384          -2.670          -6.478            4.017
    6 (vir)   139           3.878          -2.225          -2.954          -6.686            5.385
    7 (vir)   139           7.733          -4.296          -7.244         -14.217           10.410
    8 (vir)   139           8.510          -4.520          -7.296         -14.614           11.307
    9 (vir)   139           9.746          -8.155          -4.986         -13.782           10.387
   10 (vir)   139           9.801          -4.719          -6.373         -13.342           12.051
   11 (vir)   139          24.811          -6.791          -2.594         -10.349           25.776
   12 (vir)   139          27.089          -5.623          -3.637         -11.722           29.551
   13 (vir)   139          27.214          -6.037          -3.449         -11.724           29.451
   14 (vir)   139          38.519          -0.915          -4.103         -13.642           47.144
   15 (vir)   139          39.745          -0.471          -3.809         -13.255           48.720
   16 (vir)   139          40.870          -1.406          -3.218         -14.308           50.554
   17 (vir)   139          43.192           3.722          -3.925         -15.937           58.925
   18 (vir)   139          43.599          -1.840          -3.244         -14.535           53.049
   19 (vir)   139          51.554           1.982          -2.266         -11.788           63.058
   20 (vir)   139          69.254          -1.559          -3.265         -16.327           80.757
   21 (vir)   139          70.303          -4.679           0.165         -15.832           81.621
   22 (vir)   139          73.458          -1.383          -2.502         -14.968           84.541
   23 (vir)   139          78.158          -8.479           6.704         -13.667           90.049
   24 (vir)   139          85.925          -6.474           3.558         -12.214           95.223
   25 (vir)   139         188.381           7.685          17.961         -12.585          226.612
   26 (vir)   139         237.178          -5.102           0.117         -18.023          250.216
 
 
  kpoint:     140             coordinate:     0.0000    0.0816    0.0000
 
    n           k   ϵ_nk^DFT (eV)     Σ^c_nk (eV)     Σ^x_nk (eV)    v_nk^xc (eV)   ϵ_nk^G0W0 (eV)
 
    1 (occ)   140         -21.233           9.252         -26.931         -16.238          -22.673
    2 (occ)   140          -8.756           4.005         -18.625         -13.225          -10.151
    3 (occ)   140          -5.693           3.058         -22.435         -18.026           -7.043
    4 (occ)   140          -5.404           2.977         -22.438         -18.149           -6.717
    5 (vir)   140           2.557          -2.388          -2.746          -6.514            3.937
    6 (vir)   140           3.840          -2.212          -2.913          -6.628            5.343
    7 (vir)   140           7.747          -4.296          -7.262         -14.261           10.449
    8 (vir)   140           8.364          -4.480          -7.301         -14.576           11.159
    9 (vir)   140           9.712          -4.767          -6.405         -13.301           11.841
   10 (vir)   140           9.843          -8.185          -5.014         -13.876           10.520
   11 (vir)   140          24.778          -7.108          -2.608         -10.277           25.340
   12 (vir)   140          27.269          -5.611          -3.613         -11.719           29.764
   13 (vir)   140          27.382          -5.961          -3.456         -11.718           29.683
   14 (vir)   140          38.403          -0.919          -4.080         -13.565           46.969
   15 (vir)   140          39.386          -0.548          -3.833         -13.247           48.252
   16 (vir)   140          41.346           0.698          -3.555         -14.502           52.991
   17 (vir)   140          43.279          -9.479          -3.894         -15.952           45.859
   18 (vir)   140          43.399          -1.896          -3.266         -14.590           52.827
   19 (vir)   140          51.648          -8.622          -2.276         -11.451           52.201
   20 (vir)   140          69.523          -1.581          -3.137         -16.371           81.176
   21 (vir)   140          70.999          -2.138          -3.474         -16.371           81.758
   22 (vir)   140          73.631          -1.348          -2.414         -14.925           84.794
   23 (vir)   140          79.452          -3.269          -0.760         -13.759           89.182
   24 (vir)   140          89.453          -9.983           0.539         -11.960           91.969
   25 (vir)   140         189.574          12.274          41.065         -12.672          255.584
   26 (vir)   140         236.959          -4.901          -2.432         -17.996          247.621
 
 
  kpoint:     141             coordinate:     0.0000    0.0714    0.0000
 
    n           k   ϵ_nk^DFT (eV)     Σ^c_nk (eV)     Σ^x_nk (eV)    v_nk^xc (eV)   ϵ_nk^G0W0 (eV)
 
    1 (occ)   141         -21.260           9.432         -26.934         -16.229          -22.534
    2 (occ)   141          -8.796           4.021         -18.630         -13.213          -10.192
    3 (occ)   141          -5.572           3.025         -22.444         -18.079           -6.911
    4 (occ)   141          -5.349           2.963         -22.448         -18.175           -6.658
    5 (vir)   141           2.530          -2.361          -2.817          -6.559            3.911
    6 (vir)   141           3.806          -2.202          -2.878          -6.579            5.305
    7 (vir)   141           7.759          -4.290          -7.276         -14.299           10.492
    8 (vir)   141           8.233          -4.443          -7.305         -14.542           11.027
    9 (vir)   141           9.636          -4.711          -6.444         -13.263           11.744
   10 (vir)   141           9.931          -8.108          -5.037         -13.957           10.743
   11 (vir)   141          24.753          -6.375          -2.602         -10.213           25.989
   12 (vir)   141          27.438          -5.596          -3.589         -11.715           29.967
   13 (vir)   141          27.534          -5.880          -3.463         -11.713           29.905
   14 (vir)   141          38.296          -0.929          -4.057         -13.493           46.804
   15 (vir)   141          39.059          -0.635          -3.856         -13.242           47.809
   16 (vir)   141          41.803          -5.419          -3.792         -14.726           47.318
   17 (vir)   141          43.223          -1.948          -3.288         -14.643           52.630
   18 (vir)   141          43.355           5.141          -3.869         -15.965           60.593
   19 (vir)   141          51.774          -3.187          -2.292         -11.068           57.362
   20 (vir)   141          69.753          -1.585          -3.019         -16.409           81.558
   21 (vir)   141          71.222          -3.531          -4.409         -16.528           79.809
   22 (vir)   141          73.808          -1.320          -2.334         -14.889           85.043
   23 (vir)   141          78.942          -1.979          -2.941         -13.803           87.824
   24 (vir)   141          96.888          -7.373         -16.737         -12.131           84.909
   25 (vir)   141         190.464          -2.392          58.329         -12.741          259.142
   26 (vir)   141         236.415          -4.477          -5.966         -17.948          243.919
 
 
  kpoint:     142             coordinate:     0.0000    0.0612    0.0000
 
    n           k   ϵ_nk^DFT (eV)     Σ^c_nk (eV)     Σ^x_nk (eV)    v_nk^xc (eV)   ϵ_nk^G0W0 (eV)
 
    1 (occ)   142         -21.283           9.542         -26.935         -16.219          -22.457
    2 (occ)   142          -8.831           4.036         -18.635         -13.202          -10.228
    3 (occ)   142          -5.465           2.997         -22.453         -18.127           -6.794
    4 (occ)   142          -5.299           2.952         -22.458         -18.199           -6.606
    5 (vir)   142           2.512          -2.334          -2.865          -6.609            3.922
    6 (vir)   142           3.776          -2.193          -2.849          -6.538            5.272
    7 (vir)   142           7.769          -4.279          -7.287         -14.333           10.536
    8 (vir)   142           8.118          -4.410          -7.307         -14.512           10.912
    9 (vir)   142           9.571          -4.464          -6.474         -13.229           11.862
   10 (vir)   142          10.008          -5.310          -5.055         -14.026           13.669
   11 (vir)   142          24.736          -4.768          -2.569         -10.156           27.555
   12 (vir)   142          27.592          -5.581          -3.567         -11.711           30.155
   13 (vir)   142          27.671          -5.796          -3.470         -11.708           30.112
   14 (vir)   142          38.200          -0.945          -4.033         -13.428           46.650
   15 (vir)   142          38.767          -0.727          -3.879         -13.238           47.399
   16 (vir)   142          42.232          -3.953          -3.894         -14.971           49.356
   17 (vir)   142          43.069          -1.995          -3.310         -14.692           52.455
   18 (vir)   142          43.420         -11.065          -3.853         -15.977           44.478
   19 (vir)   142          51.928          -2.332          -2.247         -10.647           57.996
   20 (vir)   142          69.945          -1.577          -2.935         -16.439           81.872
   21 (vir)   142          71.244          -1.934          -4.512         -16.576           81.374
   22 (vir)   142          73.982          -1.302          -2.278         -14.860           85.262
   23 (vir)   142          77.970          -1.199          -3.370         -13.910           87.311
   24 (vir)   142         106.978           8.871         -36.495         -12.356           91.710
   25 (vir)   142         191.105          -1.596          66.945         -12.795          269.250
   26 (vir)   142         235.450          -0.338          -9.198         -17.871          243.786
 
 
  kpoint:     143             coordinate:     0.0000    0.0510    0.0000
 
    n           k   ϵ_nk^DFT (eV)     Σ^c_nk (eV)     Σ^x_nk (eV)    v_nk^xc (eV)   ϵ_nk^G0W0 (eV)
 
    1 (occ)   143         -21.302           9.542         -26.933         -16.211          -22.482
    2 (occ)   143          -8.860           4.047         -18.639         -13.193          -10.258
    3 (occ)   143          -5.373           2.974         -22.463         -18.169           -6.693
    4 (occ)   143          -5.256           2.942         -22.466         -18.220           -6.561
    5 (vir)   143           2.500          -2.337          -2.887          -6.661            3.937
    6 (vir)   143           3.751          -2.186          -2.825          -6.504            5.244
    7 (vir)   143           7.778          -4.251          -7.295         -14.361           10.593
    8 (vir)   143           8.020          -4.383          -7.309         -14.485           10.813
    9 (vir)   143           9.518          -4.437          -6.488         -13.201           11.793
   10 (vir)   143          10.074          -5.479          -5.070         -14.083           13.609
   11 (vir)   143          24.725          -3.860          -2.518         -10.108           28.454
   12 (vir)   143          27.730          -5.564          -3.546         -11.706           30.325
   13 (vir)   143          27.789          -5.715          -3.476         -11.703           30.301
   14 (vir)   143          38.115          -0.967          -4.012         -13.372           46.508
   15 (vir)   143          38.513          -0.820          -3.899         -13.236           47.030
   16 (vir)   143          42.619          -3.907          -3.891         -15.225           50.046
   17 (vir)   143          42.938          -2.037          -3.330         -14.735           52.305
   18 (vir)   143          43.474          -0.540          -3.848         -15.986           55.072
   19 (vir)   143          52.101          -2.080          -2.107         -10.206           58.121
   20 (vir)   143          70.102          -1.558          -2.899         -16.461           82.106
   21 (vir)   143          71.158          -1.673          -4.321         -16.584           81.749
   22 (vir)   143          74.146          -1.293          -2.251         -14.839           85.441
   23 (vir)   143          76.981          -1.094          -3.301         -14.073           86.658
   24 (vir)   143         119.479          -0.087         -47.307         -12.588           84.673
   25 (vir)   143         191.550          12.234          66.832         -12.837          283.453
   26 (vir)   143         233.917           2.689         -10.062         -17.758          244.301
 
 
  kpoint:     144             coordinate:     0.0000    0.0408    0.0000
 
    n           k   ϵ_nk^DFT (eV)     Σ^c_nk (eV)     Σ^x_nk (eV)    v_nk^xc (eV)   ϵ_nk^G0W0 (eV)
 
    1 (occ)   144         -21.317           9.505         -26.930         -16.203          -22.539
    2 (occ)   144          -8.884           4.057         -18.642         -13.186          -10.282
    3 (occ)   144          -5.297           2.954         -22.471         -18.205           -6.609
    4 (occ)   144          -5.221           2.933         -22.474         -18.238           -6.523
    5 (vir)   144           2.493          -2.357          -2.893          -6.709            3.953
    6 (vir)   144           3.730          -2.180          -2.806          -6.478            5.221
    7 (vir)   144           7.785          -4.358          -7.301         -14.384           10.509
    8 (vir)   144           7.939          -4.360          -7.311         -14.463           10.731
    9 (vir)   144           9.475          -4.540          -6.485         -13.178           11.628
   10 (vir)   144          10.129          -6.474          -5.082         -14.130           12.703
   11 (vir)   144          24.719          -5.443          -2.471         -10.068           26.873
   12 (vir)   144          27.847          -5.548          -3.528         -11.701           30.472
   13 (vir)   144          27.888          -5.641          -3.481         -11.698           30.464
   14 (vir)   144          38.044          -0.993          -3.992         -13.324           46.382
   15 (vir)   144          38.301          -0.907          -3.918         -13.235           46.711
   16 (vir)   144          42.831          -2.074          -3.348         -14.771           52.180
   17 (vir)   144          42.955          -4.620          -3.841         -15.470           49.963
   18 (vir)   144          43.517          -0.805          -3.850         -15.993           54.855
   19 (vir)   144          52.282          -2.109          -1.907          -9.770           58.036
   20 (vir)   144          70.225          -1.519          -2.909         -16.476           82.273
   21 (vir)   144          71.005          -1.723          -3.970         -16.570           81.882
   22 (vir)   144          74.292          -1.281          -2.252         -14.825           85.584
   23 (vir)   144          76.113          -1.215          -2.951         -14.269           86.216
   24 (vir)   144         134.279          -0.396         -39.181         -12.841          107.543
   25 (vir)   144         191.846           8.796          60.149         -12.868          273.659
   26 (vir)   144         231.576           3.703          -6.191         -17.601          246.689
 
 
  kpoint:     145             coordinate:     0.0000    0.0306    0.0000
 
    n           k   ϵ_nk^DFT (eV)     Σ^c_nk (eV)     Σ^x_nk (eV)    v_nk^xc (eV)   ϵ_nk^G0W0 (eV)
 
    1 (occ)   145         -21.329           9.419         -26.927         -16.197          -22.639
    2 (occ)   145          -8.903           4.065         -18.644         -13.181          -10.302
    3 (occ)   145          -5.237           2.939         -22.479         -18.233           -6.543
    4 (occ)   145          -5.193           2.927         -22.480         -18.252           -6.493
    5 (vir)   145           2.489          -2.383          -2.898          -6.751            3.959
    6 (vir)   145           3.713          -2.176          -2.791          -6.457            5.203
    7 (vir)   145           7.789          -4.324          -7.305         -14.401           10.561
    8 (vir)   145           7.875          -4.342          -7.311         -14.445           10.668
    9 (vir)   145           9.442          -4.652          -6.472         -13.161           11.479
   10 (vir)   145          10.172          -5.853          -5.091         -14.166           13.394
   11 (vir)   145          24.716          -4.662          -2.446         -10.037           27.644
   12 (vir)   145          27.942          -5.533          -3.513         -11.696           30.593
   13 (vir)   145          27.966          -5.579          -3.486         -11.695           30.596
   14 (vir)   145          37.987          -1.021          -3.976         -13.286           46.276
   15 (vir)   145          38.131          -0.983          -3.933         -13.235           46.451
   16 (vir)   145          42.748          -2.104          -3.362         -14.801           52.082
   17 (vir)   145          43.227          -6.504          -3.795         -15.688           48.616
   18 (vir)   145          43.551         -11.373          -3.857         -15.999           44.320
   19 (vir)   145          52.453          -1.730          -1.718          -9.372           58.377
   20 (vir)   145          70.317          -1.428          -2.951         -16.487           82.424
   21 (vir)   145          70.815          -2.025          -3.492         -16.544           81.843
   22 (vir)   145          74.415          -1.243          -2.270         -14.816           85.718
   23 (vir)   145          75.428          -1.447          -2.469         -14.470           85.983
   24 (vir)   145         150.895           9.792          -7.872         -13.120          165.935
   25 (vir)   145         192.032           5.433          50.223         -12.890          260.578
   26 (vir)   145         228.069           1.136           3.733         -17.401          250.340
 
 
  kpoint:     146             coordinate:     0.0000    0.0204    0.0000
 
    n           k   ϵ_nk^DFT (eV)     Σ^c_nk (eV)     Σ^x_nk (eV)    v_nk^xc (eV)   ϵ_nk^G0W0 (eV)
 
    1 (occ)   146         -21.337           9.414         -26.925         -16.192          -22.656
    2 (occ)   146          -8.916           4.070         -18.646         -13.177          -10.315
    3 (occ)   146          -5.193           2.928         -22.484         -18.254           -6.495
    4 (occ)   146          -5.172           2.922         -22.484         -18.263           -6.472
    5 (vir)   146           2.487          -2.403          -2.912          -6.784            3.957
    6 (vir)   146           3.701          -2.173          -2.781          -6.443            5.190
    7 (vir)   146           7.793          -4.319          -7.309         -14.413           10.578
    8 (vir)   146           7.830          -4.328          -7.312         -14.432           10.623
    9 (vir)   146           9.420          -4.662          -6.458         -13.149           11.449
   10 (vir)   146          10.202          -6.019          -5.097         -14.192           13.278
   11 (vir)   146          24.715          -7.810          -2.448         -10.015           24.471
   12 (vir)   146          28.012          -5.520          -3.502         -11.693           30.683
   13 (vir)   146          28.023          -5.534          -3.490         -11.692           30.691
   14 (vir)   146          37.945          -1.046          -3.964         -13.258           46.194
   15 (vir)   146          38.009          -1.041          -3.944         -13.235           46.258
   16 (vir)   146          42.688          -2.127          -3.373         -14.822           52.011
   17 (vir)   146          43.427          -8.883          -3.770         -15.859           46.634
   18 (vir)   146          43.574         -10.014          -3.867         -16.003           45.697
   19 (vir)   146          52.596           0.050          -1.597          -9.048           60.097
   20 (vir)   146          70.381          -1.195          -3.009         -16.493           82.670
   21 (vir)   146          70.627           2.751          -2.947         -16.518           86.949
   22 (vir)   146          74.507          -1.118          -2.290         -14.810           85.909
   23 (vir)   146          74.948           1.692          -2.020         -14.647           89.267
   24 (vir)   146         168.151         -10.334          40.712         -13.384          211.913
   25 (vir)   146         192.142           2.975          40.440         -12.904          248.462
   26 (vir)   146         222.938          -4.472          16.892         -17.202          252.561
 
 
  kpoint:     147             coordinate:     0.0000    0.0102    0.0000
 
    n           k   ϵ_nk^DFT (eV)     Σ^c_nk (eV)     Σ^x_nk (eV)    v_nk^xc (eV)   ϵ_nk^G0W0 (eV)
 
    1 (occ)   147         -21.342           9.433         -26.924         -16.189          -22.644
    2 (occ)   147          -8.924           4.073         -18.647         -13.174          -10.324
    3 (occ)   147          -5.167           2.921         -22.488         -18.267           -6.467
    4 (occ)   147          -5.160           2.919         -22.487         -18.269           -6.459
    5 (vir)   147           2.487          -2.410          -2.928          -6.805            3.954
    6 (vir)   147           3.694          -2.171          -2.775          -6.434            5.182
    7 (vir)   147           7.794          -4.321          -7.311         -14.420           10.583
    8 (vir)   147           7.803          -4.334          -7.312         -14.424           10.582
    9 (vir)   147           9.406          -4.654          -6.448         -13.141           11.445
   10 (vir)   147          10.221          -6.134          -5.100         -14.207           13.193
   11 (vir)   147          24.714          -5.435          -2.462         -10.001           26.818
   12 (vir)   147          28.055          -5.506          -3.495         -11.691           30.745
   13 (vir)   147          28.057          -5.512          -3.492         -11.690           30.744
   14 (vir)   147          37.920          -1.066          -3.956         -13.241           46.139
   15 (vir)   147          37.934          -1.073          -3.952         -13.236           46.146
   16 (vir)   147          42.652          -2.140          -3.380         -14.835           51.968
   17 (vir)   147          43.550         -10.522          -3.760         -15.969           45.237
   18 (vir)   147          43.589          -9.172          -3.878         -16.006           46.543
   19 (vir)   147          52.692           0.262          -1.549          -8.836           60.240
   20 (vir)   147          70.418          -0.656          -3.085         -16.496           83.173
   21 (vir)   147          70.486          -1.031          -2.463         -16.501           83.493
   22 (vir)   147          74.563          -0.802          -2.265         -14.807           86.304
   23 (vir)   147          74.669          -0.440          -1.759         -14.766           87.236
   24 (vir)   147         183.867          -2.734          95.055         -13.422          289.610
   25 (vir)   147         192.199           1.934          33.484         -12.913          240.530
   26 (vir)   147         216.035          -8.097          19.999         -17.208          245.145
 
 
  kpoint:     148             coordinate:     0.0000    0.0000    0.0000
 
    n           k   ϵ_nk^DFT (eV)     Σ^c_nk (eV)     Σ^x_nk (eV)    v_nk^xc (eV)   ϵ_nk^G0W0 (eV)
 
    1 (occ)   148         -21.343           9.443         -26.924         -16.188          -22.636
    2 (occ)   148          -8.927           4.075         -18.648         -13.174          -10.326
    3 (occ)   148          -5.159           2.919         -22.489         -18.271           -6.458
    4 (occ)   148          -5.155           2.918         -22.488         -18.271           -6.454
    5 (vir)   148           2.487          -2.409          -2.935          -6.812            3.955
    6 (vir)   148           3.692          -2.171          -2.773          -6.431            5.180
    7 (vir)   148           7.792          -4.318          -7.313         -14.422           10.583
    8 (vir)   148           7.797          -4.316          -7.311         -14.422           10.592
    9 (vir)   148           9.402          -4.651          -6.445         -13.139           11.445
   10 (vir)   148          10.227          -6.175          -5.102         -14.212           13.162
   11 (vir)   148          24.714          -5.385          -2.470          -9.997           26.856
   12 (vir)   148          28.068          -5.487          -3.493         -11.690           30.778
   13 (vir)   148          28.070          -5.514          -3.492         -11.689           30.754
   14 (vir)   148          37.908          -1.110          -3.954         -13.236           46.080
   15 (vir)   148          37.913          -1.069          -3.953         -13.235           46.126
   16 (vir)   148          42.640          -2.145          -3.382         -14.840           51.953
   17 (vir)   148          43.590         -11.234          -3.713         -16.007           44.651
   18 (vir)   148          43.594          -8.442          -3.927         -16.006           47.231
   19 (vir)   148          52.725          -0.142          -1.540          -8.762           59.805
   20 (vir)   148          70.429           0.164          -3.426         -16.498           83.665
   21 (vir)   148          70.436          -1.489          -1.961         -16.495           83.481
   22 (vir)   148          74.575          -0.751          -1.215         -14.809           87.417
   23 (vir)   148          74.586          -0.462          -2.710         -14.805           86.220
   24 (vir)   148         192.216           2.707          29.408         -12.915          237.246
   25 (vir)   148         192.267          -2.277         142.050         -12.916          344.955
   26 (vir)   148         210.890          -2.186          -1.761         -17.731          224.674
 
