 
  kpoint:       1             coordinate:     0.0000    0.0000    0.0000
 
    n           k   ϵ_nk^DFT (eV)     Σ^c_nk (eV)     Σ^x_nk (eV)    v_nk^xc (eV)   ϵ_nk^G0W0 (eV)
 
    1 (occ)     1         -21.343           8.002         -26.924         -16.188          -24.077
    2 (occ)     1          -8.927           3.760         -18.648         -13.174          -10.641
    3 (occ)     1          -5.159           2.893         -22.489         -18.271           -6.484
    4 (occ)     1          -5.155           2.892         -22.488         -18.271           -6.480
    5 (vir)     1           2.487          -2.387          -2.935          -6.812            3.977
    6 (vir)     1           3.692          -2.127          -2.773          -6.431            5.224
    7 (vir)     1           7.792          -4.063          -7.313         -14.422           10.838
    8 (vir)     1           7.797          -4.064          -7.311         -14.422           10.844
    9 (vir)     1           9.402          -4.344          -6.445         -13.139           11.752
   10 (vir)     1          10.227          -6.445          -5.102         -14.212           12.893
   11 (vir)     1          24.714          -4.395          -2.470          -9.997           27.846
   12 (vir)     1          28.068          -4.088          -3.493         -11.690           32.177
   13 (vir)     1          28.070          -4.089          -3.492         -11.689           32.179
   14 (vir)     1          37.908          -4.132          -3.954         -13.236           43.057
   15 (vir)     1          37.913          -4.134          -3.953         -13.235           43.062
   16 (vir)     1          42.640          -6.974          -3.382         -14.840           47.124
   17 (vir)     1          43.590          -2.922          -3.713         -16.007           52.962
   18 (vir)     1          43.594          -4.638          -3.927         -16.006           51.036
   19 (vir)     1          52.725          -4.059          -1.540          -8.762           55.888
   20 (vir)     1          70.429          -1.585          -3.426         -16.498           81.917
   21 (vir)     1          70.436          -2.202          -1.961         -16.495           82.768
   22 (vir)     1          74.575          -1.672          -1.215         -14.809           86.496
   23 (vir)     1          74.586          -1.323          -2.710         -14.805           85.358
   24 (vir)     1         192.216           0.718          29.408         -12.915          235.257
   25 (vir)     1         192.267          -2.824         142.050         -12.916          344.408
   26 (vir)     1         210.890          -2.273          -1.761         -17.731          224.587
 
 
  kpoint:       2             coordinate:     0.0068    0.0068    0.0000
 
    n           k   ϵ_nk^DFT (eV)     Σ^c_nk (eV)     Σ^x_nk (eV)    v_nk^xc (eV)   ϵ_nk^G0W0 (eV)
 
    1 (occ)     2         -21.341           8.002         -26.924         -16.189          -24.074
    2 (occ)     2          -8.923           3.759         -18.647         -13.175          -10.637
    3 (occ)     2          -5.171           2.896         -22.488         -18.265           -6.497
    4 (occ)     2          -5.161           2.893         -22.487         -18.268           -6.486
    5 (vir)     2           2.487          -2.386          -2.923          -6.802            3.980
    6 (vir)     2           3.695          -2.128          -2.775          -6.435            5.227
    7 (vir)     2           7.796          -4.063          -7.310         -14.419           10.842
    8 (vir)     2           7.804          -4.065          -7.312         -14.426           10.852
    9 (vir)     2           9.408          -4.346          -6.449         -13.142           11.755
   10 (vir)     2          10.219          -6.440          -5.100         -14.205           12.884
   11 (vir)     2          24.714          -4.408          -2.455         -10.003           27.855
   12 (vir)     2          28.051          -4.088          -3.495         -11.690           32.158
   13 (vir)     2          28.053          -4.093          -3.492         -11.691           32.159
   14 (vir)     2          37.924          -4.135          -3.957         -13.243           43.075
   15 (vir)     2          37.941          -4.134          -3.951         -13.236           43.092
   16 (vir)     2          42.656          -6.972          -3.379         -14.834           47.139
   17 (vir)     2          43.535          -2.991          -3.709         -15.957           52.792
   18 (vir)     2          43.588          -4.879          -3.920         -16.005           50.794
   19 (vir)     2          52.681          -1.621          -1.543          -8.861           58.377
   20 (vir)     2          70.413          -1.577          -3.358         -16.497           81.975
   21 (vir)     2          70.504          -2.074          -2.223         -16.502           82.710
   22 (vir)     2          74.560          -1.323          -2.652         -14.807           85.393
   23 (vir)     2          74.696          -1.605          -1.366         -14.753           86.478
   24 (vir)     2         181.669          -1.347         130.056         -13.451          323.829
   25 (vir)     2         192.203          -3.701         -16.647         -12.911          184.767
   26 (vir)     2         217.178         -12.184          31.422         -17.174          253.591
 
 
  kpoint:       3             coordinate:     0.0136    0.0136    0.0000
 
    n           k   ϵ_nk^DFT (eV)     Σ^c_nk (eV)     Σ^x_nk (eV)    v_nk^xc (eV)   ϵ_nk^G0W0 (eV)
 
    1 (occ)     3         -21.335           8.000         -26.924         -16.193          -24.066
    2 (occ)     3          -8.913           3.755         -18.646         -13.178          -10.625
    3 (occ)     3          -5.206           2.904         -22.483         -18.249           -6.536
    4 (occ)     3          -5.177           2.897         -22.483         -18.260           -6.503
    5 (vir)     3           2.488          -2.375          -2.899          -6.775            3.988
    6 (vir)     3           3.704          -2.130          -2.784          -6.447            5.238
    7 (vir)     3           7.794          -4.062          -7.307         -14.410           10.835
    8 (vir)     3           7.840          -4.072          -7.312         -14.435           10.891
    9 (vir)     3           9.426          -4.344          -6.460         -13.152           11.774
   10 (vir)     3          10.194          -6.427          -5.095         -14.185           12.857
   11 (vir)     3          24.715          -4.533          -2.428         -10.021           27.774
   12 (vir)     3          27.992          -4.086          -3.503         -11.693           32.095
   13 (vir)     3          28.010          -4.105          -3.491         -11.694           32.108
   14 (vir)     3          37.958          -4.140          -3.967         -13.265           43.115
   15 (vir)     3          38.040          -4.138          -3.942         -13.236           43.196
   16 (vir)     3          42.704          -6.967          -3.370         -14.816           47.183
   17 (vir)     3          43.372          -3.627          -3.711         -15.813           51.847
   18 (vir)     3          43.569          -5.661          -3.898         -16.002           50.012
   19 (vir)     3          52.556          -1.503          -1.591          -9.138           58.600
   20 (vir)     3          70.366          -1.563          -3.192         -16.494           82.105
   21 (vir)     3          70.680          -1.761          -2.874         -16.522           82.567
   22 (vir)     3          74.488          -1.322          -2.497         -14.814           85.483
   23 (vir)     3          75.069          -1.399          -1.803         -14.595           86.461
   24 (vir)     3         162.871          -7.355          58.545         -13.313          227.373
   25 (vir)     3         192.090          -3.578           6.445         -12.899          207.855
   26 (vir)     3         224.735          -4.064          23.563         -17.257          261.492
 
 
  kpoint:       4             coordinate:     0.0204    0.0204    0.0000
 
    n           k   ϵ_nk^DFT (eV)     Σ^c_nk (eV)     Σ^x_nk (eV)    v_nk^xc (eV)   ϵ_nk^G0W0 (eV)
 
    1 (occ)     4         -21.324           7.997         -26.927         -16.199          -24.054
    2 (occ)     4          -8.895           3.750         -18.643         -13.183          -10.605
    3 (occ)     4          -5.263           2.917         -22.476         -18.221           -6.601
    4 (occ)     4          -5.204           2.902         -22.477         -18.246           -6.533
    5 (vir)     4           2.490          -2.345          -2.882          -6.733            3.996
    6 (vir)     4           3.720          -2.133          -2.797          -6.466            5.256
    7 (vir)     4           7.790          -4.060          -7.304         -14.396           10.822
    8 (vir)     4           7.899          -4.083          -7.310         -14.450           10.956
    9 (vir)     4           9.456          -4.322          -6.473         -13.169           11.830
   10 (vir)     4          10.153          -6.404          -5.087         -14.151           12.813
   11 (vir)     4          24.717          -4.818          -2.431         -10.050           27.518
   12 (vir)     4          27.892          -4.085          -3.514         -11.695           31.988
   13 (vir)     4          27.942          -4.123          -3.490         -11.700           32.029
   14 (vir)     4          38.012          -4.149          -3.983         -13.301           43.180
   15 (vir)     4          38.204          -4.146          -3.927         -13.236           43.368
   16 (vir)     4          42.783          -6.958          -3.356         -14.788           47.258
   17 (vir)     4          43.107          -6.681          -3.747         -15.592           48.271
   18 (vir)     4          43.538          -6.829          -3.875         -15.997           48.830
   19 (vir)     4          52.376          -2.625          -1.743          -9.550           57.557
   20 (vir)     4          70.292          -1.567          -3.035         -16.491           82.182
   21 (vir)     4          70.885          -1.520          -3.602         -16.541           82.304
   22 (vir)     4          74.381          -1.323          -2.322         -14.836           85.572
   23 (vir)     4          75.708          -1.124          -2.454         -14.369           86.500
   24 (vir)     4         143.109          -0.437          -1.751         -12.997          153.918
   25 (vir)     4         191.771          -2.558          32.315         -12.871          234.400
   26 (vir)     4         229.922           5.075           4.577         -17.497          257.071
 
 
  kpoint:       5             coordinate:     0.0272    0.0272    0.0000
 
    n           k   ϵ_nk^DFT (eV)     Σ^c_nk (eV)     Σ^x_nk (eV)    v_nk^xc (eV)   ϵ_nk^G0W0 (eV)
 
    1 (occ)     5         -21.308           7.993         -26.931         -16.208          -24.038
    2 (occ)     5          -8.870           3.742         -18.640         -13.191          -10.577
    3 (occ)     5          -5.342           2.935         -22.467         -18.185           -6.689
    4 (occ)     5          -5.242           2.910         -22.468         -18.227           -6.573
    5 (vir)     5           2.496          -2.302          -2.878          -6.680            3.996
    6 (vir)     5           3.742          -2.138          -2.817          -6.493            5.281
    7 (vir)     5           7.786          -4.058          -7.301         -14.378           10.806
    8 (vir)     5           7.980          -4.097          -7.306         -14.466           11.043
    9 (vir)     5           9.501          -4.284          -6.480         -13.194           11.930
   10 (vir)     5          10.096          -6.372          -5.075         -14.102           12.752
   11 (vir)     5          24.722          -4.917          -2.483         -10.092           27.413
   12 (vir)     5          27.750          -4.085          -3.526         -11.696           31.834
   13 (vir)     5          27.857          -4.146          -3.491         -11.709           31.929
   14 (vir)     5          38.084          -4.161          -4.004         -13.348           43.268
   15 (vir)     5          38.428          -4.158          -3.907         -13.240           43.603
   16 (vir)     5          42.750          -2.631          -3.829         -15.321           51.611
   17 (vir)     5          42.895          -6.942          -3.337         -14.749           47.365
   18 (vir)     5          43.496          -7.531          -3.865         -15.989           48.088
   19 (vir)     5          52.169          -1.372          -1.986         -10.037           58.849
   20 (vir)     5          70.197          -2.016          -2.981         -16.492           81.693
   21 (vir)     5          71.030          -1.216          -4.159         -16.521           82.176
   22 (vir)     5          74.261          -1.712          -2.244         -14.887           85.192
   23 (vir)     5          76.606          -0.797          -3.175         -14.126           86.759
   24 (vir)     5         125.096          -0.060         -36.681         -12.703          101.058
   25 (vir)     5         191.037          -1.950          47.270         -12.819          249.176
   26 (vir)     5         233.282           6.986          -8.021         -17.702          249.949
 
 
  kpoint:       6             coordinate:     0.0340    0.0340    0.0000
 
    n           k   ϵ_nk^DFT (eV)     Σ^c_nk (eV)     Σ^x_nk (eV)    v_nk^xc (eV)   ϵ_nk^G0W0 (eV)
 
    1 (occ)     6         -21.287           7.987         -26.935         -16.217          -24.018
    2 (occ)     6          -8.838           3.733         -18.636         -13.200          -10.541
    3 (occ)     6          -5.442           2.958         -22.458         -18.140           -6.801
    4 (occ)     6          -5.291           2.920         -22.457         -18.202           -6.626
    5 (vir)     6           2.508          -2.277          -2.872          -6.621            3.980
    6 (vir)     6           3.770          -2.144          -2.843          -6.530            5.313
    7 (vir)     6           7.783          -4.055          -7.297         -14.358           10.788
    8 (vir)     6           8.080          -4.115          -7.297         -14.481           11.149
    9 (vir)     6           9.560          -4.263          -6.479         -13.229           12.047
   10 (vir)     6          10.024          -6.331          -5.059         -14.040           12.674
   11 (vir)     6          24.733          -4.734          -2.564         -10.145           27.580
   12 (vir)     6          27.567          -4.086          -3.540         -11.695           31.635
   13 (vir)     6          27.758          -4.173          -3.493         -11.722           31.814
   14 (vir)     6          38.174          -4.177          -4.028         -13.405           43.374
   15 (vir)     6          38.709          -4.175          -3.884         -13.247           43.898
   16 (vir)     6          42.316          -2.304          -3.932         -15.030           51.111
   17 (vir)     6          43.038          -6.919          -3.315         -14.701           47.506
   18 (vir)     6          43.442          -7.422          -3.875         -15.979           48.124
   19 (vir)     6          51.964          -1.403          -2.232         -10.546           58.875
   20 (vir)     6          70.087          -1.811          -3.065         -16.500           81.710
   21 (vir)     6          71.039          -1.168          -4.459         -16.430           81.842
   22 (vir)     6          74.150          -1.373          -2.396         -14.977           85.359
   23 (vir)     6          77.705          -0.677          -3.844         -13.916           87.100
   24 (vir)     6         110.034          -0.963         -44.063         -12.452           77.459
   25 (vir)     6         189.571          -2.218          41.920         -12.729          242.001
   26 (vir)     6         235.473           3.814         -11.795         -17.847          245.339
 
 
  kpoint:       7             coordinate:     0.0408    0.0408    0.0000
 
    n           k   ϵ_nk^DFT (eV)     Σ^c_nk (eV)     Σ^x_nk (eV)    v_nk^xc (eV)   ϵ_nk^G0W0 (eV)
 
    1 (occ)     7         -21.262           7.980         -26.937         -16.228          -23.991
    2 (occ)     7          -8.799           3.721         -18.631         -13.212          -10.497
    3 (occ)     7          -5.560           2.986         -22.449         -18.088           -6.935
    4 (occ)     7          -5.349           2.932         -22.444         -18.172           -6.689
    5 (vir)     7           2.528          -2.293          -2.845          -6.561            3.951
    6 (vir)     7           3.804          -2.153          -2.876          -6.576            5.351
    7 (vir)     7           7.782          -4.052          -7.293         -14.336           10.772
    8 (vir)     7           8.195          -4.136          -7.281         -14.490           11.268
    9 (vir)     7           9.637          -4.311          -6.478         -13.278           12.126
   10 (vir)     7           9.937          -6.281          -5.038         -13.962           12.580
   11 (vir)     7          24.752          -4.759          -2.630         -10.208           27.571
   12 (vir)     7          27.345          -4.087          -3.555         -11.690           31.393
   13 (vir)     7          27.653          -4.204          -3.495         -11.738           31.691
   14 (vir)     7          38.278          -4.195          -4.055         -13.470           43.497
   15 (vir)     7          39.042          -4.199          -3.857         -13.261           44.247
   16 (vir)     7          41.822          -2.370          -3.996         -14.748           50.204
   17 (vir)     7          43.213          -6.885          -3.290         -14.645           47.683
   18 (vir)     7          43.378          -7.150          -3.903         -15.966           48.291
   19 (vir)     7          51.780          -1.601          -2.403         -11.034           58.810
   20 (vir)     7          69.963          -1.886          -3.255         -16.521           81.343
   21 (vir)     7          70.855          -1.456          -4.540         -16.262           81.122
   22 (vir)     7          74.050          -1.374          -2.851         -15.078           84.903
   23 (vir)     7          78.859          -1.097          -4.595         -13.788           86.955
   24 (vir)     7          98.213           5.732         -34.165         -12.222           82.002
   25 (vir)     7         186.947           5.472          17.477         -12.578          222.474
   26 (vir)     7         236.930          -0.888          -9.617         -17.942          244.367
 
 
  kpoint:       8             coordinate:     0.0476    0.0476    0.0000
 
    n           k   ϵ_nk^DFT (eV)     Σ^c_nk (eV)     Σ^x_nk (eV)    v_nk^xc (eV)   ϵ_nk^G0W0 (eV)
 
    1 (occ)     8         -21.230           7.972         -26.937         -16.240          -23.955
    2 (occ)     8          -8.752           3.706         -18.625         -13.226          -10.445
    3 (occ)     8          -5.696           3.019         -22.441         -18.030           -7.087
    4 (occ)     8          -5.418           2.947         -22.430         -18.137           -6.763
    5 (vir)     8           2.558          -2.340          -2.801          -6.506            3.924
    6 (vir)     8           3.843          -2.163          -2.916          -6.632            5.396
    7 (vir)     8           7.783          -4.049          -7.289         -14.313           10.758
    8 (vir)     8           8.323          -4.161          -7.254         -14.485           11.393
    9 (vir)     8           9.734          -4.417          -6.495         -13.345           12.166
   10 (vir)     8           9.836          -6.223          -5.012         -13.869           12.470
   11 (vir)     8          24.782          -4.917          -2.655         -10.282           27.492
   12 (vir)     8          27.086          -4.087          -3.570         -11.682           31.111
   13 (vir)     8          27.544          -4.239          -3.499         -11.758           31.564
   14 (vir)     8          38.393          -4.218          -4.084         -13.541           43.632
   15 (vir)     8          39.420          -4.232          -3.828         -13.281           44.640
   16 (vir)     8          41.286          -3.151          -3.981         -14.495           48.649
   17 (vir)     8          43.305          -7.187          -3.938         -15.950           48.130
   18 (vir)     8          43.421          -6.838          -3.265         -14.582           47.900
   19 (vir)     8          51.629          -2.634          -2.496         -11.472           57.972
   20 (vir)     8          69.826          -1.972          -3.510         -16.571           80.916
   21 (vir)     8          70.424          -2.374          -4.562         -16.023           79.512
   22 (vir)     8          73.885          -1.671          -3.602         -15.070           83.683
   23 (vir)     8          79.635          -3.484          -6.403         -13.828           83.576
   24 (vir)     8          89.799          -9.552         -18.924         -12.007           73.330
   25 (vir)     8         182.651          -3.682         -13.091         -12.342          178.221
   26 (vir)     8         237.904          -4.183          -5.521         -17.999          246.198
 
 
  kpoint:       9             coordinate:     0.0544    0.0544    0.0000
 
    n           k   ϵ_nk^DFT (eV)     Σ^c_nk (eV)     Σ^x_nk (eV)    v_nk^xc (eV)   ϵ_nk^G0W0 (eV)
 
    1 (occ)     9         -21.194           7.962         -26.934         -16.252          -23.914
    2 (occ)     9          -8.699           3.690         -18.618         -13.242          -10.385
    3 (occ)     9          -5.847           3.057         -22.435         -17.968           -7.258
    4 (occ)     9          -5.496           2.963         -22.413         -18.098           -6.848
    5 (vir)     9           2.601          -2.372          -2.761          -6.461            3.930
    6 (vir)     9           3.888          -2.176          -2.965          -6.701            5.448
    7 (vir)     9           7.787          -4.046          -7.285         -14.292           10.748
    8 (vir)     9           8.458          -4.190          -7.218         -14.463           11.514
    9 (vir)     9           9.721          -6.156          -4.979         -13.759           12.346
   10 (vir)     9           9.853          -4.500          -6.546         -13.433           12.240
   11 (vir)     9          24.823          -4.699          -2.651         -10.366           27.838
   12 (vir)     9          26.794          -4.085          -3.586         -11.670           30.793
   13 (vir)     9          27.437          -4.277          -3.502         -11.781           31.438
   14 (vir)     9          38.519          -4.243          -4.113         -13.615           43.778
   15 (vir)     9          39.835          -4.277          -3.797         -13.309           45.070
   16 (vir)     9          40.726          -4.324          -3.913         -14.284           46.772
   17 (vir)     9          43.223          -7.450          -3.965         -15.931           47.739
   18 (vir)     9          43.663          -6.774          -3.242         -14.513           48.161
   19 (vir)     9          51.517          -3.065          -2.561         -11.846           57.738
   20 (vir)     9          69.548          -3.821          -5.492         -16.190           76.426
   21 (vir)     9          69.737          -5.595          -3.409         -16.089           76.823
   22 (vir)     9          73.359          -4.481          -4.728         -14.643           78.793
   23 (vir)     9          78.731          -9.805          -9.145         -14.127           73.907
   24 (vir)     9          85.982          -6.763          -6.016         -12.088           85.291
   25 (vir)     9         176.155          -6.395         -32.076         -11.995          149.678
   26 (vir)     9         238.527          -5.343          -2.453         -18.029          248.760
 
 
  kpoint:      10             coordinate:     0.0612    0.0612    0.0000
 
    n           k   ϵ_nk^DFT (eV)     Σ^c_nk (eV)     Σ^x_nk (eV)    v_nk^xc (eV)   ϵ_nk^G0W0 (eV)
 
    1 (occ)    10         -21.152           7.950         -26.930         -16.264          -23.868
    2 (occ)    10          -8.639           3.671         -18.610         -13.261          -10.317
    3 (occ)    10          -6.013           3.098         -22.432         -17.903           -7.444
    4 (occ)    10          -5.583           2.982         -22.395         -18.054           -6.942
    5 (vir)    10           2.658          -2.350          -2.744          -6.430            3.994
    6 (vir)    10           3.937          -2.192          -3.023          -6.783            5.505
    7 (vir)    10           7.796          -4.043          -7.281         -14.271           10.743
    8 (vir)    10           8.597          -4.217          -7.173         -14.420           11.626
    9 (vir)    10           9.596          -6.080          -4.938         -13.631           12.208
   10 (vir)    10           9.999          -4.512          -6.622         -13.544           12.409
   11 (vir)    10          24.877          -4.518          -2.654         -10.457           28.161
   12 (vir)    10          26.472          -4.081          -3.601         -11.653           30.443
   13 (vir)    10          27.334          -4.319          -3.506         -11.807           31.316
   14 (vir)    10          38.652          -4.271          -4.141         -13.691           43.931
   15 (vir)    10          40.156          -2.816          -3.852         -14.118           47.607
   16 (vir)    10          40.280          -4.339          -3.762         -13.346           45.525
   17 (vir)    10          43.133          -7.376          -3.975         -15.909           47.691
   18 (vir)    10          43.941          -6.687          -3.222         -14.439           48.472
   19 (vir)    10          51.443          -2.548          -2.630         -12.151           58.417
   20 (vir)    10          67.952          -6.014          -8.291         -14.781           68.429
   21 (vir)    10          69.538          -8.320          -3.510         -16.587           74.296
   22 (vir)    10          72.057          -3.241          -5.105         -14.030           77.741
   23 (vir)    10          77.064          -4.875          -6.892         -15.043           80.340
   24 (vir)    10          86.157          -2.149          -2.393         -12.323           93.938
   25 (vir)    10         167.063          -0.201         -29.241         -11.521          149.143
   26 (vir)    10         238.869          -4.015          -1.300         -18.043          251.597
 
 
  kpoint:      11             coordinate:     0.0680    0.0680    0.0000
 
    n           k   ϵ_nk^DFT (eV)     Σ^c_nk (eV)     Σ^x_nk (eV)    v_nk^xc (eV)   ϵ_nk^G0W0 (eV)
 
    1 (occ)    11         -21.104           7.935         -26.925         -16.277          -23.817
    2 (occ)    11          -8.572           3.651         -18.602         -13.281          -10.241
    3 (occ)    11          -6.191           3.143         -22.432         -17.835           -7.644
    4 (occ)    11          -5.679           3.002         -22.376         -18.006           -7.047
    5 (vir)    11           2.732          -2.283          -2.748          -6.416            4.117
    6 (vir)    11           3.990          -2.211          -3.093          -6.881            5.567
    7 (vir)    11           7.810          -4.041          -7.277         -14.252           10.744
    8 (vir)    11           8.735          -4.233          -7.124         -14.356           11.734
    9 (vir)    11           9.459          -5.996          -4.887         -13.483           12.059
   10 (vir)    11          10.174          -4.472          -6.689         -13.676           12.689
   11 (vir)    11          24.943          -4.790          -2.690         -10.556           28.020
   12 (vir)    11          26.125          -4.076          -3.617         -11.633           30.065
   13 (vir)    11          27.237          -4.363          -3.510         -11.836           31.201
   14 (vir)    11          38.793          -4.301          -4.168         -13.767           44.091
   15 (vir)    11          39.589          -4.737          -3.806         -13.995           45.040
   16 (vir)    11          40.745          -4.420          -3.723         -13.391           45.994
   17 (vir)    11          43.035          -6.802          -3.972         -15.883           48.143
   18 (vir)    11          44.259          -6.572          -3.207         -14.361           48.841
   19 (vir)    11          51.399          -6.004          -2.681         -12.391           55.104
   20 (vir)    11          65.243          -0.534         -11.784         -13.385           66.310
   21 (vir)    11          69.341          -2.067          -3.739         -16.733           80.269
   22 (vir)    11          70.773          -1.646          -3.447         -14.274           79.954
   23 (vir)    11          76.557          -1.349          -5.253         -15.630           85.585
   24 (vir)    11          87.409          -4.116          -1.751         -12.339           93.881
   25 (vir)    11         155.327          12.020         -10.081         -10.930          168.196
   26 (vir)    11         238.974          -2.414          -1.336         -18.047          253.271
 
 
  kpoint:      12             coordinate:     0.0748    0.0748    0.0000
 
    n           k   ϵ_nk^DFT (eV)     Σ^c_nk (eV)     Σ^x_nk (eV)    v_nk^xc (eV)   ϵ_nk^G0W0 (eV)
 
    1 (occ)    12         -21.050           7.919         -26.918         -16.290          -23.760
    2 (occ)    12          -8.498           3.628         -18.593         -13.305          -10.158
    3 (occ)    12          -6.379           3.192         -22.435         -17.767           -7.856
    4 (occ)    12          -5.783           3.025         -22.357         -17.955           -7.161
    5 (vir)    12           2.823          -2.227          -2.748          -6.422            4.271
    6 (vir)    12           4.047          -2.235          -3.174          -6.998            5.635
    7 (vir)    12           7.829          -4.039          -7.273         -14.234           10.752
    8 (vir)    12           8.870          -4.237          -7.063         -14.276           11.846
    9 (vir)    12           9.314          -5.903          -4.825         -13.312           11.898
   10 (vir)    12          10.379          -4.431          -6.711         -13.823           13.060
   11 (vir)    12          25.021          -5.015          -2.750         -10.661           27.918
   12 (vir)    12          25.755          -4.068          -3.632         -11.609           29.664
   13 (vir)    12          27.150          -4.409          -3.514         -11.868           31.095
   14 (vir)    12          38.940          -4.335          -4.192         -13.842           44.255
   15 (vir)    12          39.028          -1.743          -3.699         -13.903           47.489
   16 (vir)    12          41.222          -4.525          -3.677         -13.444           46.464
   17 (vir)    12          42.929          -6.711          -3.974         -15.851           48.096
   18 (vir)    12          44.620          -6.427          -3.201         -14.282           49.275
   19 (vir)    12          51.372          -6.148          -2.702         -12.572           55.094
   20 (vir)    12          62.209           6.551         -11.879         -12.485           69.366
   21 (vir)    12          69.040          -4.297          -4.069         -16.755           77.429
   22 (vir)    12          69.968          -1.284          -2.175         -14.566           81.075
   23 (vir)    12          76.582          -0.545          -4.354         -15.842           87.525
   24 (vir)    12          88.786          -1.041          -1.498         -12.250           98.497
   25 (vir)    12         141.443          -2.512           8.103         -10.269          157.303
   26 (vir)    12         238.892          -1.465          -1.485         -18.044          253.986
 
 
  kpoint:      13             coordinate:     0.0816    0.0816    0.0000
 
    n           k   ϵ_nk^DFT (eV)     Σ^c_nk (eV)     Σ^x_nk (eV)    v_nk^xc (eV)   ϵ_nk^G0W0 (eV)
 
    1 (occ)    13         -20.991           7.900         -26.908         -16.303          -23.697
    2 (occ)    13          -8.417           3.603         -18.583         -13.331          -10.067
    3 (occ)    13          -6.577           3.244         -22.442         -17.697           -8.078
    4 (occ)    13          -5.896           3.049         -22.336         -17.900           -7.283
    5 (vir)    13           2.933          -2.238          -2.722          -6.449            4.421
    6 (vir)    13           4.106          -2.264          -3.271          -7.136            5.707
    7 (vir)    13           7.854          -4.037          -7.269         -14.218           10.767
    8 (vir)    13           9.001          -4.249          -6.981         -14.189           11.961
    9 (vir)    13           9.161          -5.801          -4.750         -13.117           11.727
   10 (vir)    13          10.613          -4.465          -6.679         -13.975           13.445
   11 (vir)    13          25.108          -4.962          -2.805         -10.771           28.112
   12 (vir)    13          25.367          -4.058          -3.647         -11.581           29.242
   13 (vir)    13          27.073          -4.458          -3.517         -11.903           31.001
   14 (vir)    13          38.475          -1.596          -3.449         -13.832           47.262
   15 (vir)    13          39.091          -4.370          -4.214         -13.916           44.424
   16 (vir)    13          41.699          -4.656          -3.624         -13.501           46.920
   17 (vir)    13          42.814          -7.316          -3.998         -15.812           47.313
   18 (vir)    13          45.028          -6.248          -3.203         -14.205           49.781
   19 (vir)    13          51.338          -5.477          -2.755         -12.699           55.806
   20 (vir)    13          59.353           7.052          -7.579         -11.866           70.692
   21 (vir)    13          68.518          -1.615          -3.894         -16.344           79.353
   22 (vir)    13          69.537          -2.269          -2.064         -15.116           80.321
   23 (vir)    13          76.780          -0.755          -3.589         -15.936           88.372
   24 (vir)    13          89.859          -0.530          -1.155         -12.053          100.227
   25 (vir)    13         126.572          -2.520          10.442          -9.664          144.158
   26 (vir)    13         238.680          -1.541          -1.277         -18.039          253.902
 
 
  kpoint:      14             coordinate:     0.0884    0.0884    0.0000
 
    n           k   ϵ_nk^DFT (eV)     Σ^c_nk (eV)     Σ^x_nk (eV)    v_nk^xc (eV)   ϵ_nk^G0W0 (eV)
 
    1 (occ)    14         -20.927           7.881         -26.898         -16.317          -23.627
    2 (occ)    14          -8.330           3.575         -18.573         -13.359           -9.968
    3 (occ)    14          -6.782           3.298         -22.452         -17.627           -8.309
    4 (occ)    14          -6.015           3.075         -22.316         -17.842           -7.414
    5 (vir)    14           3.061          -2.322          -2.676          -6.497            4.559
    6 (vir)    14           4.166          -2.299          -3.384          -7.300            5.782
    7 (vir)    14           7.886          -4.035          -7.265         -14.203           10.789
    8 (vir)    14           9.003          -5.689          -4.659         -12.894           11.549
    9 (vir)    14           9.129          -4.291          -6.875         -14.101           12.065
   10 (vir)    14          10.875          -4.606          -6.620         -14.124           13.774
   11 (vir)    14          24.963          -4.045          -3.662         -11.549           28.804
   12 (vir)    14          25.203          -5.007          -2.835         -10.885           28.246
   13 (vir)    14          27.008          -4.508          -3.520         -11.940           30.920
   14 (vir)    14          37.923          -2.099          -3.086         -13.767           46.505
   15 (vir)    14          39.247          -4.406          -4.233         -13.987           44.595
   16 (vir)    14          42.167          -4.809          -3.564         -13.559           47.353
   17 (vir)    14          42.688          -6.553          -4.052         -15.759           47.842
   18 (vir)    14          45.490          -6.043          -3.216         -14.132           50.364
   19 (vir)    14          51.248          -2.336          -2.911         -12.758           58.759
   20 (vir)    14          56.766           1.738          -0.820         -11.371           69.055
   21 (vir)    14          67.837          -2.130          -3.604         -15.989           78.093
   22 (vir)    14          69.316          -1.510          -2.518         -15.520           80.808
   23 (vir)    14          77.037          -1.286          -2.986         -15.979           88.743
   24 (vir)    14          89.755           0.803          -1.411         -11.482          100.628
   25 (vir)    14         112.760          -2.607          -2.853          -9.490          116.790
   26 (vir)    14         238.406          -2.140          -0.947         -18.033          253.352
 
 
  kpoint:      15             coordinate:     0.0952    0.0952    0.0000
 
    n           k   ϵ_nk^DFT (eV)     Σ^c_nk (eV)     Σ^x_nk (eV)    v_nk^xc (eV)   ϵ_nk^G0W0 (eV)
 
    1 (occ)    15         -20.857           7.860         -26.887         -16.331          -23.553
    2 (occ)    15          -8.236           3.546         -18.563         -13.390           -9.862
    3 (occ)    15          -6.993           3.354         -22.465         -17.558           -8.546
    4 (occ)    15          -6.141           3.103         -22.295         -17.781           -7.553
    5 (vir)    15           3.207          -2.426          -2.646          -6.567            4.702
    6 (vir)    15           4.226          -2.342          -3.517          -7.494            5.860
    7 (vir)    15           7.924          -4.033          -7.260         -14.188           10.819
    8 (vir)    15           8.842          -5.566          -4.549         -12.638           11.365
    9 (vir)    15           9.255          -4.357          -6.763         -14.016           12.151
   10 (vir)    15          11.162          -4.753          -6.580         -14.265           14.095
   11 (vir)    15          24.546          -4.031          -3.677         -11.514           28.353
   12 (vir)    15          25.301          -5.092          -2.845         -11.002           28.365
   13 (vir)    15          26.956          -4.560          -3.523         -11.979           30.852
   14 (vir)    15          37.364          -2.358          -2.781         -13.692           45.916
   15 (vir)    15          39.407          -4.443          -4.250         -14.055           44.769
   16 (vir)    15          42.542          -6.458          -4.135         -15.678           47.627
   17 (vir)    15          42.618          -4.978          -3.498         -13.613           47.755
   18 (vir)    15          46.006          -5.821          -3.236         -14.070           51.019
   19 (vir)    15          50.958          -1.870          -2.750         -12.601           58.939
   20 (vir)    15          54.519          -4.132           4.112         -11.107           65.605
   21 (vir)    15          67.075          -1.439          -3.723         -15.752           77.666
   22 (vir)    15          69.169          -0.917          -2.896         -15.705           81.061
   23 (vir)    15          77.287          -1.730          -2.657         -15.946           88.846
   24 (vir)    15          85.811           3.071          -9.567          -9.892           89.208
   25 (vir)    15         103.869           4.808         -12.376         -10.570          106.871
   26 (vir)    15         238.135          -2.597          -0.918         -18.029          252.650
 
 
  kpoint:      16             coordinate:     0.1020    0.1020    0.0000
 
    n           k   ϵ_nk^DFT (eV)     Σ^c_nk (eV)     Σ^x_nk (eV)    v_nk^xc (eV)   ϵ_nk^G0W0 (eV)
 
    1 (occ)    16         -20.783           7.838         -26.876         -16.347          -23.474
    2 (occ)    16          -8.135           3.514         -18.552         -13.424           -9.749
    3 (occ)    16          -7.209           3.412         -22.480         -17.489           -8.789
    4 (occ)    16          -6.274           3.132         -22.275         -17.718           -7.698
    5 (vir)    16           3.369          -2.491          -2.664          -6.656            4.870
    6 (vir)    16           4.285          -2.395          -3.673          -7.723            5.940
    7 (vir)    16           7.968          -4.033          -7.253         -14.174           10.856
    8 (vir)    16           8.681          -5.432          -4.416         -12.344           11.177
    9 (vir)    16           9.380          -4.406          -6.677         -13.935           12.233
   10 (vir)    16          11.471          -4.803          -6.587         -14.395           14.476
   11 (vir)    16          24.120          -4.014          -3.692         -11.477           27.891
   12 (vir)    16          25.399          -4.916          -2.866         -11.119           28.736
   13 (vir)    16          26.916          -4.613          -3.525         -12.020           30.798
   14 (vir)    16          36.786          -2.585          -2.736         -13.590           45.055
   15 (vir)    16          39.570          -4.481          -4.264         -14.120           44.945
   16 (vir)    16          42.359          -5.392          -4.260         -15.530           48.237
   17 (vir)    16          43.047          -5.151          -3.428         -13.657           48.125
   18 (vir)    16          46.579          -5.599          -3.263         -14.023           51.740
   19 (vir)    16          50.016          -3.309          -0.817         -11.703           57.592
   20 (vir)    16          52.981          -5.110           2.598         -11.621           62.090
   21 (vir)    16          66.126          -1.444          -4.773         -15.257           75.167
   22 (vir)    16          69.056          -8.429          -3.055         -15.776           73.349
   23 (vir)    16          76.509          -1.645         -12.866         -11.068           73.065
   24 (vir)    16          78.292          -0.158         -10.997         -13.742           80.878
   25 (vir)    16         101.612          -0.421          -8.952         -11.580          103.819
   26 (vir)    16         237.925          -2.700          -1.291         -18.028          251.962
 
 
  kpoint:      17             coordinate:     0.1088    0.1088    0.0000
 
    n           k   ϵ_nk^DFT (eV)     Σ^c_nk (eV)     Σ^x_nk (eV)    v_nk^xc (eV)   ϵ_nk^G0W0 (eV)
 
    1 (occ)    17         -20.703           7.814         -26.867         -16.364          -23.392
    2 (occ)    17          -8.028           3.481         -18.542         -13.461           -9.628
    3 (occ)    17          -7.429           3.471         -22.498         -17.420           -9.036
    4 (occ)    17          -6.412           3.163         -22.256         -17.654           -7.851
    5 (vir)    17           3.547          -2.498          -2.740          -6.763            5.072
    6 (vir)    17           4.340          -2.460          -3.856          -7.994            6.019
    7 (vir)    17           8.020          -4.034          -7.246         -14.160           10.900
    8 (vir)    17           8.522          -5.283          -4.258         -12.006           10.988
    9 (vir)    17           9.506          -4.412          -6.632         -13.859           12.322
   10 (vir)    17          11.798          -4.811          -6.633         -14.511           14.865
   11 (vir)    17          23.686          -3.995          -3.706         -11.436           27.422
   12 (vir)    17          25.490          -4.472          -2.921         -11.234           29.331
   13 (vir)    17          26.890          -4.667          -3.527         -12.062           30.759
   14 (vir)    17          36.179          -2.356          -3.024         -13.446           44.244
   15 (vir)    17          39.736          -4.521          -4.276         -14.183           45.122
   16 (vir)    17          42.093          -2.592          -4.521         -15.183           50.164
   17 (vir)    17          43.453          -5.314          -3.360         -13.689           48.468
   18 (vir)    17          47.205          -5.391          -3.292         -13.993           52.515
   19 (vir)    17          48.143          -4.377          -1.490         -10.739           53.015
   20 (vir)    17          52.374          -3.013          -1.054         -12.347           60.654
   21 (vir)    17          63.984          -2.271         -11.041         -11.990           62.661
   22 (vir)    17          68.900          -2.155          -2.817         -14.799           78.728
   23 (vir)    17          69.372          -2.399         -14.221         -12.422           65.174
   24 (vir)    17          78.016          -1.561          -3.601         -16.115           88.970
   25 (vir)    17         101.998          -1.591          -5.501         -11.886          106.793
   26 (vir)    17         237.818          -2.550          -1.778         -18.030          251.520
 
 
  kpoint:      18             coordinate:     0.1156    0.1156    0.0000
 
    n           k   ϵ_nk^DFT (eV)     Σ^c_nk (eV)     Σ^x_nk (eV)    v_nk^xc (eV)   ϵ_nk^G0W0 (eV)
 
    1 (occ)    18         -20.618           7.789         -26.857         -16.382          -23.304
    2 (occ)    18          -7.915           3.445         -18.531         -13.501           -9.500
    3 (occ)    18          -7.652           3.531         -22.517         -17.352           -9.286
    4 (occ)    18          -6.555           3.195         -22.237         -17.588           -8.009
    5 (vir)    18           3.738          -2.480          -2.846          -6.884            5.296
    6 (vir)    18           4.389          -2.538          -4.068          -8.312            6.096
    7 (vir)    18           8.078          -4.036          -7.236         -14.146           10.952
    8 (vir)    18           8.369          -5.120          -4.070         -11.620           10.800
    9 (vir)    18           9.634          -4.385          -6.615         -13.786           12.419
   10 (vir)    18          12.139          -4.843          -6.685         -14.615           15.227
   11 (vir)    18          23.248          -3.974          -3.720         -11.393           26.947
   12 (vir)    18          25.570          -3.994          -3.008         -11.338           29.905
   13 (vir)    18          26.878          -4.721          -3.529         -12.107           30.734
   14 (vir)    18          35.528          -1.786          -3.498         -13.242           43.486
   15 (vir)    18          39.905          -4.561          -4.286         -14.242           45.300
   16 (vir)    18          41.591          -2.654          -5.287         -14.124           47.775
   17 (vir)    18          43.834          -5.458          -3.294         -13.707           48.789
   18 (vir)    18          45.931          -3.048          -5.151         -10.796           48.527
   19 (vir)    18          47.879          -5.206          -3.321         -13.982           53.334
   20 (vir)    18          52.150          -1.848          -2.650         -12.676           60.328
   21 (vir)    18          58.534          -2.562         -11.484          -8.099           52.586
   22 (vir)    18          66.573          -1.741          -4.562         -15.125           75.395
   23 (vir)    18          68.908          -1.998          -3.379         -15.922           79.452
   24 (vir)    18          78.253          -1.472          -3.537         -16.162           89.407
   25 (vir)    18         103.066          -1.688          -3.246         -12.000          110.131
   26 (vir)    18         237.835          -2.386          -2.009         -18.033          251.473
 
 
  kpoint:      19             coordinate:     0.1224    0.1224    0.0000
 
    n           k   ϵ_nk^DFT (eV)     Σ^c_nk (eV)     Σ^x_nk (eV)    v_nk^xc (eV)   ϵ_nk^G0W0 (eV)
 
    1 (occ)    19         -20.530           7.763         -26.847         -16.402          -23.211
    2 (occ)    19          -7.876           3.591         -22.537         -17.285           -9.537
    3 (occ)    19          -7.795           3.407         -18.521         -13.545           -9.365
    4 (occ)    19          -6.702           3.229         -22.220         -17.521           -8.172
    5 (vir)    19           3.940          -2.477          -2.948          -7.018            5.532
    6 (vir)    19           4.429          -2.631          -4.311          -8.681            6.168
    7 (vir)    19           8.143          -4.038          -7.225         -14.132           11.011
    8 (vir)    19           8.226          -4.939          -3.851         -11.182           10.617
    9 (vir)    19           9.763          -4.346          -6.590         -13.714           12.541
   10 (vir)    19          12.492          -4.871          -6.703         -14.706           15.624
   11 (vir)    19          22.807          -3.951          -3.734         -11.347           26.469
   12 (vir)    19          25.626          -3.657          -3.094         -11.420           30.294
   13 (vir)    19          26.878          -4.775          -3.531         -12.152           30.724
   14 (vir)    19          34.823          -4.428          -3.872         -12.959           39.482
   15 (vir)    19          40.076          -4.602          -4.294         -14.298           45.478
   16 (vir)    19          40.383          -2.307          -6.792         -11.276           42.561
   17 (vir)    19          44.108          -2.018          -5.686         -12.742           49.146
   18 (vir)    19          44.195          -5.579          -3.233         -13.712           49.095
   19 (vir)    19          48.597          -5.048          -3.348         -13.987           54.188
   20 (vir)    19          51.897          -1.707          -3.156         -12.456           59.490
   21 (vir)    19          53.429          -0.841          -4.761          -8.250           56.077
   22 (vir)    19          65.641          -4.020          -3.700         -15.685           73.607
   23 (vir)    19          68.846          -1.986          -3.099         -15.911           79.673
   24 (vir)    19          78.500          -1.412          -3.545         -16.194           89.737
   25 (vir)    19         104.315          -1.453          -1.882         -12.068          113.047
   26 (vir)    19         237.977          -2.334          -1.885         -18.038          251.796
 
 
  kpoint:      20             coordinate:     0.1293    0.1293    0.0000
 
    n           k   ϵ_nk^DFT (eV)     Σ^c_nk (eV)     Σ^x_nk (eV)    v_nk^xc (eV)   ϵ_nk^G0W0 (eV)
 
    1 (occ)    20         -20.437           7.736         -26.837         -16.425          -23.113
    2 (occ)    20          -8.101           3.652         -22.559         -17.219           -9.789
    3 (occ)    20          -7.670           3.367         -18.512         -13.591           -9.223
    4 (occ)    20          -6.854           3.264         -22.204         -17.453           -8.341
    5 (vir)    20           4.151          -2.512          -3.025          -7.159            5.773
    6 (vir)    20           4.456          -2.742          -4.584          -9.102            6.232
    7 (vir)    20           8.097          -4.742          -3.602         -10.690           10.444
    8 (vir)    20           8.216          -4.039          -7.212         -14.117           11.081
    9 (vir)    20           9.896          -4.318          -6.525         -13.641           12.694
   10 (vir)    20          12.854          -4.890          -6.675         -14.784           16.074
   11 (vir)    20          22.365          -3.926          -3.747         -11.299           25.991
   12 (vir)    20          25.643          -3.581          -3.136         -11.454           30.380
   13 (vir)    20          26.892          -4.830          -3.533         -12.199           30.728
   14 (vir)    20          34.046          -1.121          -3.937         -12.557           41.546
   15 (vir)    20          38.192          -1.288          -5.981          -8.682           39.605
   16 (vir)    20          40.248          -4.644          -4.298         -14.351           45.656
   17 (vir)    20          43.202          -2.466          -4.495         -14.662           50.903
   18 (vir)    20          44.537          -5.676          -3.177         -13.706           49.389
   19 (vir)    20          49.296           1.271          -2.415          -8.573           56.725
   20 (vir)    20          49.352          -4.916          -3.371         -14.007           55.071
   21 (vir)    20          52.136          -1.666          -3.244         -12.594           59.821
   22 (vir)    20          64.993          -2.642          -3.615         -15.812           74.548
   23 (vir)    20          68.796          -1.926          -2.906         -15.901           79.865
   24 (vir)    20          78.745          -4.316          -3.501         -16.224           87.151
   25 (vir)    20         105.587          -1.241          -1.282         -12.128          115.192
   26 (vir)    20         238.230          -2.348          -1.652         -18.043          252.273
 
 
  kpoint:      21             coordinate:     0.1361    0.1361    0.0000
 
    n           k   ϵ_nk^DFT (eV)     Σ^c_nk (eV)     Σ^x_nk (eV)    v_nk^xc (eV)   ϵ_nk^G0W0 (eV)
 
    1 (occ)    21         -20.340           7.709         -26.827         -16.449          -23.009
    2 (occ)    21          -8.325           3.712         -22.580         -17.153          -10.041
    3 (occ)    21          -7.539           3.326         -18.504         -13.642           -9.075
    4 (occ)    21          -7.008           3.301         -22.190         -17.385           -8.513
    5 (vir)    21           4.369          -2.575          -3.080          -7.306            6.021
    6 (vir)    21           4.466          -2.869          -4.883          -9.569            6.284
    7 (vir)    21           7.987          -4.528          -3.326         -10.151           10.284
    8 (vir)    21           8.295          -4.041          -7.196         -14.101           11.159
    9 (vir)    21          10.030          -4.324          -6.416         -13.566           12.857
   10 (vir)    21          13.220          -4.952          -6.610         -14.850           16.508
   11 (vir)    21          21.924          -3.900          -3.760         -11.249           25.514
   12 (vir)    21          25.597          -4.081          -3.118         -11.391           29.789
   13 (vir)    21          26.919          -4.886          -3.535         -12.248           30.746
   14 (vir)    21          33.165          -1.356          -3.815         -11.898           39.891
   15 (vir)    21          35.814          -1.366          -3.605          -7.905           38.747
   16 (vir)    21          40.420          -4.687          -4.300         -14.400           45.833
   17 (vir)    21          42.789          -6.203          -4.115         -15.278           47.749
   18 (vir)    21          44.863          -5.751          -3.126         -13.690           49.676
   19 (vir)    21          46.605           0.536          -2.694          -8.800           53.247
   20 (vir)    21          50.136          -4.806          -3.392         -14.038           55.977
   21 (vir)    21          52.042          -3.981          -3.091         -12.884           57.853
   22 (vir)    21          64.436          -3.049          -3.594         -15.856           73.649
   23 (vir)    21          68.752          -2.420          -2.796         -15.887           79.423
   24 (vir)    21          78.986          -2.715          -3.444         -16.255           89.083
   25 (vir)    21         106.816          -1.099          -1.245         -12.191          116.662
   26 (vir)    21         238.567          -2.542          -1.663         -18.048          252.411
 
 
  kpoint:      22             coordinate:     0.1429    0.1429    0.0000
 
    n           k   ϵ_nk^DFT (eV)     Σ^c_nk (eV)     Σ^x_nk (eV)    v_nk^xc (eV)   ϵ_nk^G0W0 (eV)
 
    1 (occ)    22         -20.239           7.681         -26.819         -16.477          -22.901
    2 (occ)    22          -8.549           3.772         -22.602         -17.088          -10.291
    3 (occ)    22          -7.402           3.282         -18.496         -13.696           -8.920
    4 (occ)    22          -7.166           3.338         -22.178         -17.317           -8.689
    5 (vir)    22           4.457          -3.010          -5.198         -10.070            6.320
    6 (vir)    22           4.593          -2.644          -3.128          -7.457            6.277
    7 (vir)    22           7.899          -4.302          -3.033          -9.578           10.142
    8 (vir)    22           8.382          -4.044          -7.177         -14.085           11.246
    9 (vir)    22          10.167          -4.361          -6.288         -13.488           13.006
   10 (vir)    22          13.589          -5.056          -6.535         -14.901           16.899
   11 (vir)    22          21.487          -3.871          -3.773         -11.197           25.040
   12 (vir)    22          25.451          -4.975          -3.078         -11.150           28.548
   13 (vir)    22          26.958          -4.941          -3.536         -12.297           30.778
   14 (vir)    22          32.117          -1.960          -3.974         -10.702           36.884
   15 (vir)    22          33.896          -1.111          -2.011          -8.485           39.260
   16 (vir)    22          40.593          -4.731          -4.300         -14.447           46.009
   17 (vir)    22          42.500          -6.416          -4.082         -15.228           47.230
   18 (vir)    22          44.604          -0.822          -2.810          -9.358           50.330
   19 (vir)    22          45.174          -5.804          -3.080         -13.667           49.956
   20 (vir)    22          50.945          -4.714          -3.409         -14.078           56.901
   21 (vir)    22          51.984          -2.445          -3.002         -13.011           59.548
   22 (vir)    22          63.926          -6.729          -3.565         -15.874           69.507
   23 (vir)    22          68.708          -2.532          -2.778         -15.871           79.268
   24 (vir)    22          79.226          -4.101          -3.410         -16.286           88.001
   25 (vir)    22         107.972           0.155          -1.471         -12.259          118.915
   26 (vir)    22         238.957          -2.598          -2.054         -18.053          252.357
 
 
  kpoint:      23             coordinate:     0.1497    0.1497    0.0000
 
    n           k   ϵ_nk^DFT (eV)     Σ^c_nk (eV)     Σ^x_nk (eV)    v_nk^xc (eV)   ϵ_nk^G0W0 (eV)
 
    1 (occ)    23         -20.135           7.653         -26.814         -16.507          -22.789
    2 (occ)    23          -8.771           3.831         -22.622         -17.023          -10.539
    3 (occ)    23          -7.326           3.376         -22.167         -17.249           -8.868
    4 (occ)    23          -7.260           3.237         -18.490         -13.754           -8.759
    5 (vir)    23           4.426          -3.158          -5.516         -10.582            6.334
    6 (vir)    23           4.820          -2.705          -3.185          -7.608            6.538
    7 (vir)    23           7.838          -4.069          -2.737          -8.992           10.025
    8 (vir)    23           8.476          -4.050          -7.155         -14.069           11.340
    9 (vir)    23          10.305          -4.396          -6.173         -13.405           13.141
   10 (vir)    23          13.956          -5.144          -6.467         -14.938           17.282
   11 (vir)    23          21.054          -3.842          -3.784         -11.142           24.571
   12 (vir)    23          25.163          -3.367          -3.074         -10.636           29.358
   13 (vir)    23          27.010          -4.996          -3.538         -12.348           30.824
   14 (vir)    23          30.969          -2.318          -4.286          -9.634           33.999
   15 (vir)    23          32.579          -1.699          -1.298          -9.502           39.084
   16 (vir)    23          40.765          -4.775          -4.298         -14.491           46.182
   17 (vir)    23          42.074          -3.840          -3.739         -13.512           48.007
   18 (vir)    23          43.231          -1.956          -2.821         -11.431           49.885
   19 (vir)    23          45.472          -5.840          -3.037         -13.637           50.232
   20 (vir)    23          51.774          -4.636          -3.423         -14.125           57.840
   21 (vir)    23          51.931          -2.676          -3.015         -13.110           59.350
   22 (vir)    23          63.445          -7.129          -3.553         -15.882           68.644
   23 (vir)    23          68.660          -2.266          -2.824         -15.854           79.424
   24 (vir)    23          79.466          -5.628          -3.405         -16.316           86.749
   25 (vir)    23         109.043          -0.402          -1.673         -12.331          119.299
   26 (vir)    23         239.369          -2.586          -2.602         -18.057          252.238
 
 
  kpoint:      24             coordinate:     0.1565    0.1565    0.0000
 
    n           k   ϵ_nk^DFT (eV)     Σ^c_nk (eV)     Σ^x_nk (eV)    v_nk^xc (eV)   ϵ_nk^G0W0 (eV)
 
    1 (occ)    24         -20.029           7.624         -26.810         -16.539          -22.674
    2 (occ)    24          -8.990           3.888         -22.641         -16.959          -10.785
    3 (occ)    24          -7.488           3.415         -22.159         -17.182           -9.050
    4 (occ)    24          -7.113           3.191         -18.486         -13.816           -8.592
    5 (vir)    24           4.369          -3.306          -5.819         -11.078            6.322
    6 (vir)    24           5.050          -2.758          -3.252          -7.759            6.800
    7 (vir)    24           7.807          -3.838          -2.454          -8.422            9.937
    8 (vir)    24           8.576          -4.058          -7.130         -14.051           11.440
    9 (vir)    24          10.445          -4.403          -6.088         -13.318           13.271
   10 (vir)    24          14.319          -5.188          -6.406         -14.956           17.682
   11 (vir)    24          20.627          -3.810          -3.795         -11.086           24.108
   12 (vir)    24          24.706          -2.455          -3.055          -9.864           29.059
   13 (vir)    24          27.073          -5.052          -3.540         -12.400           30.882
   14 (vir)    24          30.012          -2.103          -4.119          -9.614           33.403
   15 (vir)    24          31.602          -3.641          -1.377          -9.917           36.501
   16 (vir)    24          40.935          -4.819          -4.295         -14.532           46.352
   17 (vir)    24          41.166          -2.419          -2.590         -10.788           46.945
   18 (vir)    24          42.667          -3.424          -3.620         -14.427           50.050
   19 (vir)    24          45.757          -5.860          -2.998         -13.602           50.502
   20 (vir)    24          51.874          -3.266          -3.093         -13.198           58.713
   21 (vir)    24          52.616          -4.571          -3.434         -14.177           58.788
   22 (vir)    24          62.982          -5.907          -3.577         -15.884           69.383
   23 (vir)    24          68.607          -2.493          -2.878         -15.835           79.071
   24 (vir)    24          79.706          -3.108          -3.410         -16.345           89.532
   25 (vir)    24         110.024          -0.599          -1.697         -12.407          120.136
   26 (vir)    24         239.777          -2.486          -2.871         -18.061          252.480
 
 
  kpoint:      25             coordinate:     0.1633    0.1633    0.0000
 
    n           k   ϵ_nk^DFT (eV)     Σ^c_nk (eV)     Σ^x_nk (eV)    v_nk^xc (eV)   ϵ_nk^G0W0 (eV)
 
    1 (occ)    25         -19.919           7.596         -26.807         -16.575          -22.556
    2 (occ)    25          -9.206           3.945         -22.659         -16.895          -11.026
    3 (occ)    25          -7.651           3.455         -22.152         -17.115           -9.233
    4 (occ)    25          -6.961           3.142         -18.484         -13.883           -8.419
    5 (vir)    25           4.288          -3.444          -6.092         -11.530            6.281
    6 (vir)    25           5.283          -2.807          -3.324          -7.909            7.060
    7 (vir)    25           7.806          -3.620          -2.199          -7.895            9.882
    8 (vir)    25           8.683          -4.067          -7.105         -14.032           11.544
    9 (vir)    25          10.584          -4.386          -6.024         -13.226           13.401
   10 (vir)    25          14.673          -5.205          -6.337         -14.953           18.084
   11 (vir)    25          20.208          -3.778          -3.805         -11.027           23.653
   12 (vir)    25          24.112          -2.116          -2.828          -9.040           28.209
   13 (vir)    25          27.148          -5.107          -3.542         -12.454           30.952
   14 (vir)    25          29.365          -2.008          -3.554         -10.117           33.920
   15 (vir)    25          30.776          -1.670          -1.955         -10.016           37.167
   16 (vir)    25          40.124          -1.732          -2.114         -10.190           46.468
   17 (vir)    25          41.102          -4.862          -4.292         -14.569           46.517
   18 (vir)    25          42.470          -4.162          -3.998         -15.226           49.536
   19 (vir)    25          46.030          -5.867          -2.961         -13.562           50.765
   20 (vir)    25          51.809          -4.106          -3.180         -13.280           57.804
   21 (vir)    25          53.467          -4.514          -3.443         -14.232           59.742
   22 (vir)    25          62.534          -5.750          -3.617         -15.885           69.052
   23 (vir)    25          68.544          -4.865          -2.889         -15.818           76.608
   24 (vir)    25          79.948          -3.098          -3.411         -16.371           89.811
   25 (vir)    25         110.915          -1.168          -1.560         -12.484          120.672
   26 (vir)    25         240.159          -2.400          -2.551         -18.064          253.271
 
 
  kpoint:      26             coordinate:     0.1701    0.1701    0.0000
 
    n           k   ϵ_nk^DFT (eV)     Σ^c_nk (eV)     Σ^x_nk (eV)    v_nk^xc (eV)   ϵ_nk^G0W0 (eV)
 
    1 (occ)    26         -19.806           7.567         -26.807         -16.613          -22.434
    2 (occ)    26          -9.419           3.999         -22.674         -16.831          -11.263
    3 (occ)    26          -7.815           3.495         -22.148         -17.049           -9.418
    4 (occ)    26          -6.804           3.093         -18.485         -13.955           -8.241
    5 (vir)    26           4.182          -3.565          -6.326         -11.918            6.210
    6 (vir)    26           5.517          -2.858          -3.394          -8.057            7.321
    7 (vir)    26           7.836          -3.423          -1.982          -7.433            9.863
    8 (vir)    26           8.796          -4.076          -7.079         -14.011           11.653
    9 (vir)    26          10.724          -4.360          -5.957         -13.129           13.535
   10 (vir)    26          15.016          -5.212          -6.248         -14.923           18.479
   11 (vir)    26          19.798          -3.744          -3.813         -10.966           23.207
   12 (vir)    26          23.457          -1.851          -2.350          -8.383           27.639
   13 (vir)    26          27.233          -5.163          -3.544         -12.509           31.034
   14 (vir)    26          28.950          -1.927          -3.011         -10.557           34.568
   15 (vir)    26          30.054          -1.521          -2.643         -10.156           36.046
   16 (vir)    26          39.176          -2.945          -2.093         -10.082           44.220
   17 (vir)    26          41.266          -4.905          -4.287         -14.604           46.678
   18 (vir)    26          42.360          -5.979          -4.156         -15.464           47.689
   19 (vir)    26          46.290          -5.863          -2.926         -13.518           51.019
   20 (vir)    26          51.732          -4.942          -3.244         -13.358           56.903
   21 (vir)    26          54.323          -4.464          -3.451         -14.288           60.695
   22 (vir)    26          62.097          -5.420          -3.637         -15.884           68.925
   23 (vir)    26          68.469          -6.439          -2.840         -15.801           74.991
   24 (vir)    26          80.189          -4.452          -3.401         -16.396           88.732
   25 (vir)    26         111.723          -1.234          -1.391         -12.561          121.659
   26 (vir)    26         240.498          -2.381          -1.717         -18.066          254.466
 
 
  kpoint:      27             coordinate:     0.1769    0.1769    0.0000
 
    n           k   ϵ_nk^DFT (eV)     Σ^c_nk (eV)     Σ^x_nk (eV)    v_nk^xc (eV)   ϵ_nk^G0W0 (eV)
 
    1 (occ)    27         -19.692           7.538         -26.809         -16.654          -22.309
    2 (occ)    27          -9.626           4.052         -22.687         -16.767          -11.494
    3 (occ)    27          -7.980           3.536         -22.145         -16.984           -9.604
    4 (occ)    27          -6.643           3.042         -18.490         -14.033           -8.059
    5 (vir)    27           4.054          -3.661          -6.514         -12.230            6.109
    6 (vir)    27           5.752          -2.912          -3.460          -8.204            7.584
    7 (vir)    27           7.894          -3.250          -1.808          -7.045            9.881
    8 (vir)    27           8.915          -4.084          -7.050         -13.987           11.768
    9 (vir)    27          10.863          -4.340          -5.869         -13.026           13.680
   10 (vir)    27          15.342          -5.216          -6.136         -14.859           18.849
   11 (vir)    27          19.399          -3.709          -3.820         -10.903           22.773
   12 (vir)    27          22.810          -1.825          -1.843          -7.955           27.097
   13 (vir)    27          27.328          -5.219          -3.547         -12.565           31.127
   14 (vir)    27          28.627          -1.817          -2.794         -10.531           34.547
   15 (vir)    27          29.456          -3.073          -3.063         -10.673           33.993
   16 (vir)    27          38.338          -1.453          -2.223         -10.040           44.702
   17 (vir)    27          41.424          -4.946          -4.281         -14.635           46.832
   18 (vir)    27          42.285          -6.448          -4.237         -15.567           47.167
   19 (vir)    27          46.536          -5.851          -2.891         -13.469           51.262
   20 (vir)    27          51.640          -4.975          -3.289         -13.430           56.805
   21 (vir)    27          55.177          -4.419          -3.457         -14.343           61.644
   22 (vir)    27          61.666          -4.764          -3.619         -15.884           69.167
   23 (vir)    27          68.381          -2.591          -2.758         -15.786           78.819
   24 (vir)    27          80.428          -6.387          -3.385         -16.419           87.075
   25 (vir)    27         112.454          -1.221          -1.316         -12.636          122.553
   26 (vir)    27         240.784          -2.513          -0.808         -18.069          255.532
 
 
  kpoint:      28             coordinate:     0.1837    0.1837    0.0000
 
    n           k   ϵ_nk^DFT (eV)     Σ^c_nk (eV)     Σ^x_nk (eV)    v_nk^xc (eV)   ϵ_nk^G0W0 (eV)
 
    1 (occ)    28         -19.575           7.510         -26.813         -16.697          -22.182
    2 (occ)    28          -9.829           4.103         -22.697         -16.703          -11.720
    3 (occ)    28          -8.144           3.577         -22.145         -16.921           -9.791
    4 (occ)    28          -6.479           2.990         -18.498         -14.115           -7.872
    5 (vir)    28           3.908          -3.734          -6.657         -12.465            5.982
    6 (vir)    28           5.988          -2.968          -3.522          -8.349            7.848
    7 (vir)    28           7.979          -3.105          -1.676          -6.734            9.933
    8 (vir)    28           9.037          -4.092          -7.014         -13.957           11.889
    9 (vir)    28          11.001          -4.330          -5.756         -12.919           13.834
   10 (vir)    28          15.646          -5.222          -6.008         -14.751           19.167
   11 (vir)    28          19.012          -3.673          -3.826         -10.837           22.350
   12 (vir)    28          22.211          -2.472          -1.526          -7.726           25.939
   13 (vir)    28          27.433          -5.276          -3.551         -12.624           31.230
   14 (vir)    28          28.254          -1.804          -2.924          -9.946           33.472
   15 (vir)    28          29.044          -4.734          -3.102         -11.686           32.894
   16 (vir)    28          37.602          -1.624          -2.309          -9.983           43.652
   17 (vir)    28          41.577          -4.985          -4.274         -14.662           46.980
   18 (vir)    28          42.233          -6.466          -4.295         -15.621           47.093
   19 (vir)    28          46.765          -5.833          -2.857         -13.415           51.491
   20 (vir)    28          51.529          -4.175          -3.330         -13.498           57.522
   21 (vir)    28          56.024          -4.378          -3.461         -14.396           62.581
   22 (vir)    28          61.241          -4.268          -3.582         -15.883           69.273
   23 (vir)    28          68.279          -2.339          -2.687         -15.772           79.026
   24 (vir)    28          80.662          -6.702          -3.374         -16.440           87.026
   25 (vir)    28         113.120          -1.270          -1.372         -12.708          123.187
   26 (vir)    28         241.010          -2.370          -0.336         -18.071          256.375
 
 
  kpoint:      29             coordinate:     0.1905    0.1905    0.0000
 
    n           k   ϵ_nk^DFT (eV)     Σ^c_nk (eV)     Σ^x_nk (eV)    v_nk^xc (eV)   ϵ_nk^G0W0 (eV)
 
    1 (occ)    29         -19.457           7.481         -26.820         -16.744          -22.052
    2 (occ)    29         -10.025           4.151         -22.703         -16.639          -11.939
    3 (occ)    29          -8.308           3.619         -22.146         -16.859           -9.977
    4 (occ)    29          -6.311           2.938         -18.511         -14.204           -7.681
    5 (vir)    29           3.747          -3.782          -6.761         -12.629            5.832
    6 (vir)    29           6.226          -3.023          -3.582          -8.494            8.114
    7 (vir)    29           8.088          -2.985          -1.580          -6.493           10.017
    8 (vir)    29           9.164          -4.101          -6.970         -13.922           12.015
    9 (vir)    29          11.139          -4.325          -5.631         -12.809           13.991
   10 (vir)    29          15.923          -5.213          -5.867         -14.582           19.426
   11 (vir)    29          18.637          -3.635          -3.829         -10.768           21.941
   12 (vir)    29          21.676          -2.581          -1.454          -7.658           25.299
   13 (vir)    29          27.546          -5.333          -3.555         -12.684           31.342
   14 (vir)    29          27.795          -3.423          -2.983          -9.534           30.923
   15 (vir)    29          28.800          -5.243          -3.170         -12.498           32.885
   16 (vir)    29          36.962          -4.245          -2.276          -9.895           40.336
   17 (vir)    29          41.723          -5.023          -4.265         -14.686           47.121
   18 (vir)    29          42.201          -6.187          -4.357         -15.652           47.309
   19 (vir)    29          46.976          -5.809          -2.823         -13.357           51.702
   20 (vir)    29          51.400          -3.515          -3.375         -13.559           58.069
   21 (vir)    29          56.857          -4.339          -3.462         -14.445           63.501
   22 (vir)    29          60.818          -4.156          -3.567         -15.881           68.976
   23 (vir)    29          68.163          -2.564          -2.660         -15.761           78.700
   24 (vir)    29          80.890          -6.627          -3.376         -16.458           87.345
   25 (vir)    29         113.732          -1.038          -1.504         -12.776          123.967
   26 (vir)    29         241.172          -2.394          -0.535         -18.072          256.315
 
 
  kpoint:      30             coordinate:     0.1973    0.1973    0.0000
 
    n           k   ϵ_nk^DFT (eV)     Σ^c_nk (eV)     Σ^x_nk (eV)    v_nk^xc (eV)   ϵ_nk^G0W0 (eV)
 
    1 (occ)    30         -19.338           7.454         -26.829         -16.793          -21.921
    2 (occ)    30         -10.216           4.196         -22.705         -16.574          -12.151
    3 (occ)    30          -8.471           3.661         -22.150         -16.798          -10.163
    4 (occ)    30          -6.141           2.885         -18.529         -14.299           -7.486
    5 (vir)    30           3.574          -3.810          -6.831         -12.733            5.665
    6 (vir)    30           6.463          -3.079          -3.642          -8.639            8.381
    7 (vir)    30           8.218          -2.888          -1.514          -6.314           10.129
    8 (vir)    30           9.293          -4.111          -6.916         -13.876           12.142
    9 (vir)    30          11.275          -4.318          -5.507         -12.696           14.146
   10 (vir)    30          16.167          -5.159          -5.707         -14.335           19.636
   11 (vir)    30          18.277          -3.596          -3.829         -10.695           21.547
   12 (vir)    30          21.212          -2.814          -1.557          -7.730           24.570
   13 (vir)    30          27.321          -1.896          -2.873          -9.442           31.994
   14 (vir)    30          27.666          -5.390          -3.561         -12.747           31.462
   15 (vir)    30          28.620          -5.414          -3.412         -12.979           32.773
   16 (vir)    30          36.412          -1.497          -2.155          -9.783           42.543
   17 (vir)    30          41.861          -5.058          -4.256         -14.706           47.253
   18 (vir)    30          42.188          -5.632          -4.423         -15.672           47.804
   19 (vir)    30          47.166          -5.780          -2.787         -13.293           51.892
   20 (vir)    30          51.250          -3.261          -3.420         -13.614           58.183
   21 (vir)    30          57.667          -4.300          -3.459         -14.486           64.394
   22 (vir)    30          60.394          -4.352          -3.598         -15.879           68.324
   23 (vir)    30          68.031          -3.755          -2.679         -15.752           77.349
   24 (vir)    30          81.109          -5.182          -3.393         -16.473           89.006
   25 (vir)    30         114.303          -1.304          -1.623         -12.840          124.216
   26 (vir)    30         241.272          -2.400          -1.209         -18.073          255.736
 
 
  kpoint:      31             coordinate:     0.2041    0.2041    0.0000
 
    n           k   ϵ_nk^DFT (eV)     Σ^c_nk (eV)     Σ^x_nk (eV)    v_nk^xc (eV)   ϵ_nk^G0W0 (eV)
 
    1 (occ)    31         -19.218           7.427         -26.841         -16.844          -21.788
    2 (occ)    31         -10.398           4.239         -22.704         -16.509          -12.354
    3 (occ)    31          -8.634           3.703         -22.156         -16.738          -10.348
    4 (occ)    31          -5.968           2.832         -18.554         -14.401           -7.290
    5 (vir)    31           3.392          -3.821          -6.872         -12.785            5.483
    6 (vir)    31           6.701          -3.135          -3.702          -8.784            8.648
    7 (vir)    31           8.366          -2.812          -1.474          -6.187           10.269
    8 (vir)    31           9.424          -4.121          -6.856         -13.819           12.266
    9 (vir)    31          11.411          -4.300          -5.395         -12.582           14.298
   10 (vir)    31          16.369          -5.057          -5.504         -13.988           19.795
   11 (vir)    31          17.932          -3.556          -3.827         -10.618           21.168
   12 (vir)    31          20.818          -3.061          -1.754          -7.938           23.942
   13 (vir)    31          26.872          -1.687          -2.766          -9.506           31.925
   14 (vir)    31          27.793          -5.449          -3.567         -12.813           31.590
   15 (vir)    31          28.436          -5.436          -3.688         -13.298           32.610
   16 (vir)    31          35.950          -1.463          -2.025          -9.661           42.123
   17 (vir)    31          41.990          -5.090          -4.247         -14.723           47.376
   18 (vir)    31          42.194          -5.394          -4.480         -15.684           48.005
   19 (vir)    31          47.330          -5.748          -2.751         -13.224           52.055
   20 (vir)    31          51.080          -3.283          -3.458         -13.662           58.001
   21 (vir)    31          58.444          -4.260          -3.453         -14.518           65.249
   22 (vir)    31          59.968          -4.718          -3.663         -15.875           67.462
   23 (vir)    31          67.884          -6.022          -2.721         -15.745           74.887
   24 (vir)    31          81.314          -3.509          -3.416         -16.486           90.874
   25 (vir)    31         114.845          -1.346          -1.672         -12.899          124.727
   26 (vir)    31         241.311          -2.357          -1.874         -18.074          255.153
 
 
  kpoint:      32             coordinate:     0.2109    0.2109    0.0000
 
    n           k   ϵ_nk^DFT (eV)     Σ^c_nk (eV)     Σ^x_nk (eV)    v_nk^xc (eV)   ϵ_nk^G0W0 (eV)
 
    1 (occ)    32         -19.098           7.400         -26.856         -16.899          -21.655
    2 (occ)    32         -10.573           4.278         -22.697         -16.444          -12.548
    3 (occ)    32          -8.794           3.744         -22.163         -16.680          -10.533
    4 (occ)    32          -5.794           2.780         -18.585         -14.509           -7.091
    5 (vir)    32           3.205          -3.818          -6.890         -12.795            5.292
    6 (vir)    32           6.939          -3.193          -3.763          -8.932            8.914
    7 (vir)    32           8.533          -2.752          -1.453          -6.104           10.431
    8 (vir)    32           9.556          -4.128          -6.789         -13.747           12.385
    9 (vir)    32          11.546          -4.274          -5.292         -12.469           14.450
   10 (vir)    32          16.520          -4.916          -5.234         -13.523           19.893
   11 (vir)    32          17.604          -3.514          -3.821         -10.536           20.806
   12 (vir)    32          20.496          -3.235          -2.002          -8.283           23.543
   13 (vir)    32          26.462          -1.781          -2.758          -9.660           31.583
   14 (vir)    32          27.925          -5.508          -3.575         -12.881           31.723
   15 (vir)    32          28.221          -5.441          -3.904         -13.511           32.387
   16 (vir)    32          35.575          -1.492          -1.946          -9.548           41.685
   17 (vir)    32          42.110          -5.118          -4.238         -14.734           47.488
   18 (vir)    32          42.221          -5.566          -4.514         -15.693           47.835
   19 (vir)    32          47.465          -5.712          -2.713         -13.148           52.187
   20 (vir)    32          50.893          -3.470          -3.485         -13.703           57.642
   21 (vir)    32          59.176          -4.220          -3.441         -14.537           66.053
   22 (vir)    32          59.539          -5.142          -3.725         -15.869           66.541
   23 (vir)    32          67.722          -6.202          -2.757         -15.741           74.504
   24 (vir)    32          81.505          -2.964          -3.428         -16.496           91.609
   25 (vir)    32         115.369          -1.319          -1.653         -12.953          125.349
   26 (vir)    32         241.294          -2.290          -2.090         -18.074          254.988
 
 
  kpoint:      33             coordinate:     0.2177    0.2177    0.0000
 
    n           k   ϵ_nk^DFT (eV)     Σ^c_nk (eV)     Σ^x_nk (eV)    v_nk^xc (eV)   ϵ_nk^G0W0 (eV)
 
    1 (occ)    33         -18.979           7.375         -26.874         -16.955          -21.523
    2 (occ)    33         -10.739           4.314         -22.686         -16.379          -12.732
    3 (occ)    33          -8.953           3.786         -22.172         -16.624          -10.715
    4 (occ)    33          -5.620           2.728         -18.625         -14.626           -6.891
    5 (vir)    33           3.015          -3.804          -6.886         -12.770            5.095
    6 (vir)    33           7.176          -3.252          -3.825          -9.083            9.182
    7 (vir)    33           8.715          -2.707          -1.448          -6.057           10.616
    8 (vir)    33           9.687          -4.129          -6.714         -13.655           12.499
    9 (vir)    33          11.682          -4.243          -5.194         -12.361           14.605
   10 (vir)    33          16.614          -4.721          -4.892         -12.940           19.942
   11 (vir)    33          17.293          -3.471          -3.809         -10.448           20.460
   12 (vir)    33          20.246          -3.373          -2.291          -8.755           23.336
   13 (vir)    33          26.092          -2.455          -2.854          -9.885           30.669
   14 (vir)    33          27.963          -5.453          -4.042         -13.630           32.099
   15 (vir)    33          28.061          -5.569          -3.584         -12.952           31.861
   16 (vir)    33          35.283          -1.985          -1.924          -9.459           40.832
   17 (vir)    33          42.219          -5.141          -4.230         -14.742           47.590
   18 (vir)    33          42.269          -5.871          -4.523         -15.700           47.574
   19 (vir)    33          47.565          -5.675          -2.673         -13.065           52.281
   20 (vir)    33          50.690          -3.751          -3.506         -13.737           57.169
   21 (vir)    33          59.105          -5.503          -3.750         -15.860           65.712
   22 (vir)    33          59.850          -4.177          -3.423         -14.539           66.788
   23 (vir)    33          67.547          -5.062          -2.777         -15.739           75.447
   24 (vir)    33          81.677          -3.148          -3.414         -16.503           91.619
   25 (vir)    33         115.884          -1.220          -1.611         -13.003          126.055
   26 (vir)    33         241.225          -2.249          -1.745         -18.075          255.306
 
 
  kpoint:      34             coordinate:     0.2245    0.2245    0.0000
 
    n           k   ϵ_nk^DFT (eV)     Σ^c_nk (eV)     Σ^x_nk (eV)    v_nk^xc (eV)   ϵ_nk^G0W0 (eV)
 
    1 (occ)    34         -18.861           7.351         -26.895         -17.014          -21.391
    2 (occ)    34         -10.896           4.347         -22.670         -16.314          -12.905
    3 (occ)    34          -9.110           3.828         -22.183         -16.569          -10.896
    4 (occ)    34          -5.445           2.678         -18.673         -14.750           -6.691
    5 (vir)    34           2.825          -3.783          -6.865         -12.718            4.894
    6 (vir)    34           7.413          -3.312          -3.891          -9.240            9.450
    7 (vir)    34           8.912          -2.674          -1.458          -6.042           10.822
    8 (vir)    34           9.818          -4.121          -6.624         -13.538           12.611
    9 (vir)    34          11.817          -4.213          -5.096         -12.258           14.767
   10 (vir)    34          16.647          -4.476          -4.509         -12.271           19.931
   11 (vir)    34          17.000          -3.426          -3.792         -10.351           20.133
   12 (vir)    34          20.063          -3.527          -2.604          -9.315           23.246
   13 (vir)    34          25.763          -3.709          -3.017         -10.174           29.211
   14 (vir)    34          27.661          -5.435          -4.126         -13.659           31.759
   15 (vir)    34          28.200          -5.630          -3.595         -13.027           32.001
   16 (vir)    34          35.065          -4.304          -1.930          -9.402           38.233
   17 (vir)    34          42.317          -5.158          -4.223         -14.744           47.681
   18 (vir)    34          42.339          -6.045          -4.522         -15.706           47.478
   19 (vir)    34          47.624          -5.637          -2.632         -12.974           52.329
   20 (vir)    34          50.473          -4.080          -3.529         -13.765           56.629
   21 (vir)    34          58.666          -5.604          -3.737         -15.848           65.173
   22 (vir)    34          60.447          -4.134          -3.397         -14.520           67.436
   23 (vir)    34          67.360          -4.284          -2.787         -15.739           76.027
   24 (vir)    34          81.831          -4.133          -3.374         -16.508           90.830
   25 (vir)    34         116.398           6.653          -1.588         -13.048          134.510
   26 (vir)    34         241.112          -2.279          -1.105         -18.074          255.803
 
 
  kpoint:      35             coordinate:     0.2313    0.2313    0.0000
 
    n           k   ϵ_nk^DFT (eV)     Σ^c_nk (eV)     Σ^x_nk (eV)    v_nk^xc (eV)   ϵ_nk^G0W0 (eV)
 
    1 (occ)    35         -18.744           7.328         -26.920         -17.074          -21.262
    2 (occ)    35         -11.042           4.375         -22.649         -16.249          -13.067
    3 (occ)    35          -9.265           3.869         -22.195         -16.516          -11.075
    4 (occ)    35          -5.271           2.629         -18.731         -14.882           -6.492
    5 (vir)    35           2.636          -3.757          -6.828         -12.642            4.693
    6 (vir)    35           7.648          -3.374          -3.962          -9.405            9.717
    7 (vir)    35           9.124          -2.652          -1.480          -6.056           11.047
    8 (vir)    35           9.945          -4.103          -6.513         -13.393           12.722
    9 (vir)    35          11.954          -4.188          -4.997         -12.163           14.931
   10 (vir)    35          16.619          -4.232          -4.143         -11.581           19.824
   11 (vir)    35          16.726          -3.379          -3.767         -10.244           19.825
   12 (vir)    35          19.940          -3.743          -2.905          -9.894           23.187
   13 (vir)    35          25.473          -3.449          -3.208         -10.522           29.338
   14 (vir)    35          27.319          -5.359          -4.185         -13.603           31.378
   15 (vir)    35          28.338          -5.694          -3.608         -13.106           32.142
   16 (vir)    35          34.913          -2.844          -1.934          -9.377           39.513
   17 (vir)    35          42.404          -5.168          -4.215         -14.742           47.761
   18 (vir)    35          42.432          -6.057          -4.525         -15.712           47.562
   19 (vir)    35          47.636          -5.598          -2.588         -12.876           52.326
   20 (vir)    35          50.248          -4.394          -3.554         -13.786           56.086
   21 (vir)    35          58.223          -5.305          -3.722         -15.833           65.029
   22 (vir)    35          60.951          -4.089          -3.363         -14.476           67.975
   23 (vir)    35          67.161          -4.033          -2.803         -15.741           76.066
   24 (vir)    35          81.964          -5.800          -3.324         -16.510           89.350
   25 (vir)    35         116.915          -1.231          -1.600         -13.089          127.173
   26 (vir)    35         240.962          -2.356          -0.611         -18.074          256.070
 
 
  kpoint:      36             coordinate:     0.2381    0.2381    0.0000
 
    n           k   ϵ_nk^DFT (eV)     Σ^c_nk (eV)     Σ^x_nk (eV)    v_nk^xc (eV)   ϵ_nk^G0W0 (eV)
 
    1 (occ)    36         -18.630           7.306         -26.947         -17.136          -21.135
    2 (occ)    36         -11.177           4.400         -22.623         -16.185          -13.216
    3 (occ)    36          -9.416           3.910         -22.209         -16.464          -11.251
    4 (occ)    36          -5.100           2.582         -18.800         -15.022           -6.295
    5 (vir)    36           2.450          -3.728          -6.775         -12.546            4.494
    6 (vir)    36           7.881          -3.439          -4.040          -9.580            9.983
    7 (vir)    36           9.350          -2.640          -1.514          -6.097           11.293
    8 (vir)    36          10.070          -4.075          -6.378         -13.213           12.830
    9 (vir)    36          12.092          -4.169          -4.904         -12.078           15.097
   10 (vir)    36          16.472          -3.329          -3.732         -10.124           19.535
   11 (vir)    36          16.538          -4.024          -3.841         -10.948           19.621
   12 (vir)    36          19.863          -3.965          -3.161         -10.417           23.155
   13 (vir)    36          25.219          -3.639          -3.402         -10.927           29.104
   14 (vir)    36          26.947          -5.246          -4.228         -13.471           30.944
   15 (vir)    36          28.475          -5.759          -3.624         -13.190           32.282
   16 (vir)    36          34.815          -2.769          -1.927          -9.377           39.497
   17 (vir)    36          42.478          -5.172          -4.208         -14.733           47.831
   18 (vir)    36          42.549          -5.976          -4.545         -15.720           47.749
   19 (vir)    36          47.595          -5.557          -2.543         -12.769           52.264
   20 (vir)    36          50.018          -4.611          -3.578         -13.802           55.631
   21 (vir)    36          57.776          -4.733          -3.744         -15.813           65.113
   22 (vir)    36          61.343          -4.043          -3.318         -14.403           68.384
   23 (vir)    36          66.954          -4.120          -2.833         -15.745           75.745
   24 (vir)    36          82.076          -6.518          -3.282         -16.509           88.785
   25 (vir)    36         117.438          -1.240          -1.633         -13.127          127.692
   26 (vir)    36         240.782          -2.437          -0.581         -18.074          255.838
 
 
  kpoint:      37             coordinate:     0.2449    0.2449    0.0000
 
    n           k   ϵ_nk^DFT (eV)     Σ^c_nk (eV)     Σ^x_nk (eV)    v_nk^xc (eV)   ϵ_nk^G0W0 (eV)
 
    1 (occ)    37         -18.520           7.286         -26.977         -17.199          -21.011
    2 (occ)    37         -11.301           4.420         -22.592         -16.121          -13.351
    3 (occ)    37          -9.565           3.951         -22.225         -16.414          -11.425
    4 (occ)    37          -4.931           2.539         -18.880         -15.170           -6.102
    5 (vir)    37           2.269          -3.698          -6.707         -12.434            4.299
    6 (vir)    37           8.111          -3.509          -4.127          -9.769           10.244
    7 (vir)    37           9.593          -2.638          -1.562          -6.167           11.560
    8 (vir)    37          10.190          -4.037          -6.217         -12.995           12.931
    9 (vir)    37          12.231          -4.153          -4.819         -12.004           15.262
   10 (vir)    37          16.238          -3.276          -3.685          -9.987           19.264
   11 (vir)    37          16.416          -3.859          -3.619         -10.428           19.366
   12 (vir)    37          19.816          -4.139          -3.362         -10.833           23.149
   13 (vir)    37          24.999          -4.142          -3.594         -11.382           28.645
   14 (vir)    37          26.557          -5.106          -4.248         -13.272           30.476
   15 (vir)    37          28.607          -5.826          -3.643         -13.279           32.417
   16 (vir)    37          34.759          -3.850          -1.921          -9.394           38.382
   17 (vir)    37          42.540          -5.169          -4.199         -14.717           47.889
   18 (vir)    37          42.690          -5.871          -4.576         -15.730           47.972
   19 (vir)    37          47.494          -5.513          -2.496         -12.654           52.139
   20 (vir)    37          49.786          -4.686          -3.592         -13.814           55.321
   21 (vir)    37          57.329          -4.252          -3.819         -15.789           65.047
   22 (vir)    37          61.603          -3.997          -3.262         -14.296           68.640
   23 (vir)    37          66.739          -4.378          -2.875         -15.751           75.238
   24 (vir)    37          82.168          -6.692          -3.261         -16.507           88.721
   25 (vir)    37         117.966          -1.248          -1.665         -13.161          128.213
   26 (vir)    37         240.579          -2.491          -1.019         -18.074          255.143
 
 
  kpoint:      38             coordinate:     0.2517    0.2517    0.0000
 
    n           k   ϵ_nk^DFT (eV)     Σ^c_nk (eV)     Σ^x_nk (eV)    v_nk^xc (eV)   ϵ_nk^G0W0 (eV)
 
    1 (occ)    38         -18.414           7.268         -27.009         -17.262          -20.892
    2 (occ)    38         -11.411           4.436         -22.556         -16.059          -13.471
    3 (occ)    38          -9.711           3.992         -22.242         -16.366          -11.595
    4 (occ)    38          -4.767           2.499         -18.971         -15.326           -5.914
    5 (vir)    38           2.095          -3.668          -6.626         -12.309            4.110
    6 (vir)    38           8.337          -3.586          -4.226          -9.976           10.501
    7 (vir)    38           9.851          -2.644          -1.626          -6.268           11.849
    8 (vir)    38          10.306          -3.987          -6.030         -12.734           13.023
    9 (vir)    38          12.372          -4.139          -4.745         -11.940           15.428
   10 (vir)    38          16.026          -3.219          -3.621          -9.827           19.012
   11 (vir)    38          16.265          -3.740          -3.466         -10.042           19.101
   12 (vir)    38          19.782          -4.259          -3.518         -11.126           23.131
   13 (vir)    38          24.811          -4.433          -3.785         -11.881           28.474
   14 (vir)    38          26.162          -4.932          -4.234         -13.016           30.011
   15 (vir)    38          28.731          -5.894          -3.666         -13.374           32.544
   16 (vir)    38          34.734          -4.648          -1.929          -9.419           37.577
   17 (vir)    38          42.589          -5.159          -4.188         -14.693           47.935
   18 (vir)    38          42.853          -5.816          -4.609         -15.742           48.170
   19 (vir)    38          47.328          -5.463          -2.450         -12.532           51.946
   20 (vir)    38          49.557          -4.634          -3.594         -13.821           55.150
   21 (vir)    38          56.883          -4.148          -3.926         -15.761           64.570
   22 (vir)    38          61.716          -3.950          -3.192         -14.155           68.728
   23 (vir)    38          66.521          -4.647          -2.918         -15.758           74.714
   24 (vir)    38          82.241          -6.440          -3.260         -16.503           89.044
   25 (vir)    38         118.495          -1.168          -1.686         -13.191          128.832
   26 (vir)    38         240.362          -2.480          -1.647         -18.074          254.309
 
 
  kpoint:      39             coordinate:     0.2585    0.2585    0.0000
 
    n           k   ϵ_nk^DFT (eV)     Σ^c_nk (eV)     Σ^x_nk (eV)    v_nk^xc (eV)   ϵ_nk^G0W0 (eV)
 
    1 (occ)    39         -18.313           7.252         -27.042         -17.325          -20.779
    2 (occ)    39         -11.508           4.448         -22.515         -16.000          -13.575
    3 (occ)    39          -9.853           4.032         -22.261         -16.320          -11.762
    4 (occ)    39          -4.609           2.463         -19.075         -15.489           -5.732
    5 (vir)    39           1.929          -3.640          -6.531         -12.171            3.929
    6 (vir)    39           8.556          -3.670          -4.337         -10.203           10.753
    7 (vir)    39          10.126          -2.661          -1.709          -6.405           12.161
    8 (vir)    39          10.418          -3.923          -5.818         -12.427           13.105
    9 (vir)    39          12.514          -4.123          -4.677         -11.882           15.595
   10 (vir)    39          15.835          -3.157          -3.537          -9.639           18.779
   11 (vir)    39          16.096          -3.666          -3.365          -9.789           18.854
   12 (vir)    39          19.747          -4.331          -3.642         -11.309           23.083
   13 (vir)    39          24.653          -4.587          -3.983         -12.415           28.498
   14 (vir)    39          25.773          -4.738          -4.182         -12.709           29.561
   15 (vir)    39          28.844          -5.965          -3.694         -13.475           32.661
   16 (vir)    39          34.731          -4.021          -1.949          -9.447           38.207
   17 (vir)    39          42.625          -5.142          -4.173         -14.657           47.967
   18 (vir)    39          43.038          -5.830          -4.632         -15.758           48.334
   19 (vir)    39          47.093          -5.407          -2.404         -12.403           51.685
   20 (vir)    39          49.334          -4.453          -3.585         -13.825           55.120
   21 (vir)    39          56.441          -4.555          -4.021         -15.730           63.595
   22 (vir)    39          61.673          -3.903          -3.110         -13.977           68.636
   23 (vir)    39          66.301          -4.839          -2.954         -15.767           74.276
   24 (vir)    39          82.297          -4.819          -3.266         -16.497           90.709
   25 (vir)    39         119.020           3.119          -1.694         -13.219          133.664
   26 (vir)    39         240.138          -2.408          -2.106         -18.074          253.698
 
 
  kpoint:      40             coordinate:     0.2653    0.2653    0.0000
 
    n           k   ϵ_nk^DFT (eV)     Σ^c_nk (eV)     Σ^x_nk (eV)    v_nk^xc (eV)   ϵ_nk^G0W0 (eV)
 
    1 (occ)    40         -18.219           7.237         -27.077         -17.387          -20.672
    2 (occ)    40         -11.590           4.455         -22.471         -15.943          -13.663
    3 (occ)    40          -9.992           4.072         -22.282         -16.275          -11.926
    4 (occ)    40          -4.458           2.431         -19.190         -15.657           -5.559
    5 (vir)    40           1.773          -3.615          -6.424         -12.025            3.759
    6 (vir)    40           8.768          -3.760          -4.462         -10.455           11.000
    7 (vir)    40          10.418          -2.688          -1.817          -6.584           12.497
    8 (vir)    40          10.525          -3.844          -5.580         -12.074           13.176
    9 (vir)    40          12.656          -4.106          -4.612         -11.827           15.765
   10 (vir)    40          15.666          -3.089          -3.425          -9.411           18.563
   11 (vir)    40          15.918          -3.631          -3.306          -9.658           18.638
   12 (vir)    40          19.699          -4.357          -3.739         -11.406           23.009
   13 (vir)    40          24.521          -4.779          -4.191         -12.973           28.524
   14 (vir)    40          25.401          -4.545          -4.098         -12.356           29.114
   15 (vir)    40          28.941          -6.037          -3.726         -13.584           32.762
   16 (vir)    40          34.743          -3.737          -1.972          -9.472           38.505
   17 (vir)    40          42.647          -5.119          -4.152         -14.607           47.983
   18 (vir)    40          43.243          -5.873          -4.639         -15.778           48.509
   19 (vir)    40          46.789          -5.342          -2.363         -12.273           51.358
   20 (vir)    40          49.121          -4.185          -3.573         -13.826           55.189
   21 (vir)    40          56.007          -5.477          -4.067         -15.694           62.156
   22 (vir)    40          61.470          -3.856          -3.016         -13.765           68.362
   23 (vir)    40          66.083          -4.957          -2.979         -15.776           73.924
   24 (vir)    40          82.337          -3.312          -3.267         -16.491           92.249
   25 (vir)    40         119.534          -0.559          -1.694         -13.243          130.524
   26 (vir)    40         239.913          -2.323          -2.181         -18.074          253.483
 
 
  kpoint:      41             coordinate:     0.2721    0.2721    0.0000
 
    n           k   ϵ_nk^DFT (eV)     Σ^c_nk (eV)     Σ^x_nk (eV)    v_nk^xc (eV)   ϵ_nk^G0W0 (eV)
 
    1 (occ)    41         -18.131           7.224         -27.111         -17.446          -20.573
    2 (occ)    41         -11.658           4.458         -22.423         -15.891          -13.732
    3 (occ)    41         -10.126           4.111         -22.304         -16.233          -12.086
    4 (occ)    41          -4.315           2.404         -19.314         -15.828           -5.397
    5 (vir)    41           1.628          -3.594          -6.307         -11.874            3.601
    6 (vir)    41           8.969          -3.857          -4.600         -10.731           11.242
    7 (vir)    41          10.629          -3.749          -5.318         -11.677           13.240
    8 (vir)    41          10.726          -2.727          -1.958          -6.817           12.859
    9 (vir)    41          12.798          -4.086          -4.544         -11.766           15.934
   10 (vir)    41          15.522          -3.014          -3.277          -9.132           18.363
   11 (vir)    41          15.739          -3.637          -3.291          -9.637           18.448
   12 (vir)    41          19.630          -4.344          -3.811         -11.444           22.919
   13 (vir)    41          24.414          -5.013          -4.408         -13.546           28.538
   14 (vir)    41          25.056          -4.359          -3.985         -11.959           28.671
   15 (vir)    41          29.019          -6.110          -3.765         -13.700           32.844
   16 (vir)    41          34.763          -3.861          -1.981          -9.492           38.413
   17 (vir)    41          42.655          -5.088          -4.121         -14.535           47.982
   18 (vir)    41          43.466          -5.901          -4.635         -15.802           48.732
   19 (vir)    41          46.420          -5.266          -2.329         -12.149           50.973
   20 (vir)    41          48.920          -3.973          -3.561         -13.824           55.210
   21 (vir)    41          55.585          -6.338          -4.058         -15.655           60.843
   22 (vir)    41          61.117          -3.811          -2.912         -13.524           67.917
   23 (vir)    41          65.871          -5.037          -2.998         -15.787           73.622
   24 (vir)    41          82.364          -2.568          -3.255         -16.484           93.025
   25 (vir)    41         120.030          -1.020          -1.686         -13.265          130.589
   26 (vir)    41         239.694          -2.285          -1.903         -18.075          253.580
 
 
  kpoint:      42             coordinate:     0.2789    0.2789    0.0000
 
    n           k   ϵ_nk^DFT (eV)     Σ^c_nk (eV)     Σ^x_nk (eV)    v_nk^xc (eV)   ϵ_nk^G0W0 (eV)
 
    1 (occ)    42         -18.052           7.213         -27.145         -17.502          -20.483
    2 (occ)    42         -11.710           4.456         -22.373         -15.843          -13.783
    3 (occ)    42         -10.255           4.150         -22.329         -16.192          -12.242
    4 (occ)    42          -4.184           2.382         -19.444         -15.999           -5.246
    5 (vir)    42           1.496          -3.577          -6.182         -11.720            3.456
    6 (vir)    42           9.157          -3.958          -4.751         -11.028           11.476
    7 (vir)    42          10.731          -3.640          -5.033         -11.242           13.300
    8 (vir)    42          11.046          -2.779          -2.141          -7.118           13.244
    9 (vir)    42          12.937          -4.060          -4.471         -11.691           16.097
   10 (vir)    42          15.403          -2.930          -3.080          -8.786           18.179
   11 (vir)    42          15.562          -3.686          -3.322          -9.718           18.272
   12 (vir)    42          19.539          -4.304          -3.861         -11.441           22.815
   13 (vir)    42          24.326          -5.259          -4.631         -14.133           28.570
   14 (vir)    42          24.745          -4.179          -3.842         -11.515           28.240
   15 (vir)    42          29.073          -6.184          -3.810         -13.824           32.903
   16 (vir)    42          34.787          -4.031          -1.970          -9.508           38.294
   17 (vir)    42          42.650          -5.050          -4.073         -14.434           47.961
   18 (vir)    42          43.702          -5.896          -4.628         -15.831           49.009
   19 (vir)    42          45.996          -5.180          -2.311         -12.044           50.548
   20 (vir)    42          48.734          -3.930          -3.552         -13.820           55.071
   21 (vir)    42          55.178          -6.528          -4.018         -15.613           60.245
   22 (vir)    42          60.636          -3.769          -2.802         -13.262           67.327
   23 (vir)    42          65.667          -5.095          -3.018         -15.797           73.351
   24 (vir)    42          82.380          -2.224          -3.235         -16.477           93.398
   25 (vir)    42         120.500          -1.094          -1.666         -13.284          131.023
   26 (vir)    42         239.486          -2.325          -1.492         -18.076          253.745
 
 
  kpoint:      43             coordinate:     0.2857    0.2857    0.0000
 
    n           k   ϵ_nk^DFT (eV)     Σ^c_nk (eV)     Σ^x_nk (eV)    v_nk^xc (eV)   ϵ_nk^G0W0 (eV)
 
    1 (occ)    43         -17.981           7.203         -27.178         -17.553          -20.402
    2 (occ)    43         -11.746           4.450         -22.321         -15.802          -13.815
    3 (occ)    43         -10.379           4.189         -22.356         -16.154          -12.393
    4 (occ)    43          -4.064           2.365         -19.578         -16.167           -5.110
    5 (vir)    43           1.377          -3.564          -6.055         -11.569            3.327
    6 (vir)    43           9.328          -4.063          -4.909         -11.338           11.694
    7 (vir)    43          10.832          -3.523          -4.734         -10.785           13.359
    8 (vir)    43          11.371          -2.846          -2.378          -7.501           13.648
    9 (vir)    43          13.071          -4.023          -4.386         -11.588           16.251
   10 (vir)    43          15.312          -2.835          -2.824          -8.355           18.008
   11 (vir)    43          15.393          -3.777          -3.404          -9.896           18.107
   12 (vir)    43          19.426          -4.243          -3.896         -11.410           22.697
   13 (vir)    43          24.256          -5.515          -4.875         -14.776           28.642
   14 (vir)    43          24.475          -3.998          -3.651         -10.983           27.810
   15 (vir)    43          29.101          -6.257          -3.862         -13.954           32.936
   16 (vir)    43          34.812          -4.110          -1.944          -9.518           38.276
   17 (vir)    43          42.631          -5.004          -3.999         -14.289           47.917
   18 (vir)    43          43.949          -5.866          -4.627         -15.867           49.323
   19 (vir)    43          45.539          -5.084          -2.319         -11.976           50.112
   20 (vir)    43          48.562          -4.061          -3.539         -13.812           54.774
   21 (vir)    43          54.793          -6.164          -3.983         -15.569           60.215
   22 (vir)    43          60.059          -3.729          -2.689         -12.988           66.629
   23 (vir)    43          65.475          -5.131          -3.041         -15.808           73.111
   24 (vir)    43          82.387          -2.074          -3.213         -16.471           93.570
   25 (vir)    43         120.935          -1.083          -1.634         -13.299          131.517
   26 (vir)    43         239.295          -2.423          -1.186         -18.077          253.762
 
 
  kpoint:      44             coordinate:     0.2925    0.2925    0.0000
 
    n           k   ϵ_nk^DFT (eV)     Σ^c_nk (eV)     Σ^x_nk (eV)    v_nk^xc (eV)   ϵ_nk^G0W0 (eV)
 
    1 (occ)    44         -17.919           7.196         -27.207         -17.599          -20.333
    2 (occ)    44         -11.767           4.439         -22.267         -15.767          -13.828
    3 (occ)    44         -10.497           4.227         -22.386         -16.118          -12.538
    4 (occ)    44          -3.959           2.353         -19.709         -16.326           -4.989
    5 (vir)    44           1.274          -3.555          -5.930         -11.425            3.215
    6 (vir)    44           9.480          -4.167          -5.068         -11.644           11.889
    7 (vir)    44          10.931          -3.404          -4.435         -10.327           13.418
    8 (vir)    44          11.689          -2.928          -2.678          -7.977           14.060
    9 (vir)    44          13.196          -3.969          -4.284         -11.447           16.391
   10 (vir)    44          15.236          -3.905          -3.539         -10.168           17.959
   11 (vir)    44          15.251          -2.730          -2.499          -7.827           17.849
   12 (vir)    44          19.296          -4.168          -3.923         -11.356           22.561
   13 (vir)    44          24.190          -5.629          -5.117         -15.292           28.736
   14 (vir)    44          24.258          -3.968          -3.432         -10.550           27.408
   15 (vir)    44          29.101          -6.327          -3.919         -14.089           32.944
   16 (vir)    44          34.836          -4.127          -1.916          -9.525           38.317
   17 (vir)    44          42.604          -4.951          -3.890         -14.088           47.851
   18 (vir)    44          44.201          -5.830          -4.634         -15.909           49.645
   19 (vir)    44          45.076          -4.983          -2.364         -11.970           49.699
   20 (vir)    44          48.405          -4.286          -3.518         -13.801           54.402
   21 (vir)    44          54.435          -5.345          -3.979         -15.523           60.634
   22 (vir)    44          59.427          -3.692          -2.578         -12.714           65.872
   23 (vir)    44          65.299          -5.154          -3.067         -15.818           72.896
   24 (vir)    44          82.387          -2.055          -3.198         -16.465           93.599
   25 (vir)    44         121.328          -0.972          -1.598         -13.313          132.070
   26 (vir)    44         239.124          -2.526          -1.108         -18.078          253.568
 
 
  kpoint:      45             coordinate:     0.2993    0.2993    0.0000
 
    n           k   ϵ_nk^DFT (eV)     Σ^c_nk (eV)     Σ^x_nk (eV)    v_nk^xc (eV)   ϵ_nk^G0W0 (eV)
 
    1 (occ)    45         -17.867           7.189         -27.233         -17.638          -20.274
    2 (occ)    45         -11.773           4.424         -22.213         -15.740          -13.822
    3 (occ)    45         -10.608           4.265         -22.420         -16.085          -12.678
    4 (occ)    45          -3.868           2.344         -19.832         -16.471           -4.886
    5 (vir)    45           1.188          -3.549          -5.813         -11.295            3.121
    6 (vir)    45           9.610          -4.262          -5.215         -11.923           12.055
    7 (vir)    45          11.029          -3.291          -4.155          -9.897           13.480
    8 (vir)    45          11.985          -3.023          -3.040          -8.541           14.463
    9 (vir)    45          13.309          -3.895          -4.160         -11.258           16.512
   10 (vir)    45          15.093          -4.064          -3.724         -10.528           17.833
   11 (vir)    45          15.222          -2.620          -2.105          -7.207           17.703
   12 (vir)    45          19.156          -4.083          -3.944         -11.283           22.411
   13 (vir)    45          24.048          -4.222          -3.896         -11.654           27.583
   14 (vir)    45          24.171          -5.440          -4.659         -14.248           28.320
   15 (vir)    45          29.078          -6.392          -3.980         -14.222           32.928
   16 (vir)    45          34.856          -4.177          -1.902          -9.529           38.306
   17 (vir)    45          42.576          -4.895          -3.738         -13.824           47.768
   18 (vir)    45          44.451          -5.807          -4.651         -15.959           49.952
   19 (vir)    45          44.637          -4.887          -2.456         -12.046           49.340
   20 (vir)    45          48.263          -4.503          -3.485         -13.783           54.057
   21 (vir)    45          54.112          -4.563          -4.008         -15.477           61.017
   22 (vir)    45          58.788          -3.655          -2.473         -12.452           65.111
   23 (vir)    45          65.142          -5.194          -3.092         -15.828           72.684
   24 (vir)    45          82.383          -2.204          -3.193         -16.459           93.445
   25 (vir)    45         121.671          -0.699          -1.574         -13.323          132.722
   26 (vir)    45         238.976          -2.580          -1.222         -18.079          253.253
 
 
  kpoint:      46             coordinate:     0.3061    0.3061    0.0000
 
    n           k   ϵ_nk^DFT (eV)     Σ^c_nk (eV)     Σ^x_nk (eV)    v_nk^xc (eV)   ϵ_nk^G0W0 (eV)
 
    1 (occ)    46         -17.826           7.184         -27.255         -17.670          -20.226
    2 (occ)    46         -11.766           4.405         -22.158         -15.720          -13.799
    3 (occ)    46         -10.710           4.303         -22.457         -16.055          -12.808
    4 (occ)    46          -3.794           2.338         -19.941         -16.596           -4.802
    5 (vir)    46           1.118          -3.546          -5.710         -11.184            3.045
    6 (vir)    46           9.716          -4.340          -5.341         -12.153           12.188
    7 (vir)    46          11.122          -3.192          -3.912          -9.523           13.542
    8 (vir)    46          12.238          -3.124          -3.440          -9.153           14.828
    9 (vir)    46          13.407          -3.802          -4.015         -11.021           16.610
   10 (vir)    46          14.969          -4.246          -3.948         -10.956           17.731
   11 (vir)    46          15.225          -2.517          -1.671          -6.536           17.573
   12 (vir)    46          19.017          -3.995          -3.959         -11.194           22.257
   13 (vir)    46          23.905          -3.979          -3.595         -10.839           27.171
   14 (vir)    46          24.135          -5.761          -4.966         -15.108           28.516
   15 (vir)    46          29.040          -6.451          -4.041         -14.350           32.898
   16 (vir)    46          34.873          -4.295          -1.909          -9.530           38.199
   17 (vir)    46          42.566          -4.842          -3.551         -13.515           47.688
   18 (vir)    46          44.246          -4.809          -2.592         -12.201           49.045
   19 (vir)    46          44.691          -5.806          -4.676         -16.018           50.228
   20 (vir)    46          48.135          -4.651          -3.440         -13.756           53.800
   21 (vir)    46          53.830          -4.231          -4.056         -15.432           60.976
   22 (vir)    46          58.187          -3.617          -2.380         -12.211           64.400
   23 (vir)    46          65.008          -5.285          -3.114         -15.836           72.445
   24 (vir)    46          82.376          -2.825          -3.194         -16.454           92.811
   25 (vir)    46         121.960          -0.400          -1.574         -13.332          133.318
   26 (vir)    46         238.854          -2.563          -1.399         -18.080          252.972
 
 
  kpoint:      47             coordinate:     0.3129    0.3129    0.0000
 
    n           k   ϵ_nk^DFT (eV)     Σ^c_nk (eV)     Σ^x_nk (eV)    v_nk^xc (eV)   ϵ_nk^G0W0 (eV)
 
    1 (occ)    47         -17.794           7.180         -27.272         -17.695          -20.190
    2 (occ)    47         -11.750           4.383         -22.104         -15.707          -13.763
    3 (occ)    47         -10.799           4.339         -22.497         -16.030          -12.928
    4 (occ)    47          -3.737           2.334         -20.030         -16.696           -4.737
    5 (vir)    47           1.066          -3.546          -5.627         -11.095            2.989
    6 (vir)    47           9.797          -4.395          -5.435         -12.320           12.288
    7 (vir)    47          11.207          -3.113          -3.720          -9.228           13.602
    8 (vir)    47          12.433          -3.216          -3.824          -9.733           15.126
    9 (vir)    47          13.485          -3.699          -3.861         -10.756           16.681
   10 (vir)    47          14.866          -4.436          -4.188         -11.411           17.654
   11 (vir)    47          15.252          -2.437          -1.252          -5.900           17.463
   12 (vir)    47          18.891          -3.912          -3.966         -11.100           22.113
   13 (vir)    47          23.798          -3.863          -3.467         -10.465           26.933
   14 (vir)    47          24.109          -5.919          -5.110         -15.517           28.596
   15 (vir)    47          28.997          -6.500          -4.096         -14.462           32.863
   16 (vir)    47          34.886          -4.379          -1.938          -9.530           38.099
   17 (vir)    47          42.598          -4.802          -3.356         -13.207           47.647
   18 (vir)    47          43.912          -4.760          -2.749         -12.399           48.802
   19 (vir)    47          44.909          -5.824          -4.708         -16.086           50.463
   20 (vir)    47          48.022          -4.702          -3.386         -13.719           53.653
   21 (vir)    47          53.599          -4.358          -4.100         -15.392           60.533
   22 (vir)    47          57.667          -3.577          -2.302         -12.002           63.789
   23 (vir)    47          64.899          -5.440          -3.131         -15.843           72.171
   24 (vir)    47          82.368          -5.145          -3.198         -16.451           90.476
   25 (vir)    47         122.188          -0.459          -1.601         -13.338          133.466
   26 (vir)    47         238.759          -2.488          -1.521         -18.081          252.832
 
 
  kpoint:      48             coordinate:     0.3197    0.3197    0.0000
 
    n           k   ϵ_nk^DFT (eV)     Σ^c_nk (eV)     Σ^x_nk (eV)    v_nk^xc (eV)   ϵ_nk^G0W0 (eV)
 
    1 (occ)    48         -17.771           7.178         -27.284         -17.712          -20.165
    2 (occ)    48         -11.728           4.361         -22.053         -15.701          -13.719
    3 (occ)    48         -10.872           4.371         -22.538         -16.010          -13.030
    4 (occ)    48          -3.697           2.332         -20.094         -16.767           -4.691
    5 (vir)    48           1.030          -3.546          -5.567         -11.033            2.950
    6 (vir)    48           9.855          -4.426          -5.495         -12.423           12.357
    7 (vir)    48          11.276          -3.058          -3.586          -9.022           13.655
    8 (vir)    48          12.563          -3.286          -4.132         -10.190           15.335
    9 (vir)    48          13.543          -3.603          -3.722         -10.507           16.725
   10 (vir)    48          14.788          -4.607          -4.405         -11.824           17.600
   11 (vir)    48          15.289          -2.389          -0.916          -5.395           17.380
   12 (vir)    48          18.791          -3.843          -3.965         -11.014           21.997
   13 (vir)    48          23.726          -3.766          -3.406         -10.230           26.783
   14 (vir)    48          24.090          -6.024          -5.201         -15.779           28.644
   15 (vir)    48          28.964          -6.537          -4.139         -14.549           32.837
   16 (vir)    48          34.894          -4.346          -1.979          -9.530           38.099
   17 (vir)    48          42.697          -4.780          -3.188         -12.954           47.684
   18 (vir)    48          43.626          -4.740          -2.894         -12.589           48.581
   19 (vir)    48          45.091          -5.851          -4.746         -16.158           50.652
   20 (vir)    48          47.927          -4.645          -3.331         -13.674           53.625
   21 (vir)    48          53.426          -4.878          -4.129         -15.359           59.780
   22 (vir)    48          57.266          -3.538          -2.243         -11.837           63.322
   23 (vir)    48          64.819          -5.631          -3.144         -15.848           71.893
   24 (vir)    48          82.361          -6.851          -3.196         -16.448           88.762
   25 (vir)    48         122.354          -0.732          -1.645         -13.342          133.319
   26 (vir)    48         238.692          -2.398          -1.544         -18.082          252.833
 
 
  kpoint:      49             coordinate:     0.3265    0.3265    0.0000
 
    n           k   ϵ_nk^DFT (eV)     Σ^c_nk (eV)     Σ^x_nk (eV)    v_nk^xc (eV)   ϵ_nk^G0W0 (eV)
 
    1 (occ)    49         -17.759           7.176         -27.290         -17.722          -20.151
    2 (occ)    49         -11.708           4.342         -22.014         -15.699          -13.681
    3 (occ)    49         -10.922           4.395         -22.571         -15.996          -13.102
    4 (occ)    49          -3.674           2.331         -20.131         -16.809           -4.665
    5 (vir)    49           1.010          -3.547          -5.532         -10.997            2.929
    6 (vir)    49           9.888          -4.439          -5.525         -12.472           12.397
    7 (vir)    49          11.322          -3.025          -3.510          -8.906           13.693
    8 (vir)    49          12.632          -3.326          -4.319         -10.465           15.451
    9 (vir)    49          13.578          -3.536          -3.628         -10.333           16.746
   10 (vir)    49          14.739          -4.726          -4.557         -12.110           17.565
   11 (vir)    49          15.320          -2.369          -0.710          -5.089           17.331
   12 (vir)    49          18.726          -3.797          -3.959         -10.953           21.923
   13 (vir)    49          23.685          -3.691          -3.386         -10.087           26.696
   14 (vir)    49          24.078          -6.089          -5.256         -15.939           28.672
   15 (vir)    49          28.946          -6.561          -4.166         -14.604           32.823
   16 (vir)    49          34.899          -4.218          -2.015          -9.530           38.196
   17 (vir)    49          42.872          -4.771          -3.065         -12.784           47.820
   18 (vir)    49          43.367          -4.739          -3.007         -12.736           48.357
   19 (vir)    49          45.216          -5.868          -4.779         -16.219           50.787
   20 (vir)    49          47.861          -4.509          -3.288         -13.630           53.694
   21 (vir)    49          53.320          -5.604          -4.138         -15.338           58.916
   22 (vir)    49          57.013          -3.505          -2.206         -11.728           63.031
   23 (vir)    49          64.770          -5.789          -3.153         -15.852           71.680
   24 (vir)    49          82.356          -5.724          -3.189         -16.447           89.890
   25 (vir)    49         122.453          -0.875          -1.684         -13.345          133.238
   26 (vir)    49         238.653          -2.330          -1.500         -18.083          252.905
 
 
  kpoint:      50             coordinate:     0.3333    0.3333    0.0000
 
    n           k   ϵ_nk^DFT (eV)     Σ^c_nk (eV)     Σ^x_nk (eV)    v_nk^xc (eV)   ϵ_nk^G0W0 (eV)
 
    1 (occ)    50         -17.754           7.176         -27.293         -17.725          -20.146
    2 (occ)    50         -11.699           4.334         -21.998         -15.698          -13.665
    3 (occ)    50         -10.940           4.405         -22.585         -15.991          -13.130
    4 (occ)    50          -3.666           2.330         -20.143         -16.823           -4.657
    5 (vir)    50           1.004          -3.548          -5.521         -10.986            2.922
    6 (vir)    50           9.899          -4.440          -5.532         -12.485           12.411
    7 (vir)    50          11.338          -3.015          -3.486          -8.870           13.707
    8 (vir)    50          12.651          -3.338          -4.379         -10.551           15.485
    9 (vir)    50          13.589          -3.513          -3.597         -10.274           16.752
   10 (vir)    50          14.721          -4.767          -4.611         -12.208           17.551
   11 (vir)    50          15.332          -2.364          -0.644          -4.992           17.316
   12 (vir)    50          18.703          -3.780          -3.955         -10.931           21.899
   13 (vir)    50          23.672          -3.659          -3.387         -10.032           26.659
   14 (vir)    50          24.073          -6.112          -5.277         -16.001           28.685
   15 (vir)    50          28.942          -6.569          -4.175         -14.622           32.821
   16 (vir)    50          34.900          -4.062          -2.033          -9.530           38.336
   17 (vir)    50          43.107          -5.359          -1.739         -10.843           46.852
   18 (vir)    50          43.116          -4.762          -4.331         -14.674           48.696
   19 (vir)    50          45.262          -5.862          -4.794         -16.245           50.851
   20 (vir)    50          47.836          -4.368          -3.274         -13.611           53.804
   21 (vir)    50          53.283          -6.170          -4.132         -15.330           58.311
   22 (vir)    50          56.928          -3.490          -2.193         -11.690           62.934
   23 (vir)    50          64.753          -5.843          -3.157         -15.853           71.606
   24 (vir)    50          82.354          -6.093          -3.178         -16.446           89.529
   25 (vir)    50         122.486          -0.819          -1.702         -13.345          133.310
   26 (vir)    50         238.640          -2.292          -1.447         -18.083          252.984
 
 
  kpoint:      51             coordinate:     0.3265    0.3367    0.0000
 
    n           k   ϵ_nk^DFT (eV)     Σ^c_nk (eV)     Σ^x_nk (eV)    v_nk^xc (eV)   ϵ_nk^G0W0 (eV)
 
    1 (occ)    51         -17.755           7.176         -27.292         -17.724          -20.147
    2 (occ)    51         -11.702           4.337         -22.002         -15.698          -13.669
    3 (occ)    51         -10.936           4.402         -22.582         -15.992          -13.122
    4 (occ)    51          -3.668           2.331         -20.141         -16.820           -4.659
    5 (vir)    51           1.006          -3.547          -5.523         -10.989            2.924
    6 (vir)    51           9.897          -4.440          -5.532         -12.483           12.408
    7 (vir)    51          11.334          -3.018          -3.491          -8.878           13.703
    8 (vir)    51          12.647          -3.335          -4.366         -10.532           15.478
    9 (vir)    51          13.586          -3.518          -3.604         -10.286           16.750
   10 (vir)    51          14.726          -4.758          -4.599         -12.186           17.555
   11 (vir)    51          15.329          -2.365          -0.659          -5.014           17.319
   12 (vir)    51          18.709          -3.784          -3.956         -10.937           21.905
   13 (vir)    51          23.675          -3.664          -3.388         -10.048           26.671
   14 (vir)    51          24.074          -6.106          -5.271         -15.984           28.681
   15 (vir)    51          28.942          -6.567          -4.173         -14.618           32.821
   16 (vir)    51          34.900          -4.099          -2.030          -9.530           38.301
   17 (vir)    51          42.978          -4.771          -2.999         -12.696           47.903
   18 (vir)    51          43.246          -4.740          -3.071         -12.820           48.255
   19 (vir)    51          45.250          -5.867          -4.790         -16.237           50.830
   20 (vir)    51          47.843          -4.403          -3.278         -13.616           53.778
   21 (vir)    51          53.292          -6.022          -4.134         -15.332           58.468
   22 (vir)    51          56.949          -3.494          -2.196         -11.700           62.958
   23 (vir)    51          64.757          -5.801          -3.156         -15.853           71.653
   24 (vir)    51          82.355          -6.149          -3.181         -16.446           89.471
   25 (vir)    51         122.478          -0.850          -1.700         -13.345          133.272
   26 (vir)    51         238.643          -2.304          -1.460         -18.083          252.961
 
 
  kpoint:      52             coordinate:     0.3197    0.3401    0.0000
 
    n           k   ϵ_nk^DFT (eV)     Σ^c_nk (eV)     Σ^x_nk (eV)    v_nk^xc (eV)   ϵ_nk^G0W0 (eV)
 
    1 (occ)    52         -17.758           7.176         -27.291         -17.722          -20.151
    2 (occ)    52         -11.710           4.343         -22.015         -15.698          -13.684
    3 (occ)    52         -10.921           4.395         -22.571         -15.997          -13.100
    4 (occ)    52          -3.673           2.331         -20.133         -16.811           -4.664
    5 (vir)    52           1.010          -3.547          -5.530         -10.996            2.928
    6 (vir)    52           9.888          -4.438          -5.530         -12.479           12.399
    7 (vir)    52          11.321          -3.025          -3.506          -8.900           13.691
    8 (vir)    52          12.637          -3.328          -4.327         -10.477           15.459
    9 (vir)    52          13.577          -3.530          -3.621         -10.317           16.743
   10 (vir)    52          14.740          -4.732          -4.566         -12.125           17.566
   11 (vir)    52          15.321          -2.368          -0.701          -5.076           17.328
   12 (vir)    52          18.726          -3.797          -3.959         -10.954           21.925
   13 (vir)    52          23.684          -3.678          -3.399         -10.092           26.700
   14 (vir)    52          24.078          -6.086          -5.254         -15.933           28.671
   15 (vir)    52          28.942          -6.561          -4.167         -14.605           32.819
   16 (vir)    52          34.899          -4.147          -2.025          -9.530           38.257
   17 (vir)    52          42.838          -4.778          -3.016         -12.710           47.755
   18 (vir)    52          43.384          -4.728          -3.054         -12.802           48.404
   19 (vir)    52          45.212          -5.871          -4.778         -16.215           50.779
   20 (vir)    52          47.863          -4.438          -3.292         -13.634           53.766
   21 (vir)    52          53.319          -5.797          -4.136         -15.338           58.725
   22 (vir)    52          57.010          -3.508          -2.206         -11.730           63.026
   23 (vir)    52          64.770          -5.679          -3.153         -15.852           71.790
   24 (vir)    52          82.356          -6.749          -3.183         -16.447           88.871
   25 (vir)    52         122.453          -0.844          -1.697         -13.345          133.257
   26 (vir)    52         238.652          -2.319          -1.482         -18.083          252.934
 
 
  kpoint:      53             coordinate:     0.3129    0.3435    0.0000
 
    n           k   ϵ_nk^DFT (eV)     Σ^c_nk (eV)     Σ^x_nk (eV)    v_nk^xc (eV)   ϵ_nk^G0W0 (eV)
 
    1 (occ)    53         -17.763           7.177         -27.288         -17.719          -20.156
    2 (occ)    53         -11.722           4.353         -22.033         -15.696          -13.707
    3 (occ)    53         -10.896           4.382         -22.554         -16.004          -13.064
    4 (occ)    53          -3.682           2.332         -20.120         -16.796           -4.674
    5 (vir)    53           1.016          -3.546          -5.542         -11.007            2.934
    6 (vir)    53           9.874          -4.436          -5.530         -12.475           12.383
    7 (vir)    53          11.300          -3.035          -3.527          -8.933           13.670
    8 (vir)    53          12.622          -3.318          -4.268         -10.393           15.429
    9 (vir)    53          13.563          -3.545          -3.645         -10.358           16.731
   10 (vir)    53          14.764          -4.695          -4.520         -12.037           17.586
   11 (vir)    53          15.308          -2.372          -0.767          -5.173           17.341
   12 (vir)    53          18.755          -3.817          -3.963         -10.983           21.958
   13 (vir)    53          23.699          -3.705          -3.421         -10.172           26.745
   14 (vir)    53          24.086          -6.051          -5.224         -15.842           28.653
   15 (vir)    53          28.938          -6.550          -4.159         -14.585           32.814
   16 (vir)    53          34.898          -4.207          -2.018          -9.530           38.203
   17 (vir)    53          42.690          -4.786          -3.009         -12.687           47.582
   18 (vir)    53          43.523          -4.710          -3.060         -12.816           48.568
   19 (vir)    53          45.149          -5.872          -4.759         -16.180           50.698
   20 (vir)    53          47.897          -4.461          -3.317         -13.661           53.780
   21 (vir)    53          53.364          -5.553          -4.136         -15.348           59.023
   22 (vir)    53          57.108          -3.530          -2.221         -11.780           63.136
   23 (vir)    53          64.792          -5.502          -3.149         -15.850           71.991
   24 (vir)    53          82.359          -6.752          -3.184         -16.447           88.870
   25 (vir)    53         122.412          -0.791          -1.693         -13.344          133.271
   26 (vir)    53         238.668          -2.330          -1.512         -18.082          252.908
 
 
  kpoint:      54             coordinate:     0.3061    0.3469    0.0000
 
    n           k   ϵ_nk^DFT (eV)     Σ^c_nk (eV)     Σ^x_nk (eV)    v_nk^xc (eV)   ϵ_nk^G0W0 (eV)
 
    1 (occ)    54         -17.769           7.177         -27.285         -17.714          -20.163
    2 (occ)    54         -11.740           4.366         -22.057         -15.693          -13.737
    3 (occ)    54         -10.863           4.366         -22.534         -16.015          -13.015
    4 (occ)    54          -3.693           2.333         -20.104         -16.777           -4.687
    5 (vir)    54           1.024          -3.545          -5.556         -11.021            2.943
    6 (vir)    54           9.854          -4.433          -5.533         -12.474           12.363
    7 (vir)    54          11.271          -3.049          -3.554          -8.975           13.642
    8 (vir)    54          12.603          -3.305          -4.190         -10.284           15.393
    9 (vir)    54          13.542          -3.558          -3.668         -10.396           16.711
   10 (vir)    54          14.799          -4.652          -4.466         -11.936           17.617
   11 (vir)    54          15.291          -2.379          -0.854          -5.299           17.358
   12 (vir)    54          18.795          -3.845          -3.968         -11.022           22.004
   13 (vir)    54          23.718          -3.749          -3.457         -10.294           26.806
   14 (vir)    54          24.097          -5.997          -5.177         -15.704           28.627
   15 (vir)    54          28.930          -6.536          -4.148         -14.558           32.804
   16 (vir)    54          34.896          -4.272          -2.010          -9.530           38.144
   17 (vir)    54          42.532          -4.795          -2.989         -12.645           47.392
   18 (vir)    54          43.658          -4.688          -3.078         -12.843           48.735
   19 (vir)    54          45.061          -5.870          -4.735         -16.135           50.591
   20 (vir)    54          47.944          -4.461          -3.348         -13.695           53.830
   21 (vir)    54          53.427          -5.356          -4.135         -15.361           59.296
   22 (vir)    54          57.238          -3.563          -2.243         -11.848           63.281
   23 (vir)    54          64.822          -5.310          -3.143         -15.848           72.217
   24 (vir)    54          82.363          -5.087          -3.184         -16.448           90.540
   25 (vir)    54         122.354          -0.677          -1.689         -13.343          133.331
   26 (vir)    54         238.689          -2.333          -1.551         -18.082          252.886
 
 
  kpoint:      55             coordinate:     0.2993    0.3503    0.0000
 
    n           k   ϵ_nk^DFT (eV)     Σ^c_nk (eV)     Σ^x_nk (eV)    v_nk^xc (eV)   ϵ_nk^G0W0 (eV)
 
    1 (occ)    55         -17.777           7.179         -27.281         -17.708          -20.172
    2 (occ)    55         -11.761           4.380         -22.082         -15.690          -13.773
    3 (occ)    55         -10.821           4.348         -22.512         -16.029          -12.956
    4 (occ)    55          -3.707           2.334         -20.084         -16.754           -4.702
    5 (vir)    55           1.033          -3.544          -5.574         -11.037            2.953
    6 (vir)    55           9.829          -4.430          -5.539         -12.477           12.336
    7 (vir)    55          11.234          -3.066          -3.584          -9.020           13.605
    8 (vir)    55          12.584          -3.290          -4.097         -10.155           15.351
    9 (vir)    55          13.516          -3.567          -3.688         -10.422           16.683
   10 (vir)    55          14.843          -4.609          -4.411         -11.834           17.657
   11 (vir)    55          15.273          -2.389          -0.956          -5.449           17.377
   12 (vir)    55          18.845          -3.879          -3.974         -11.071           22.062
   13 (vir)    55          23.742          -3.813          -3.510         -10.466           26.885
   14 (vir)    55          24.112          -5.921          -5.112         -15.511           28.590
   15 (vir)    55          28.916          -6.518          -4.135         -14.525           32.787
   16 (vir)    55          34.895          -4.332          -2.002          -9.529           38.090
   17 (vir)    55          42.363          -4.803          -2.961         -12.587           47.186
   18 (vir)    55          43.788          -4.662          -3.102         -12.877           48.902
   19 (vir)    55          44.950          -5.865          -4.709         -16.083           50.459
   20 (vir)    55          48.001          -4.436          -3.384         -13.734           53.915
   21 (vir)    55          53.506          -5.249          -4.133         -15.377           59.500
   22 (vir)    55          57.394          -3.603          -2.269         -11.933           63.455
   23 (vir)    55          64.862          -5.144          -3.137         -15.845           72.426
   24 (vir)    55          82.369          -3.493          -3.183         -16.449           92.142
   25 (vir)    55         122.281          -0.485          -1.685         -13.341          133.452
   26 (vir)    55         238.715          -2.327          -1.597         -18.081          252.872
 
 
  kpoint:      56             coordinate:     0.2925    0.3537    0.0000
 
    n           k   ϵ_nk^DFT (eV)     Σ^c_nk (eV)     Σ^x_nk (eV)    v_nk^xc (eV)   ϵ_nk^G0W0 (eV)
 
    1 (occ)    56         -17.786           7.180         -27.277         -17.702          -20.182
    2 (occ)    56         -11.786           4.396         -22.108         -15.685          -13.814
    3 (occ)    56         -10.773           4.327         -22.490         -16.046          -12.889
    4 (occ)    56          -3.723           2.336         -20.061         -16.727           -4.721
    5 (vir)    56           1.044          -3.542          -5.593         -11.055            2.964
    6 (vir)    56           9.797          -4.427          -5.551         -12.485           12.304
    7 (vir)    56          11.192          -3.083          -3.614          -9.067           13.562
    8 (vir)    56          12.563          -3.274          -3.991         -10.009           15.307
    9 (vir)    56          13.486          -3.568          -3.700         -10.431           16.649
   10 (vir)    56          14.897          -4.569          -4.361         -11.742           17.709
   11 (vir)    56          15.253          -2.402          -1.072          -5.619           17.398
   12 (vir)    56          18.905          -3.919          -3.982         -11.128           22.132
   13 (vir)    56          23.770          -3.898          -3.582         -10.694           26.984
   14 (vir)    56          24.133          -5.822          -5.024         -15.256           28.542
   15 (vir)    56          28.895          -6.497          -4.122         -14.487           32.763
   16 (vir)    56          34.893          -4.377          -1.994          -9.529           38.051
   17 (vir)    56          42.183          -4.809          -2.926         -12.517           46.965
   18 (vir)    56          43.911          -4.634          -3.131         -12.916           49.062
   19 (vir)    56          44.818          -5.859          -4.682         -16.027           50.303
   20 (vir)    56          48.068          -4.388          -3.423         -13.773           54.030
   21 (vir)    56          53.601          -5.238          -4.130         -15.396           59.630
   22 (vir)    56          57.570          -3.652          -2.300         -12.032           63.650
   23 (vir)    56          64.910          -5.040          -3.130         -15.842           72.581
   24 (vir)    56          82.376          -2.736          -3.182         -16.450           92.908
   25 (vir)    56         122.192          -0.225          -1.681         -13.340          133.625
   26 (vir)    56         238.747          -2.314          -1.646         -18.081          252.868
 
 
  kpoint:      57             coordinate:     0.2857    0.3571    0.0000
 
    n           k   ϵ_nk^DFT (eV)     Σ^c_nk (eV)     Σ^x_nk (eV)    v_nk^xc (eV)   ϵ_nk^G0W0 (eV)
 
    1 (occ)    57         -17.797           7.181         -27.272         -17.694          -20.194
    2 (occ)    57         -11.814           4.412         -22.134         -15.679          -13.856
    3 (occ)    57         -10.717           4.305         -22.469         -16.066          -12.815
    4 (occ)    57          -3.742           2.338         -20.036         -16.698           -4.742
    5 (vir)    57           1.056          -3.540          -5.614         -11.075            2.976
    6 (vir)    57           9.758          -4.423          -5.569         -12.500           12.265
    7 (vir)    57          11.144          -3.101          -3.643          -9.112           13.512
    8 (vir)    57          12.544          -3.257          -3.876          -9.850           15.261
    9 (vir)    57          13.451          -3.561          -3.701         -10.419           16.608
   10 (vir)    57          14.959          -4.535          -4.320         -11.667           17.771
   11 (vir)    57          15.233          -2.418          -1.199          -5.806           17.422
   12 (vir)    57          18.973          -3.964          -3.990         -11.191           22.211
   13 (vir)    57          23.802          -4.005          -3.676         -10.982           27.103
   14 (vir)    57          24.160          -5.698          -4.913         -14.933           28.482
   15 (vir)    57          28.865          -6.472          -4.108         -14.445           32.730
   16 (vir)    57          34.891          -4.395          -1.985          -9.528           38.039
   17 (vir)    57          41.992          -4.814          -2.887         -12.439           46.730
   18 (vir)    57          44.026          -4.605          -3.162         -12.957           49.216
   19 (vir)    57          44.667          -5.853          -4.657         -15.969           50.126
   20 (vir)    57          48.141          -4.329          -3.462         -13.813           54.163
   21 (vir)    57          53.712          -5.297          -4.125         -15.418           59.707
   22 (vir)    57          57.758          -3.706          -2.334         -12.141           63.859
   23 (vir)    57          64.967          -5.021          -3.122         -15.838           72.661
   24 (vir)    57          82.384          -2.426          -3.181         -16.452           93.229
   25 (vir)    57         122.087           0.006          -1.677         -13.338          133.754
   26 (vir)    57         238.784          -2.295          -1.693         -18.080          252.875
 
 
  kpoint:      58             coordinate:     0.2789    0.3605    0.0000
 
    n           k   ϵ_nk^DFT (eV)     Σ^c_nk (eV)     Σ^x_nk (eV)    v_nk^xc (eV)   ϵ_nk^G0W0 (eV)
 
    1 (occ)    58         -17.809           7.183         -27.267         -17.686          -20.207
    2 (occ)    58         -11.843           4.428         -22.158         -15.673          -13.901
    3 (occ)    58         -10.656           4.283         -22.449         -16.088          -12.735
    4 (occ)    58          -3.762           2.341         -20.010         -16.666           -4.766
    5 (vir)    58           1.068          -3.538          -5.637         -11.095            2.989
    6 (vir)    58           9.712          -4.420          -5.593         -12.521           12.220
    7 (vir)    58          11.092          -3.119          -3.668          -9.152           13.457
    8 (vir)    58          12.527          -3.240          -3.752          -9.681           15.215
    9 (vir)    58          13.414          -3.546          -3.693         -10.386           16.560
   10 (vir)    58          15.029          -4.510          -4.289         -11.613           17.843
   11 (vir)    58          15.215          -2.438          -1.334          -6.005           17.448
   12 (vir)    58          19.050          -4.014          -3.999         -11.261           22.298
   13 (vir)    58          23.837          -4.129          -3.791         -11.327           27.244
   14 (vir)    58          24.194          -5.549          -4.778         -14.546           28.413
   15 (vir)    58          28.825          -6.444          -4.094         -14.400           32.687
   16 (vir)    58          34.889          -4.370          -1.977          -9.527           38.069
   17 (vir)    58          41.790          -4.816          -2.846         -12.354           46.483
   18 (vir)    58          44.133          -4.576          -3.195         -12.999           49.360
   19 (vir)    58          44.498          -5.848          -4.634         -15.913           49.929
   20 (vir)    58          48.220          -4.269          -3.501         -13.849           54.300
   21 (vir)    58          53.837          -5.387          -4.118         -15.442           59.774
   22 (vir)    58          57.951          -3.765          -2.370         -12.258           64.074
   23 (vir)    58          65.033          -5.099          -3.114         -15.833           72.652
   24 (vir)    58          82.394          -2.330          -3.181         -16.453           93.336
   25 (vir)    58         121.968           0.041          -1.673         -13.336          133.671
   26 (vir)    58         238.825          -2.277          -1.734         -18.079          252.893
 
 
  kpoint:      59             coordinate:     0.2721    0.3639    0.0000
 
    n           k   ϵ_nk^DFT (eV)     Σ^c_nk (eV)     Σ^x_nk (eV)    v_nk^xc (eV)   ϵ_nk^G0W0 (eV)
 
    1 (occ)    59         -17.822           7.185         -27.261         -17.677          -20.221
    2 (occ)    59         -11.874           4.444         -22.181         -15.666          -13.946
    3 (occ)    59         -10.591           4.260         -22.432         -16.113          -12.650
    4 (occ)    59          -3.785           2.344         -19.983         -16.633           -4.791
    5 (vir)    59           1.081          -3.535          -5.660         -11.115            3.002
    6 (vir)    59           9.659          -4.417          -5.624         -12.550           12.168
    7 (vir)    59          11.038          -3.136          -3.688          -9.184           13.398
    8 (vir)    59          12.512          -3.222          -3.622          -9.504           15.171
    9 (vir)    59          13.373          -3.523          -3.676         -10.334           16.508
   10 (vir)    59          15.107          -4.495          -4.269         -11.582           17.925
   11 (vir)    59          15.199          -2.462          -1.476          -6.215           17.476
   12 (vir)    59          19.133          -4.067          -4.008         -11.335           22.393
   13 (vir)    59          23.875          -4.266          -3.922         -11.716           27.403
   14 (vir)    59          24.236          -5.381          -4.624         -14.108           28.339
   15 (vir)    59          28.775          -6.412          -4.080         -14.351           32.634
   16 (vir)    59          34.887          -4.280          -1.968          -9.526           38.164
   17 (vir)    59          41.578          -4.815          -2.802         -12.264           46.224
   18 (vir)    59          44.232          -4.550          -3.228         -13.041           49.495
   19 (vir)    59          44.315          -5.844          -4.614         -15.858           49.715
   20 (vir)    59          48.303          -4.219          -3.538         -13.883           54.428
   21 (vir)    59          53.976          -5.458          -4.107         -15.467           59.878
   22 (vir)    59          58.144          -3.827          -2.409         -12.380           64.288
   23 (vir)    59          65.107          -5.273          -3.106         -15.827           72.556
   24 (vir)    59          82.405          -2.375          -3.183         -16.455           93.302
   25 (vir)    59         121.834          -0.170          -1.668         -13.333          133.329
   26 (vir)    59         238.871          -2.265          -1.764         -18.077          252.919
 
 
  kpoint:      60             coordinate:     0.2653    0.3673    0.0000
 
    n           k   ϵ_nk^DFT (eV)     Σ^c_nk (eV)     Σ^x_nk (eV)    v_nk^xc (eV)   ϵ_nk^G0W0 (eV)
 
    1 (occ)    60         -17.836           7.187         -27.255         -17.667          -20.237
    2 (occ)    60         -11.906           4.459         -22.202         -15.658          -13.991
    3 (occ)    60         -10.521           4.237         -22.416         -16.139          -12.561
    4 (occ)    60          -3.808           2.347         -19.955         -16.598           -4.818
    5 (vir)    60           1.093          -3.531          -5.683         -11.135            3.015
    6 (vir)    60           9.598          -4.414          -5.661         -12.585           12.108
    7 (vir)    60          10.982          -3.152          -3.702          -9.208           13.336
    8 (vir)    60          12.500          -3.204          -3.487          -9.320           15.128
    9 (vir)    60          13.331          -3.493          -3.651         -10.266           16.453
   10 (vir)    60          15.185          -2.490          -1.623          -6.434           17.507
   11 (vir)    60          15.190          -4.489          -4.260         -11.575           18.016
   12 (vir)    60          19.223          -4.124          -4.018         -11.414           22.495
   13 (vir)    60          23.916          -4.405          -4.062         -12.126           27.574
   14 (vir)    60          24.288          -5.200          -4.458         -13.640           28.269
   15 (vir)    60          28.715          -6.378          -4.067         -14.301           32.570
   16 (vir)    60          34.886          -4.095          -1.960          -9.523           38.355
   17 (vir)    60          41.356          -4.813          -2.758         -12.171           45.956
   18 (vir)    60          44.117          -5.839          -4.597         -15.805           49.486
   19 (vir)    60          44.325          -4.526          -3.260         -13.082           49.621
   20 (vir)    60          48.388          -4.187          -3.575         -13.914           54.541
   21 (vir)    60          54.128          -5.470          -4.092         -15.493           60.058
   22 (vir)    60          58.330          -3.890          -2.448         -12.503           64.496
   23 (vir)    60          65.190          -5.521          -3.097         -15.821           72.393
   24 (vir)    60          82.418          -2.564          -3.187         -16.457           93.123
   25 (vir)    60         121.686          -0.480          -1.663         -13.330          132.874
   26 (vir)    60         238.921          -2.263          -1.781         -18.076          252.952
 
 
  kpoint:      61             coordinate:     0.2585    0.3707    0.0000
 
    n           k   ϵ_nk^DFT (eV)     Σ^c_nk (eV)     Σ^x_nk (eV)    v_nk^xc (eV)   ϵ_nk^G0W0 (eV)
 
    1 (occ)    61         -17.851           7.189         -27.249         -17.657          -20.253
    2 (occ)    61         -11.938           4.473         -22.222         -15.650          -14.036
    3 (occ)    61         -10.448           4.213         -22.403         -16.168          -12.469
    4 (occ)    61          -3.834           2.352         -19.926         -16.562           -4.847
    5 (vir)    61           1.106          -3.528          -5.705         -11.155            3.028
    6 (vir)    61           9.529          -4.409          -5.704         -12.625           12.041
    7 (vir)    61          10.926          -3.167          -3.710          -9.223           13.272
    8 (vir)    61          12.491          -3.186          -3.349          -9.131           15.088
    9 (vir)    61          13.288          -3.459          -3.619         -10.185           16.394
   10 (vir)    61          15.176          -2.521          -1.773          -6.660           17.543
   11 (vir)    61          15.279          -4.493          -4.261         -11.590           18.115
   12 (vir)    61          19.318          -4.183          -4.028         -11.496           22.602
   13 (vir)    61          23.959          -4.538          -4.202         -12.529           27.750
   14 (vir)    61          24.348          -5.014          -4.289         -13.170           28.215
   15 (vir)    61          28.644          -6.341          -4.055         -14.248           32.496
   16 (vir)    61          34.885          -3.797          -1.950          -9.521           38.660
   17 (vir)    61          41.126          -4.808          -2.714         -12.077           45.681
   18 (vir)    61          43.908          -5.833          -4.582         -15.754           49.247
   19 (vir)    61          44.411          -4.506          -3.290         -13.123           49.737
   20 (vir)    61          48.473          -4.171          -3.610         -13.943           54.635
   21 (vir)    61          54.291          -5.399          -4.074         -15.520           60.339
   22 (vir)    61          58.506          -3.952          -2.488         -12.626           64.693
   23 (vir)    61          65.282          -5.798          -3.087         -15.814           72.211
   24 (vir)    61          82.432          -2.946          -3.193         -16.459           92.752
   25 (vir)    61         121.524          -0.745          -1.658         -13.328          132.449
   26 (vir)    61         238.975          -2.275          -1.784         -18.074          252.990
 
 
  kpoint:      62             coordinate:     0.2517    0.3741    0.0000
 
    n           k   ϵ_nk^DFT (eV)     Σ^c_nk (eV)     Σ^x_nk (eV)    v_nk^xc (eV)   ϵ_nk^G0W0 (eV)
 
    1 (occ)    62         -17.866           7.192         -27.242         -17.647          -20.270
    2 (occ)    62         -11.970           4.488         -22.240         -15.642          -14.081
    3 (occ)    62         -10.371           4.190         -22.391         -16.198          -12.374
    4 (occ)    62          -3.860           2.356         -19.898         -16.525           -4.876
    5 (vir)    62           1.119          -3.524          -5.728         -11.173            3.040
    6 (vir)    62           9.452          -4.404          -5.753         -12.670           11.965
    7 (vir)    62          10.871          -3.181          -3.711          -9.229           13.208
    8 (vir)    62          12.486          -3.168          -3.207          -8.938           15.050
    9 (vir)    62          13.244          -3.422          -3.583         -10.096           16.334
   10 (vir)    62          15.171          -2.556          -1.926          -6.892           17.582
   11 (vir)    62          15.373          -4.506          -4.271         -11.626           18.222
   12 (vir)    62          19.417          -4.245          -4.038         -11.580           22.714
   13 (vir)    62          24.006          -4.654          -4.332         -12.902           27.923
   14 (vir)    62          24.419          -4.828          -4.125         -12.722           28.187
   15 (vir)    62          28.562          -6.302          -4.043         -14.194           32.411
   16 (vir)    62          34.885          -3.409          -1.939          -9.518           39.055
   17 (vir)    62          40.889          -4.801          -2.671         -11.983           45.399
   18 (vir)    62          43.688          -5.824          -4.570         -15.705           48.999
   19 (vir)    62          44.492          -4.490          -3.319         -13.163           49.846
   20 (vir)    62          48.559          -4.168          -3.644         -13.968           54.715
   21 (vir)    62          54.465          -5.247          -4.051         -15.548           60.715
   22 (vir)    62          58.667          -4.013          -2.527         -12.747           64.874
   23 (vir)    62          65.382          -6.030          -3.076         -15.807           72.083
   24 (vir)    62          82.446          -3.538          -3.201         -16.461           92.169
   25 (vir)    62         121.350          -0.931          -1.653         -13.325          132.091
   26 (vir)    62         239.032          -2.301          -1.774         -18.072          253.030
 
 
  kpoint:      63             coordinate:     0.2449    0.3776    0.0000
 
    n           k   ϵ_nk^DFT (eV)     Σ^c_nk (eV)     Σ^x_nk (eV)    v_nk^xc (eV)   ϵ_nk^G0W0 (eV)
 
    1 (occ)    63         -17.882           7.194         -27.236         -17.636          -20.288
    2 (occ)    63         -12.003           4.501         -22.257         -15.633          -14.125
    3 (occ)    63         -10.292           4.166         -22.381         -16.230          -12.277
    4 (occ)    63          -3.887           2.361         -19.870         -16.489           -4.907
    5 (vir)    63           1.131          -3.519          -5.749         -11.190            3.052
    6 (vir)    63           9.367          -4.397          -5.805         -12.716           11.881
    7 (vir)    63          10.818          -3.194          -3.706          -9.227           13.145
    8 (vir)    63          12.484          -3.149          -3.063          -8.742           15.015
    9 (vir)    63          13.199          -3.383          -3.543         -10.001           16.274
   10 (vir)    63          15.172          -2.594          -2.080          -7.129           17.626
   11 (vir)    63          15.470          -4.527          -4.289         -11.683           18.337
   12 (vir)    63          19.519          -4.308          -4.048         -11.667           22.830
   13 (vir)    63          24.058          -4.750          -4.447         -13.227           28.088
   14 (vir)    63          24.499          -4.642          -3.973         -12.312           28.196
   15 (vir)    63          28.470          -6.259          -4.033         -14.138           32.315
   16 (vir)    63          34.886          -3.007          -1.927          -9.513           39.466
   17 (vir)    63          40.646          -4.792          -2.630         -11.890           45.114
   18 (vir)    63          43.459          -5.811          -4.560         -15.658           48.746
   19 (vir)    63          44.569          -4.478          -3.345         -13.201           49.946
   20 (vir)    63          48.644          -4.169          -3.677         -13.992           54.789
   21 (vir)    63          54.650          -5.046          -4.026         -15.576           61.154
   22 (vir)    63          58.812          -4.071          -2.566         -12.864           65.038
   23 (vir)    63          65.490          -6.133          -3.064         -15.799           72.092
   24 (vir)    63          82.462          -4.160          -3.210         -16.462           91.555
   25 (vir)    63         121.164          -1.053          -1.648         -13.321          131.784
   26 (vir)    63         239.093          -2.339          -1.752         -18.070          253.072
 
 
  kpoint:      64             coordinate:     0.2381    0.3810    0.0000
 
    n           k   ϵ_nk^DFT (eV)     Σ^c_nk (eV)     Σ^x_nk (eV)    v_nk^xc (eV)   ϵ_nk^G0W0 (eV)
 
    1 (occ)    64         -17.899           7.197         -27.229         -17.626          -20.306
    2 (occ)    64         -12.035           4.515         -22.273         -15.625          -14.169
    3 (occ)    64         -10.210           4.142         -22.372         -16.262          -12.178
    4 (occ)    64          -3.915           2.366         -19.843         -16.452           -4.939
    5 (vir)    64           1.142          -3.514          -5.770         -11.206            3.063
    6 (vir)    64           9.275          -4.388          -5.860         -12.762           11.789
    7 (vir)    64          10.767          -3.206          -3.696          -9.217           13.083
    8 (vir)    64          12.485          -3.130          -2.917          -8.544           14.983
    9 (vir)    64          13.155          -3.343          -3.502          -9.903           16.213
   10 (vir)    64          15.178          -2.637          -2.236          -7.370           17.676
   11 (vir)    64          15.570          -4.556          -4.314         -11.758           18.457
   12 (vir)    64          19.623          -4.371          -4.058         -11.756           22.949
   13 (vir)    64          24.114          -4.825          -4.543         -13.495           28.241
   14 (vir)    64          24.590          -4.454          -3.835         -11.949           28.251
   15 (vir)    64          28.367          -6.215          -4.024         -14.080           32.209
   16 (vir)    64          34.888          -2.665          -1.914          -9.508           39.818
   17 (vir)    64          40.399          -4.782          -2.590         -11.798           44.825
   18 (vir)    64          43.221          -5.794          -4.551         -15.613           48.489
   19 (vir)    64          44.642          -4.471          -3.369         -13.239           50.040
   20 (vir)    64          48.727          -4.166          -3.709         -14.014           54.866
   21 (vir)    64          54.843          -4.843          -3.997         -15.603           61.606
   22 (vir)    64          58.938          -4.126          -2.604         -12.975           65.184
   23 (vir)    64          65.607          -6.043          -3.050         -15.790           72.304
   24 (vir)    64          82.479          -4.430          -3.221         -16.465           91.293
   25 (vir)    64         120.966          -1.134          -1.644         -13.318          131.506
   26 (vir)    64         239.156          -2.385          -1.722         -18.068          253.117
 
 
  kpoint:      65             coordinate:     0.2313    0.3844    0.0000
 
    n           k   ϵ_nk^DFT (eV)     Σ^c_nk (eV)     Σ^x_nk (eV)    v_nk^xc (eV)   ϵ_nk^G0W0 (eV)
 
    1 (occ)    65         -17.916           7.200         -27.223         -17.615          -20.325
    2 (occ)    65         -12.067           4.527         -22.288         -15.616          -14.211
    3 (occ)    65         -10.126           4.118         -22.365         -16.296          -12.076
    4 (occ)    65          -3.943           2.372         -19.816         -16.415           -4.972
    5 (vir)    65           1.153          -3.509          -5.790         -11.220            3.074
    6 (vir)    65           9.176          -4.377          -5.917         -12.807           11.690
    7 (vir)    65          10.718          -3.216          -3.682          -9.202           13.022
    8 (vir)    65          12.489          -3.110          -2.771          -8.344           14.953
    9 (vir)    65          13.111          -3.303          -3.461          -9.805           16.152
   10 (vir)    65          15.190          -2.683          -2.391          -7.615           17.731
   11 (vir)    65          15.673          -4.592          -4.347         -11.850           18.584
   12 (vir)    65          19.728          -4.436          -4.068         -11.846           23.070
   13 (vir)    65          24.176          -4.880          -4.622         -13.708           28.381
   14 (vir)    65          24.691          -4.260          -3.711         -11.633           28.353
   15 (vir)    65          28.253          -6.168          -4.016         -14.022           32.092
   16 (vir)    65          34.890          -2.418          -1.900          -9.502           40.074
   17 (vir)    65          40.150          -4.770          -2.552         -11.709           44.536
   18 (vir)    65          42.975          -5.772          -4.544         -15.570           48.228
   19 (vir)    65          44.711          -4.467          -3.391         -13.275           50.128
   20 (vir)    65          48.808          -4.151          -3.740         -14.034           54.951
   21 (vir)    65          55.045          -4.682          -3.968         -15.631           62.026
   22 (vir)    65          59.047          -4.177          -2.642         -13.081           65.309
   23 (vir)    65          65.731          -5.745          -3.035         -15.780           72.732
   24 (vir)    65          82.497          -4.156          -3.231         -16.467           91.577
   25 (vir)    65         120.758          -1.189          -1.641         -13.314          131.242
   26 (vir)    65         239.222          -2.435          -1.687         -18.066          253.165
 
 
  kpoint:      66             coordinate:     0.2245    0.3878    0.0000
 
    n           k   ϵ_nk^DFT (eV)     Σ^c_nk (eV)     Σ^x_nk (eV)    v_nk^xc (eV)   ϵ_nk^G0W0 (eV)
 
    1 (occ)    66         -17.934           7.202         -27.216         -17.604          -20.344
    2 (occ)    66         -12.099           4.539         -22.301         -15.608          -14.253
    3 (occ)    66         -10.041           4.095         -22.359         -16.331          -11.974
    4 (occ)    66          -3.972           2.378         -19.790         -16.379           -5.004
    5 (vir)    66           1.163          -3.504          -5.809         -11.233            3.083
    6 (vir)    66           9.070          -4.364          -5.973         -12.850           11.583
    7 (vir)    66          10.673          -3.226          -3.664          -9.182           12.965
    8 (vir)    66          12.496          -3.089          -2.625          -8.144           14.925
    9 (vir)    66          13.068          -3.264          -3.420          -9.709           16.092
   10 (vir)    66          15.210          -2.733          -2.546          -7.862           17.793
   11 (vir)    66          15.777          -4.634          -4.386         -11.959           18.715
   12 (vir)    66          19.834          -4.500          -4.078         -11.938           23.193
   13 (vir)    66          24.244          -4.920          -4.684         -13.870           28.509
   14 (vir)    66          24.804          -4.064          -3.601         -11.359           28.497
   15 (vir)    66          28.130          -6.119          -4.008         -13.962           31.965
   16 (vir)    66          34.894          -2.265          -1.886          -9.495           40.239
   17 (vir)    66          39.899          -4.758          -2.516         -11.622           44.247
   18 (vir)    66          42.722          -5.747          -4.539         -15.527           47.963
   19 (vir)    66          44.779          -4.468          -3.410         -13.311           50.211
   20 (vir)    66          48.886          -4.122          -3.769         -14.053           55.048
   21 (vir)    66          55.254          -4.591          -3.937         -15.658           62.384
   22 (vir)    66          59.137          -4.225          -2.678         -13.181           65.416
   23 (vir)    66          65.863          -5.296          -3.019         -15.770           73.318
   24 (vir)    66          82.515          -3.537          -3.240         -16.469           92.206
   25 (vir)    66         120.539          -1.224          -1.640         -13.311          130.986
   26 (vir)    66         239.291          -2.483          -1.652         -18.063          253.219
 
 
  kpoint:      67             coordinate:     0.2177    0.3912    0.0000
 
    n           k   ϵ_nk^DFT (eV)     Σ^c_nk (eV)     Σ^x_nk (eV)    v_nk^xc (eV)   ϵ_nk^G0W0 (eV)
 
    1 (occ)    67         -17.952           7.205         -27.210         -17.593          -20.364
    2 (occ)    67         -12.130           4.551         -22.314         -15.600          -14.293
    3 (occ)    67          -9.954           4.071         -22.354         -16.367          -11.870
    4 (occ)    67          -4.001           2.385         -19.765         -16.344           -5.038
    5 (vir)    67           1.172          -3.498          -5.826         -11.244            3.092
    6 (vir)    67           8.958          -4.349          -6.029         -12.890           11.470
    7 (vir)    67          10.630          -3.235          -3.645          -9.159           12.910
    8 (vir)    67          12.505          -3.068          -2.480          -7.943           14.899
    9 (vir)    67          13.025          -3.226          -3.380          -9.614           16.034
   10 (vir)    67          15.236          -2.786          -2.698          -8.110           17.862
   11 (vir)    67          15.883          -4.682          -4.432         -12.082           18.850
   12 (vir)    67          19.939          -4.565          -4.089         -12.030           23.316
   13 (vir)    67          24.321          -4.947          -4.732         -13.986           28.628
   14 (vir)    67          24.927          -3.881          -3.504         -11.121           28.664
   15 (vir)    67          27.996          -6.068          -4.003         -13.902           31.828
   16 (vir)    67          34.899          -2.192          -1.872          -9.487           40.322
   17 (vir)    67          39.648          -4.745          -2.482         -11.539           43.960
   18 (vir)    67          42.463          -5.721          -4.534         -15.485           47.693
   19 (vir)    67          44.844          -4.472          -3.427         -13.345           50.289
   20 (vir)    67          48.962          -4.079          -3.798         -14.071           55.156
   21 (vir)    67          55.469          -4.577          -3.907         -15.685           62.670
   22 (vir)    67          59.209          -4.268          -2.712         -13.275           65.504
   23 (vir)    67          66.003          -4.815          -3.002         -15.759           73.945
   24 (vir)    67          82.533          -2.940          -3.247         -16.470           92.816
   25 (vir)    67         120.312          -1.244          -1.640         -13.307          130.735
   26 (vir)    67         239.362          -2.525          -1.618         -18.061          253.279
 
 
  kpoint:      68             coordinate:     0.2109    0.3946    0.0000
 
    n           k   ϵ_nk^DFT (eV)     Σ^c_nk (eV)     Σ^x_nk (eV)    v_nk^xc (eV)   ϵ_nk^G0W0 (eV)
 
    1 (occ)    68         -17.970           7.208         -27.203         -17.582          -20.383
    2 (occ)    68         -12.160           4.562         -22.326         -15.591          -14.333
    3 (occ)    68          -9.867           4.047         -22.350         -16.404          -11.766
    4 (occ)    68          -4.031           2.391         -19.741         -16.309           -5.071
    5 (vir)    68           1.181          -3.492          -5.842         -11.254            3.100
    6 (vir)    68           8.841          -4.333          -6.083         -12.925           11.350
    7 (vir)    68          10.591          -3.242          -3.623          -9.132           12.858
    8 (vir)    68          12.515          -3.046          -2.338          -7.744           14.875
    9 (vir)    68          12.984          -3.189          -3.342          -9.524           15.976
   10 (vir)    68          15.271          -2.843          -2.848          -8.357           17.938
   11 (vir)    68          15.989          -4.735          -4.485         -12.218           18.988
   12 (vir)    68          20.044          -4.630          -4.099         -12.123           23.438
   13 (vir)    68          24.405          -4.964          -4.767         -14.065           28.740
   14 (vir)    68          25.062          -3.731          -3.417         -10.914           28.827
   15 (vir)    68          27.854          -6.014          -3.998         -13.841           31.682
   16 (vir)    68          34.906          -2.192          -1.861          -9.477           40.330
   17 (vir)    68          39.399          -4.732          -2.450         -11.459           43.675
   18 (vir)    68          42.199          -5.696          -4.531         -15.444           47.416
   19 (vir)    68          44.907          -4.480          -3.442         -13.378           50.362
   20 (vir)    68          49.034          -4.027          -3.825         -14.088           55.270
   21 (vir)    68          55.689          -4.636          -3.878         -15.711           62.887
   22 (vir)    68          59.266          -4.307          -2.746         -13.362           65.575
   23 (vir)    68          66.150          -4.418          -2.986         -15.748           74.493
   24 (vir)    68          82.550          -2.538          -3.253         -16.472           93.232
   25 (vir)    68         120.076          -1.247          -1.643         -13.303          130.489
   26 (vir)    68         239.434          -2.556          -1.589         -18.058          253.347
 
 
  kpoint:      69             coordinate:     0.2041    0.3980    0.0000
 
    n           k   ϵ_nk^DFT (eV)     Σ^c_nk (eV)     Σ^x_nk (eV)    v_nk^xc (eV)   ϵ_nk^G0W0 (eV)
 
    1 (occ)    69         -17.988           7.212         -27.197         -17.571          -20.403
    2 (occ)    69         -12.190           4.573         -22.337         -15.583          -14.371
    3 (occ)    69          -9.778           4.023         -22.348         -16.441          -11.661
    4 (occ)    69          -4.060           2.398         -19.718         -16.276           -5.104
    5 (vir)    69           1.188          -3.486          -5.857         -11.262            3.106
    6 (vir)    69           8.720          -4.316          -6.135         -12.956           11.226
    7 (vir)    69          10.554          -3.248          -3.600          -9.104           12.809
    8 (vir)    69          12.526          -3.024          -2.199          -7.548           14.852
    9 (vir)    69          12.944          -3.154          -3.306          -9.437           15.920
   10 (vir)    69          15.314          -2.903          -2.993          -8.604           18.021
   11 (vir)    69          16.096          -4.792          -4.544         -12.367           19.127
   12 (vir)    69          20.146          -4.695          -4.111         -12.216           23.556
   13 (vir)    69          24.499          -4.972          -4.791         -14.113           28.849
   14 (vir)    69          25.209          -3.638          -3.341         -10.729           28.960
   15 (vir)    69          27.702          -5.960          -3.994         -13.778           31.527
   16 (vir)    69          34.914          -2.275          -1.852          -9.465           40.253
   17 (vir)    69          39.151          -4.720          -2.420         -11.383           43.394
   18 (vir)    69          41.930          -5.673          -4.529         -15.403           47.131
   19 (vir)    69          44.968          -4.492          -3.455         -13.410           50.432
   20 (vir)    69          49.102          -3.973          -3.852         -14.105           55.383
   21 (vir)    69          55.914          -4.756          -3.849         -15.737           63.046
   22 (vir)    69          59.307          -4.341          -2.779         -13.443           65.631
   23 (vir)    69          66.305          -4.179          -2.971         -15.736           74.890
   24 (vir)    69          82.567          -2.315          -3.256         -16.474           93.471
   25 (vir)    69         119.833          -1.234          -1.648         -13.298          130.249
   26 (vir)    69         239.508          -2.575          -1.566         -18.055          253.422
 
 
  kpoint:      70             coordinate:     0.1973    0.4014    0.0000
 
    n           k   ϵ_nk^DFT (eV)     Σ^c_nk (eV)     Σ^x_nk (eV)    v_nk^xc (eV)   ϵ_nk^G0W0 (eV)
 
    1 (occ)    70         -18.006           7.215         -27.191         -17.560          -20.423
    2 (occ)    70         -12.219           4.584         -22.348         -15.575          -14.408
    3 (occ)    70          -9.689           4.000         -22.346         -16.479          -11.556
    4 (occ)    70          -4.089           2.405         -19.696         -16.243           -5.138
    5 (vir)    70           1.195          -3.480          -5.871         -11.268            3.112
    6 (vir)    70           8.596          -4.297          -6.185         -12.983           11.097
    7 (vir)    70          10.519          -3.253          -3.576          -9.073           12.763
    8 (vir)    70          12.538          -3.000          -2.064          -7.357           14.830
    9 (vir)    70          12.904          -3.121          -3.272          -9.355           15.866
   10 (vir)    70          15.365          -2.966          -3.134          -8.847           18.112
   11 (vir)    70          16.203          -4.854          -4.610         -12.527           19.266
   12 (vir)    70          20.246          -4.761          -4.123         -12.308           23.669
   13 (vir)    70          24.602          -4.972          -4.808         -14.137           28.959
   14 (vir)    70          25.369          -3.619          -3.274         -10.564           29.040
   15 (vir)    70          27.541          -5.903          -3.991         -13.716           31.362
   16 (vir)    70          34.925          -2.475          -1.845          -9.452           40.057
   17 (vir)    70          38.907          -4.707          -2.392         -11.310           43.118
   18 (vir)    70          41.656          -5.655          -4.528         -15.362           46.836
   19 (vir)    70          45.028          -4.506          -3.465         -13.442           50.498
   20 (vir)    70          49.167          -3.922          -3.877         -14.121           55.489
   21 (vir)    70          56.141          -4.921          -3.823         -15.763           63.160
   22 (vir)    70          59.336          -4.371          -2.810         -13.519           65.673
   23 (vir)    70          66.467          -4.138          -2.957         -15.723           75.095
   24 (vir)    70          82.584          -2.218          -3.257         -16.476           93.585
   25 (vir)    70         119.584          -1.201          -1.655         -13.294          130.022
   26 (vir)    70         239.582          -2.581          -1.549         -18.052          253.504
 
 
  kpoint:      71             coordinate:     0.1905    0.4048    0.0000
 
    n           k   ϵ_nk^DFT (eV)     Σ^c_nk (eV)     Σ^x_nk (eV)    v_nk^xc (eV)   ϵ_nk^G0W0 (eV)
 
    1 (occ)    71         -18.024           7.218         -27.185         -17.549          -20.442
    2 (occ)    71         -12.248           4.594         -22.358         -15.567          -14.444
    3 (occ)    71          -9.599           3.977         -22.345         -16.517          -11.450
    4 (occ)    71          -4.118           2.412         -19.676         -16.211           -5.171
    5 (vir)    71           1.201          -3.473          -5.884         -11.273            3.117
    6 (vir)    71           8.470          -4.279          -6.232         -13.006           10.965
    7 (vir)    71          10.487          -3.256          -3.552          -9.042           12.721
    8 (vir)    71          12.550          -2.976          -1.935          -7.171           14.809
    9 (vir)    71          12.867          -3.090          -3.241          -9.278           15.813
   10 (vir)    71          15.425          -3.032          -3.268          -9.086           18.211
   11 (vir)    71          16.309          -4.921          -4.681         -12.698           19.406
   12 (vir)    71          20.344          -4.828          -4.137         -12.398           23.776
   13 (vir)    71          24.715          -4.967          -4.817         -14.143           29.074
   14 (vir)    71          25.544          -3.679          -3.216         -10.412           29.061
   15 (vir)    71          27.373          -5.845          -3.990         -13.652           31.190
   16 (vir)    71          34.938          -2.867          -1.843          -9.436           39.663
   17 (vir)    71          38.667          -4.695          -2.365         -11.240           42.847
   18 (vir)    71          41.378          -5.641          -4.527         -15.321           46.532
   19 (vir)    71          45.086          -4.523          -3.474         -13.472           50.561
   20 (vir)    71          49.229          -3.881          -3.900         -14.136           55.583
   21 (vir)    71          56.371          -5.119          -3.797         -15.788           63.243
   22 (vir)    71          59.353          -4.397          -2.840         -13.588           65.704
   23 (vir)    71          66.637          -4.342          -2.946         -15.710           75.059
   24 (vir)    71          82.598          -2.217          -3.256         -16.477           93.602
   25 (vir)    71         119.330          -1.140          -1.664         -13.289          129.815
   26 (vir)    71         239.658          -2.575          -1.539         -18.048          253.592
 
 
  kpoint:      72             coordinate:     0.1837    0.4082    0.0000
 
    n           k   ϵ_nk^DFT (eV)     Σ^c_nk (eV)     Σ^x_nk (eV)    v_nk^xc (eV)   ϵ_nk^G0W0 (eV)
 
    1 (occ)    72         -18.042           7.221         -27.180         -17.539          -20.462
    2 (occ)    72         -12.275           4.603         -22.367         -15.560          -14.479
    3 (occ)    72          -9.510           3.954         -22.345         -16.556          -11.345
    4 (occ)    72          -4.147           2.420         -19.656         -16.180           -5.203
    5 (vir)    72           1.206          -3.466          -5.896         -11.277            3.121
    6 (vir)    72           8.341          -4.260          -6.277         -13.024           10.829
    7 (vir)    72          10.457          -3.257          -3.528          -9.010           12.682
    8 (vir)    72          12.562          -2.952          -1.813          -6.993           14.789
    9 (vir)    72          12.830          -3.061          -3.212          -9.205           15.762
   10 (vir)    72          15.494          -3.100          -3.394          -9.318           18.318
   11 (vir)    72          16.415          -4.991          -4.757         -12.879           19.545
   12 (vir)    72          20.438          -4.894          -4.152         -12.485           23.877
   13 (vir)    72          24.838          -4.957          -4.821         -14.136           29.196
   14 (vir)    72          25.733          -3.790          -3.166         -10.272           29.049
   15 (vir)    72          27.196          -5.786          -3.989         -13.588           31.009
   16 (vir)    72          34.953          -3.544          -1.844          -9.418           38.983
   17 (vir)    72          38.432          -4.684          -2.340         -11.175           42.583
   18 (vir)    72          41.097          -5.633          -4.527         -15.280           46.217
   19 (vir)    72          45.143          -4.543          -3.482         -13.502           50.620
   20 (vir)    72          49.286          -3.852          -3.923         -14.150           55.662
   21 (vir)    72          56.603          -5.342          -3.773         -15.812           63.300
   22 (vir)    72          59.360          -4.418          -2.869         -13.652           65.725
   23 (vir)    72          66.813          -4.898          -2.936         -15.697           74.676
   24 (vir)    72          82.611          -2.318          -3.254         -16.478           93.516
   25 (vir)    72         119.072          -1.031          -1.674         -13.284          129.651
   26 (vir)    72         239.734          -2.558          -1.534         -18.045          253.687
 
 
  kpoint:      73             coordinate:     0.1769    0.4116    0.0000
 
    n           k   ϵ_nk^DFT (eV)     Σ^c_nk (eV)     Σ^x_nk (eV)    v_nk^xc (eV)   ϵ_nk^G0W0 (eV)
 
    1 (occ)    73         -18.060           7.225         -27.174         -17.529          -20.481
    2 (occ)    73         -12.302           4.612         -22.376         -15.552          -14.513
    3 (occ)    73          -9.420           3.931         -22.345         -16.595          -11.240
    4 (occ)    73          -4.175           2.427         -19.638         -16.150           -5.235
    5 (vir)    73           1.210          -3.459          -5.906         -11.280            3.124
    6 (vir)    73           8.212          -4.240          -6.318         -13.038           10.692
    7 (vir)    73          10.429          -3.257          -3.504          -8.978           12.646
    8 (vir)    73          12.572          -2.928          -1.698          -6.823           14.769
    9 (vir)    73          12.795          -3.034          -3.186          -9.137           15.712
   10 (vir)    73          15.573          -3.169          -3.513          -9.542           18.433
   11 (vir)    73          16.519          -5.065          -4.838         -13.068           19.684
   12 (vir)    73          20.530          -4.958          -4.168         -12.569           23.973
   13 (vir)    73          24.971          -4.944          -4.822         -14.120           29.325
   14 (vir)    73          25.940          -3.865          -3.123         -10.140           29.091
   15 (vir)    73          27.012          -5.725          -3.990         -13.523           30.821
   16 (vir)    73          34.971          -4.347          -1.848          -9.396           38.173
   17 (vir)    73          38.203          -4.673          -2.317         -11.112           42.326
   18 (vir)    73          40.813          -5.629          -4.528         -15.239           45.894
   19 (vir)    73          45.198          -4.565          -3.487         -13.530           50.676
   20 (vir)    73          49.340          -3.835          -3.943         -14.164           55.727
   21 (vir)    73          56.834          -5.595          -3.750         -15.836           63.325
   22 (vir)    73          59.360          -4.435          -2.897         -13.712           65.739
   23 (vir)    73          66.998          -5.967          -2.927         -15.683           73.786
   24 (vir)    73          82.621          -2.577          -3.252         -16.479           93.271
   25 (vir)    73         118.811          -0.821          -1.685         -13.279          129.585
   26 (vir)    73         239.811          -2.531          -1.534         -18.041          253.786
 
 
  kpoint:      74             coordinate:     0.1701    0.4150    0.0000
 
    n           k   ϵ_nk^DFT (eV)     Σ^c_nk (eV)     Σ^x_nk (eV)    v_nk^xc (eV)   ϵ_nk^G0W0 (eV)
 
    1 (occ)    74         -18.078           7.228         -27.169         -17.519          -20.500
    2 (occ)    74         -12.328           4.621         -22.384         -15.545          -14.546
    3 (occ)    74          -9.332           3.908         -22.347         -16.634          -11.136
    4 (occ)    74          -4.203           2.434         -19.620         -16.122           -5.267
    5 (vir)    74           1.213          -3.453          -5.916         -11.281            3.126
    6 (vir)    74           8.082          -4.221          -6.356         -13.049           10.554
    7 (vir)    74          10.403          -3.255          -3.480          -8.946           12.613
    8 (vir)    74          12.582          -2.904          -1.592          -6.664           14.750
    9 (vir)    74          12.762          -3.009          -3.162          -9.074           15.665
   10 (vir)    74          15.660          -3.241          -3.622          -9.758           18.556
   11 (vir)    74          16.622          -5.142          -4.922         -13.265           19.823
   12 (vir)    74          20.619          -5.018          -4.184         -12.650           24.066
   13 (vir)    74          25.114          -4.931          -4.819         -14.100           29.464
   14 (vir)    74          26.164          -3.778          -3.086         -10.016           29.316
   15 (vir)    74          26.821          -5.663          -3.991         -13.458           30.625
   16 (vir)    74          34.994          -4.656          -1.854          -9.370           37.855
   17 (vir)    74          37.981          -4.662          -2.295         -11.053           42.077
   18 (vir)    74          40.526          -5.630          -4.528         -15.196           45.564
   19 (vir)    74          45.251          -4.589          -3.492         -13.558           50.729
   20 (vir)    74          49.391          -3.829          -3.961         -14.176           55.778
   21 (vir)    74          57.064          -5.893          -3.727         -15.859           63.304
   22 (vir)    74          59.353          -4.449          -2.924         -13.766           65.746
   23 (vir)    74          67.189          -7.532          -2.918         -15.668           72.407
   24 (vir)    74          82.627          -3.132          -3.248         -16.480           92.727
   25 (vir)    74         118.548          -0.342          -1.695         -13.274          129.786
   26 (vir)    74         239.887          -2.496          -1.538         -18.037          253.890
 
 
  kpoint:      75             coordinate:     0.1633    0.4184    0.0000
 
    n           k   ϵ_nk^DFT (eV)     Σ^c_nk (eV)     Σ^x_nk (eV)    v_nk^xc (eV)   ϵ_nk^G0W0 (eV)
 
    1 (occ)    75         -18.095           7.231         -27.164         -17.509          -20.519
    2 (occ)    75         -12.353           4.630         -22.392         -15.538          -14.577
    3 (occ)    75          -9.243           3.886         -22.349         -16.674          -11.033
    4 (occ)    75          -4.230           2.442         -19.604         -16.094           -5.298
    5 (vir)    75           1.216          -3.446          -5.924         -11.281            3.127
    6 (vir)    75           7.953          -4.201          -6.392         -13.056           10.416
    7 (vir)    75          10.379          -3.253          -3.457          -8.914           12.582
    8 (vir)    75          12.591          -2.881          -1.494          -6.516           14.732
    9 (vir)    75          12.729          -2.986          -3.140          -9.016           15.619
   10 (vir)    75          15.757          -3.313          -3.721          -9.963           18.686
   11 (vir)    75          16.723          -5.221          -5.007         -13.468           19.963
   12 (vir)    75          20.705          -5.073          -4.201         -12.725           24.156
   13 (vir)    75          25.267          -4.918          -4.813         -14.077           29.612
   14 (vir)    75          26.408          -3.476          -3.052          -9.899           29.778
   15 (vir)    75          26.623          -5.599          -3.993         -13.392           30.423
   16 (vir)    75          35.020          -4.139          -1.860          -9.340           38.361
   17 (vir)    75          37.765          -4.653          -2.274         -10.998           41.836
   18 (vir)    75          40.236          -5.632          -4.529         -15.153           45.228
   19 (vir)    75          45.303          -4.614          -3.495         -13.585           50.779
   20 (vir)    75          49.438          -3.830          -3.976         -14.188           55.820
   21 (vir)    75          57.293          -6.248          -3.705         -15.882           63.222
   22 (vir)    75          59.341          -4.459          -2.951         -13.817           65.749
   23 (vir)    75          67.388          -9.011          -2.910         -15.654           71.121
   24 (vir)    75          82.630          -4.230          -3.245         -16.481           91.636
   25 (vir)    75         118.286           1.059          -1.704         -13.269          130.910
   26 (vir)    75         239.963          -2.453          -1.543         -18.033          254.000
 
 
  kpoint:      76             coordinate:     0.1565    0.4218    0.0000
 
    n           k   ϵ_nk^DFT (eV)     Σ^c_nk (eV)     Σ^x_nk (eV)    v_nk^xc (eV)   ϵ_nk^G0W0 (eV)
 
    1 (occ)    76         -18.112           7.234         -27.159         -17.500          -20.537
    2 (occ)    76         -12.377           4.638         -22.400         -15.531          -14.607
    3 (occ)    76          -9.156           3.864         -22.352         -16.713          -10.931
    4 (occ)    76          -4.257           2.449         -19.589         -16.068           -5.328
    5 (vir)    76           1.218          -3.439          -5.932         -11.281            3.128
    6 (vir)    76           7.825          -4.182          -6.425         -13.060           10.278
    7 (vir)    76          10.356          -3.250          -3.434          -8.882           12.554
    8 (vir)    76          12.598          -2.858          -1.406          -6.379           14.714
    9 (vir)    76          12.699          -2.965          -3.120          -8.963           15.576
   10 (vir)    76          15.863          -3.386          -3.811         -10.157           18.823
   11 (vir)    76          16.822          -5.303          -5.094         -13.676           20.102
   12 (vir)    76          20.788          -5.121          -4.217         -12.796           24.246
   13 (vir)    76          25.430          -4.908          -4.806         -14.054           29.770
   14 (vir)    76          26.420          -5.535          -3.996         -13.325           30.214
   15 (vir)    76          26.674          -3.064          -3.017          -9.788           30.382
   16 (vir)    76          35.052          -3.255          -1.864          -9.304           39.237
   17 (vir)    76          37.557          -4.644          -2.255         -10.945           41.603
   18 (vir)    76          39.945          -5.635          -4.530         -15.109           44.888
   19 (vir)    76          45.354          -4.642          -3.497         -13.611           50.826
   20 (vir)    76          49.481          -3.835          -3.989         -14.198           55.856
   21 (vir)    76          57.519          -6.658          -3.684         -15.904           63.081
   22 (vir)    76          59.326          -4.465          -2.976         -13.863           65.748
   23 (vir)    76          67.595          -9.852          -2.899         -15.639           70.482
   24 (vir)    76          82.628          -5.885          -3.241         -16.481           89.984
   25 (vir)    76         118.025           4.551          -1.711         -13.263          134.128
   26 (vir)    76         240.037          -2.401          -1.548         -18.029          254.118
 
 
  kpoint:      77             coordinate:     0.1497    0.4252    0.0000
 
    n           k   ϵ_nk^DFT (eV)     Σ^c_nk (eV)     Σ^x_nk (eV)    v_nk^xc (eV)   ϵ_nk^G0W0 (eV)
 
    1 (occ)    77         -18.129           7.237         -27.155         -17.491          -20.555
    2 (occ)    77         -12.400           4.645         -22.407         -15.525          -14.636
    3 (occ)    77          -9.070           3.843         -22.356         -16.752          -10.830
    4 (occ)    77          -4.282           2.456         -19.574         -16.043           -5.358
    5 (vir)    77           1.219          -3.432          -5.939         -11.280            3.128
    6 (vir)    77           7.698          -4.163          -6.454         -13.061           10.142
    7 (vir)    77          10.335          -3.247          -3.412          -8.852           12.528
    8 (vir)    77          12.604          -2.835          -1.326          -6.255           14.697
    9 (vir)    77          12.670          -2.946          -3.103          -8.914           15.535
   10 (vir)    77          15.978          -3.459          -3.891         -10.341           18.968
   11 (vir)    77          16.919          -5.386          -5.179         -13.888           20.243
   12 (vir)    77          20.870          -5.165          -4.232         -12.861           24.335
   13 (vir)    77          25.602          -4.902          -4.798         -14.034           29.936
   14 (vir)    77          26.210          -5.470          -4.000         -13.259           29.999
   15 (vir)    77          26.965          -2.691          -2.976          -9.686           30.985
   16 (vir)    77          35.091          -2.560          -1.863          -9.261           39.928
   17 (vir)    77          37.357          -4.636          -2.236         -10.896           41.380
   18 (vir)    77          39.652          -5.637          -4.530         -15.063           44.548
   19 (vir)    77          45.402          -4.670          -3.498         -13.636           50.870
   20 (vir)    77          49.522          -3.839          -3.998         -14.207           55.893
   21 (vir)    77          57.740          -7.090          -3.662         -15.925           62.914
   22 (vir)    77          59.308          -4.468          -3.001         -13.906           65.746
   23 (vir)    77          67.809         -10.142          -2.886         -15.624           70.405
   24 (vir)    77          82.621          -7.234          -3.236         -16.481           88.632
   25 (vir)    77         117.768           3.258          -1.715         -13.257          132.568
   26 (vir)    77         240.111          -2.334          -1.551         -18.025          254.251
 
 
  kpoint:      78             coordinate:     0.1429    0.4286    0.0000
 
    n           k   ϵ_nk^DFT (eV)     Σ^c_nk (eV)     Σ^x_nk (eV)    v_nk^xc (eV)   ϵ_nk^G0W0 (eV)
 
    1 (occ)    78         -18.145           7.241         -27.150         -17.482          -20.573
    2 (occ)    78         -12.422           4.653         -22.413         -15.519          -14.664
    3 (occ)    78          -8.985           3.822         -22.360         -16.791          -10.732
    4 (occ)    78          -4.307           2.463         -19.561         -16.019           -5.386
    5 (vir)    78           1.220          -3.426          -5.945         -11.278            3.127
    6 (vir)    78           7.573          -4.144          -6.481         -13.059           10.007
    7 (vir)    78          10.315          -3.244          -3.390          -8.822           12.503
    8 (vir)    78          12.609          -2.814          -1.255          -6.142           14.681
    9 (vir)    78          12.642          -2.929          -3.087          -8.869           15.496
   10 (vir)    78          16.101          -3.533          -3.962         -10.514           19.120
   11 (vir)    78          17.014          -5.470          -5.263         -14.103           20.384
   12 (vir)    78          20.951          -5.203          -4.245         -12.922           24.426
   13 (vir)    78          25.783          -4.900          -4.790         -14.017           30.110
   14 (vir)    78          25.996          -5.403          -4.005         -13.191           29.779
   15 (vir)    78          27.283          -2.428          -2.924          -9.595           31.526
   16 (vir)    78          35.137          -2.131          -1.853          -9.208           40.361
   17 (vir)    78          37.165          -4.629          -2.219         -10.850           41.167
   18 (vir)    78          39.358          -5.635          -4.530         -15.015           44.209
   19 (vir)    78          45.449          -4.700          -3.498         -13.661           50.911
   20 (vir)    78          49.560          -3.837          -4.003         -14.215           55.934
   21 (vir)    78          57.958          -7.481          -3.639         -15.945           62.782
   22 (vir)    78          59.289          -4.469          -3.024         -13.946           65.742
   23 (vir)    78          68.030         -10.103          -2.869         -15.610           70.668
   24 (vir)    78          82.608          -7.751          -3.232         -16.481           88.107
   25 (vir)    78         117.514           0.495          -1.716         -13.251          129.545
   26 (vir)    78         240.183          -2.235          -1.551         -18.020          254.417
 
 
  kpoint:      79             coordinate:     0.1361    0.4320    0.0000
 
    n           k   ϵ_nk^DFT (eV)     Σ^c_nk (eV)     Σ^x_nk (eV)    v_nk^xc (eV)   ϵ_nk^G0W0 (eV)
 
    1 (occ)    79         -18.161           7.244         -27.146         -17.474          -20.590
    2 (occ)    79         -12.443           4.660         -22.420         -15.513          -14.690
    3 (occ)    79          -8.903           3.802         -22.365         -16.830          -10.635
    4 (occ)    79          -4.332           2.470         -19.549         -15.997           -5.414
    5 (vir)    79           1.220          -3.419          -5.951         -11.275            3.126
    6 (vir)    79           7.451          -4.125          -6.505         -13.055            9.876
    7 (vir)    79          10.296          -3.241          -3.369          -8.793           12.479
    8 (vir)    79          12.612          -2.794          -1.192          -6.040           14.666
    9 (vir)    79          12.617          -2.913          -3.074          -8.829           15.459
   10 (vir)    79          16.232          -3.607          -4.023         -10.676           19.278
   11 (vir)    79          17.106          -5.553          -5.345         -14.318           20.525
   12 (vir)    79          21.031          -5.236          -4.255         -12.979           24.519
   13 (vir)    79          25.777          -5.336          -4.010         -13.123           29.554
   14 (vir)    79          25.971          -4.903          -4.781         -14.005           30.291
   15 (vir)    79          27.631          -2.291          -2.857          -9.519           32.002
   16 (vir)    79          35.195          -1.870          -1.831          -9.143           40.637
   17 (vir)    79          36.982          -4.622          -2.203         -10.806           40.963
   18 (vir)    79          39.064          -5.629          -4.528         -14.966           43.873
   19 (vir)    79          45.494          -4.731          -3.498         -13.684           50.950
   20 (vir)    79          49.595          -3.824          -4.005         -14.220           55.986
   21 (vir)    79          58.170          -7.774          -3.616         -15.963           62.743
   22 (vir)    79          59.269          -4.467          -3.047         -13.983           65.738
   23 (vir)    79          68.260          -9.466          -2.848         -15.595           71.542
   24 (vir)    79          82.588          -7.811          -3.226         -16.481           88.032
   25 (vir)    79         117.267          -0.403          -1.713         -13.244          128.394
   26 (vir)    79         240.252          -2.047          -1.545         -18.016          254.677
 
 
  kpoint:      80             coordinate:     0.1293    0.4354    0.0000
 
    n           k   ϵ_nk^DFT (eV)     Σ^c_nk (eV)     Σ^x_nk (eV)    v_nk^xc (eV)   ϵ_nk^G0W0 (eV)
 
    1 (occ)    80         -18.176           7.247         -27.143         -17.466          -20.606
    2 (occ)    80         -12.463           4.667         -22.425         -15.507          -14.715
    3 (occ)    80          -8.822           3.783         -22.370         -16.868          -10.541
    4 (occ)    80          -4.355           2.477         -19.537         -15.975           -5.440
    5 (vir)    80           1.220          -3.413          -5.956         -11.272            3.124
    6 (vir)    80           7.332          -4.107          -6.527         -13.049            9.747
    7 (vir)    80          10.279          -3.238          -3.350          -8.766           12.457
    8 (vir)    80          12.593          -2.899          -3.063          -8.794           15.425
    9 (vir)    80          12.614          -2.775          -1.138          -5.950           14.651
   10 (vir)    80          16.372          -3.681          -4.076         -10.828           19.443
   11 (vir)    80          17.194          -5.637          -5.424         -14.533           20.666
   12 (vir)    80          21.111          -5.263          -4.264         -13.032           24.617
   13 (vir)    80          25.554          -5.268          -4.016         -13.055           29.325
   14 (vir)    80          26.167          -4.911          -4.772         -13.997           30.480
   15 (vir)    80          28.012          -2.296          -2.770          -9.462           32.409
   16 (vir)    80          35.266          -1.705          -1.789          -9.063           40.835
   17 (vir)    80          36.807          -4.616          -2.188         -10.766           40.769
   18 (vir)    80          38.769          -5.616          -4.525         -14.914           43.542
   19 (vir)    80          45.537          -4.762          -3.497         -13.707           50.985
   20 (vir)    80          49.628          -3.796          -4.002         -14.223           56.052
   21 (vir)    80          58.376          -7.952          -3.593         -15.980           62.811
   22 (vir)    80          59.249          -4.463          -3.069         -14.017           65.734
   23 (vir)    80          68.497          -7.402          -2.821         -15.581           73.854
   24 (vir)    80          82.560          -7.632          -3.218         -16.480           88.190
   25 (vir)    80         117.027          -0.722          -1.709         -13.238          127.833
   26 (vir)    80         240.320          -1.488          -1.532         -18.011          255.311
 
 
  kpoint:      81             coordinate:     0.1224    0.4388    0.0000
 
    n           k   ϵ_nk^DFT (eV)     Σ^c_nk (eV)     Σ^x_nk (eV)    v_nk^xc (eV)   ϵ_nk^G0W0 (eV)
 
    1 (occ)    81         -18.190           7.250         -27.139         -17.458          -20.621
    2 (occ)    81         -12.482           4.673         -22.431         -15.502          -14.739
    3 (occ)    81          -8.743           3.764         -22.376         -16.906          -10.449
    4 (occ)    81          -4.377           2.483         -19.527         -15.955           -5.466
    5 (vir)    81           1.219          -3.406          -5.960         -11.269            3.122
    6 (vir)    81           7.216          -4.089          -6.546         -13.041            9.622
    7 (vir)    81          10.263          -3.235          -3.332          -8.740           12.437
    8 (vir)    81          12.571          -2.887          -3.054          -8.762           15.393
    9 (vir)    81          12.614          -2.757          -1.090          -5.870           14.637
   10 (vir)    81          16.518          -3.755          -4.122         -10.972           19.613
   11 (vir)    81          17.279          -5.718          -5.500         -14.745           20.805
   12 (vir)    81          21.193          -5.283          -4.271         -13.082           24.721
   13 (vir)    81          25.327          -5.198          -4.023         -12.986           29.092
   14 (vir)    81          26.369          -4.924          -4.763         -13.993           30.675
   15 (vir)    81          28.429          -2.499          -2.661          -9.434           32.702
   16 (vir)    81          35.355          -1.602          -1.720          -8.961           40.994
   17 (vir)    81          36.641          -4.611          -2.174         -10.728           40.584
   18 (vir)    81          38.474          -5.596          -4.521         -14.860           43.218
   19 (vir)    81          45.578          -4.794          -3.495         -13.729           51.018
   20 (vir)    81          49.660          -3.754          -3.996         -14.222           56.132
   21 (vir)    81          58.576          -8.033          -3.568         -15.995           62.969
   22 (vir)    81          59.230          -4.457          -3.091         -14.048           65.730
   23 (vir)    81          68.741          -4.589          -2.790         -15.567           76.930
   24 (vir)    81          82.524          -7.185          -3.209         -16.480           88.610
   25 (vir)    81         116.796          -0.852          -1.703         -13.231          127.473
   26 (vir)    81         240.384          -0.036          -1.510         -18.007          256.845
 
 
  kpoint:      82             coordinate:     0.1156    0.4422    0.0000
 
    n           k   ϵ_nk^DFT (eV)     Σ^c_nk (eV)     Σ^x_nk (eV)    v_nk^xc (eV)   ϵ_nk^G0W0 (eV)
 
    1 (occ)    82         -18.204           7.252         -27.136         -17.451          -20.636
    2 (occ)    82         -12.500           4.679         -22.436         -15.497          -14.761
    3 (occ)    82          -8.666           3.746         -22.383         -16.943          -10.360
    4 (occ)    82          -4.399           2.490         -19.517         -15.936           -5.490
    5 (vir)    82           1.218          -3.400          -5.964         -11.265            3.119
    6 (vir)    82           7.104          -4.072          -6.562         -13.031            9.501
    7 (vir)    82          10.249          -3.233          -3.314          -8.716           12.417
    8 (vir)    82          12.551          -2.876          -3.047          -8.736           15.364
    9 (vir)    82          12.614          -2.740          -1.049          -5.799           14.624
   10 (vir)    82          16.672          -3.829          -4.160         -11.106           19.789
   11 (vir)    82          17.361          -5.799          -5.573         -14.952           20.941
   12 (vir)    82          21.276          -5.300          -4.278         -13.130           24.828
   13 (vir)    82          25.097          -5.128          -4.030         -12.915           28.855
   14 (vir)    82          26.576          -4.940          -4.753         -13.994           30.877
   15 (vir)    82          28.883          -2.953          -2.536          -9.442           32.836
   16 (vir)    82          35.470          -1.553          -1.615          -8.831           41.133
   17 (vir)    82          36.485          -4.606          -2.161         -10.693           40.411
   18 (vir)    82          38.181          -5.569          -4.514         -14.803           42.901
   19 (vir)    82          45.616          -4.825          -3.492         -13.749           51.048
   20 (vir)    82          49.690          -3.703          -3.985         -14.218           56.221
   21 (vir)    82          58.769          -8.027          -3.543         -16.008           63.208
   22 (vir)    82          59.212          -4.450          -3.111         -14.077           65.728
   23 (vir)    82          68.994          -3.047          -2.754         -15.553           78.745
   24 (vir)    82          82.480          -6.571          -3.198         -16.479           89.190
   25 (vir)    82         116.575          -0.897          -1.696         -13.225          127.206
   26 (vir)    82         240.445          -1.194          -1.479         -18.002          255.774
 
 
  kpoint:      83             coordinate:     0.1088    0.4456    0.0000
 
    n           k   ϵ_nk^DFT (eV)     Σ^c_nk (eV)     Σ^x_nk (eV)    v_nk^xc (eV)   ϵ_nk^G0W0 (eV)
 
    1 (occ)    83         -18.218           7.255         -27.133         -17.444          -20.651
    2 (occ)    83         -12.518           4.684         -22.441         -15.492          -14.783
    3 (occ)    83          -8.593           3.729         -22.390         -16.979          -10.275
    4 (occ)    83          -4.419           2.496         -19.508         -15.918           -5.513
    5 (vir)    83           1.217          -3.394          -5.967         -11.261            3.117
    6 (vir)    83           6.996          -4.056          -6.577         -13.021            9.385
    7 (vir)    83          10.236          -3.230          -3.299          -8.693           12.399
    8 (vir)    83          12.533          -2.866          -3.043          -8.713           15.337
    9 (vir)    83          12.612          -2.725          -1.013          -5.737           14.611
   10 (vir)    83          16.832          -3.904          -4.191         -11.234           19.971
   11 (vir)    83          17.439          -5.878          -5.644         -15.152           21.069
   12 (vir)    83          21.361          -5.317          -4.287         -13.177           24.934
   13 (vir)    83          24.865          -5.056          -4.038         -12.844           28.616
   14 (vir)    83          26.789          -4.960          -4.743         -13.998           31.084
   15 (vir)    83          29.376          -3.274          -2.407          -9.502           33.197
   16 (vir)    83          35.620          -1.585          -1.462          -8.663           41.236
   17 (vir)    83          36.337          -4.602          -2.149         -10.660           40.247
   18 (vir)    83          37.889          -5.533          -4.506         -14.743           42.592
   19 (vir)    83          45.653          -4.856          -3.490         -13.769           51.076
   20 (vir)    83          49.721          -3.655          -3.970         -14.210           56.306
   21 (vir)    83          58.957          -7.888          -3.515         -16.018           63.573
   22 (vir)    83          59.195          -4.442          -3.131         -14.104           65.727
   23 (vir)    83          69.254          -2.417          -2.715         -15.540           79.662
   24 (vir)    83          82.427          -6.051          -3.185         -16.478           89.669
   25 (vir)    83         116.365          -0.888          -1.690         -13.218          127.005
   26 (vir)    83         240.502          -1.748          -1.438         -17.997          255.313
 
 
  kpoint:      84             coordinate:     0.1020    0.4490    0.0000
 
    n           k   ϵ_nk^DFT (eV)     Σ^c_nk (eV)     Σ^x_nk (eV)    v_nk^xc (eV)   ϵ_nk^G0W0 (eV)
 
    1 (occ)    84         -18.230           7.258         -27.130         -17.438          -20.664
    2 (occ)    84         -12.534           4.690         -22.446         -15.487          -14.803
    3 (occ)    84          -8.522           3.712         -22.397         -17.014          -10.192
    4 (occ)    84          -4.438           2.502         -19.499         -15.901           -5.535
    5 (vir)    84           1.215          -3.389          -5.970         -11.257            3.114
    6 (vir)    84           6.894          -4.040          -6.589         -13.009            9.273
    7 (vir)    84          10.224          -3.228          -3.285          -8.672           12.383
    8 (vir)    84          12.517          -2.858          -3.041          -8.695           15.313
    9 (vir)    84          12.610          -2.710          -0.983          -5.683           14.600
   10 (vir)    84          16.998          -3.979          -4.217         -11.355           20.156
   11 (vir)    84          17.512          -5.955          -5.711         -15.344           21.190
   12 (vir)    84          21.449          -5.341          -4.300         -13.223           25.031
   13 (vir)    84          24.631          -4.983          -4.046         -12.772           28.375
   14 (vir)    84          27.005          -4.982          -4.732         -14.005           31.297
   15 (vir)    84          29.905          -2.821          -2.295          -9.627           34.415
   16 (vir)    84          35.822          -1.863          -1.244          -8.447           41.161
   17 (vir)    84          36.199          -4.598          -2.137         -10.630           40.093
   18 (vir)    84          37.599          -5.488          -4.496         -14.679           42.294
   19 (vir)    84          45.687          -4.887          -3.487         -13.787           51.101
   20 (vir)    84          49.752          -3.636          -3.949         -14.195           56.362
   21 (vir)    84          59.141          -7.549          -3.485         -16.024           64.131
   22 (vir)    84          59.180          -4.433          -3.149         -14.129           65.727
   23 (vir)    84          69.522          -2.146          -2.674         -15.527           80.228
   24 (vir)    84          82.364          -5.814          -3.170         -16.477           89.858
   25 (vir)    84         116.168          -0.820          -1.685         -13.212          126.874
   26 (vir)    84         240.555          -1.786          -1.388         -17.992          255.372
 
 
  kpoint:      85             coordinate:     0.0952    0.4524    0.0000
 
    n           k   ϵ_nk^DFT (eV)     Σ^c_nk (eV)     Σ^x_nk (eV)    v_nk^xc (eV)   ϵ_nk^G0W0 (eV)
 
    1 (occ)    85         -18.242           7.260         -27.127         -17.432          -20.677
    2 (occ)    85         -12.549           4.695         -22.450         -15.483          -14.821
    3 (occ)    85          -8.454           3.697         -22.404         -17.048          -10.114
    4 (occ)    85          -4.457           2.507         -19.492         -15.885           -5.556
    5 (vir)    85           1.213          -3.384          -5.972         -11.253            3.111
    6 (vir)    85           6.796          -4.026          -6.600         -12.996            9.167
    7 (vir)    85          10.213          -3.225          -3.272          -8.652           12.369
    8 (vir)    85          12.504          -2.852          -3.042          -8.682           15.293
    9 (vir)    85          12.607          -2.697          -0.957          -5.636           14.589
   10 (vir)    85          17.169          -4.056          -4.238         -11.471           20.346
   11 (vir)    85          17.580          -6.030          -5.776         -15.525           21.300
   12 (vir)    85          21.540          -5.375          -4.319         -13.269           25.115
   13 (vir)    85          24.396          -4.908          -4.054         -12.699           28.133
   14 (vir)    85          27.224          -5.006          -4.720         -14.015           31.513
   15 (vir)    85          30.461          -2.370          -2.235          -9.832           35.688
   16 (vir)    85          36.070          -4.595          -2.127         -10.602           39.950
   17 (vir)    85          36.096          -3.598          -0.944          -8.171           39.726
   18 (vir)    85          37.312          -5.427          -4.486         -14.615           42.013
   19 (vir)    85          45.720          -4.917          -3.484         -13.805           51.124
   20 (vir)    85          49.785          -3.681          -3.924         -14.173           56.353
   21 (vir)    85          59.167          -4.424          -3.167         -14.152           65.728
   22 (vir)    85          59.321          -7.017          -3.452         -16.025           64.877
   23 (vir)    85          69.797          -2.031          -2.633         -15.514           80.647
   24 (vir)    85          82.293          -5.903          -3.153         -16.476           89.713
   25 (vir)    85         115.985          -0.648          -1.683         -13.206          126.859
   26 (vir)    85         240.602          -1.221          -1.330         -17.987          256.039
 
 
  kpoint:      86             coordinate:     0.0884    0.4558    0.0000
 
    n           k   ϵ_nk^DFT (eV)     Σ^c_nk (eV)     Σ^x_nk (eV)    v_nk^xc (eV)   ϵ_nk^G0W0 (eV)
 
    1 (occ)    86         -18.254           7.262         -27.125         -17.427          -20.689
    2 (occ)    86         -12.563           4.699         -22.454         -15.479          -14.839
    3 (occ)    86          -8.390           3.682         -22.412         -17.080          -10.040
    4 (occ)    86          -4.474           2.512         -19.485         -15.871           -5.575
    5 (vir)    86           1.211          -3.378          -5.974         -11.249            3.108
    6 (vir)    86           6.703          -4.012          -6.609         -12.983            9.065
    7 (vir)    86          10.204          -3.223          -3.261          -8.635           12.356
    8 (vir)    86          12.492          -2.847          -3.044          -8.673           15.275
    9 (vir)    86          12.604          -2.685          -0.935          -5.595           14.578
   10 (vir)    86          17.344          -4.133          -4.254         -11.582           20.539
   11 (vir)    86          17.644          -6.101          -5.838         -15.693           21.399
   12 (vir)    86          21.633          -5.416          -4.345         -13.315           25.188
   13 (vir)    86          24.161          -4.831          -4.063         -12.624           27.890
   14 (vir)    86          27.444          -5.031          -4.706         -14.027           31.734
   15 (vir)    86          31.026          -2.469          -2.263         -10.124           36.419
   16 (vir)    86          35.950          -4.593          -2.117         -10.577           39.817
   17 (vir)    86          36.476          -0.892          -0.551          -7.848           42.881
   18 (vir)    86          37.033          -5.287          -4.481         -14.539           41.804
   19 (vir)    86          45.750          -4.946          -3.481         -13.821           51.144
   20 (vir)    86          49.822          -3.833          -3.893         -14.139           56.235
   21 (vir)    86          59.155          -4.414          -3.184         -14.173           65.731
   22 (vir)    86          59.501          -6.445          -3.416         -16.019           65.659
   23 (vir)    86          70.081          -2.012          -2.595         -15.501           80.975
   24 (vir)    86          82.212          -6.271          -3.134         -16.475           89.282
   25 (vir)    86         115.815          -0.212          -1.684         -13.200          127.119
   26 (vir)    86         240.644          -0.965          -1.263         -17.982          256.397
 
 
  kpoint:      87             coordinate:     0.0816    0.4592    0.0000
 
    n           k   ϵ_nk^DFT (eV)     Σ^c_nk (eV)     Σ^x_nk (eV)    v_nk^xc (eV)   ϵ_nk^G0W0 (eV)
 
    1 (occ)    87         -18.264           7.265         -27.122         -17.421          -20.700
    2 (occ)    87         -12.576           4.703         -22.458         -15.475          -14.855
    3 (occ)    87          -8.329           3.668         -22.420         -17.111           -9.969
    4 (occ)    87          -4.490           2.517         -19.478         -15.857           -5.593
    5 (vir)    87           1.209          -3.374          -5.976         -11.245            3.105
    6 (vir)    87           6.617          -4.000          -6.617         -12.970            8.970
    7 (vir)    87          10.196          -3.220          -3.251          -8.619           12.344
    8 (vir)    87          12.483          -2.843          -3.049          -8.669           15.260
    9 (vir)    87          12.600          -2.674          -0.917          -5.560           14.568
   10 (vir)    87          17.523          -4.213          -4.266         -11.690           20.734
   11 (vir)    87          17.703          -6.168          -5.896         -15.848           21.486
   12 (vir)    87          21.729          -5.458          -4.378         -13.361           25.254
   13 (vir)    87          23.926          -4.752          -4.072         -12.547           27.648
   14 (vir)    87          27.664          -5.057          -4.692         -14.040           31.956
   15 (vir)    87          31.574          -3.222          -2.397         -10.485           36.440
   16 (vir)    87          35.839          -4.590          -2.108         -10.553           39.694
   17 (vir)    87          36.731          -5.402          -3.955         -13.766           41.139
   18 (vir)    87          37.036          -0.731          -0.617          -8.193           43.881
   19 (vir)    87          45.777          -4.973          -3.477         -13.836           51.163
   20 (vir)    87          49.864          -4.116          -3.855         -14.091           55.984
   21 (vir)    87          59.145          -4.403          -3.199         -14.193           65.735
   22 (vir)    87          59.684          -6.048          -3.375         -16.004           66.266
   23 (vir)    87          70.374          -2.115          -2.561         -15.487           81.185
   24 (vir)    87          82.123          -6.774          -3.115         -16.475           88.708
   25 (vir)    87         115.659           1.120          -1.687         -13.195          128.287
   26 (vir)    87         240.679          -2.104          -1.191         -17.976          255.361
 
 
  kpoint:      88             coordinate:     0.0748    0.4626    0.0000
 
    n           k   ϵ_nk^DFT (eV)     Σ^c_nk (eV)     Σ^x_nk (eV)    v_nk^xc (eV)   ϵ_nk^G0W0 (eV)
 
    1 (occ)    88         -18.274           7.267         -27.120         -17.417          -20.711
    2 (occ)    88         -12.588           4.707         -22.461         -15.472          -14.870
    3 (occ)    88          -8.273           3.655         -22.427         -17.141           -9.904
    4 (occ)    88          -4.504           2.522         -19.473         -15.845           -5.610
    5 (vir)    88           1.208          -3.369          -5.978         -11.241            3.102
    6 (vir)    88           6.536          -3.988          -6.623         -12.957            8.881
    7 (vir)    88          10.189          -3.217          -3.243          -8.605           12.334
    8 (vir)    88          12.477          -2.841          -3.056          -8.669           15.247
    9 (vir)    88          12.596          -2.664          -0.902          -5.529           14.559
   10 (vir)    88          17.705          -4.295          -4.275         -11.796           20.931
   11 (vir)    88          17.756          -6.229          -5.951         -15.988           21.564
   12 (vir)    88          21.827          -5.495          -4.419         -13.405           25.319
   13 (vir)    88          23.692          -4.671          -4.082         -12.467           27.407
   14 (vir)    88          27.884          -5.084          -4.675         -14.053           32.178
   15 (vir)    88          32.072          -4.131          -2.617         -10.866           36.189
   16 (vir)    88          35.738          -4.588          -2.100         -10.532           39.582
   17 (vir)    88          36.470          -5.375          -4.273         -14.187           41.009
   18 (vir)    88          37.764          -0.607           0.149          -7.377           44.683
   19 (vir)    88          45.803          -5.000          -3.474         -13.850           51.179
   20 (vir)    88          49.916          -4.390          -3.809         -14.019           55.736
   21 (vir)    88          59.137          -4.393          -3.214         -14.210           65.740
   22 (vir)    88          59.877          -5.992          -3.330         -15.976           66.531
   23 (vir)    88          70.676          -2.574          -2.534         -15.472           81.040
   24 (vir)    88          82.026          -7.204          -3.095         -16.474           88.201
   25 (vir)    88         115.517           5.071          -1.691         -13.191          132.088
   26 (vir)    88         240.707          -2.213          -1.115         -17.971          255.349
 
 
  kpoint:      89             coordinate:     0.0680    0.4660    0.0000
 
    n           k   ϵ_nk^DFT (eV)     Σ^c_nk (eV)     Σ^x_nk (eV)    v_nk^xc (eV)   ϵ_nk^G0W0 (eV)
 
    1 (occ)    89         -18.283           7.268         -27.118         -17.412          -20.720
    2 (occ)    89         -12.599           4.711         -22.464         -15.469          -14.884
    3 (occ)    89          -8.220           3.644         -22.434         -17.168           -9.843
    4 (occ)    89          -4.518           2.526         -19.467         -15.834           -5.626
    5 (vir)    89           1.206          -3.365          -5.979         -11.238            3.099
    6 (vir)    89           6.461          -3.978          -6.629         -12.944            8.798
    7 (vir)    89          10.184          -3.215          -3.235          -8.593           12.325
    8 (vir)    89          12.472          -2.841          -3.065          -8.672           15.238
    9 (vir)    89          12.592          -2.656          -0.889          -5.503           14.551
   10 (vir)    89          17.804          -6.284          -6.001         -16.112           21.631
   11 (vir)    89          17.889          -4.380          -4.281         -11.901           21.128
   12 (vir)    89          21.925          -5.525          -4.462         -13.448           25.385
   13 (vir)    89          23.462          -4.586          -4.091         -12.385           27.170
   14 (vir)    89          28.100          -5.112          -4.657         -14.067           32.398
   15 (vir)    89          32.493          -4.305          -2.867         -11.208           36.528
   16 (vir)    89          35.645          -4.587          -2.093         -10.513           39.479
   17 (vir)    89          36.206          -5.312          -4.252         -14.108           40.750
   18 (vir)    89          38.745          -0.592           0.435          -7.179           45.767
   19 (vir)    89          45.826          -5.024          -3.471         -13.863           51.194
   20 (vir)    89          49.984          -4.132          -3.754         -13.913           56.011
   21 (vir)    89          59.130          -4.383          -3.227         -14.226           65.746
   22 (vir)    89          60.088          -6.409          -3.282         -15.928           66.325
   23 (vir)    89          70.991          -5.192          -2.520         -15.454           78.733
   24 (vir)    89          81.923          -7.389          -3.076         -16.474           87.933
   25 (vir)    89         115.388           6.012          -1.696         -13.188          132.891
   26 (vir)    89         240.727          -2.245          -1.038         -17.965          255.409
 
 
  kpoint:      90             coordinate:     0.0612    0.4694    0.0000
 
    n           k   ϵ_nk^DFT (eV)     Σ^c_nk (eV)     Σ^x_nk (eV)    v_nk^xc (eV)   ϵ_nk^G0W0 (eV)
 
    1 (occ)    90         -18.291           7.270         -27.117         -17.409          -20.729
    2 (occ)    90         -12.609           4.714         -22.467         -15.466          -14.896
    3 (occ)    90          -8.172           3.633         -22.442         -17.194           -9.787
    4 (occ)    90          -4.530           2.530         -19.463         -15.824           -5.640
    5 (vir)    90           1.204          -3.362          -5.980         -11.234            3.096
    6 (vir)    90           6.393          -3.968          -6.634         -12.931            8.722
    7 (vir)    90          10.179          -3.214          -3.229          -8.582           12.318
    8 (vir)    90          12.470          -2.843          -3.075          -8.679           15.232
    9 (vir)    90          12.588          -2.648          -0.878          -5.481           14.544
   10 (vir)    90          17.846          -6.333          -6.046         -16.221           21.689
   11 (vir)    90          18.072          -4.468          -4.285         -12.005           21.325
   12 (vir)    90          22.023          -5.551          -4.506         -13.487           25.452
   13 (vir)    90          23.235          -4.497          -4.101         -12.300           26.936
   14 (vir)    90          28.312          -5.141          -4.636         -14.079           32.613
   15 (vir)    90          32.828          -4.285          -3.094         -11.485           36.933
   16 (vir)    90          35.562          -4.585          -2.086         -10.496           39.386
   17 (vir)    90          35.950          -5.256          -4.192         -13.975           40.478
   18 (vir)    90          39.982          -0.587           0.420          -7.213           47.029
   19 (vir)    90          45.847          -5.047          -3.468         -13.875           51.207
   20 (vir)    90          50.077          -3.128          -3.686         -13.751           57.014
   21 (vir)    90          59.125          -4.374          -3.239         -14.241           65.752
   22 (vir)    90          60.329          -7.342          -3.233         -15.850           65.603
   23 (vir)    90          71.321         -10.053          -2.522         -15.431           74.177
   24 (vir)    90          81.816          -7.174          -3.057         -16.474           88.059
   25 (vir)    90         115.270           2.091          -1.701         -13.187          128.847
   26 (vir)    90         240.738          -2.263          -0.960         -17.959          255.473
 
 
  kpoint:      91             coordinate:     0.0544    0.4728    0.0000
 
    n           k   ϵ_nk^DFT (eV)     Σ^c_nk (eV)     Σ^x_nk (eV)    v_nk^xc (eV)   ϵ_nk^G0W0 (eV)
 
    1 (occ)    91         -18.298           7.272         -27.115         -17.405          -20.737
    2 (occ)    91         -12.618           4.717         -22.469         -15.464          -14.907
    3 (occ)    91          -8.128           3.623         -22.448         -17.217           -9.736
    4 (occ)    91          -4.541           2.533         -19.459         -15.815           -5.652
    5 (vir)    91           1.202          -3.358          -5.981         -11.231            3.093
    6 (vir)    91           6.332          -3.960          -6.638         -12.919            8.654
    7 (vir)    91          10.175          -3.214          -3.223          -8.573           12.311
    8 (vir)    91          12.470          -2.846          -3.085          -8.689           15.229
    9 (vir)    91          12.584          -2.641          -0.869          -5.463           14.537
   10 (vir)    91          17.883          -6.375          -6.084         -16.315           21.739
   11 (vir)    91          18.255          -4.561          -4.286         -12.111           21.518
   12 (vir)    91          22.118          -5.577          -4.546         -13.523           25.517
   13 (vir)    91          23.013          -4.405          -4.110         -12.211           26.709
   14 (vir)    91          28.516          -5.171          -4.614         -14.089           32.820
   15 (vir)    91          33.085          -4.399          -3.284         -11.713           37.115
   16 (vir)    91          35.487          -4.584          -2.080         -10.481           39.304
   17 (vir)    91          35.706          -5.203          -4.106         -13.807           40.204
   18 (vir)    91          41.450          -0.638           0.036          -7.511           48.359
   19 (vir)    91          45.865          -5.067          -3.465         -13.886           51.218
   20 (vir)    91          50.211          -2.270          -3.604         -13.494           57.831
   21 (vir)    91          59.121          -4.365          -3.251         -14.254           65.759
   22 (vir)    91          60.618          -8.383          -3.190         -15.723           64.768
   23 (vir)    91          71.673          -5.946          -2.550         -15.398           78.576
   24 (vir)    91          81.707          -6.272          -3.039         -16.475           88.870
   25 (vir)    91         115.163           0.277          -1.706         -13.188          126.922
   26 (vir)    91         240.739          -2.275          -0.885         -17.952          255.531
 
 
  kpoint:      92             coordinate:     0.0476    0.4762    0.0000
 
    n           k   ϵ_nk^DFT (eV)     Σ^c_nk (eV)     Σ^x_nk (eV)    v_nk^xc (eV)   ϵ_nk^G0W0 (eV)
 
    1 (occ)    92         -18.305           7.273         -27.114         -17.402          -20.744
    2 (occ)    92         -12.626           4.719         -22.471         -15.462          -14.917
    3 (occ)    92          -8.089           3.615         -22.455         -17.238           -9.691
    4 (occ)    92          -4.551           2.536         -19.455         -15.807           -5.663
    5 (vir)    92           1.200          -3.355          -5.982         -11.228            3.091
    6 (vir)    92           6.278          -3.952          -6.641         -12.907            8.593
    7 (vir)    92          10.173          -3.214          -3.218          -8.565           12.305
    8 (vir)    92          12.471          -2.850          -3.094          -8.702           15.228
    9 (vir)    92          12.581          -2.635          -0.862          -5.447           14.531
   10 (vir)    92          17.915          -6.410          -6.117         -16.394           21.782
   11 (vir)    92          18.434          -4.659          -4.286         -12.217           21.707
   12 (vir)    92          22.208          -5.602          -4.577         -13.554           25.583
   13 (vir)    92          22.800          -4.307          -4.120         -12.117           26.490
   14 (vir)    92          28.711          -5.202          -4.589         -14.098           33.017
   15 (vir)    92          33.279          -4.552          -3.450         -11.928           37.205
   16 (vir)    92          35.422          -4.583          -2.075         -10.467           39.231
   17 (vir)    92          35.475          -5.150          -3.991         -13.599           39.934
   18 (vir)    92          43.073          -0.849          -0.735          -8.145           49.634
   19 (vir)    92          45.882          -5.086          -3.463         -13.895           51.228
   20 (vir)    92          50.418          -1.940          -3.509         -13.072           58.041
   21 (vir)    92          59.118          -4.357          -3.260         -14.265           65.766
   22 (vir)    92          60.981          -8.829          -3.169         -15.522           64.505
   23 (vir)    92          72.058          -4.517          -2.618         -15.348           80.271
   24 (vir)    92          81.598          -4.705          -3.023         -16.475           90.346
   25 (vir)    92         115.065          -0.427          -1.709         -13.191          126.120
   26 (vir)    92         240.729          -2.282          -0.815         -17.945          255.578
 
 
  kpoint:      93             coordinate:     0.0408    0.4796    0.0000
 
    n           k   ϵ_nk^DFT (eV)     Σ^c_nk (eV)     Σ^x_nk (eV)    v_nk^xc (eV)   ϵ_nk^G0W0 (eV)
 
    1 (occ)    93         -18.310           7.274         -27.113         -17.400          -20.750
    2 (occ)    93         -12.633           4.721         -22.473         -15.460          -14.925
    3 (occ)    93          -8.055           3.607         -22.460         -17.256           -9.651
    4 (occ)    93          -4.559           2.539         -19.452         -15.800           -5.673
    5 (vir)    93           1.199          -3.353          -5.983         -11.226            3.089
    6 (vir)    93           6.231          -3.945          -6.643         -12.897            8.540
    7 (vir)    93          10.171          -3.216          -3.213          -8.558           12.300
    8 (vir)    93          12.474          -2.855          -3.103          -8.715           15.231
    9 (vir)    93          12.578          -2.630          -0.856          -5.434           14.526
   10 (vir)    93          17.942          -6.440          -6.143         -16.460           21.819
   11 (vir)    93          18.607          -4.761          -4.285         -12.326           21.887
   12 (vir)    93          22.292          -5.621          -4.598         -13.580           25.653
   13 (vir)    93          22.597          -4.205          -4.128         -12.020           26.283
   14 (vir)    93          28.892          -5.234          -4.562         -14.104           33.199
   15 (vir)    93          33.425          -4.603          -3.618         -12.165           37.368
   16 (vir)    93          35.261          -5.096          -3.840         -13.345           39.670
   17 (vir)    93          35.365          -4.582          -2.071         -10.456           39.168
   18 (vir)    93          44.713          -1.139          -1.814          -9.233           50.994
   19 (vir)    93          45.896          -5.102          -3.461         -13.903           51.237
   20 (vir)    93          50.753          -2.292          -3.431         -12.390           57.419
   21 (vir)    93          59.116          -4.349          -3.269         -14.275           65.772
   22 (vir)    93          61.451          -5.745          -3.202         -15.207           67.711
   23 (vir)    93          72.490          -9.994          -2.752         -15.269           75.013
   24 (vir)    93          81.493          -3.318          -3.008         -16.476           91.642
   25 (vir)    93         114.972          -0.775          -1.711         -13.198          125.685
   26 (vir)    93         240.709          -2.284          -0.750         -17.938          255.614
 
 
  kpoint:      94             coordinate:     0.0340    0.4830    0.0000
 
    n           k   ϵ_nk^DFT (eV)     Σ^c_nk (eV)     Σ^x_nk (eV)    v_nk^xc (eV)   ϵ_nk^G0W0 (eV)
 
    1 (occ)    94         -18.315           7.275         -27.112         -17.397          -20.755
    2 (occ)    94         -12.639           4.723         -22.475         -15.458          -14.932
    3 (occ)    94          -8.025           3.601         -22.465         -17.272           -9.617
    4 (occ)    94          -4.567           2.541         -19.450         -15.794           -5.681
    5 (vir)    94           1.197          -3.351          -5.983         -11.223            3.087
    6 (vir)    94           6.191          -3.939          -6.644         -12.888            8.495
    7 (vir)    94          10.170          -3.218          -3.209          -8.553           12.296
    8 (vir)    94          12.477          -2.860          -3.110          -8.729           15.236
    9 (vir)    94          12.575          -2.625          -0.852          -5.423           14.521
   10 (vir)    94          17.963          -6.463          -6.164         -16.513           21.849
   11 (vir)    94          18.771          -4.868          -4.283         -12.436           22.056
   12 (vir)    94          22.367          -5.630          -4.608         -13.601           25.730
   13 (vir)    94          22.408          -4.099          -4.137         -11.919           26.092
   14 (vir)    94          29.056          -5.266          -4.535         -14.107           33.363
   15 (vir)    94          33.534          -4.522          -3.811         -12.447           37.649
   16 (vir)    94          35.067          -5.039          -3.647         -13.037           39.417
   17 (vir)    94          35.318          -4.582          -2.067         -10.446           39.115
   18 (vir)    94          45.908          -5.116          -3.459         -13.910           51.244
   19 (vir)    94          46.154          -1.383          -2.951         -10.803           52.623
   20 (vir)    94          51.291          -6.615          -3.482         -11.455           52.649
   21 (vir)    94          59.114          -4.343          -3.277         -14.283           65.778
   22 (vir)    94          62.061          -2.285          -3.344         -14.747           71.178
   23 (vir)    94          72.989          -2.225          -2.996         -15.141           82.909
   24 (vir)    94          81.395          -2.539          -2.995         -16.476           92.336
   25 (vir)    94         114.885          -0.976          -1.711         -13.209          125.407
   26 (vir)    94         240.680          -2.280          -0.694         -17.931          255.636
 
 
  kpoint:      95             coordinate:     0.0272    0.4864    0.0000
 
    n           k   ϵ_nk^DFT (eV)     Σ^c_nk (eV)     Σ^x_nk (eV)    v_nk^xc (eV)   ϵ_nk^G0W0 (eV)
 
    1 (occ)    95         -18.319           7.276         -27.112         -17.396          -20.759
    2 (occ)    95         -12.643           4.725         -22.476         -15.457          -14.938
    3 (occ)    95          -8.001           3.596         -22.469         -17.285           -9.589
    4 (occ)    95          -4.573           2.543         -19.448         -15.789           -5.688
    5 (vir)    95           1.196          -3.349          -5.984         -11.222            3.085
    6 (vir)    95           6.158          -3.934          -6.645         -12.880            8.459
    7 (vir)    95          10.169          -3.220          -3.204          -8.549           12.293
    8 (vir)    95          12.480          -2.864          -3.116          -8.742           15.242
    9 (vir)    95          12.572          -2.622          -0.848          -5.415           14.517
   10 (vir)    95          17.981          -6.481          -6.180         -16.555           21.874
   11 (vir)    95          18.920          -4.977          -4.280         -12.545           22.208
   12 (vir)    95          22.239          -3.991          -4.144         -11.816           25.920
   13 (vir)    95          22.432          -5.626          -4.609         -13.617           25.814
   14 (vir)    95          29.200          -5.296          -4.508         -14.108           33.504
   15 (vir)    95          33.616          -4.381          -4.041         -12.788           37.982
   16 (vir)    95          34.898          -4.978          -3.409         -12.670           39.182
   17 (vir)    95          35.279          -4.581          -2.064         -10.438           39.072
   18 (vir)    95          45.918          -5.127          -3.457         -13.916           51.250
   19 (vir)    95          47.198          -1.517          -3.763         -12.433           54.350
   20 (vir)    95          52.053          -1.806          -3.816         -10.681           57.113
   21 (vir)    95          59.113          -4.338          -3.283         -14.290           65.782
   22 (vir)    95          62.819          -2.036          -3.646         -14.158           71.294
   23 (vir)    95          73.575          -1.822          -3.409         -14.936           83.280
   24 (vir)    95          81.306          -2.163          -2.985         -16.476           92.635
   25 (vir)    95         114.802          -1.098          -1.710         -13.224          125.217
   26 (vir)    95         240.642          -2.273          -0.647         -17.923          255.646
 
 
  kpoint:      96             coordinate:     0.0204    0.4898    0.0000
 
    n           k   ϵ_nk^DFT (eV)     Σ^c_nk (eV)     Σ^x_nk (eV)    v_nk^xc (eV)   ϵ_nk^G0W0 (eV)
 
    1 (occ)    96         -18.322           7.277         -27.111         -17.394          -20.762
    2 (occ)    96         -12.647           4.726         -22.477         -15.456          -14.942
    3 (occ)    96          -7.982           3.592         -22.473         -17.296           -9.568
    4 (occ)    96          -4.577           2.545         -19.446         -15.786           -5.693
    5 (vir)    96           1.195          -3.347          -5.984         -11.220            3.084
    6 (vir)    96           6.132          -3.930          -6.645         -12.874            8.431
    7 (vir)    96          10.168          -3.222          -3.201          -8.546           12.291
    8 (vir)    96          12.484          -2.868          -3.120          -8.754           15.250
    9 (vir)    96          12.570          -2.619          -0.845          -5.409           14.515
   10 (vir)    96          17.994          -6.495          -6.191         -16.586           21.894
   11 (vir)    96          19.048          -5.082          -4.277         -12.648           22.337
   12 (vir)    96          22.095          -3.887          -4.151         -11.718           25.776
   13 (vir)    96          22.484          -5.614          -4.603         -13.629           25.896
   14 (vir)    96          29.318          -5.324          -4.482         -14.106           33.618
   15 (vir)    96          33.677          -4.254          -4.309         -13.180           38.294
   16 (vir)    96          34.758          -4.908          -3.132         -12.257           38.975
   17 (vir)    96          35.248          -4.581          -2.061         -10.432           39.038
   18 (vir)    96          45.925          -5.136          -3.456         -13.920           51.254
   19 (vir)    96          47.824          -1.629          -4.129         -13.540           55.606
   20 (vir)    96          52.893          -2.093          -4.329         -10.535           57.006
   21 (vir)    96          59.112          -4.334          -3.288         -14.295           65.786
   22 (vir)    96          63.661          -2.131          -4.083         -13.562           71.008
   23 (vir)    96          74.243          -2.023          -4.038         -14.640           82.823
   24 (vir)    96          81.231          -1.983          -2.976         -16.476           92.747
   25 (vir)    96         114.724          -1.173          -1.706         -13.241          125.085
   26 (vir)    96         240.602          -2.262          -0.609         -17.917          255.647
 
 
  kpoint:      97             coordinate:     0.0136    0.4932    0.0000
 
    n           k   ϵ_nk^DFT (eV)     Σ^c_nk (eV)     Σ^x_nk (eV)    v_nk^xc (eV)   ϵ_nk^G0W0 (eV)
 
    1 (occ)    97         -18.324           7.277         -27.111         -17.393          -20.765
    2 (occ)    97         -12.650           4.727         -22.478         -15.455          -14.946
    3 (occ)    97          -7.969           3.589         -22.475         -17.303           -9.552
    4 (occ)    97          -4.581           2.546         -19.445         -15.783           -5.697
    5 (vir)    97           1.195          -3.346          -5.984         -11.219            3.083
    6 (vir)    97           6.114          -3.927          -6.645         -12.869            8.411
    7 (vir)    97          10.168          -3.224          -3.198          -8.544           12.290
    8 (vir)    97          12.487          -2.871          -3.122          -8.762           15.256
    9 (vir)    97          12.569          -2.617          -0.843          -5.404           14.512
   10 (vir)    97          18.003          -6.504          -6.199         -16.608           21.907
   11 (vir)    97          19.147          -5.173          -4.275         -12.737           22.436
   12 (vir)    97          21.983          -3.796          -4.156         -11.633           25.665
   13 (vir)    97          22.522          -5.599          -4.594         -13.637           25.966
   14 (vir)    97          29.406          -5.346          -4.462         -14.104           33.702
   15 (vir)    97          33.720          -4.173          -4.587         -13.581           38.540
   16 (vir)    97          34.652          -4.830          -2.847         -11.842           38.817
   17 (vir)    97          35.227          -4.580          -2.060         -10.428           39.014
   18 (vir)    97          45.931          -5.142          -3.455         -13.923           51.257
   19 (vir)    97          48.161          -1.949          -4.243         -14.097           56.066
   20 (vir)    97          53.591          -2.348          -4.742         -10.829           57.330
   21 (vir)    97          59.112          -4.331          -3.291         -14.299           65.789
   22 (vir)    97          64.438          -2.265          -4.512         -13.120           70.781
   23 (vir)    97          74.925          -2.320          -4.822         -14.289           82.072
   24 (vir)    97          81.172          -1.898          -2.968         -16.476           92.781
   25 (vir)    97         114.659          -1.217          -1.701         -13.258          124.999
   26 (vir)    97         240.564          -2.251          -0.582         -17.911          255.643
 
 
  kpoint:      98             coordinate:     0.0068    0.4966    0.0000
 
    n           k   ϵ_nk^DFT (eV)     Σ^c_nk (eV)     Σ^x_nk (eV)    v_nk^xc (eV)   ϵ_nk^G0W0 (eV)
 
    1 (occ)    98         -18.325           7.277         -27.111         -17.393          -20.766
    2 (occ)    98         -12.651           4.727         -22.478         -15.455          -14.947
    3 (occ)    98          -7.961           3.587         -22.477         -17.307           -9.543
    4 (occ)    98          -4.583           2.546         -19.444         -15.782           -5.699
    5 (vir)    98           1.194          -3.346          -5.984         -11.219            3.083
    6 (vir)    98           6.103          -3.925          -6.645         -12.866            8.399
    7 (vir)    98          10.168          -3.225          -3.196          -8.542           12.289
    8 (vir)    98          12.488          -2.873          -3.123          -8.768           15.261
    9 (vir)    98          12.568          -2.616          -0.842          -5.402           14.511
   10 (vir)    98          18.008          -6.509          -6.204         -16.620           21.916
   11 (vir)    98          19.212          -5.238          -4.273         -12.798           22.499
   12 (vir)    98          21.912          -3.733          -4.159         -11.574           25.594
   13 (vir)    98          22.546          -5.588          -4.588         -13.642           26.013
   14 (vir)    98          29.461          -5.361          -4.448         -14.102           33.754
   15 (vir)    98          33.746          -4.134          -4.812         -13.901           38.700
   16 (vir)    98          34.586          -4.757          -2.618         -11.514           38.725
   17 (vir)    98          35.214          -4.580          -2.059         -10.425           39.000
   18 (vir)    98          45.934          -5.146          -3.454         -13.925           51.259
   19 (vir)    98          48.324          -2.616          -4.270         -14.336           55.773
   20 (vir)    98          54.025          -2.486          -4.961         -11.152           57.730
   21 (vir)    98          59.112          -4.329          -3.293         -14.301           65.791
   22 (vir)    98          64.980          -2.359          -4.790         -12.893           70.724
   23 (vir)    98          75.463          -2.594          -5.519         -13.993           81.344
   24 (vir)    98          81.133          -1.860          -2.961         -16.476           92.788
   25 (vir)    98         114.614          -1.240          -1.695         -13.271          124.949
   26 (vir)    98         240.538          -2.242          -0.565         -17.907          255.638
 
 
  kpoint:      99             coordinate:     0.0000    0.5000    0.0000
 
    n           k   ϵ_nk^DFT (eV)     Σ^c_nk (eV)     Σ^x_nk (eV)    v_nk^xc (eV)   ϵ_nk^G0W0 (eV)
 
    1 (occ)    99         -18.326           7.277         -27.111         -17.393          -20.766
    2 (occ)    99         -12.652           4.727         -22.478         -15.455          -14.948
    3 (occ)    99          -7.958           3.587         -22.477         -17.309           -9.539
    4 (occ)    99          -4.583           2.546         -19.444         -15.781           -5.700
    5 (vir)    99           1.194          -3.345          -5.985         -11.218            3.083
    6 (vir)    99           6.099          -3.924          -6.645         -12.865            8.395
    7 (vir)    99          10.168          -3.226          -3.195          -8.542           12.289
    8 (vir)    99          12.489          -2.873          -3.123          -8.770           15.262
    9 (vir)    99          12.568          -2.616          -0.842          -5.401           14.511
   10 (vir)    99          18.010          -6.511          -6.205         -16.625           21.919
   11 (vir)    99          19.234          -5.261          -4.273         -12.821           22.521
   12 (vir)    99          21.888          -3.710          -4.160         -11.552           25.570
   13 (vir)    99          22.554          -5.583          -4.585         -13.643           26.029
   14 (vir)    99          29.480          -5.366          -4.443         -14.102           33.772
   15 (vir)    99          33.754          -4.123          -4.900         -14.026           38.757
   16 (vir)    99          34.563          -4.725          -2.528         -11.386           38.696
   17 (vir)    99          35.209          -4.580          -2.058         -10.425           38.995
   18 (vir)    99          45.935          -5.147          -3.454         -13.926           51.260
   19 (vir)    99          48.372          -3.033          -4.274         -14.401           55.467
   20 (vir)    99          54.170          -2.527          -5.026         -11.278           57.896
   21 (vir)    99          59.112          -4.328          -3.294         -14.302           65.792
   22 (vir)    99          65.172          -2.391          -4.879         -12.831           70.733
   23 (vir)    99          75.671          -2.707          -5.802         -13.876           81.039
   24 (vir)    99          81.119          -1.849          -2.958         -16.477           92.789
   25 (vir)    99         114.597          -1.247          -1.692         -13.276          124.933
   26 (vir)    99         240.528          -2.239          -0.559         -17.906          255.635
 
 
  kpoint:     100             coordinate:     0.0000    0.4898    0.0000
 
    n           k   ϵ_nk^DFT (eV)     Σ^c_nk (eV)     Σ^x_nk (eV)    v_nk^xc (eV)   ϵ_nk^G0W0 (eV)
 
    1 (occ)   100         -18.332           7.278         -27.108         -17.388          -20.773
    2 (occ)   100         -12.642           4.726         -22.480         -15.460          -14.937
    3 (occ)   100          -7.956           3.586         -22.477         -17.309           -9.537
    4 (occ)   100          -4.593           2.547         -19.432         -15.766           -5.711
    5 (vir)   100           1.208          -3.348          -5.997         -11.235            3.098
    6 (vir)   100           6.098          -3.923          -6.641         -12.859            8.393
    7 (vir)   100          10.150          -3.219          -3.205          -8.546           12.273
    8 (vir)   100          12.495          -2.619          -0.867          -5.434           14.442
    9 (vir)   100          12.506          -2.883          -3.129          -8.783           15.277
   10 (vir)   100          17.995          -6.504          -6.204         -16.620           21.907
   11 (vir)   100          19.283          -5.249          -4.241         -12.776           22.568
   12 (vir)   100          21.891          -3.710          -4.159         -11.553           25.574
   13 (vir)   100          22.546          -5.581          -4.587         -13.623           26.001
   14 (vir)   100          29.493          -5.382          -4.443         -14.110           33.778
   15 (vir)   100          33.772          -4.134          -4.894         -14.031           38.775
   16 (vir)   100          34.556          -4.956          -2.548         -11.383           38.435
   17 (vir)   100          35.339          -4.617          -2.087         -10.505           39.140
   18 (vir)   100          45.986          -5.122          -3.444         -13.899           51.319
   19 (vir)   100          48.394          -3.235          -4.261         -14.402           55.299
   20 (vir)   100          54.203          -2.307          -4.497         -11.302           58.701
   21 (vir)   100          59.085          -4.328          -3.294         -14.300           65.763
   22 (vir)   100          65.192          -2.206          -4.432         -12.824           71.378
   23 (vir)   100          75.691          -2.452          -5.207         -13.862           81.895
   24 (vir)   100          81.104          -1.931          -3.002         -16.477           92.648
   25 (vir)   100         114.587          -1.214          -1.726         -13.274          124.921
   26 (vir)   100         240.536          -2.257          -0.755         -17.906          255.430
 
 
  kpoint:     101             coordinate:     0.0000    0.4796    0.0000
 
    n           k   ϵ_nk^DFT (eV)     Σ^c_nk (eV)     Σ^x_nk (eV)    v_nk^xc (eV)   ϵ_nk^G0W0 (eV)
 
    1 (occ)   101         -18.349           7.280         -27.099         -17.375          -20.794
    2 (occ)   101         -12.614           4.721         -22.487         -15.476          -14.905
    3 (occ)   101          -7.949           3.584         -22.476         -17.311           -9.530
    4 (occ)   101          -4.623           2.550         -19.395         -15.723           -5.745
    5 (vir)   101           1.248          -3.355          -6.034         -11.282            3.142
    6 (vir)   101           6.095          -3.919          -6.630         -12.842            8.388
    7 (vir)   101          10.096          -3.201          -3.232          -8.561           12.224
    8 (vir)   101          12.291          -2.626          -0.933          -5.517           14.248
    9 (vir)   101          12.554          -2.911          -3.144          -8.821           15.319
   10 (vir)   101          17.948          -6.482          -6.202         -16.606           21.870
   11 (vir)   101          19.419          -5.218          -4.160         -12.658           22.699
   12 (vir)   101          21.903          -3.711          -4.158         -11.553           25.586
   13 (vir)   101          22.522          -5.569          -4.589         -13.563           25.928
   14 (vir)   101          29.531          -5.426          -4.439         -14.132           33.798
   15 (vir)   101          33.825          -4.163          -4.877         -14.045           38.830
   16 (vir)   101          34.536          -5.394          -2.599         -11.375           37.919
   17 (vir)   101          35.713          -4.728          -2.170         -10.742           39.557
   18 (vir)   101          46.140          -5.049          -3.414         -13.821           51.498
   19 (vir)   101          48.457          -3.817          -4.230         -14.402           54.812
   20 (vir)   101          54.301          -1.757          -3.116         -11.372           60.800
   21 (vir)   101          59.006          -4.329          -3.295         -14.295           65.677
   22 (vir)   101          65.255          -1.739          -3.237         -12.802           73.081
   23 (vir)   101          75.753          -1.793          -3.585         -13.820           84.195
   24 (vir)   101          81.060          -2.540          -3.116         -16.478           91.881
   25 (vir)   101         114.555          -0.986          -1.810         -13.270          125.029
   26 (vir)   101         240.559          -2.305          -1.250         -17.907          254.911
 
 
  kpoint:     102             coordinate:     0.0000    0.4694    0.0000
 
    n           k   ϵ_nk^DFT (eV)     Σ^c_nk (eV)     Σ^x_nk (eV)    v_nk^xc (eV)   ϵ_nk^G0W0 (eV)
 
    1 (occ)   102         -18.378           7.284         -27.086         -17.353          -20.827
    2 (occ)   102         -12.568           4.713         -22.497         -15.501          -14.851
    3 (occ)   102          -7.939           3.581         -22.474         -17.313           -9.518
    4 (occ)   102          -4.671           2.555         -19.339         -15.655           -5.801
    5 (vir)   102           1.313          -3.366          -6.090         -11.358            3.214
    6 (vir)   102           6.089          -3.913          -6.610         -12.812            8.379
    7 (vir)   102          10.012          -3.178          -3.272          -8.586           12.148
    8 (vir)   102          11.991          -2.633          -1.016          -5.615           13.957
    9 (vir)   102          12.629          -2.952          -3.172          -8.884           15.389
   10 (vir)   102          17.871          -6.449          -6.202         -16.584           21.803
   11 (vir)   102          19.610          -5.178          -4.054         -12.507           22.886
   12 (vir)   102          21.921          -3.713          -4.157         -11.554           25.606
   13 (vir)   102          22.485          -5.536          -4.583         -13.465           25.831
   14 (vir)   102          29.592          -5.488          -4.431         -14.166           33.839
   15 (vir)   102          33.912          -4.205          -4.854         -14.069           38.922
   16 (vir)   102          34.505          -5.592          -2.659         -11.364           37.618
   17 (vir)   102          36.281          -4.906          -2.303         -11.119           40.190
   18 (vir)   102          46.404          -4.931          -3.364         -13.695           51.805
   19 (vir)   102          48.561          -4.441          -4.191         -14.403           54.332
   20 (vir)   102          54.461          -1.053          -1.406         -11.490           63.492
   21 (vir)   102          58.874          -4.330          -3.297         -14.287           65.535
   22 (vir)   102          65.360          -1.205          -1.692         -12.768           75.230
   23 (vir)   102          75.859          -1.004          -1.388         -13.748           87.215
   24 (vir)   102          80.985          -8.701          -3.248         -16.479           85.516
   25 (vir)   102         114.503           7.648          -1.906         -13.263          133.509
   26 (vir)   102         240.597          -2.333          -1.813         -17.908          254.358
 
 
  kpoint:     103             coordinate:     0.0000    0.4592    0.0000
 
    n           k   ϵ_nk^DFT (eV)     Σ^c_nk (eV)     Σ^x_nk (eV)    v_nk^xc (eV)   ϵ_nk^G0W0 (eV)
 
    1 (occ)   103         -18.418           7.289         -27.069         -17.324          -20.874
    2 (occ)   103         -12.504           4.701         -22.510         -15.536          -14.777
    3 (occ)   103          -7.923           3.577         -22.472         -17.317           -9.502
    4 (occ)   103          -4.737           2.563         -19.268         -15.566           -5.876
    5 (vir)   103           1.402          -3.382          -6.162         -11.455            3.313
    6 (vir)   103           6.080          -3.904          -6.580         -12.770            8.366
    7 (vir)   103           9.904          -3.157          -3.322          -8.622           12.047
    8 (vir)   103          11.636          -2.637          -1.097          -5.705           13.606
    9 (vir)   103          12.725          -3.003          -3.210          -8.972           15.483
   10 (vir)   103          17.764          -6.408          -6.208         -16.554           21.702
   11 (vir)   103          19.827          -5.137          -3.944         -12.353           23.100
   12 (vir)   103          21.947          -3.715          -4.154         -11.556           25.634
   13 (vir)   103          22.437          -5.476          -4.559         -13.330           25.733
   14 (vir)   103          29.670          -5.556          -4.415         -14.205           33.904
   15 (vir)   103          34.032          -4.254          -4.830         -14.102           39.050
   16 (vir)   103          34.467          -5.572          -2.706         -11.352           37.541
   17 (vir)   103          36.971          -5.139          -2.476         -11.605           40.961
   18 (vir)   103          46.787          -4.778          -3.298         -13.534           52.245
   19 (vir)   103          48.702          -4.675          -4.158         -14.404           54.273
   20 (vir)   103          54.682          -0.839          -0.004         -11.654           65.493
   21 (vir)   103          58.692          -4.331          -3.299         -14.275           65.337
   22 (vir)   103          65.510          -0.712          -0.317         -12.724           77.205
   23 (vir)   103          76.013           0.101           0.751         -13.643           90.509
   24 (vir)   103          80.882          -7.455          -3.337         -16.481           86.570
   25 (vir)   103         114.432          -1.075          -1.968         -13.254          124.643
   26 (vir)   103         240.647          -1.587          -2.184         -17.910          254.785
 
 
  kpoint:     104             coordinate:     0.0000    0.4490    0.0000
 
    n           k   ϵ_nk^DFT (eV)     Σ^c_nk (eV)     Σ^x_nk (eV)    v_nk^xc (eV)   ϵ_nk^G0W0 (eV)
 
    1 (occ)   104         -18.468           7.296         -27.048         -17.289          -20.931
    2 (occ)   104         -12.424           4.687         -22.525         -15.578          -14.684
    3 (occ)   104          -7.904           3.572         -22.470         -17.321           -9.480
    4 (occ)   104          -4.818           2.574         -19.187         -15.463           -5.969
    5 (vir)   104           1.512          -3.403          -6.243         -11.569            3.434
    6 (vir)   104           6.069          -3.893          -6.540         -12.714            8.350
    7 (vir)   104           9.776          -3.140          -3.381          -8.672           11.928
    8 (vir)   104          11.259          -2.638          -1.168          -5.775           13.228
    9 (vir)   104          12.834          -3.062          -3.259          -9.086           15.599
   10 (vir)   104          17.631          -6.362          -6.222         -16.516           21.563
   11 (vir)   104          20.047          -5.099          -3.844         -12.214           23.319
   12 (vir)   104          21.981          -3.717          -4.151         -11.558           25.670
   13 (vir)   104          22.382          -5.390          -4.506         -13.162           25.648
   14 (vir)   104          29.760          -5.622          -4.387         -14.241           33.992
   15 (vir)   104          34.183          -4.303          -4.810         -14.142           39.213
   16 (vir)   104          34.428          -5.487          -2.730         -11.346           37.556
   17 (vir)   104          37.702          -5.404          -2.674         -12.155           41.779
   18 (vir)   104          47.290          -4.609          -3.221         -13.359           52.819
   19 (vir)   104          48.876          -4.719          -4.139         -14.404           54.423
   20 (vir)   104          54.959          -0.954           0.603         -11.865           66.473
   21 (vir)   104          58.459          -4.333          -3.301         -14.261           65.086
   22 (vir)   104          65.704          -0.840           0.422         -12.678           77.965
   23 (vir)   104          76.223          -0.339           2.180         -13.499           91.563
   24 (vir)   104          80.749          -8.886          -3.346         -16.482           84.999
   25 (vir)   104         114.344          -1.015          -1.970         -13.241          124.601
   26 (vir)   104         240.706          -2.427          -2.191         -17.912          254.000
 
 
  kpoint:     105             coordinate:     0.0000    0.4388    0.0000
 
    n           k   ϵ_nk^DFT (eV)     Σ^c_nk (eV)     Σ^x_nk (eV)    v_nk^xc (eV)   ϵ_nk^G0W0 (eV)
 
    1 (occ)   105         -18.527           7.305         -27.025         -17.249          -20.999
    2 (occ)   105         -12.328           4.669         -22.541         -15.627          -14.573
    3 (occ)   105          -7.881           3.566         -22.467         -17.327           -9.455
    4 (occ)   105          -4.913           2.589         -19.102         -15.349           -6.078
    5 (vir)   105           1.640          -3.428          -6.328         -11.692            3.576
    6 (vir)   105           6.055          -3.879          -6.488         -12.643            8.330
    7 (vir)   105           9.636          -3.127          -3.449          -8.737           11.796
    8 (vir)   105          10.882          -2.637          -1.225          -5.827           12.846
    9 (vir)   105          12.951          -3.130          -3.318          -9.227           15.731
   10 (vir)   105          17.471          -6.311          -6.246         -16.473           21.387
   11 (vir)   105          20.258          -5.065          -3.757         -12.096           23.531
   12 (vir)   105          22.022          -3.721          -4.148         -11.561           25.715
   13 (vir)   105          22.324          -5.275          -4.419         -12.961           25.592
   14 (vir)   105          29.855          -5.674          -4.342         -14.264           34.103
   15 (vir)   105          34.364          -4.347          -4.795         -14.187           39.409
   16 (vir)   105          34.393          -5.172          -2.737         -11.353           37.837
   17 (vir)   105          38.401          -5.667          -2.879         -12.711           42.565
   18 (vir)   105          47.903          -4.452          -3.148         -13.207           53.511
   19 (vir)   105          49.080          -4.565          -4.130         -14.403           54.788
   20 (vir)   105          55.287          -1.414           0.262         -12.120           66.254
   21 (vir)   105          58.180          -4.334          -3.305         -14.243           64.784
   22 (vir)   105          65.946          -1.269           0.281         -12.636           77.593
   23 (vir)   105          76.498          -1.008           2.401         -13.312           91.204
   24 (vir)   105          80.588          -5.527          -3.273         -16.485           88.273
   25 (vir)   105         114.239           9.065          -1.909         -13.226          134.622
   26 (vir)   105         240.770          -2.475          -1.834         -17.914          254.376
 
 
  kpoint:     106             coordinate:     0.0000    0.4286    0.0000
 
    n           k   ϵ_nk^DFT (eV)     Σ^c_nk (eV)     Σ^x_nk (eV)    v_nk^xc (eV)   ϵ_nk^G0W0 (eV)
 
    1 (occ)   106         -18.594           7.315         -27.001         -17.204          -21.076
    2 (occ)   106         -12.217           4.647         -22.557         -15.682          -14.445
    3 (occ)   106          -7.853           3.558         -22.463         -17.333           -9.424
    4 (occ)   106          -5.020           2.607         -19.017         -15.230           -6.200
    5 (vir)   106           1.785          -3.457          -6.412         -11.820            3.735
    6 (vir)   106           6.038          -3.863          -6.424         -12.555            8.305
    7 (vir)   106           9.486          -3.118          -3.529          -8.818           11.657
    8 (vir)   106          10.520          -2.637          -1.271          -5.864           12.476
    9 (vir)   106          13.071          -3.208          -3.387          -9.394           15.871
   10 (vir)   106          17.287          -6.254          -6.278         -16.425           21.180
   11 (vir)   106          20.455          -5.036          -3.686         -12.000           23.733
   12 (vir)   106          22.071          -3.724          -4.143         -11.564           25.767
   13 (vir)   106          22.268          -5.121          -4.298         -12.731           25.580
   14 (vir)   106          29.944          -5.698          -4.274         -14.263           34.235
   15 (vir)   106          34.371          -4.626          -2.746         -11.375           38.375
   16 (vir)   106          34.572          -4.381          -4.787         -14.242           39.646
   17 (vir)   106          39.016          -5.900          -3.072         -13.219           43.264
   18 (vir)   106          48.595          -4.332          -3.089         -13.109           54.284
   19 (vir)   106          49.307          -3.951          -4.121         -14.399           55.634
   20 (vir)   106          55.658          -1.959          -0.801         -12.415           65.313
   21 (vir)   106          57.855          -4.336          -3.309         -14.223           64.433
   22 (vir)   106          66.234          -1.821          -0.661         -12.610           76.362
   23 (vir)   106          76.853          -2.040           1.242         -13.075           89.129
   24 (vir)   106          80.399          -2.148          -3.156         -16.487           91.582
   25 (vir)   106         114.119          -0.992          -1.813         -13.209          124.524
   26 (vir)   106         240.836          -2.428          -1.283         -17.917          255.043
 
 
  kpoint:     107             coordinate:     0.0000    0.4184    0.0000
 
    n           k   ϵ_nk^DFT (eV)     Σ^c_nk (eV)     Σ^x_nk (eV)    v_nk^xc (eV)   ϵ_nk^G0W0 (eV)
 
    1 (occ)   107         -18.668           7.327         -26.977         -17.157          -21.161
    2 (occ)   107         -12.092           4.622         -22.573         -15.741          -14.302
    3 (occ)   107          -7.821           3.550         -22.459         -17.341           -9.389
    4 (occ)   107          -5.136           2.630         -18.936         -15.108           -6.333
    5 (vir)   107           1.943          -3.490          -6.491         -11.947            3.909
    6 (vir)   107           6.016          -3.842          -6.348         -12.448            8.275
    7 (vir)   107           9.330          -3.112          -3.622          -8.917           11.513
    8 (vir)   107          10.180          -2.639          -1.308          -5.892           12.125
    9 (vir)   107          13.189          -3.296          -3.471          -9.589           16.011
   10 (vir)   107          17.083          -6.192          -6.315         -16.372           20.948
   11 (vir)   107          20.641          -5.012          -3.628         -11.923           23.925
   12 (vir)   107          22.126          -3.729          -4.138         -11.567           25.827
   13 (vir)   107          22.218          -4.936          -4.156         -12.474           25.600
   14 (vir)   107          30.021          -5.696          -4.182         -14.226           34.370
   15 (vir)   107          34.370          -4.288          -2.785         -11.428           38.726
   16 (vir)   107          34.804          -4.421          -4.779         -14.300           39.905
   17 (vir)   107          39.527          -6.083          -3.239         -13.645           43.851
   18 (vir)   107          49.318          -4.262          -3.053         -13.082           55.085
   19 (vir)   107          49.551          -3.322          -4.099         -14.393           56.522
   20 (vir)   107          56.065          -2.329          -2.112         -12.743           64.367
   21 (vir)   107          57.488          -4.337          -3.314         -14.200           64.036
   22 (vir)   107          66.569          -2.230          -2.009         -12.612           74.942
   23 (vir)   107          77.303          -3.062          -1.037         -12.781           85.986
   24 (vir)   107          80.184          -1.868          -3.056         -16.488           91.748
   25 (vir)   107         113.985          -1.198          -1.719         -13.189          124.257
   26 (vir)   107         240.899          -2.345          -0.792         -17.921          255.683
 
 
  kpoint:     108             coordinate:     0.0000    0.4082    0.0000
 
    n           k   ϵ_nk^DFT (eV)     Σ^c_nk (eV)     Σ^x_nk (eV)    v_nk^xc (eV)   ϵ_nk^G0W0 (eV)
 
    1 (occ)   108         -18.748           7.340         -26.953         -17.109          -21.252
    2 (occ)   108         -11.955           4.594         -22.587         -15.803          -14.145
    3 (occ)   108          -7.785           3.540         -22.454         -17.349           -9.350
    4 (occ)   108          -5.260           2.657         -18.861         -14.988           -6.475
    5 (vir)   108           2.111          -3.524          -6.562         -12.069            4.093
    6 (vir)   108           5.991          -3.816          -6.258         -12.321            8.238
    7 (vir)   108           9.172          -3.109          -3.732          -9.037           11.368
    8 (vir)   108           9.864          -2.645          -1.337          -5.917           11.799
    9 (vir)   108          13.300          -3.391          -3.577          -9.812           16.144
   10 (vir)   108          16.858          -6.123          -6.354         -16.317           20.698
   11 (vir)   108          20.816          -4.991          -3.581         -11.863           24.107
   12 (vir)   108          22.180          -4.762          -4.010         -12.192           25.600
   13 (vir)   108          22.190          -3.733          -4.133         -11.571           25.895
   14 (vir)   108          30.077          -5.693          -4.069         -14.145           34.459
   15 (vir)   108          34.398          -4.392          -2.865         -11.517           38.658
   16 (vir)   108          35.059          -4.486          -4.765         -14.361           40.170
   17 (vir)   108          39.934          -6.212          -3.375         -13.979           44.326
   18 (vir)   108          49.808          -3.085          -4.058         -14.382           57.047
   19 (vir)   108          50.017          -4.243          -3.041         -13.122           55.855
   20 (vir)   108          56.498          -2.377          -3.174         -13.096           64.042
   21 (vir)   108          57.080          -4.339          -3.319         -14.174           63.597
   22 (vir)   108          66.945          -2.261          -3.214         -12.658           74.128
   23 (vir)   108          77.873          -3.521          -3.735         -12.426           83.043
   24 (vir)   108          79.943          -1.870          -3.026         -16.490           91.537
   25 (vir)   108         113.837          -1.250          -1.663         -13.166          124.090
   26 (vir)   108         240.955          -2.264          -0.581         -17.924          256.034
 
 
  kpoint:     109             coordinate:     0.0000    0.3980    0.0000
 
    n           k   ϵ_nk^DFT (eV)     Σ^c_nk (eV)     Σ^x_nk (eV)    v_nk^xc (eV)   ϵ_nk^G0W0 (eV)
 
    1 (occ)   109         -18.833           7.355         -26.930         -17.059          -21.349
    2 (occ)   109         -11.806           4.562         -22.599         -15.868          -13.975
    3 (occ)   109          -7.745           3.530         -22.449         -17.359           -9.306
    4 (occ)   109          -5.390           2.688         -18.793         -14.871           -6.624
    5 (vir)   109           2.288          -3.560          -6.624         -12.182            4.286
    6 (vir)   109           5.960          -3.785          -6.153         -12.170            8.194
    7 (vir)   109           9.014          -3.111          -3.858          -9.178           11.224
    8 (vir)   109           9.574          -2.656          -1.361          -5.943           11.499
    9 (vir)   109          13.401          -3.491          -3.708         -10.060           16.262
   10 (vir)   109          16.617          -6.049          -6.391         -16.259           20.436
   11 (vir)   109          20.984          -4.973          -3.544         -11.816           24.284
   12 (vir)   109          22.158          -4.647          -3.879         -11.890           25.522
   13 (vir)   109          22.260          -3.738          -4.126         -11.575           25.970
   14 (vir)   109          30.105          -5.737          -3.947         -14.015           34.435
   15 (vir)   109          34.461          -4.776          -2.981         -11.642           38.346
   16 (vir)   109          35.334          -4.594          -4.742         -14.426           40.423
   17 (vir)   109          40.248          -6.293          -3.484         -14.230           44.702
   18 (vir)   109          50.071          -3.274          -3.999         -14.368           57.166
   19 (vir)   109          50.645          -4.263          -3.049         -13.210           56.542
   20 (vir)   109          56.636          -4.341          -3.325         -14.147           63.117
   21 (vir)   109          56.947          -2.763          -3.687         -13.460           63.957
   22 (vir)   109          67.356          -2.097          -3.814         -12.760           74.204
   23 (vir)   109          78.589          -3.324          -5.846         -12.011           81.429
   24 (vir)   109          79.679          -2.046          -3.084         -16.491           91.041
   25 (vir)   109         113.675          -1.257          -1.661         -13.140          123.896
   26 (vir)   109         240.997          -2.222          -0.734         -17.928          255.969
 
 
  kpoint:     110             coordinate:     0.0000    0.3878    0.0000
 
    n           k   ϵ_nk^DFT (eV)     Σ^c_nk (eV)     Σ^x_nk (eV)    v_nk^xc (eV)   ϵ_nk^G0W0 (eV)
 
    1 (occ)   110         -18.923           7.372         -26.909         -17.010          -21.450
    2 (occ)   110         -11.647           4.527         -22.608         -15.934          -13.793
    3 (occ)   110          -7.701           3.518         -22.444         -17.370           -9.257
    4 (occ)   110          -5.525           2.721         -18.732         -14.757           -6.779
    5 (vir)   110           2.472          -3.595          -6.674         -12.282            4.485
    6 (vir)   110           5.924          -3.748          -6.031         -11.995            8.140
    7 (vir)   110           8.858          -3.118          -4.001          -9.343           11.082
    8 (vir)   110           9.308          -2.672          -1.383          -5.973           11.225
    9 (vir)   110          13.488          -3.597          -3.866         -10.333           16.358
   10 (vir)   110          16.360          -5.970          -6.426         -16.199           20.164
   11 (vir)   110          21.149          -4.957          -3.514         -11.781           24.458
   12 (vir)   110          22.158          -4.569          -3.772         -11.571           25.388
   13 (vir)   110          22.338          -3.744          -4.119         -11.580           26.054
   14 (vir)   110          30.101          -5.830          -3.825         -13.838           34.284
   15 (vir)   110          34.563          -5.099          -3.111         -11.800           38.153
   16 (vir)   110          35.625          -4.737          -4.708         -14.492           40.673
   17 (vir)   110          40.488          -6.337          -3.569         -14.414           44.996
   18 (vir)   110          50.334          -3.915          -3.929         -14.348           56.838
   19 (vir)   110          51.165          -4.312          -3.070         -13.324           57.107
   20 (vir)   110          56.159          -4.342          -3.332         -14.117           62.602
   21 (vir)   110          57.404          -1.818          -3.642         -13.821           65.765
   22 (vir)   110          67.790          -1.232          -3.659         -12.923           75.821
   23 (vir)   110          79.394          -3.089          -3.209         -16.491           89.587
   24 (vir)   110          79.484          -0.997          -6.354         -11.545           83.679
   25 (vir)   110         113.496          -1.156          -1.708         -13.112          123.745
   26 (vir)   110         241.020          -2.248          -1.163         -17.932          255.542
 
 
  kpoint:     111             coordinate:     0.0000    0.3776    0.0000
 
    n           k   ϵ_nk^DFT (eV)     Σ^c_nk (eV)     Σ^x_nk (eV)    v_nk^xc (eV)   ϵ_nk^G0W0 (eV)
 
    1 (occ)   111         -19.015           7.390         -26.890         -16.961          -21.555
    2 (occ)   111         -11.478           4.490         -22.615         -16.002          -13.601
    3 (occ)   111          -7.653           3.505         -22.438         -17.381           -9.205
    4 (occ)   111          -5.664           2.757         -18.680         -14.649           -6.938
    5 (vir)   111           2.660          -3.628          -6.712         -12.368            4.687
    6 (vir)   111           5.881          -3.704          -5.892         -11.792            8.077
    7 (vir)   111           8.705          -3.133          -4.160          -9.534           10.947
    8 (vir)   111           9.065          -2.695          -1.405          -6.012           10.977
    9 (vir)   111          13.558          -3.705          -4.042         -10.625           16.437
   10 (vir)   111          16.091          -5.889          -6.459         -16.139           19.882
   11 (vir)   111          21.312          -4.944          -3.491         -11.756           24.633
   12 (vir)   111          22.183          -4.438          -3.687         -11.242           25.300
   13 (vir)   111          22.423          -3.750          -4.112         -11.585           26.145
   14 (vir)   111          30.066          -5.889          -3.711         -13.623           34.088
   15 (vir)   111          34.705          -5.235          -3.229         -11.981           38.222
   16 (vir)   111          35.931          -4.883          -4.665         -14.561           40.944
   17 (vir)   111          40.666          -6.351          -3.638         -14.548           45.225
   18 (vir)   111          50.592          -4.769          -3.861         -14.323           56.285
   19 (vir)   111          51.557          -4.377          -3.096         -13.445           57.529
   20 (vir)   111          55.651          -4.344          -3.339         -14.086           62.054
   21 (vir)   111          57.860          -1.360          -3.256         -14.167           67.411
   22 (vir)   111          68.234          -0.590          -2.977         -13.143           77.810
   23 (vir)   111          79.090          -8.610          -3.346         -16.493           83.626
   24 (vir)   111          80.594           1.759          -4.648         -11.044           88.749
   25 (vir)   111         113.297           2.074          -1.776         -13.081          126.676
   26 (vir)   111         241.020          -2.317          -1.654         -17.936          254.985
 
 
  kpoint:     112             coordinate:     0.0000    0.3673    0.0000
 
    n           k   ϵ_nk^DFT (eV)     Σ^c_nk (eV)     Σ^x_nk (eV)    v_nk^xc (eV)   ϵ_nk^G0W0 (eV)
 
    1 (occ)   112         -19.111           7.409         -26.872         -16.912          -21.662
    2 (occ)   112         -11.301           4.449         -22.619         -16.071          -13.400
    3 (occ)   112          -7.601           3.491         -22.433         -17.394           -9.148
    4 (occ)   112          -5.805           2.796         -18.636         -14.546           -7.100
    5 (vir)   112           2.849          -3.657          -6.737         -12.434            4.889
    6 (vir)   112           5.831          -3.654          -5.735         -11.561            8.003
    7 (vir)   112           8.559          -3.156          -4.335          -9.752           10.820
    8 (vir)   112           8.844          -2.727          -1.428          -6.064           10.753
    9 (vir)   112          13.608          -3.814          -4.226         -10.932           16.500
   10 (vir)   112          15.810          -5.809          -6.493         -16.077           19.587
   11 (vir)   112          21.476          -4.931          -3.473         -11.737           24.809
   12 (vir)   112          22.240          -4.245          -3.604         -10.911           25.301
   13 (vir)   112          22.515          -3.757          -4.103         -11.590           26.245
   14 (vir)   112          30.001          -5.864          -3.599         -13.381           33.919
   15 (vir)   112          34.886          -5.272          -3.321         -12.171           38.464
   16 (vir)   112          36.250          -5.008          -4.618         -14.630           41.253
   17 (vir)   112          40.796          -6.345          -3.693         -14.643           45.401
   18 (vir)   112          50.839          -5.211          -3.802         -14.291           56.117
   19 (vir)   112          51.816          -4.453          -3.123         -13.561           57.802
   20 (vir)   112          55.116          -4.345          -3.347         -14.053           61.476
   21 (vir)   112          58.310          -1.225          -2.815         -14.484           68.753
   22 (vir)   112          68.672          -0.331          -2.200         -13.406           79.547
   23 (vir)   112          78.769          -7.162          -3.439         -16.493           84.660
   24 (vir)   112          81.955           4.477          -0.880         -10.541           96.092
   25 (vir)   112         113.076          -1.241          -1.832         -13.047          123.050
   26 (vir)   112         240.992          -2.421          -1.975         -17.940          254.535
 
 
  kpoint:     113             coordinate:     0.0000    0.3571    0.0000
 
    n           k   ϵ_nk^DFT (eV)     Σ^c_nk (eV)     Σ^x_nk (eV)    v_nk^xc (eV)   ϵ_nk^G0W0 (eV)
 
    1 (occ)   113         -19.208           7.429         -26.857         -16.865          -21.770
    2 (occ)   113         -11.117           4.406         -22.620         -16.141          -13.190
    3 (occ)   113          -7.546           3.477         -22.426         -17.408           -9.087
    4 (occ)   113          -5.948           2.836         -18.599         -14.448           -7.263
    5 (vir)   113           3.038          -3.680          -6.746         -12.477            5.089
    6 (vir)   113           5.773          -3.598          -5.560         -11.302            7.918
    7 (vir)   113           8.420          -3.188          -4.524          -9.996           10.704
    8 (vir)   113           8.645          -2.768          -1.456          -6.133           10.554
    9 (vir)   113          13.635          -3.924          -4.409         -11.246           16.548
   10 (vir)   113          15.521          -5.731          -6.528         -16.016           19.278
   11 (vir)   113          21.643          -4.920          -3.459         -11.724           24.989
   12 (vir)   113          22.331          -4.103          -3.492         -10.587           25.323
   13 (vir)   113          22.614          -3.764          -4.095         -11.596           26.351
   14 (vir)   113          29.911          -5.813          -3.475         -13.122           33.745
   15 (vir)   113          35.103          -5.258          -3.384         -12.357           38.818
   16 (vir)   113          36.578          -5.102          -4.573         -14.699           41.602
   17 (vir)   113          40.886          -6.323          -3.740         -14.711           45.535
   18 (vir)   113          51.072          -5.315          -3.755         -14.253           56.255
   19 (vir)   113          51.947          -4.534          -3.147         -13.665           57.930
   20 (vir)   113          54.557          -4.346          -3.356         -14.018           60.874
   21 (vir)   113          58.748          -1.341          -2.526         -14.764           69.646
   22 (vir)   113          69.090          -0.453          -1.698         -13.689           80.627
   23 (vir)   113          78.435          -7.995          -3.453         -16.493           83.480
   24 (vir)   113          83.598           6.081           3.973         -10.064          103.716
   25 (vir)   113         112.827          -1.203          -1.845         -13.011          122.789
   26 (vir)   113         240.929          -2.476          -1.983         -17.944          254.414
 
 
  kpoint:     114             coordinate:     0.0000    0.3469    0.0000
 
    n           k   ϵ_nk^DFT (eV)     Σ^c_nk (eV)     Σ^x_nk (eV)    v_nk^xc (eV)   ϵ_nk^G0W0 (eV)
 
    1 (occ)   114         -19.306           7.450         -26.844         -16.820          -21.880
    2 (occ)   114         -10.925           4.360         -22.619         -16.210          -12.973
    3 (occ)   114          -7.487           3.461         -22.420         -17.423           -9.023
    4 (occ)   114          -6.091           2.877         -18.569         -14.355           -7.427
    5 (vir)   114           3.225          -3.696          -6.738         -12.492            5.283
    6 (vir)   114           5.706          -3.535          -5.369         -11.018            7.820
    7 (vir)   114           8.290          -3.228          -4.725         -10.264           10.600
    8 (vir)   114           8.465          -2.820          -1.492          -6.226           10.379
    9 (vir)   114          13.638          -4.036          -4.583         -11.559           16.578
   10 (vir)   114          15.223          -5.655          -6.566         -15.955           18.957
   11 (vir)   114          21.814          -4.909          -3.448         -11.716           25.174
   12 (vir)   114          22.461          -4.053          -3.325         -10.283           25.366
   13 (vir)   114          22.720          -3.771          -4.085         -11.601           26.466
   14 (vir)   114          29.803          -5.731          -3.331         -12.853           33.594
   15 (vir)   114          35.350          -5.172          -3.426         -12.531           39.283
   16 (vir)   114          36.914          -5.140          -4.535         -14.769           42.007
   17 (vir)   114          40.945          -6.289          -3.780         -14.759           45.635
   18 (vir)   114          51.286          -5.295          -3.715         -14.209           56.484
   19 (vir)   114          51.960          -4.617          -3.168         -13.752           57.926
   20 (vir)   114          53.978          -4.347          -3.365         -13.983           60.249
   21 (vir)   114          59.173          -6.078          -2.453         -15.004           65.645
   22 (vir)   114          69.478          -0.947          -1.594         -13.967           80.903
   23 (vir)   114          78.090          -8.438          -3.395         -16.493           82.750
   24 (vir)   114          85.553           9.507           8.487          -9.643          113.190
   25 (vir)   114         112.543          -0.703          -1.800         -12.972          123.012
   26 (vir)   114         240.828          -2.499          -1.687         -17.948          254.589
 
 
  kpoint:     115             coordinate:     0.0000    0.3367    0.0000
 
    n           k   ϵ_nk^DFT (eV)     Σ^c_nk (eV)     Σ^x_nk (eV)    v_nk^xc (eV)   ϵ_nk^G0W0 (eV)
 
    1 (occ)   115         -19.405           7.472         -26.833         -16.776          -21.990
    2 (occ)   115         -10.727           4.313         -22.615         -16.281          -12.749
    3 (occ)   115          -7.424           3.445         -22.414         -17.440           -8.954
    4 (occ)   115          -6.234           2.920         -18.545         -14.268           -7.591
    5 (vir)   115           3.407          -3.700          -6.712         -12.473            5.469
    6 (vir)   115           5.628          -3.465          -5.166         -10.711            7.709
    7 (vir)   115           8.171          -3.275          -4.936         -10.551           10.511
    8 (vir)   115           8.306          -2.886          -1.540          -6.348           10.228
    9 (vir)   115          13.616          -4.145          -4.750         -11.863           16.584
   10 (vir)   115          14.920          -5.581          -6.606         -15.894           18.627
   11 (vir)   115          21.990          -4.898          -3.439         -11.712           25.365
   12 (vir)   115          22.631          -3.775          -3.096         -10.010           25.771
   13 (vir)   115          22.834          -3.779          -4.075         -11.608           26.587
   14 (vir)   115          29.685          -5.366          -3.165         -12.577           33.730
   15 (vir)   115          35.623          -4.989          -3.452         -12.684           39.866
   16 (vir)   115          37.255          -5.098          -4.505         -14.838           42.490
   17 (vir)   115          40.976          -6.244          -3.816         -14.790           45.706
   18 (vir)   115          51.478          -4.832          -3.674         -14.158           57.131
   19 (vir)   115          51.870          -4.701          -3.185         -13.823           57.807
   20 (vir)   115          53.381          -4.347          -3.375         -13.947           59.606
   21 (vir)   115          59.584          -1.684          -2.549         -15.204           70.556
   22 (vir)   115          69.830          -1.128          -1.786         -14.224           81.140
   23 (vir)   115          77.739          -2.774          -3.304         -16.494           88.155
   24 (vir)   115          87.841           3.457          11.486          -9.296          112.079
   25 (vir)   115         112.218          -0.811          -1.704         -12.930          122.633
   26 (vir)   115         240.684          -2.464          -1.237         -17.951          254.934
 
 
  kpoint:     116             coordinate:     0.0000    0.3265    0.0000
 
    n           k   ϵ_nk^DFT (eV)     Σ^c_nk (eV)     Σ^x_nk (eV)    v_nk^xc (eV)   ϵ_nk^G0W0 (eV)
 
    1 (occ)   116         -19.504           7.495         -26.825         -16.734          -22.100
    2 (occ)   116         -10.524           4.263         -22.609         -16.351          -12.520
    3 (occ)   116          -7.359           3.427         -22.407         -17.457           -8.882
    4 (occ)   116          -6.376           2.963         -18.526         -14.186           -7.753
    5 (vir)   116           3.582          -3.690          -6.662         -12.413            5.643
    6 (vir)   116           5.541          -3.391          -4.954         -10.390            7.585
    7 (vir)   116           8.063          -3.326          -5.152         -10.851           10.436
    8 (vir)   116           8.168          -2.968          -1.603          -6.507           10.103
    9 (vir)   116          13.568          -4.245          -4.917         -12.151           16.557
   10 (vir)   116          14.612          -5.508          -6.648         -15.833           18.290
   11 (vir)   116          22.172          -4.888          -3.432         -11.710           25.562
   12 (vir)   116          22.844          -2.899          -2.837          -9.784           26.892
   13 (vir)   116          22.954          -3.787          -4.064         -11.614           26.717
   14 (vir)   116          29.564          -4.528          -2.990         -12.291           34.337
   15 (vir)   116          35.918          -4.730          -3.467         -12.814           40.536
   16 (vir)   116          37.599          -5.018          -4.478         -14.907           43.009
   17 (vir)   116          40.984          -6.191          -3.848         -14.810           45.755
   18 (vir)   116          51.647          -4.010          -3.623         -14.102           58.116
   19 (vir)   116          51.694          -4.784          -3.197         -13.877           57.589
   20 (vir)   116          52.770          -4.347          -3.386         -13.910           58.948
   21 (vir)   116          59.984          -1.865          -2.717         -15.366           70.768
   22 (vir)   116          70.146          -1.378          -2.083         -14.449           81.133
   23 (vir)   116          77.384          -2.061          -3.234         -16.494           88.582
   24 (vir)   116          90.476           0.290          12.638          -9.032          112.437
   25 (vir)   116         111.845          -1.143          -1.588         -12.887          122.001
   26 (vir)   116         240.494          -2.371          -0.840         -17.955          255.238
 
 
  kpoint:     117             coordinate:     0.0000    0.3163    0.0000
 
    n           k   ϵ_nk^DFT (eV)     Σ^c_nk (eV)     Σ^x_nk (eV)    v_nk^xc (eV)   ϵ_nk^G0W0 (eV)
 
    1 (occ)   117         -19.603           7.518         -26.818         -16.694          -22.208
    2 (occ)   117         -10.316           4.211         -22.601         -16.421          -12.285
    3 (occ)   117          -7.290           3.409         -22.401         -17.475           -8.806
    4 (occ)   117          -6.517           3.006         -18.511         -14.109           -7.914
    5 (vir)   117           3.746          -3.664          -6.586         -12.305            5.802
    6 (vir)   117           5.442          -3.312          -4.741         -10.060            7.449
    7 (vir)   117           7.967          -3.381          -5.368         -11.157           10.374
    8 (vir)   117           8.050          -3.068          -1.686          -6.710           10.006
    9 (vir)   117          13.495          -4.336          -5.089         -12.416           16.487
   10 (vir)   117          14.301          -5.435          -6.690         -15.773           17.950
   11 (vir)   117          22.360          -4.877          -3.426         -11.710           25.767
   12 (vir)   117          23.081          -3.796          -4.052         -11.621           26.853
   13 (vir)   117          23.099          -2.216          -2.615          -9.617           27.885
   14 (vir)   117          29.451          -3.697          -2.827         -11.992           34.919
   15 (vir)   117          36.233          -4.484          -3.469         -12.918           41.199
   16 (vir)   117          37.944          -5.004          -4.452         -14.975           43.462
   17 (vir)   117          40.973          -6.131          -3.879         -14.820           45.782
   18 (vir)   117          51.447          -4.868          -3.205         -13.917           57.292
   19 (vir)   117          51.791          -3.422          -3.558         -14.040           58.850
   20 (vir)   117          52.148          -4.346          -3.397         -13.872           58.278
   21 (vir)   117          60.374          -1.946          -2.881         -15.495           71.042
   22 (vir)   117          70.426          -1.472          -2.335         -14.639           81.257
   23 (vir)   117          77.028          -1.993          -3.225         -16.495           88.305
   24 (vir)   117          93.469          -2.347          12.597          -8.851          112.570
   25 (vir)   117         111.416          -1.204          -1.493         -12.842          121.561
   26 (vir)   117         240.255          -2.281          -0.659         -17.958          255.273
 
 
  kpoint:     118             coordinate:     0.0000    0.3061    0.0000
 
    n           k   ϵ_nk^DFT (eV)     Σ^c_nk (eV)     Σ^x_nk (eV)    v_nk^xc (eV)   ϵ_nk^G0W0 (eV)
 
    1 (occ)   118         -19.701           7.541         -26.812         -16.656          -22.316
    2 (occ)   118         -10.104           4.158         -22.591         -16.491          -12.046
    3 (occ)   118          -7.217           3.390         -22.395         -17.495           -8.727
    4 (occ)   118          -6.657           3.048         -18.501         -14.037           -8.073
    5 (vir)   118           3.898          -3.618          -6.480         -12.142            5.942
    6 (vir)   118           5.334          -3.232          -4.530          -9.731            7.302
    7 (vir)   118           7.883          -3.438          -5.581         -11.459           10.323
    8 (vir)   118           7.955          -3.188          -1.794          -6.965            9.937
    9 (vir)   118          13.398          -4.417          -5.267         -12.655           16.369
   10 (vir)   118          13.988          -5.361          -6.732         -15.714           17.609
   11 (vir)   118          22.554          -4.866          -3.422         -11.712           25.979
   12 (vir)   118          23.214          -3.804          -4.040         -11.627           26.997
   13 (vir)   118          23.395          -2.102          -2.509          -9.525           28.310
   14 (vir)   118          29.356          -3.380          -2.699         -11.671           34.948
   15 (vir)   118          36.565          -4.403          -3.457         -12.994           41.698
   16 (vir)   118          38.288          -5.137          -4.422         -15.041           43.771
   17 (vir)   118          40.943          -6.063          -3.909         -14.821           45.792
   18 (vir)   118          51.145          -4.952          -3.209         -13.946           56.931
   19 (vir)   118          51.517          -4.345          -3.408         -13.835           57.599
   20 (vir)   118          51.909          -3.244          -3.481         -13.974           59.157
   21 (vir)   118          60.758          -1.984          -3.001         -15.595           71.368
   22 (vir)   118          70.674          -1.460          -2.485         -14.796           81.524
   23 (vir)   118          76.675          -2.167          -3.285         -16.496           87.719
   24 (vir)   118          96.825          -2.996          12.602          -8.747          115.179
   25 (vir)   118         110.924          -1.251          -1.459         -12.796          121.010
   26 (vir)   118         239.964          -2.242          -0.741         -17.961          254.943
 
 
  kpoint:     119             coordinate:     0.0000    0.2959    0.0000
 
    n           k   ϵ_nk^DFT (eV)     Σ^c_nk (eV)     Σ^x_nk (eV)    v_nk^xc (eV)   ϵ_nk^G0W0 (eV)
 
    1 (occ)   119         -19.798           7.565         -26.809         -16.619          -22.422
    2 (occ)   119          -9.889           4.103         -22.579         -16.562          -11.804
    3 (occ)   119          -7.142           3.371         -22.389         -17.516           -8.645
    4 (occ)   119          -6.794           3.091         -18.495         -13.969           -8.229
    5 (vir)   119           4.035          -3.553          -6.340         -11.918            6.061
    6 (vir)   119           5.215          -3.152          -4.328          -9.409            7.144
    7 (vir)   119           7.811          -3.494          -5.784         -11.750           10.283
    8 (vir)   119           7.883          -3.330          -1.933          -7.278            9.897
    9 (vir)   119          13.278          -4.487          -5.445         -12.865           16.211
   10 (vir)   119          13.674          -5.288          -6.773         -15.655           17.269
   11 (vir)   119          22.755          -4.854          -3.418         -11.715           26.197
   12 (vir)   119          23.354          -3.813          -4.028         -11.634           27.148
   13 (vir)   119          23.726          -2.643          -2.569          -9.525           28.039
   14 (vir)   119          29.293          -3.883          -2.626         -11.318           34.101
   15 (vir)   119          36.912          -4.666          -3.437         -13.040           41.850
   16 (vir)   119          38.630          -5.407          -4.385         -15.107           43.945
   17 (vir)   119          40.898          -5.990          -3.938         -14.815           45.785
   18 (vir)   119          50.800          -5.036          -3.210         -13.966           56.520
   19 (vir)   119          50.880          -4.343          -3.420         -13.797           56.914
   20 (vir)   119          52.002          -3.489          -3.397         -13.903           59.019
   21 (vir)   119          61.138          -2.671          -3.077         -15.673           71.062
   22 (vir)   119          70.893          -1.498          -2.545         -14.923           81.773
   23 (vir)   119          76.327          -2.939          -3.391         -16.497           86.494
   24 (vir)   119         100.545          -0.848          13.753          -8.712          122.163
   25 (vir)   119         110.362          -1.280          -1.500         -12.749          120.331
   26 (vir)   119         239.622          -2.273          -1.003         -17.964          254.310
 
 
  kpoint:     120             coordinate:     0.0000    0.2857    0.0000
 
    n           k   ϵ_nk^DFT (eV)     Σ^c_nk (eV)     Σ^x_nk (eV)    v_nk^xc (eV)   ϵ_nk^G0W0 (eV)
 
    1 (occ)   120         -19.894           7.589         -26.807         -16.585          -22.527
    2 (occ)   120          -9.671           4.047         -22.566         -16.632          -11.558
    3 (occ)   120          -7.065           3.350         -22.383         -17.538           -8.560
    4 (occ)   120          -6.928           3.133         -18.491         -13.905           -8.382
    5 (vir)   120           4.154          -3.466          -6.162         -11.630            6.155
    6 (vir)   120           5.086          -3.073          -4.137          -9.101            6.978
    7 (vir)   120           7.751          -3.549          -5.974         -12.025           10.252
    8 (vir)   120           7.835          -3.494          -2.104          -7.651            9.889
    9 (vir)   120          13.138          -4.541          -5.611         -13.045           16.031
   10 (vir)   120          13.361          -5.215          -6.812         -15.597           16.930
   11 (vir)   120          22.962          -4.842          -3.416         -11.719           26.423
   12 (vir)   120          23.501          -3.823          -4.014         -11.641           27.305
   13 (vir)   120          24.081          -3.635          -2.779          -9.633           27.300
   14 (vir)   120          29.282          -4.885          -2.612         -10.922           32.707
   15 (vir)   120          37.277          -5.343          -3.421         -13.055           41.568
   16 (vir)   120          38.968          -5.710          -4.345         -15.171           44.083
   17 (vir)   120          40.839          -5.912          -3.966         -14.802           45.764
   18 (vir)   120          50.240          -4.340          -3.434         -13.759           56.225
   19 (vir)   120          50.423          -5.124          -3.207         -13.979           56.072
   20 (vir)   120          52.071          -4.373          -3.314         -13.830           58.214
   21 (vir)   120          61.517          -5.713          -3.127         -15.732           68.409
   22 (vir)   120          71.088          -1.794          -2.556         -15.025           81.762
   23 (vir)   120          75.988          -6.341          -3.504         -16.499           82.642
   24 (vir)   120         104.624           3.454          16.361          -8.737          133.175
   25 (vir)   120         109.724          -0.164          -1.598         -12.703          120.664
   26 (vir)   120         239.229          -2.355          -1.290         -17.966          253.550
 
 
  kpoint:     121             coordinate:     0.0000    0.2755    0.0000
 
    n           k   ϵ_nk^DFT (eV)     Σ^c_nk (eV)     Σ^x_nk (eV)    v_nk^xc (eV)   ϵ_nk^G0W0 (eV)
 
    1 (occ)   121         -19.988           7.613         -26.807         -16.553          -22.629
    2 (occ)   121          -9.450           3.990         -22.552         -16.703          -11.310
    3 (occ)   121          -7.060           3.175         -18.490         -13.844           -8.531
    4 (occ)   121          -6.985           3.329         -22.378         -17.561           -8.472
    5 (vir)   121           4.253          -3.362          -5.950         -11.282            6.224
    6 (vir)   121           4.949          -2.997          -3.960          -8.811            6.803
    7 (vir)   121           7.701          -3.602          -6.147         -12.278           10.231
    8 (vir)   121           7.814          -3.677          -2.308          -8.082            9.912
    9 (vir)   121          12.979          -4.576          -5.753         -13.197           15.847
   10 (vir)   121          13.048          -5.143          -6.852         -15.539           16.592
   11 (vir)   121          23.175          -4.829          -3.413         -11.723           26.656
   12 (vir)   121          23.654          -3.832          -4.000         -11.648           27.470
   13 (vir)   121          24.444          -3.042          -3.042          -9.858           28.219
   14 (vir)   121          29.348          -2.921          -2.638         -10.481           34.270
   15 (vir)   121          37.661          -5.610          -3.416         -13.034           41.668
   16 (vir)   121          39.299          -5.943          -4.305         -15.233           44.283
   17 (vir)   121          40.768          -5.830          -3.993         -14.784           45.729
   18 (vir)   121          49.598          -4.337          -3.447         -13.722           55.536
   19 (vir)   121          50.024          -5.213          -3.201         -13.987           55.597
   20 (vir)   121          52.118          -5.767          -3.241         -13.754           56.865
   21 (vir)   121          61.898          -3.165          -3.166         -15.776           71.344
   22 (vir)   121          71.261          -1.530          -2.554         -15.106           82.283
   23 (vir)   121          75.659          -8.788          -3.584         -16.500           79.788
   24 (vir)   121         109.002          -1.071          -0.835         -12.571          119.668
   25 (vir)   121         109.052           8.827          18.848          -8.903          145.629
   26 (vir)   121         238.787          -2.396          -1.461         -17.968          252.898
 
 
  kpoint:     122             coordinate:     0.0000    0.2653    0.0000
 
    n           k   ϵ_nk^DFT (eV)     Σ^c_nk (eV)     Σ^x_nk (eV)    v_nk^xc (eV)   ϵ_nk^G0W0 (eV)
 
    1 (occ)   122         -20.080           7.637         -26.809         -16.522          -22.729
    2 (occ)   122          -9.228           3.932         -22.538         -16.774          -11.060
    3 (occ)   122          -7.188           3.215         -18.492         -13.788           -8.677
    4 (occ)   122          -6.902           3.308         -22.373         -17.586           -8.381
    5 (vir)   122           4.331          -3.243          -5.706         -10.885            6.266
    6 (vir)   122           4.805          -2.924          -3.799          -8.540            6.622
    7 (vir)   122           7.662          -3.651          -6.299         -12.507           10.219
    8 (vir)   122           7.819          -3.875          -2.540          -8.560            9.965
    9 (vir)   122          12.737          -5.074          -6.891         -15.481           16.254
   10 (vir)   122          12.805          -4.595          -5.865         -13.322           15.667
   11 (vir)   122          23.394          -4.814          -3.412         -11.727           26.895
   12 (vir)   122          23.813          -3.842          -3.985         -11.655           27.641
   13 (vir)   122          24.790          -2.679          -3.225         -10.187           29.074
   14 (vir)   122          29.524          -2.037          -2.642         -10.016           34.861
   15 (vir)   122          38.069          -4.391          -3.417         -12.972           43.233
   16 (vir)   122          39.623          -6.091          -4.270         -15.293           44.555
   17 (vir)   122          40.685          -5.744          -4.019         -14.759           45.681
   18 (vir)   122          48.957          -4.333          -3.462         -13.685           54.848
   19 (vir)   122          49.610          -5.305          -3.194         -13.992           55.103
   20 (vir)   122          52.145          -5.414          -3.182         -13.678           57.227
   21 (vir)   122          62.284          -4.111          -3.204         -15.810           70.779
   22 (vir)   122          71.418          -1.616          -2.557         -15.170           82.414
   23 (vir)   122          75.344          -8.862          -3.616         -16.502           79.368
   24 (vir)   122         108.196          -1.302          -1.750         -12.616          117.760
   25 (vir)   122         113.807          -4.515          22.450          -8.939          140.682
   26 (vir)   122         238.303          -2.491          -1.453         -17.970          252.329
 
 
  kpoint:     123             coordinate:     0.0000    0.2551    0.0000
 
    n           k   ϵ_nk^DFT (eV)     Σ^c_nk (eV)     Σ^x_nk (eV)    v_nk^xc (eV)   ϵ_nk^G0W0 (eV)
 
    1 (occ)   123         -20.170           7.661         -26.812         -16.494          -22.827
    2 (occ)   123          -9.005           3.874         -22.522         -16.845          -10.809
    3 (occ)   123          -7.313           3.255         -18.495         -13.735           -8.819
    4 (occ)   123          -6.818           3.286         -22.369         -17.612           -8.289
    5 (vir)   123           4.387          -3.117          -5.440         -10.455            6.284
    6 (vir)   123           4.654          -2.853          -3.653          -8.289            6.437
    7 (vir)   123           7.631          -3.696          -6.431         -12.713           10.218
    8 (vir)   123           7.849          -4.081          -2.791          -9.068           10.045
    9 (vir)   123          12.430          -5.007          -6.930         -15.425           15.918
   10 (vir)   123          12.617          -4.602          -5.947         -13.422           15.490
   11 (vir)   123          23.617          -4.799          -3.410         -11.732           27.140
   12 (vir)   123          23.978          -3.852          -3.970         -11.663           27.818
   13 (vir)   123          25.089          -2.799          -3.246         -10.569           29.613
   14 (vir)   123          29.848          -1.619          -2.515          -9.590           35.303
   15 (vir)   123          38.510          -3.218          -3.388         -12.860           44.764
   16 (vir)   123          39.938          -6.167          -4.241         -15.351           44.881
   17 (vir)   123          40.592          -5.656          -4.044         -14.730           45.622
   18 (vir)   123          48.320          -4.328          -3.477         -13.649           54.163
   19 (vir)   123          49.187          -5.400          -3.186         -13.997           54.599
   20 (vir)   123          52.155          -3.988          -3.138         -13.600           58.629
   21 (vir)   123          62.676          -8.857          -3.243         -15.836           66.412
   22 (vir)   123          71.560          -2.819          -2.567         -15.220           81.394
   23 (vir)   123          75.045          -8.365          -3.606         -16.502           79.576
   24 (vir)   123         107.298          -1.231          -1.711         -12.577          116.933
   25 (vir)   123         118.865          -4.772          23.326          -9.101          146.521
   26 (vir)   123         237.784          -2.458          -1.310         -17.972          251.988
 
 
  kpoint:     124             coordinate:     0.0000    0.2449    0.0000
 
    n           k   ϵ_nk^DFT (eV)     Σ^c_nk (eV)     Σ^x_nk (eV)    v_nk^xc (eV)   ϵ_nk^G0W0 (eV)
 
    1 (occ)   124         -20.258           7.685         -26.816         -16.467          -22.922
    2 (occ)   124          -8.782           3.815         -22.507         -16.917          -10.557
    3 (occ)   124          -7.434           3.293         -18.500         -13.685           -8.956
    4 (occ)   124          -6.731           3.264         -22.365         -17.638           -8.194
    5 (vir)   124           4.422          -2.991          -5.164         -10.012            6.279
    6 (vir)   124           4.498          -2.784          -3.520          -8.055            6.249
    7 (vir)   124           7.609          -3.736          -6.544         -12.897           10.225
    8 (vir)   124           7.904          -4.290          -3.052          -9.587           10.149
    9 (vir)   124          12.126          -4.942          -6.968         -15.369           15.585
   10 (vir)   124          12.419          -4.605          -6.010         -13.501           15.306
   11 (vir)   124          23.845          -4.782          -3.409         -11.736           27.390
   12 (vir)   124          24.149          -3.863          -3.954         -11.670           28.001
   13 (vir)   124          25.316          -3.654          -3.137         -10.921           29.446
   14 (vir)   124          30.347          -1.226          -2.156          -9.301           36.266
   15 (vir)   124          38.998          -2.875          -3.266         -12.685           45.543
   16 (vir)   124          40.243          -6.114          -4.218         -15.407           45.317
   17 (vir)   124          40.491          -5.564          -4.067         -14.694           45.553
   18 (vir)   124          47.686          -4.323          -3.493         -13.613           53.484
   19 (vir)   124          48.760          -5.496          -3.177         -14.002           54.089
   20 (vir)   124          52.150          -3.623          -3.102         -13.524           58.948
   21 (vir)   124          63.075          -3.604          -3.278         -15.856           72.050
   22 (vir)   124          71.689          -1.879          -2.579         -15.257           82.489
   23 (vir)   124          74.763          -4.072          -3.578         -16.502           83.615
   24 (vir)   124         106.307          -0.926          -1.574         -12.542          116.349
   25 (vir)   124         124.184          -3.719          21.979          -9.297          151.741
   26 (vir)   124         237.242          -2.431          -1.137         -17.973          251.647
 
 
  kpoint:     125             coordinate:     0.0000    0.2347    0.0000
 
    n           k   ϵ_nk^DFT (eV)     Σ^c_nk (eV)     Σ^x_nk (eV)    v_nk^xc (eV)   ϵ_nk^G0W0 (eV)
 
    1 (occ)   125         -20.344           7.709         -26.821         -16.443          -23.014
    2 (occ)   125          -8.558           3.756         -22.492         -16.989          -10.305
    3 (occ)   125          -7.551           3.330         -18.506         -13.638           -9.089
    4 (occ)   125          -6.643           3.242         -22.363         -17.666           -8.098
    5 (vir)   125           4.337          -2.719          -3.397          -7.838            6.060
    6 (vir)   125           4.437          -2.869          -4.889          -9.576            6.256
    7 (vir)   125           7.593          -3.773          -6.642         -13.060           10.238
    8 (vir)   125           7.980          -4.493          -3.310         -10.097           10.273
    9 (vir)   125          11.826          -4.879          -7.005         -15.313           15.255
   10 (vir)   125          12.214          -4.607          -6.066         -13.561           15.101
   11 (vir)   125          24.078          -4.764          -3.408         -11.740           27.645
   12 (vir)   125          24.325          -3.873          -3.937         -11.676           28.191
   13 (vir)   125          25.463          -4.586          -2.997         -11.174           29.054
   14 (vir)   125          31.030          -1.165          -1.610          -9.241           37.496
   15 (vir)   125          39.554          -5.177          -2.978         -12.433           43.832
   16 (vir)   125          40.381          -5.470          -4.089         -14.654           45.475
   17 (vir)   125          40.536          -5.891          -4.197         -15.460           45.909
   18 (vir)   125          47.060          -4.317          -3.509         -13.579           52.812
   19 (vir)   125          48.334          -5.595          -3.169         -14.009           53.579
   20 (vir)   125          52.133          -5.204          -3.065         -13.448           57.312
   21 (vir)   125          63.483          -2.410          -3.306         -15.873           73.640
   22 (vir)   125          71.809          -1.549          -2.593         -15.285           82.953
   23 (vir)   125          74.502          -2.601          -3.557         -16.499           84.843
   24 (vir)   125         105.222          -0.949          -1.384         -12.513          115.402
   25 (vir)   125         129.714          11.277          19.293          -9.519          169.804
   26 (vir)   125         236.694          -2.378          -1.040         -17.975          251.250
 
 
  kpoint:     126             coordinate:     0.0000    0.2245    0.0000
 
    n           k   ϵ_nk^DFT (eV)     Σ^c_nk (eV)     Σ^x_nk (eV)    v_nk^xc (eV)   ϵ_nk^G0W0 (eV)
 
    1 (occ)   126         -20.427           7.732         -26.828         -16.420          -23.102
    2 (occ)   126          -8.335           3.697         -22.478         -17.061          -10.055
    3 (occ)   126          -7.664           3.366         -18.513         -13.595           -9.217
    4 (occ)   126          -6.554           3.219         -22.361         -17.695           -8.001
    5 (vir)   126           4.174          -2.660          -3.282          -7.636            5.868
    6 (vir)   126           4.436          -2.757          -4.625          -9.164            6.218
    7 (vir)   126           7.584          -3.808          -6.727         -13.205           10.254
    8 (vir)   126           8.075          -4.687          -3.555         -10.581           10.413
    9 (vir)   126          11.532          -4.818          -7.040         -15.257           14.932
   10 (vir)   126          12.003          -4.609          -6.129         -13.604           14.869
   11 (vir)   126          24.313          -4.745          -3.408         -11.743           27.903
   12 (vir)   126          24.506          -3.884          -3.920         -11.683           28.386
   13 (vir)   126          25.537          -3.139          -2.898         -11.310           30.809
   14 (vir)   126          31.876          -0.661          -1.169          -9.449           39.494
   15 (vir)   126          40.213          -1.376          -2.494         -12.084           48.426
   16 (vir)   126          40.264          -5.374          -4.110         -14.608           45.388
   17 (vir)   126          40.817          -5.602          -4.174         -15.511           46.553
   18 (vir)   126          46.441          -4.311          -3.527         -13.545           52.148
   19 (vir)   126          47.911          -5.695          -3.161         -14.018           53.073
   20 (vir)   126          52.106          -3.297          -3.016         -13.372           59.166
   21 (vir)   126          63.900          -2.195          -3.324         -15.887           74.269
   22 (vir)   126          71.921          -1.552          -2.607         -15.305           83.067
   23 (vir)   126          74.263          -2.301          -3.558         -16.495           84.898
   24 (vir)   126         104.044          -1.092          -1.225         -12.489          114.217
   25 (vir)   126         135.391           5.981          17.014          -9.764          168.150
   26 (vir)   126         236.162          -2.349          -1.065         -17.975          250.724
 
 
  kpoint:     127             coordinate:     0.0000    0.2143    0.0000
 
    n           k   ϵ_nk^DFT (eV)     Σ^c_nk (eV)     Σ^x_nk (eV)    v_nk^xc (eV)   ϵ_nk^G0W0 (eV)
 
    1 (occ)   127         -20.507           7.755         -26.835         -16.400          -23.188
    2 (occ)   127          -8.114           3.639         -22.464         -17.133           -9.806
    3 (occ)   127          -7.773           3.400         -18.521         -13.554           -9.340
    4 (occ)   127          -6.464           3.196         -22.360         -17.725           -7.902
    5 (vir)   127           4.009          -2.612          -3.176          -7.447            5.667
    6 (vir)   127           4.420          -2.657          -4.380          -8.786            6.169
    7 (vir)   127           7.580          -3.840          -6.802         -13.333           10.270
    8 (vir)   127           8.186          -4.869          -3.781         -11.028           10.564
    9 (vir)   127          11.244          -4.758          -7.072         -15.203           14.616
   10 (vir)   127          11.790          -4.611          -6.204         -13.632           14.607
   11 (vir)   127          24.551          -4.723          -3.408         -11.746           28.165
   12 (vir)   127          24.693          -3.895          -3.902         -11.690           28.585
   13 (vir)   127          25.554          -2.680          -2.860         -11.350           31.364
   14 (vir)   127          32.839          -1.044          -1.249          -9.919           40.465
   15 (vir)   127          40.141          -5.277          -4.129         -14.557           45.292
   16 (vir)   127          41.022          -1.483          -1.922         -11.635           49.251
   17 (vir)   127          41.086          -5.429          -4.146         -15.558           47.069
   18 (vir)   127          45.831          -4.304          -3.544         -13.513           51.496
   19 (vir)   127          47.495          -5.797          -3.154         -14.031           52.575
   20 (vir)   127          52.072          -1.811          -2.954         -13.298           60.605
   21 (vir)   127          64.326          -2.163          -3.331         -15.901           74.734
   22 (vir)   127          72.027          -1.564          -2.623         -15.316           83.156
   23 (vir)   127          74.050          -2.310          -3.578         -16.486           84.649
   24 (vir)   127         102.774          -1.170          -1.176         -12.473          112.900
   25 (vir)   127         141.139           1.114          16.763         -10.024          169.040
   26 (vir)   127         235.673          -2.371          -1.184         -17.976          250.093
 
 
  kpoint:     128             coordinate:     0.0000    0.2041    0.0000
 
    n           k   ϵ_nk^DFT (eV)     Σ^c_nk (eV)     Σ^x_nk (eV)    v_nk^xc (eV)   ϵ_nk^G0W0 (eV)
 
    1 (occ)   128         -20.585           7.777         -26.843         -16.381          -23.270
    2 (occ)   128          -7.894           3.581         -22.451         -17.206           -9.559
    3 (occ)   128          -7.878           3.433         -18.529         -13.515           -9.458
    4 (occ)   128          -6.374           3.174         -22.360         -17.757           -7.803
    5 (vir)   128           3.843          -2.575          -3.083          -7.270            5.456
    6 (vir)   128           4.393          -2.571          -4.158          -8.447            6.111
    7 (vir)   128           7.580          -3.870          -6.871         -13.448           10.287
    8 (vir)   128           8.308          -5.036          -3.984         -11.435           10.723
    9 (vir)   128          10.963          -4.699          -7.103         -15.148           14.309
   10 (vir)   128          11.577          -4.625          -6.289         -13.649           14.312
   11 (vir)   128          24.790          -4.700          -3.409         -11.748           28.429
   12 (vir)   128          24.883          -3.906          -3.883         -11.696           28.790
   13 (vir)   128          25.531          -2.842          -2.866         -11.327           31.151
   14 (vir)   128          33.855          -1.768          -2.059         -10.599           40.628
   15 (vir)   128          40.013          -5.179          -4.146         -14.500           45.188
   16 (vir)   128          41.340          -5.448          -4.116         -15.606           47.382
   17 (vir)   128          42.046          -1.920          -1.611         -11.105           49.620
   18 (vir)   128          45.233          -4.296          -3.563         -13.481           50.855
   19 (vir)   128          47.087          -5.899          -3.148         -14.049           52.089
   20 (vir)   128          52.033          -1.793          -2.892         -13.223           60.571
   21 (vir)   128          64.760          -2.239          -3.329         -15.917           75.109
   22 (vir)   128          72.128          -1.570          -2.639         -15.320           83.239
   23 (vir)   128          73.864          -2.440          -3.600         -16.474           84.297
   24 (vir)   128         101.415          -1.284          -1.282         -12.463          111.312
   25 (vir)   128         146.874          -1.794          18.920         -10.295          174.295
   26 (vir)   128         235.256          -2.448          -1.339         -17.976          249.444
 
 
  kpoint:     129             coordinate:     0.0000    0.1939    0.0000
 
    n           k   ϵ_nk^DFT (eV)     Σ^c_nk (eV)     Σ^x_nk (eV)    v_nk^xc (eV)   ϵ_nk^G0W0 (eV)
 
    1 (occ)   129         -20.659           7.800         -26.853         -16.364          -23.348
    2 (occ)   129          -7.978           3.465         -18.538         -13.479           -9.571
    3 (occ)   129          -7.677           3.523         -22.440         -17.278           -9.315
    4 (occ)   129          -6.283           3.151         -22.361         -17.788           -7.704
    5 (vir)   129           3.680          -2.543          -3.006          -7.107            5.238
    6 (vir)   129           4.356          -2.496          -3.960          -8.149            6.049
    7 (vir)   129           7.585          -3.896          -6.932         -13.550           10.307
    8 (vir)   129           8.440          -5.189          -4.162         -11.799           10.887
    9 (vir)   129          10.689          -4.642          -7.131         -15.094           14.010
   10 (vir)   129          11.368          -4.656          -6.374         -13.654           13.992
   11 (vir)   129          25.030          -4.675          -3.410         -11.750           28.695
   12 (vir)   129          25.078          -3.917          -3.864         -11.702           28.999
   13 (vir)   129          25.482          -3.415          -2.891         -11.266           30.443
   14 (vir)   129          34.849          -2.475          -3.322         -11.385           40.437
   15 (vir)   129          39.880          -5.081          -4.160         -14.438           45.078
   16 (vir)   129          41.581          -5.679          -4.085         -15.650           47.466
   17 (vir)   129          43.358          -2.697          -2.118         -10.587           49.130
   18 (vir)   129          44.647          -4.288          -3.582         -13.452           50.228
   19 (vir)   129          46.690          -6.001          -3.143         -14.071           51.616
   20 (vir)   129          51.992          -1.897          -2.860         -13.145           60.380
   21 (vir)   129          65.201          -2.498          -3.320         -15.934           75.317
   22 (vir)   129          72.227          -1.570          -2.655         -15.317           83.320
   23 (vir)   129          73.709          -2.590          -3.614         -16.456           83.960
   24 (vir)   129          99.973          -1.403          -1.516         -12.462          109.516
   25 (vir)   129         152.505          -2.245          22.042         -10.571          182.873
   26 (vir)   129         234.945          -2.560          -1.485         -17.976          248.875
 
 
  kpoint:     130             coordinate:     0.0000    0.1837    0.0000
 
    n           k   ϵ_nk^DFT (eV)     Σ^c_nk (eV)     Σ^x_nk (eV)    v_nk^xc (eV)   ϵ_nk^G0W0 (eV)
 
    1 (occ)   130         -20.731           7.821         -26.863         -16.349          -23.424
    2 (occ)   130          -8.073           3.495         -18.547         -13.446           -9.679
    3 (occ)   130          -7.464           3.467         -22.430         -17.351           -9.075
    4 (occ)   130          -6.193           3.129         -22.363         -17.821           -7.606
    5 (vir)   130           3.521          -2.506          -2.943          -6.958            5.031
    6 (vir)   130           4.313          -2.434          -3.785          -7.889            5.983
    7 (vir)   130           7.592          -3.918          -6.985         -13.643           10.332
    8 (vir)   130           8.577          -5.329          -4.316         -12.122           11.053
    9 (vir)   130          10.423          -4.587          -7.158         -15.041           13.719
   10 (vir)   130          11.163          -4.672          -6.447         -13.650           13.695
   11 (vir)   130          25.269          -4.643          -3.413         -11.750           28.963
   12 (vir)   130          25.277          -3.932          -3.841         -11.707           29.210
   13 (vir)   130          25.417          -4.419          -2.914         -11.183           29.267
   14 (vir)   130          35.758          -2.909          -4.415         -12.132           40.567
   15 (vir)   130          39.744          -4.984          -4.171         -14.372           44.961
   16 (vir)   130          41.807          -6.018          -4.059         -15.690           47.420
   17 (vir)   130          44.074          -4.280          -3.602         -13.423           49.615
   18 (vir)   130          45.007          -3.435          -3.767         -10.214           48.018
   19 (vir)   130          46.305          -6.103          -3.140         -14.098           51.159
   20 (vir)   130          51.955          -2.089          -2.904         -13.056           60.018
   21 (vir)   130          65.647          -3.214          -3.312         -15.954           75.075
   22 (vir)   130          72.325          -1.576          -2.667         -15.308           83.390
   23 (vir)   130          73.586          -2.977          -3.619         -16.432           83.422
   24 (vir)   130          98.457          -1.371          -1.786         -12.469          107.768
   25 (vir)   130         157.941          -0.930          23.247         -10.845          191.102
   26 (vir)   130         234.769          -2.656          -1.626         -17.976          248.463
 
 
  kpoint:     131             coordinate:     0.0000    0.1735    0.0000
 
    n           k   ϵ_nk^DFT (eV)     Σ^c_nk (eV)     Σ^x_nk (eV)    v_nk^xc (eV)   ϵ_nk^G0W0 (eV)
 
    1 (occ)   131         -20.799           7.841         -26.874         -16.335          -23.497
    2 (occ)   131          -8.164           3.523         -18.556         -13.415           -9.781
    3 (occ)   131          -7.254           3.412         -22.422         -17.424           -8.840
    4 (occ)   131          -6.103           3.107         -22.366         -17.855           -7.508
    5 (vir)   131           3.369          -2.448          -2.891          -6.825            4.854
    6 (vir)   131           4.266          -2.381          -3.633          -7.663            5.916
    7 (vir)   131           7.603          -3.934          -7.030         -13.727           10.366
    8 (vir)   131           8.718          -5.458          -4.449         -12.409           11.220
    9 (vir)   131          10.166          -4.534          -7.182         -14.989           13.438
   10 (vir)   131          10.966          -4.618          -6.496         -13.637           13.490
   11 (vir)   131          25.343          -5.103          -2.920         -11.089           28.408
   12 (vir)   131          25.478          -3.940          -3.823         -11.712           29.427
   13 (vir)   131          25.507          -4.618          -3.413         -11.750           29.227
   14 (vir)   131          36.554          -2.804          -4.877         -12.731           41.603
   15 (vir)   131          39.606          -4.889          -4.178         -14.300           44.839
   16 (vir)   131          42.018          -6.331          -4.040         -15.728           47.374
   17 (vir)   131          43.515          -4.271          -3.623         -13.397           49.018
   18 (vir)   131          45.933          -6.203          -3.140         -14.130           50.721
   19 (vir)   131          46.996          -3.130          -6.014         -10.104           47.956
   20 (vir)   131          51.940          -2.291          -3.104         -12.933           59.478
   21 (vir)   131          66.096          -4.577          -3.313         -15.978           74.184
   22 (vir)   131          72.424          -1.607          -2.676         -15.292           83.433
   23 (vir)   131          73.498          -7.402          -3.633         -16.400           78.864
   24 (vir)   131          96.878          -1.490          -1.969         -12.483          105.901
   25 (vir)   131         163.093           0.752          19.552         -11.112          194.509
   26 (vir)   131         234.750          -1.311          -1.781         -17.978          249.635
 
 
  kpoint:     132             coordinate:     0.0000    0.1633    0.0000
 
    n           k   ϵ_nk^DFT (eV)     Σ^c_nk (eV)     Σ^x_nk (eV)    v_nk^xc (eV)   ϵ_nk^G0W0 (eV)
 
    1 (occ)   132         -20.863           7.859         -26.886         -16.323          -23.567
    2 (occ)   132          -8.250           3.550         -18.565         -13.386           -9.878
    3 (occ)   132          -7.050           3.359         -22.416         -17.497           -8.610
    4 (occ)   132          -6.014           3.086         -22.371         -17.888           -7.411
    5 (vir)   132           3.225          -2.370          -2.842          -6.709            4.723
    6 (vir)   132           4.216          -2.337          -3.500          -7.469            5.848
    7 (vir)   132           7.617          -3.947          -7.067         -13.804           10.407
    8 (vir)   132           8.859          -5.576          -4.562         -12.662           11.384
    9 (vir)   132           9.918          -4.483          -7.205         -14.937           13.167
   10 (vir)   132          10.779          -4.489          -6.516         -13.617           13.391
   11 (vir)   132          25.264          -5.015          -2.900         -10.990           28.338
   12 (vir)   132          25.682          -3.951          -3.802         -11.716           29.645
   13 (vir)   132          25.743          -4.587          -3.415         -11.750           29.490
   14 (vir)   132          37.242          -2.028          -4.695         -13.154           43.674
   15 (vir)   132          39.465          -4.797          -4.181         -14.225           44.712
   16 (vir)   132          42.214          -6.515          -4.031         -15.763           47.432
   17 (vir)   132          42.973          -4.262          -3.644         -13.372           48.439
   18 (vir)   132          45.577          -6.300          -3.143         -14.168           50.303
   19 (vir)   132          49.232          -1.188          -7.128         -10.411           51.327
   20 (vir)   132          52.020          -1.754          -3.802         -12.632           59.096
   21 (vir)   132          66.543          -4.695          -3.329         -16.007           74.525
   22 (vir)   132          72.525          -1.601          -2.684         -15.269           83.509
   23 (vir)   132          73.446          -1.940          -3.674         -16.359           84.192
   24 (vir)   132          95.248          -1.399          -1.966         -12.505          104.388
   25 (vir)   132         167.884           1.545           9.566         -11.368          190.363
   26 (vir)   132         234.895          -2.548          -1.921         -17.981          248.407
 
 
  kpoint:     133             coordinate:     0.0000    0.1531    0.0000
 
    n           k   ϵ_nk^DFT (eV)     Σ^c_nk (eV)     Σ^x_nk (eV)    v_nk^xc (eV)   ϵ_nk^G0W0 (eV)
 
    1 (occ)   133         -20.924           7.877         -26.895         -16.311          -23.632
    2 (occ)   133          -8.331           3.576         -18.573         -13.359           -9.969
    3 (occ)   133          -6.851           3.308         -22.411         -17.569           -8.386
    4 (occ)   133          -5.927           3.065         -22.376         -17.923           -7.316
    5 (vir)   133           3.093          -2.288          -2.787          -6.614            4.631
    6 (vir)   133           4.164          -2.299          -3.385          -7.301            5.781
    7 (vir)   133           7.632          -3.958          -7.098         -13.875           10.451
    8 (vir)   133           9.000          -5.684          -4.657         -12.886           11.545
    9 (vir)   133           9.681          -4.435          -7.225         -14.886           12.907
   10 (vir)   133          10.602          -4.364          -6.508         -13.589           13.318
   11 (vir)   133          25.184          -4.812          -2.851         -10.889           28.410
   12 (vir)   133          25.888          -3.963          -3.780         -11.720           29.865
   13 (vir)   133          25.974          -4.554          -3.418         -11.748           29.750
   14 (vir)   133          37.846          -1.527          -4.128         -13.436           45.627
   15 (vir)   133          39.324          -4.709          -4.181         -14.145           44.580
   16 (vir)   133          42.396          -6.521          -4.028         -15.796           47.642
   17 (vir)   133          42.448          -4.253          -3.666         -13.349           47.878
   18 (vir)   133          45.238          -6.392          -3.149         -14.211           49.907
   19 (vir)   133          51.027          -0.764          -3.969         -12.043           58.337
   20 (vir)   133          52.848           1.449          -6.499         -11.193           58.990
   21 (vir)   133          66.986          -2.881          -3.364         -16.041           76.781
   22 (vir)   133          72.631          -1.529          -2.693         -15.240           83.648
   23 (vir)   133          73.433          -1.517          -3.734         -16.305           84.488
   24 (vir)   133          93.586          -1.218          -1.747         -12.533          103.154
   25 (vir)   133         172.250           0.413          -5.339         -11.607          178.932
   26 (vir)   133         235.189          -2.201          -1.921         -17.988          249.055
 
 
  kpoint:     134             coordinate:     0.0000    0.1429    0.0000
 
    n           k   ϵ_nk^DFT (eV)     Σ^c_nk (eV)     Σ^x_nk (eV)    v_nk^xc (eV)   ϵ_nk^G0W0 (eV)
 
    1 (occ)   134         -20.981           7.894         -26.904         -16.300          -23.691
    2 (occ)   134          -8.407           3.599         -18.582         -13.334          -10.055
    3 (occ)   134          -6.659           3.258         -22.409         -17.640           -8.170
    4 (occ)   134          -5.842           3.045         -22.383         -17.957           -7.224
    5 (vir)   134           2.973          -2.237          -2.724          -6.539            4.552
    6 (vir)   134           4.112          -2.268          -3.285          -7.157            5.716
    7 (vir)   134           7.648          -3.972          -7.125         -13.942           10.493
    8 (vir)   134           9.139          -5.783          -4.738         -13.085           11.702
    9 (vir)   134           9.454          -4.390          -7.243         -14.837           12.658
   10 (vir)   134          10.436          -4.335          -6.479         -13.556           13.178
   11 (vir)   134          25.106          -4.919          -2.780         -10.790           28.196
   12 (vir)   134          26.094          -3.974          -3.757         -11.722           30.085
   13 (vir)   134          26.201          -4.518          -3.422         -11.746           30.006
   14 (vir)   134          38.394          -1.306          -3.473         -13.625           47.240
   15 (vir)   134          39.183          -4.625          -4.177         -14.063           44.445
   16 (vir)   134          41.942          -4.244          -3.688         -13.328           47.338
   17 (vir)   134          42.563          -6.334          -4.027         -15.826           48.027
   18 (vir)   134          44.915          -6.480          -3.159         -14.258           49.535
   19 (vir)   134          51.398          -5.050          -2.779         -12.694           56.263
   20 (vir)   134          55.374           5.645          -3.976         -10.856           67.899
   21 (vir)   134          67.419          -2.018          -3.410         -16.080           78.070
   22 (vir)   134          72.743          -1.516          -2.702         -15.204           83.728
   23 (vir)   134          73.466          -1.338          -3.735         -16.230           84.623
   24 (vir)   134          91.912          -1.047          -1.371         -12.567          102.061
   25 (vir)   134         176.146          -2.343         -21.074         -11.827          164.556
   26 (vir)   134         235.597          -1.772          -1.605         -17.998          250.218
 
 
  kpoint:     135             coordinate:     0.0000    0.1327    0.0000
 
    n           k   ϵ_nk^DFT (eV)     Σ^c_nk (eV)     Σ^x_nk (eV)    v_nk^xc (eV)   ϵ_nk^G0W0 (eV)
 
    1 (occ)   135         -21.034           7.911         -26.910         -16.290          -23.743
    2 (occ)   135          -8.478           3.622         -18.590         -13.311          -10.135
    3 (occ)   135          -6.474           3.211         -22.409         -17.710           -7.962
    4 (occ)   135          -5.760           3.025         -22.391         -17.991           -7.134
    5 (vir)   135           2.868          -2.244          -2.661          -6.487            4.450
    6 (vir)   135           4.061          -2.242          -3.198          -7.032            5.653
    7 (vir)   135           7.666          -3.988          -7.150         -14.004           10.532
    8 (vir)   135           9.240          -4.347          -7.259         -14.788           12.423
    9 (vir)   135           9.273          -5.875          -4.806         -13.260           11.852
   10 (vir)   135          10.283          -4.395          -6.439         -13.517           12.967
   11 (vir)   135          25.033          -4.858          -2.702         -10.693           28.165
   12 (vir)   135          26.299          -3.986          -3.734         -11.724           30.304
   13 (vir)   135          26.422          -4.481          -3.426         -11.742           30.257
   14 (vir)   135          38.908          -1.486          -2.946         -13.764           48.241
   15 (vir)   135          39.043          -4.546          -4.169         -13.978           44.307
   16 (vir)   135          41.456          -4.234          -3.712         -13.309           46.819
   17 (vir)   135          42.716          -5.994          -4.023         -15.853           48.552
   18 (vir)   135          44.612          -6.561          -3.171         -14.309           49.189
   19 (vir)   135          51.441          -6.585          -2.705         -12.641           54.792
   20 (vir)   135          58.489           6.362           2.528         -11.304           78.683
   21 (vir)   135          67.837          -1.813          -3.453         -16.125           78.695
   22 (vir)   135          72.864          -1.532          -2.704         -15.162           83.790
   23 (vir)   135          73.566          -1.187          -3.476         -16.111           85.013
   24 (vir)   135          90.251          -0.973          -0.938         -12.601          100.941
   25 (vir)   135         179.547          -5.124         -32.206         -12.025          154.241
   26 (vir)   135         236.064          -1.540          -0.872         -18.009          251.661
 
 
  kpoint:     136             coordinate:     0.0000    0.1224    0.0000
 
    n           k   ϵ_nk^DFT (eV)     Σ^c_nk (eV)     Σ^x_nk (eV)    v_nk^xc (eV)   ϵ_nk^G0W0 (eV)
 
    1 (occ)   136         -21.082           7.927         -26.914         -16.279          -23.790
    2 (occ)   136          -8.544           3.642         -18.598         -13.290          -10.210
    3 (occ)   136          -6.297           3.166         -22.410         -17.778           -7.763
    4 (occ)   136          -5.680           3.007         -22.399         -18.025           -7.048
    5 (vir)   136           2.778          -2.309          -2.612          -6.456            4.313
    6 (vir)   136           4.012          -2.220          -3.123          -6.925            5.593
    7 (vir)   136           7.683          -4.005          -7.175         -14.063           10.566
    8 (vir)   136           9.037          -4.306          -7.271         -14.742           12.201
    9 (vir)   136           9.402          -5.959          -4.864         -13.416           11.995
   10 (vir)   136          10.143          -4.442          -6.398         -13.475           12.778
   11 (vir)   136          24.965          -3.733          -2.634         -10.599           29.198
   12 (vir)   136          26.503          -3.997          -3.710         -11.725           30.521
   13 (vir)   136          26.635          -4.442          -3.431         -11.739           30.500
   14 (vir)   136          38.906          -4.473          -4.157         -13.893           44.168
   15 (vir)   136          39.406          -1.686          -2.664         -13.883           48.939
   16 (vir)   136          40.991          -4.224          -3.735         -13.292           46.324
   17 (vir)   136          42.855          -5.626          -4.010         -15.878           49.096
   18 (vir)   136          44.327          -6.635          -3.186         -14.364           48.870
   19 (vir)   136          51.447          -2.113          -2.597         -12.500           59.236
   20 (vir)   136          61.883           2.591           9.735         -11.938           86.147
   21 (vir)   136          68.235          -1.766          -3.471         -16.173           79.171
   22 (vir)   136          72.995          -1.544          -2.688         -15.115           83.879
   23 (vir)   136          73.791          -1.166          -2.498         -15.889           86.017
   24 (vir)   136          88.640          -1.072          -0.527         -12.631           99.673
   25 (vir)   136         182.448          -6.280         -34.092         -12.199          154.275
   26 (vir)   136         236.521          -1.865           0.149         -18.021          252.826
 
 
  kpoint:     137             coordinate:     0.0000    0.1122    0.0000
 
    n           k   ϵ_nk^DFT (eV)     Σ^c_nk (eV)     Σ^x_nk (eV)    v_nk^xc (eV)   ϵ_nk^G0W0 (eV)
 
    1 (occ)   137         -21.126           7.941         -26.918         -16.269          -23.834
    2 (occ)   137          -8.604           3.661         -18.606         -13.271          -10.278
    3 (occ)   137          -6.130           3.124         -22.414         -17.844           -7.575
    4 (occ)   137          -5.605           2.990         -22.408         -18.058           -6.965
    5 (vir)   137           2.703          -2.395          -2.593          -6.446            4.161
    6 (vir)   137           3.964          -2.202          -3.059          -6.833            5.537
    7 (vir)   137           7.701          -4.020          -7.199         -14.118           10.600
    8 (vir)   137           8.848          -4.269          -7.282         -14.697           11.994
    9 (vir)   137           9.524          -6.036          -4.912         -13.554           12.130
   10 (vir)   137          10.016          -4.441          -6.369         -13.431           12.637
   11 (vir)   137          24.905          -2.910          -2.592         -10.510           29.914
   12 (vir)   137          26.704          -4.009          -3.686         -11.725           30.735
   13 (vir)   137          26.839          -4.402          -3.437         -11.734           30.733
   14 (vir)   137          38.772          -4.407          -4.142         -13.807           44.029
   15 (vir)   137          39.897          -2.059          -2.658         -14.005           49.185
   16 (vir)   137          40.550          -4.214          -3.760         -13.277           45.854
   17 (vir)   137          42.980          -5.362          -3.988         -15.900           49.529
   18 (vir)   137          44.063          -6.701          -3.203         -14.420           48.579
   19 (vir)   137          51.459          -1.698          -2.447         -12.310           59.624
   20 (vir)   137          65.393          -3.717          13.521         -12.870           88.067
   21 (vir)   137          68.607          -1.758          -3.449         -16.225           79.625
   22 (vir)   137          73.138          -1.538          -2.649         -15.066           84.017
   23 (vir)   137          74.323          -2.130           0.329         -15.394           87.916
   24 (vir)   137          87.150          -1.466          -0.077         -12.635           98.241
   25 (vir)   137         184.865          -4.857         -24.796         -12.350          167.561
   26 (vir)   137         236.901          -2.870           1.045         -18.030          253.107
 
 
  kpoint:     138             coordinate:     0.0000    0.1020    0.0000
 
    n           k   ϵ_nk^DFT (eV)     Σ^c_nk (eV)     Σ^x_nk (eV)    v_nk^xc (eV)   ϵ_nk^G0W0 (eV)
 
    1 (occ)   138         -21.166           7.953         -26.922         -16.259          -23.876
    2 (occ)   138          -8.660           3.678         -18.613         -13.254          -10.341
    3 (occ)   138          -5.973           3.085         -22.419         -17.908           -7.398
    4 (occ)   138          -5.533           2.974         -22.418         -18.090           -6.888
    5 (vir)   138           2.642          -2.450          -2.613          -6.454            4.032
    6 (vir)   138           3.920          -2.186          -3.002          -6.754            5.485
    7 (vir)   138           7.717          -4.030          -7.222         -14.170           10.634
    8 (vir)   138           8.672          -4.234          -7.290         -14.654           11.802
    9 (vir)   138           9.639          -6.106          -4.952         -13.675           12.256
   10 (vir)   138           9.902          -4.462          -6.360         -13.386           12.466
   11 (vir)   138          24.854          -2.778          -2.581         -10.426           29.921
   12 (vir)   138          26.900          -4.020          -3.661         -11.724           30.943
   13 (vir)   138          27.032          -4.362          -3.443         -11.729           30.957
   14 (vir)   138          38.642          -4.349          -4.124         -13.723           43.892
   15 (vir)   138          40.133          -4.203          -3.784         -13.265           45.411
   16 (vir)   138          40.385          -2.318          -2.877         -14.143           49.333
   17 (vir)   138          43.092          -5.266          -3.958         -15.919           49.787
   18 (vir)   138          43.820          -6.760          -3.223         -14.478           48.315
   19 (vir)   138          51.492          -1.731          -2.321         -12.074           59.514
   20 (vir)   138          68.493          -7.211           8.783         -14.399           84.464
   21 (vir)   138          68.948          -1.758          -3.382         -16.277           80.085
   22 (vir)   138          73.293          -1.511          -2.585         -15.015           84.212
   23 (vir)   138          75.674          -5.944           6.301         -14.368           90.398
   24 (vir)   138          85.974          -2.617           0.867         -12.551           96.775
   25 (vir)   138         186.828          -1.042          -5.928         -12.478          192.337
   26 (vir)   138         237.140          -4.256           1.216         -18.032          252.132
 
 
  kpoint:     139             coordinate:     0.0000    0.0918    0.0000
 
    n           k   ϵ_nk^DFT (eV)     Σ^c_nk (eV)     Σ^x_nk (eV)    v_nk^xc (eV)   ϵ_nk^G0W0 (eV)
 
    1 (occ)   139         -21.201           7.964         -26.927         -16.248          -23.915
    2 (occ)   139          -8.711           3.694         -18.619         -13.239          -10.398
    3 (occ)   139          -5.827           3.050         -22.426         -17.969           -7.234
    4 (occ)   139          -5.466           2.959         -22.428         -18.120           -6.815
    5 (vir)   139           2.593          -2.447          -2.670          -6.478            3.954
    6 (vir)   139           3.878          -2.173          -2.954          -6.686            5.436
    7 (vir)   139           7.733          -4.037          -7.244         -14.217           10.669
    8 (vir)   139           8.510          -4.202          -7.296         -14.614           11.626
    9 (vir)   139           9.746          -6.170          -4.986         -13.782           12.372
   10 (vir)   139           9.801          -4.498          -6.373         -13.342           12.271
   11 (vir)   139          24.811          -3.134          -2.594         -10.349           29.432
   12 (vir)   139          27.089          -4.030          -3.637         -11.722           31.144
   13 (vir)   139          27.214          -4.321          -3.449         -11.724           31.167
   14 (vir)   139          38.519          -4.299          -4.103         -13.642           43.759
   15 (vir)   139          39.745          -4.193          -3.809         -13.255           44.998
   16 (vir)   139          40.870          -2.419          -3.218         -14.308           49.541
   17 (vir)   139          43.192          -5.328          -3.925         -15.937           49.876
   18 (vir)   139          43.599          -6.810          -3.244         -14.535           48.079
   19 (vir)   139          51.554          -1.734          -2.266         -11.788           59.341
   20 (vir)   139          69.254          -1.761          -3.265         -16.327           80.555
   21 (vir)   139          70.303          -4.939           0.165         -15.832           81.361
   22 (vir)   139          73.458          -1.472          -2.502         -14.968           84.452
   23 (vir)   139          78.158          -8.849           6.704         -13.667           89.679
   24 (vir)   139          85.925          -6.755           3.558         -12.214           94.941
   25 (vir)   139         188.381           3.930          17.961         -12.585          222.856
   26 (vir)   139         237.178          -5.297           0.117         -18.023          250.020
 
 
  kpoint:     140             coordinate:     0.0000    0.0816    0.0000
 
    n           k   ϵ_nk^DFT (eV)     Σ^c_nk (eV)     Σ^x_nk (eV)    v_nk^xc (eV)   ϵ_nk^G0W0 (eV)
 
    1 (occ)   140         -21.233           7.974         -26.931         -16.238          -23.951
    2 (occ)   140          -8.756           3.707         -18.625         -13.225          -10.449
    3 (occ)   140          -5.693           3.017         -22.435         -18.026           -7.084
    4 (occ)   140          -5.404           2.945         -22.438         -18.149           -6.749
    5 (vir)   140           2.557          -2.395          -2.746          -6.514            3.930
    6 (vir)   140           3.840          -2.162          -2.913          -6.628            5.393
    7 (vir)   140           7.747          -4.042          -7.262         -14.261           10.703
    8 (vir)   140           8.364          -4.173          -7.301         -14.576           11.466
    9 (vir)   140           9.712          -4.471          -6.405         -13.301           12.137
   10 (vir)   140           9.843          -6.227          -5.014         -13.876           12.478
   11 (vir)   140          24.778          -4.144          -2.608         -10.277           28.304
   12 (vir)   140          27.269          -4.041          -3.613         -11.719           31.334
   13 (vir)   140          27.382          -4.281          -3.456         -11.718           31.363
   14 (vir)   140          38.403          -4.257          -4.080         -13.565           43.631
   15 (vir)   140          39.386          -4.183          -3.833         -13.247           44.617
   16 (vir)   140          41.346          -2.916          -3.555         -14.502           49.377
   17 (vir)   140          43.279          -5.485          -3.894         -15.952           49.853
   18 (vir)   140          43.399          -6.853          -3.266         -14.590           47.871
   19 (vir)   140          51.648          -1.807          -2.276         -11.451           59.016
   20 (vir)   140          69.523          -1.754          -3.137         -16.371           81.003
   21 (vir)   140          70.999          -2.814          -3.474         -16.371           81.082
   22 (vir)   140          73.631          -1.430          -2.414         -14.925           84.712
   23 (vir)   140          79.452          -3.805          -0.760         -13.759           88.646
   24 (vir)   140          89.453         -11.612           0.539         -11.960           90.340
   25 (vir)   140         189.574           8.364          41.065         -12.672          251.675
   26 (vir)   140         236.959          -5.157          -2.432         -17.996          247.366
 
 
  kpoint:     141             coordinate:     0.0000    0.0714    0.0000
 
    n           k   ϵ_nk^DFT (eV)     Σ^c_nk (eV)     Σ^x_nk (eV)    v_nk^xc (eV)   ϵ_nk^G0W0 (eV)
 
    1 (occ)   141         -21.260           7.981         -26.934         -16.229          -23.984
    2 (occ)   141          -8.796           3.720         -18.630         -13.213          -10.494
    3 (occ)   141          -5.572           2.989         -22.444         -18.079           -6.948
    4 (occ)   141          -5.349           2.933         -22.448         -18.175           -6.688
    5 (vir)   141           2.530          -2.331          -2.817          -6.559            3.941
    6 (vir)   141           3.806          -2.153          -2.878          -6.579            5.354
    7 (vir)   141           7.759          -4.047          -7.276         -14.299           10.735
    8 (vir)   141           8.233          -4.147          -7.305         -14.542           11.323
    9 (vir)   141           9.636          -4.379          -6.444         -13.263           12.076
   10 (vir)   141           9.931          -6.278          -5.037         -13.957           12.573
   11 (vir)   141          24.753          -4.893          -2.602         -10.213           27.471
   12 (vir)   141          27.438          -4.051          -3.589         -11.715           31.513
   13 (vir)   141          27.534          -4.242          -3.463         -11.713           31.542
   14 (vir)   141          38.296          -4.222          -4.057         -13.493           43.511
   15 (vir)   141          39.059          -4.173          -3.856         -13.242           44.271
   16 (vir)   141          41.803          -2.833          -3.792         -14.726           49.904
   17 (vir)   141          43.223          -6.888          -3.288         -14.643           47.689
   18 (vir)   141          43.355          -5.626          -3.869         -15.965           49.826
   19 (vir)   141          51.774          -1.920          -2.292         -11.068           58.629
   20 (vir)   141          69.753          -1.742          -3.019         -16.409           81.401
   21 (vir)   141          71.222          -1.860          -4.409         -16.528           81.480
   22 (vir)   141          73.808          -1.398          -2.334         -14.889           84.964
   23 (vir)   141          78.942          -1.571          -2.941         -13.803           88.232
   24 (vir)   141          96.888          -4.228         -16.737         -12.131           88.055
   25 (vir)   141         190.464          10.889          58.329         -12.741          272.424
   26 (vir)   141         236.415          -3.334          -5.966         -17.948          245.062
 
 
  kpoint:     142             coordinate:     0.0000    0.0612    0.0000
 
    n           k   ϵ_nk^DFT (eV)     Σ^c_nk (eV)     Σ^x_nk (eV)    v_nk^xc (eV)   ϵ_nk^G0W0 (eV)
 
    1 (occ)   142         -21.283           7.986         -26.935         -16.219          -24.012
    2 (occ)   142          -8.831           3.730         -18.635         -13.202          -10.533
    3 (occ)   142          -5.465           2.963         -22.453         -18.127           -6.828
    4 (occ)   142          -5.299           2.923         -22.458         -18.199           -6.635
    5 (vir)   142           2.512          -2.291          -2.865          -6.609            3.964
    6 (vir)   142           3.776          -2.146          -2.849          -6.538            5.320
    7 (vir)   142           7.769          -4.051          -7.287         -14.333           10.764
    8 (vir)   142           8.118          -4.125          -7.307         -14.512           11.197
    9 (vir)   142           9.571          -4.301          -6.474         -13.229           12.025
   10 (vir)   142          10.008          -6.322          -5.055         -14.026           12.657
   11 (vir)   142          24.736          -4.796          -2.569         -10.156           27.527
   12 (vir)   142          27.592          -4.060          -3.567         -11.711           31.676
   13 (vir)   142          27.671          -4.206          -3.470         -11.708           31.703
   14 (vir)   142          38.200          -4.194          -4.033         -13.428           43.400
   15 (vir)   142          38.767          -4.164          -3.879         -13.238           43.962
   16 (vir)   142          42.232          -2.402          -3.894         -14.971           50.906
   17 (vir)   142          43.069          -6.916          -3.310         -14.692           47.534
   18 (vir)   142          43.420          -5.625          -3.853         -15.977           49.918
   19 (vir)   142          51.928          -1.480          -2.247         -10.647           58.849
   20 (vir)   142          69.945          -1.729          -2.935         -16.439           81.720
   21 (vir)   142          71.244          -1.489          -4.512         -16.576           81.819
   22 (vir)   142          73.982          -1.381          -2.278         -14.860           85.183
   23 (vir)   142          77.970          -1.072          -3.370         -13.910           87.439
   24 (vir)   142         106.978           9.509         -36.495         -12.356           92.348
   25 (vir)   142         191.105          11.012          66.945         -12.795          281.857
   26 (vir)   142         235.450          -0.196          -9.198         -17.871          243.928
 
 
  kpoint:     143             coordinate:     0.0000    0.0510    0.0000
 
    n           k   ϵ_nk^DFT (eV)     Σ^c_nk (eV)     Σ^x_nk (eV)    v_nk^xc (eV)   ϵ_nk^G0W0 (eV)
 
    1 (occ)   143         -21.302           7.991         -26.933         -16.211          -24.033
    2 (occ)   143          -8.860           3.739         -18.639         -13.193          -10.566
    3 (occ)   143          -5.373           2.942         -22.463         -18.169           -6.724
    4 (occ)   143          -5.256           2.913         -22.466         -18.220           -6.589
    5 (vir)   143           2.500          -2.292          -2.887          -6.661            3.982
    6 (vir)   143           3.751          -2.140          -2.825          -6.504            5.290
    7 (vir)   143           7.778          -4.055          -7.295         -14.361           10.789
    8 (vir)   143           8.020          -4.106          -7.309         -14.485           11.089
    9 (vir)   143           9.518          -4.284          -6.488         -13.201           11.946
   10 (vir)   143          10.074          -6.359          -5.070         -14.083           12.728
   11 (vir)   143          24.725          -4.790          -2.518         -10.108           27.524
   12 (vir)   143          27.730          -4.068          -3.546         -11.706           31.821
   13 (vir)   143          27.789          -4.172          -3.476         -11.703           31.843
   14 (vir)   143          38.115          -4.173          -4.012         -13.372           43.302
   15 (vir)   143          38.513          -4.155          -3.899         -13.236           43.694
   16 (vir)   143          42.619          -2.459          -3.891         -15.225           51.494
   17 (vir)   143          42.938          -6.938          -3.330         -14.735           47.405
   18 (vir)   143          43.474          -5.401          -3.848         -15.986           50.211
   19 (vir)   143          52.101          -1.372          -2.107         -10.206           58.828
   20 (vir)   143          70.102          -1.719          -2.899         -16.461           81.944
   21 (vir)   143          71.158          -1.401          -4.321         -16.584           82.021
   22 (vir)   143          74.146          -1.379          -2.251         -14.839           85.355
   23 (vir)   143          76.981          -1.008          -3.301         -14.073           86.745
   24 (vir)   143         119.479          -1.492         -47.307         -12.588           83.268
   25 (vir)   143         191.550           9.162          66.832         -12.837          280.381
   26 (vir)   143         233.917           2.936         -10.062         -17.758          244.549
 
 
  kpoint:     144             coordinate:     0.0000    0.0408    0.0000
 
    n           k   ϵ_nk^DFT (eV)     Σ^c_nk (eV)     Σ^x_nk (eV)    v_nk^xc (eV)   ϵ_nk^G0W0 (eV)
 
    1 (occ)   144         -21.317           7.995         -26.930         -16.203          -24.049
    2 (occ)   144          -8.884           3.747         -18.642         -13.186          -10.593
    3 (occ)   144          -5.297           2.924         -22.471         -18.205           -6.639
    4 (occ)   144          -5.221           2.906         -22.474         -18.238           -6.550
    5 (vir)   144           2.493          -2.322          -2.893          -6.709            3.988
    6 (vir)   144           3.730          -2.135          -2.806          -6.478            5.266
    7 (vir)   144           7.785          -4.058          -7.301         -14.384           10.810
    8 (vir)   144           7.939          -4.091          -7.311         -14.463           11.000
    9 (vir)   144           9.475          -4.307          -6.485         -13.178           11.860
   10 (vir)   144          10.129          -6.390          -5.082         -14.130           12.787
   11 (vir)   144          24.719          -4.918          -2.471         -10.068           27.398
   12 (vir)   144          27.847          -4.075          -3.528         -11.701           31.945
   13 (vir)   144          27.888          -4.144          -3.481         -11.698           31.961
   14 (vir)   144          38.044          -4.157          -3.992         -13.324           43.218
   15 (vir)   144          38.301          -4.148          -3.918         -13.235           43.470
   16 (vir)   144          42.831          -6.953          -3.348         -14.771           47.302
   17 (vir)   144          42.955          -2.963          -3.841         -15.470           51.621
   18 (vir)   144          43.517          -4.977          -3.850         -15.993           50.683
   19 (vir)   144          52.282          -1.380          -1.907          -9.770           58.765
   20 (vir)   144          70.225          -1.718          -2.909         -16.476           82.074
   21 (vir)   144          71.005          -1.463          -3.970         -16.570           82.142
   22 (vir)   144          74.292          -1.386          -2.252         -14.825           85.479
   23 (vir)   144          76.113          -1.116          -2.951         -14.269           86.315
   24 (vir)   144         134.279          -1.654         -39.181         -12.841          106.285
   25 (vir)   144         191.846           6.339          60.149         -12.868          271.202
   26 (vir)   144         231.576           4.070          -6.191         -17.601          247.056
 
 
  kpoint:     145             coordinate:     0.0000    0.0306    0.0000
 
    n           k   ϵ_nk^DFT (eV)     Σ^c_nk (eV)     Σ^x_nk (eV)    v_nk^xc (eV)   ϵ_nk^G0W0 (eV)
 
    1 (occ)   145         -21.329           7.998         -26.927         -16.197          -24.060
    2 (occ)   145          -8.903           3.752         -18.644         -13.181          -10.614
    3 (occ)   145          -5.237           2.911         -22.479         -18.233           -6.571
    4 (occ)   145          -5.193           2.900         -22.480         -18.252           -6.520
    5 (vir)   145           2.489          -2.357          -2.898          -6.751            3.985
    6 (vir)   145           3.713          -2.131          -2.791          -6.457            5.248
    7 (vir)   145           7.789          -4.060          -7.305         -14.401           10.825
    8 (vir)   145           7.875          -4.079          -7.311         -14.445           10.930
    9 (vir)   145           9.442          -4.333          -6.472         -13.161           11.797
   10 (vir)   145          10.172          -6.414          -5.091         -14.166           12.833
   11 (vir)   145          24.716          -4.804          -2.446         -10.037           27.502
   12 (vir)   145          27.942          -4.081          -3.513         -11.696           32.045
   13 (vir)   145          27.966          -4.120          -3.486         -11.695           32.055
   14 (vir)   145          37.987          -4.146          -3.976         -13.286           43.150
   15 (vir)   145          38.131          -4.141          -3.933         -13.235           43.292
   16 (vir)   145          42.748          -6.963          -3.362         -14.801           47.223
   17 (vir)   145          43.227          -7.087          -3.795         -15.688           48.033
   18 (vir)   145          43.551          -4.499          -3.857         -15.999           51.194
   19 (vir)   145          52.453          -2.667          -1.718          -9.372           57.440
   20 (vir)   145          70.317          -1.724          -2.951         -16.487           82.128
   21 (vir)   145          70.815          -1.714          -3.492         -16.544           82.153
   22 (vir)   145          74.415          -1.397          -2.270         -14.816           85.563
   23 (vir)   145          75.428          -1.316          -2.469         -14.470           86.115
   24 (vir)   145         150.895          11.263          -7.872         -13.120          167.406
   25 (vir)   145         192.032           3.571          50.223         -12.890          258.716
   26 (vir)   145         228.069           1.481           3.733         -17.401          250.685
 
 
  kpoint:     146             coordinate:     0.0000    0.0204    0.0000
 
    n           k   ϵ_nk^DFT (eV)     Σ^c_nk (eV)     Σ^x_nk (eV)    v_nk^xc (eV)   ϵ_nk^G0W0 (eV)
 
    1 (occ)   146         -21.337           8.001         -26.925         -16.192          -24.069
    2 (occ)   146          -8.916           3.756         -18.646         -13.177          -10.629
    3 (occ)   146          -5.193           2.901         -22.484         -18.254           -6.522
    4 (occ)   146          -5.172           2.896         -22.484         -18.263           -6.498
    5 (vir)   146           2.487          -2.379          -2.912          -6.784            3.981
    6 (vir)   146           3.701          -2.129          -2.781          -6.443            5.234
    7 (vir)   146           7.793          -4.062          -7.309         -14.413           10.835
    8 (vir)   146           7.830          -4.070          -7.312         -14.432           10.880
    9 (vir)   146           9.420          -4.345          -6.458         -13.149           11.765
   10 (vir)   146          10.202          -6.431          -5.097         -14.192           12.866
   11 (vir)   146          24.715          -4.556          -2.448         -10.015           27.725
   12 (vir)   146          28.012          -4.085          -3.502         -11.693           32.118
   13 (vir)   146          28.023          -4.103          -3.490         -11.692           32.123
   14 (vir)   146          37.945          -4.139          -3.964         -13.258           43.101
   15 (vir)   146          38.009          -4.137          -3.944         -13.235           43.163
   16 (vir)   146          42.688          -6.969          -3.373         -14.822           47.168
   17 (vir)   146          43.427          -4.052          -3.770         -15.859           51.464
   18 (vir)   146          43.574          -4.123          -3.867         -16.003           51.588
   19 (vir)   146          52.596          -1.877          -1.597          -9.048           58.170
   20 (vir)   146          70.381          -1.731          -3.009         -16.493           82.134
   21 (vir)   146          70.627          -1.801          -2.947         -16.518           82.397
   22 (vir)   146          74.507          -1.409          -2.290         -14.810           85.619
   23 (vir)   146          74.948          -1.433          -2.020         -14.647           86.142
   24 (vir)   146         168.151         -11.029          40.712         -13.384          211.218
   25 (vir)   146         192.142           1.490          40.440         -12.904          246.977
   26 (vir)   146         222.938          -4.613          16.892         -17.202          252.420
 
 
  kpoint:     147             coordinate:     0.0000    0.0102    0.0000
 
    n           k   ϵ_nk^DFT (eV)     Σ^c_nk (eV)     Σ^x_nk (eV)    v_nk^xc (eV)   ϵ_nk^G0W0 (eV)
 
    1 (occ)   147         -21.342           8.002         -26.924         -16.189          -24.075
    2 (occ)   147          -8.924           3.759         -18.647         -13.174          -10.638
    3 (occ)   147          -5.167           2.895         -22.488         -18.267           -6.493
    4 (occ)   147          -5.160           2.893         -22.487         -18.269           -6.485
    5 (vir)   147           2.487          -2.386          -2.928          -6.805            3.978
    6 (vir)   147           3.694          -2.127          -2.775          -6.434            5.226
    7 (vir)   147           7.794          -4.063          -7.311         -14.420           10.840
    8 (vir)   147           7.803          -4.065          -7.312         -14.424           10.851
    9 (vir)   147           9.406          -4.345          -6.448         -13.141           11.754
   10 (vir)   147          10.221          -6.442          -5.100         -14.207           12.886
   11 (vir)   147          24.714          -4.423          -2.462         -10.001           27.830
   12 (vir)   147          28.055          -4.088          -3.495         -11.691           32.163
   13 (vir)   147          28.057          -4.092          -3.492         -11.690           32.164
   14 (vir)   147          37.920          -4.134          -3.956         -13.241           43.070
   15 (vir)   147          37.934          -4.134          -3.952         -13.236           43.085
   16 (vir)   147          42.652          -6.973          -3.380         -14.835           47.135
   17 (vir)   147          43.550          -3.156          -3.760         -15.969           52.604
   18 (vir)   147          43.589          -3.957          -3.878         -16.006           51.759
   19 (vir)   147          52.692          -1.964          -1.549          -8.836           58.015
   20 (vir)   147          70.418          -1.724          -3.085         -16.496           82.105
   21 (vir)   147          70.486          -1.997          -2.463         -16.501           82.528
   22 (vir)   147          74.563          -1.425          -2.265         -14.807           85.680
   23 (vir)   147          74.669          -1.534          -1.759         -14.766           86.142
   24 (vir)   147         183.867          -3.266          95.055         -13.422          289.078
   25 (vir)   147         192.199           0.284          33.484         -12.913          238.879
   26 (vir)   147         216.035          -8.474          19.999         -17.208          244.769
 
 
  kpoint:     148             coordinate:     0.0000    0.0000    0.0000
 
    n           k   ϵ_nk^DFT (eV)     Σ^c_nk (eV)     Σ^x_nk (eV)    v_nk^xc (eV)   ϵ_nk^G0W0 (eV)
 
    1 (occ)   148         -21.343           8.002         -26.924         -16.188          -24.077
    2 (occ)   148          -8.927           3.760         -18.648         -13.174          -10.641
    3 (occ)   148          -5.159           2.893         -22.489         -18.271           -6.484
    4 (occ)   148          -5.155           2.892         -22.488         -18.271           -6.480
    5 (vir)   148           2.487          -2.387          -2.935          -6.812            3.977
    6 (vir)   148           3.692          -2.127          -2.773          -6.431            5.224
    7 (vir)   148           7.792          -4.063          -7.313         -14.422           10.838
    8 (vir)   148           7.797          -4.064          -7.311         -14.422           10.844
    9 (vir)   148           9.402          -4.344          -6.445         -13.139           11.752
   10 (vir)   148          10.227          -6.445          -5.102         -14.212           12.893
   11 (vir)   148          24.714          -4.395          -2.470          -9.997           27.846
   12 (vir)   148          28.068          -4.088          -3.493         -11.690           32.177
   13 (vir)   148          28.070          -4.089          -3.492         -11.689           32.179
   14 (vir)   148          37.908          -4.132          -3.954         -13.236           43.057
   15 (vir)   148          37.913          -4.134          -3.953         -13.235           43.062
   16 (vir)   148          42.640          -6.974          -3.382         -14.840           47.124
   17 (vir)   148          43.590          -2.922          -3.713         -16.007           52.962
   18 (vir)   148          43.594          -4.638          -3.927         -16.006           51.036
   19 (vir)   148          52.725          -4.059          -1.540          -8.762           55.888
   20 (vir)   148          70.429          -1.585          -3.426         -16.498           81.917
   21 (vir)   148          70.436          -2.202          -1.961         -16.495           82.768
   22 (vir)   148          74.575          -1.672          -1.215         -14.809           86.496
   23 (vir)   148          74.586          -1.323          -2.710         -14.805           85.358
   24 (vir)   148         192.216           0.718          29.408         -12.915          235.257
   25 (vir)   148         192.267          -2.824         142.050         -12.916          344.408
   26 (vir)   148         210.890          -2.273          -1.761         -17.731          224.587
 
