 
  kpoint:       1             coordinate:     0.0000    0.0000    0.0000
 
    n           k   ϵ_nk^DFT (eV)     Σ^c_nk (eV)     Σ^x_nk (eV)    v_nk^xc (eV)   ϵ_nk^G0W0 (eV)
 
    1 (occ)     1         -21.343           9.176         -26.924         -16.188          -22.904
    2 (occ)     1          -8.927           4.081         -18.648         -13.174          -10.320
    3 (occ)     1          -5.159           2.924         -22.489         -18.271           -6.454
    4 (occ)     1          -5.155           2.922         -22.488         -18.271           -6.450
    5 (vir)     1           2.487          -2.409          -2.935          -6.812            3.954
    6 (vir)     1           3.692          -2.173          -2.773          -6.431            5.178
    7 (vir)     1           7.792          -4.319          -7.313         -14.422           10.582
    8 (vir)     1           7.797          -4.332          -7.311         -14.422           10.576
    9 (vir)     1           9.402          -4.581          -6.445         -13.139           11.515
   10 (vir)     1          10.227          -7.590          -5.102         -14.212           11.748
   11 (vir)     1          24.714          -5.734          -2.470          -9.997           26.507
   12 (vir)     1          28.068          -7.761          -3.493         -11.690           28.505
   13 (vir)     1          28.070          -7.801          -3.492         -11.689           28.467
   14 (vir)     1          37.908         -10.050          -3.954         -13.236           37.140
   15 (vir)     1          37.913         -10.154          -3.953         -13.235           37.041
   16 (vir)     1          42.640          -1.703          -3.382         -14.840           52.395
   17 (vir)     1          43.590           6.569          -3.713         -16.007           62.454
   18 (vir)     1          43.594           6.401          -3.927         -16.006           62.074
   19 (vir)     1          52.725           2.724          -1.540          -8.762           62.671
   20 (vir)     1          70.429           1.979          -3.426         -16.498           85.481
   21 (vir)     1          70.436           3.369          -1.961         -16.495           88.339
   22 (vir)     1          74.575           2.329          -1.215         -14.809           90.497
   23 (vir)     1          74.586           1.766          -2.710         -14.805           88.447
   24 (vir)     1         192.216           1.007          29.408         -12.915          235.546
   25 (vir)     1         192.267           2.307         142.050         -12.916          349.539
   26 (vir)     1         210.890           1.983          -1.761         -17.731          228.843
 
 
  kpoint:       2             coordinate:     0.0068    0.0068    0.0000
 
    n           k   ϵ_nk^DFT (eV)     Σ^c_nk (eV)     Σ^x_nk (eV)    v_nk^xc (eV)   ϵ_nk^G0W0 (eV)
 
    1 (occ)     2         -21.341           9.193         -26.924         -16.189          -22.883
    2 (occ)     2          -8.923           4.080         -18.647         -13.175          -10.316
    3 (occ)     2          -5.171           2.927         -22.488         -18.265           -6.466
    4 (occ)     2          -5.161           2.924         -22.487         -18.268           -6.455
    5 (vir)     2           2.487          -2.406          -2.923          -6.802            3.960
    6 (vir)     2           3.695          -2.174          -2.775          -6.435            5.181
    7 (vir)     2           7.796          -4.334          -7.310         -14.419           10.572
    8 (vir)     2           7.804          -4.323          -7.312         -14.426           10.594
    9 (vir)     2           9.408          -4.582          -6.449         -13.142           11.519
   10 (vir)     2          10.219          -7.583          -5.100         -14.205           11.742
   11 (vir)     2          24.714          -5.815          -2.455         -10.003           26.448
   12 (vir)     2          28.051          -7.807          -3.495         -11.690           28.439
   13 (vir)     2          28.053          -7.763          -3.492         -11.691           28.489
   14 (vir)     2          37.924         -10.156          -3.957         -13.243           37.055
   15 (vir)     2          37.941         -10.080          -3.951         -13.236           37.146
   16 (vir)     2          42.656          -2.565          -3.379         -14.834           51.546
   17 (vir)     2          43.535           6.474          -3.709         -15.957           62.257
   18 (vir)     2          43.588         -10.086          -3.920         -16.005           45.587
   19 (vir)     2          52.681           2.839          -1.543          -8.861           62.837
   20 (vir)     2          70.413           2.098          -3.358         -16.497           85.650
   21 (vir)     2          70.504           3.394          -2.223         -16.502           88.178
   22 (vir)     2          74.560           1.877          -2.652         -14.807           88.593
   23 (vir)     2          74.696           2.533          -1.366         -14.753           90.615
   24 (vir)     2         181.669          -1.856         130.056         -13.451          323.320
   25 (vir)     2         192.203           4.936         -16.647         -12.911          193.403
   26 (vir)     2         217.178           1.099          31.422         -17.174          266.873
 
 
  kpoint:       3             coordinate:     0.0136    0.0136    0.0000
 
    n           k   ϵ_nk^DFT (eV)     Σ^c_nk (eV)     Σ^x_nk (eV)    v_nk^xc (eV)   ϵ_nk^G0W0 (eV)
 
    1 (occ)     3         -21.335           9.221         -26.924         -16.193          -22.845
    2 (occ)     3          -8.913           4.075         -18.646         -13.178          -10.305
    3 (occ)     3          -5.206           2.936         -22.483         -18.249           -6.504
    4 (occ)     3          -5.177           2.928         -22.483         -18.260           -6.472
    5 (vir)     3           2.488          -2.393          -2.899          -6.775            3.970
    6 (vir)     3           3.704          -2.176          -2.784          -6.447            5.191
    7 (vir)     3           7.794          -4.309          -7.307         -14.410           10.588
    8 (vir)     3           7.840          -4.339          -7.312         -14.435           10.624
    9 (vir)     3           9.426          -4.577          -6.460         -13.152           11.541
   10 (vir)     3          10.194          -7.561          -5.095         -14.185           11.723
   11 (vir)     3          24.715          -5.971          -2.428         -10.021           26.337
   12 (vir)     3          27.992          -7.824          -3.503         -11.693           28.358
   13 (vir)     3          28.010          -7.760          -3.491         -11.694           28.453
   14 (vir)     3          37.958         -10.182          -3.967         -13.265           37.074
   15 (vir)     3          38.040         -10.161          -3.942         -13.236           37.174
   16 (vir)     3          42.704          -2.466          -3.370         -14.816           51.684
   17 (vir)     3          43.372           6.439          -3.711         -15.813           61.913
   18 (vir)     3          43.569         -11.242          -3.898         -16.002           44.431
   19 (vir)     3          52.556           2.924          -1.591          -9.138           63.027
   20 (vir)     3          70.366           2.491          -3.192         -16.494           86.159
   21 (vir)     3          70.680           3.403          -2.874         -16.522           87.731
   22 (vir)     3          74.488           2.236          -2.497         -14.814           89.041
   23 (vir)     3          75.069           3.336          -1.803         -14.595           91.197
   24 (vir)     3         162.871          -0.011          58.545         -13.313          234.718
   25 (vir)     3         192.090           6.118           6.445         -12.899          217.551
   26 (vir)     3         224.735          -0.153          23.563         -17.257          265.403
 
 
  kpoint:       4             coordinate:     0.0204    0.0204    0.0000
 
    n           k   ϵ_nk^DFT (eV)     Σ^c_nk (eV)     Σ^x_nk (eV)    v_nk^xc (eV)   ϵ_nk^G0W0 (eV)
 
    1 (occ)     4         -21.324           9.193         -26.927         -16.199          -22.858
    2 (occ)     4          -8.895           4.068         -18.643         -13.183          -10.287
    3 (occ)     4          -5.263           2.950         -22.476         -18.221           -6.567
    4 (occ)     4          -5.204           2.934         -22.477         -18.246           -6.501
    5 (vir)     4           2.490          -2.372          -2.882          -6.733            3.969
    6 (vir)     4           3.720          -2.180          -2.797          -6.466            5.209
    7 (vir)     4           7.790          -4.302          -7.304         -14.396           10.580
    8 (vir)     4           7.899          -4.362          -7.310         -14.450           10.676
    9 (vir)     4           9.456          -4.571          -6.473         -13.169           11.581
   10 (vir)     4          10.153          -7.524          -5.087         -14.151           11.693
   11 (vir)     4          24.717          -6.178          -2.431         -10.050           26.158
   12 (vir)     4          27.892          -7.840          -3.514         -11.695           28.233
   13 (vir)     4          27.942          -7.750          -3.490         -11.700           28.401
   14 (vir)     4          38.012         -10.261          -3.983         -13.301           37.068
   15 (vir)     4          38.204         -10.279          -3.927         -13.236           37.235
   16 (vir)     4          42.783          -3.914          -3.356         -14.788           50.301
   17 (vir)     4          43.107         -11.436          -3.747         -15.592           43.517
   18 (vir)     4          43.538         -12.153          -3.875         -15.997           43.506
   19 (vir)     4          52.376           3.253          -1.743          -9.550           63.436
   20 (vir)     4          70.292           3.830          -3.035         -16.491           87.579
   21 (vir)     4          70.885           3.208          -3.602         -16.541           87.032
   22 (vir)     4          74.381           1.718          -2.322         -14.836           88.613
   23 (vir)     4          75.708           5.279          -2.454         -14.369           92.902
   24 (vir)     4         143.109          -3.173          -1.751         -12.997          151.182
   25 (vir)     4         191.771          -3.401          32.315         -12.871          233.557
   26 (vir)     4         229.922          -0.157           4.577         -17.497          251.839
 
 
  kpoint:       5             coordinate:     0.0272    0.0272    0.0000
 
    n           k   ϵ_nk^DFT (eV)     Σ^c_nk (eV)     Σ^x_nk (eV)    v_nk^xc (eV)   ϵ_nk^G0W0 (eV)
 
    1 (occ)     5         -21.308           9.122         -26.931         -16.208          -22.909
    2 (occ)     5          -8.870           4.057         -18.640         -13.191          -10.262
    3 (occ)     5          -5.342           2.971         -22.467         -18.185           -6.653
    4 (occ)     5          -5.242           2.943         -22.468         -18.227           -6.541
    5 (vir)     5           2.496          -2.369          -2.878          -6.680            3.929
    6 (vir)     5           3.742          -2.186          -2.817          -6.493            5.233
    7 (vir)     5           7.786          -4.301          -7.301         -14.378           10.563
    8 (vir)     5           7.980          -4.335          -7.306         -14.466           10.805
    9 (vir)     5           9.501          -4.572          -6.480         -13.194           11.642
   10 (vir)     5          10.096          -7.473          -5.075         -14.102           11.651
   11 (vir)     5          24.722          -6.576          -2.483         -10.092           25.755
   12 (vir)     5          27.750          -7.846          -3.526         -11.696           28.073
   13 (vir)     5          27.857          -7.735          -3.491         -11.709           28.340
   14 (vir)     5          38.084         -10.394          -4.004         -13.348           37.035
   15 (vir)     5          38.428         -10.415          -3.907         -13.240           37.346
   16 (vir)     5          42.750         -10.609          -3.829         -15.321           43.633
   17 (vir)     5          42.895          -3.253          -3.337         -14.749           51.054
   18 (vir)     5          43.496           6.400          -3.865         -15.989           62.020
   19 (vir)     5          52.169           3.405          -1.986         -10.037           63.626
   20 (vir)     5          70.197           3.087          -2.981         -16.492           86.797
   21 (vir)     5          71.030           2.740          -4.159         -16.521           86.132
   22 (vir)     5          74.261           2.806          -2.244         -14.887           89.710
   23 (vir)     5          76.606           5.671          -3.175         -14.126           93.228
   24 (vir)     5         125.096          -8.811         -36.681         -12.703           92.307
   25 (vir)     5         191.037          -2.610          47.270         -12.819          248.516
   26 (vir)     5         233.282          -0.235          -8.021         -17.702          242.727
 
 
  kpoint:       6             coordinate:     0.0340    0.0340    0.0000
 
    n           k   ϵ_nk^DFT (eV)     Σ^c_nk (eV)     Σ^x_nk (eV)    v_nk^xc (eV)   ϵ_nk^G0W0 (eV)
 
    1 (occ)     6         -21.287           9.453         -26.935         -16.217          -22.552
    2 (occ)     6          -8.838           4.044         -18.636         -13.200          -10.230
    3 (occ)     6          -5.442           2.998         -22.458         -18.140           -6.762
    4 (occ)     6          -5.291           2.954         -22.457         -18.202           -6.592
    5 (vir)     6           2.508          -2.341          -2.872          -6.621            3.917
    6 (vir)     6           3.770          -2.194          -2.843          -6.530            5.263
    7 (vir)     6           7.783          -4.289          -7.297         -14.358           10.554
    8 (vir)     6           8.080          -4.293          -7.297         -14.481           10.971
    9 (vir)     6           9.560          -4.724          -6.479         -13.229           11.586
   10 (vir)     6          10.024          -7.408          -5.059         -14.040           11.596
   11 (vir)     6          24.733          -7.209          -2.564         -10.145           25.104
   12 (vir)     6          27.567          -7.839          -3.540         -11.695           27.882
   13 (vir)     6          27.758          -7.718          -3.493         -11.722           28.270
   14 (vir)     6          38.174         -10.542          -4.028         -13.405           37.009
   15 (vir)     6          38.709         -10.555          -3.884         -13.247           37.518
   16 (vir)     6          42.316         -12.444          -3.932         -15.030           40.971
   17 (vir)     6          43.038          -4.480          -3.315         -14.701           49.945
   18 (vir)     6          43.442          -3.831          -3.875         -15.979           51.715
   19 (vir)     6          51.964           3.630          -2.232         -10.546           63.908
   20 (vir)     6          70.087           3.055          -3.065         -16.500           86.577
   21 (vir)     6          71.039           2.298          -4.459         -16.430           85.308
   22 (vir)     6          74.150           2.764          -2.396         -14.977           89.495
   23 (vir)     6          77.705           3.785          -3.844         -13.916           91.562
   24 (vir)     6         110.034          -6.825         -44.063         -12.452           71.598
   25 (vir)     6         189.571          -0.433          41.920         -12.729          243.786
   26 (vir)     6         235.473          -0.011         -11.795         -17.847          241.515
 
 
  kpoint:       7             coordinate:     0.0408    0.0408    0.0000
 
    n           k   ϵ_nk^DFT (eV)     Σ^c_nk (eV)     Σ^x_nk (eV)    v_nk^xc (eV)   ϵ_nk^G0W0 (eV)
 
    1 (occ)     7         -21.262           9.437         -26.937         -16.228          -22.533
    2 (occ)     7          -8.799           4.027         -18.631         -13.212          -10.190
    3 (occ)     7          -5.560           3.030         -22.449         -18.088           -6.891
    4 (occ)     7          -5.349           2.968         -22.444         -18.172           -6.653
    5 (vir)     7           2.528          -2.353          -2.845          -6.561            3.891
    6 (vir)     7           3.804          -2.203          -2.876          -6.576            5.301
    7 (vir)     7           7.782          -4.300          -7.293         -14.336           10.524
    8 (vir)     7           8.195          -4.264          -7.281         -14.490           11.141
    9 (vir)     7           9.637          -4.871          -6.478         -13.278           11.566
   10 (vir)     7           9.937          -7.330          -5.038         -13.962           11.530
   11 (vir)     7          24.752          -7.268          -2.630         -10.208           25.063
   12 (vir)     7          27.345          -7.823          -3.555         -11.690           27.656
   13 (vir)     7          27.653          -7.703          -3.495         -11.738           28.192
   14 (vir)     7          38.278         -10.653          -4.055         -13.470           37.039
   15 (vir)     7          39.042         -10.686          -3.857         -13.261           37.759
   16 (vir)     7          41.822           5.468          -3.996         -14.748           58.042
   17 (vir)     7          43.213          -3.259          -3.290         -14.645           51.309
   18 (vir)     7          43.378          -2.443          -3.903         -15.966           52.998
   19 (vir)     7          51.780           3.712          -2.403         -11.034           64.123
   20 (vir)     7          69.963           2.793          -3.255         -16.521           86.021
   21 (vir)     7          70.855           2.134          -4.540         -16.262           84.711
   22 (vir)     7          74.050           2.344          -2.851         -15.078           88.621
   23 (vir)     7          78.859           2.278          -4.595         -13.788           90.331
   24 (vir)     7          98.213           0.032         -34.165         -12.222           76.302
   25 (vir)     7         186.947          -0.029          17.477         -12.578          216.973
   26 (vir)     7         236.930           1.153          -9.617         -17.942          246.407
 
 
  kpoint:       8             coordinate:     0.0476    0.0476    0.0000
 
    n           k   ϵ_nk^DFT (eV)     Σ^c_nk (eV)     Σ^x_nk (eV)    v_nk^xc (eV)   ϵ_nk^G0W0 (eV)
 
    1 (occ)     8         -21.230           9.402         -26.937         -16.240          -22.525
    2 (occ)     8          -8.752           4.008         -18.625         -13.226          -10.143
    3 (occ)     8          -5.696           3.068         -22.441         -18.030           -7.039
    4 (occ)     8          -5.418           2.985         -22.430         -18.137           -6.725
    5 (vir)     8           2.558          -2.343          -2.801          -6.506            3.920
    6 (vir)     8           3.843          -2.215          -2.916          -6.632            5.344
    7 (vir)     8           7.783          -4.293          -7.289         -14.313           10.514
    8 (vir)     8           8.323          -4.327          -7.254         -14.485           11.227
    9 (vir)     8           9.734          -4.856          -6.495         -13.345           11.727
   10 (vir)     8           9.836          -7.239          -5.012         -13.869           11.453
   11 (vir)     8          24.782          -7.005          -2.655         -10.282           25.404
   12 (vir)     8          27.086          -7.801          -3.570         -11.682           27.397
   13 (vir)     8          27.544          -7.695          -3.499         -11.758           28.108
   14 (vir)     8          38.393         -10.715          -4.084         -13.541           37.135
   15 (vir)     8          39.420         -10.800          -3.828         -13.281           38.072
   16 (vir)     8          41.286           5.184          -3.981         -14.495           56.984
   17 (vir)     8          43.305           6.490          -3.938         -15.950           61.807
   18 (vir)     8          43.421          -1.621          -3.265         -14.582           53.117
   19 (vir)     8          51.629           3.758          -2.496         -11.472           64.364
   20 (vir)     8          69.826           2.562          -3.510         -16.571           85.449
   21 (vir)     8          70.424           2.388          -4.562         -16.023           84.274
   22 (vir)     8          73.885           1.963          -3.602         -15.070           87.316
   23 (vir)     8          79.635           2.261          -6.403         -13.828           89.321
   24 (vir)     8          89.799           4.517         -18.924         -12.007           87.399
   25 (vir)     8         182.651           0.250         -13.091         -12.342          182.152
   26 (vir)     8         237.904           1.887          -5.521         -17.999          252.268
 
 
  kpoint:       9             coordinate:     0.0544    0.0544    0.0000
 
    n           k   ϵ_nk^DFT (eV)     Σ^c_nk (eV)     Σ^x_nk (eV)    v_nk^xc (eV)   ϵ_nk^G0W0 (eV)
 
    1 (occ)     9         -21.194           8.938         -26.934         -16.252          -22.938
    2 (occ)     9          -8.699           3.986         -18.618         -13.242          -10.089
    3 (occ)     9          -5.847           3.111         -22.435         -17.968           -7.203
    4 (occ)     9          -5.496           3.003         -22.413         -18.098           -6.807
    5 (vir)     9           2.601          -2.359          -2.761          -6.461            3.942
    6 (vir)     9           3.888          -2.230          -2.965          -6.701            5.393
    7 (vir)     9           7.787          -4.303          -7.285         -14.292           10.491
    8 (vir)     9           8.458          -4.317          -7.218         -14.463           11.387
    9 (vir)     9           9.721          -7.136          -4.979         -13.759           11.366
   10 (vir)     9           9.853          -4.743          -6.546         -13.433           11.996
   11 (vir)     9          24.823          -6.292          -2.651         -10.366           26.246
   12 (vir)     9          26.794          -7.772          -3.586         -11.670           27.105
   13 (vir)     9          27.437          -7.697          -3.502         -11.781           28.018
   14 (vir)     9          38.519         -10.767          -4.113         -13.615           37.254
   15 (vir)     9          39.835         -10.894          -3.797         -13.309           38.453
   16 (vir)     9          40.726           3.671          -3.913         -14.284           54.767
   17 (vir)     9          43.223           6.471          -3.965         -15.931           61.660
   18 (vir)     9          43.663          -1.984          -3.242         -14.513           52.950
   19 (vir)     9          51.517           0.099          -2.561         -11.846           60.901
   20 (vir)     9          69.548           2.244          -5.492         -16.190           82.491
   21 (vir)     9          69.737           3.347          -3.409         -16.089           85.765
   22 (vir)     9          73.359          -1.104          -4.728         -14.643           82.170
   23 (vir)     9          78.731           3.757          -9.145         -14.127           87.469
   24 (vir)     9          85.982           2.902          -6.016         -12.088           94.956
   25 (vir)     9         176.155           0.466         -32.076         -11.995          156.539
   26 (vir)     9         238.527           2.054          -2.453         -18.029          256.157
 
 
  kpoint:      10             coordinate:     0.0612    0.0612    0.0000
 
    n           k   ϵ_nk^DFT (eV)     Σ^c_nk (eV)     Σ^x_nk (eV)    v_nk^xc (eV)   ϵ_nk^G0W0 (eV)
 
    1 (occ)    10         -21.152           9.229         -26.930         -16.264          -22.589
    2 (occ)    10          -8.639           3.961         -18.610         -13.261          -10.028
    3 (occ)    10          -6.013           3.159         -22.432         -17.903           -7.383
    4 (occ)    10          -5.583           3.025         -22.395         -18.054           -6.899
    5 (vir)    10           2.658          -2.328          -2.744          -6.430            4.017
    6 (vir)    10           3.937          -2.249          -3.023          -6.783            5.448
    7 (vir)    10           7.796          -4.283          -7.281         -14.271           10.503
    8 (vir)    10           8.597          -4.482          -7.173         -14.420           11.362
    9 (vir)    10           9.596          -7.020          -4.938         -13.631           11.269
   10 (vir)    10           9.999          -4.675          -6.622         -13.544           12.247
   11 (vir)    10          24.877          -6.007          -2.654         -10.457           26.673
   12 (vir)    10          26.472          -7.735          -3.601         -11.653           26.789
   13 (vir)    10          27.334          -7.714          -3.506         -11.807           27.920
   14 (vir)    10          38.652         -10.845          -4.141         -13.691           37.357
   15 (vir)    10          40.156           3.805          -3.852         -14.118           54.227
   16 (vir)    10          40.280         -10.982          -3.762         -13.346           38.882
   17 (vir)    10          43.133          -2.986          -3.975         -15.909           52.081
   18 (vir)    10          43.941          -2.354          -3.222         -14.439           52.804
   19 (vir)    10          51.443           3.884          -2.630         -12.151           64.848
   20 (vir)    10          67.952           2.490          -8.291         -14.781           76.933
   21 (vir)    10          69.538           3.039          -3.510         -16.587           85.655
   22 (vir)    10          72.057           1.626          -5.105         -14.030           82.609
   23 (vir)    10          77.064           1.776          -6.892         -15.043           86.991
   24 (vir)    10          86.157           1.488          -2.393         -12.323           97.575
   25 (vir)    10         167.063           0.056         -29.241         -11.521          149.400
   26 (vir)    10         238.869           1.900          -1.300         -18.043          257.512
 
 
  kpoint:      11             coordinate:     0.0680    0.0680    0.0000
 
    n           k   ϵ_nk^DFT (eV)     Σ^c_nk (eV)     Σ^x_nk (eV)    v_nk^xc (eV)   ϵ_nk^G0W0 (eV)
 
    1 (occ)    11         -21.104           9.238         -26.925         -16.277          -22.514
    2 (occ)    11          -8.572           3.933         -18.602         -13.281           -9.959
    3 (occ)    11          -6.191           3.212         -22.432         -17.835           -7.575
    4 (occ)    11          -5.679           3.048         -22.376         -18.006           -7.001
    5 (vir)    11           2.732          -2.316          -2.748          -6.416            4.085
    6 (vir)    11           3.990          -2.271          -3.093          -6.881            5.508
    7 (vir)    11           7.810          -4.281          -7.277         -14.252           10.504
    8 (vir)    11           8.735          -4.525          -7.124         -14.356           11.442
    9 (vir)    11           9.459          -6.892          -4.887         -13.483           11.163
   10 (vir)    11          10.174          -4.794          -6.689         -13.676           12.367
   11 (vir)    11          24.943          -6.205          -2.690         -10.556           26.604
   12 (vir)    11          26.125          -7.685          -3.617         -11.633           26.456
   13 (vir)    11          27.237          -7.749          -3.510         -11.836           27.814
   14 (vir)    11          38.793         -10.954          -4.168         -13.767           37.438
   15 (vir)    11          39.589           2.617          -3.806         -13.995           52.394
   16 (vir)    11          40.745         -11.085          -3.723         -13.391           39.329
   17 (vir)    11          43.035          -3.281          -3.972         -15.883           51.664
   18 (vir)    11          44.259          -2.684          -3.207         -14.361           52.729
   19 (vir)    11          51.399           3.534          -2.681         -12.391           64.643
   20 (vir)    11          65.243          -0.055         -11.784         -13.385           66.789
   21 (vir)    11          69.341           2.910          -3.739         -16.733           85.246
   22 (vir)    11          70.773           1.064          -3.447         -14.274           82.665
   23 (vir)    11          76.557           0.552          -5.253         -15.630           87.486
   24 (vir)    11          87.409           1.460          -1.751         -12.339           99.456
   25 (vir)    11         155.327           1.155         -10.081         -10.930          157.332
   26 (vir)    11         238.974           1.626          -1.336         -18.047          257.311
 
 
  kpoint:      12             coordinate:     0.0748    0.0748    0.0000
 
    n           k   ϵ_nk^DFT (eV)     Σ^c_nk (eV)     Σ^x_nk (eV)    v_nk^xc (eV)   ϵ_nk^G0W0 (eV)
 
    1 (occ)    12         -21.050           9.164         -26.918         -16.290          -22.515
    2 (occ)    12          -8.498           3.902         -18.593         -13.305           -9.884
    3 (occ)    12          -6.379           3.270         -22.435         -17.767           -7.778
    4 (occ)    12          -5.783           3.074         -22.357         -17.955           -7.111
    5 (vir)    12           2.823          -2.306          -2.748          -6.422            4.191
    6 (vir)    12           4.047          -2.298          -3.174          -6.998            5.572
    7 (vir)    12           7.829          -4.278          -7.273         -14.234           10.512
    8 (vir)    12           8.870          -4.508          -7.063         -14.276           11.576
    9 (vir)    12           9.314          -6.751          -4.825         -13.312           11.050
   10 (vir)    12          10.379          -5.122          -6.711         -13.823           12.369
   11 (vir)    12          25.021          -7.567          -2.750         -10.661           25.365
   12 (vir)    12          25.755          -7.617          -3.632         -11.609           26.114
   13 (vir)    12          27.150          -7.809          -3.514         -11.868           27.696
   14 (vir)    12          38.940         -11.082          -4.192         -13.842           37.508
   15 (vir)    12          39.028           3.795          -3.699         -13.903           53.028
   16 (vir)    12          41.222         -11.222          -3.677         -13.444           39.767
   17 (vir)    12          42.929          -3.388          -3.974         -15.851           51.418
   18 (vir)    12          44.620          -2.802          -3.201         -14.282           52.899
   19 (vir)    12          51.372           4.304          -2.702         -12.572           65.546
   20 (vir)    12          62.209           1.307         -11.879         -12.485           64.123
   21 (vir)    12          69.040           1.859          -4.069         -16.755           83.585
   22 (vir)    12          69.968           4.488          -2.175         -14.566           86.847
   23 (vir)    12          76.582           0.451          -4.354         -15.842           88.521
   24 (vir)    12          88.786           2.301          -1.498         -12.250          101.839
   25 (vir)    12         141.443          -5.907           8.103         -10.269          153.908
   26 (vir)    12         238.892           2.028          -1.485         -18.044          257.479
 
 
  kpoint:      13             coordinate:     0.0816    0.0816    0.0000
 
    n           k   ϵ_nk^DFT (eV)     Σ^c_nk (eV)     Σ^x_nk (eV)    v_nk^xc (eV)   ϵ_nk^G0W0 (eV)
 
    1 (occ)    13         -20.991           9.043         -26.908         -16.303          -22.554
    2 (occ)    13          -8.417           3.869         -18.583         -13.331           -9.801
    3 (occ)    13          -6.577           3.332         -22.442         -17.697           -7.990
    4 (occ)    13          -5.896           3.103         -22.336         -17.900           -7.229
    5 (vir)    13           2.933          -2.329          -2.722          -6.449            4.331
    6 (vir)    13           4.106          -2.330          -3.271          -7.136            5.641
    7 (vir)    13           7.854          -4.277          -7.269         -14.218           10.526
    8 (vir)    13           9.001          -4.592          -6.981         -14.189           11.618
    9 (vir)    13           9.161          -6.597          -4.750         -13.117           10.931
   10 (vir)    13          10.613          -5.405          -6.679         -13.975           12.505
   11 (vir)    13          25.108          -7.881          -2.805         -10.771           25.193
   12 (vir)    13          25.367          -7.531          -3.647         -11.581           25.769
   13 (vir)    13          27.073          -7.895          -3.517         -11.903           27.564
   14 (vir)    13          38.475           5.025          -3.449         -13.832           53.883
   15 (vir)    13          39.091         -11.217          -4.214         -13.916           37.576
   16 (vir)    13          41.699         -11.397          -3.624         -13.501           40.179
   17 (vir)    13          42.814          -3.634          -3.998         -15.812           50.995
   18 (vir)    13          45.028          -3.072          -3.203         -14.205           52.957
   19 (vir)    13          51.338           5.391          -2.755         -12.699           66.674
   20 (vir)    13          59.353           3.641          -7.579         -11.866           67.281
   21 (vir)    13          68.518           1.712          -3.894         -16.344           82.680
   22 (vir)    13          69.537           6.100          -2.064         -15.116           88.689
   23 (vir)    13          76.780           0.864          -3.589         -15.936           89.991
   24 (vir)    13          89.859          -0.676          -1.155         -12.053          100.081
   25 (vir)    13         126.572          -8.186          10.442          -9.664          138.492
   26 (vir)    13         238.680          -3.024          -1.277         -18.039          252.419
 
 
  kpoint:      14             coordinate:     0.0884    0.0884    0.0000
 
    n           k   ϵ_nk^DFT (eV)     Σ^c_nk (eV)     Σ^x_nk (eV)    v_nk^xc (eV)   ϵ_nk^G0W0 (eV)
 
    1 (occ)    14         -20.927           9.014         -26.898         -16.317          -22.494
    2 (occ)    14          -8.330           3.832         -18.573         -13.359           -9.711
    3 (occ)    14          -6.782           3.398         -22.452         -17.627           -8.208
    4 (occ)    14          -6.015           3.133         -22.316         -17.842           -7.356
    5 (vir)    14           3.061          -2.322          -2.676          -6.497            4.559
    6 (vir)    14           4.166          -2.370          -3.384          -7.300            5.712
    7 (vir)    14           7.886          -4.278          -7.265         -14.203           10.546
    8 (vir)    14           9.003          -6.430          -4.659         -12.894           10.808
    9 (vir)    14           9.129          -4.594          -6.875         -14.101           11.761
   10 (vir)    14          10.875          -5.178          -6.620         -14.124           13.202
   11 (vir)    14          24.963          -7.425          -3.662         -11.549           25.425
   12 (vir)    14          25.203          -7.654          -2.835         -10.885           25.599
   13 (vir)    14          27.008          -8.010          -3.520         -11.940           27.419
   14 (vir)    14          37.923         -10.010          -3.086         -13.767           38.594
   15 (vir)    14          39.247         -11.353          -4.233         -13.987           37.648
   16 (vir)    14          42.167         -11.604          -3.564         -13.559           40.558
   17 (vir)    14          42.688          -3.585          -4.052         -15.759           50.810
   18 (vir)    14          45.490          -3.011          -3.216         -14.132           53.395
   19 (vir)    14          51.248           3.336          -2.911         -12.758           64.431
   20 (vir)    14          56.766           1.415          -0.820         -11.371           68.732
   21 (vir)    14          67.837           3.603          -3.604         -15.989           83.826
   22 (vir)    14          69.316           3.535          -2.518         -15.520           85.853
   23 (vir)    14          77.037           2.173          -2.986         -15.979           92.202
   24 (vir)    14          89.755           0.111          -1.411         -11.482           99.936
   25 (vir)    14         112.760          10.115          -2.853          -9.490          129.512
   26 (vir)    14         238.406          -2.650          -0.947         -18.033          252.843
 
 
  kpoint:      15             coordinate:     0.0952    0.0952    0.0000
 
    n           k   ϵ_nk^DFT (eV)     Σ^c_nk (eV)     Σ^x_nk (eV)    v_nk^xc (eV)   ϵ_nk^G0W0 (eV)
 
    1 (occ)    15         -20.857           9.074         -26.887         -16.331          -22.339
    2 (occ)    15          -8.236           3.793         -18.563         -13.390           -9.615
    3 (occ)    15          -6.993           3.468         -22.465         -17.558           -8.432
    4 (occ)    15          -6.141           3.166         -22.295         -17.781           -7.490
    5 (vir)    15           3.207          -2.370          -2.646          -6.567            4.758
    6 (vir)    15           4.226          -2.418          -3.517          -7.494            5.785
    7 (vir)    15           7.924          -4.282          -7.260         -14.188           10.570
    8 (vir)    15           8.842          -6.251          -4.549         -12.638           10.680
    9 (vir)    15           9.255          -4.550          -6.763         -14.016           11.958
   10 (vir)    15          11.162          -4.966          -6.580         -14.265           13.882
   11 (vir)    15          24.546          -7.306          -3.677         -11.514           25.077
   12 (vir)    15          25.301          -5.632          -2.845         -11.002           27.826
   13 (vir)    15          26.956          -8.144          -3.523         -11.979           27.268
   14 (vir)    15          37.364         -10.099          -2.781         -13.692           38.175
   15 (vir)    15          39.407         -11.489          -4.250         -14.055           37.723
   16 (vir)    15          42.542          -9.671          -4.135         -15.678           44.414
   17 (vir)    15          42.618         -11.824          -3.498         -13.613           40.909
   18 (vir)    15          46.006          -4.227          -3.236         -14.070           52.613
   19 (vir)    15          50.958           2.567          -2.750         -12.601           63.376
   20 (vir)    15          54.519          -1.009           4.112         -11.107           68.729
   21 (vir)    15          67.075           1.679          -3.723         -15.752           80.784
   22 (vir)    15          69.169           2.913          -2.896         -15.705           84.890
   23 (vir)    15          77.287           3.198          -2.657         -15.946           93.774
   24 (vir)    15          85.811           0.318          -9.567          -9.892           86.454
   25 (vir)    15         103.869           0.301         -12.376         -10.570          102.364
   26 (vir)    15         238.135          -6.113          -0.918         -18.029          249.134
 
 
  kpoint:      16             coordinate:     0.1020    0.1020    0.0000
 
    n           k   ϵ_nk^DFT (eV)     Σ^c_nk (eV)     Σ^x_nk (eV)    v_nk^xc (eV)   ϵ_nk^G0W0 (eV)
 
    1 (occ)    16         -20.783           9.084         -26.876         -16.347          -22.228
    2 (occ)    16          -8.135           3.752         -18.552         -13.424           -9.511
    3 (occ)    16          -7.209           3.541         -22.480         -17.489           -8.660
    4 (occ)    16          -6.274           3.200         -22.275         -17.718           -7.630
    5 (vir)    16           3.369          -2.395          -2.664          -6.656            4.966
    6 (vir)    16           4.285          -2.477          -3.673          -7.723            5.859
    7 (vir)    16           7.968          -4.288          -7.253         -14.174           10.601
    8 (vir)    16           8.681          -6.078          -4.416         -12.344           10.531
    9 (vir)    16           9.380          -4.492          -6.677         -13.935           12.147
   10 (vir)    16          11.471          -4.905          -6.587         -14.395           14.374
   11 (vir)    16          24.120          -7.196          -3.692         -11.477           24.709
   12 (vir)    16          25.399          -6.529          -2.866         -11.119           27.123
   13 (vir)    16          26.916          -8.287          -3.525         -12.020           27.124
   14 (vir)    16          36.786         -11.121          -2.736         -13.590           36.519
   15 (vir)    16          39.570         -11.630          -4.264         -14.120           37.797
   16 (vir)    16          42.359           4.390          -4.260         -15.530           58.019
   17 (vir)    16          43.047         -12.032          -3.428         -13.657           41.243
   18 (vir)    16          46.579          -4.080          -3.263         -14.023           53.259
   19 (vir)    16          50.016          -7.564          -0.817         -11.703           53.337
   20 (vir)    16          52.981          -4.257           2.598         -11.621           62.943
   21 (vir)    16          66.126           0.874          -4.773         -15.257           77.485
   22 (vir)    16          69.056           3.006          -3.055         -15.776           84.783
   23 (vir)    16          76.509           0.131         -12.866         -11.068           74.841
   24 (vir)    16          78.292           0.019         -10.997         -13.742           81.056
   25 (vir)    16         101.612           0.103          -8.952         -11.580          104.343
   26 (vir)    16         237.925           2.133          -1.291         -18.028          256.795
 
 
  kpoint:      17             coordinate:     0.1088    0.1088    0.0000
 
    n           k   ϵ_nk^DFT (eV)     Σ^c_nk (eV)     Σ^x_nk (eV)    v_nk^xc (eV)   ϵ_nk^G0W0 (eV)
 
    1 (occ)    17         -20.703           9.047         -26.867         -16.364          -22.159
    2 (occ)    17          -8.028           3.708         -18.542         -13.461           -9.401
    3 (occ)    17          -7.429           3.616         -22.498         -17.420           -8.891
    4 (occ)    17          -6.412           3.237         -22.256         -17.654           -7.777
    5 (vir)    17           3.547          -2.424          -2.740          -6.763            5.147
    6 (vir)    17           4.340          -2.547          -3.856          -7.994            5.931
    7 (vir)    17           8.020          -4.280          -7.246         -14.160           10.654
    8 (vir)    17           8.522          -5.902          -4.258         -12.006           10.369
    9 (vir)    17           9.506          -4.491          -6.632         -13.859           12.242
   10 (vir)    17          11.798          -4.948          -6.633         -14.511           14.728
   11 (vir)    17          23.686          -7.121          -3.706         -11.436           24.295
   12 (vir)    17          25.490          -6.406          -2.921         -11.234           27.397
   13 (vir)    17          26.890          -8.425          -3.527         -12.062           27.001
   14 (vir)    17          36.179          -8.301          -3.024         -13.446           38.299
   15 (vir)    17          39.736         -11.782          -4.276         -14.183           37.860
   16 (vir)    17          42.093          -9.528          -4.521         -15.183           43.228
   17 (vir)    17          43.453         -12.196          -3.360         -13.689           41.586
   18 (vir)    17          47.205          -4.870          -3.292         -13.993           53.035
   19 (vir)    17          48.143          -6.358          -1.490         -10.739           51.034
   20 (vir)    17          52.374          -8.912          -1.054         -12.347           54.756
   21 (vir)    17          63.984           0.495         -11.041         -11.990           65.426
   22 (vir)    17          68.900           2.704          -2.817         -14.799           83.586
   23 (vir)    17          69.372           0.408         -14.221         -12.422           67.982
   24 (vir)    17          78.016           1.530          -3.601         -16.115           92.061
   25 (vir)    17         101.998           0.443          -5.501         -11.886          108.826
   26 (vir)    17         237.818           1.124          -1.778         -18.030          255.193
 
 
  kpoint:      18             coordinate:     0.1156    0.1156    0.0000
 
    n           k   ϵ_nk^DFT (eV)     Σ^c_nk (eV)     Σ^x_nk (eV)    v_nk^xc (eV)   ϵ_nk^G0W0 (eV)
 
    1 (occ)    18         -20.618           8.969         -26.857         -16.382          -22.124
    2 (occ)    18          -7.915           3.661         -18.531         -13.501           -9.284
    3 (occ)    18          -7.652           3.694         -22.517         -17.352           -9.123
    4 (occ)    18          -6.555           3.275         -22.237         -17.588           -7.929
    5 (vir)    18           3.738          -2.469          -2.846          -6.884            5.307
    6 (vir)    18           4.389          -2.633          -4.068          -8.312            6.000
    7 (vir)    18           8.078          -4.265          -7.236         -14.146           10.722
    8 (vir)    18           8.369          -5.883          -4.070         -11.620           10.037
    9 (vir)    18           9.634          -4.583          -6.615         -13.786           12.221
   10 (vir)    18          12.139          -5.175          -6.685         -14.615           14.895
   11 (vir)    18          23.248          -7.106          -3.720         -11.393           23.814
   12 (vir)    18          25.570          -6.450          -3.008         -11.338           27.450
   13 (vir)    18          26.878          -8.548          -3.529         -12.107           26.907
   14 (vir)    18          35.528           2.837          -3.498         -13.242           48.109
   15 (vir)    18          39.905         -11.953          -4.286         -14.242           37.908
   16 (vir)    18          41.591           6.167          -5.287         -14.124           56.596
   17 (vir)    18          43.834         -12.301          -3.294         -13.707           41.947
   18 (vir)    18          45.931         -10.227          -5.151         -10.796           41.348
   19 (vir)    18          47.879          -2.687          -3.321         -13.982           55.853
   20 (vir)    18          52.150           4.622          -2.650         -12.676           66.798
   21 (vir)    18          58.534           0.089         -11.484          -8.099           55.238
   22 (vir)    18          66.573           0.942          -4.562         -15.125           78.078
   23 (vir)    18          68.908           2.614          -3.379         -15.922           84.065
   24 (vir)    18          78.253           1.583          -3.537         -16.162           92.462
   25 (vir)    18         103.066           0.803          -3.246         -12.000          112.622
   26 (vir)    18         237.835           1.009          -2.009         -18.033          254.868
 
 
  kpoint:      19             coordinate:     0.1224    0.1224    0.0000
 
    n           k   ϵ_nk^DFT (eV)     Σ^c_nk (eV)     Σ^x_nk (eV)    v_nk^xc (eV)   ϵ_nk^G0W0 (eV)
 
    1 (occ)    19         -20.530           8.839         -26.847         -16.402          -22.135
    2 (occ)    19          -7.876           3.773         -22.537         -17.285           -9.355
    3 (occ)    19          -7.795           3.612         -18.521         -13.545           -9.160
    4 (occ)    19          -6.702           3.316         -22.220         -17.521           -8.086
    5 (vir)    19           3.940          -2.514          -2.948          -7.018            5.496
    6 (vir)    19           4.429          -2.735          -4.311          -8.681            6.064
    7 (vir)    19           8.143          -4.265          -7.225         -14.132           10.785
    8 (vir)    19           8.226          -5.560          -3.851         -11.182            9.997
    9 (vir)    19           9.763          -4.717          -6.590         -13.714           12.170
   10 (vir)    19          12.492          -5.801          -6.703         -14.706           14.693
   11 (vir)    19          22.807          -7.154          -3.734         -11.347           23.266
   12 (vir)    19          25.626          -6.635          -3.094         -11.420           27.316
   13 (vir)    19          26.878          -8.659          -3.531         -12.152           26.840
   14 (vir)    19          34.823           2.267          -3.872         -12.959           46.177
   15 (vir)    19          40.076         -12.139          -4.294         -14.298           37.941
   16 (vir)    19          40.383           5.178          -6.792         -11.276           50.045
   17 (vir)    19          44.108           4.216          -5.686         -12.742           55.380
   18 (vir)    19          44.195         -12.366          -3.233         -13.712           42.309
   19 (vir)    19          48.597          -1.963          -3.348         -13.987           57.274
   20 (vir)    19          51.897           1.547          -3.156         -12.456           62.744
   21 (vir)    19          53.429           0.391          -4.761          -8.250           57.309
   22 (vir)    19          65.641           2.146          -3.700         -15.685           79.772
   23 (vir)    19          68.846           3.694          -3.099         -15.911           85.352
   24 (vir)    19          78.500           1.499          -3.545         -16.194           92.648
   25 (vir)    19         104.315           1.800          -1.882         -12.068          116.301
   26 (vir)    19         237.977           1.368          -1.885         -18.038          255.498
 
 
  kpoint:      20             coordinate:     0.1293    0.1293    0.0000
 
    n           k   ϵ_nk^DFT (eV)     Σ^c_nk (eV)     Σ^x_nk (eV)    v_nk^xc (eV)   ϵ_nk^G0W0 (eV)
 
    1 (occ)    20         -20.437           8.654         -26.837         -16.425          -22.195
    2 (occ)    20          -8.101           3.854         -22.559         -17.219           -9.586
    3 (occ)    20          -7.670           3.561         -18.512         -13.591           -9.030
    4 (occ)    20          -6.854           3.357         -22.204         -17.453           -8.248
    5 (vir)    20           4.151          -2.581          -3.025          -7.159            5.705
    6 (vir)    20           4.456          -2.855          -4.584          -9.102            6.118
    7 (vir)    20           8.097          -5.263          -3.602         -10.690            9.923
    8 (vir)    20           8.216          -4.283          -7.212         -14.117           10.837
    9 (vir)    20           9.896          -4.991          -6.525         -13.641           12.021
   10 (vir)    20          12.854          -6.368          -6.675         -14.784           14.595
   11 (vir)    20          22.365          -7.221          -3.747         -11.299           22.696
   12 (vir)    20          25.643          -6.879          -3.136         -11.454           27.082
   13 (vir)    20          26.892          -8.762          -3.533         -12.199           26.797
   14 (vir)    20          34.046           2.721          -3.937         -12.557           45.387
   15 (vir)    20          38.192           2.123          -5.981          -8.682           43.016
   16 (vir)    20          40.248         -12.329          -4.298         -14.351           37.971
   17 (vir)    20          43.202           4.226          -4.495         -14.662           57.595
   18 (vir)    20          44.537         -12.425          -3.177         -13.706           42.641
   19 (vir)    20          49.296           0.190          -2.415          -8.573           55.644
   20 (vir)    20          49.352          -1.566          -3.371         -14.007           58.421
   21 (vir)    20          52.136           2.967          -3.244         -12.594           64.453
   22 (vir)    20          64.993           2.661          -3.615         -15.812           79.851
   23 (vir)    20          68.796           4.458          -2.906         -15.901           86.249
   24 (vir)    20          78.745           1.526          -3.501         -16.224           92.994
   25 (vir)    20         105.587           5.452          -1.282         -12.128          121.885
   26 (vir)    20         238.230           2.602          -1.652         -18.043          257.223
 
 
  kpoint:      21             coordinate:     0.1361    0.1361    0.0000
 
    n           k   ϵ_nk^DFT (eV)     Σ^c_nk (eV)     Σ^x_nk (eV)    v_nk^xc (eV)   ϵ_nk^G0W0 (eV)
 
    1 (occ)    21         -20.340           8.550         -26.827         -16.449          -22.167
    2 (occ)    21          -8.325           3.937         -22.580         -17.153           -9.816
    3 (occ)    21          -7.539           3.508         -18.504         -13.642           -8.893
    4 (occ)    21          -7.008           3.401         -22.190         -17.385           -8.413
    5 (vir)    21           4.369          -2.624          -3.080          -7.306            5.972
    6 (vir)    21           4.466          -2.992          -4.883          -9.569            6.161
    7 (vir)    21           7.987          -4.964          -3.326         -10.151            9.848
    8 (vir)    21           8.295          -4.307          -7.196         -14.101           10.893
    9 (vir)    21          10.030          -4.960          -6.416         -13.566           12.221
   10 (vir)    21          13.220          -6.321          -6.610         -14.850           15.139
   11 (vir)    21          21.924          -7.235          -3.760         -11.249           22.179
   12 (vir)    21          25.597          -6.983          -3.118         -11.391           26.887
   13 (vir)    21          26.919          -8.864          -3.535         -12.248           26.768
   14 (vir)    21          33.165           4.722          -3.815         -11.898           45.969
   15 (vir)    21          35.814           0.732          -3.605          -7.905           40.845
   16 (vir)    21          40.420         -12.508          -4.300         -14.400           38.013
   17 (vir)    21          42.789         -12.184          -4.115         -15.278           41.768
   18 (vir)    21          44.863         -12.503          -3.126         -13.690           42.923
   19 (vir)    21          46.605          -0.102          -2.694          -8.800           52.610
   20 (vir)    21          50.136          -2.590          -3.392         -14.038           58.193
   21 (vir)    21          52.042           2.926          -3.091         -12.884           64.760
   22 (vir)    21          64.436           2.865          -3.594         -15.856           79.563
   23 (vir)    21          68.752           4.248          -2.796         -15.887           86.091
   24 (vir)    21          78.986           1.609          -3.444         -16.255           93.406
   25 (vir)    21         106.816           3.269          -1.245         -12.191          121.030
   26 (vir)    21         238.567           4.891          -1.663         -18.048          259.843
 
 
  kpoint:      22             coordinate:     0.1429    0.1429    0.0000
 
    n           k   ϵ_nk^DFT (eV)     Σ^c_nk (eV)     Σ^x_nk (eV)    v_nk^xc (eV)   ϵ_nk^G0W0 (eV)
 
    1 (occ)    22         -20.239           8.578         -26.819         -16.477          -22.004
    2 (occ)    22          -8.549           4.021         -22.602         -17.088          -10.042
    3 (occ)    22          -7.402           3.453         -18.496         -13.696           -8.750
    4 (occ)    22          -7.166           3.446         -22.178         -17.317           -8.581
    5 (vir)    22           4.457          -3.143          -5.198         -10.070            6.186
    6 (vir)    22           4.593          -2.376          -3.128          -7.457            6.544
    7 (vir)    22           7.899          -4.661          -3.033          -9.578            9.783
    8 (vir)    22           8.382          -4.289          -7.177         -14.085           11.001
    9 (vir)    22          10.167          -4.752          -6.288         -13.488           12.615
   10 (vir)    22          13.589          -5.864          -6.535         -14.901           16.091
   11 (vir)    22          21.487          -7.161          -3.773         -11.197           21.751
   12 (vir)    22          25.451          -6.416          -3.078         -11.150           27.107
   13 (vir)    22          26.958          -8.973          -3.536         -12.297           26.747
   14 (vir)    22          32.117           3.656          -3.974         -10.702           42.500
   15 (vir)    22          33.896           1.298          -2.011          -8.485           41.669
   16 (vir)    22          40.593         -12.666          -4.300         -14.447           38.074
   17 (vir)    22          42.500         -10.731          -4.082         -15.228           42.915
   18 (vir)    22          44.604           3.058          -2.810          -9.358           54.210
   19 (vir)    22          45.174         -12.609          -3.080         -13.667           43.152
   20 (vir)    22          50.945           5.276          -3.409         -14.078           66.891
   21 (vir)    22          51.984           2.692          -3.002         -13.011           64.684
   22 (vir)    22          63.926           3.131          -3.565         -15.874           79.366
   23 (vir)    22          68.708           3.935          -2.778         -15.871           85.735
   24 (vir)    22          79.226           1.735          -3.410         -16.286           93.837
   25 (vir)    22         107.972           1.509          -1.471         -12.259          120.269
   26 (vir)    22         238.957           3.396          -2.054         -18.053          258.351
 
 
  kpoint:      23             coordinate:     0.1497    0.1497    0.0000
 
    n           k   ϵ_nk^DFT (eV)     Σ^c_nk (eV)     Σ^x_nk (eV)    v_nk^xc (eV)   ϵ_nk^G0W0 (eV)
 
    1 (occ)    23         -20.135           8.627         -26.814         -16.507          -21.815
    2 (occ)    23          -8.771           4.106         -22.622         -17.023          -10.264
    3 (occ)    23          -7.326           3.493         -22.167         -17.249           -8.752
    4 (occ)    23          -7.260           3.396         -18.490         -13.754           -8.601
    5 (vir)    23           4.426          -3.301          -5.516         -10.582            6.191
    6 (vir)    23           4.820          -2.740          -3.185          -7.608            6.503
    7 (vir)    23           7.838          -4.361          -2.737          -8.992            9.732
    8 (vir)    23           8.476          -4.307          -7.155         -14.069           11.083
    9 (vir)    23          10.305          -4.614          -6.173         -13.405           12.923
   10 (vir)    23          13.956          -5.682          -6.467         -14.938           16.744
   11 (vir)    23          21.054          -7.022          -3.784         -11.142           21.390
   12 (vir)    23          25.163          -2.885          -3.074         -10.636           29.840
   13 (vir)    23          27.010          -9.093          -3.538         -12.348           26.727
   14 (vir)    23          30.969           1.318          -4.286          -9.634           37.636
   15 (vir)    23          32.579          -5.795          -1.298          -9.502           34.988
   16 (vir)    23          40.765         -12.801          -4.298         -14.491           38.156
   17 (vir)    23          42.074           4.332          -3.739         -13.512           56.179
   18 (vir)    23          43.231         -10.262          -2.821         -11.431           41.579
   19 (vir)    23          45.472         -12.736          -3.037         -13.637           43.336
   20 (vir)    23          51.774           5.049          -3.423         -14.125           67.525
   21 (vir)    23          51.931          -6.074          -3.015         -13.110           55.951
   22 (vir)    23          63.445           4.803          -3.553         -15.882           80.576
   23 (vir)    23          68.660           3.544          -2.824         -15.854           85.233
   24 (vir)    23          79.466           1.849          -3.405         -16.316           94.226
   25 (vir)    23         109.043           1.123          -1.673         -12.331          120.824
   26 (vir)    23         239.369           1.762          -2.602         -18.057          256.586
 
 
  kpoint:      24             coordinate:     0.1565    0.1565    0.0000
 
    n           k   ϵ_nk^DFT (eV)     Σ^c_nk (eV)     Σ^x_nk (eV)    v_nk^xc (eV)   ϵ_nk^G0W0 (eV)
 
    1 (occ)    24         -20.029           8.644         -26.810         -16.539          -21.655
    2 (occ)    24          -8.990           4.193         -22.641         -16.959          -10.480
    3 (occ)    24          -7.488           3.541         -22.159         -17.182           -8.924
    4 (occ)    24          -7.113           3.337         -18.486         -13.816           -8.446
    5 (vir)    24           4.369          -3.457          -5.819         -11.078            6.171
    6 (vir)    24           5.050          -2.790          -3.252          -7.759            6.767
    7 (vir)    24           7.807          -4.076          -2.454          -8.422            9.699
    8 (vir)    24           8.576          -4.308          -7.130         -14.051           11.190
    9 (vir)    24          10.445          -4.505          -6.088         -13.318           13.169
   10 (vir)    24          14.319          -5.482          -6.406         -14.956           17.388
   11 (vir)    24          20.627          -6.851          -3.795         -11.086           21.067
   12 (vir)    24          24.706          -3.095          -3.055          -9.864           28.419
   13 (vir)    24          27.073          -9.232          -3.540         -12.400           26.701
   14 (vir)    24          30.012           0.287          -4.119          -9.614           35.793
   15 (vir)    24          31.602          -4.786          -1.377          -9.917           35.356
   16 (vir)    24          40.935         -12.918          -4.295         -14.532           38.253
   17 (vir)    24          41.166           3.368          -2.590         -10.788           52.732
   18 (vir)    24          42.667          -7.855          -3.620         -14.427           45.619
   19 (vir)    24          45.757         -12.858          -2.998         -13.602           43.504
   20 (vir)    24          51.874           2.461          -3.093         -13.198           64.440
   21 (vir)    24          52.616           4.847          -3.434         -14.177           68.206
   22 (vir)    24          62.982           2.535          -3.577         -15.884           77.825
   23 (vir)    24          68.607           3.994          -2.878         -15.835           85.558
   24 (vir)    24          79.706           1.679          -3.410         -16.345           94.320
   25 (vir)    24         110.024           1.075          -1.697         -12.407          121.809
   26 (vir)    24         239.777           1.275          -2.871         -18.061          256.242
 
 
  kpoint:      25             coordinate:     0.1633    0.1633    0.0000
 
    n           k   ϵ_nk^DFT (eV)     Σ^c_nk (eV)     Σ^x_nk (eV)    v_nk^xc (eV)   ϵ_nk^G0W0 (eV)
 
    1 (occ)    25         -19.919           8.630         -26.807         -16.575          -21.522
    2 (occ)    25          -9.206           4.280         -22.659         -16.895          -10.691
    3 (occ)    25          -7.651           3.589         -22.152         -17.115           -9.099
    4 (occ)    25          -6.961           3.277         -18.484         -13.883           -8.285
    5 (vir)    25           4.288          -3.601          -6.092         -11.530            6.125
    6 (vir)    25           5.283          -2.858          -3.324          -7.909            7.010
    7 (vir)    25           7.806          -3.815          -2.199          -7.895            9.688
    8 (vir)    25           8.683          -4.288          -7.105         -14.032           11.323
    9 (vir)    25          10.584          -4.529          -6.024         -13.226           13.257
   10 (vir)    25          14.673          -5.606          -6.337         -14.953           17.683
   11 (vir)    25          20.208          -6.656          -3.805         -11.027           20.774
   12 (vir)    25          24.112          -4.425          -2.828          -9.040           25.899
   13 (vir)    25          27.148          -9.396          -3.542         -12.454           26.664
   14 (vir)    25          29.365          -5.054          -3.554         -10.117           30.874
   15 (vir)    25          30.776          -4.939          -1.955         -10.016           33.898
   16 (vir)    25          40.124           2.835          -2.114         -10.190           51.036
   17 (vir)    25          41.102          -1.920          -4.292         -14.569           49.460
   18 (vir)    25          42.470           3.610          -3.998         -15.226           57.308
   19 (vir)    25          46.030         -12.932          -2.961         -13.562           43.699
   20 (vir)    25          51.809           2.449          -3.180         -13.280           64.358
   21 (vir)    25          53.467           4.666          -3.443         -14.232           68.922
   22 (vir)    25          62.534           2.016          -3.617         -15.885           76.819
   23 (vir)    25          68.544           4.254          -2.889         -15.818           85.726
   24 (vir)    25          79.948           2.189          -3.411         -16.371           95.098
   25 (vir)    25         110.915           1.809          -1.560         -12.484          123.649
   26 (vir)    25         240.159           1.335          -2.551         -18.064          257.006
 
 
  kpoint:      26             coordinate:     0.1701    0.1701    0.0000
 
    n           k   ϵ_nk^DFT (eV)     Σ^c_nk (eV)     Σ^x_nk (eV)    v_nk^xc (eV)   ϵ_nk^G0W0 (eV)
 
    1 (occ)    26         -19.806           8.595         -26.807         -16.613          -21.405
    2 (occ)    26          -9.419           4.367         -22.674         -16.831          -10.895
    3 (occ)    26          -7.815           3.637         -22.148         -17.049           -9.276
    4 (occ)    26          -6.804           3.215         -18.485         -13.955           -8.119
    5 (vir)    26           4.182          -3.723          -6.326         -11.918            6.051
    6 (vir)    26           5.517          -2.939          -3.394          -8.057            7.240
    7 (vir)    26           7.836          -3.584          -1.982          -7.433            9.702
    8 (vir)    26           8.796          -4.306          -7.079         -14.011           11.423
    9 (vir)    26          10.724          -4.619          -5.957         -13.129           13.276
   10 (vir)    26          15.016          -5.943          -6.248         -14.923           17.748
   11 (vir)    26          19.798          -6.425          -3.813         -10.966           20.526
   12 (vir)    26          23.457          -3.620          -2.350          -8.383           25.870
   13 (vir)    26          27.233          -9.588          -3.544         -12.509           26.610
   14 (vir)    26          28.950          -7.533          -3.011         -10.557           28.962
   15 (vir)    26          30.054           1.334          -2.643         -10.156           38.901
   16 (vir)    26          39.176           2.689          -2.093         -10.082           49.854
   17 (vir)    26          41.266          -1.647          -4.287         -14.604           49.935
   18 (vir)    26          42.360           5.156          -4.156         -15.464           58.824
   19 (vir)    26          46.290         -12.926          -2.926         -13.518           43.956
   20 (vir)    26          51.732           1.540          -3.244         -13.358           63.385
   21 (vir)    26          54.323           4.503          -3.451         -14.288           69.663
   22 (vir)    26          62.097           1.387          -3.637         -15.884           75.731
   23 (vir)    26          68.469           4.322          -2.840         -15.801           85.752
   24 (vir)    26          80.189           2.482          -3.401         -16.396           95.666
   25 (vir)    26         111.723           1.542          -1.391         -12.561          124.434
   26 (vir)    26         240.498           2.294          -1.717         -18.066          259.142
 
 
  kpoint:      27             coordinate:     0.1769    0.1769    0.0000
 
    n           k   ϵ_nk^DFT (eV)     Σ^c_nk (eV)     Σ^x_nk (eV)    v_nk^xc (eV)   ϵ_nk^G0W0 (eV)
 
    1 (occ)    27         -19.692           8.549         -26.809         -16.654          -21.298
    2 (occ)    27          -9.626           4.455         -22.687         -16.767          -11.092
    3 (occ)    27          -7.980           3.686         -22.145         -16.984           -9.454
    4 (occ)    27          -6.643           3.153         -18.490         -14.033           -7.948
    5 (vir)    27           4.054          -3.819          -6.514         -12.230            5.951
    6 (vir)    27           5.752          -3.018          -3.460          -8.204            7.477
    7 (vir)    27           7.894          -3.387          -1.808          -7.045            9.744
    8 (vir)    27           8.915          -4.375          -7.050         -13.987           11.476
    9 (vir)    27          10.863          -4.700          -5.869         -13.026           13.320
   10 (vir)    27          15.342          -6.142          -6.136         -14.859           17.922
   11 (vir)    27          19.399          -6.151          -3.820         -10.903           20.330
   12 (vir)    27          22.810          -3.151          -1.843          -7.955           25.771
   13 (vir)    27          27.328          -9.807          -3.547         -12.565           26.540
   14 (vir)    27          28.627          -6.171          -2.794         -10.531           30.193
   15 (vir)    27          29.456           4.131          -3.063         -10.673           41.197
   16 (vir)    27          38.338           3.511          -2.223         -10.040           49.665
   17 (vir)    27          41.424          -2.402          -4.281         -14.635           49.376
   18 (vir)    27          42.285           5.209          -4.237         -15.567           58.824
   19 (vir)    27          46.536         -12.846          -2.891         -13.469           44.268
   20 (vir)    27          51.640         -10.275          -3.289         -13.430           51.506
   21 (vir)    27          55.177           4.353          -3.457         -14.343           70.417
   22 (vir)    27          61.666           6.403          -3.619         -15.884           80.334
   23 (vir)    27          68.381          -1.274          -2.758         -15.786           80.136
   24 (vir)    27          80.428           1.982          -3.385         -16.419           95.443
   25 (vir)    27         112.454           2.103          -1.316         -12.636          125.877
   26 (vir)    27         240.784          -5.044          -0.808         -18.069          253.001
 
 
  kpoint:      28             coordinate:     0.1837    0.1837    0.0000
 
    n           k   ϵ_nk^DFT (eV)     Σ^c_nk (eV)     Σ^x_nk (eV)    v_nk^xc (eV)   ϵ_nk^G0W0 (eV)
 
    1 (occ)    28         -19.575           8.495         -26.813         -16.697          -21.196
    2 (occ)    28          -9.829           4.542         -22.697         -16.703          -11.280
    3 (occ)    28          -8.144           3.737         -22.145         -16.921           -9.631
    4 (occ)    28          -6.479           3.089         -18.498         -14.115           -7.772
    5 (vir)    28           3.908          -3.887          -6.657         -12.465            5.828
    6 (vir)    28           5.988          -3.084          -3.522          -8.349            7.732
    7 (vir)    28           7.979          -3.225          -1.676          -6.734            9.812
    8 (vir)    28           9.037          -4.236          -7.014         -13.957           11.744
    9 (vir)    28          11.001          -4.715          -5.756         -12.919           13.449
   10 (vir)    28          15.646          -6.077          -6.008         -14.751           18.312
   11 (vir)    28          19.012          -5.859          -3.826         -10.837           20.164
   12 (vir)    28          22.211          -3.500          -1.526          -7.726           24.910
   13 (vir)    28          27.433         -10.042          -3.551         -12.624           26.464
   14 (vir)    28          28.254           4.012          -2.924          -9.946           39.288
   15 (vir)    28          29.044          -8.463          -3.102         -11.686           29.165
   16 (vir)    28          37.602           4.636          -2.309          -9.983           49.912
   17 (vir)    28          41.577          -2.451          -4.274         -14.662           49.515
   18 (vir)    28          42.233          -1.678          -4.295         -15.621           51.880
   19 (vir)    28          46.765         -12.739          -2.857         -13.415           44.585
   20 (vir)    28          51.529           4.044          -3.330         -13.498           65.741
   21 (vir)    28          56.024           4.210          -3.461         -14.396           71.169
   22 (vir)    28          61.241           4.912          -3.582         -15.883           78.453
   23 (vir)    28          68.279           4.783          -2.687         -15.772           86.148
   24 (vir)    28          80.662           2.116          -3.374         -16.440           95.844
   25 (vir)    28         113.120           2.375          -1.372         -12.708          126.832
   26 (vir)    28         241.010          -3.215          -0.336         -18.071          255.530
 
 
  kpoint:      29             coordinate:     0.1905    0.1905    0.0000
 
    n           k   ϵ_nk^DFT (eV)     Σ^c_nk (eV)     Σ^x_nk (eV)    v_nk^xc (eV)   ϵ_nk^G0W0 (eV)
 
    1 (occ)    29         -19.457           8.442         -26.820         -16.744          -21.091
    2 (occ)    29         -10.025           4.629         -22.703         -16.639          -11.461
    3 (occ)    29          -8.308           3.790         -22.146         -16.859           -9.806
    4 (occ)    29          -6.311           3.026         -18.511         -14.204           -7.593
    5 (vir)    29           3.747          -3.929          -6.761         -12.629            5.685
    6 (vir)    29           6.226          -3.150          -3.582          -8.494            7.987
    7 (vir)    29           8.088          -3.094          -1.580          -6.493            9.907
    8 (vir)    29           9.164          -4.292          -6.970         -13.922           11.823
    9 (vir)    29          11.139          -4.626          -5.631         -12.809           13.690
   10 (vir)    29          15.923          -5.938          -5.867         -14.582           18.700
   11 (vir)    29          18.637          -5.592          -3.829         -10.768           19.984
   12 (vir)    29          21.676          -3.940          -1.454          -7.658           23.939
   13 (vir)    29          27.546         -10.274          -3.555         -12.684           26.400
   14 (vir)    29          27.795          -6.619          -2.983          -9.534           27.726
   15 (vir)    29          28.800          -9.186          -3.170         -12.498           28.942
   16 (vir)    29          36.962          -9.587          -2.276          -9.895           34.994
   17 (vir)    29          41.723           5.792          -4.265         -14.686           57.936
   18 (vir)    29          42.201         -11.548          -4.357         -15.652           41.948
   19 (vir)    29          46.976         -12.654          -2.823         -13.357           44.857
   20 (vir)    29          51.400           3.247          -3.375         -13.559           64.830
   21 (vir)    29          56.857           4.065          -3.462         -14.445           71.905
   22 (vir)    29          60.818           4.180          -3.567         -15.881           77.312
   23 (vir)    29          68.163           4.589          -2.660         -15.761           85.853
   24 (vir)    29          80.890           3.012          -3.376         -16.458           96.984
   25 (vir)    29         113.732           2.101          -1.504         -12.776          127.106
   26 (vir)    29         241.172          -5.258          -0.535         -18.072          253.452
 
 
  kpoint:      30             coordinate:     0.1973    0.1973    0.0000
 
    n           k   ϵ_nk^DFT (eV)     Σ^c_nk (eV)     Σ^x_nk (eV)    v_nk^xc (eV)   ϵ_nk^G0W0 (eV)
 
    1 (occ)    30         -19.338           8.396         -26.829         -16.793          -20.978
    2 (occ)    30         -10.216           4.712         -22.705         -16.574          -11.635
    3 (occ)    30          -8.471           3.844         -22.150         -16.798           -9.980
    4 (occ)    30          -6.141           2.962         -18.529         -14.299           -7.409
    5 (vir)    30           3.574          -3.949          -6.831         -12.733            5.526
    6 (vir)    30           6.463          -3.216          -3.642          -8.639            8.243
    7 (vir)    30           8.218          -2.992          -1.514          -6.314           10.026
    8 (vir)    30           9.293          -4.315          -6.916         -13.876           11.938
    9 (vir)    30          11.275          -4.696          -5.507         -12.696           13.768
   10 (vir)    30          16.167          -5.822          -5.707         -14.335           18.973
   11 (vir)    30          18.277          -5.371          -3.829         -10.695           19.773
   12 (vir)    30          21.212          -4.353          -1.557          -7.730           23.031
   13 (vir)    30          27.321          -5.135          -2.873          -9.442           28.755
   14 (vir)    30          27.666         -10.486          -3.561         -12.747           26.367
   15 (vir)    30          28.620          -9.179          -3.412         -12.979           29.008
   16 (vir)    30          36.412          -8.344          -2.155          -9.783           35.695
   17 (vir)    30          41.861          -9.389          -4.256         -14.706           42.923
   18 (vir)    30          42.188           4.533          -4.423         -15.672           57.969
   19 (vir)    30          47.166         -12.608          -2.787         -13.293           45.064
   20 (vir)    30          51.250           3.032          -3.420         -13.614           64.475
   21 (vir)    30          57.667           3.913          -3.459         -14.486           72.606
   22 (vir)    30          60.394           4.266          -3.598         -15.879           76.942
   23 (vir)    30          68.031           4.622          -2.679         -15.752           85.725
   24 (vir)    30          81.109           3.838          -3.393         -16.473           98.026
   25 (vir)    30         114.303           1.819          -1.623         -12.840          127.339
   26 (vir)    30         241.272           5.140          -1.209         -18.073          263.276
 
 
  kpoint:      31             coordinate:     0.2041    0.2041    0.0000
 
    n           k   ϵ_nk^DFT (eV)     Σ^c_nk (eV)     Σ^x_nk (eV)    v_nk^xc (eV)   ϵ_nk^G0W0 (eV)
 
    1 (occ)    31         -19.218           8.359         -26.841         -16.844          -20.856
    2 (occ)    31         -10.398           4.787         -22.704         -16.509          -11.806
    3 (occ)    31          -8.634           3.899         -22.156         -16.738          -10.152
    4 (occ)    31          -5.968           2.899         -18.554         -14.401           -7.223
    5 (vir)    31           3.392          -3.949          -6.872         -12.785            5.355
    6 (vir)    31           6.701          -3.282          -3.702          -8.784            8.501
    7 (vir)    31           8.366          -2.913          -1.474          -6.187           10.167
    8 (vir)    31           9.424          -4.444          -6.856         -13.819           11.943
    9 (vir)    31          11.411          -4.624          -5.395         -12.582           13.974
   10 (vir)    31          16.369          -5.691          -5.504         -13.988           19.162
   11 (vir)    31          17.932          -5.185          -3.827         -10.618           19.539
   12 (vir)    31          20.818          -4.380          -1.754          -7.938           22.622
   13 (vir)    31          26.872          -5.215          -2.766          -9.506           28.397
   14 (vir)    31          27.793         -10.668          -3.567         -12.813           26.371
   15 (vir)    31          28.436          -8.301          -3.688         -13.298           29.745
   16 (vir)    31          35.950          -8.297          -2.025          -9.661           35.289
   17 (vir)    31          41.990           5.833          -4.247         -14.723           58.299
   18 (vir)    31          42.194           4.055          -4.480         -15.684           57.454
   19 (vir)    31          47.330         -12.591          -2.751         -13.224           45.212
   20 (vir)    31          51.080           4.002          -3.458         -13.662           65.287
   21 (vir)    31          58.444           3.750          -3.453         -14.518           73.260
   22 (vir)    31          59.968           5.242          -3.663         -15.875           77.422
   23 (vir)    31          67.884           5.049          -2.721         -15.745           85.958
   24 (vir)    31          81.314           2.452          -3.416         -16.486           96.836
   25 (vir)    31         114.845           1.642          -1.672         -12.899          127.715
   26 (vir)    31         241.311           1.865          -1.874         -18.074          259.376
 
 
  kpoint:      32             coordinate:     0.2109    0.2109    0.0000
 
    n           k   ϵ_nk^DFT (eV)     Σ^c_nk (eV)     Σ^x_nk (eV)    v_nk^xc (eV)   ϵ_nk^G0W0 (eV)
 
    1 (occ)    32         -19.098           8.325         -26.856         -16.899          -20.731
    2 (occ)    32         -10.573           4.845         -22.697         -16.444          -11.981
    3 (occ)    32          -8.794           3.953         -22.163         -16.680          -10.324
    4 (occ)    32          -5.794           2.837         -18.585         -14.509           -7.034
    5 (vir)    32           3.205          -3.935          -6.890         -12.795            5.175
    6 (vir)    32           6.939          -3.350          -3.763          -8.932            8.757
    7 (vir)    32           8.533          -2.855          -1.453          -6.104           10.329
    8 (vir)    32           9.556          -4.433          -6.789         -13.747           12.080
    9 (vir)    32          11.546          -4.592          -5.292         -12.469           14.131
   10 (vir)    32          16.520          -5.551          -5.234         -13.523           19.258
   11 (vir)    32          17.604          -5.016          -3.821         -10.536           19.304
   12 (vir)    32          20.496          -3.745          -2.002          -8.283           23.032
   13 (vir)    32          26.462          -4.409          -2.758          -9.660           28.956
   14 (vir)    32          27.925         -10.821          -3.575         -12.881           26.411
   15 (vir)    32          28.221          -7.513          -3.904         -13.511           30.315
   16 (vir)    32          35.575          -7.511          -1.946          -9.548           35.666
   17 (vir)    32          42.110          -3.605          -4.238         -14.734           49.002
   18 (vir)    32          42.221          -9.681          -4.514         -15.693           43.720
   19 (vir)    32          47.465         -12.587          -2.713         -13.148           45.313
   20 (vir)    32          50.893          -9.782          -3.485         -13.703           51.329
   21 (vir)    32          59.176           3.592          -3.441         -14.537           73.865
   22 (vir)    32          59.539           5.310          -3.725         -15.869           76.993
   23 (vir)    32          67.722           5.550          -2.757         -15.741           86.256
   24 (vir)    32          81.505           2.476          -3.428         -16.496           97.049
   25 (vir)    32         115.369           1.578          -1.653         -12.953          128.246
   26 (vir)    32         241.294           1.502          -2.090         -18.074          258.780
 
 
  kpoint:      33             coordinate:     0.2177    0.2177    0.0000
 
    n           k   ϵ_nk^DFT (eV)     Σ^c_nk (eV)     Σ^x_nk (eV)    v_nk^xc (eV)   ϵ_nk^G0W0 (eV)
 
    1 (occ)    33         -18.979           8.290         -26.874         -16.955          -20.608
    2 (occ)    33         -10.739           4.886         -22.686         -16.379          -12.160
    3 (occ)    33          -8.953           4.006         -22.172         -16.624          -10.496
    4 (occ)    33          -5.620           2.776         -18.625         -14.626           -6.843
    5 (vir)    33           3.015          -3.911          -6.886         -12.770            4.989
    6 (vir)    33           7.176          -3.428          -3.825          -9.083            9.006
    7 (vir)    33           8.715          -2.813          -1.448          -6.057           10.510
    8 (vir)    33           9.687          -4.415          -6.714         -13.655           12.213
    9 (vir)    33          11.682          -4.585          -5.194         -12.361           14.263
   10 (vir)    33          16.614          -5.374          -4.892         -12.940           19.288
   11 (vir)    33          17.293          -4.849          -3.809         -10.448           19.082
   12 (vir)    33          20.246          -3.818          -2.291          -8.755           22.892
   13 (vir)    33          26.092          -6.041          -2.854          -9.885           27.083
   14 (vir)    33          27.963          -7.465          -4.042         -13.630           30.086
   15 (vir)    33          28.061         -10.953          -3.584         -12.952           26.477
   16 (vir)    33          35.283          -2.755          -1.924          -9.459           40.062
   17 (vir)    33          42.219          -2.732          -4.230         -14.742           49.998
   18 (vir)    33          42.269         -11.032          -4.523         -15.700           42.414
   19 (vir)    33          47.565         -12.582          -2.673         -13.065           45.374
   20 (vir)    33          50.690           4.166          -3.506         -13.737           65.087
   21 (vir)    33          59.105           5.433          -3.750         -15.860           76.649
   22 (vir)    33          59.850           3.464          -3.423         -14.539           74.430
   23 (vir)    33          67.547           4.853          -2.777         -15.739           85.362
   24 (vir)    33          81.677           3.251          -3.414         -16.503           98.018
   25 (vir)    33         115.884           1.541          -1.611         -13.003          128.816
   26 (vir)    33         241.225           2.059          -1.745         -18.075          259.614
 
 
  kpoint:      34             coordinate:     0.2245    0.2245    0.0000
 
    n           k   ϵ_nk^DFT (eV)     Σ^c_nk (eV)     Σ^x_nk (eV)    v_nk^xc (eV)   ϵ_nk^G0W0 (eV)
 
    1 (occ)    34         -18.861           8.251         -26.895         -17.014          -20.491
    2 (occ)    34         -10.896           4.940         -22.670         -16.314          -12.312
    3 (occ)    34          -9.110           4.057         -22.183         -16.569          -10.667
    4 (occ)    34          -5.445           2.716         -18.673         -14.750           -6.652
    5 (vir)    34           2.825          -3.878          -6.865         -12.718            4.799
    6 (vir)    34           7.413          -3.515          -3.891          -9.240            9.247
    7 (vir)    34           8.912          -2.786          -1.458          -6.042           10.710
    8 (vir)    34           9.818          -4.415          -6.624         -13.538           12.317
    9 (vir)    34          11.817          -4.702          -5.096         -12.258           14.277
   10 (vir)    34          16.647          -5.087          -4.509         -12.271           19.321
   11 (vir)    34          17.000          -4.684          -3.792         -10.351           18.875
   12 (vir)    34          20.063          -3.689          -2.604          -9.315           23.085
   13 (vir)    34          25.763          -7.887          -3.017         -10.174           25.033
   14 (vir)    34          27.661          -7.261          -4.126         -13.659           29.933
   15 (vir)    34          28.200         -11.073          -3.595         -13.027           26.559
   16 (vir)    34          35.065          -8.350          -1.930          -9.402           34.188
   17 (vir)    34          42.317          -3.447          -4.223         -14.744           49.392
   18 (vir)    34          42.339         -12.152          -4.522         -15.706           41.371
   19 (vir)    34          47.624         -12.571          -2.632         -12.974           45.395
   20 (vir)    34          50.473          -6.377          -3.529         -13.765           54.332
   21 (vir)    34          58.666           4.369          -3.737         -15.848           75.146
   22 (vir)    34          60.447           3.370          -3.397         -14.520           74.940
   23 (vir)    34          67.360           4.864          -2.787         -15.739           85.175
   24 (vir)    34          81.831           3.428          -3.374         -16.508           98.392
   25 (vir)    34         116.398           1.577          -1.588         -13.048          129.435
   26 (vir)    34         241.112           7.934          -1.105         -18.074          266.016
 
 
  kpoint:      35             coordinate:     0.2313    0.2313    0.0000
 
    n           k   ϵ_nk^DFT (eV)     Σ^c_nk (eV)     Σ^x_nk (eV)    v_nk^xc (eV)   ϵ_nk^G0W0 (eV)
 
    1 (occ)    35         -18.744           8.210         -26.920         -17.074          -20.379
    2 (occ)    35         -11.042           5.042         -22.649         -16.249          -12.400
    3 (occ)    35          -9.265           4.109         -22.195         -16.516          -10.835
    4 (occ)    35          -5.271           2.659         -18.731         -14.882           -6.461
    5 (vir)    35           2.636          -3.841          -6.828         -12.642            4.609
    6 (vir)    35           7.648          -3.536          -3.962          -9.405            9.556
    7 (vir)    35           9.124          -2.770          -1.480          -6.056           10.930
    8 (vir)    35           9.945          -4.431          -6.513         -13.393           12.394
    9 (vir)    35          11.954          -4.515          -4.997         -12.163           14.605
   10 (vir)    35          16.619          -4.803          -4.143         -11.581           19.254
   11 (vir)    35          16.726          -4.529          -3.767         -10.244           18.675
   12 (vir)    35          19.940          -3.930          -2.905          -9.894           23.000
   13 (vir)    35          25.473          -7.842          -3.208         -10.522           24.945
   14 (vir)    35          27.319          -7.396          -4.185         -13.603           29.341
   15 (vir)    35          28.338         -11.186          -3.608         -13.106           26.650
   16 (vir)    35          34.913          -8.020          -1.934          -9.377           34.337
   17 (vir)    35          42.404          -5.443          -4.215         -14.742           47.487
   18 (vir)    35          42.432         -11.445          -4.525         -15.712           42.175
   19 (vir)    35          47.636         -12.551          -2.588         -12.876           45.373
   20 (vir)    35          50.248         -11.759          -3.554         -13.786           48.722
   21 (vir)    35          58.223           3.730          -3.722         -15.833           74.064
   22 (vir)    35          60.951           3.298          -3.363         -14.476           75.362
   23 (vir)    35          67.161          -5.406          -2.803         -15.741           74.693
   24 (vir)    35          81.964           2.797          -3.324         -16.510           97.946
   25 (vir)    35         116.915           1.608          -1.600         -13.089          130.012
   26 (vir)    35         240.962          -6.072          -0.611         -18.074          252.353
 
 
  kpoint:      36             coordinate:     0.2381    0.2381    0.0000
 
    n           k   ϵ_nk^DFT (eV)     Σ^c_nk (eV)     Σ^x_nk (eV)    v_nk^xc (eV)   ϵ_nk^G0W0 (eV)
 
    1 (occ)    36         -18.630           8.170         -26.947         -17.136          -20.271
    2 (occ)    36         -11.177           5.125         -22.623         -16.185          -12.490
    3 (occ)    36          -9.416           4.161         -22.209         -16.464          -11.000
    4 (occ)    36          -5.100           2.605         -18.800         -15.022           -6.272
    5 (vir)    36           2.450          -3.801          -6.775         -12.546            4.420
    6 (vir)    36           7.881          -3.602          -4.040          -9.580            9.819
    7 (vir)    36           9.350          -2.765          -1.514          -6.097           11.168
    8 (vir)    36          10.070          -4.461          -6.378         -13.213           12.443
    9 (vir)    36          12.092          -4.504          -4.904         -12.078           14.762
   10 (vir)    36          16.472          -4.388          -3.732         -10.124           18.476
   11 (vir)    36          16.538          -4.466          -3.841         -10.948           19.179
   12 (vir)    36          19.863          -4.601          -3.161         -10.417           22.519
   13 (vir)    36          25.219          -8.392          -3.402         -10.927           24.351
   14 (vir)    36          26.947          -7.335          -4.228         -13.471           28.854
   15 (vir)    36          28.475         -11.298          -3.624         -13.190           26.743
   16 (vir)    36          34.815          -8.606          -1.927          -9.377           33.659
   17 (vir)    36          42.478          -5.943          -4.208         -14.733           47.060
   18 (vir)    36          42.549         -11.885          -4.545         -15.720           41.839
   19 (vir)    36          47.595         -12.519          -2.543         -12.769           45.302
   20 (vir)    36          50.018         -11.378          -3.578         -13.802           48.864
   21 (vir)    36          57.776           2.932          -3.744         -15.813           72.777
   22 (vir)    36          61.343           3.244          -3.318         -14.403           75.671
   23 (vir)    36          66.954          -5.653          -2.833         -15.745           74.212
   24 (vir)    36          82.076           2.308          -3.282         -16.509           97.611
   25 (vir)    36         117.438           1.599          -1.633         -13.127          130.531
   26 (vir)    36         240.782          -6.219          -0.581         -18.074          252.056
 
 
  kpoint:      37             coordinate:     0.2449    0.2449    0.0000
 
    n           k   ϵ_nk^DFT (eV)     Σ^c_nk (eV)     Σ^x_nk (eV)    v_nk^xc (eV)   ϵ_nk^G0W0 (eV)
 
    1 (occ)    37         -18.520           8.135         -26.977         -17.199          -20.163
    2 (occ)    37         -11.301           5.124         -22.592         -16.121          -12.647
    3 (occ)    37          -9.565           4.215         -22.225         -16.414          -11.161
    4 (occ)    37          -4.931           2.555         -18.880         -15.170           -6.085
    5 (vir)    37           2.269          -3.761          -6.707         -12.434            4.235
    6 (vir)    37           8.111          -3.712          -4.127          -9.769           10.041
    7 (vir)    37           9.593          -2.771          -1.562          -6.167           11.427
    8 (vir)    37          10.190          -4.402          -6.217         -12.995           12.566
    9 (vir)    37          12.231          -4.569          -4.819         -12.004           14.847
   10 (vir)    37          16.238          -4.261          -3.685          -9.987           18.279
   11 (vir)    37          16.416          -4.356          -3.619         -10.428           18.869
   12 (vir)    37          19.816          -4.997          -3.362         -10.833           22.291
   13 (vir)    37          24.999          -6.044          -3.594         -11.382           26.743
   14 (vir)    37          26.557          -6.600          -4.248         -13.272           28.981
   15 (vir)    37          28.607         -11.411          -3.643         -13.279           26.831
   16 (vir)    37          34.759          -9.050          -1.921          -9.394           33.182
   17 (vir)    37          42.540          -3.362          -4.199         -14.717           49.696
   18 (vir)    37          42.690         -10.995          -4.576         -15.730           42.848
   19 (vir)    37          47.494         -12.470          -2.496         -12.654           45.182
   20 (vir)    37          49.786          -8.180          -3.592         -13.814           51.828
   21 (vir)    37          57.329           3.461          -3.819         -15.789           72.760
   22 (vir)    37          61.603           3.215          -3.262         -14.296           75.852
   23 (vir)    37          66.739           6.065          -2.875         -15.751           85.680
   24 (vir)    37          82.168           2.179          -3.261         -16.507           97.593
   25 (vir)    37         117.966           1.539          -1.665         -13.161          131.000
   26 (vir)    37         240.579           9.763          -1.019         -18.074          267.398
 
 
  kpoint:      38             coordinate:     0.2517    0.2517    0.0000
 
    n           k   ϵ_nk^DFT (eV)     Σ^c_nk (eV)     Σ^x_nk (eV)    v_nk^xc (eV)   ϵ_nk^G0W0 (eV)
 
    1 (occ)    38         -18.414           8.105         -27.009         -17.262          -20.055
    2 (occ)    38         -11.411           5.094         -22.556         -16.059          -12.813
    3 (occ)    38          -9.711           4.269         -22.242         -16.366          -11.318
    4 (occ)    38          -4.767           2.509         -18.971         -15.326           -5.903
    5 (vir)    38           2.095          -3.722          -6.626         -12.309            4.056
    6 (vir)    38           8.337          -3.799          -4.226          -9.976           10.288
    7 (vir)    38           9.851          -2.787          -1.626          -6.268           11.706
    8 (vir)    38          10.306          -4.305          -6.030         -12.734           12.705
    9 (vir)    38          12.372          -4.635          -4.745         -11.940           14.931
   10 (vir)    38          16.026          -4.143          -3.621          -9.827           18.088
   11 (vir)    38          16.265          -4.255          -3.466         -10.042           18.586
   12 (vir)    38          19.782          -5.054          -3.518         -11.126           22.336
   13 (vir)    38          24.811          -5.946          -3.785         -11.881           26.961
   14 (vir)    38          26.162          -6.895          -4.234         -13.016           28.049
   15 (vir)    38          28.731         -11.528          -3.666         -13.374           26.911
   16 (vir)    38          34.734          -7.455          -1.929          -9.419           34.770
   17 (vir)    38          42.589          -4.458          -4.188         -14.693           48.636
   18 (vir)    38          42.853         -11.286          -4.609         -15.742           42.700
   19 (vir)    38          47.328         -12.401          -2.450         -12.532           45.009
   20 (vir)    38          49.557         -10.030          -3.594         -13.821           49.754
   21 (vir)    38          56.883          -8.829          -3.926         -15.761           59.889
   22 (vir)    38          61.716           3.218          -3.192         -14.155           75.896
   23 (vir)    38          66.521           5.069          -2.918         -15.758           84.430
   24 (vir)    38          82.241           2.204          -3.260         -16.503           97.688
   25 (vir)    38         118.495           1.563          -1.686         -13.191          131.563
   26 (vir)    38         240.362           2.799          -1.647         -18.074          259.589
 
 
  kpoint:      39             coordinate:     0.2585    0.2585    0.0000
 
    n           k   ϵ_nk^DFT (eV)     Σ^c_nk (eV)     Σ^x_nk (eV)    v_nk^xc (eV)   ϵ_nk^G0W0 (eV)
 
    1 (occ)    39         -18.313           8.080         -27.042         -17.325          -19.950
    2 (occ)    39         -11.508           5.083         -22.515         -16.000          -12.940
    3 (occ)    39          -9.853           4.324         -22.261         -16.320          -11.471
    4 (occ)    39          -4.609           2.467         -19.075         -15.489           -5.727
    5 (vir)    39           1.929          -3.687          -6.531         -12.171            3.883
    6 (vir)    39           8.556          -3.887          -4.337         -10.203           10.536
    7 (vir)    39          10.126          -2.813          -1.709          -6.405           12.009
    8 (vir)    39          10.418          -4.259          -5.818         -12.427           12.768
    9 (vir)    39          12.514          -4.594          -4.677         -11.882           15.124
   10 (vir)    39          15.835          -4.027          -3.537          -9.639           17.909
   11 (vir)    39          16.096          -4.182          -3.365          -9.789           18.338
   12 (vir)    39          19.747          -5.025          -3.642         -11.309           22.389
   13 (vir)    39          24.653          -6.262          -3.983         -12.415           26.823
   14 (vir)    39          25.773          -6.589          -4.182         -12.709           27.710
   15 (vir)    39          28.844         -11.643          -3.694         -13.475           26.983
   16 (vir)    39          34.731          -7.255          -1.949          -9.447           34.973
   17 (vir)    39          42.625          -5.214          -4.173         -14.657           47.895
   18 (vir)    39          43.038         -11.696          -4.632         -15.758           42.469
   19 (vir)    39          47.093         -12.311          -2.404         -12.403           44.781
   20 (vir)    39          49.334          -4.862          -3.585         -13.825           54.711
   21 (vir)    39          56.441          -4.032          -4.021         -15.730           64.118
   22 (vir)    39          61.673           3.254          -3.110         -13.977           75.793
   23 (vir)    39          66.301           5.735          -2.954         -15.767           84.849
   24 (vir)    39          82.297           2.205          -3.266         -16.497           97.733
   25 (vir)    39         119.020           1.565          -1.694         -13.219          132.109
   26 (vir)    39         240.138           1.803          -2.106         -18.074          257.909
 
 
  kpoint:      40             coordinate:     0.2653    0.2653    0.0000
 
    n           k   ϵ_nk^DFT (eV)     Σ^c_nk (eV)     Σ^x_nk (eV)    v_nk^xc (eV)   ϵ_nk^G0W0 (eV)
 
    1 (occ)    40         -18.219           8.057         -27.077         -17.387          -19.851
    2 (occ)    40         -11.590           5.091         -22.471         -15.943          -13.027
    3 (occ)    40          -9.992           4.377         -22.282         -16.275          -11.621
    4 (occ)    40          -4.458           2.431         -19.190         -15.657           -5.559
    5 (vir)    40           1.773          -3.654          -6.424         -12.025            3.720
    6 (vir)    40           8.768          -4.015          -4.462         -10.455           10.745
    7 (vir)    40          10.418          -2.848          -1.817          -6.584           12.337
    8 (vir)    40          10.525          -4.229          -5.580         -12.074           12.790
    9 (vir)    40          12.656          -4.573          -4.612         -11.827           15.298
   10 (vir)    40          15.666          -3.908          -3.425          -9.411           17.744
   11 (vir)    40          15.918          -4.154          -3.306          -9.658           18.115
   12 (vir)    40          19.699          -5.276          -3.739         -11.406           22.090
   13 (vir)    40          24.521          -6.439          -4.191         -12.973           26.864
   14 (vir)    40          25.401          -6.157          -4.098         -12.356           27.502
   15 (vir)    40          28.941         -11.749          -3.726         -13.584           27.050
   16 (vir)    40          34.743          -7.893          -1.972          -9.472           34.350
   17 (vir)    40          42.647          -4.312          -4.152         -14.607           48.790
   18 (vir)    40          43.243         -11.191          -4.639         -15.778           43.191
   19 (vir)    40          46.789         -12.203          -2.363         -12.273           44.496
   20 (vir)    40          49.121           5.683          -3.573         -13.826           65.057
   21 (vir)    40          56.007           3.467          -4.067         -15.694           71.101
   22 (vir)    40          61.470           3.312          -3.016         -13.765           75.531
   23 (vir)    40          66.083          -3.162          -2.979         -15.776           75.719
   24 (vir)    40          82.337           3.193          -3.267         -16.491           98.754
   25 (vir)    40         119.534           1.534          -1.694         -13.243          132.617
   26 (vir)    40         239.913           1.656          -2.181         -18.074          257.462
 
 
  kpoint:      41             coordinate:     0.2721    0.2721    0.0000
 
    n           k   ϵ_nk^DFT (eV)     Σ^c_nk (eV)     Σ^x_nk (eV)    v_nk^xc (eV)   ϵ_nk^G0W0 (eV)
 
    1 (occ)    41         -18.131           8.035         -27.111         -17.446          -19.762
    2 (occ)    41         -11.658           5.102         -22.423         -15.891          -13.088
    3 (occ)    41         -10.126           4.429         -22.304         -16.233          -11.768
    4 (occ)    41          -4.315           2.400         -19.314         -15.828           -5.401
    5 (vir)    41           1.628          -3.627          -6.307         -11.874            3.568
    6 (vir)    41           8.969          -4.215          -4.600         -10.731           10.885
    7 (vir)    41          10.629          -4.093          -5.318         -11.677           12.896
    8 (vir)    41          10.726          -2.886          -1.958          -6.817           12.699
    9 (vir)    41          12.798          -4.539          -4.544         -11.766           15.481
   10 (vir)    41          15.522          -3.785          -3.277          -9.132           17.592
   11 (vir)    41          15.739          -4.082          -3.291          -9.637           18.002
   12 (vir)    41          19.630          -5.048          -3.811         -11.444           22.215
   13 (vir)    41          24.414          -6.910          -4.408         -13.546           26.641
   14 (vir)    41          25.056          -6.263          -3.985         -11.959           26.768
   15 (vir)    41          29.019         -11.840          -3.765         -13.700           27.115
   16 (vir)    41          34.763          -9.077          -1.981          -9.492           33.197
   17 (vir)    41          42.655          -6.005          -4.121         -14.535           47.065
   18 (vir)    41          43.466         -11.007          -4.635         -15.802           43.626
   19 (vir)    41          46.420         -12.089          -2.329         -12.149           44.150
   20 (vir)    41          48.920         -12.755          -3.561         -13.824           46.428
   21 (vir)    41          55.585          -5.940          -4.058         -15.655           61.242
   22 (vir)    41          61.117           3.379          -2.912         -13.524           75.108
   23 (vir)    41          65.871          -5.527          -2.998         -15.787           73.132
   24 (vir)    41          82.364           3.127          -3.255         -16.484           98.720
   25 (vir)    41         120.030           1.513          -1.686         -13.265          133.122
   26 (vir)    41         239.694           2.019          -1.903         -18.075          257.884
 
 
  kpoint:      42             coordinate:     0.2789    0.2789    0.0000
 
    n           k   ϵ_nk^DFT (eV)     Σ^c_nk (eV)     Σ^x_nk (eV)    v_nk^xc (eV)   ϵ_nk^G0W0 (eV)
 
    1 (occ)    42         -18.052           8.013         -27.145         -17.502          -19.682
    2 (occ)    42         -11.710           5.091         -22.373         -15.843          -13.149
    3 (occ)    42         -10.255           4.479         -22.329         -16.192          -11.913
    4 (occ)    42          -4.184           2.375         -19.444         -15.999           -5.253
    5 (vir)    42           1.496          -3.604          -6.182         -11.720            3.429
    6 (vir)    42           9.157          -4.309          -4.751         -11.028           11.125
    7 (vir)    42          10.731          -3.977          -5.033         -11.242           12.963
    8 (vir)    42          11.046          -2.929          -2.141          -7.118           13.093
    9 (vir)    42          12.937          -4.511          -4.471         -11.691           15.647
   10 (vir)    42          15.403          -3.655          -3.080          -8.786           17.453
   11 (vir)    42          15.562          -4.064          -3.322          -9.718           17.894
   12 (vir)    42          19.539          -4.897          -3.861         -11.441           22.222
   13 (vir)    42          24.326          -6.838          -4.631         -14.133           26.990
   14 (vir)    42          24.745          -6.086          -3.842         -11.515           26.333
   15 (vir)    42          29.073         -11.910          -3.810         -13.824           27.176
   16 (vir)    42          34.787          -9.281          -1.970          -9.508           33.044
   17 (vir)    42          42.650          -6.328          -4.073         -14.434           46.682
   18 (vir)    42          43.702         -10.842          -4.628         -15.831           44.063
   19 (vir)    42          45.996         -11.988          -2.311         -12.044           43.740
   20 (vir)    42          48.734         -12.372          -3.552         -13.820           46.629
   21 (vir)    42          55.178          -6.232          -4.018         -15.613           60.542
   22 (vir)    42          60.636           3.450          -2.802         -13.262           74.545
   23 (vir)    42          65.667          -5.456          -3.018         -15.797           72.990
   24 (vir)    42          82.380           2.641          -3.235         -16.477           98.263
   25 (vir)    42         120.500           1.681          -1.666         -13.284          133.798
   26 (vir)    42         239.486           3.181          -1.492         -18.076          259.251
 
 
  kpoint:      43             coordinate:     0.2857    0.2857    0.0000
 
    n           k   ϵ_nk^DFT (eV)     Σ^c_nk (eV)     Σ^x_nk (eV)    v_nk^xc (eV)   ϵ_nk^G0W0 (eV)
 
    1 (occ)    43         -17.981           7.993         -27.178         -17.553          -19.613
    2 (occ)    43         -11.746           5.050         -22.321         -15.802          -13.215
    3 (occ)    43         -10.379           4.527         -22.356         -16.154          -12.054
    4 (occ)    43          -4.064           2.355         -19.578         -16.167           -5.120
    5 (vir)    43           1.377          -3.586          -6.055         -11.569            3.305
    6 (vir)    43           9.328          -4.393          -4.909         -11.338           11.364
    7 (vir)    43          10.832          -3.845          -4.734         -10.785           13.037
    8 (vir)    43          11.371          -3.036          -2.378          -7.501           13.458
    9 (vir)    43          13.071          -4.490          -4.386         -11.588           15.783
   10 (vir)    43          15.312          -3.519          -2.824          -8.355           17.324
   11 (vir)    43          15.393          -4.149          -3.404          -9.896           17.735
   12 (vir)    43          19.426          -5.032          -3.896         -11.410           21.908
   13 (vir)    43          24.256          -7.308          -4.875         -14.776           26.849
   14 (vir)    43          24.475          -5.324          -3.651         -10.983           26.485
   15 (vir)    43          29.101         -11.963          -3.862         -13.954           27.230
   16 (vir)    43          34.812          -7.122          -1.944          -9.518           35.265
   17 (vir)    43          42.631          -4.238          -3.999         -14.289           48.683
   18 (vir)    43          43.949         -10.743          -4.627         -15.867           44.446
   19 (vir)    43          45.539         -11.932          -2.319         -11.976           43.264
   20 (vir)    43          48.562         -12.800          -3.539         -13.812           46.035
   21 (vir)    43          54.793          -8.127          -3.983         -15.569           58.252
   22 (vir)    43          60.059           3.520          -2.689         -12.988           73.878
   23 (vir)    43          65.475           5.807          -3.041         -15.808           84.049
   24 (vir)    43          82.387           2.362          -3.213         -16.471           98.006
   25 (vir)    43         120.935           1.779          -1.634         -13.299          134.379
   26 (vir)    43         239.295           5.393          -1.186         -18.077          261.578
 
 
  kpoint:      44             coordinate:     0.2925    0.2925    0.0000
 
    n           k   ϵ_nk^DFT (eV)     Σ^c_nk (eV)     Σ^x_nk (eV)    v_nk^xc (eV)   ϵ_nk^G0W0 (eV)
 
    1 (occ)    44         -17.919           7.976         -27.207         -17.599          -19.552
    2 (occ)    44         -11.767           5.001         -22.267         -15.767          -13.266
    3 (occ)    44         -10.497           4.577         -22.386         -16.118          -12.188
    4 (occ)    44          -3.959           2.340         -19.709         -16.326           -5.001
    5 (vir)    44           1.274          -3.574          -5.930         -11.425            3.196
    6 (vir)    44           9.480          -4.459          -5.068         -11.644           11.597
    7 (vir)    44          10.931          -3.713          -4.435         -10.327           13.109
    8 (vir)    44          11.689          -3.247          -2.678          -7.977           13.742
    9 (vir)    44          13.196          -4.449          -4.284         -11.447           15.910
   10 (vir)    44          15.236          -4.279          -3.539         -10.168           17.586
   11 (vir)    44          15.251          -3.379          -2.499          -7.827           17.200
   12 (vir)    44          19.296          -4.910          -3.923         -11.356           21.819
   13 (vir)    44          24.190          -7.425          -5.117         -15.292           26.939
   14 (vir)    44          24.258          -5.166          -3.432         -10.550           26.209
   15 (vir)    44          29.101         -12.000          -3.919         -14.089           27.270
   16 (vir)    44          34.836          -7.361          -1.916          -9.525           35.084
   17 (vir)    44          42.604         -12.916          -3.890         -14.088           39.886
   18 (vir)    44          44.201         -10.817          -4.634         -15.909           44.659
   19 (vir)    44          45.076         -11.955          -2.364         -11.970           42.728
   20 (vir)    44          48.405         -12.589          -3.518         -13.801           46.099
   21 (vir)    44          54.435           3.085          -3.979         -15.523           69.064
   22 (vir)    44          59.427           3.590          -2.578         -12.714           73.154
   23 (vir)    44          65.299           5.301          -3.067         -15.818           83.351
   24 (vir)    44          82.387           2.282          -3.198         -16.465           97.936
   25 (vir)    44         121.328           1.865          -1.598         -13.313          134.907
   26 (vir)    44         239.124           6.496          -1.108         -18.078          262.590
 
 
  kpoint:      45             coordinate:     0.2993    0.2993    0.0000
 
    n           k   ϵ_nk^DFT (eV)     Σ^c_nk (eV)     Σ^x_nk (eV)    v_nk^xc (eV)   ϵ_nk^G0W0 (eV)
 
    1 (occ)    45         -17.867           7.964         -27.233         -17.638          -19.499
    2 (occ)    45         -11.773           4.961         -22.213         -15.740          -13.285
    3 (occ)    45         -10.608           4.630         -22.420         -16.085          -12.313
    4 (occ)    45          -3.868           2.330         -19.832         -16.471           -4.900
    5 (vir)    45           1.188          -3.565          -5.813         -11.295            3.105
    6 (vir)    45           9.610          -4.551          -5.215         -11.923           11.766
    7 (vir)    45          11.029          -3.589          -4.155          -9.897           13.181
    8 (vir)    45          11.985          -3.528          -3.040          -8.541           13.958
    9 (vir)    45          13.309          -4.341          -4.160         -11.258           16.066
   10 (vir)    45          15.093          -4.469          -3.724         -10.528           17.428
   11 (vir)    45          15.222          -3.273          -2.105          -7.207           17.051
   12 (vir)    45          19.156          -4.817          -3.944         -11.283           21.678
   13 (vir)    45          24.048          -5.343          -3.896         -11.654           26.463
   14 (vir)    45          24.171          -6.989          -4.659         -14.248           26.771
   15 (vir)    45          29.078         -12.031          -3.980         -14.222           27.290
   16 (vir)    45          34.856          -7.163          -1.902          -9.529           35.321
   17 (vir)    45          42.576         -12.653          -3.738         -13.824           40.009
   18 (vir)    45          44.451         -11.010          -4.651         -15.959           44.749
   19 (vir)    45          44.637         -12.078          -2.456         -12.046           42.148
   20 (vir)    45          48.263         -11.686          -3.485         -13.783           46.875
   21 (vir)    45          54.112           3.832          -4.008         -15.477           69.412
   22 (vir)    45          58.788           3.658          -2.473         -12.452           72.424
   23 (vir)    45          65.142           5.035          -3.092         -15.828           82.913
   24 (vir)    45          82.383           2.365          -3.193         -16.459           98.014
   25 (vir)    45         121.671           1.893          -1.574         -13.323          135.314
   26 (vir)    45         238.976           5.306          -1.222         -18.079          261.139
 
 
  kpoint:      46             coordinate:     0.3061    0.3061    0.0000
 
    n           k   ϵ_nk^DFT (eV)     Σ^c_nk (eV)     Σ^x_nk (eV)    v_nk^xc (eV)   ϵ_nk^G0W0 (eV)
 
    1 (occ)    46         -17.826           7.955         -27.255         -17.670          -19.456
    2 (occ)    46         -11.766           4.930         -22.158         -15.720          -13.274
    3 (occ)    46         -10.710           4.686         -22.457         -16.055          -12.425
    4 (occ)    46          -3.794           2.323         -19.941         -16.596           -4.817
    5 (vir)    46           1.118          -3.560          -5.710         -11.184            3.031
    6 (vir)    46           9.716          -4.654          -5.341         -12.153           11.875
    7 (vir)    46          11.122          -3.488          -3.912          -9.523           13.246
    8 (vir)    46          12.238          -3.752          -3.440          -9.153           14.200
    9 (vir)    46          13.407          -4.279          -4.015         -11.021           16.133
   10 (vir)    46          14.969          -4.695          -3.948         -10.956           17.281
   11 (vir)    46          15.225          -2.944          -1.671          -6.536           17.146
   12 (vir)    46          19.017          -4.744          -3.959         -11.194           21.508
   13 (vir)    46          23.905          -4.941          -3.595         -10.839           26.209
   14 (vir)    46          24.135          -7.546          -4.966         -15.108           26.730
   15 (vir)    46          29.040         -12.060          -4.041         -14.350           27.288
   16 (vir)    46          34.873          -7.226          -1.909          -9.530           35.268
   17 (vir)    46          42.566         -12.363          -3.551         -13.515           40.166
   18 (vir)    46          44.246         -12.289          -2.592         -12.201           41.565
   19 (vir)    46          44.691         -11.230          -4.676         -16.018           44.804
   20 (vir)    46          48.135          -8.619          -3.440         -13.756           49.832
   21 (vir)    46          53.830           5.481          -4.056         -15.432           70.688
   22 (vir)    46          58.187           3.724          -2.380         -12.211           71.741
   23 (vir)    46          65.008           4.934          -3.114         -15.836           82.664
   24 (vir)    46          82.376           2.950          -3.194         -16.454           98.586
   25 (vir)    46         121.960           1.844          -1.574         -13.332          135.562
   26 (vir)    46         238.854           4.095          -1.399         -18.080          259.630
 
 
  kpoint:      47             coordinate:     0.3129    0.3129    0.0000
 
    n           k   ϵ_nk^DFT (eV)     Σ^c_nk (eV)     Σ^x_nk (eV)    v_nk^xc (eV)   ϵ_nk^G0W0 (eV)
 
    1 (occ)    47         -17.794           7.948         -27.272         -17.695          -19.423
    2 (occ)    47         -11.750           4.898         -22.104         -15.707          -13.248
    3 (occ)    47         -10.799           4.741         -22.497         -16.030          -12.525
    4 (occ)    47          -3.737           2.318         -20.030         -16.696           -4.753
    5 (vir)    47           1.066          -3.558          -5.627         -11.095            2.976
    6 (vir)    47           9.797          -4.784          -5.435         -12.320           11.899
    7 (vir)    47          11.207          -3.360          -3.720          -9.228           13.355
    8 (vir)    47          12.433          -3.880          -3.824          -9.733           14.462
    9 (vir)    47          13.485          -4.151          -3.861         -10.756           16.229
   10 (vir)    47          14.866          -4.923          -4.188         -11.411           17.167
   11 (vir)    47          15.252          -2.749          -1.252          -5.900           17.150
   12 (vir)    47          18.891          -4.667          -3.966         -11.100           21.358
   13 (vir)    47          23.798          -5.164          -3.467         -10.465           25.632
   14 (vir)    47          24.109          -7.566          -5.110         -15.517           26.949
   15 (vir)    47          28.997         -12.091          -4.096         -14.462           27.272
   16 (vir)    47          34.886          -8.037          -1.938          -9.530           34.441
   17 (vir)    47          42.598         -12.106          -3.356         -13.207           40.343
   18 (vir)    47          43.912         -12.527          -2.749         -12.399           41.035
   19 (vir)    47          44.909         -11.436          -4.708         -16.086           44.851
   20 (vir)    47          48.022          -9.122          -3.386         -13.719           49.233
   21 (vir)    47          53.599           5.262          -4.100         -15.392           70.153
   22 (vir)    47          57.667           3.785          -2.302         -12.002           71.152
   23 (vir)    47          64.899           5.111          -3.131         -15.843           82.723
   24 (vir)    47          82.368           3.856          -3.198         -16.451           99.478
   25 (vir)    47         122.188           1.728          -1.601         -13.338          135.653
   26 (vir)    47         238.759           3.456          -1.521         -18.081          258.776
 
 
  kpoint:      48             coordinate:     0.3197    0.3197    0.0000
 
    n           k   ϵ_nk^DFT (eV)     Σ^c_nk (eV)     Σ^x_nk (eV)    v_nk^xc (eV)   ϵ_nk^G0W0 (eV)
 
    1 (occ)    48         -17.771           7.942         -27.284         -17.712          -19.401
    2 (occ)    48         -11.728           4.856         -22.053         -15.701          -13.224
    3 (occ)    48         -10.872           4.788         -22.538         -16.010          -12.613
    4 (occ)    48          -3.697           2.315         -20.094         -16.767           -4.708
    5 (vir)    48           1.030          -3.558          -5.567         -11.033            2.939
    6 (vir)    48           9.855          -4.671          -5.495         -12.423           12.112
    7 (vir)    48          11.276          -3.236          -3.586          -9.022           13.476
    8 (vir)    48          12.563          -3.972          -4.132         -10.190           14.649
    9 (vir)    48          13.543          -4.061          -3.722         -10.507           16.267
   10 (vir)    48          14.788          -5.103          -4.405         -11.824           17.104
   11 (vir)    48          15.289          -2.632          -0.916          -5.395           17.137
   12 (vir)    48          18.791          -4.465          -3.965         -11.014           21.375
   13 (vir)    48          23.726          -5.583          -3.406         -10.230           24.966
   14 (vir)    48          24.090          -6.959          -5.201         -15.779           27.708
   15 (vir)    48          28.964         -12.126          -4.139         -14.549           27.247
   16 (vir)    48          34.894          -9.435          -1.979          -9.530           33.010
   17 (vir)    48          42.697         -11.951          -3.188         -12.954           40.513
   18 (vir)    48          43.626         -12.718          -2.894         -12.589           40.603
   19 (vir)    48          45.091         -11.613          -4.746         -16.158           44.890
   20 (vir)    48          47.927         -10.682          -3.331         -13.674           47.588
   21 (vir)    48          53.426           4.345          -4.129         -15.359           69.002
   22 (vir)    48          57.266           3.837          -2.243         -11.837           70.697
   23 (vir)    48          64.819           5.761          -3.144         -15.848           83.284
   24 (vir)    48          82.361           2.340          -3.196         -16.448           97.953
   25 (vir)    48         122.354           1.769          -1.645         -13.342          135.820
   26 (vir)    48         238.692           3.210          -1.544         -18.082          258.440
 
 
  kpoint:      49             coordinate:     0.3265    0.3265    0.0000
 
    n           k   ϵ_nk^DFT (eV)     Σ^c_nk (eV)     Σ^x_nk (eV)    v_nk^xc (eV)   ϵ_nk^G0W0 (eV)
 
    1 (occ)    49         -17.759           7.938         -27.290         -17.722          -19.389
    2 (occ)    49         -11.708           4.816         -22.014         -15.699          -13.208
    3 (occ)    49         -10.922           4.813         -22.571         -15.996          -12.684
    4 (occ)    49          -3.674           2.314         -20.131         -16.809           -4.682
    5 (vir)    49           1.010          -3.558          -5.532         -10.997            2.918
    6 (vir)    49           9.888          -4.584          -5.525         -12.472           12.252
    7 (vir)    49          11.322          -3.192          -3.510          -8.906           13.526
    8 (vir)    49          12.632          -4.028          -4.319         -10.465           14.749
    9 (vir)    49          13.578          -4.008          -3.628         -10.333           16.274
   10 (vir)    49          14.739          -5.221          -4.557         -12.110           17.070
   11 (vir)    49          15.320          -2.572          -0.710          -5.089           17.127
   12 (vir)    49          18.726          -4.343          -3.959         -10.953           21.377
   13 (vir)    49          23.685          -5.954          -3.386         -10.087           24.433
   14 (vir)    49          24.078          -7.822          -5.256         -15.939           26.939
   15 (vir)    49          28.946         -12.162          -4.166         -14.604           27.222
   16 (vir)    49          34.899          -9.856          -2.015          -9.530           32.557
   17 (vir)    49          42.872         -11.938          -3.065         -12.784           40.653
   18 (vir)    49          43.367         -12.826          -3.007         -12.736           40.270
   19 (vir)    49          45.216         -11.695          -4.779         -16.219           44.960
   20 (vir)    49          47.861         -12.024          -3.288         -13.630           46.179
   21 (vir)    49          53.320          -4.945          -4.138         -15.338           59.574
   22 (vir)    49          57.013           3.874          -2.206         -11.728           70.410
   23 (vir)    49          64.770           6.180          -3.153         -15.852           83.649
   24 (vir)    49          82.356           2.162          -3.189         -16.447           97.775
   25 (vir)    49         122.453           1.645          -1.684         -13.345          135.759
   26 (vir)    49         238.653           3.149          -1.500         -18.083          258.385
 
 
  kpoint:      50             coordinate:     0.3333    0.3333    0.0000
 
    n           k   ϵ_nk^DFT (eV)     Σ^c_nk (eV)     Σ^x_nk (eV)    v_nk^xc (eV)   ϵ_nk^G0W0 (eV)
 
    1 (occ)    50         -17.754           7.936         -27.293         -17.725          -19.385
    2 (occ)    50         -11.699           4.797         -21.998         -15.698          -13.202
    3 (occ)    50         -10.940           4.812         -22.585         -15.991          -12.723
    4 (occ)    50          -3.666           2.313         -20.143         -16.823           -4.674
    5 (vir)    50           1.004          -3.558          -5.521         -10.986            2.912
    6 (vir)    50           9.899          -4.854          -5.532         -12.485           11.998
    7 (vir)    50          11.338          -3.188          -3.486          -8.870           13.535
    8 (vir)    50          12.651          -4.045          -4.379         -10.551           14.777
    9 (vir)    50          13.589          -4.034          -3.597         -10.274           16.231
   10 (vir)    50          14.721          -5.266          -4.611         -12.208           17.051
   11 (vir)    50          15.332          -2.602          -0.644          -4.992           17.078
   12 (vir)    50          18.703          -4.310          -3.955         -10.931           21.369
   13 (vir)    50          23.672          -5.601          -3.387         -10.032           24.717
   14 (vir)    50          24.073          -7.869          -5.277         -16.001           26.928
   15 (vir)    50          28.942         -12.191          -4.175         -14.622           27.199
   16 (vir)    50          34.900          -9.217          -2.033          -9.530           33.180
   17 (vir)    50          43.107          -9.581          -1.739         -10.843           42.629
   18 (vir)    50          43.116           3.257          -4.331         -14.674           56.716
   19 (vir)    50          45.262         -11.625          -4.794         -16.245           45.089
   20 (vir)    50          47.836         -12.112          -3.274         -13.611           46.061
   21 (vir)    50          53.283           5.036          -4.132         -15.330           69.518
   22 (vir)    50          56.928           3.891          -2.193         -11.690           70.315
   23 (vir)    50          64.753           6.210          -3.157         -15.853           83.658
   24 (vir)    50          82.354           2.217          -3.178         -16.446           97.839
   25 (vir)    50         122.486           1.525          -1.702         -13.345          135.654
   26 (vir)    50         238.640           3.094          -1.447         -18.083          258.370
 
 
  kpoint:      51             coordinate:     0.3265    0.3367    0.0000
 
    n           k   ϵ_nk^DFT (eV)     Σ^c_nk (eV)     Σ^x_nk (eV)    v_nk^xc (eV)   ϵ_nk^G0W0 (eV)
 
    1 (occ)    51         -17.755           7.937         -27.292         -17.724          -19.386
    2 (occ)    51         -11.702           4.801         -22.002         -15.698          -13.205
    3 (occ)    51         -10.936           4.812         -22.582         -15.992          -12.713
    4 (occ)    51          -3.668           2.313         -20.141         -16.820           -4.676
    5 (vir)    51           1.006          -3.558          -5.523         -10.989            2.913
    6 (vir)    51           9.897          -4.766          -5.532         -12.483           12.082
    7 (vir)    51          11.334          -3.188          -3.491          -8.878           13.533
    8 (vir)    51          12.647          -4.042          -4.366         -10.532           14.772
    9 (vir)    51          13.586          -4.034          -3.604         -10.286           16.234
   10 (vir)    51          14.726          -5.254          -4.599         -12.186           17.058
   11 (vir)    51          15.329          -2.584          -0.659          -5.014           17.099
   12 (vir)    51          18.709          -4.325          -3.956         -10.937           21.365
   13 (vir)    51          23.675          -5.737          -3.388         -10.048           24.598
   14 (vir)    51          24.074          -7.860          -5.271         -15.984           26.927
   15 (vir)    51          28.942         -12.183          -4.173         -14.618           27.204
   16 (vir)    51          34.900          -9.574          -2.030          -9.530           32.826
   17 (vir)    51          42.978         -12.109          -2.999         -12.696           40.565
   18 (vir)    51          43.246           5.554          -3.071         -12.820           58.550
   19 (vir)    51          45.250         -11.665          -4.790         -16.237           45.033
   20 (vir)    51          47.843         -12.078          -3.278         -13.616           46.103
   21 (vir)    51          53.292           5.054          -4.134         -15.332           69.543
   22 (vir)    51          56.949           3.887          -2.196         -11.700           70.340
   23 (vir)    51          64.757           6.184          -3.156         -15.853           83.638
   24 (vir)    51          82.355           2.222          -3.181         -16.446           97.842
   25 (vir)    51         122.478           1.721          -1.700         -13.345          135.844
   26 (vir)    51         238.643           3.121          -1.460         -18.083          258.387
 
 
  kpoint:      52             coordinate:     0.3197    0.3401    0.0000
 
    n           k   ϵ_nk^DFT (eV)     Σ^c_nk (eV)     Σ^x_nk (eV)    v_nk^xc (eV)   ϵ_nk^G0W0 (eV)
 
    1 (occ)    52         -17.758           7.938         -27.291         -17.722          -19.389
    2 (occ)    52         -11.710           4.812         -22.015         -15.698          -13.214
    3 (occ)    52         -10.921           4.806         -22.571         -15.997          -12.689
    4 (occ)    52          -3.673           2.314         -20.133         -16.811           -4.682
    5 (vir)    52           1.010          -3.558          -5.530         -10.996            2.917
    6 (vir)    52           9.888          -4.672          -5.530         -12.479           12.165
    7 (vir)    52          11.321          -3.200          -3.506          -8.900           13.516
    8 (vir)    52          12.637          -4.031          -4.327         -10.477           14.756
    9 (vir)    52          13.577          -4.032          -3.621         -10.317           16.241
   10 (vir)    52          14.740          -5.224          -4.566         -12.125           17.074
   11 (vir)    52          15.321          -2.585          -0.701          -5.076           17.111
   12 (vir)    52          18.726          -4.322          -3.959         -10.954           21.400
   13 (vir)    52          23.684          -5.817          -3.399         -10.092           24.561
   14 (vir)    52          24.078          -7.826          -5.254         -15.933           26.931
   15 (vir)    52          28.942         -12.171          -4.167         -14.605           27.208
   16 (vir)    52          34.899          -9.710          -2.025          -9.530           32.695
   17 (vir)    52          42.838         -12.024          -3.016         -12.710           40.508
   18 (vir)    52          43.384         -12.821          -3.054         -12.802           40.311
   19 (vir)    52          45.212         -11.700          -4.778         -16.215           44.950
   20 (vir)    52          47.863         -12.073          -3.292         -13.634           46.131
   21 (vir)    52          53.319           5.060          -4.136         -15.338           69.582
   22 (vir)    52          57.010           3.884          -2.206         -11.730           70.418
   23 (vir)    52          64.770           6.054          -3.153         -15.852           83.523
   24 (vir)    52          82.356           2.338          -3.183         -16.447           97.958
   25 (vir)    52         122.453           1.650          -1.697         -13.345          135.751
   26 (vir)    52         238.652           3.133          -1.482         -18.083          258.387
 
 
  kpoint:      53             coordinate:     0.3129    0.3435    0.0000
 
    n           k   ϵ_nk^DFT (eV)     Σ^c_nk (eV)     Σ^x_nk (eV)    v_nk^xc (eV)   ϵ_nk^G0W0 (eV)
 
    1 (occ)    53         -17.763           7.940         -27.288         -17.719          -19.393
    2 (occ)    53         -11.722           4.829         -22.033         -15.696          -13.231
    3 (occ)    53         -10.896           4.794         -22.554         -16.004          -12.652
    4 (occ)    53          -3.682           2.315         -20.120         -16.796           -4.691
    5 (vir)    53           1.016          -3.557          -5.542         -11.007            2.924
    6 (vir)    53           9.874          -4.627          -5.530         -12.475           12.192
    7 (vir)    53          11.300          -3.215          -3.527          -8.933           13.491
    8 (vir)    53          12.622          -4.016          -4.268         -10.393           14.731
    9 (vir)    53          13.563          -4.035          -3.645         -10.358           16.240
   10 (vir)    53          14.764          -5.182          -4.520         -12.037           17.100
   11 (vir)    53          15.308          -2.597          -0.767          -5.173           17.116
   12 (vir)    53          18.755          -4.248          -3.963         -10.983           21.527
   13 (vir)    53          23.699          -5.849          -3.421         -10.172           24.601
   14 (vir)    53          24.086          -7.788          -5.224         -15.842           26.916
   15 (vir)    53          28.938         -12.156          -4.159         -14.585           27.208
   16 (vir)    53          34.898          -9.723          -2.018          -9.530           32.687
   17 (vir)    53          42.690         -11.893          -3.009         -12.687           40.476
   18 (vir)    53          43.523           5.518          -3.060         -12.816           58.796
   19 (vir)    53          45.149         -11.716          -4.759         -16.180           44.855
   20 (vir)    53          47.897         -12.101          -3.317         -13.661           46.141
   21 (vir)    53          53.364           5.097          -4.136         -15.348           69.674
   22 (vir)    53          57.108           3.882          -2.221         -11.780           70.548
   23 (vir)    53          64.792           5.882          -3.149         -15.850           83.375
   24 (vir)    53          82.359           2.669          -3.184         -16.447           98.291
   25 (vir)    53         122.412           1.563          -1.693         -13.344          135.625
   26 (vir)    53         238.668           3.096          -1.512         -18.082          258.334
 
 
  kpoint:      54             coordinate:     0.3061    0.3469    0.0000
 
    n           k   ϵ_nk^DFT (eV)     Σ^c_nk (eV)     Σ^x_nk (eV)    v_nk^xc (eV)   ϵ_nk^G0W0 (eV)
 
    1 (occ)    54         -17.769           7.942         -27.285         -17.714          -19.399
    2 (occ)    54         -11.740           4.850         -22.057         -15.693          -13.254
    3 (occ)    54         -10.863           4.776         -22.534         -16.015          -12.606
    4 (occ)    54          -3.693           2.316         -20.104         -16.777           -4.703
    5 (vir)    54           1.024          -3.556          -5.556         -11.021            2.932
    6 (vir)    54           9.854          -4.617          -5.533         -12.474           12.178
    7 (vir)    54          11.271          -3.233          -3.554          -8.975           13.458
    8 (vir)    54          12.603          -3.997          -4.190         -10.284           14.701
    9 (vir)    54          13.542          -4.041          -3.668         -10.396           16.228
   10 (vir)    54          14.799          -5.133          -4.466         -11.936           17.136
   11 (vir)    54          15.291          -2.618          -0.854          -5.299           17.119
   12 (vir)    54          18.795          -4.818          -3.968         -11.022           21.031
   13 (vir)    54          23.718          -5.850          -3.457         -10.294           24.706
   14 (vir)    54          24.097          -7.323          -5.177         -15.704           27.301
   15 (vir)    54          28.930         -12.137          -4.148         -14.558           27.203
   16 (vir)    54          34.896          -9.683          -2.010          -9.530           32.732
   17 (vir)    54          42.532         -11.737          -2.989         -12.645           40.451
   18 (vir)    54          43.658           5.470          -3.078         -12.843           58.893
   19 (vir)    54          45.061         -11.700          -4.735         -16.135           44.762
   20 (vir)    54          47.944         -12.109          -3.348         -13.695           46.181
   21 (vir)    54          53.427           5.179          -4.135         -15.361           69.832
   22 (vir)    54          57.238           3.884          -2.243         -11.848           70.727
   23 (vir)    54          64.822           5.732          -3.143         -15.848           83.259
   24 (vir)    54          82.363           3.348          -3.184         -16.448           98.975
   25 (vir)    54         122.354           1.528          -1.689         -13.343          135.535
   26 (vir)    54         238.689           2.994          -1.551         -18.082          258.214
 
 
  kpoint:      55             coordinate:     0.2993    0.3503    0.0000
 
    n           k   ϵ_nk^DFT (eV)     Σ^c_nk (eV)     Σ^x_nk (eV)    v_nk^xc (eV)   ϵ_nk^G0W0 (eV)
 
    1 (occ)    55         -17.777           7.944         -27.281         -17.708          -19.406
    2 (occ)    55         -11.761           4.872         -22.082         -15.690          -13.282
    3 (occ)    55         -10.821           4.754         -22.512         -16.029          -12.550
    4 (occ)    55          -3.707           2.317         -20.084         -16.754           -4.719
    5 (vir)    55           1.033          -3.555          -5.574         -11.037            2.942
    6 (vir)    55           9.829          -4.619          -5.539         -12.477           12.147
    7 (vir)    55          11.234          -3.266          -3.584          -9.020           13.405
    8 (vir)    55          12.584          -3.976          -4.097         -10.155           14.665
    9 (vir)    55          13.516          -4.045          -3.688         -10.422           16.205
   10 (vir)    55          14.843          -5.086          -4.411         -11.834           17.180
   11 (vir)    55          15.273          -2.646          -0.956          -5.449           17.119
   12 (vir)    55          18.845          -4.662          -3.974         -11.071           21.279
   13 (vir)    55          23.742          -5.839          -3.510         -10.466           24.859
   14 (vir)    55          24.112          -7.478          -5.112         -15.511           27.033
   15 (vir)    55          28.916         -12.115          -4.135         -14.525           27.191
   16 (vir)    55          34.895          -9.622          -2.002          -9.529           32.800
   17 (vir)    55          42.363         -11.562          -2.961         -12.587           40.427
   18 (vir)    55          43.788           5.415          -3.102         -12.877           58.978
   19 (vir)    55          44.950         -11.644          -4.709         -16.083           44.680
   20 (vir)    55          48.001         -11.932          -3.384         -13.734           46.419
   21 (vir)    55          53.506           5.278          -4.133         -15.377           70.028
   22 (vir)    55          57.394           3.890          -2.269         -11.933           70.948
   23 (vir)    55          64.862           5.633          -3.137         -15.845           83.203
   24 (vir)    55          82.369           3.969          -3.183         -16.449           99.603
   25 (vir)    55         122.281           1.509          -1.685         -13.341          135.446
   26 (vir)    55         238.715           2.834          -1.597         -18.081          258.034
 
 
  kpoint:      56             coordinate:     0.2925    0.3537    0.0000
 
    n           k   ϵ_nk^DFT (eV)     Σ^c_nk (eV)     Σ^x_nk (eV)    v_nk^xc (eV)   ϵ_nk^G0W0 (eV)
 
    1 (occ)    56         -17.786           7.947         -27.277         -17.702          -19.415
    2 (occ)    56         -11.786           4.896         -22.108         -15.685          -13.314
    3 (occ)    56         -10.773           4.728         -22.490         -16.046          -12.488
    4 (occ)    56          -3.723           2.319         -20.061         -16.727           -4.737
    5 (vir)    56           1.044          -3.554          -5.593         -11.055            2.953
    6 (vir)    56           9.797          -4.620          -5.551         -12.485           12.110
    7 (vir)    56          11.192          -3.337          -3.614          -9.067           13.308
    8 (vir)    56          12.563          -3.955          -3.991         -10.009           14.626
    9 (vir)    56          13.486          -4.042          -3.700         -10.431           16.176
   10 (vir)    56          14.897          -5.045          -4.361         -11.742           17.232
   11 (vir)    56          15.253          -2.681          -1.072          -5.619           17.119
   12 (vir)    56          18.905          -4.677          -3.982         -11.128           21.374
   13 (vir)    56          23.770          -5.831          -3.582         -10.694           25.051
   14 (vir)    56          24.133          -7.431          -5.024         -15.256           26.933
   15 (vir)    56          28.895         -12.089          -4.122         -14.487           27.171
   16 (vir)    56          34.893          -9.541          -1.994          -9.529           32.887
   17 (vir)    56          42.183         -11.376          -2.926         -12.517           40.399
   18 (vir)    56          43.911          -3.779          -3.131         -12.916           49.917
   19 (vir)    56          44.818         -11.558          -4.682         -16.027           44.605
   20 (vir)    56          48.068         -11.756          -3.423         -13.773           46.662
   21 (vir)    56          53.601           4.918          -4.130         -15.396           69.785
   22 (vir)    56          57.570           3.901          -2.300         -12.032           71.203
   23 (vir)    56          64.910           5.584          -3.130         -15.842           83.206
   24 (vir)    56          82.376           3.414          -3.182         -16.450           99.058
   25 (vir)    56         122.192           1.494          -1.681         -13.340          135.344
   26 (vir)    56         238.747           2.641          -1.646         -18.081          257.823
 
 
  kpoint:      57             coordinate:     0.2857    0.3571    0.0000
 
    n           k   ϵ_nk^DFT (eV)     Σ^c_nk (eV)     Σ^x_nk (eV)    v_nk^xc (eV)   ϵ_nk^G0W0 (eV)
 
    1 (occ)    57         -17.797           7.950         -27.272         -17.694          -19.425
    2 (occ)    57         -11.814           4.920         -22.134         -15.679          -13.348
    3 (occ)    57         -10.717           4.700         -22.469         -16.066          -12.420
    4 (occ)    57          -3.742           2.322         -20.036         -16.698           -4.758
    5 (vir)    57           1.056          -3.552          -5.614         -11.075            2.964
    6 (vir)    57           9.758          -4.621          -5.569         -12.500           12.068
    7 (vir)    57          11.144          -3.419          -3.643          -9.112           13.194
    8 (vir)    57          12.544          -3.934          -3.876          -9.850           14.585
    9 (vir)    57          13.451          -4.027          -3.701         -10.419           16.142
   10 (vir)    57          14.959          -5.016          -4.320         -11.667           17.290
   11 (vir)    57          15.233          -2.723          -1.199          -5.806           17.117
   12 (vir)    57          18.973          -4.723          -3.990         -11.191           21.452
   13 (vir)    57          23.802          -5.836          -3.676         -10.982           25.272
   14 (vir)    57          24.160          -7.325          -4.913         -14.933           26.855
   15 (vir)    57          28.865         -12.058          -4.108         -14.445           27.143
   16 (vir)    57          34.891          -9.421          -1.985          -9.528           33.012
   17 (vir)    57          41.992         -11.182          -2.887         -12.439           40.362
   18 (vir)    57          44.026          -8.986          -3.162         -12.957           44.834
   19 (vir)    57          44.667         -11.462          -4.657         -15.969           44.517
   20 (vir)    57          48.141         -11.627          -3.462         -13.813           46.865
   21 (vir)    57          53.712           4.558          -4.125         -15.418           69.562
   22 (vir)    57          57.758           3.917          -2.334         -12.141           71.482
   23 (vir)    57          64.967           5.577          -3.122         -15.838           83.259
   24 (vir)    57          82.384           3.216          -3.181         -16.452           98.871
   25 (vir)    57         122.087           1.481          -1.677         -13.338          135.229
   26 (vir)    57         238.784           2.446          -1.693         -18.080          257.616
 
 
  kpoint:      58             coordinate:     0.2789    0.3605    0.0000
 
    n           k   ϵ_nk^DFT (eV)     Σ^c_nk (eV)     Σ^x_nk (eV)    v_nk^xc (eV)   ϵ_nk^G0W0 (eV)
 
    1 (occ)    58         -17.809           7.954         -27.267         -17.686          -19.436
    2 (occ)    58         -11.843           4.945         -22.158         -15.673          -13.384
    3 (occ)    58         -10.656           4.670         -22.449         -16.088          -12.348
    4 (occ)    58          -3.762           2.325         -20.010         -16.666           -4.781
    5 (vir)    58           1.068          -3.550          -5.637         -11.095            2.977
    6 (vir)    58           9.712          -4.625          -5.593         -12.521           12.016
    7 (vir)    58          11.092          -3.420          -3.668          -9.152           13.155
    8 (vir)    58          12.527          -3.913          -3.752          -9.681           14.542
    9 (vir)    58          13.414          -3.999          -3.693         -10.386           16.107
   10 (vir)    58          15.029          -5.004          -4.289         -11.613           17.349
   11 (vir)    58          15.215          -2.777          -1.334          -6.005           17.109
   12 (vir)    58          19.050          -4.785          -3.999         -11.261           21.527
   13 (vir)    58          23.837          -5.854          -3.791         -11.327           25.519
   14 (vir)    58          24.194          -7.177          -4.778         -14.546           26.785
   15 (vir)    58          28.825         -12.023          -4.094         -14.400           27.108
   16 (vir)    58          34.889          -9.220          -1.977          -9.527           33.219
   17 (vir)    58          41.790         -10.985          -2.846         -12.354           40.314
   18 (vir)    58          44.133          -9.187          -3.195         -12.999           44.750
   19 (vir)    58          44.498         -11.372          -4.634         -15.913           44.405
   20 (vir)    58          48.220         -11.627          -3.501         -13.849           46.942
   21 (vir)    58          53.837           4.469          -4.118         -15.442           69.630
   22 (vir)    58          57.951           3.936          -2.370         -12.258           71.775
   23 (vir)    58          65.033           5.610          -3.114         -15.833           83.361
   24 (vir)    58          82.394           3.169          -3.181         -16.453           98.835
   25 (vir)    58         121.968           1.475          -1.673         -13.336          135.105
   26 (vir)    58         238.825           2.273          -1.734         -18.079          257.443
 
 
  kpoint:      59             coordinate:     0.2721    0.3639    0.0000
 
    n           k   ϵ_nk^DFT (eV)     Σ^c_nk (eV)     Σ^x_nk (eV)    v_nk^xc (eV)   ϵ_nk^G0W0 (eV)
 
    1 (occ)    59         -17.822           7.957         -27.261         -17.677          -19.449
    2 (occ)    59         -11.874           4.970         -22.181         -15.666          -13.419
    3 (occ)    59         -10.591           4.639         -22.432         -16.113          -12.271
    4 (occ)    59          -3.785           2.328         -19.983         -16.633           -4.806
    5 (vir)    59           1.081          -3.547          -5.660         -11.115            2.989
    6 (vir)    59           9.659          -4.676          -5.624         -12.550           11.909
    7 (vir)    59          11.038          -3.439          -3.688          -9.184           13.095
    8 (vir)    59          12.512          -3.893          -3.622          -9.504           14.500
    9 (vir)    59          13.373          -3.962          -3.676         -10.334           16.068
   10 (vir)    59          15.107          -5.014          -4.269         -11.582           17.405
   11 (vir)    59          15.199          -2.849          -1.476          -6.215           17.089
   12 (vir)    59          19.133          -4.853          -4.008         -11.335           21.608
   13 (vir)    59          23.875          -5.884          -3.922         -11.716           25.785
   14 (vir)    59          24.236          -6.976          -4.624         -14.108           26.744
   15 (vir)    59          28.775         -11.981          -4.080         -14.351           27.065
   16 (vir)    59          34.887          -8.919          -1.968          -9.526           33.526
   17 (vir)    59          41.578         -10.787          -2.802         -12.264           40.252
   18 (vir)    59          44.232          -9.392          -3.228         -13.041           44.654
   19 (vir)    59          44.315         -11.292          -4.614         -15.858           44.266
   20 (vir)    59          48.303         -11.635          -3.538         -13.883           47.013
   21 (vir)    59          53.976           4.582          -4.107         -15.467           69.918
   22 (vir)    59          58.144           3.959          -2.409         -12.380           72.074
   23 (vir)    59          65.107           5.701          -3.106         -15.827           83.529
   24 (vir)    59          82.405           3.238          -3.183         -16.455           98.915
   25 (vir)    59         121.834           1.478          -1.668         -13.333          134.976
   26 (vir)    59         238.871           2.140          -1.764         -18.077          257.324
 
 
  kpoint:      60             coordinate:     0.2653    0.3673    0.0000
 
    n           k   ϵ_nk^DFT (eV)     Σ^c_nk (eV)     Σ^x_nk (eV)    v_nk^xc (eV)   ϵ_nk^G0W0 (eV)
 
    1 (occ)    60         -17.836           7.961         -27.255         -17.667          -19.463
    2 (occ)    60         -11.906           4.997         -22.202         -15.658          -13.453
    3 (occ)    60         -10.521           4.607         -22.416         -16.139          -12.191
    4 (occ)    60          -3.808           2.332         -19.955         -16.598           -4.833
    5 (vir)    60           1.093          -3.544          -5.683         -11.135            3.002
    6 (vir)    60           9.598          -4.866          -5.661         -12.585           11.656
    7 (vir)    60          10.982          -3.454          -3.702          -9.208           13.033
    8 (vir)    60          12.500          -3.872          -3.487          -9.320           14.461
    9 (vir)    60          13.331          -3.923          -3.651         -10.266           16.023
   10 (vir)    60          15.185          -2.754          -1.623          -6.434           17.243
   11 (vir)    60          15.190          -5.068          -4.260         -11.575           17.437
   12 (vir)    60          19.223          -4.910          -4.018         -11.414           21.709
   13 (vir)    60          23.916          -5.930          -4.062         -12.126           26.049
   14 (vir)    60          24.288          -6.644          -4.458         -13.640           26.826
   15 (vir)    60          28.715         -11.933          -4.067         -14.301           27.015
   16 (vir)    60          34.886          -8.597          -1.960          -9.523           33.853
   17 (vir)    60          41.356         -10.592          -2.758         -12.171           40.177
   18 (vir)    60          44.117         -11.217          -4.597         -15.805           44.108
   19 (vir)    60          44.325          -9.600          -3.260         -13.082           44.547
   20 (vir)    60          48.388         -11.609          -3.575         -13.914           47.118
   21 (vir)    60          54.128           4.997          -4.092         -15.493           70.526
   22 (vir)    60          58.330           3.985          -2.448         -12.503           72.370
   23 (vir)    60          65.190           5.975          -3.097         -15.821           83.889
   24 (vir)    60          82.418           3.480          -3.187         -16.457           99.168
   25 (vir)    60         121.686           1.494          -1.663         -13.330          134.847
   26 (vir)    60         238.921           2.054          -1.781         -18.076          257.269
 
 
  kpoint:      61             coordinate:     0.2585    0.3707    0.0000
 
    n           k   ϵ_nk^DFT (eV)     Σ^c_nk (eV)     Σ^x_nk (eV)    v_nk^xc (eV)   ϵ_nk^G0W0 (eV)
 
    1 (occ)    61         -17.851           7.965         -27.249         -17.657          -19.477
    2 (occ)    61         -11.938           5.024         -22.222         -15.650          -13.486
    3 (occ)    61         -10.448           4.575         -22.403         -16.168          -12.107
    4 (occ)    61          -3.834           2.337         -19.926         -16.562           -4.861
    5 (vir)    61           1.106          -3.541          -5.705         -11.155            3.015
    6 (vir)    61           9.529          -4.815          -5.704         -12.625           11.635
    7 (vir)    61          10.926          -3.468          -3.710          -9.223           12.971
    8 (vir)    61          12.491          -3.846          -3.349          -9.131           14.428
    9 (vir)    61          13.288          -3.893          -3.619         -10.185           15.961
   10 (vir)    61          15.176          -3.009          -1.773          -6.660           17.054
   11 (vir)    61          15.279          -5.222          -4.261         -11.590           17.386
   12 (vir)    61          19.318          -4.948          -4.028         -11.496           21.837
   13 (vir)    61          23.959          -5.921          -4.202         -12.529           26.366
   14 (vir)    61          24.348          -6.492          -4.289         -13.170           26.737
   15 (vir)    61          28.644         -11.877          -4.055         -14.248           26.960
   16 (vir)    61          34.885          -7.231          -1.950          -9.521           35.225
   17 (vir)    61          41.126         -10.400          -2.714         -12.077           40.089
   18 (vir)    61          43.908         -11.136          -4.582         -15.754           43.944
   19 (vir)    61          44.411          -9.811          -3.290         -13.123           44.432
   20 (vir)    61          48.473         -11.545          -3.610         -13.943           47.261
   21 (vir)    61          54.291           5.408          -4.074         -15.520           71.146
   22 (vir)    61          58.506           4.012          -2.488         -12.626           72.656
   23 (vir)    61          65.282           5.992          -3.087         -15.814           84.001
   24 (vir)    61          82.432           3.951          -3.193         -16.459           99.648
   25 (vir)    61         121.524           1.542          -1.658         -13.328          134.736
   26 (vir)    61         238.975           2.019          -1.784         -18.074          257.284
 
 
  kpoint:      62             coordinate:     0.2517    0.3741    0.0000
 
    n           k   ϵ_nk^DFT (eV)     Σ^c_nk (eV)     Σ^x_nk (eV)    v_nk^xc (eV)   ϵ_nk^G0W0 (eV)
 
    1 (occ)    62         -17.866           7.969         -27.242         -17.647          -19.493
    2 (occ)    62         -11.970           5.052         -22.240         -15.642          -13.517
    3 (occ)    62         -10.371           4.543         -22.391         -16.198          -12.021
    4 (occ)    62          -3.860           2.342         -19.898         -16.525           -4.891
    5 (vir)    62           1.119          -3.537          -5.728         -11.173            3.027
    6 (vir)    62           9.452          -4.753          -5.753         -12.670           11.615
    7 (vir)    62          10.871          -3.479          -3.711          -9.229           12.910
    8 (vir)    62          12.486          -3.814          -3.207          -8.938           14.404
    9 (vir)    62          13.244          -3.856          -3.583         -10.096           15.900
   10 (vir)    62          15.171          -3.107          -1.926          -6.892           17.031
   11 (vir)    62          15.373          -4.901          -4.271         -11.626           17.828
   12 (vir)    62          19.417          -4.879          -4.038         -11.580           22.080
   13 (vir)    62          24.006          -6.168          -4.332         -12.902           26.409
   14 (vir)    62          24.419          -6.441          -4.125         -12.722           26.574
   15 (vir)    62          28.562         -11.812          -4.043         -14.194           26.900
   16 (vir)    62          34.885          -7.668          -1.939          -9.518           34.796
   17 (vir)    62          40.889         -10.212          -2.671         -11.983           39.988
   18 (vir)    62          43.688         -11.037          -4.570         -15.705           43.787
   19 (vir)    62          44.492         -10.027          -3.319         -13.163           44.309
   20 (vir)    62          48.559         -11.450          -3.644         -13.968           47.433
   21 (vir)    62          54.465         -11.279          -4.051         -15.548           54.683
   22 (vir)    62          58.667           4.039          -2.527         -12.747           72.926
   23 (vir)    62          65.382           5.734          -3.076         -15.807           83.846
   24 (vir)    62          82.446           3.611          -3.201         -16.461           99.317
   25 (vir)    62         121.350           1.616          -1.653         -13.325          134.638
   26 (vir)    62         239.032           2.035          -1.774         -18.072          257.366
 
 
  kpoint:      63             coordinate:     0.2449    0.3776    0.0000
 
    n           k   ϵ_nk^DFT (eV)     Σ^c_nk (eV)     Σ^x_nk (eV)    v_nk^xc (eV)   ϵ_nk^G0W0 (eV)
 
    1 (occ)    63         -17.882           7.973         -27.236         -17.636          -19.509
    2 (occ)    63         -12.003           5.080         -22.257         -15.633          -13.547
    3 (occ)    63         -10.292           4.510         -22.381         -16.230          -11.933
    4 (occ)    63          -3.887           2.347         -19.870         -16.489           -4.921
    5 (vir)    63           1.131          -3.533          -5.749         -11.190            3.038
    6 (vir)    63           9.367          -4.712          -5.805         -12.716           11.566
    7 (vir)    63          10.818          -3.487          -3.706          -9.227           12.851
    8 (vir)    63          12.484          -3.775          -3.063          -8.742           14.389
    9 (vir)    63          13.199          -3.703          -3.543         -10.001           15.954
   10 (vir)    63          15.172          -3.178          -2.080          -7.129           17.042
   11 (vir)    63          15.470          -4.936          -4.289         -11.683           17.928
   12 (vir)    63          19.519          -4.951          -4.048         -11.667           22.186
   13 (vir)    63          24.058          -6.334          -4.447         -13.227           26.504
   14 (vir)    63          24.499          -6.150          -3.973         -12.312           26.688
   15 (vir)    63          28.470         -11.738          -4.033         -14.138           26.837
   16 (vir)    63          34.886          -7.202          -1.927          -9.513           35.270
   17 (vir)    63          40.646         -10.028          -2.630         -11.890           39.877
   18 (vir)    63          43.459         -10.911          -4.560         -15.658           43.647
   19 (vir)    63          44.569         -10.251          -3.345         -13.201           44.174
   20 (vir)    63          48.644         -11.337          -3.677         -13.992           47.622
   21 (vir)    63          54.650          -4.454          -4.026         -15.576           61.746
   22 (vir)    63          58.812           4.067          -2.566         -12.864           73.176
   23 (vir)    63          65.490           5.670          -3.064         -15.799           83.896
   24 (vir)    63          82.462           3.496          -3.210         -16.462           99.210
   25 (vir)    63         121.164           1.692          -1.648         -13.321          134.529
   26 (vir)    63         239.093           2.100          -1.752         -18.070          257.511
 
 
  kpoint:      64             coordinate:     0.2381    0.3810    0.0000
 
    n           k   ϵ_nk^DFT (eV)     Σ^c_nk (eV)     Σ^x_nk (eV)    v_nk^xc (eV)   ϵ_nk^G0W0 (eV)
 
    1 (occ)    64         -17.899           7.977         -27.229         -17.626          -19.525
    2 (occ)    64         -12.035           5.105         -22.273         -15.625          -13.578
    3 (occ)    64         -10.210           4.477         -22.372         -16.262          -11.843
    4 (occ)    64          -3.915           2.353         -19.843         -16.452           -4.952
    5 (vir)    64           1.142          -3.528          -5.770         -11.206            3.049
    6 (vir)    64           9.275          -4.681          -5.860         -12.762           11.496
    7 (vir)    64          10.767          -3.488          -3.696          -9.217           12.800
    8 (vir)    64          12.485          -3.733          -2.917          -8.544           14.380
    9 (vir)    64          13.155          -3.652          -3.502          -9.903           15.904
   10 (vir)    64          15.178          -3.247          -2.236          -7.370           17.065
   11 (vir)    64          15.570          -4.976          -4.314         -11.758           18.038
   12 (vir)    64          19.623          -5.049          -4.058         -11.756           22.271
   13 (vir)    64          24.114          -6.395          -4.543         -13.495           26.671
   14 (vir)    64          24.590          -5.803          -3.835         -11.949           26.901
   15 (vir)    64          28.367         -11.653          -4.024         -14.080           26.770
   16 (vir)    64          34.888          -7.014          -1.914          -9.508           35.468
   17 (vir)    64          40.399          -9.849          -2.590         -11.798           39.758
   18 (vir)    64          43.221         -10.754          -4.551         -15.613           43.529
   19 (vir)    64          44.642         -10.489          -3.369         -13.239           44.023
   20 (vir)    64          48.727         -11.216          -3.709         -14.014           47.815
   21 (vir)    64          54.843          -9.234          -3.997         -15.603           57.215
   22 (vir)    64          58.938           4.094          -2.604         -12.975           73.404
   23 (vir)    64          65.607           5.771          -3.050         -15.790           84.117
   24 (vir)    64          82.479           3.737          -3.221         -16.465           99.461
   25 (vir)    64         120.966           1.730          -1.644         -13.318          134.370
   26 (vir)    64         239.156           2.209          -1.722         -18.068          257.712
 
 
  kpoint:      65             coordinate:     0.2313    0.3844    0.0000
 
    n           k   ϵ_nk^DFT (eV)     Σ^c_nk (eV)     Σ^x_nk (eV)    v_nk^xc (eV)   ϵ_nk^G0W0 (eV)
 
    1 (occ)    65         -17.916           7.982         -27.223         -17.615          -19.543
    2 (occ)    65         -12.067           5.127         -22.288         -15.616          -13.611
    3 (occ)    65         -10.126           4.444         -22.365         -16.296          -11.751
    4 (occ)    65          -3.943           2.360         -19.816         -16.415           -4.984
    5 (vir)    65           1.153          -3.524          -5.790         -11.220            3.059
    6 (vir)    65           9.176          -4.656          -5.917         -12.807           11.411
    7 (vir)    65          10.718          -3.480          -3.682          -9.202           12.759
    8 (vir)    65          12.489          -3.693          -2.771          -8.344           14.370
    9 (vir)    65          13.111          -3.609          -3.461          -9.805           15.847
   10 (vir)    65          15.190          -3.323          -2.391          -7.615           17.090
   11 (vir)    65          15.673          -5.013          -4.347         -11.850           18.163
   12 (vir)    65          19.728          -5.123          -4.068         -11.846           22.383
   13 (vir)    65          24.176          -6.449          -4.622         -13.708           26.813
   14 (vir)    65          24.691          -5.493          -3.711         -11.633           27.120
   15 (vir)    65          28.253         -11.559          -4.016         -14.022           26.701
   16 (vir)    65          34.890          -6.989          -1.900          -9.502           35.504
   17 (vir)    65          40.150          -9.675          -2.552         -11.709           39.631
   18 (vir)    65          42.975         -10.569          -4.544         -15.570           43.431
   19 (vir)    65          44.711         -10.750          -3.391         -13.275           43.845
   20 (vir)    65          48.808         -11.109          -3.740         -14.034           47.993
   21 (vir)    65          55.045           4.079          -3.968         -15.631           70.787
   22 (vir)    65          59.047           4.121          -2.642         -13.081           73.608
   23 (vir)    65          65.731           6.141          -3.035         -15.780           84.618
   24 (vir)    65          82.497           3.966          -3.231         -16.467           99.698
   25 (vir)    65         120.758           1.778          -1.641         -13.314          134.209
   26 (vir)    65         239.222           2.355          -1.687         -18.066          257.955
 
 
  kpoint:      66             coordinate:     0.2245    0.3878    0.0000
 
    n           k   ϵ_nk^DFT (eV)     Σ^c_nk (eV)     Σ^x_nk (eV)    v_nk^xc (eV)   ϵ_nk^G0W0 (eV)
 
    1 (occ)    66         -17.934           7.986         -27.216         -17.604          -19.560
    2 (occ)    66         -12.099           5.145         -22.301         -15.608          -13.647
    3 (occ)    66         -10.041           4.411         -22.359         -16.331          -11.658
    4 (occ)    66          -3.972           2.366         -19.790         -16.379           -5.016
    5 (vir)    66           1.163          -3.518          -5.809         -11.233            3.069
    6 (vir)    66           9.070          -4.632          -5.973         -12.850           11.315
    7 (vir)    66          10.673          -3.469          -3.664          -9.182           12.722
    8 (vir)    66          12.496          -3.660          -2.625          -8.144           14.355
    9 (vir)    66          13.068          -3.566          -3.420          -9.709           15.790
   10 (vir)    66          15.210          -3.409          -2.546          -7.862           17.116
   11 (vir)    66          15.777          -5.282          -4.386         -11.959           18.068
   12 (vir)    66          19.834          -5.270          -4.078         -11.938           22.423
   13 (vir)    66          24.244          -6.498          -4.684         -13.870           26.932
   14 (vir)    66          24.804          -5.247          -3.601         -11.359           27.314
   15 (vir)    66          28.130         -11.454          -4.008         -13.962           26.629
   16 (vir)    66          34.894          -7.023          -1.886          -9.495           35.481
   17 (vir)    66          39.899          -9.506          -2.516         -11.622           39.499
   18 (vir)    66          42.722         -10.365          -4.539         -15.527           43.345
   19 (vir)    66          44.779         -11.050          -3.410         -13.311           43.629
   20 (vir)    66          48.886         -11.048          -3.769         -14.053           48.122
   21 (vir)    66          55.254           3.649          -3.937         -15.658           70.623
   22 (vir)    66          59.137           4.147          -2.678         -13.181           73.787
   23 (vir)    66          65.863           6.103          -3.019         -15.770           84.717
   24 (vir)    66          82.515           3.163          -3.240         -16.469           98.906
   25 (vir)    66         120.539           1.823          -1.640         -13.311          134.034
   26 (vir)    66         239.291           2.523          -1.652         -18.063          258.226
 
 
  kpoint:      67             coordinate:     0.2177    0.3912    0.0000
 
    n           k   ϵ_nk^DFT (eV)     Σ^c_nk (eV)     Σ^x_nk (eV)    v_nk^xc (eV)   ϵ_nk^G0W0 (eV)
 
    1 (occ)    67         -17.952           7.991         -27.210         -17.593          -19.578
    2 (occ)    67         -12.130           5.159         -22.314         -15.600          -13.686
    3 (occ)    67          -9.954           4.378         -22.354         -16.367          -11.563
    4 (occ)    67          -4.001           2.373         -19.765         -16.344           -5.049
    5 (vir)    67           1.172          -3.513          -5.826         -11.244            3.077
    6 (vir)    67           8.958          -4.610          -6.029         -12.890           11.209
    7 (vir)    67          10.630          -3.462          -3.645          -9.159           12.683
    8 (vir)    67          12.505          -3.631          -2.480          -7.943           14.336
    9 (vir)    67          13.025          -3.525          -3.380          -9.614           15.735
   10 (vir)    67          15.236          -3.506          -2.698          -8.110           17.141
   11 (vir)    67          15.883          -5.352          -4.432         -12.082           18.180
   12 (vir)    67          19.939          -5.420          -4.089         -12.030           22.461
   13 (vir)    67          24.321          -6.543          -4.732         -13.986           27.032
   14 (vir)    67          24.927          -5.065          -3.504         -11.121           27.480
   15 (vir)    67          27.996         -11.339          -4.003         -13.902           26.556
   16 (vir)    67          34.899          -7.056          -1.872          -9.487           35.458
   17 (vir)    67          39.648          -9.343          -2.482         -11.539           39.362
   18 (vir)    67          42.463         -10.158          -4.534         -15.485           43.256
   19 (vir)    67          44.844         -11.409          -3.427         -13.345           43.352
   20 (vir)    67          48.962         -11.083          -3.798         -14.071           48.152
   21 (vir)    67          55.469           3.520          -3.907         -15.685           70.767
   22 (vir)    67          59.209           4.172          -2.712         -13.275           73.944
   23 (vir)    67          66.003           5.852          -3.002         -15.759           84.612
   24 (vir)    67          82.533           2.797          -3.247         -16.470           98.553
   25 (vir)    67         120.312           1.857          -1.640         -13.307          133.835
   26 (vir)    67         239.362           2.696          -1.618         -18.061          258.500
 
 
  kpoint:      68             coordinate:     0.2109    0.3946    0.0000
 
    n           k   ϵ_nk^DFT (eV)     Σ^c_nk (eV)     Σ^x_nk (eV)    v_nk^xc (eV)   ϵ_nk^G0W0 (eV)
 
    1 (occ)    68         -17.970           7.995         -27.203         -17.582          -19.596
    2 (occ)    68         -12.160           5.169         -22.326         -15.591          -13.726
    3 (occ)    68          -9.867           4.345         -22.350         -16.404          -11.468
    4 (occ)    68          -4.031           2.380         -19.741         -16.309           -5.082
    5 (vir)    68           1.181          -3.507          -5.842         -11.254            3.085
    6 (vir)    68           8.841          -4.588          -6.083         -12.925           11.095
    7 (vir)    68          10.591          -3.457          -3.623          -9.132           12.643
    8 (vir)    68          12.515          -3.603          -2.338          -7.744           14.318
    9 (vir)    68          12.984          -3.486          -3.342          -9.524           15.680
   10 (vir)    68          15.271          -3.615          -2.848          -8.357           17.166
   11 (vir)    68          15.989          -5.385          -4.485         -12.218           18.338
   12 (vir)    68          20.044          -5.537          -4.099         -12.123           22.531
   13 (vir)    68          24.405          -6.584          -4.767         -14.065           27.119
   14 (vir)    68          25.062          -4.931          -3.417         -10.914           27.627
   15 (vir)    68          27.854         -11.215          -3.998         -13.841           26.481
   16 (vir)    68          34.906          -7.068          -1.861          -9.477           35.454
   17 (vir)    68          39.399          -9.187          -2.450         -11.459           39.220
   18 (vir)    68          42.199          -9.965          -4.531         -15.444           43.147
   19 (vir)    68          44.907         -11.870          -3.442         -13.378           42.973
   20 (vir)    68          49.034         -11.266          -3.825         -14.088           48.031
   21 (vir)    68          55.689           3.517          -3.878         -15.711           71.040
   22 (vir)    68          59.266           4.196          -2.746         -13.362           74.078
   23 (vir)    68          66.150           5.509          -2.986         -15.748           84.421
   24 (vir)    68          82.550           2.470          -3.253         -16.472           98.240
   25 (vir)    68         120.076           1.871          -1.643         -13.303          133.608
   26 (vir)    68         239.434           2.848          -1.589         -18.058          258.751
 
 
  kpoint:      69             coordinate:     0.2041    0.3980    0.0000
 
    n           k   ϵ_nk^DFT (eV)     Σ^c_nk (eV)     Σ^x_nk (eV)    v_nk^xc (eV)   ϵ_nk^G0W0 (eV)
 
    1 (occ)    69         -17.988           8.000         -27.197         -17.571          -19.615
    2 (occ)    69         -12.190           5.178         -22.337         -15.583          -13.766
    3 (occ)    69          -9.778           4.312         -22.348         -16.441          -11.372
    4 (occ)    69          -4.060           2.388         -19.718         -16.276           -5.115
    5 (vir)    69           1.188          -3.501          -5.857         -11.262            3.091
    6 (vir)    69           8.720          -4.567          -6.135         -12.956           10.975
    7 (vir)    69          10.554          -3.455          -3.600          -9.104           12.602
    8 (vir)    69          12.526          -3.569          -2.199          -7.548           14.307
    9 (vir)    69          12.944          -3.448          -3.306          -9.437           15.626
   10 (vir)    69          15.314          -3.736          -2.993          -8.604           17.188
   11 (vir)    69          16.096          -5.432          -4.544         -12.367           18.487
   12 (vir)    69          20.146          -5.620          -4.111         -12.216           22.631
   13 (vir)    69          24.499          -6.622          -4.791         -14.113           27.198
   14 (vir)    69          25.209          -4.822          -3.341         -10.729           27.776
   15 (vir)    69          27.702         -11.082          -3.994         -13.778           26.404
   16 (vir)    69          34.914          -7.056          -1.852          -9.465           35.472
   17 (vir)    69          39.151          -9.038          -2.420         -11.383           39.076
   18 (vir)    69          41.930          -9.800          -4.529         -15.403           43.004
   19 (vir)    69          44.968         -12.703          -3.455         -13.410           42.221
   20 (vir)    69          49.102         -11.631          -3.852         -14.105           47.725
   21 (vir)    69          55.914           3.579          -3.849         -15.737           71.380
   22 (vir)    69          59.307           4.219          -2.779         -13.443           74.191
   23 (vir)    69          66.305           5.196          -2.971         -15.736           84.266
   24 (vir)    69          82.567           2.304          -3.256         -16.474           98.090
   25 (vir)    69         119.833           1.865          -1.648         -13.298          133.349
   26 (vir)    69         239.508           2.954          -1.566         -18.055          258.950
 
 
  kpoint:      70             coordinate:     0.1973    0.4014    0.0000
 
    n           k   ϵ_nk^DFT (eV)     Σ^c_nk (eV)     Σ^x_nk (eV)    v_nk^xc (eV)   ϵ_nk^G0W0 (eV)
 
    1 (occ)    70         -18.006           8.004         -27.191         -17.560          -19.633
    2 (occ)    70         -12.219           5.187         -22.348         -15.575          -13.805
    3 (occ)    70          -9.689           4.280         -22.346         -16.479          -11.276
    4 (occ)    70          -4.089           2.395         -19.696         -16.243           -5.147
    5 (vir)    70           1.195          -3.495          -5.871         -11.268            3.097
    6 (vir)    70           8.596          -4.546          -6.185         -12.983           10.849
    7 (vir)    70          10.519          -3.454          -3.576          -9.073           12.562
    8 (vir)    70          12.538          -3.527          -2.064          -7.357           14.303
    9 (vir)    70          12.904          -3.413          -3.272          -9.355           15.574
   10 (vir)    70          15.365          -3.870          -3.134          -8.847           17.208
   11 (vir)    70          16.203          -5.490          -4.610         -12.527           18.630
   12 (vir)    70          20.246          -5.689          -4.123         -12.308           22.742
   13 (vir)    70          24.602          -6.656          -4.808         -14.137           27.275
   14 (vir)    70          25.369          -4.712          -3.274         -10.564           27.947
   15 (vir)    70          27.541         -10.942          -3.991         -13.716           26.324
   16 (vir)    70          34.925          -7.015          -1.845          -9.452           35.517
   17 (vir)    70          38.907          -8.898          -2.392         -11.310           38.927
   18 (vir)    70          41.656          -9.676          -4.528         -15.362           42.815
   19 (vir)    70          45.028           4.615          -3.465         -13.442           59.619
   20 (vir)    70          49.167         -12.142          -3.877         -14.121           47.270
   21 (vir)    70          56.141           3.687          -3.823         -15.763           71.769
   22 (vir)    70          59.336           4.241          -2.810         -13.519           74.286
   23 (vir)    70          66.467           4.979          -2.957         -15.723           84.212
   24 (vir)    70          82.584           2.232          -3.257         -16.476           98.034
   25 (vir)    70         119.584           1.838          -1.655         -13.294          133.061
   26 (vir)    70         239.582           2.991          -1.549         -18.052          259.076
 
 
  kpoint:      71             coordinate:     0.1905    0.4048    0.0000
 
    n           k   ϵ_nk^DFT (eV)     Σ^c_nk (eV)     Σ^x_nk (eV)    v_nk^xc (eV)   ϵ_nk^G0W0 (eV)
 
    1 (occ)    71         -18.024           8.009         -27.185         -17.549          -19.652
    2 (occ)    71         -12.248           5.198         -22.358         -15.567          -13.840
    3 (occ)    71          -9.599           4.247         -22.345         -16.517          -11.179
    4 (occ)    71          -4.118           2.403         -19.676         -16.211           -5.180
    5 (vir)    71           1.201          -3.488          -5.884         -11.273            3.102
    6 (vir)    71           8.470          -4.524          -6.232         -13.006           10.719
    7 (vir)    71          10.487          -3.455          -3.552          -9.042           12.522
    8 (vir)    71          12.550          -3.479          -1.935          -7.171           14.307
    9 (vir)    71          12.867          -3.381          -3.241          -9.278           15.523
   10 (vir)    71          15.425          -4.019          -3.268          -9.086           17.224
   11 (vir)    71          16.309          -5.559          -4.681         -12.698           18.768
   12 (vir)    71          20.344          -5.756          -4.137         -12.398           22.849
   13 (vir)    71          24.715          -6.688          -4.817         -14.143           27.353
   14 (vir)    71          25.544          -4.576          -3.216         -10.412           28.164
   15 (vir)    71          27.373         -10.796          -3.990         -13.652           26.239
   16 (vir)    71          34.938          -6.924          -1.843          -9.436           35.607
   17 (vir)    71          38.667          -8.767          -2.365         -11.240           38.776
   18 (vir)    71          41.378          -9.596          -4.527         -15.321           42.577
   19 (vir)    71          45.086           4.585          -3.474         -13.472           59.668
   20 (vir)    71          49.229         -12.685          -3.900         -14.136           46.780
   21 (vir)    71          56.371           3.847          -3.797         -15.788           72.209
   22 (vir)    71          59.353           4.263          -2.840         -13.588           74.364
   23 (vir)    71          66.637           4.857          -2.946         -15.710           84.259
   24 (vir)    71          82.598           2.213          -3.256         -16.477           98.031
   25 (vir)    71         119.330           1.793          -1.664         -13.289          132.748
   26 (vir)    71         239.658           2.954          -1.539         -18.048          259.122
 
 
  kpoint:      72             coordinate:     0.1837    0.4082    0.0000
 
    n           k   ϵ_nk^DFT (eV)     Σ^c_nk (eV)     Σ^x_nk (eV)    v_nk^xc (eV)   ϵ_nk^G0W0 (eV)
 
    1 (occ)    72         -18.042           8.013         -27.180         -17.539          -19.670
    2 (occ)    72         -12.275           5.213         -22.367         -15.560          -13.870
    3 (occ)    72          -9.510           4.216         -22.345         -16.556          -11.083
    4 (occ)    72          -4.147           2.411         -19.656         -16.180           -5.212
    5 (vir)    72           1.206          -3.482          -5.896         -11.277            3.105
    6 (vir)    72           8.341          -4.503          -6.277         -13.024           10.586
    7 (vir)    72          10.457          -3.458          -3.528          -9.010           12.481
    8 (vir)    72          12.562          -3.427          -1.813          -6.993           14.314
    9 (vir)    72          12.830          -3.352          -3.212          -9.205           15.471
   10 (vir)    72          15.494          -4.181          -3.394          -9.318           17.237
   11 (vir)    72          16.415          -5.644          -4.757         -12.879           18.892
   12 (vir)    72          20.438          -5.826          -4.152         -12.485           22.946
   13 (vir)    72          24.838          -6.716          -4.821         -14.136           27.436
   14 (vir)    72          25.733          -4.389          -3.166         -10.272           28.450
   15 (vir)    72          27.196         -10.646          -3.989         -13.588           26.149
   16 (vir)    72          34.953          -6.725          -1.844          -9.418           35.802
   17 (vir)    72          38.432          -8.645          -2.340         -11.175           38.621
   18 (vir)    72          41.097          -9.557          -4.527         -15.280           42.294
   19 (vir)    72          45.143           4.568          -3.482         -13.502           59.730
   20 (vir)    72          49.286          -2.358          -3.923         -14.150           57.156
   21 (vir)    72          56.603           4.087          -3.773         -15.812           72.729
   22 (vir)    72          59.360           4.283          -2.869         -13.652           74.426
   23 (vir)    72          66.813           4.832          -2.936         -15.697           84.407
   24 (vir)    72          82.611           2.237          -3.254         -16.478           98.072
   25 (vir)    72         119.072           1.737          -1.674         -13.284          132.419
   26 (vir)    72         239.734           2.852          -1.534         -18.045          259.096
 
 
  kpoint:      73             coordinate:     0.1769    0.4116    0.0000
 
    n           k   ϵ_nk^DFT (eV)     Σ^c_nk (eV)     Σ^x_nk (eV)    v_nk^xc (eV)   ϵ_nk^G0W0 (eV)
 
    1 (occ)    73         -18.060           8.018         -27.174         -17.529          -19.688
    2 (occ)    73         -12.302           5.232         -22.376         -15.552          -13.894
    3 (occ)    73          -9.420           4.184         -22.345         -16.595          -10.986
    4 (occ)    73          -4.175           2.419         -19.638         -16.150           -5.243
    5 (vir)    73           1.210          -3.475          -5.906         -11.280            3.108
    6 (vir)    73           8.212          -4.481          -6.318         -13.038           10.452
    7 (vir)    73          10.429          -3.463          -3.504          -8.978           12.440
    8 (vir)    73          12.572          -3.376          -1.698          -6.823           14.322
    9 (vir)    73          12.795          -3.329          -3.186          -9.137           15.418
   10 (vir)    73          15.573          -4.355          -3.513          -9.542           17.248
   11 (vir)    73          16.519          -5.627          -4.838         -13.068           19.122
   12 (vir)    73          20.530          -5.912          -4.168         -12.569           23.019
   13 (vir)    73          24.971          -6.744          -4.822         -14.120           27.526
   14 (vir)    73          25.940          -4.183          -3.123         -10.140           28.774
   15 (vir)    73          27.012         -10.495          -3.990         -13.523           26.051
   16 (vir)    73          34.971          -6.250          -1.848          -9.396           36.269
   17 (vir)    73          38.203          -8.535          -2.317         -11.112           38.464
   18 (vir)    73          40.813          -9.552          -4.528         -15.239           41.972
   19 (vir)    73          45.198         -11.113          -3.487         -13.530           44.128
   20 (vir)    73          49.340          -3.269          -3.943         -14.164           56.293
   21 (vir)    73          56.834           4.481          -3.750         -15.836           73.401
   22 (vir)    73          59.360           4.300          -2.897         -13.712           74.475
   23 (vir)    73          66.998           4.984          -2.927         -15.683           84.738
   24 (vir)    73          82.621           2.321          -3.252         -16.479           98.169
   25 (vir)    73         118.811           1.676          -1.685         -13.279          132.082
   26 (vir)    73         239.811           2.705          -1.534         -18.041          259.022
 
 
  kpoint:      74             coordinate:     0.1701    0.4150    0.0000
 
    n           k   ϵ_nk^DFT (eV)     Σ^c_nk (eV)     Σ^x_nk (eV)    v_nk^xc (eV)   ϵ_nk^G0W0 (eV)
 
    1 (occ)    74         -18.078           8.023         -27.169         -17.519          -19.705
    2 (occ)    74         -12.328           5.254         -22.384         -15.545          -13.913
    3 (occ)    74          -9.332           4.153         -22.347         -16.634          -10.891
    4 (occ)    74          -4.203           2.427         -19.620         -16.122           -5.274
    5 (vir)    74           1.213          -3.468          -5.916         -11.281            3.110
    6 (vir)    74           8.082          -4.458          -6.356         -13.049           10.317
    7 (vir)    74          10.403          -3.473          -3.480          -8.946           12.396
    8 (vir)    74          12.582          -3.326          -1.592          -6.664           14.328
    9 (vir)    74          12.762          -3.311          -3.162          -9.074           15.363
   10 (vir)    74          15.660          -4.537          -3.622          -9.758           17.260
   11 (vir)    74          16.622          -5.774          -4.922         -13.265           19.191
   12 (vir)    74          20.619          -6.003          -4.184         -12.650           23.081
   13 (vir)    74          25.114          -6.772          -4.819         -14.100           27.624
   14 (vir)    74          26.164          -4.257          -3.086         -10.016           28.836
   15 (vir)    74          26.821         -10.343          -3.991         -13.458           25.945
   16 (vir)    74          34.994          -6.053          -1.854          -9.370           36.458
   17 (vir)    74          37.981          -8.436          -2.295         -11.053           38.303
   18 (vir)    74          40.526          -9.573          -4.528         -15.196           41.621
   19 (vir)    74          45.251           4.584          -3.492         -13.558           59.902
   20 (vir)    74          49.391         -10.141          -3.961         -14.176           49.465
   21 (vir)    74          57.064           5.225          -3.727         -15.859           74.421
   22 (vir)    74          59.353           4.316          -2.924         -13.766           74.511
   23 (vir)    74          67.189           5.398          -2.918         -15.668           85.337
   24 (vir)    74          82.627           2.501          -3.248         -16.480           98.360
   25 (vir)    74         118.548           1.618          -1.695         -13.274          131.746
   26 (vir)    74         239.887           2.540          -1.538         -18.037          258.926
 
 
  kpoint:      75             coordinate:     0.1633    0.4184    0.0000
 
    n           k   ϵ_nk^DFT (eV)     Σ^c_nk (eV)     Σ^x_nk (eV)    v_nk^xc (eV)   ϵ_nk^G0W0 (eV)
 
    1 (occ)    75         -18.095           8.028         -27.164         -17.509          -19.722
    2 (occ)    75         -12.353           5.280         -22.392         -15.538          -13.927
    3 (occ)    75          -9.243           4.123         -22.349         -16.674          -10.796
    4 (occ)    75          -4.230           2.435         -19.604         -16.094           -5.305
    5 (vir)    75           1.216          -3.461          -5.924         -11.281            3.112
    6 (vir)    75           7.953          -4.436          -6.392         -13.056           10.181
    7 (vir)    75          10.379          -3.490          -3.457          -8.914           12.346
    8 (vir)    75          12.591          -3.281          -1.494          -6.516           14.332
    9 (vir)    75          12.729          -3.296          -3.140          -9.016           15.310
   10 (vir)    75          15.757          -4.722          -3.721          -9.963           17.276
   11 (vir)    75          16.723          -5.874          -5.007         -13.468           19.310
   12 (vir)    75          20.705          -6.173          -4.201         -12.725           23.055
   13 (vir)    75          25.267          -6.801          -4.813         -14.077           27.730
   14 (vir)    75          26.408          -4.788          -3.052          -9.899           28.467
   15 (vir)    75          26.623         -10.192          -3.993         -13.392           25.830
   16 (vir)    75          35.020          -7.315          -1.860          -9.340           35.185
   17 (vir)    75          37.765          -8.350          -2.274         -10.998           38.139
   18 (vir)    75          40.236          -9.612          -4.529         -15.153           41.248
   19 (vir)    75          45.303           4.620          -3.495         -13.585           60.014
   20 (vir)    75          49.438           4.814          -3.976         -14.188           64.463
   21 (vir)    75          57.293          -9.899          -3.705         -15.882           59.570
   22 (vir)    75          59.341           4.327          -2.951         -13.817           74.535
   23 (vir)    75          67.388           6.154          -2.910         -15.654           86.287
   24 (vir)    75          82.630           2.759          -3.245         -16.481           98.625
   25 (vir)    75         118.286           1.569          -1.704         -13.269          131.420
   26 (vir)    75         239.963           2.378          -1.543         -18.033          258.830
 
 
  kpoint:      76             coordinate:     0.1565    0.4218    0.0000
 
    n           k   ϵ_nk^DFT (eV)     Σ^c_nk (eV)     Σ^x_nk (eV)    v_nk^xc (eV)   ϵ_nk^G0W0 (eV)
 
    1 (occ)    76         -18.112           8.033         -27.159         -17.500          -19.739
    2 (occ)    76         -12.377           5.306         -22.400         -15.531          -13.938
    3 (occ)    76          -9.156           4.093         -22.352         -16.713          -10.702
    4 (occ)    76          -4.257           2.443         -19.589         -16.068           -5.334
    5 (vir)    76           1.218          -3.455          -5.932         -11.281            3.112
    6 (vir)    76           7.825          -4.413          -6.425         -13.060           10.047
    7 (vir)    76          10.356          -3.495          -3.434          -8.882           12.309
    8 (vir)    76          12.598          -3.239          -1.406          -6.379           14.333
    9 (vir)    76          12.699          -3.277          -3.120          -8.963           15.264
   10 (vir)    76          15.863          -4.906          -3.811         -10.157           17.304
   11 (vir)    76          16.822          -5.981          -5.094         -13.676           19.424
   12 (vir)    76          20.788          -6.070          -4.217         -12.796           23.296
   13 (vir)    76          25.430          -6.833          -4.806         -14.054           27.845
   14 (vir)    76          26.420         -10.042          -3.996         -13.325           25.707
   15 (vir)    76          26.674          -2.400          -3.017          -9.788           31.046
   16 (vir)    76          35.052           1.621          -1.864          -9.304           44.114
   17 (vir)    76          37.557          -8.277          -2.255         -10.945           37.971
   18 (vir)    76          39.945          -9.665          -4.530         -15.109           40.858
   19 (vir)    76          45.354           4.673          -3.497         -13.611           60.141
   20 (vir)    76          49.481         -10.040          -3.989         -14.198           49.651
   21 (vir)    76          57.519          -2.447          -3.684         -15.904           67.292
   22 (vir)    76          59.326           4.334          -2.976         -13.863           74.548
   23 (vir)    76          67.595           5.216          -2.899         -15.639           85.551
   24 (vir)    76          82.628           2.984          -3.241         -16.481           98.853
   25 (vir)    76         118.025           1.539          -1.711         -13.263          131.117
   26 (vir)    76         240.037           2.234          -1.548         -18.029          258.753
 
 
  kpoint:      77             coordinate:     0.1497    0.4252    0.0000
 
    n           k   ϵ_nk^DFT (eV)     Σ^c_nk (eV)     Σ^x_nk (eV)    v_nk^xc (eV)   ϵ_nk^G0W0 (eV)
 
    1 (occ)    77         -18.129           8.038         -27.155         -17.491          -19.754
    2 (occ)    77         -12.400           5.330         -22.407         -15.525          -13.951
    3 (occ)    77          -9.070           4.064         -22.356         -16.752          -10.609
    4 (occ)    77          -4.282           2.451         -19.574         -16.043           -5.363
    5 (vir)    77           1.219          -3.448          -5.939         -11.280            3.112
    6 (vir)    77           7.698          -4.391          -6.454         -13.061            9.913
    7 (vir)    77          10.335          -3.447          -3.412          -8.852           12.327
    8 (vir)    77          12.604          -3.202          -1.326          -6.255           14.331
    9 (vir)    77          12.670          -3.253          -3.103          -8.914           15.228
   10 (vir)    77          15.978          -5.083          -3.891         -10.341           17.345
   11 (vir)    77          16.919          -6.138          -5.179         -13.888           19.490
   12 (vir)    77          20.870          -6.167          -4.232         -12.861           23.333
   13 (vir)    77          25.602          -6.868          -4.798         -14.034           27.969
   14 (vir)    77          26.210          -9.892          -4.000         -13.259           25.577
   15 (vir)    77          26.965          -6.962          -2.976          -9.686           26.713
   16 (vir)    77          35.091          -7.765          -1.863          -9.261           34.724
   17 (vir)    77          37.357          -8.218          -2.236         -10.896           37.799
   18 (vir)    77          39.652          -9.735          -4.530         -15.063           40.450
   19 (vir)    77          45.402           4.737          -3.498         -13.636           60.278
   20 (vir)    77          49.522          -3.799          -3.998         -14.207           55.933
   21 (vir)    77          57.740          -3.001          -3.662         -15.925           67.003
   22 (vir)    77          59.308           4.337          -3.001         -13.906           74.550
   23 (vir)    77          67.809           4.187          -2.886         -15.624           84.734
   24 (vir)    77          82.621           3.453          -3.236         -16.481           99.319
   25 (vir)    77         117.768           1.700          -1.715         -13.257          131.010
   26 (vir)    77         240.111           2.120          -1.551         -18.025          258.704
 
 
  kpoint:      78             coordinate:     0.1429    0.4286    0.0000
 
    n           k   ϵ_nk^DFT (eV)     Σ^c_nk (eV)     Σ^x_nk (eV)    v_nk^xc (eV)   ϵ_nk^G0W0 (eV)
 
    1 (occ)    78         -18.145           8.044         -27.150         -17.482          -19.769
    2 (occ)    78         -12.422           5.348         -22.413         -15.519          -13.968
    3 (occ)    78          -8.985           4.036         -22.360         -16.791          -10.518
    4 (occ)    78          -4.307           2.458         -19.561         -16.019           -5.391
    5 (vir)    78           1.220          -3.441          -5.945         -11.278            3.111
    6 (vir)    78           7.573          -4.370          -6.481         -13.059            9.781
    7 (vir)    78          10.315          -3.405          -3.390          -8.822           12.341
    8 (vir)    78          12.609          -3.169          -1.255          -6.142           14.326
    9 (vir)    78          12.642          -3.224          -3.087          -8.869           15.200
   10 (vir)    78          16.101          -5.251          -3.962         -10.514           17.402
   11 (vir)    78          17.014          -6.265          -5.263         -14.103           19.588
   12 (vir)    78          20.951          -6.224          -4.245         -12.922           23.405
   13 (vir)    78          25.783          -6.908          -4.790         -14.017           28.102
   14 (vir)    78          25.996          -9.740          -4.005         -13.191           25.442
   15 (vir)    78          27.283           3.779          -2.924          -9.595           37.733
   16 (vir)    78          35.137          -7.688          -1.853          -9.208           34.804
   17 (vir)    78          37.165          -8.174          -2.219         -10.850           37.621
   18 (vir)    78          39.358          -9.841          -4.530         -15.015           40.003
   19 (vir)    78          45.449         -12.395          -3.498         -13.661           43.217
   20 (vir)    78          49.560         -12.396          -4.003         -14.215           47.375
   21 (vir)    78          57.958          -4.083          -3.639         -15.945           66.180
   22 (vir)    78          59.289           4.333          -3.024         -13.946           74.543
   23 (vir)    78          68.030           3.700          -2.869         -15.610           84.471
   24 (vir)    78          82.608           2.979          -3.232         -16.481           98.837
   25 (vir)    78         117.514           1.554          -1.716         -13.251          130.604
   26 (vir)    78         240.183           2.040          -1.551         -18.020          258.693
 
 
  kpoint:      79             coordinate:     0.1361    0.4320    0.0000
 
    n           k   ϵ_nk^DFT (eV)     Σ^c_nk (eV)     Σ^x_nk (eV)    v_nk^xc (eV)   ϵ_nk^G0W0 (eV)
 
    1 (occ)    79         -18.161           8.049         -27.146         -17.474          -19.784
    2 (occ)    79         -12.443           5.359         -22.420         -15.513          -13.990
    3 (occ)    79          -8.903           4.008         -22.365         -16.830          -10.429
    4 (occ)    79          -4.332           2.466         -19.549         -15.997           -5.418
    5 (vir)    79           1.220          -3.434          -5.951         -11.275            3.110
    6 (vir)    79           7.451          -4.348          -6.505         -13.055            9.652
    7 (vir)    79          10.296          -3.354          -3.369          -8.793           12.366
    8 (vir)    79          12.612          -3.141          -1.192          -6.040           14.319
    9 (vir)    79          12.617          -3.196          -3.074          -8.829           15.176
   10 (vir)    79          16.232          -5.409          -4.023         -10.676           17.476
   11 (vir)    79          17.106          -6.280          -5.345         -14.318           19.799
   12 (vir)    79          21.031          -6.245          -4.255         -12.979           23.509
   13 (vir)    79          25.777          -9.584          -4.010         -13.123           25.306
   14 (vir)    79          25.971          -6.950          -4.781         -14.005           28.244
   15 (vir)    79          27.631          -7.003          -2.857          -9.519           27.290
   16 (vir)    79          35.195           3.853          -1.831          -9.143           46.361
   17 (vir)    79          36.982          -8.145          -2.203         -10.806           37.440
   18 (vir)    79          39.064         -10.115          -4.528         -14.966           39.386
   19 (vir)    79          45.494         -11.925          -3.498         -13.684           43.756
   20 (vir)    79          49.595         -11.203          -4.005         -14.220           48.607
   21 (vir)    79          58.170          -3.948          -3.616         -15.963           66.568
   22 (vir)    79          59.269           4.323          -3.047         -13.983           74.528
   23 (vir)    79          68.260           3.560          -2.848         -15.595           84.567
   24 (vir)    79          82.588           2.965          -3.226         -16.481           98.807
   25 (vir)    79         117.267           1.526          -1.713         -13.244          130.324
   26 (vir)    79         240.252           1.998          -1.545         -18.016          258.722
 
 
  kpoint:      80             coordinate:     0.1293    0.4354    0.0000
 
    n           k   ϵ_nk^DFT (eV)     Σ^c_nk (eV)     Σ^x_nk (eV)    v_nk^xc (eV)   ϵ_nk^G0W0 (eV)
 
    1 (occ)    80         -18.176           8.054         -27.143         -17.466          -19.798
    2 (occ)    80         -12.463           5.363         -22.425         -15.507          -14.018
    3 (occ)    80          -8.822           3.982         -22.370         -16.868          -10.342
    4 (occ)    80          -4.355           2.473         -19.537         -15.975           -5.444
    5 (vir)    80           1.220          -3.428          -5.956         -11.272            3.109
    6 (vir)    80           7.332          -4.327          -6.527         -13.049            9.527
    7 (vir)    80          10.279          -3.361          -3.350          -8.766           12.334
    8 (vir)    80          12.593          -3.174          -3.063          -8.794           15.149
    9 (vir)    80          12.614          -3.118          -1.138          -5.950           14.308
   10 (vir)    80          16.372          -5.558          -4.076         -10.828           17.566
   11 (vir)    80          17.194          -6.440          -5.424         -14.533           19.863
   12 (vir)    80          21.111          -6.101          -4.264         -13.032           23.779
   13 (vir)    80          25.554          -9.421          -4.016         -13.055           25.171
   14 (vir)    80          26.167          -6.990          -4.772         -13.997           28.401
   15 (vir)    80          28.012          -7.553          -2.770          -9.462           27.152
   16 (vir)    80          35.266           3.723          -1.789          -9.063           46.263
   17 (vir)    80          36.807          -8.129          -2.188         -10.766           37.255
   18 (vir)    80          38.769          -9.753          -4.525         -14.914           39.405
   19 (vir)    80          45.537         -11.583          -3.497         -13.707           44.165
   20 (vir)    80          49.628          -9.766          -4.002         -14.223           50.083
   21 (vir)    80          58.376          -3.839          -3.593         -15.980           66.924
   22 (vir)    80          59.249           4.308          -3.069         -14.017           74.505
   23 (vir)    80          68.497           3.545          -2.821         -15.581           84.802
   24 (vir)    80          82.560           3.206          -3.218         -16.480           99.028
   25 (vir)    80         117.027           1.376          -1.709         -13.238          129.932
   26 (vir)    80         240.320           1.995          -1.532         -18.011          258.795
 
 
  kpoint:      81             coordinate:     0.1224    0.4388    0.0000
 
    n           k   ϵ_nk^DFT (eV)     Σ^c_nk (eV)     Σ^x_nk (eV)    v_nk^xc (eV)   ϵ_nk^G0W0 (eV)
 
    1 (occ)    81         -18.190           8.060         -27.139         -17.458          -19.811
    2 (occ)    81         -12.482           5.362         -22.431         -15.502          -14.050
    3 (occ)    81          -8.743           3.957         -22.376         -16.906          -10.256
    4 (occ)    81          -4.377           2.480         -19.527         -15.955           -5.469
    5 (vir)    81           1.219          -3.422          -5.960         -11.269            3.107
    6 (vir)    81           7.216          -4.304          -6.546         -13.041            9.407
    7 (vir)    81          10.263          -3.358          -3.332          -8.740           12.314
    8 (vir)    81          12.571          -3.159          -3.054          -8.762           15.121
    9 (vir)    81          12.614          -3.099          -1.090          -5.870           14.295
   10 (vir)    81          16.518          -5.698          -4.122         -10.972           17.670
   11 (vir)    81          17.279          -6.503          -5.500         -14.745           20.021
   12 (vir)    81          21.193          -6.262          -4.271         -13.082           23.742
   13 (vir)    81          25.327          -9.248          -4.023         -12.986           25.042
   14 (vir)    81          26.369          -7.004          -4.763         -13.993           28.594
   15 (vir)    81          28.429          -7.472          -2.661          -9.434           27.729
   16 (vir)    81          35.355           3.637          -1.720          -8.961           46.233
   17 (vir)    81          36.641          -8.125          -2.174         -10.728           37.070
   18 (vir)    81          38.474          -9.548          -4.521         -14.860           39.266
   19 (vir)    81          45.578         -11.314          -3.495         -13.729           44.497
   20 (vir)    81          49.660          -7.910          -3.996         -14.222           51.976
   21 (vir)    81          58.576          -3.684          -3.568         -15.995           67.318
   22 (vir)    81          59.230           4.288          -3.091         -14.048           74.475
   23 (vir)    81          68.741           3.750          -2.790         -15.567           85.268
   24 (vir)    81          82.524           3.223          -3.209         -16.480           99.018
   25 (vir)    81         116.796           1.187          -1.703         -13.231          129.511
   26 (vir)    81         240.384           2.035          -1.510         -18.007          258.915
 
 
  kpoint:      82             coordinate:     0.1156    0.4422    0.0000
 
    n           k   ϵ_nk^DFT (eV)     Σ^c_nk (eV)     Σ^x_nk (eV)    v_nk^xc (eV)   ϵ_nk^G0W0 (eV)
 
    1 (occ)    82         -18.204           8.065         -27.136         -17.451          -19.824
    2 (occ)    82         -12.500           5.358         -22.436         -15.497          -14.082
    3 (occ)    82          -8.666           3.933         -22.383         -16.943          -10.173
    4 (occ)    82          -4.399           2.487         -19.517         -15.936           -5.493
    5 (vir)    82           1.218          -3.415          -5.964         -11.265            3.104
    6 (vir)    82           7.104          -4.282          -6.562         -13.031            9.291
    7 (vir)    82          10.249          -3.353          -3.314          -8.716           12.297
    8 (vir)    82          12.551          -3.148          -3.047          -8.736           15.091
    9 (vir)    82          12.614          -3.083          -1.049          -5.799           14.281
   10 (vir)    82          16.672          -5.831          -4.160         -11.106           17.788
   11 (vir)    82          17.361          -6.588          -5.573         -14.952           20.151
   12 (vir)    82          21.276          -6.239          -4.278         -13.130           23.889
   13 (vir)    82          25.097          -9.061          -4.030         -12.915           24.922
   14 (vir)    82          26.576          -6.359          -4.753         -13.994           29.458
   15 (vir)    82          28.883          -6.760          -2.536          -9.442           29.030
   16 (vir)    82          35.470           3.636          -1.615          -8.831           46.322
   17 (vir)    82          36.485          -8.127          -2.161         -10.693           36.890
   18 (vir)    82          38.181          -9.706          -4.514         -14.803           38.764
   19 (vir)    82          45.616         -11.099          -3.492         -13.749           44.774
   20 (vir)    82          49.690          -5.241          -3.985         -14.218           54.682
   21 (vir)    82          58.769          -3.408          -3.543         -16.008           67.827
   22 (vir)    82          59.212           4.264          -3.111         -14.077           74.442
   23 (vir)    82          68.994           3.739          -2.754         -15.553           85.532
   24 (vir)    82          82.480           3.046          -3.198         -16.479           98.807
   25 (vir)    82         116.575           1.260          -1.696         -13.225          129.363
   26 (vir)    82         240.445           2.120          -1.479         -18.002          259.087
 
 
  kpoint:      83             coordinate:     0.1088    0.4456    0.0000
 
    n           k   ϵ_nk^DFT (eV)     Σ^c_nk (eV)     Σ^x_nk (eV)    v_nk^xc (eV)   ϵ_nk^G0W0 (eV)
 
    1 (occ)    83         -18.218           8.070         -27.133         -17.444          -19.836
    2 (occ)    83         -12.518           5.355         -22.441         -15.492          -14.113
    3 (occ)    83          -8.593           3.910         -22.390         -16.979          -10.093
    4 (occ)    83          -4.419           2.494         -19.508         -15.918           -5.515
    5 (vir)    83           1.217          -3.409          -5.967         -11.261            3.102
    6 (vir)    83           6.996          -4.259          -6.577         -13.021            9.181
    7 (vir)    83          10.236          -3.347          -3.299          -8.693           12.283
    8 (vir)    83          12.533          -3.143          -3.043          -8.713           15.060
    9 (vir)    83          12.612          -3.065          -1.013          -5.737           14.271
   10 (vir)    83          16.832          -5.956          -4.191         -11.234           17.918
   11 (vir)    83          17.439          -6.681          -5.644         -15.152           20.266
   12 (vir)    83          21.361          -6.229          -4.287         -13.177           24.022
   13 (vir)    83          24.865          -8.860          -4.038         -12.844           24.812
   14 (vir)    83          26.789          -6.567          -4.743         -13.998           29.476
   15 (vir)    83          29.376          -8.675          -2.407          -9.502           27.796
   16 (vir)    83          35.620           3.777          -1.462          -8.663           46.598
   17 (vir)    83          36.337          -8.130          -2.149         -10.660           36.719
   18 (vir)    83          37.889          -9.961          -4.506         -14.743           38.165
   19 (vir)    83          45.653         -10.926          -3.490         -13.769           45.006
   20 (vir)    83          49.721          -1.736          -3.970         -14.210           58.225
   21 (vir)    83          58.957          -3.278          -3.515         -16.018           68.182
   22 (vir)    83          59.195           4.237          -3.131         -14.104           74.405
   23 (vir)    83          69.254           3.989          -2.715         -15.540           86.068
   24 (vir)    83          82.427           3.044          -3.185         -16.478           98.764
   25 (vir)    83         116.365           1.293          -1.690         -13.218          129.187
   26 (vir)    83         240.502           2.254          -1.438         -17.997          259.315
 
 
  kpoint:      84             coordinate:     0.1020    0.4490    0.0000
 
    n           k   ϵ_nk^DFT (eV)     Σ^c_nk (eV)     Σ^x_nk (eV)    v_nk^xc (eV)   ϵ_nk^G0W0 (eV)
 
    1 (occ)    84         -18.230           8.074         -27.130         -17.438          -19.848
    2 (occ)    84         -12.534           5.355         -22.446         -15.487          -14.137
    3 (occ)    84          -8.522           3.888         -22.397         -17.014          -10.016
    4 (occ)    84          -4.438           2.500         -19.499         -15.901           -5.537
    5 (vir)    84           1.215          -3.404          -5.970         -11.257            3.099
    6 (vir)    84           6.894          -4.237          -6.589         -13.009            9.077
    7 (vir)    84          10.224          -3.346          -3.285          -8.672           12.265
    8 (vir)    84          12.517          -3.157          -3.041          -8.695           15.015
    9 (vir)    84          12.610          -3.028          -0.983          -5.683           14.281
   10 (vir)    84          16.998          -6.075          -4.217         -11.355           18.061
   11 (vir)    84          17.512          -6.780          -5.711         -15.344           20.365
   12 (vir)    84          21.449          -6.239          -4.300         -13.223           24.134
   13 (vir)    84          24.631          -8.644          -4.046         -12.772           24.714
   14 (vir)    84          27.005          -6.690          -4.732         -14.005           29.588
   15 (vir)    84          29.905          -4.730          -2.295          -9.627           32.506
   16 (vir)    84          35.822          -7.944          -1.244          -8.447           35.080
   17 (vir)    84          36.199          -8.128          -2.137         -10.630           36.563
   18 (vir)    84          37.599         -10.368          -4.496         -14.679           37.414
   19 (vir)    84          45.687         -10.786          -3.487         -13.787           45.202
   20 (vir)    84          49.752           0.595          -3.949         -14.195           60.593
   21 (vir)    84          59.141          -3.625          -3.485         -16.024           68.054
   22 (vir)    84          59.180           4.208          -3.149         -14.129           74.368
   23 (vir)    84          69.522           4.304          -2.674         -15.527           86.679
   24 (vir)    84          82.364           3.065          -3.170         -16.477           98.737
   25 (vir)    84         116.168           1.315          -1.685         -13.212          129.009
   26 (vir)    84         240.555           2.444          -1.388         -17.992          259.602
 
 
  kpoint:      85             coordinate:     0.0952    0.4524    0.0000
 
    n           k   ϵ_nk^DFT (eV)     Σ^c_nk (eV)     Σ^x_nk (eV)    v_nk^xc (eV)   ϵ_nk^G0W0 (eV)
 
    1 (occ)    85         -18.242           8.078         -27.127         -17.432          -19.859
    2 (occ)    85         -12.549           5.360         -22.450         -15.483          -14.156
    3 (occ)    85          -8.454           3.868         -22.404         -17.048           -9.943
    4 (occ)    85          -4.457           2.506         -19.492         -15.885           -5.557
    5 (vir)    85           1.213          -3.398          -5.972         -11.253            3.096
    6 (vir)    85           6.796          -4.215          -6.600         -12.996            8.978
    7 (vir)    85          10.213          -3.350          -3.272          -8.652           12.243
    8 (vir)    85          12.504          -3.011          -3.042          -8.682           15.133
    9 (vir)    85          12.607          -2.961          -0.957          -5.636           14.325
   10 (vir)    85          17.169          -6.186          -4.238         -11.471           18.216
   11 (vir)    85          17.580          -6.887          -5.776         -15.525           20.442
   12 (vir)    85          21.540          -6.277          -4.319         -13.269           24.213
   13 (vir)    85          24.396          -8.416          -4.054         -12.699           24.624
   14 (vir)    85          27.224          -6.750          -4.720         -14.015           29.769
   15 (vir)    85          30.461          -4.761          -2.235          -9.832           33.297
   16 (vir)    85          36.070          -8.118          -2.127         -10.602           36.427
   17 (vir)    85          36.096          -7.191          -0.944          -8.171           36.133
   18 (vir)    85          37.312          -9.413          -4.486         -14.615           38.027
   19 (vir)    85          45.720         -10.673          -3.484         -13.805           45.367
   20 (vir)    85          49.785           3.547          -3.924         -14.173           63.581
   21 (vir)    85          59.167           4.179          -3.167         -14.152           74.331
   22 (vir)    85          59.321          -3.016          -3.452         -16.025           68.878
   23 (vir)    85          69.797           4.466          -2.633         -15.514           87.144
   24 (vir)    85          82.293           3.155          -3.153         -16.476           98.771
   25 (vir)    85         115.985           1.341          -1.683         -13.206          128.848
   26 (vir)    85         240.602           2.693          -1.330         -17.987          259.952
 
 
  kpoint:      86             coordinate:     0.0884    0.4558    0.0000
 
    n           k   ϵ_nk^DFT (eV)     Σ^c_nk (eV)     Σ^x_nk (eV)    v_nk^xc (eV)   ϵ_nk^G0W0 (eV)
 
    1 (occ)    86         -18.254           8.082         -27.125         -17.427          -19.869
    2 (occ)    86         -12.563           5.372         -22.454         -15.479          -14.167
    3 (occ)    86          -8.390           3.849         -22.412         -17.080           -9.873
    4 (occ)    86          -4.474           2.512         -19.485         -15.871           -5.576
    5 (vir)    86           1.211          -3.393          -5.974         -11.249            3.093
    6 (vir)    86           6.703          -4.193          -6.609         -12.983            8.885
    7 (vir)    86          10.204          -3.357          -3.261          -8.635           12.222
    8 (vir)    86          12.492          -3.068          -3.044          -8.673           15.054
    9 (vir)    86          12.604          -2.882          -0.935          -5.595           14.382
   10 (vir)    86          17.344          -6.288          -4.254         -11.582           18.384
   11 (vir)    86          17.644          -7.006          -5.838         -15.693           20.494
   12 (vir)    86          21.633          -6.366          -4.345         -13.315           24.238
   13 (vir)    86          24.161          -8.181          -4.063         -12.624           24.541
   14 (vir)    86          27.444          -6.768          -4.706         -14.027           29.997
   15 (vir)    86          31.026          -3.904          -2.263         -10.124           34.984
   16 (vir)    86          35.950          -8.096          -2.117         -10.577           36.314
   17 (vir)    86          36.476          -5.870          -0.551          -7.848           37.903
   18 (vir)    86          37.033          -8.703          -4.481         -14.539           38.388
   19 (vir)    86          45.750         -10.583          -3.481         -13.821           45.507
   20 (vir)    86          49.822         -11.668          -3.893         -14.139           48.400
   21 (vir)    86          59.155           4.151          -3.184         -14.173           74.296
   22 (vir)    86          59.501          -9.939          -3.416         -16.019           62.166
   23 (vir)    86          70.081           4.326          -2.595         -15.501           87.314
   24 (vir)    86          82.212           3.541          -3.134         -16.475           99.094
   25 (vir)    86         115.815           1.392          -1.684         -13.200          128.723
   26 (vir)    86         240.644           3.004          -1.263         -17.982          260.366
 
 
  kpoint:      87             coordinate:     0.0816    0.4592    0.0000
 
    n           k   ϵ_nk^DFT (eV)     Σ^c_nk (eV)     Σ^x_nk (eV)    v_nk^xc (eV)   ϵ_nk^G0W0 (eV)
 
    1 (occ)    87         -18.264           8.086         -27.122         -17.421          -19.879
    2 (occ)    87         -12.576           5.389         -22.458         -15.475          -14.170
    3 (occ)    87          -8.329           3.831         -22.420         -17.111           -9.807
    4 (occ)    87          -4.490           2.517         -19.478         -15.857           -5.594
    5 (vir)    87           1.209          -3.388          -5.976         -11.245            3.090
    6 (vir)    87           6.617          -4.172          -6.617         -12.970            8.798
    7 (vir)    87          10.196          -3.361          -3.251          -8.619           12.203
    8 (vir)    87          12.483          -3.080          -3.049          -8.669           15.023
    9 (vir)    87          12.600          -2.825          -0.917          -5.560           14.418
   10 (vir)    87          17.523          -6.381          -4.266         -11.690           18.566
   11 (vir)    87          17.703          -7.157          -5.896         -15.848           20.497
   12 (vir)    87          21.729          -6.579          -4.378         -13.361           24.132
   13 (vir)    87          23.926          -7.942          -4.072         -12.547           24.458
   14 (vir)    87          27.664          -6.373          -4.692         -14.040           30.640
   15 (vir)    87          31.574          -5.594          -2.397         -10.485           34.068
   16 (vir)    87          35.839          -8.060          -2.108         -10.553           36.225
   17 (vir)    87          36.731          -8.693          -3.955         -13.766           37.849
   18 (vir)    87          37.036          -4.903          -0.617          -8.193           39.708
   19 (vir)    87          45.777         -10.512          -3.477         -13.836           45.624
   20 (vir)    87          49.864           4.139          -3.855         -14.091           64.239
   21 (vir)    87          59.145           4.125          -3.199         -14.193           74.263
   22 (vir)    87          59.684          -9.603          -3.375         -16.004           62.710
   23 (vir)    87          70.374           3.912          -2.561         -15.487           87.212
   24 (vir)    87          82.123           3.512          -3.115         -16.475           98.994
   25 (vir)    87         115.659           1.476          -1.687         -13.195          128.643
   26 (vir)    87         240.679           3.376          -1.191         -17.976          260.840
 
 
  kpoint:      88             coordinate:     0.0748    0.4626    0.0000
 
    n           k   ϵ_nk^DFT (eV)     Σ^c_nk (eV)     Σ^x_nk (eV)    v_nk^xc (eV)   ϵ_nk^G0W0 (eV)
 
    1 (occ)    88         -18.274           8.089         -27.120         -17.417          -19.888
    2 (occ)    88         -12.588           5.410         -22.461         -15.472          -14.167
    3 (occ)    88          -8.273           3.814         -22.427         -17.141           -9.745
    4 (occ)    88          -4.504           2.522         -19.473         -15.845           -5.610
    5 (vir)    88           1.208          -3.384          -5.978         -11.241            3.087
    6 (vir)    88           6.536          -4.152          -6.623         -12.957            8.718
    7 (vir)    88          10.189          -3.364          -3.243          -8.605           12.187
    8 (vir)    88          12.477          -3.086          -3.056          -8.669           15.003
    9 (vir)    88          12.596          -2.795          -0.902          -5.529           14.429
   10 (vir)    88          17.705          -6.463          -4.275         -11.796           18.763
   11 (vir)    88          17.756          -6.883          -5.951         -15.988           20.910
   12 (vir)    88          21.827          -6.677          -4.419         -13.405           24.137
   13 (vir)    88          23.692          -7.708          -4.082         -12.467           24.371
   14 (vir)    88          27.884          -7.303          -4.675         -14.053           29.959
   15 (vir)    88          32.072          -8.017          -2.617         -10.866           32.303
   16 (vir)    88          35.738          -8.010          -2.100         -10.532           36.160
   17 (vir)    88          36.470          -9.482          -4.273         -14.187           36.902
   18 (vir)    88          37.764          -2.455           0.149          -7.377           42.835
   19 (vir)    88          45.803         -10.458          -3.474         -13.850           45.721
   20 (vir)    88          49.916           2.523          -3.809         -14.019           62.649
   21 (vir)    88          59.137           4.102          -3.214         -14.210           74.235
   22 (vir)    88          59.877         -10.870          -3.330         -15.976           61.653
   23 (vir)    88          70.676           3.497          -2.534         -15.472           87.111
   24 (vir)    88          82.026           3.069          -3.095         -16.474           98.474
   25 (vir)    88         115.517           1.574          -1.691         -13.191          128.590
   26 (vir)    88         240.707           3.799          -1.115         -17.971          261.361
 
 
  kpoint:      89             coordinate:     0.0680    0.4660    0.0000
 
    n           k   ϵ_nk^DFT (eV)     Σ^c_nk (eV)     Σ^x_nk (eV)    v_nk^xc (eV)   ϵ_nk^G0W0 (eV)
 
    1 (occ)    89         -18.283           8.092         -27.118         -17.412          -19.897
    2 (occ)    89         -12.599           5.433         -22.464         -15.469          -14.162
    3 (occ)    89          -8.220           3.798         -22.434         -17.168           -9.688
    4 (occ)    89          -4.518           2.527         -19.467         -15.834           -5.625
    5 (vir)    89           1.206          -3.380          -5.979         -11.238            3.084
    6 (vir)    89           6.461          -4.133          -6.629         -12.944            8.643
    7 (vir)    89          10.184          -3.366          -3.235          -8.593           12.175
    8 (vir)    89          12.472          -3.090          -3.065          -8.672           14.989
    9 (vir)    89          12.592          -2.779          -0.889          -5.503           14.428
   10 (vir)    89          17.804          -7.142          -6.001         -16.112           20.774
   11 (vir)    89          17.889          -6.537          -4.281         -11.901           18.972
   12 (vir)    89          21.925          -6.843          -4.462         -13.448           24.067
   13 (vir)    89          23.462          -7.480          -4.091         -12.385           24.275
   14 (vir)    89          28.100          -7.474          -4.657         -14.067           30.036
   15 (vir)    89          32.493         -10.192          -2.867         -11.208           30.641
   16 (vir)    89          35.645          -7.948          -2.093         -10.513           36.118
   17 (vir)    89          36.206          -9.509          -4.252         -14.108           36.553
   18 (vir)    89          38.745          -1.678           0.435          -7.179           44.681
   19 (vir)    89          45.826         -10.418          -3.471         -13.863           45.800
   20 (vir)    89          49.984           1.901          -3.754         -13.913           62.045
   21 (vir)    89          59.130           4.083          -3.227         -14.226           74.212
   22 (vir)    89          60.088          -3.116          -3.282         -15.928           69.618
   23 (vir)    89          70.991           3.164          -2.520         -15.454           87.089
   24 (vir)    89          81.923           2.864          -3.076         -16.474           98.186
   25 (vir)    89         115.388           1.657          -1.696         -13.188          128.536
   26 (vir)    89         240.727           4.256          -1.038         -17.965          261.910
 
 
  kpoint:      90             coordinate:     0.0612    0.4694    0.0000
 
    n           k   ϵ_nk^DFT (eV)     Σ^c_nk (eV)     Σ^x_nk (eV)    v_nk^xc (eV)   ϵ_nk^G0W0 (eV)
 
    1 (occ)    90         -18.291           8.094         -27.117         -17.409          -19.905
    2 (occ)    90         -12.609           5.453         -22.467         -15.466          -14.157
    3 (occ)    90          -8.172           3.784         -22.442         -17.194           -9.636
    4 (occ)    90          -4.530           2.531         -19.463         -15.824           -5.639
    5 (vir)    90           1.204          -3.376          -5.980         -11.234            3.082
    6 (vir)    90           6.393          -4.117          -6.634         -12.931            8.574
    7 (vir)    90          10.179          -3.365          -3.229          -8.582           12.167
    8 (vir)    90          12.470          -3.092          -3.075          -8.679           14.983
    9 (vir)    90          12.588          -2.770          -0.878          -5.481           14.421
   10 (vir)    90          17.846          -7.241          -6.046         -16.221           20.781
   11 (vir)    90          18.072          -6.603          -4.285         -12.005           19.190
   12 (vir)    90          22.023          -6.997          -4.506         -13.487           24.007
   13 (vir)    90          23.235          -7.264          -4.101         -12.300           24.170
   14 (vir)    90          28.312          -7.580          -4.636         -14.079           30.174
   15 (vir)    90          32.828         -11.236          -3.094         -11.485           29.982
   16 (vir)    90          35.562          -7.874          -2.086         -10.496           36.097
   17 (vir)    90          35.950          -9.044          -4.192         -13.975           36.690
   18 (vir)    90          39.982          -2.276           0.420          -7.213           45.340
   19 (vir)    90          45.847         -10.393          -3.468         -13.875           45.861
   20 (vir)    90          50.077           1.644          -3.686         -13.751           61.785
   21 (vir)    90          59.125           4.067          -3.239         -14.241           74.194
   22 (vir)    90          60.329           6.630          -3.233         -15.850           79.576
   23 (vir)    90          71.321           3.036          -2.522         -15.431           87.266
   24 (vir)    90          81.816           2.765          -3.057         -16.474           97.998
   25 (vir)    90         115.270           1.533          -1.701         -13.187          128.289
   26 (vir)    90         240.738           4.724          -0.960         -17.959          262.460
 
 
  kpoint:      91             coordinate:     0.0544    0.4728    0.0000
 
    n           k   ϵ_nk^DFT (eV)     Σ^c_nk (eV)     Σ^x_nk (eV)    v_nk^xc (eV)   ϵ_nk^G0W0 (eV)
 
    1 (occ)    91         -18.298           8.096         -27.115         -17.405          -19.912
    2 (occ)    91         -12.618           5.468         -22.469         -15.464          -14.156
    3 (occ)    91          -8.128           3.771         -22.448         -17.217           -9.588
    4 (occ)    91          -4.541           2.535         -19.459         -15.815           -5.651
    5 (vir)    91           1.202          -3.373          -5.981         -11.231            3.079
    6 (vir)    91           6.332          -4.102          -6.638         -12.919            8.511
    7 (vir)    91          10.175          -3.363          -3.223          -8.573           12.161
    8 (vir)    91          12.470          -3.089          -3.085          -8.689           14.986
    9 (vir)    91          12.584          -2.763          -0.869          -5.463           14.414
   10 (vir)    91          17.883          -7.300          -6.084         -16.315           20.814
   11 (vir)    91          18.255          -6.666          -4.286         -12.111           19.413
   12 (vir)    91          22.118          -7.089          -4.546         -13.523           24.005
   13 (vir)    91          23.013          -7.060          -4.110         -12.211           24.054
   14 (vir)    91          28.516          -7.648          -4.614         -14.089           30.344
   15 (vir)    91          33.085         -11.391          -3.284         -11.713           30.124
   16 (vir)    91          35.487          -7.794          -2.080         -10.481           36.094
   17 (vir)    91          35.706          -9.070          -4.106         -13.807           36.337
   18 (vir)    91          41.450          -6.728           0.036          -7.511           42.269
   19 (vir)    91          45.865         -10.379          -3.465         -13.886           45.907
   20 (vir)    91          50.211           1.515          -3.604         -13.494           61.616
   21 (vir)    91          59.121           4.056          -3.251         -14.254           74.180
   22 (vir)    91          60.618           6.253          -3.190         -15.723           79.404
   23 (vir)    91          71.673           2.857          -2.550         -15.398           87.378
   24 (vir)    91          81.707          -0.654          -3.039         -16.475           94.489
   25 (vir)    91         115.163           1.627          -1.706         -13.188          128.271
   26 (vir)    91         240.739           5.180          -0.885         -17.952          262.987
 
 
  kpoint:      92             coordinate:     0.0476    0.4762    0.0000
 
    n           k   ϵ_nk^DFT (eV)     Σ^c_nk (eV)     Σ^x_nk (eV)    v_nk^xc (eV)   ϵ_nk^G0W0 (eV)
 
    1 (occ)    92         -18.305           8.098         -27.114         -17.402          -19.919
    2 (occ)    92         -12.626           5.476         -22.471         -15.462          -14.160
    3 (occ)    92          -8.089           3.760         -22.455         -17.238           -9.546
    4 (occ)    92          -4.551           2.538         -19.455         -15.807           -5.662
    5 (vir)    92           1.200          -3.370          -5.982         -11.228            3.077
    6 (vir)    92           6.278          -4.090          -6.641         -12.907            8.454
    7 (vir)    92          10.173          -3.360          -3.218          -8.565           12.159
    8 (vir)    92          12.471          -3.076          -3.094          -8.702           15.002
    9 (vir)    92          12.581          -2.758          -0.862          -5.447           14.408
   10 (vir)    92          17.915          -7.326          -6.117         -16.394           20.867
   11 (vir)    92          18.434          -6.731          -4.286         -12.217           19.634
   12 (vir)    92          22.208          -7.108          -4.577         -13.554           24.076
   13 (vir)    92          22.800          -6.869          -4.120         -12.117           23.929
   14 (vir)    92          28.711          -7.700          -4.589         -14.098           30.519
   15 (vir)    92          33.279         -10.614          -3.450         -11.928           31.143
   16 (vir)    92          35.422          -7.712          -2.075         -10.467           36.103
   17 (vir)    92          35.475          -9.000          -3.991         -13.599           36.084
   18 (vir)    92          43.073           1.657          -0.735          -8.145           52.141
   19 (vir)    92          45.882         -10.376          -3.463         -13.895           45.938
   20 (vir)    92          50.418           1.457          -3.509         -13.072           61.438
   21 (vir)    92          59.118           4.049          -3.260         -14.265           74.172
   22 (vir)    92          60.981           5.170          -3.169         -15.522           78.504
   23 (vir)    92          72.058           2.677          -2.618         -15.348           87.465
   24 (vir)    92          81.598           3.947          -3.023         -16.475           98.998
   25 (vir)    92         115.065           1.629          -1.709         -13.191          128.176
   26 (vir)    92         240.729           5.607          -0.815         -17.945          263.467
 
 
  kpoint:      93             coordinate:     0.0408    0.4796    0.0000
 
    n           k   ϵ_nk^DFT (eV)     Σ^c_nk (eV)     Σ^x_nk (eV)    v_nk^xc (eV)   ϵ_nk^G0W0 (eV)
 
    1 (occ)    93         -18.310           8.099         -27.113         -17.400          -19.925
    2 (occ)    93         -12.633           5.478         -22.473         -15.460          -14.168
    3 (occ)    93          -8.055           3.750         -22.460         -17.256           -9.508
    4 (occ)    93          -4.559           2.541         -19.452         -15.800           -5.671
    5 (vir)    93           1.199          -3.367          -5.983         -11.226            3.075
    6 (vir)    93           6.231          -4.080          -6.643         -12.897            8.405
    7 (vir)    93          10.171          -3.495          -3.213          -8.558           12.022
    8 (vir)    93          12.474          -3.046          -3.103          -8.715           15.040
    9 (vir)    93          12.578          -2.752          -0.856          -5.434           14.403
   10 (vir)    93          17.942          -7.321          -6.143         -16.460           20.938
   11 (vir)    93          18.607          -6.802          -4.285         -12.326           19.846
   12 (vir)    93          22.292          -7.065          -4.598         -13.580           24.209
   13 (vir)    93          22.597          -6.693          -4.128         -12.020           23.795
   14 (vir)    93          28.892          -7.748          -4.562         -14.104           30.685
   15 (vir)    93          33.425          -9.358          -3.618         -12.165           32.613
   16 (vir)    93          35.261          -8.896          -3.840         -13.345           35.870
   17 (vir)    93          35.365          -7.631          -2.071         -10.456           36.119
   18 (vir)    93          44.713           1.469          -1.814          -9.233           53.602
   19 (vir)    93          45.896         -10.383          -3.461         -13.903           45.956
   20 (vir)    93          50.753           1.519          -3.431         -12.390           61.231
   21 (vir)    93          59.116           4.045          -3.269         -14.275           74.167
   22 (vir)    93          61.451           4.908          -3.202         -15.207           78.364
   23 (vir)    93          72.490           2.626          -2.752         -15.269           87.633
   24 (vir)    93          81.493           3.817          -3.008         -16.476           98.778
   25 (vir)    93         114.972           1.647          -1.711         -13.198          128.106
   26 (vir)    93         240.709           5.993          -0.750         -17.938          263.891
 
 
  kpoint:      94             coordinate:     0.0340    0.4830    0.0000
 
    n           k   ϵ_nk^DFT (eV)     Σ^c_nk (eV)     Σ^x_nk (eV)    v_nk^xc (eV)   ϵ_nk^G0W0 (eV)
 
    1 (occ)    94         -18.315           8.100         -27.112         -17.397          -19.930
    2 (occ)    94         -12.639           5.475         -22.475         -15.458          -14.180
    3 (occ)    94          -8.025           3.742         -22.465         -17.272           -9.477
    4 (occ)    94          -4.567           2.543         -19.450         -15.794           -5.679
    5 (vir)    94           1.197          -3.365          -5.983         -11.223            3.073
    6 (vir)    94           6.191          -4.072          -6.644         -12.888            8.362
    7 (vir)    94          10.170          -3.472          -3.209          -8.553           12.042
    8 (vir)    94          12.477          -3.125          -3.110          -8.729           14.971
    9 (vir)    94          12.575          -2.748          -0.852          -5.423           14.399
   10 (vir)    94          17.963          -7.271          -6.164         -16.513           21.042
   11 (vir)    94          18.771          -6.881          -4.283         -12.436           20.043
   12 (vir)    94          22.367          -6.955          -4.608         -13.601           24.405
   13 (vir)    94          22.408          -6.537          -4.137         -11.919           23.653
   14 (vir)    94          29.056          -7.795          -4.535         -14.107           30.834
   15 (vir)    94          33.534          -8.521          -3.811         -12.447           33.650
   16 (vir)    94          35.067          -8.788          -3.647         -13.037           35.668
   17 (vir)    94          35.318          -7.558          -2.067         -10.446           36.139
   18 (vir)    94          45.908         -10.395          -3.459         -13.910           45.964
   19 (vir)    94          46.154           1.511          -2.951         -10.803           55.517
   20 (vir)    94          51.291           2.666          -3.482         -11.455           61.930
   21 (vir)    94          59.114           4.044          -3.277         -14.283           74.165
   22 (vir)    94          62.061           3.347          -3.344         -14.747           76.810
   23 (vir)    94          72.989          -0.591          -2.996         -15.141           84.543
   24 (vir)    94          81.395           3.236          -2.995         -16.476           98.112
   25 (vir)    94         114.885           1.667          -1.711         -13.209          128.049
   26 (vir)    94         240.680           6.337          -0.694         -17.931          264.254
 
 
  kpoint:      95             coordinate:     0.0272    0.4864    0.0000
 
    n           k   ϵ_nk^DFT (eV)     Σ^c_nk (eV)     Σ^x_nk (eV)    v_nk^xc (eV)   ϵ_nk^G0W0 (eV)
 
    1 (occ)    95         -18.319           8.101         -27.112         -17.396          -19.934
    2 (occ)    95         -12.643           5.467         -22.476         -15.457          -14.195
    3 (occ)    95          -8.001           3.735         -22.469         -17.285           -9.450
    4 (occ)    95          -4.573           2.545         -19.448         -15.789           -5.686
    5 (vir)    95           1.196          -3.363          -5.984         -11.222            3.071
    6 (vir)    95           6.158          -4.066          -6.645         -12.880            8.326
    7 (vir)    95          10.169          -3.439          -3.204          -8.549           12.074
    8 (vir)    95          12.480          -3.221          -3.116          -8.742           14.886
    9 (vir)    95          12.572          -2.743          -0.848          -5.415           14.396
   10 (vir)    95          17.981          -7.482          -6.180         -16.555           20.873
   11 (vir)    95          18.920          -6.968          -4.280         -12.545           20.217
   12 (vir)    95          22.239          -6.410          -4.144         -11.816           23.501
   13 (vir)    95          22.432          -6.921          -4.609         -13.617           24.520
   14 (vir)    95          29.200          -7.840          -4.508         -14.108           30.960
   15 (vir)    95          33.616          -7.949          -4.041         -12.788           34.415
   16 (vir)    95          34.898          -8.694          -3.409         -12.670           35.465
   17 (vir)    95          35.279          -7.496          -2.064         -10.438           36.157
   18 (vir)    95          45.918         -10.412          -3.457         -13.916           45.965
   19 (vir)    95          47.198           1.562          -3.763         -12.433           57.429
   20 (vir)    95          52.053           1.737          -3.816         -10.681           60.656
   21 (vir)    95          59.113           4.045          -3.283         -14.290           74.165
   22 (vir)    95          62.819           2.481          -3.646         -14.158           75.812
   23 (vir)    95          73.575           1.912          -3.409         -14.936           87.014
   24 (vir)    95          81.306           2.864          -2.985         -16.476           97.662
   25 (vir)    95         114.802           1.689          -1.710         -13.224          128.004
   26 (vir)    95         240.642           6.639          -0.647         -17.923          264.558
 
 
  kpoint:      96             coordinate:     0.0204    0.4898    0.0000
 
    n           k   ϵ_nk^DFT (eV)     Σ^c_nk (eV)     Σ^x_nk (eV)    v_nk^xc (eV)   ϵ_nk^G0W0 (eV)
 
    1 (occ)    96         -18.322           8.101         -27.111         -17.394          -19.937
    2 (occ)    96         -12.647           5.456         -22.477         -15.456          -14.212
    3 (occ)    96          -7.982           3.730         -22.473         -17.296           -9.430
    4 (occ)    96          -4.577           2.547         -19.446         -15.786           -5.691
    5 (vir)    96           1.195          -3.361          -5.984         -11.220            3.070
    6 (vir)    96           6.132          -4.062          -6.645         -12.874            8.298
    7 (vir)    96          10.168          -3.415          -3.201          -8.546           12.099
    8 (vir)    96          12.484          -3.211          -3.120          -8.754           14.907
    9 (vir)    96          12.570          -2.740          -0.845          -5.409           14.394
   10 (vir)    96          17.994          -7.523          -6.191         -16.586           20.866
   11 (vir)    96          19.048          -7.057          -4.277         -12.648           20.362
   12 (vir)    96          22.095          -6.332          -4.151         -11.718           23.331
   13 (vir)    96          22.484          -7.069          -4.603         -13.629           24.442
   14 (vir)    96          29.318          -7.882          -4.482         -14.106           31.060
   15 (vir)    96          33.677          -7.999          -4.309         -13.180           34.549
   16 (vir)    96          34.758          -8.630          -3.132         -12.257           35.254
   17 (vir)    96          35.248          -7.446          -2.061         -10.432           36.173
   18 (vir)    96          45.925         -10.429          -3.456         -13.920           45.961
   19 (vir)    96          47.824           1.580          -4.129         -13.540           58.815
   20 (vir)    96          52.893           2.023          -4.329         -10.535           61.122
   21 (vir)    96          59.112           4.047          -3.288         -14.295           74.167
   22 (vir)    96          63.661           2.131          -4.083         -13.562           75.270
   23 (vir)    96          74.243           1.751          -4.038         -14.640           86.597
   24 (vir)    96          81.231           2.715          -2.976         -16.476           97.445
   25 (vir)    96         114.724           1.716          -1.706         -13.241          127.975
   26 (vir)    96         240.602           6.899          -0.609         -17.917          264.808
 
 
  kpoint:      97             coordinate:     0.0136    0.4932    0.0000
 
    n           k   ϵ_nk^DFT (eV)     Σ^c_nk (eV)     Σ^x_nk (eV)    v_nk^xc (eV)   ϵ_nk^G0W0 (eV)
 
    1 (occ)    97         -18.324           8.102         -27.111         -17.393          -19.940
    2 (occ)    97         -12.650           5.445         -22.478         -15.455          -14.227
    3 (occ)    97          -7.969           3.726         -22.475         -17.303           -9.415
    4 (occ)    97          -4.581           2.548         -19.445         -15.783           -5.695
    5 (vir)    97           1.195          -3.360          -5.984         -11.219            3.069
    6 (vir)    97           6.114          -4.060          -6.645         -12.869            8.278
    7 (vir)    97          10.168          -3.404          -3.198          -8.544           12.110
    8 (vir)    97          12.487          -3.204          -3.122          -8.762           14.924
    9 (vir)    97          12.569          -2.738          -0.843          -5.404           14.392
   10 (vir)    97          18.003          -7.527          -6.199         -16.608           20.885
   11 (vir)    97          19.147          -7.138          -4.275         -12.737           20.472
   12 (vir)    97          21.983          -6.370          -4.156         -11.633           23.091
   13 (vir)    97          22.522          -7.062          -4.594         -13.637           24.503
   14 (vir)    97          29.406          -7.916          -4.462         -14.104           31.133
   15 (vir)    97          33.720          -7.774          -4.587         -13.581           34.940
   16 (vir)    97          34.652          -8.603          -2.847         -11.842           35.044
   17 (vir)    97          35.227          -7.411          -2.060         -10.428           36.184
   18 (vir)    97          45.931         -10.444          -3.455         -13.923           45.955
   19 (vir)    97          48.161           1.652          -4.243         -14.097           59.666
   20 (vir)    97          53.591           2.373          -4.742         -10.829           62.050
   21 (vir)    97          59.112           4.049          -3.291         -14.299           74.169
   22 (vir)    97          64.438           2.016          -4.512         -13.120           75.061
   23 (vir)    97          74.925           1.738          -4.822         -14.289           86.131
   24 (vir)    97          81.172           2.668          -2.968         -16.476           97.346
   25 (vir)    97         114.659           1.745          -1.701         -13.258          127.961
   26 (vir)    97         240.564           7.107          -0.582         -17.911          265.000
 
 
  kpoint:      98             coordinate:     0.0068    0.4966    0.0000
 
    n           k   ϵ_nk^DFT (eV)     Σ^c_nk (eV)     Σ^x_nk (eV)    v_nk^xc (eV)   ϵ_nk^G0W0 (eV)
 
    1 (occ)    98         -18.325           8.102         -27.111         -17.393          -19.941
    2 (occ)    98         -12.651           5.436         -22.478         -15.455          -14.238
    3 (occ)    98          -7.961           3.724         -22.477         -17.307           -9.406
    4 (occ)    98          -4.583           2.549         -19.444         -15.782           -5.697
    5 (vir)    98           1.194          -3.360          -5.984         -11.219            3.069
    6 (vir)    98           6.103          -4.058          -6.645         -12.866            8.266
    7 (vir)    98          10.168          -3.399          -3.196          -8.542           12.116
    8 (vir)    98          12.488          -3.202          -3.123          -8.768           14.932
    9 (vir)    98          12.568          -2.736          -0.842          -5.402           14.391
   10 (vir)    98          18.008          -7.524          -6.204         -16.620           20.901
   11 (vir)    98          19.212          -7.196          -4.273         -12.798           20.541
   12 (vir)    98          21.912          -7.366          -4.159         -11.574           21.961
   13 (vir)    98          22.546          -7.057          -4.588         -13.642           24.543
   14 (vir)    98          29.461          -7.938          -4.448         -14.102           31.177
   15 (vir)    98          33.746          -7.660          -4.812         -13.901           35.174
   16 (vir)    98          34.586          -8.603          -2.618         -11.514           34.879
   17 (vir)    98          35.214          -7.389          -2.059         -10.425           36.191
   18 (vir)    98          45.934         -10.455          -3.454         -13.925           45.950
   19 (vir)    98          48.324           2.126          -4.270         -14.336           60.516
   20 (vir)    98          54.025           2.604          -4.961         -11.152           62.819
   21 (vir)    98          59.112           4.050          -3.293         -14.301           74.170
   22 (vir)    98          64.980           1.994          -4.790         -12.893           75.078
   23 (vir)    98          75.463           1.791          -5.519         -13.993           85.729
   24 (vir)    98          81.133           2.659          -2.961         -16.476           97.307
   25 (vir)    98         114.614           1.770          -1.695         -13.271          127.959
   26 (vir)    98         240.538           7.246          -0.565         -17.907          265.125
 
 
  kpoint:      99             coordinate:     0.0000    0.5000    0.0000
 
    n           k   ϵ_nk^DFT (eV)     Σ^c_nk (eV)     Σ^x_nk (eV)    v_nk^xc (eV)   ϵ_nk^G0W0 (eV)
 
    1 (occ)    99         -18.326           8.102         -27.111         -17.393          -19.942
    2 (occ)    99         -12.652           5.433         -22.478         -15.455          -14.242
    3 (occ)    99          -7.958           3.723         -22.477         -17.309           -9.403
    4 (occ)    99          -4.583           2.549         -19.444         -15.781           -5.697
    5 (vir)    99           1.194          -3.359          -5.985         -11.218            3.069
    6 (vir)    99           6.099          -4.058          -6.645         -12.865            8.261
    7 (vir)    99          10.168          -3.397          -3.195          -8.542           12.117
    8 (vir)    99          12.489          -3.202          -3.123          -8.770           14.934
    9 (vir)    99          12.568          -2.736          -0.842          -5.401           14.391
   10 (vir)    99          18.010          -7.522          -6.205         -16.625           20.908
   11 (vir)    99          19.234          -7.218          -4.273         -12.821           20.564
   12 (vir)    99          21.888          -7.824          -4.160         -11.552           21.457
   13 (vir)    99          22.554          -7.056          -4.585         -13.643           24.556
   14 (vir)    99          29.480          -7.946          -4.443         -14.102           31.192
   15 (vir)    99          33.754          -7.630          -4.900         -14.026           35.250
   16 (vir)    99          34.563          -8.605          -2.528         -11.386           34.816
   17 (vir)    99          35.209          -7.382          -2.058         -10.425           36.193
   18 (vir)    99          45.935         -10.459          -3.454         -13.926           45.948
   19 (vir)    99          48.372           3.046          -4.274         -14.401           61.546
   20 (vir)    99          54.170           2.681          -5.026         -11.278           63.105
   21 (vir)    99          59.112           4.051          -3.294         -14.302           74.171
   22 (vir)    99          65.172           1.994          -4.879         -12.831           75.118
   23 (vir)    99          75.671           1.823          -5.802         -13.876           85.568
   24 (vir)    99          81.119           2.660          -2.958         -16.477           97.298
   25 (vir)    99         114.597           1.779          -1.692         -13.276          127.960
   26 (vir)    99         240.528           7.295          -0.559         -17.906          265.169
 
 
  kpoint:     100             coordinate:     0.0000    0.4898    0.0000
 
    n           k   ϵ_nk^DFT (eV)     Σ^c_nk (eV)     Σ^x_nk (eV)    v_nk^xc (eV)   ϵ_nk^G0W0 (eV)
 
    1 (occ)   100         -18.332           8.104         -27.108         -17.388          -19.948
    2 (occ)   100         -12.642           5.414         -22.480         -15.460          -14.249
    3 (occ)   100          -7.956           3.722         -22.477         -17.309           -9.401
    4 (occ)   100          -4.593           2.550         -19.432         -15.766           -5.709
    5 (vir)   100           1.208          -3.362          -5.997         -11.235            3.083
    6 (vir)   100           6.098          -4.059          -6.641         -12.859            8.257
    7 (vir)   100          10.150          -3.402          -3.205          -8.546           12.090
    8 (vir)   100          12.495          -2.743          -0.867          -5.434           14.319
    9 (vir)   100          12.506          -3.222          -3.129          -8.783           14.938
   10 (vir)   100          17.995          -7.517          -6.204         -16.620           20.893
   11 (vir)   100          19.283          -7.210          -4.241         -12.776           20.608
   12 (vir)   100          21.891          -7.823          -4.159         -11.553           21.461
   13 (vir)   100          22.546          -7.064          -4.587         -13.623           24.518
   14 (vir)   100          29.493          -7.992          -4.443         -14.110           31.168
   15 (vir)   100          33.772          -7.622          -4.894         -14.031           35.286
   16 (vir)   100          34.556          -8.719          -2.548         -11.383           34.672
   17 (vir)   100          35.339          -7.472          -2.087         -10.505           36.286
   18 (vir)   100          45.986         -10.525          -3.444         -13.899           45.917
   19 (vir)   100          48.394           3.784          -4.261         -14.402           62.318
   20 (vir)   100          54.203           2.746          -4.497         -11.302           63.754
   21 (vir)   100          59.085           4.051          -3.294         -14.300           74.143
   22 (vir)   100          65.192           2.050          -4.432         -12.824           75.634
   23 (vir)   100          75.691           1.819          -5.207         -13.862           86.166
   24 (vir)   100          81.104           2.694          -3.002         -16.477           97.272
   25 (vir)   100         114.587           1.727          -1.726         -13.274          127.863
   26 (vir)   100         240.536           6.076          -0.755         -17.906          263.763
 
 
  kpoint:     101             coordinate:     0.0000    0.4796    0.0000
 
    n           k   ϵ_nk^DFT (eV)     Σ^c_nk (eV)     Σ^x_nk (eV)    v_nk^xc (eV)   ϵ_nk^G0W0 (eV)
 
    1 (occ)   101         -18.349           8.108         -27.099         -17.375          -19.966
    2 (occ)   101         -12.614           5.368         -22.487         -15.476          -14.257
    3 (occ)   101          -7.949           3.720         -22.476         -17.311           -9.394
    4 (occ)   101          -4.623           2.554         -19.395         -15.723           -5.742
    5 (vir)   101           1.248          -3.370          -6.034         -11.282            3.126
    6 (vir)   101           6.095          -4.062          -6.630         -12.842            8.245
    7 (vir)   101          10.096          -3.453          -3.232          -8.561           11.973
    8 (vir)   101          12.291          -2.757          -0.933          -5.517           14.117
    9 (vir)   101          12.554          -3.303          -3.144          -8.821           14.928
   10 (vir)   101          17.948          -7.501          -6.202         -16.606           20.851
   11 (vir)   101          19.419          -7.193          -4.160         -12.658           20.724
   12 (vir)   101          21.903          -7.822          -4.158         -11.553           21.476
   13 (vir)   101          22.522          -6.988          -4.589         -13.563           24.509
   14 (vir)   101          29.531          -8.074          -4.439         -14.132           31.150
   15 (vir)   101          33.825          -7.605          -4.877         -14.045           35.388
   16 (vir)   101          34.536          -8.034          -2.599         -11.375           35.278
   17 (vir)   101          35.713          -7.740          -2.170         -10.742           36.544
   18 (vir)   101          46.140         -10.707          -3.414         -13.821           45.840
   19 (vir)   101          48.457           4.289          -4.230         -14.402           62.919
   20 (vir)   101          54.301           3.587          -3.116         -11.372           66.144
   21 (vir)   101          59.006           4.054          -3.295         -14.295           74.060
   22 (vir)   101          65.255           2.626          -3.237         -12.802           77.446
   23 (vir)   101          75.753           2.152          -3.585         -13.820           88.141
   24 (vir)   101          81.060           3.114          -3.116         -16.478           97.535
   25 (vir)   101         114.555           1.613          -1.810         -13.270          127.628
   26 (vir)   101         240.559           4.173          -1.250         -17.907          261.389
 
 
  kpoint:     102             coordinate:     0.0000    0.4694    0.0000
 
    n           k   ϵ_nk^DFT (eV)     Σ^c_nk (eV)     Σ^x_nk (eV)    v_nk^xc (eV)   ϵ_nk^G0W0 (eV)
 
    1 (occ)   102         -18.378           8.116         -27.086         -17.353          -19.995
    2 (occ)   102         -12.568           5.324         -22.497         -15.501          -14.240
    3 (occ)   102          -7.939           3.717         -22.474         -17.313           -9.383
    4 (occ)   102          -4.671           2.560         -19.339         -15.655           -5.795
    5 (vir)   102           1.313          -3.384          -6.090         -11.358            3.197
    6 (vir)   102           6.089          -4.062          -6.610         -12.812            8.230
    7 (vir)   102          10.012          -3.286          -3.272          -8.586           12.039
    8 (vir)   102          11.991          -2.767          -1.016          -5.615           13.823
    9 (vir)   102          12.629          -3.195          -3.172          -8.884           15.146
   10 (vir)   102          17.871          -7.477          -6.202         -16.584           20.775
   11 (vir)   102          19.610          -7.187          -4.054         -12.507           20.877
   12 (vir)   102          21.921          -7.818          -4.157         -11.554           21.501
   13 (vir)   102          22.485          -6.908          -4.583         -13.465           24.460
   14 (vir)   102          29.592          -7.547          -4.431         -14.166           31.780
   15 (vir)   102          33.912          -7.554          -4.854         -14.069           35.573
   16 (vir)   102          34.505          -9.775          -2.659         -11.364           33.435
   17 (vir)   102          36.281          -8.182          -2.303         -11.119           36.915
   18 (vir)   102          46.404         -10.955          -3.364         -13.695           45.781
   19 (vir)   102          48.561           3.335          -4.191         -14.403           62.108
   20 (vir)   102          54.461          -3.447          -1.406         -11.490           61.098
   21 (vir)   102          58.874           4.060          -3.297         -14.287           73.924
   22 (vir)   102          65.360          -3.693          -1.692         -12.768           72.742
   23 (vir)   102          75.859          -1.965          -1.388         -13.748           86.254
   24 (vir)   102          80.985           2.842          -3.248         -16.479           97.059
   25 (vir)   102         114.503           1.423          -1.906         -13.263          127.284
   26 (vir)   102         240.597           3.001          -1.813         -17.908          259.692
 
 
  kpoint:     103             coordinate:     0.0000    0.4592    0.0000
 
    n           k   ϵ_nk^DFT (eV)     Σ^c_nk (eV)     Σ^x_nk (eV)    v_nk^xc (eV)   ϵ_nk^G0W0 (eV)
 
    1 (occ)   103         -18.418           8.128         -27.069         -17.324          -20.035
    2 (occ)   103         -12.504           5.301         -22.510         -15.536          -14.178
    3 (occ)   103          -7.923           3.712         -22.472         -17.317           -9.367
    4 (occ)   103          -4.737           2.570         -19.268         -15.566           -5.868
    5 (vir)   103           1.402          -3.403          -6.162         -11.455            3.292
    6 (vir)   103           6.080          -4.054          -6.580         -12.770            8.216
    7 (vir)   103           9.904          -3.285          -3.322          -8.622           11.918
    8 (vir)   103          11.636          -2.767          -1.097          -5.705           13.477
    9 (vir)   103          12.725          -3.296          -3.210          -8.972           15.191
   10 (vir)   103          17.764          -7.436          -6.208         -16.554           20.675
   11 (vir)   103          19.827          -7.200          -3.944         -12.353           21.036
   12 (vir)   103          21.947          -7.809          -4.154         -11.556           21.540
   13 (vir)   103          22.437          -6.957          -4.559         -13.330           24.252
   14 (vir)   103          29.670          -7.941          -4.415         -14.205           31.519
   15 (vir)   103          34.032          -5.787          -4.830         -14.102           37.516
   16 (vir)   103          34.467         -10.280          -2.706         -11.352           32.833
   17 (vir)   103          36.971          -8.775          -2.476         -11.605           37.325
   18 (vir)   103          46.787         -11.188          -3.298         -13.534           45.835
   19 (vir)   103          48.702           2.598          -4.158         -14.404           61.546
   20 (vir)   103          54.682          -0.743          -0.004         -11.654           65.589
   21 (vir)   103          58.692           4.070          -3.299         -14.275           73.738
   22 (vir)   103          65.510          -0.699          -0.317         -12.724           77.218
   23 (vir)   103          76.013          -0.128           0.751         -13.643           90.279
   24 (vir)   103          80.882           2.318          -3.337         -16.481           96.343
   25 (vir)   103         114.432           1.289          -1.968         -13.254          127.007
   26 (vir)   103         240.647           2.571          -2.184         -17.910          258.944
 
 
  kpoint:     104             coordinate:     0.0000    0.4490    0.0000
 
    n           k   ϵ_nk^DFT (eV)     Σ^c_nk (eV)     Σ^x_nk (eV)    v_nk^xc (eV)   ϵ_nk^G0W0 (eV)
 
    1 (occ)   104         -18.468           8.142         -27.048         -17.289          -20.085
    2 (occ)   104         -12.424           5.306         -22.525         -15.578          -14.065
    3 (occ)   104          -7.904           3.706         -22.470         -17.321           -9.346
    4 (occ)   104          -4.818           2.584         -19.187         -15.463           -5.959
    5 (vir)   104           1.512          -3.428          -6.243         -11.569            3.409
    6 (vir)   104           6.069          -4.041          -6.540         -12.714            8.202
    7 (vir)   104           9.776          -3.270          -3.381          -8.672           11.797
    8 (vir)   104          11.259          -2.757          -1.168          -5.775           13.109
    9 (vir)   104          12.834          -3.384          -3.259          -9.086           15.277
   10 (vir)   104          17.631          -7.336          -6.222         -16.516           20.588
   11 (vir)   104          20.047          -7.231          -3.844         -12.214           21.186
   12 (vir)   104          21.981          -7.793          -4.151         -11.558           21.595
   13 (vir)   104          22.382          -6.819          -4.506         -13.162           24.219
   14 (vir)   104          29.760          -8.053          -4.387         -14.241           31.562
   15 (vir)   104          34.183          -5.690          -4.810         -14.142           37.825
   16 (vir)   104          34.428          -9.609          -2.730         -11.346           33.434
   17 (vir)   104          37.702          -9.477          -2.674         -12.155           37.706
   18 (vir)   104          47.290          -3.151          -3.221         -13.359           54.277
   19 (vir)   104          48.876           2.726          -4.139         -14.404           61.868
   20 (vir)   104          54.959          -0.733           0.603         -11.865           66.694
   21 (vir)   104          58.459           4.087          -3.301         -14.261           73.506
   22 (vir)   104          65.704          -0.521           0.422         -12.678           78.284
   23 (vir)   104          76.223          -0.131           2.180         -13.499           91.771
   24 (vir)   104          80.749           2.370          -3.346         -16.482           96.255
   25 (vir)   104         114.344           1.268          -1.970         -13.241          126.883
   26 (vir)   104         240.706           2.362          -2.191         -17.912          258.789
 
 
  kpoint:     105             coordinate:     0.0000    0.4388    0.0000
 
    n           k   ϵ_nk^DFT (eV)     Σ^c_nk (eV)     Σ^x_nk (eV)    v_nk^xc (eV)   ϵ_nk^G0W0 (eV)
 
    1 (occ)   105         -18.527           8.159         -27.025         -17.249          -20.145
    2 (occ)   105         -12.328           5.339         -22.541         -15.627          -13.903
    3 (occ)   105          -7.881           3.699         -22.467         -17.327           -9.321
    4 (occ)   105          -4.913           2.602         -19.102         -15.349           -6.064
    5 (vir)   105           1.640          -3.459          -6.328         -11.692            3.546
    6 (vir)   105           6.055          -4.022          -6.488         -12.643            8.187
    7 (vir)   105           9.636          -3.396          -3.449          -8.737           11.528
    8 (vir)   105          10.882          -2.751          -1.225          -5.827           12.733
    9 (vir)   105          12.951          -3.451          -3.318          -9.227           15.410
   10 (vir)   105          17.471          -7.236          -6.246         -16.473           20.462
   11 (vir)   105          20.258          -7.268          -3.757         -12.096           21.329
   12 (vir)   105          22.022          -7.768          -4.148         -11.561           21.667
   13 (vir)   105          22.324          -6.515          -4.419         -12.961           24.352
   14 (vir)   105          29.855          -7.962          -4.342         -14.264           31.815
   15 (vir)   105          34.364          -7.775          -4.795         -14.187           35.982
   16 (vir)   105          34.393          -9.170          -2.737         -11.353           33.839
   17 (vir)   105          38.401         -10.221          -2.879         -12.711           38.011
   18 (vir)   105          47.903           4.684          -3.148         -13.207           62.647
   19 (vir)   105          49.080           4.430          -4.130         -14.403           63.783
   20 (vir)   105          55.287          -1.817           0.262         -12.120           65.852
   21 (vir)   105          58.180           4.111          -3.305         -14.243           73.229
   22 (vir)   105          65.946          -1.178           0.281         -12.636           77.684
   23 (vir)   105          76.498          -0.313           2.401         -13.312           91.899
   24 (vir)   105          80.588           3.163          -3.273         -16.485           96.962
   25 (vir)   105         114.239           1.385          -1.909         -13.226          126.941
   26 (vir)   105         240.770           2.475          -1.834         -17.914          259.325
 
 
  kpoint:     106             coordinate:     0.0000    0.4286    0.0000
 
    n           k   ϵ_nk^DFT (eV)     Σ^c_nk (eV)     Σ^x_nk (eV)    v_nk^xc (eV)   ϵ_nk^G0W0 (eV)
 
    1 (occ)   106         -18.594           8.177         -27.001         -17.204          -20.214
    2 (occ)   106         -12.217           5.369         -22.557         -15.682          -13.723
    3 (occ)   106          -7.853           3.691         -22.463         -17.333           -9.292
    4 (occ)   106          -5.020           2.625         -19.017         -15.230           -6.182
    5 (vir)   106           1.785          -3.494          -6.412         -11.820            3.699
    6 (vir)   106           6.038          -3.997          -6.424         -12.555            8.170
    7 (vir)   106           9.486          -3.315          -3.529          -8.818           11.460
    8 (vir)   106          10.520          -2.753          -1.271          -5.864           12.360
    9 (vir)   106          13.071          -3.522          -3.387          -9.394           15.556
   10 (vir)   106          17.287          -7.146          -6.278         -16.425           20.288
   11 (vir)   106          20.455          -7.297          -3.686         -12.000           21.472
   12 (vir)   106          22.071          -7.734          -4.143         -11.564           21.757
   13 (vir)   106          22.268          -6.327          -4.298         -12.731           24.374
   14 (vir)   106          29.944          -8.122          -4.274         -14.263           31.812
   15 (vir)   106          34.371          -8.451          -2.746         -11.375           34.550
   16 (vir)   106          34.572          -7.462          -4.787         -14.242           36.565
   17 (vir)   106          39.016         -10.929          -3.072         -13.219           38.235
   18 (vir)   106          48.595           4.523          -3.089         -13.109           63.138
   19 (vir)   106          49.307         -11.148          -4.121         -14.399           48.437
   20 (vir)   106          55.658          -8.725          -0.801         -12.415           58.546
   21 (vir)   106          57.855           4.144          -3.309         -14.223           72.913
   22 (vir)   106          66.234          -9.290          -0.661         -12.610           68.894
   23 (vir)   106          76.853          -2.325           1.242         -13.075           88.845
   24 (vir)   106          80.399           2.593          -3.156         -16.487           96.322
   25 (vir)   106         114.119           1.552          -1.813         -13.209          127.068
   26 (vir)   106         240.836           3.035          -1.283         -17.917          260.506
 
 
  kpoint:     107             coordinate:     0.0000    0.4184    0.0000
 
    n           k   ϵ_nk^DFT (eV)     Σ^c_nk (eV)     Σ^x_nk (eV)    v_nk^xc (eV)   ϵ_nk^G0W0 (eV)
 
    1 (occ)   107         -18.668           8.197         -26.977         -17.157          -20.291
    2 (occ)   107         -12.092           5.355         -22.573         -15.741          -13.569
    3 (occ)   107          -7.821           3.681         -22.459         -17.341           -9.258
    4 (occ)   107          -5.136           2.653         -18.936         -15.108           -6.310
    5 (vir)   107           1.943          -3.533          -6.491         -11.947            3.865
    6 (vir)   107           6.016          -3.971          -6.348         -12.448            8.146
    7 (vir)   107           9.330          -3.288          -3.622          -8.917           11.337
    8 (vir)   107          10.180          -2.759          -1.308          -5.892           12.005
    9 (vir)   107          13.189          -3.621          -3.471          -9.589           15.686
   10 (vir)   107          17.083          -7.062          -6.315         -16.372           20.077
   11 (vir)   107          20.641          -7.312          -3.628         -11.923           21.624
   12 (vir)   107          22.126          -7.692          -4.138         -11.567           21.863
   13 (vir)   107          22.218          -6.096          -4.156         -12.474           24.440
   14 (vir)   107          30.021          -7.964          -4.182         -14.226           32.101
   15 (vir)   107          34.370          -8.280          -2.785         -11.428           34.734
   16 (vir)   107          34.804          -7.548          -4.779         -14.300           36.778
   17 (vir)   107          39.527         -11.534          -3.239         -13.645           38.400
   18 (vir)   107          49.318           4.402          -3.053         -13.082           63.749
   19 (vir)   107          49.551           2.665          -4.099         -14.393           62.510
   20 (vir)   107          56.065           5.278          -2.112         -12.743           71.974
   21 (vir)   107          57.488           4.185          -3.314         -14.200           72.559
   22 (vir)   107          66.569           3.179          -2.009         -12.612           80.350
   23 (vir)   107          77.303           4.789          -1.037         -12.781           93.836
   24 (vir)   107          80.184           2.595          -3.056         -16.488           96.211
   25 (vir)   107         113.985           1.661          -1.719         -13.189          127.115
   26 (vir)   107         240.899           4.650          -0.792         -17.921          262.679
 
 
  kpoint:     108             coordinate:     0.0000    0.4082    0.0000
 
    n           k   ϵ_nk^DFT (eV)     Σ^c_nk (eV)     Σ^x_nk (eV)    v_nk^xc (eV)   ϵ_nk^G0W0 (eV)
 
    1 (occ)   108         -18.748           8.218         -26.953         -17.109          -20.375
    2 (occ)   108         -11.955           5.317         -22.587         -15.803          -13.421
    3 (occ)   108          -7.785           3.670         -22.454         -17.349           -9.220
    4 (occ)   108          -5.260           2.685         -18.861         -14.988           -6.447
    5 (vir)   108           2.111          -3.576          -6.562         -12.069            4.042
    6 (vir)   108           5.991          -3.944          -6.258         -12.321            8.110
    7 (vir)   108           9.172          -3.284          -3.732          -9.037           11.193
    8 (vir)   108           9.864          -2.767          -1.337          -5.917           11.678
    9 (vir)   108          13.300          -3.720          -3.577          -9.812           15.814
   10 (vir)   108          16.858          -6.985          -6.354         -16.317           19.836
   11 (vir)   108          20.816          -7.313          -3.581         -11.863           21.784
   12 (vir)   108          22.180          -5.928          -4.010         -12.192           24.434
   13 (vir)   108          22.190          -7.647          -4.133         -11.571           21.981
   14 (vir)   108          30.077          -7.916          -4.069         -14.145           32.236
   15 (vir)   108          34.398          -8.413          -2.865         -11.517           34.637
   16 (vir)   108          35.059          -7.684          -4.765         -14.361           36.972
   17 (vir)   108          39.934         -12.005          -3.375         -13.979           38.532
   18 (vir)   108          49.808           2.980          -4.058         -14.382           63.113
   19 (vir)   108          50.017           4.338          -3.041         -13.122           64.436
   20 (vir)   108          56.498           3.668          -3.174         -13.096           70.088
   21 (vir)   108          57.080           4.235          -3.319         -14.174           72.170
   22 (vir)   108          66.945           2.097          -3.214         -12.658           78.485
   23 (vir)   108          77.873           2.622          -3.735         -12.426           89.186
   24 (vir)   108          79.943           2.772          -3.026         -16.490           96.179
   25 (vir)   108         113.837           1.759          -1.663         -13.166          127.099
   26 (vir)   108         240.955           8.959          -0.581         -17.924          267.257
 
 
  kpoint:     109             coordinate:     0.0000    0.3980    0.0000
 
    n           k   ϵ_nk^DFT (eV)     Σ^c_nk (eV)     Σ^x_nk (eV)    v_nk^xc (eV)   ϵ_nk^G0W0 (eV)
 
    1 (occ)   109         -18.833           8.240         -26.930         -17.059          -20.464
    2 (occ)   109         -11.806           5.261         -22.599         -15.868          -13.276
    3 (occ)   109          -7.745           3.657         -22.449         -17.359           -9.178
    4 (occ)   109          -5.390           2.722         -18.793         -14.871           -6.590
    5 (vir)   109           2.288          -3.620          -6.624         -12.182            4.226
    6 (vir)   109           5.960          -3.916          -6.153         -12.170            8.062
    7 (vir)   109           9.014          -3.300          -3.858          -9.178           11.035
    8 (vir)   109           9.574          -2.776          -1.361          -5.943           11.379
    9 (vir)   109          13.401          -3.849          -3.708         -10.060           15.904
   10 (vir)   109          16.617          -6.925          -6.391         -16.259           19.560
   11 (vir)   109          20.984          -7.306          -3.544         -11.816           21.951
   12 (vir)   109          22.158          -5.797          -3.879         -11.890           24.373
   13 (vir)   109          22.260          -7.603          -4.126         -11.575           22.106
   14 (vir)   109          30.105          -7.984          -3.947         -14.015           32.189
   15 (vir)   109          34.461          -9.031          -2.981         -11.642           34.091
   16 (vir)   109          35.334          -7.954          -4.742         -14.426           37.063
   17 (vir)   109          40.248         -12.353          -3.484         -14.230           38.642
   18 (vir)   109          50.071           4.695          -3.999         -14.368           65.135
   19 (vir)   109          50.645           4.328          -3.049         -13.210           65.133
   20 (vir)   109          56.636           4.292          -3.325         -14.147           71.750
   21 (vir)   109          56.947           2.996          -3.687         -13.460           69.716
   22 (vir)   109          67.356           1.536          -3.814         -12.760           77.838
   23 (vir)   109          78.589           1.634          -5.846         -12.011           86.388
   24 (vir)   109          79.679           3.198          -3.084         -16.491           96.285
   25 (vir)   109         113.675           1.768          -1.661         -13.140          126.922
   26 (vir)   109         240.997           0.414          -0.734         -17.928          258.605
 
 
  kpoint:     110             coordinate:     0.0000    0.3878    0.0000
 
    n           k   ϵ_nk^DFT (eV)     Σ^c_nk (eV)     Σ^x_nk (eV)    v_nk^xc (eV)   ϵ_nk^G0W0 (eV)
 
    1 (occ)   110         -18.923           8.266         -26.909         -17.010          -20.556
    2 (occ)   110         -11.647           5.184         -22.608         -15.934          -13.136
    3 (occ)   110          -7.701           3.643         -22.444         -17.370           -9.133
    4 (occ)   110          -5.525           2.762         -18.732         -14.757           -6.738
    5 (vir)   110           2.472          -3.665          -6.674         -12.282            4.415
    6 (vir)   110           5.924          -3.884          -6.031         -11.995            8.003
    7 (vir)   110           8.858          -3.322          -4.001          -9.343           10.878
    8 (vir)   110           9.308          -2.790          -1.383          -5.973           11.107
    9 (vir)   110          13.488          -3.498          -3.866         -10.333           16.457
   10 (vir)   110          16.360          -7.160          -6.426         -16.199           18.974
   11 (vir)   110          21.149          -7.300          -3.514         -11.781           22.115
   12 (vir)   110          22.158          -5.732          -3.772         -11.571           24.224
   13 (vir)   110          22.338          -7.567          -4.119         -11.580           22.231
   14 (vir)   110          30.101          -7.778          -3.825         -13.838           32.336
   15 (vir)   110          34.563          -9.631          -3.111         -11.800           33.622
   16 (vir)   110          35.625          -8.467          -4.708         -14.492           36.943
   17 (vir)   110          40.488         -12.609          -3.569         -14.414           38.724
   18 (vir)   110          50.334         -10.950          -3.929         -14.348           49.802
   19 (vir)   110          51.165           4.363          -3.070         -13.324           65.781
   20 (vir)   110          56.159           4.356          -3.332         -14.117           71.299
   21 (vir)   110          57.404           2.510          -3.642         -13.821           70.093
   22 (vir)   110          67.790           1.008          -3.659         -12.923           78.061
   23 (vir)   110          79.394           4.551          -3.209         -16.491           97.227
   24 (vir)   110          79.484           0.503          -6.354         -11.545           85.178
   25 (vir)   110         113.496           1.735          -1.708         -13.112          126.635
   26 (vir)   110         241.020           8.431          -1.163         -17.932          266.220
 
 
  kpoint:     111             coordinate:     0.0000    0.3776    0.0000
 
    n           k   ϵ_nk^DFT (eV)     Σ^c_nk (eV)     Σ^x_nk (eV)    v_nk^xc (eV)   ϵ_nk^G0W0 (eV)
 
    1 (occ)   111         -19.015           8.295         -26.890         -16.961          -20.649
    2 (occ)   111         -11.478           5.116         -22.615         -16.002          -12.975
    3 (occ)   111          -7.653           3.627         -22.438         -17.381           -9.083
    4 (occ)   111          -5.664           2.805         -18.680         -14.649           -6.890
    5 (vir)   111           2.660          -3.708          -6.712         -12.368            4.607
    6 (vir)   111           5.881          -3.843          -5.892         -11.792            7.938
    7 (vir)   111           8.705          -3.323          -4.160          -9.534           10.757
    8 (vir)   111           9.065          -2.811          -1.405          -6.012           10.861
    9 (vir)   111          13.558          -4.146          -4.042         -10.625           15.996
   10 (vir)   111          16.091          -6.579          -6.459         -16.139           19.192
   11 (vir)   111          21.312          -7.303          -3.491         -11.756           22.274
   12 (vir)   111          22.183          -6.112          -3.687         -11.242           23.626
   13 (vir)   111          22.423          -7.541          -4.112         -11.585           22.355
   14 (vir)   111          30.066          -8.737          -3.711         -13.623           31.240
   15 (vir)   111          34.705          -9.916          -3.229         -11.981           33.541
   16 (vir)   111          35.931          -8.685          -4.665         -14.561           37.143
   17 (vir)   111          40.666         -12.805          -3.638         -14.548           38.771
   18 (vir)   111          50.592           3.431          -3.861         -14.323           64.485
   19 (vir)   111          51.557           4.433          -3.096         -13.445           66.339
   20 (vir)   111          55.651           4.424          -3.339         -14.086           70.821
   21 (vir)   111          57.860           2.960          -3.256         -14.167           71.731
   22 (vir)   111          68.234           1.047          -2.977         -13.143           79.447
   23 (vir)   111          79.090           2.726          -3.346         -16.493           94.962
   24 (vir)   111          80.594           0.122          -4.648         -11.044           87.112
   25 (vir)   111         113.297           1.401          -1.776         -13.081          126.003
   26 (vir)   111         241.020           4.446          -1.654         -17.936          261.748
 
 
  kpoint:     112             coordinate:     0.0000    0.3673    0.0000
 
    n           k   ϵ_nk^DFT (eV)     Σ^c_nk (eV)     Σ^x_nk (eV)    v_nk^xc (eV)   ϵ_nk^G0W0 (eV)
 
    1 (occ)   112         -19.111           8.329         -26.872         -16.912          -20.741
    2 (occ)   112         -11.301           5.071         -22.619         -16.071          -12.778
    3 (occ)   112          -7.601           3.611         -22.433         -17.394           -9.029
    4 (occ)   112          -5.805           2.852         -18.636         -14.546           -7.044
    5 (vir)   112           2.849          -3.748          -6.737         -12.434            4.798
    6 (vir)   112           5.831          -3.789          -5.735         -11.561            7.869
    7 (vir)   112           8.559          -3.349          -4.335          -9.752           10.627
    8 (vir)   112           8.844          -2.840          -1.428          -6.064           10.640
    9 (vir)   112          13.608          -4.294          -4.226         -10.932           16.019
   10 (vir)   112          15.810          -6.515          -6.493         -16.077           18.880
   11 (vir)   112          21.476          -7.315          -3.473         -11.737           22.425
   12 (vir)   112          22.240          -6.309          -3.604         -10.911           23.237
   13 (vir)   112          22.515          -7.527          -4.103         -11.590           22.474
   14 (vir)   112          30.001          -9.271          -3.599         -13.381           30.511
   15 (vir)   112          34.886          -9.689          -3.321         -12.171           34.047
   16 (vir)   112          36.250          -9.303          -4.618         -14.630           36.959
   17 (vir)   112          40.796         -12.962          -3.693         -14.643           38.783
   18 (vir)   112          50.839           3.035          -3.802         -14.291           64.363
   19 (vir)   112          51.816           4.531          -3.123         -13.561           66.786
   20 (vir)   112          55.116           4.497          -3.347         -14.053           70.318
   21 (vir)   112          58.310           3.678          -2.815         -14.484           73.656
   22 (vir)   112          68.672           1.666          -2.200         -13.406           81.544
   23 (vir)   112          78.769           2.406          -3.439         -16.493           94.229
   24 (vir)   112          81.955          -4.118          -0.880         -10.541           87.497
   25 (vir)   112         113.076           1.337          -1.832         -13.047          125.628
   26 (vir)   112         240.992           3.053          -1.975         -17.940          260.009
 
 
  kpoint:     113             coordinate:     0.0000    0.3571    0.0000
 
    n           k   ϵ_nk^DFT (eV)     Σ^c_nk (eV)     Σ^x_nk (eV)    v_nk^xc (eV)   ϵ_nk^G0W0 (eV)
 
    1 (occ)   113         -19.208           8.365         -26.857         -16.865          -20.834
    2 (occ)   113         -11.117           5.037         -22.620         -16.141          -12.560
    3 (occ)   113          -7.546           3.594         -22.426         -17.408           -8.970
    4 (occ)   113          -5.948           2.900         -18.599         -14.448           -7.199
    5 (vir)   113           3.038          -3.783          -6.746         -12.477            4.987
    6 (vir)   113           5.773          -3.726          -5.560         -11.302            7.790
    7 (vir)   113           8.420          -3.391          -4.524          -9.996           10.501
    8 (vir)   113           8.645          -2.880          -1.456          -6.133           10.442
    9 (vir)   113          13.635          -4.418          -4.409         -11.246           16.055
   10 (vir)   113          15.521          -6.356          -6.528         -16.016           18.653
   11 (vir)   113          21.643          -7.334          -3.459         -11.724           22.575
   12 (vir)   113          22.331          -5.886          -3.492         -10.587           23.539
   13 (vir)   113          22.614          -7.523          -4.095         -11.596           22.592
   14 (vir)   113          29.911          -9.051          -3.475         -13.122           30.506
   15 (vir)   113          35.103          -9.242          -3.384         -12.357           34.833
   16 (vir)   113          36.578          -9.645          -4.573         -14.699           37.059
   17 (vir)   113          40.886          -2.150          -3.740         -14.711           49.708
   18 (vir)   113          51.072           3.479          -3.755         -14.253           65.049
   19 (vir)   113          51.947           4.652          -3.147         -13.665           67.116
   20 (vir)   113          54.557           4.572          -3.356         -14.018           69.792
   21 (vir)   113          58.748           4.326          -2.526         -14.764           75.313
   22 (vir)   113          69.090           3.947          -1.698         -13.689           85.027
   23 (vir)   113          78.435           3.514          -3.453         -16.493           94.989
   24 (vir)   113          83.598          -3.484           3.973         -10.064           94.151
   25 (vir)   113         112.827           1.275          -1.845         -13.011          125.267
   26 (vir)   113         240.929           2.589          -1.983         -17.944          259.480
 
 
  kpoint:     114             coordinate:     0.0000    0.3469    0.0000
 
    n           k   ϵ_nk^DFT (eV)     Σ^c_nk (eV)     Σ^x_nk (eV)    v_nk^xc (eV)   ϵ_nk^G0W0 (eV)
 
    1 (occ)   114         -19.306           8.402         -26.844         -16.820          -20.928
    2 (occ)   114         -10.925           4.979         -22.619         -16.210          -12.355
    3 (occ)   114          -7.487           3.576         -22.420         -17.423           -8.907
    4 (occ)   114          -6.091           2.950         -18.569         -14.355           -7.354
    5 (vir)   114           3.225          -3.808          -6.738         -12.492            5.170
    6 (vir)   114           5.706          -3.655          -5.369         -11.018            7.700
    7 (vir)   114           8.290          -3.436          -4.725         -10.264           10.393
    8 (vir)   114           8.465          -2.933          -1.492          -6.226           10.266
    9 (vir)   114          13.638          -4.510          -4.583         -11.559           16.104
   10 (vir)   114          15.223          -6.540          -6.566         -15.955           18.073
   11 (vir)   114          21.814          -7.352          -3.448         -11.716           22.731
   12 (vir)   114          22.461          -5.144          -3.325         -10.283           24.275
   13 (vir)   114          22.720          -7.526          -4.085         -11.601           22.711
   14 (vir)   114          29.803          -7.985          -3.331         -12.853           31.340
   15 (vir)   114          35.350          -9.515          -3.426         -12.531           34.940
   16 (vir)   114          36.914          -9.363          -4.535         -14.769           37.785
   17 (vir)   114          40.945          -3.121          -3.780         -14.759           48.803
   18 (vir)   114          51.286          -2.441          -3.715         -14.209           59.338
   19 (vir)   114          51.960           4.792          -3.168         -13.752           67.336
   20 (vir)   114          53.978           4.651          -3.365         -13.983           69.246
   21 (vir)   114          59.173           4.397          -2.453         -15.004           76.120
   22 (vir)   114          69.478           2.432          -1.594         -13.967           84.282
   23 (vir)   114          78.090           2.564          -3.395         -16.493           93.753
   24 (vir)   114          85.553          -2.637           8.487          -9.643          101.045
   25 (vir)   114         112.543           1.275          -1.800         -12.972          124.989
   26 (vir)   114         240.828           2.571          -1.687         -17.948          259.660
 
 
  kpoint:     115             coordinate:     0.0000    0.3367    0.0000
 
    n           k   ϵ_nk^DFT (eV)     Σ^c_nk (eV)     Σ^x_nk (eV)    v_nk^xc (eV)   ϵ_nk^G0W0 (eV)
 
    1 (occ)   115         -19.405           8.437         -26.833         -16.776          -21.025
    2 (occ)   115         -10.727           4.895         -22.615         -16.281          -12.167
    3 (occ)   115          -7.424           3.558         -22.414         -17.440           -8.841
    4 (occ)   115          -6.234           3.001         -18.545         -14.268           -7.509
    5 (vir)   115           3.407          -3.823          -6.712         -12.473            5.346
    6 (vir)   115           5.628          -3.578          -5.166         -10.711            7.597
    7 (vir)   115           8.171          -3.471          -4.936         -10.551           10.315
    8 (vir)   115           8.306          -3.001          -1.540          -6.348           10.114
    9 (vir)   115          13.616          -4.683          -4.750         -11.863           16.046
   10 (vir)   115          14.920          -6.325          -6.606         -15.894           17.883
   11 (vir)   115          21.990          -7.365          -3.439         -11.712           22.899
   12 (vir)   115          22.631          -4.745          -3.096         -10.010           24.801
   13 (vir)   115          22.834          -7.531          -4.075         -11.608           22.835
   14 (vir)   115          29.685          -7.556          -3.165         -12.577           31.541
   15 (vir)   115          35.623          -9.495          -3.452         -12.684           35.360
   16 (vir)   115          37.255          -9.568          -4.505         -14.838           38.020
   17 (vir)   115          40.976          -2.106          -3.816         -14.790           49.844
   18 (vir)   115          51.478           2.116          -3.674         -14.158           64.078
   19 (vir)   115          51.870           4.951          -3.185         -13.823           67.459
   20 (vir)   115          53.381           4.732          -3.375         -13.947           68.684
   21 (vir)   115          59.584           4.559          -2.549         -15.204           76.798
   22 (vir)   115          69.830           1.976          -1.786         -14.224           84.244
   23 (vir)   115          77.739           2.465          -3.304         -16.494           93.393
   24 (vir)   115          87.841          -1.639          11.486          -9.296          106.984
   25 (vir)   115         112.218           1.472          -1.704         -12.930          124.916
   26 (vir)   115         240.684           3.085          -1.237         -17.951          260.483
 
 
  kpoint:     116             coordinate:     0.0000    0.3265    0.0000
 
    n           k   ϵ_nk^DFT (eV)     Σ^c_nk (eV)     Σ^x_nk (eV)    v_nk^xc (eV)   ϵ_nk^G0W0 (eV)
 
    1 (occ)   116         -19.504           8.469         -26.825         -16.734          -21.125
    2 (occ)   116         -10.524           4.815         -22.609         -16.351          -11.967
    3 (occ)   116          -7.359           3.538         -22.407         -17.457           -8.771
    4 (occ)   116          -6.376           3.054         -18.526         -14.186           -7.662
    5 (vir)   116           3.582          -3.822          -6.662         -12.413            5.510
    6 (vir)   116           5.541          -3.496          -4.954         -10.390            7.480
    7 (vir)   116           8.063          -3.516          -5.152         -10.851           10.246
    8 (vir)   116           8.168          -3.087          -1.603          -6.507            9.985
    9 (vir)   116          13.568          -4.763          -4.917         -12.151           16.039
   10 (vir)   116          14.612          -6.199          -6.648         -15.833           17.598
   11 (vir)   116          22.172          -7.369          -3.432         -11.710           23.081
   12 (vir)   116          22.844          -4.825          -2.837          -9.784           24.965
   13 (vir)   116          22.954          -7.535          -4.064         -11.614           22.968
   14 (vir)   116          29.564          -7.501          -2.990         -12.291           31.365
   15 (vir)   116          35.918          -9.424          -3.467         -12.814           35.841
   16 (vir)   116          37.599          -9.671          -4.478         -14.907           38.356
   17 (vir)   116          40.984          -1.935          -3.848         -14.810           50.011
   18 (vir)   116          51.647           1.865          -3.623         -14.102           63.991
   19 (vir)   116          51.694           5.122          -3.197         -13.877           67.496
   20 (vir)   116          52.770           4.815          -3.386         -13.910           68.110
   21 (vir)   116          59.984           4.461          -2.717         -15.366           77.093
   22 (vir)   116          70.146           1.885          -2.083         -14.449           84.397
   23 (vir)   116          77.384           2.693          -3.234         -16.494           93.337
   24 (vir)   116          90.476          -0.131          12.638          -9.032          112.016
   25 (vir)   116         111.845           1.616          -1.588         -12.887          124.760
   26 (vir)   116         240.494           4.808          -0.840         -17.955          262.417
 
 
  kpoint:     117             coordinate:     0.0000    0.3163    0.0000
 
    n           k   ϵ_nk^DFT (eV)     Σ^c_nk (eV)     Σ^x_nk (eV)    v_nk^xc (eV)   ϵ_nk^G0W0 (eV)
 
    1 (occ)   117         -19.603           8.500         -26.818         -16.694          -21.226
    2 (occ)   117         -10.316           4.732         -22.601         -16.421          -11.764
    3 (occ)   117          -7.290           3.517         -22.401         -17.475           -8.698
    4 (occ)   117          -6.517           3.106         -18.511         -14.109           -7.813
    5 (vir)   117           3.746          -3.804          -6.586         -12.305            5.662
    6 (vir)   117           5.442          -3.411          -4.741         -10.060            7.350
    7 (vir)   117           7.967          -3.573          -5.368         -11.157           10.182
    8 (vir)   117           8.050          -3.194          -1.686          -6.710            9.880
    9 (vir)   117          13.495          -4.863          -5.089         -12.416           15.960
   10 (vir)   117          14.301          -6.095          -6.690         -15.773           17.290
   11 (vir)   117          22.360          -7.369          -3.426         -11.710           23.275
   12 (vir)   117          23.081          -7.536          -4.052         -11.621           23.113
   13 (vir)   117          23.099          -4.831          -2.615          -9.617           25.271
   14 (vir)   117          29.451          -7.426          -2.827         -11.992           31.191
   15 (vir)   117          36.233          -9.259          -3.469         -12.918           36.423
   16 (vir)   117          37.944          -9.293          -4.452         -14.975           39.173
   17 (vir)   117          40.973          -1.525          -3.879         -14.820           50.388
   18 (vir)   117          51.447           5.297          -3.205         -13.917           67.456
   19 (vir)   117          51.791           2.634          -3.558         -14.040           64.906
   20 (vir)   117          52.148           4.903          -3.397         -13.872           67.526
   21 (vir)   117          60.374           4.466          -2.881         -15.495           77.454
   22 (vir)   117          70.426           1.937          -2.335         -14.639           84.667
   23 (vir)   117          77.028           3.190          -3.225         -16.495           93.487
   24 (vir)   117          93.469          -0.061          12.597          -8.851          114.857
   25 (vir)   117         111.416           1.849          -1.493         -12.842          124.613
   26 (vir)   117         240.255          10.247          -0.659         -17.958          267.801
 
 
  kpoint:     118             coordinate:     0.0000    0.3061    0.0000
 
    n           k   ϵ_nk^DFT (eV)     Σ^c_nk (eV)     Σ^x_nk (eV)    v_nk^xc (eV)   ϵ_nk^G0W0 (eV)
 
    1 (occ)   118         -19.701           8.531         -26.812         -16.656          -21.326
    2 (occ)   118         -10.104           4.632         -22.591         -16.491          -11.572
    3 (occ)   118          -7.217           3.495         -22.395         -17.495           -8.622
    4 (occ)   118          -6.657           3.159         -18.501         -14.037           -7.962
    5 (vir)   118           3.898          -3.764          -6.480         -12.142            5.796
    6 (vir)   118           5.334          -3.326          -4.530          -9.731            7.208
    7 (vir)   118           7.883          -3.638          -5.581         -11.459           10.123
    8 (vir)   118           7.955          -3.325          -1.794          -6.965            9.799
    9 (vir)   118          13.398          -4.965          -5.267         -12.655           15.821
   10 (vir)   118          13.988          -6.007          -6.732         -15.714           16.963
   11 (vir)   118          22.554          -7.371          -3.422         -11.712           23.473
   12 (vir)   118          23.214          -7.533          -4.040         -11.627           23.268
   13 (vir)   118          23.395          -4.714          -2.509          -9.525           25.697
   14 (vir)   118          29.356          -7.141          -2.699         -11.671           31.186
   15 (vir)   118          36.565          -8.989          -3.457         -12.994           37.113
   16 (vir)   118          38.288          -9.349          -4.422         -15.041           39.560
   17 (vir)   118          40.943          -3.168          -3.909         -14.821           48.687
   18 (vir)   118          51.145           5.469          -3.209         -13.946           67.351
   19 (vir)   118          51.517           4.994          -3.408         -13.835           66.937
   20 (vir)   118          51.909           4.092          -3.481         -13.974           66.494
   21 (vir)   118          60.758           4.493          -3.001         -15.595           77.845
   22 (vir)   118          70.674           2.084          -2.485         -14.796           85.069
   23 (vir)   118          76.675           3.867          -3.285         -16.496           93.753
   24 (vir)   118          96.825          -0.218          12.602          -8.747          117.956
   25 (vir)   118         110.924           2.035          -1.459         -12.796          124.296
   26 (vir)   118         239.964           1.430          -0.741         -17.961          258.615
 
 
  kpoint:     119             coordinate:     0.0000    0.2959    0.0000
 
    n           k   ϵ_nk^DFT (eV)     Σ^c_nk (eV)     Σ^x_nk (eV)    v_nk^xc (eV)   ϵ_nk^G0W0 (eV)
 
    1 (occ)   119         -19.798           8.564         -26.809         -16.619          -21.424
    2 (occ)   119          -9.889           4.529         -22.579         -16.562          -11.378
    3 (occ)   119          -7.142           3.472         -22.389         -17.516           -8.543
    4 (occ)   119          -6.794           3.212         -18.495         -13.969           -8.108
    5 (vir)   119           4.035          -3.702          -6.340         -11.918            5.911
    6 (vir)   119           5.215          -3.241          -4.328          -9.409            7.055
    7 (vir)   119           7.811          -3.698          -5.784         -11.750           10.079
    8 (vir)   119           7.883          -3.484          -1.933          -7.278            9.743
    9 (vir)   119          13.278          -4.838          -5.445         -12.865           15.860
   10 (vir)   119          13.674          -5.956          -6.773         -15.655           16.601
   11 (vir)   119          22.755          -7.385          -3.418         -11.715           23.667
   12 (vir)   119          23.354          -7.528          -4.028         -11.634           23.433
   13 (vir)   119          23.726          -4.366          -2.569          -9.525           26.315
   14 (vir)   119          29.293          -6.982          -2.626         -11.318           31.003
   15 (vir)   119          36.912          -8.709          -3.437         -13.040           37.807
   16 (vir)   119          38.630          -9.905          -4.385         -15.107           39.446
   17 (vir)   119          40.898          -3.211          -3.938         -14.815           48.564
   18 (vir)   119          50.800          -2.471          -3.210         -13.966           59.085
   19 (vir)   119          50.880           5.090          -3.420         -13.797           66.347
   20 (vir)   119          52.002          -1.518          -3.397         -13.903           60.990
   21 (vir)   119          61.138           5.223          -3.077         -15.673           78.956
   22 (vir)   119          70.893           2.573          -2.545         -14.923           85.844
   23 (vir)   119          76.327           2.736          -3.391         -16.497           92.169
   24 (vir)   119         100.545           0.002          13.753          -8.712          123.012
   25 (vir)   119         110.362           2.067          -1.500         -12.749          123.678
   26 (vir)   119         239.622           0.058          -1.003         -17.964          256.642
 
 
  kpoint:     120             coordinate:     0.0000    0.2857    0.0000
 
    n           k   ϵ_nk^DFT (eV)     Σ^c_nk (eV)     Σ^x_nk (eV)    v_nk^xc (eV)   ϵ_nk^G0W0 (eV)
 
    1 (occ)   120         -19.894           8.598         -26.807         -16.585          -21.517
    2 (occ)   120          -9.671           4.435         -22.566         -16.632          -11.170
    3 (occ)   120          -7.065           3.448         -22.383         -17.538           -8.462
    4 (occ)   120          -6.928           3.264         -18.491         -13.905           -8.251
    5 (vir)   120           4.154          -3.617          -6.162         -11.630            6.005
    6 (vir)   120           5.086          -3.158          -4.137          -9.101            6.893
    7 (vir)   120           7.751          -3.748          -5.974         -12.025           10.053
    8 (vir)   120           7.835          -3.672          -2.104          -7.651            9.711
    9 (vir)   120          13.138          -5.053          -5.611         -13.045           15.520
   10 (vir)   120          13.361          -5.697          -6.812         -15.597           16.448
   11 (vir)   120          22.962          -7.414          -3.416         -11.719           23.852
   12 (vir)   120          23.501          -7.522          -4.014         -11.641           23.606
   13 (vir)   120          24.081          -6.617          -2.779          -9.633           24.318
   14 (vir)   120          29.282          -8.157          -2.612         -10.922           29.435
   15 (vir)   120          37.277          -8.615          -3.421         -13.055           38.296
   16 (vir)   120          38.968          -9.790          -4.345         -15.171           40.003
   17 (vir)   120          40.839         -12.937          -3.966         -14.802           38.739
   18 (vir)   120          50.240         -10.348          -3.434         -13.759           50.218
   19 (vir)   120          50.423          -3.455          -3.207         -13.979           57.741
   20 (vir)   120          52.071           4.087          -3.314         -13.830           66.674
   21 (vir)   120          61.517           4.511          -3.127         -15.732           78.634
   22 (vir)   120          71.088           2.513          -2.556         -15.025           86.070
   23 (vir)   120          75.988           2.911          -3.504         -16.499           91.894
   24 (vir)   120         104.624          -0.629          16.361          -8.737          129.093
   25 (vir)   120         109.724           2.036          -1.598         -12.703          122.865
   26 (vir)   120         239.229           7.991          -1.290         -17.966          263.896
 
 
  kpoint:     121             coordinate:     0.0000    0.2755    0.0000
 
    n           k   ϵ_nk^DFT (eV)     Σ^c_nk (eV)     Σ^x_nk (eV)    v_nk^xc (eV)   ϵ_nk^G0W0 (eV)
 
    1 (occ)   121         -19.988           8.633         -26.807         -16.553          -21.609
    2 (occ)   121          -9.450           4.350         -22.552         -16.703          -10.949
    3 (occ)   121          -7.060           3.316         -18.490         -13.844           -8.390
    4 (occ)   121          -6.985           3.424         -22.378         -17.561           -8.377
    5 (vir)   121           4.253          -3.510          -5.950         -11.282            6.075
    6 (vir)   121           4.949          -3.078          -3.960          -8.811            6.722
    7 (vir)   121           7.701          -3.798          -6.147         -12.278           10.035
    8 (vir)   121           7.814          -3.887          -2.308          -8.082            9.701
    9 (vir)   121          12.979          -5.077          -5.753         -13.197           15.346
   10 (vir)   121          13.048          -5.585          -6.852         -15.539           16.150
   11 (vir)   121          23.175          -7.456          -3.413         -11.723           24.028
   12 (vir)   121          23.654          -7.518          -4.000         -11.648           23.784
   13 (vir)   121          24.444          -8.231          -3.042          -9.858           23.029
   14 (vir)   121          29.348          -8.060          -2.638         -10.481           29.131
   15 (vir)   121          37.661           2.176          -3.416         -13.034           49.455
   16 (vir)   121          39.299         -11.745          -4.305         -15.233           38.482
   17 (vir)   121          40.768         -12.869          -3.993         -14.784           38.690
   18 (vir)   121          49.598          -3.599          -3.447         -13.722           56.273
   19 (vir)   121          50.024          -2.885          -3.201         -13.987           57.925
   20 (vir)   121          52.118           3.784          -3.241         -13.754           66.415
   21 (vir)   121          61.898           4.066          -3.166         -15.776           78.575
   22 (vir)   121          71.261           2.531          -2.554         -15.106           86.344
   23 (vir)   121          75.659           3.151          -3.584         -16.500           91.726
   24 (vir)   121         109.002           2.101          -0.835         -12.571          122.840
   25 (vir)   121         109.052          -2.081          18.848          -8.903          134.721
   26 (vir)   121         238.787           5.364          -1.461         -17.968          260.659
 
 
  kpoint:     122             coordinate:     0.0000    0.2653    0.0000
 
    n           k   ϵ_nk^DFT (eV)     Σ^c_nk (eV)     Σ^x_nk (eV)    v_nk^xc (eV)   ϵ_nk^G0W0 (eV)
 
    1 (occ)   122         -20.080           8.667         -26.809         -16.522          -21.699
    2 (occ)   122          -9.228           4.269         -22.538         -16.774          -10.723
    3 (occ)   122          -7.188           3.367         -18.492         -13.788           -8.525
    4 (occ)   122          -6.902           3.399         -22.373         -17.586           -8.290
    5 (vir)   122           4.331          -3.388          -5.706         -10.885            6.122
    6 (vir)   122           4.805          -3.001          -3.799          -8.540            6.544
    7 (vir)   122           7.662          -3.843          -6.299         -12.507           10.027
    8 (vir)   122           7.819          -4.127          -2.540          -8.560            9.712
    9 (vir)   122          12.737          -5.494          -6.891         -15.481           15.834
   10 (vir)   122          12.805          -5.105          -5.865         -13.322           15.157
   11 (vir)   122          23.394          -7.505          -3.412         -11.727           24.205
   12 (vir)   122          23.813          -7.517          -3.985         -11.655           23.966
   13 (vir)   122          24.790          -9.600          -3.225         -10.187           22.153
   14 (vir)   122          29.524          -8.237          -2.642         -10.016           28.661
   15 (vir)   122          38.069           3.929          -3.417         -12.972           51.553
   16 (vir)   122          39.623         -12.755          -4.270         -15.293           37.891
   17 (vir)   122          40.685         -12.800          -4.019         -14.759           38.625
   18 (vir)   122          48.957          -3.841          -3.462         -13.685           55.339
   19 (vir)   122          49.610          -3.159          -3.194         -13.992           57.249
   20 (vir)   122          52.145           3.558          -3.182         -13.678           66.198
   21 (vir)   122          62.284           3.928          -3.204         -15.810           78.818
   22 (vir)   122          71.418           2.545          -2.557         -15.170           86.576
   23 (vir)   122          75.344           4.486          -3.616         -16.502           92.716
   24 (vir)   122         108.196           1.323          -1.750         -12.616          120.385
   25 (vir)   122         113.807          -5.242          22.450          -8.939          139.954
   26 (vir)   122         238.303           4.619          -1.453         -17.970          259.439
 
 
  kpoint:     123             coordinate:     0.0000    0.2551    0.0000
 
    n           k   ϵ_nk^DFT (eV)     Σ^c_nk (eV)     Σ^x_nk (eV)    v_nk^xc (eV)   ϵ_nk^G0W0 (eV)
 
    1 (occ)   123         -20.170           8.700         -26.812         -16.494          -21.788
    2 (occ)   123          -9.005           4.186         -22.522         -16.845          -10.497
    3 (occ)   123          -7.313           3.417         -18.495         -13.735           -8.656
    4 (occ)   123          -6.818           3.374         -22.369         -17.612           -8.201
    5 (vir)   123           4.387          -3.256          -5.440         -10.455            6.146
    6 (vir)   123           4.654          -2.926          -3.653          -8.289            6.363
    7 (vir)   123           7.631          -3.883          -6.431         -12.713           10.031
    8 (vir)   123           7.849          -4.386          -2.791          -9.068            9.740
    9 (vir)   123          12.430          -5.442          -6.930         -15.425           15.482
   10 (vir)   123          12.617          -5.113          -5.947         -13.422           14.979
   11 (vir)   123          23.617          -7.549          -3.410         -11.732           24.390
   12 (vir)   123          23.978          -7.519          -3.970         -11.663           24.152
   13 (vir)   123          25.089          -9.940          -3.246         -10.569           22.472
   14 (vir)   123          29.848           3.648          -2.515          -9.590           40.570
   15 (vir)   123          38.510           3.813          -3.388         -12.860           51.795
   16 (vir)   123          39.938         -12.768          -4.241         -15.351           38.280
   17 (vir)   123          40.592         -12.726          -4.044         -14.730           38.552
   18 (vir)   123          48.320          -3.820          -3.477         -13.649           54.671
   19 (vir)   123          49.187          -3.137          -3.186         -13.997           56.861
   20 (vir)   123          52.155           3.755          -3.138         -13.600           66.372
   21 (vir)   123          62.676           4.216          -3.243         -15.836           79.485
   22 (vir)   123          71.560           2.608          -2.567         -15.220           86.821
   23 (vir)   123          75.045           2.602          -3.606         -16.502           90.543
   24 (vir)   123         107.298           1.217          -1.711         -12.577          119.381
   25 (vir)   123         118.865          -0.870          23.326          -9.101          150.422
   26 (vir)   123         237.784           4.666          -1.310         -17.972          259.111
 
 
  kpoint:     124             coordinate:     0.0000    0.2449    0.0000
 
    n           k   ϵ_nk^DFT (eV)     Σ^c_nk (eV)     Σ^x_nk (eV)    v_nk^xc (eV)   ϵ_nk^G0W0 (eV)
 
    1 (occ)   124         -20.258           8.736         -26.816         -16.467          -21.871
    2 (occ)   124          -8.782           4.099         -22.507         -16.917          -10.273
    3 (occ)   124          -7.434           3.465         -18.500         -13.685           -8.783
    4 (occ)   124          -6.731           3.348         -22.365         -17.638           -8.110
    5 (vir)   124           4.422          -3.121          -5.164         -10.012            6.149
    6 (vir)   124           4.498          -2.846          -3.520          -8.055            6.187
    7 (vir)   124           7.609          -3.923          -6.544         -12.897           10.038
    8 (vir)   124           7.904          -4.654          -3.052          -9.587            9.784
    9 (vir)   124          12.126          -5.500          -6.968         -15.369           15.027
   10 (vir)   124          12.419          -4.959          -6.010         -13.501           14.951
   11 (vir)   124          23.845          -7.581          -3.409         -11.736           24.591
   12 (vir)   124          24.149          -7.524          -3.954         -11.670           24.340
   13 (vir)   124          25.316          -8.363          -3.137         -10.921           24.737
   14 (vir)   124          30.347           2.646          -2.156          -9.301           40.139
   15 (vir)   124          38.998           4.173          -3.266         -12.685           52.591
   16 (vir)   124          40.243         -11.633          -4.218         -15.407           39.798
   17 (vir)   124          40.491         -12.642          -4.067         -14.694           38.476
   18 (vir)   124          47.686          -2.071          -3.493         -13.613           55.736
   19 (vir)   124          48.760          -1.181          -3.177         -14.002           58.404
   20 (vir)   124          52.150          -0.038          -3.102         -13.524           62.534
   21 (vir)   124          63.075           5.161          -3.278         -15.856           80.814
   22 (vir)   124          71.689           2.930          -2.579         -15.257           87.298
   23 (vir)   124          74.763           2.627          -3.578         -16.502           90.315
   24 (vir)   124         106.307           1.115          -1.574         -12.542          118.391
   25 (vir)   124         124.184          -0.594          21.979          -9.297          154.866
   26 (vir)   124         237.242           5.023          -1.137         -17.973          259.101
 
 
  kpoint:     125             coordinate:     0.0000    0.2347    0.0000
 
    n           k   ϵ_nk^DFT (eV)     Σ^c_nk (eV)     Σ^x_nk (eV)    v_nk^xc (eV)   ϵ_nk^G0W0 (eV)
 
    1 (occ)   125         -20.344           8.778         -26.821         -16.443          -21.944
    2 (occ)   125          -8.558           4.010         -22.492         -16.989          -10.052
    3 (occ)   125          -7.551           3.513         -18.506         -13.638           -8.906
    4 (occ)   125          -6.643           3.323         -22.363         -17.666           -8.017
    5 (vir)   125           4.337          -2.777          -3.397          -7.838            6.002
    6 (vir)   125           4.437          -2.991          -4.889          -9.576            6.134
    7 (vir)   125           7.593          -3.967          -6.642         -13.060           10.044
    8 (vir)   125           7.980          -4.924          -3.310         -10.097            9.842
    9 (vir)   125          11.826          -5.365          -7.005         -15.313           14.769
   10 (vir)   125          12.214          -5.142          -6.066         -13.561           14.566
   11 (vir)   125          24.078          -7.599          -3.408         -11.740           24.810
   12 (vir)   125          24.325          -7.532          -3.937         -11.676           24.532
   13 (vir)   125          25.463          -6.385          -2.997         -11.174           27.255
   14 (vir)   125          31.030           2.384          -1.610          -9.241           41.046
   15 (vir)   125          39.554          -4.473          -2.978         -12.433           44.536
   16 (vir)   125          40.381         -12.548          -4.089         -14.654           38.397
   17 (vir)   125          40.536         -10.784          -4.197         -15.460           41.016
   18 (vir)   125          47.060          -3.594          -3.509         -13.579           53.535
   19 (vir)   125          48.334          -2.882          -3.169         -14.009           56.292
   20 (vir)   125          52.133          -8.145          -3.065         -13.448           54.370
   21 (vir)   125          63.483           4.037          -3.306         -15.873           80.087
   22 (vir)   125          71.809           2.615          -2.593         -15.285           87.117
   23 (vir)   125          74.502           3.005          -3.557         -16.499           90.449
   24 (vir)   125         105.222           1.477          -1.384         -12.513          117.827
   25 (vir)   125         129.714           3.445          19.293          -9.519          161.972
   26 (vir)   125         236.694           5.614          -1.040         -17.975          259.242
 
 
  kpoint:     126             coordinate:     0.0000    0.2245    0.0000
 
    n           k   ϵ_nk^DFT (eV)     Σ^c_nk (eV)     Σ^x_nk (eV)    v_nk^xc (eV)   ϵ_nk^G0W0 (eV)
 
    1 (occ)   126         -20.427           8.827         -26.828         -16.420          -22.007
    2 (occ)   126          -8.335           3.923         -22.478         -17.061           -9.829
    3 (occ)   126          -7.664           3.559         -18.513         -13.595           -9.024
    4 (occ)   126          -6.554           3.297         -22.361         -17.695           -7.923
    5 (vir)   126           4.174          -2.711          -3.282          -7.636            5.816
    6 (vir)   126           4.436          -2.871          -4.625          -9.164            6.104
    7 (vir)   126           7.584          -4.017          -6.727         -13.205           10.045
    8 (vir)   126           8.075          -5.190          -3.555         -10.581            9.910
    9 (vir)   126          11.532          -5.271          -7.040         -15.257           14.479
   10 (vir)   126          12.003          -5.133          -6.129         -13.604           14.344
   11 (vir)   126          24.313          -7.610          -3.408         -11.743           25.038
   12 (vir)   126          24.506          -7.541          -3.920         -11.683           24.729
   13 (vir)   126          25.537          -7.079          -2.898         -11.310           26.869
   14 (vir)   126          31.876          -2.386          -1.169          -9.449           37.769
   15 (vir)   126          40.213         -10.444          -2.494         -12.084           39.359
   16 (vir)   126          40.264         -12.446          -4.110         -14.608           38.316
   17 (vir)   126          40.817          -9.552          -4.174         -15.511           42.602
   18 (vir)   126          46.441          -3.542          -3.527         -13.545           52.917
   19 (vir)   126          47.911          -2.820          -3.161         -14.018           55.949
   20 (vir)   126          52.106           4.149          -3.016         -13.372           66.611
   21 (vir)   126          63.900           3.841          -3.324         -15.887           80.304
   22 (vir)   126          71.921           2.644          -2.607         -15.305           87.262
   23 (vir)   126          74.263           3.485          -3.558         -16.495           90.685
   24 (vir)   126         104.044           2.101          -1.225         -12.489          117.410
   25 (vir)   126         135.391           1.674          17.014          -9.764          163.843
   26 (vir)   126         236.162           5.169          -1.065         -17.975          258.242
 
 
  kpoint:     127             coordinate:     0.0000    0.2143    0.0000
 
    n           k   ϵ_nk^DFT (eV)     Σ^c_nk (eV)     Σ^x_nk (eV)    v_nk^xc (eV)   ϵ_nk^G0W0 (eV)
 
    1 (occ)   127         -20.507           8.876         -26.835         -16.400          -22.066
    2 (occ)   127          -8.114           3.839         -22.464         -17.133           -9.605
    3 (occ)   127          -7.773           3.603         -18.521         -13.554           -9.137
    4 (occ)   127          -6.464           3.270         -22.360         -17.725           -7.828
    5 (vir)   127           4.009          -2.642          -3.176          -7.447            5.637
    6 (vir)   127           4.420          -2.763          -4.380          -8.786            6.063
    7 (vir)   127           7.580          -4.048          -6.802         -13.333           10.062
    8 (vir)   127           8.186          -5.450          -3.781         -11.028            9.982
    9 (vir)   127          11.244          -5.194          -7.072         -15.203           14.180
   10 (vir)   127          11.790          -5.095          -6.204         -13.632           14.124
   11 (vir)   127          24.551          -7.621          -3.408         -11.746           25.268
   12 (vir)   127          24.693          -7.551          -3.902         -11.690           24.929
   13 (vir)   127          25.554          -6.794          -2.860         -11.350           27.250
   14 (vir)   127          32.839          -1.407          -1.249          -9.919           40.102
   15 (vir)   127          40.141         -12.336          -4.129         -14.557           38.232
   16 (vir)   127          41.022          -4.514          -1.922         -11.635           46.221
   17 (vir)   127          41.086          -8.285          -4.146         -15.558           44.213
   18 (vir)   127          45.831          -3.034          -3.544         -13.513           52.765
   19 (vir)   127          47.495          -2.248          -3.154         -14.031           56.125
   20 (vir)   127          52.072           4.801          -2.954         -13.298           67.216
   21 (vir)   127          64.326           3.813          -3.331         -15.901           80.709
   22 (vir)   127          72.027           2.715          -2.623         -15.316           87.435
   23 (vir)   127          74.050           3.926          -3.578         -16.486           90.885
   24 (vir)   127         102.774           3.202          -1.176         -12.473          117.272
   25 (vir)   127         141.139           1.011          16.763         -10.024          168.937
   26 (vir)   127         235.673           4.150          -1.184         -17.976          256.614
 
 
  kpoint:     128             coordinate:     0.0000    0.2041    0.0000
 
    n           k   ϵ_nk^DFT (eV)     Σ^c_nk (eV)     Σ^x_nk (eV)    v_nk^xc (eV)   ϵ_nk^G0W0 (eV)
 
    1 (occ)   128         -20.585           8.915         -26.843         -16.381          -22.132
    2 (occ)   128          -7.894           3.760         -22.451         -17.206           -9.380
    3 (occ)   128          -7.878           3.646         -18.529         -13.515           -9.245
    4 (occ)   128          -6.374           3.244         -22.360         -17.757           -7.733
    5 (vir)   128           3.843          -2.585          -3.083          -7.270            5.445
    6 (vir)   128           4.393          -2.669          -4.158          -8.447            6.013
    7 (vir)   128           7.580          -4.075          -6.871         -13.448           10.082
    8 (vir)   128           8.308          -5.717          -3.984         -11.435           10.042
    9 (vir)   128          10.963          -5.133          -7.103         -15.148           13.875
   10 (vir)   128          11.577          -5.054          -6.289         -13.649           13.884
   11 (vir)   128          24.790          -7.638          -3.409         -11.748           25.491
   12 (vir)   128          24.883          -7.564          -3.883         -11.696           25.132
   13 (vir)   128          25.531          -6.688          -2.866         -11.327           27.305
   14 (vir)   128          33.855          -2.737          -2.059         -10.599           39.658
   15 (vir)   128          40.013         -12.221          -4.146         -14.500           38.146
   16 (vir)   128          41.340          -9.218          -4.116         -15.606           43.612
   17 (vir)   128          42.046          -2.990          -1.611         -11.105           48.550
   18 (vir)   128          45.233          -3.136          -3.563         -13.481           52.015
   19 (vir)   128          47.087          -2.356          -3.148         -14.049           55.632
   20 (vir)   128          52.033           5.418          -2.892         -13.223           67.781
   21 (vir)   128          64.760           3.942          -3.329         -15.917           81.290
   22 (vir)   128          72.128           2.850          -2.639         -15.320           87.658
   23 (vir)   128          73.864           3.668          -3.600         -16.474           90.406
   24 (vir)   128         101.415           3.553          -1.282         -12.463          116.149
   25 (vir)   128         146.874          -0.437          18.920         -10.295          175.653
   26 (vir)   128         235.256           3.337          -1.339         -17.976          255.230
 
 
  kpoint:     129             coordinate:     0.0000    0.1939    0.0000
 
    n           k   ϵ_nk^DFT (eV)     Σ^c_nk (eV)     Σ^x_nk (eV)    v_nk^xc (eV)   ϵ_nk^G0W0 (eV)
 
    1 (occ)   129         -20.659           8.935         -26.853         -16.364          -22.213
    2 (occ)   129          -7.978           3.687         -18.538         -13.479           -9.349
    3 (occ)   129          -7.677           3.685         -22.440         -17.278           -9.154
    4 (occ)   129          -6.283           3.218         -22.361         -17.788           -7.637
    5 (vir)   129           3.680          -2.540          -3.006          -7.107            5.242
    6 (vir)   129           4.356          -2.588          -3.960          -8.149            5.957
    7 (vir)   129           7.585          -4.106          -6.932         -13.550           10.097
    8 (vir)   129           8.440          -6.023          -4.162         -11.799           10.053
    9 (vir)   129          10.689          -5.095          -7.131         -15.094           13.556
   10 (vir)   129          11.368          -5.025          -6.374         -13.654           13.623
   11 (vir)   129          25.030          -7.661          -3.410         -11.750           25.709
   12 (vir)   129          25.078          -7.580          -3.864         -11.702           25.336
   13 (vir)   129          25.482          -6.644          -2.891         -11.266           27.214
   14 (vir)   129          34.849          -6.503          -3.322         -11.385           36.409
   15 (vir)   129          39.880         -12.099          -4.160         -14.438           38.060
   16 (vir)   129          41.581         -10.491          -4.085         -15.650           42.654
   17 (vir)   129          43.358          -5.218          -2.118         -10.587           46.609
   18 (vir)   129          44.647         -12.746          -3.582         -13.452           41.770
   19 (vir)   129          46.690          -4.193          -3.143         -14.071           53.425
   20 (vir)   129          51.992         -10.533          -2.860         -13.145           51.744
   21 (vir)   129          65.201           5.946          -3.320         -15.934           83.761
   22 (vir)   129          72.227           3.326          -2.655         -15.317           88.216
   23 (vir)   129          73.709           3.731          -3.614         -16.456           90.282
   24 (vir)   129          99.973           2.741          -1.516         -12.462          113.661
   25 (vir)   129         152.505          -0.270          22.042         -10.571          184.847
   26 (vir)   129         234.945           2.844          -1.485         -17.976          254.279
 
 
  kpoint:     130             coordinate:     0.0000    0.1837    0.0000
 
    n           k   ϵ_nk^DFT (eV)     Σ^c_nk (eV)     Σ^x_nk (eV)    v_nk^xc (eV)   ϵ_nk^G0W0 (eV)
 
    1 (occ)   130         -20.731           8.920         -26.863         -16.349          -22.325
    2 (occ)   130          -8.073           3.726         -18.547         -13.446           -9.447
    3 (occ)   130          -7.464           3.613         -22.430         -17.351           -8.929
    4 (occ)   130          -6.193           3.193         -22.363         -17.821           -7.542
    5 (vir)   130           3.521          -2.507          -2.943          -6.958            5.029
    6 (vir)   130           4.313          -2.519          -3.785          -7.889            5.898
    7 (vir)   130           7.592          -4.172          -6.985         -13.643           10.078
    8 (vir)   130           8.577          -5.951          -4.316         -12.122           10.432
    9 (vir)   130          10.423          -5.078          -7.158         -15.041           13.228
   10 (vir)   130          11.163          -4.980          -6.447         -13.650           13.387
   11 (vir)   130          25.269          -7.676          -3.413         -11.750           25.930
   12 (vir)   130          25.277          -7.600          -3.841         -11.707           25.543
   13 (vir)   130          25.417          -6.652          -2.914         -11.183           27.034
   14 (vir)   130          35.758          -7.456          -4.415         -12.132           36.020
   15 (vir)   130          39.744         -11.973          -4.171         -14.372           37.972
   16 (vir)   130          41.807         -11.171          -4.059         -15.690           42.267
   17 (vir)   130          44.074         -12.487          -3.602         -13.423           41.408
   18 (vir)   130          45.007          -4.635          -3.767         -10.214           46.818
   19 (vir)   130          46.305          -3.610          -3.140         -14.098           53.652
   20 (vir)   130          51.955           5.168          -2.904         -13.056           67.276
   21 (vir)   130          65.647           3.353          -3.312         -15.954           81.642
   22 (vir)   130          72.325           2.556          -2.667         -15.308           87.522
   23 (vir)   130          73.586           2.867          -3.619         -16.432           89.266
   24 (vir)   130          98.457           2.064          -1.786         -12.469          111.203
   25 (vir)   130         157.941          -0.172          23.247         -10.845          191.860
   26 (vir)   130         234.769           2.500          -1.626         -17.976          253.618
 
 
  kpoint:     131             coordinate:     0.0000    0.1735    0.0000
 
    n           k   ϵ_nk^DFT (eV)     Σ^c_nk (eV)     Σ^x_nk (eV)    v_nk^xc (eV)   ϵ_nk^G0W0 (eV)
 
    1 (occ)   131         -20.799           8.843         -26.874         -16.335          -22.496
    2 (occ)   131          -8.164           3.764         -18.556         -13.415           -9.541
    3 (occ)   131          -7.254           3.544         -22.422         -17.424           -8.708
    4 (occ)   131          -6.103           3.168         -22.366         -17.855           -7.447
    5 (vir)   131           3.369          -2.403          -2.891          -6.825            4.899
    6 (vir)   131           4.266          -2.461          -3.633          -7.663            5.836
    7 (vir)   131           7.603          -4.072          -7.030         -13.727           10.229
    8 (vir)   131           8.718          -6.106          -4.449         -12.409           10.571
    9 (vir)   131          10.166          -4.944          -7.182         -14.989           13.028
   10 (vir)   131          10.966          -5.131          -6.496         -13.637           12.977
   11 (vir)   131          25.343          -6.712          -2.920         -11.089           26.800
   12 (vir)   131          25.478          -7.614          -3.823         -11.712           25.753
   13 (vir)   131          25.507          -7.694          -3.413         -11.750           26.151
   14 (vir)   131          36.554           3.454          -4.877         -12.731           47.862
   15 (vir)   131          39.606         -11.845          -4.178         -14.300           37.883
   16 (vir)   131          42.018         -12.720          -4.040         -15.728           40.985
   17 (vir)   131          43.515         -12.242          -3.623         -13.397           41.048
   18 (vir)   131          45.933          -3.040          -3.140         -14.130           53.883
   19 (vir)   131          46.996           1.779          -6.014         -10.104           52.866
   20 (vir)   131          51.940           3.333          -3.104         -12.933           65.102
   21 (vir)   131          66.096           3.504          -3.313         -15.978           82.264
   22 (vir)   131          72.424           2.527          -2.676         -15.292           87.567
   23 (vir)   131          73.498           2.237          -3.633         -16.400           88.503
   24 (vir)   131          96.878           1.442          -1.969         -12.483          108.833
   25 (vir)   131         163.093          -0.191          19.552         -11.112          193.565
   26 (vir)   131         234.750           2.202          -1.781         -17.978          253.148
 
 
  kpoint:     132             coordinate:     0.0000    0.1633    0.0000
 
    n           k   ϵ_nk^DFT (eV)     Σ^c_nk (eV)     Σ^x_nk (eV)    v_nk^xc (eV)   ϵ_nk^G0W0 (eV)
 
    1 (occ)   132         -20.863           8.421         -26.886         -16.323          -23.005
    2 (occ)   132          -8.250           3.799         -18.565         -13.386           -9.629
    3 (occ)   132          -7.050           3.477         -22.416         -17.497           -8.491
    4 (occ)   132          -6.014           3.143         -22.371         -17.888           -7.354
    5 (vir)   132           3.225          -2.420          -2.842          -6.709            4.672
    6 (vir)   132           4.216          -2.411          -3.500          -7.469            5.773
    7 (vir)   132           7.617          -4.090          -7.067         -13.804           10.264
    8 (vir)   132           8.859          -6.268          -4.562         -12.662           10.692
    9 (vir)   132           9.918          -4.899          -7.205         -14.937           12.751
   10 (vir)   132          10.779          -5.219          -6.516         -13.617           12.660
   11 (vir)   132          25.264          -7.593          -2.900         -10.990           25.760
   12 (vir)   132          25.682          -7.644          -3.802         -11.716           25.953
   13 (vir)   132          25.743          -7.690          -3.415         -11.750           26.387
   14 (vir)   132          37.242           2.523          -4.695         -13.154           48.225
   15 (vir)   132          39.465         -11.716          -4.181         -14.225           37.793
   16 (vir)   132          42.214          -3.370          -4.031         -15.763           50.577
   17 (vir)   132          42.973         -12.014          -3.644         -13.372           40.687
   18 (vir)   132          45.577          -2.824          -3.143         -14.168           53.778
   19 (vir)   132          49.232           0.421          -7.128         -10.411           52.936
   20 (vir)   132          52.020           1.670          -3.802         -12.632           62.521
   21 (vir)   132          66.543           3.344          -3.329         -16.007           82.564
   22 (vir)   132          72.525           2.455          -2.684         -15.269           87.566
   23 (vir)   132          73.446           1.961          -3.674         -16.359           88.093
   24 (vir)   132          95.248           1.195          -1.966         -12.505          106.983
   25 (vir)   132         167.884           0.093           9.566         -11.368          188.911
   26 (vir)   132         234.895           1.912          -1.921         -17.981          252.867
 
 
  kpoint:     133             coordinate:     0.0000    0.1531    0.0000
 
    n           k   ϵ_nk^DFT (eV)     Σ^c_nk (eV)     Σ^x_nk (eV)    v_nk^xc (eV)   ϵ_nk^G0W0 (eV)
 
    1 (occ)   133         -20.924           8.800         -26.895         -16.311          -22.708
    2 (occ)   133          -8.331           3.833         -18.573         -13.359           -9.712
    3 (occ)   133          -6.851           3.413         -22.411         -17.569           -8.280
    4 (occ)   133          -5.927           3.119         -22.376         -17.923           -7.262
    5 (vir)   133           3.093          -2.382          -2.787          -6.614            4.538
    6 (vir)   133           4.164          -2.370          -3.385          -7.301            5.710
    7 (vir)   133           7.632          -4.118          -7.098         -13.875           10.291
    8 (vir)   133           9.000          -6.426          -4.657         -12.886           10.803
    9 (vir)   133           9.681          -4.817          -7.225         -14.886           12.525
   10 (vir)   133          10.602          -5.206          -6.508         -13.589           12.477
   11 (vir)   133          25.184          -7.696          -2.851         -10.889           25.526
   12 (vir)   133          25.888          -7.674          -3.780         -11.720           26.154
   13 (vir)   133          25.974          -7.674          -3.418         -11.748           26.630
   14 (vir)   133          37.846           2.386          -4.128         -13.436           49.540
   15 (vir)   133          39.324         -11.587          -4.181         -14.145           37.701
   16 (vir)   133          42.396         -12.138          -4.028         -15.796           42.026
   17 (vir)   133          42.448         -11.806          -3.666         -13.349           40.325
   18 (vir)   133          45.238          -3.215          -3.149         -14.211           53.084
   19 (vir)   133          51.027           0.641          -3.969         -12.043           59.742
   20 (vir)   133          52.848          -0.007          -6.499         -11.193           57.535
   21 (vir)   133          66.986           5.448          -3.364         -16.041           85.110
   22 (vir)   133          72.631           2.597          -2.693         -15.240           87.774
   23 (vir)   133          73.433           1.778          -3.734         -16.305           87.783
   24 (vir)   133          93.586           1.151          -1.747         -12.533          105.524
   25 (vir)   133         172.250           1.394          -5.339         -11.607          179.912
   26 (vir)   133         235.189           1.772          -1.921         -17.988          253.029
 
 
  kpoint:     134             coordinate:     0.0000    0.1429    0.0000
 
    n           k   ϵ_nk^DFT (eV)     Σ^c_nk (eV)     Σ^x_nk (eV)    v_nk^xc (eV)   ϵ_nk^G0W0 (eV)
 
    1 (occ)   134         -20.981           8.784         -26.904         -16.300          -22.800
    2 (occ)   134          -8.407           3.864         -18.582         -13.334           -9.790
    3 (occ)   134          -6.659           3.352         -22.409         -17.640           -8.075
    4 (occ)   134          -5.842           3.096         -22.383         -17.957           -7.172
    5 (vir)   134           2.973          -2.335          -2.724          -6.539            4.453
    6 (vir)   134           4.112          -2.335          -3.285          -7.157            5.649
    7 (vir)   134           7.648          -4.126          -7.125         -13.942           10.340
    8 (vir)   134           9.139          -6.573          -4.738         -13.085           10.912
    9 (vir)   134           9.454          -4.740          -7.243         -14.837           12.307
   10 (vir)   134          10.436          -5.030          -6.479         -13.556           12.482
   11 (vir)   134          25.106          -6.836          -2.780         -10.790           26.279
   12 (vir)   134          26.094          -7.705          -3.757         -11.722           26.355
   13 (vir)   134          26.201          -7.656          -3.422         -11.746           26.869
   14 (vir)   134          38.394           3.354          -3.473         -13.625           51.901
   15 (vir)   134          39.183         -11.461          -4.177         -14.063           37.609
   16 (vir)   134          41.942         -11.620          -3.688         -13.328           39.961
   17 (vir)   134          42.563         -10.659          -4.027         -15.826           43.702
   18 (vir)   134          44.915          -2.744          -3.159         -14.258           53.271
   19 (vir)   134          51.398           4.929          -2.779         -12.694           66.242
   20 (vir)   134          55.374           3.657          -3.976         -10.856           65.911
   21 (vir)   134          67.419           2.810          -3.410         -16.080           82.899
   22 (vir)   134          72.743           2.381          -2.702         -15.204           87.626
   23 (vir)   134          73.466           1.697          -3.735         -16.230           87.658
   24 (vir)   134          91.912           1.634          -1.371         -12.567          104.742
   25 (vir)   134         176.146          -0.036         -21.074         -11.827          166.863
   26 (vir)   134         235.597           2.465          -1.605         -17.998          254.456
 
 
  kpoint:     135             coordinate:     0.0000    0.1327    0.0000
 
    n           k   ϵ_nk^DFT (eV)     Σ^c_nk (eV)     Σ^x_nk (eV)    v_nk^xc (eV)   ϵ_nk^G0W0 (eV)
 
    1 (occ)   135         -21.034           9.079         -26.910         -16.290          -22.575
    2 (occ)   135          -8.478           3.894         -18.590         -13.311           -9.863
    3 (occ)   135          -6.474           3.295         -22.409         -17.710           -7.878
    4 (occ)   135          -5.760           3.074         -22.391         -17.991           -7.085
    5 (vir)   135           2.868          -2.330          -2.661          -6.487            4.364
    6 (vir)   135           4.061          -2.306          -3.198          -7.032            5.590
    7 (vir)   135           7.666          -4.227          -7.150         -14.004           10.293
    8 (vir)   135           9.240          -4.668          -7.259         -14.788           12.101
    9 (vir)   135           9.273          -6.709          -4.806         -13.260           11.018
   10 (vir)   135          10.283          -4.793          -6.439         -13.517           12.569
   11 (vir)   135          25.033          -5.840          -2.702         -10.693           27.184
   12 (vir)   135          26.299          -7.735          -3.734         -11.724           26.555
   13 (vir)   135          26.422          -7.642          -3.426         -11.742           27.095
   14 (vir)   135          38.908         -10.278          -2.946         -13.764           39.448
   15 (vir)   135          39.043         -11.339          -4.169         -13.978           37.515
   16 (vir)   135          41.456         -11.457          -3.712         -13.309           39.596
   17 (vir)   135          42.716           5.062          -4.023         -15.853           59.608
   18 (vir)   135          44.612          -4.219          -3.171         -14.309           51.531
   19 (vir)   135          51.441          -8.874          -2.705         -12.641           52.503
   20 (vir)   135          58.489           0.484           2.528         -11.304           72.805
   21 (vir)   135          67.837           2.644          -3.453         -16.125           83.153
   22 (vir)   135          72.864           2.416          -2.704         -15.162           87.739
   23 (vir)   135          73.566           2.426          -3.476         -16.111           88.627
   24 (vir)   135          90.251          -7.301          -0.938         -12.601           94.613
   25 (vir)   135         179.547          -0.040         -32.206         -12.025          159.325
   26 (vir)   135         236.064          -2.296          -0.872         -18.009          250.905
 
 
  kpoint:     136             coordinate:     0.0000    0.1224    0.0000
 
    n           k   ϵ_nk^DFT (eV)     Σ^c_nk (eV)     Σ^x_nk (eV)    v_nk^xc (eV)   ϵ_nk^G0W0 (eV)
 
    1 (occ)   136         -21.082           9.203         -26.914         -16.279          -22.514
    2 (occ)   136          -8.544           3.921         -18.598         -13.290           -9.930
    3 (occ)   136          -6.297           3.241         -22.410         -17.778           -7.688
    4 (occ)   136          -5.680           3.053         -22.399         -18.025           -7.001
    5 (vir)   136           2.778          -2.285          -2.612          -6.456            4.337
    6 (vir)   136           4.012          -2.281          -3.123          -6.925            5.533
    7 (vir)   136           7.683          -4.207          -7.175         -14.063           10.364
    8 (vir)   136           9.037          -4.607          -7.271         -14.742           11.901
    9 (vir)   136           9.402          -6.835          -4.864         -13.416           11.119
   10 (vir)   136          10.143          -4.665          -6.398         -13.475           12.555
   11 (vir)   136          24.965          -6.277          -2.634         -10.599           26.653
   12 (vir)   136          26.503          -7.762          -3.710         -11.725           26.756
   13 (vir)   136          26.635          -7.638          -3.431         -11.739           27.304
   14 (vir)   136          38.906         -11.224          -4.157         -13.893           37.417
   15 (vir)   136          39.406          -8.024          -2.664         -13.883           42.601
   16 (vir)   136          40.991         -11.312          -3.735         -13.292           39.236
   17 (vir)   136          42.855           5.216          -4.010         -15.878           59.937
   18 (vir)   136          44.327          -3.219          -3.186         -14.364           52.286
   19 (vir)   136          51.447           4.776          -2.597         -12.500           66.125
   20 (vir)   136          61.883          -0.248           9.735         -11.938           83.307
   21 (vir)   136          68.235           2.589          -3.471         -16.173           83.526
   22 (vir)   136          72.995           2.517          -2.688         -15.115           87.939
   23 (vir)   136          73.791          -2.092          -2.498         -15.889           85.090
   24 (vir)   136          88.640          -1.395          -0.527         -12.631           99.349
   25 (vir)   136         182.448           0.064         -34.092         -12.199          160.619
   26 (vir)   136         236.521          -1.021           0.149         -18.021          253.670
 
 
  kpoint:     137             coordinate:     0.0000    0.1122    0.0000
 
    n           k   ϵ_nk^DFT (eV)     Σ^c_nk (eV)     Σ^x_nk (eV)    v_nk^xc (eV)   ϵ_nk^G0W0 (eV)
 
    1 (occ)   137         -21.126           9.253         -26.918         -16.269          -22.522
    2 (occ)   137          -8.604           3.947         -18.606         -13.271           -9.992
    3 (occ)   137          -6.130           3.191         -22.414         -17.844           -7.508
    4 (occ)   137          -5.605           3.033         -22.408         -18.058           -6.922
    5 (vir)   137           2.703          -2.296          -2.593          -6.446            4.260
    6 (vir)   137           3.964          -2.260          -3.059          -6.833            5.479
    7 (vir)   137           7.701          -4.207          -7.199         -14.118           10.413
    8 (vir)   137           8.848          -4.554          -7.282         -14.697           11.708
    9 (vir)   137           9.524          -6.952          -4.912         -13.554           11.214
   10 (vir)   137          10.016          -4.630          -6.369         -13.431           12.448
   11 (vir)   137          24.905          -6.355          -2.592         -10.510           26.469
   12 (vir)   137          26.704          -7.787          -3.686         -11.725           26.957
   13 (vir)   137          26.839          -7.640          -3.437         -11.734           27.496
   14 (vir)   137          38.772         -11.121          -4.142         -13.807           37.316
   15 (vir)   137          39.897          -8.871          -2.658         -14.005           42.373
   16 (vir)   137          40.550         -11.176          -3.760         -13.277           38.892
   17 (vir)   137          42.980           5.439          -3.988         -15.900           60.330
   18 (vir)   137          44.063          -2.824          -3.203         -14.420           52.456
   19 (vir)   137          51.459           5.208          -2.447         -12.310           66.529
   20 (vir)   137          65.393          -0.001          13.521         -12.870           91.783
   21 (vir)   137          68.607           2.677          -3.449         -16.225           84.060
   22 (vir)   137          73.138           2.665          -2.649         -15.066           88.219
   23 (vir)   137          74.323          -0.518           0.329         -15.394           89.528
   24 (vir)   137          87.150          -1.135          -0.077         -12.635           98.573
   25 (vir)   137         184.865           5.483         -24.796         -12.350          177.901
   26 (vir)   137         236.901          -1.570           1.045         -18.030          254.406
 
 
  kpoint:     138             coordinate:     0.0000    0.1020    0.0000
 
    n           k   ϵ_nk^DFT (eV)     Σ^c_nk (eV)     Σ^x_nk (eV)    v_nk^xc (eV)   ϵ_nk^G0W0 (eV)
 
    1 (occ)   138         -21.166           9.262         -26.922         -16.259          -22.567
    2 (occ)   138          -8.660           3.970         -18.613         -13.254          -10.049
    3 (occ)   138          -5.973           3.145         -22.419         -17.908           -7.338
    4 (occ)   138          -5.533           3.015         -22.418         -18.090           -6.846
    5 (vir)   138           2.642          -2.319          -2.613          -6.454            4.163
    6 (vir)   138           3.920          -2.242          -3.002          -6.754            5.429
    7 (vir)   138           7.717          -4.219          -7.222         -14.170           10.445
    8 (vir)   138           8.672          -4.510          -7.290         -14.654           11.526
    9 (vir)   138           9.639          -7.060          -4.952         -13.675           11.302
   10 (vir)   138           9.902          -4.650          -6.360         -13.386           12.278
   11 (vir)   138          24.854          -6.364          -2.581         -10.426           26.335
   12 (vir)   138          26.900          -7.807          -3.661         -11.724           27.156
   13 (vir)   138          27.032          -7.647          -3.443         -11.729           27.671
   14 (vir)   138          38.642         -11.031          -4.124         -13.723           37.211
   15 (vir)   138          40.133         -11.040          -3.784         -13.265           38.575
   16 (vir)   138          40.385          -9.796          -2.877         -14.143           41.855
   17 (vir)   138          43.092           5.681          -3.958         -15.919           60.734
   18 (vir)   138          43.820          -3.039          -3.223         -14.478           52.036
   19 (vir)   138          51.492           5.182          -2.321         -12.074           66.427
   20 (vir)   138          68.493          -1.236           8.783         -14.399           90.439
   21 (vir)   138          68.948           2.917          -3.382         -16.277           84.759
   22 (vir)   138          73.293           2.842          -2.585         -15.015           88.565
   23 (vir)   138          75.674          -1.137           6.301         -14.368           95.205
   24 (vir)   138          85.974          -1.806           0.867         -12.551           97.586
   25 (vir)   138         186.828          -1.327          -5.928         -12.478          192.052
   26 (vir)   138         237.140           4.083           1.216         -18.032          260.471
 
 
  kpoint:     139             coordinate:     0.0000    0.0918    0.0000
 
    n           k   ϵ_nk^DFT (eV)     Σ^c_nk (eV)     Σ^x_nk (eV)    v_nk^xc (eV)   ϵ_nk^G0W0 (eV)
 
    1 (occ)   139         -21.201           9.217         -26.927         -16.248          -22.663
    2 (occ)   139          -8.711           3.991         -18.619         -13.239          -10.100
    3 (occ)   139          -5.827           3.104         -22.426         -17.969           -7.180
    4 (occ)   139          -5.466           2.998         -22.428         -18.120           -6.776
    5 (vir)   139           2.593          -2.341          -2.670          -6.478            4.060
    6 (vir)   139           3.878          -2.227          -2.954          -6.686            5.383
    7 (vir)   139           7.733          -4.239          -7.244         -14.217           10.467
    8 (vir)   139           8.510          -4.471          -7.296         -14.614           11.357
    9 (vir)   139           9.746          -7.158          -4.986         -13.782           11.384
   10 (vir)   139           9.801          -4.697          -6.373         -13.342           12.073
   11 (vir)   139          24.811          -6.354          -2.594         -10.349           26.213
   12 (vir)   139          27.089          -7.823          -3.637         -11.722           27.351
   13 (vir)   139          27.214          -7.655          -3.449         -11.724           27.833
   14 (vir)   139          38.519         -10.953          -4.103         -13.642           37.105
   15 (vir)   139          39.745         -10.899          -3.809         -13.255           38.293
   16 (vir)   139          40.870           5.713          -3.218         -14.308           57.673
   17 (vir)   139          43.192           5.968          -3.925         -15.937           61.171
   18 (vir)   139          43.599          -1.550          -3.244         -14.535           53.340
   19 (vir)   139          51.554           5.089          -2.266         -11.788           66.165
   20 (vir)   139          69.254           3.331          -3.265         -16.327           85.647
   21 (vir)   139          70.303           3.802           0.165         -15.832           90.102
   22 (vir)   139          73.458           3.024          -2.502         -14.968           88.947
   23 (vir)   139          78.158           2.042           6.704         -13.667          100.571
   24 (vir)   139          85.925           2.270           3.558         -12.214          103.967
   25 (vir)   139         188.381          -1.143          17.961         -12.585          217.784
   26 (vir)   139         237.178           2.011           0.117         -18.023          257.329
 
 
  kpoint:     140             coordinate:     0.0000    0.0816    0.0000
 
    n           k   ϵ_nk^DFT (eV)     Σ^c_nk (eV)     Σ^x_nk (eV)    v_nk^xc (eV)   ϵ_nk^G0W0 (eV)
 
    1 (occ)   140         -21.233           9.105         -26.931         -16.238          -22.820
    2 (occ)   140          -8.756           4.010         -18.625         -13.225          -10.146
    3 (occ)   140          -5.693           3.066         -22.435         -18.026           -7.035
    4 (occ)   140          -5.404           2.983         -22.438         -18.149           -6.711
    5 (vir)   140           2.557          -2.356          -2.746          -6.514            3.969
    6 (vir)   140           3.840          -2.214          -2.913          -6.628            5.341
    7 (vir)   140           7.747          -4.269          -7.262         -14.261           10.477
    8 (vir)   140           8.364          -4.437          -7.301         -14.576           11.202
    9 (vir)   140           9.712          -4.727          -6.405         -13.301           11.881
   10 (vir)   140           9.843          -7.246          -5.014         -13.876           11.459
   11 (vir)   140          24.778          -6.420          -2.608         -10.277           26.028
   12 (vir)   140          27.269          -7.834          -3.613         -11.719           27.541
   13 (vir)   140          27.382          -7.666          -3.456         -11.718           27.978
   14 (vir)   140          38.403         -10.877          -4.080         -13.565           37.011
   15 (vir)   140          39.386         -10.754          -3.833         -13.247           38.046
   16 (vir)   140          41.346           1.386          -3.555         -14.502           53.679
   17 (vir)   140          43.279           6.329          -3.894         -15.952           61.667
   18 (vir)   140          43.399          -1.936          -3.266         -14.590           52.788
   19 (vir)   140          51.648           4.980          -2.276         -11.451           65.804
   20 (vir)   140          69.523           3.808          -3.137         -16.371           86.564
   21 (vir)   140          70.999           2.052          -3.474         -16.371           85.949
   22 (vir)   140          73.631           3.169          -2.414         -14.925           89.311
   23 (vir)   140          79.452           1.012          -0.760         -13.759           93.462
   24 (vir)   140          89.453           2.326           0.539         -11.960          104.278
   25 (vir)   140         189.574          -1.117          41.065         -12.672          242.193
   26 (vir)   140         236.959           1.170          -2.432         -17.996          253.693
 
 
  kpoint:     141             coordinate:     0.0000    0.0714    0.0000
 
    n           k   ϵ_nk^DFT (eV)     Σ^c_nk (eV)     Σ^x_nk (eV)    v_nk^xc (eV)   ϵ_nk^G0W0 (eV)
 
    1 (occ)   141         -21.260           8.882         -26.934         -16.229          -23.083
    2 (occ)   141          -8.796           4.026         -18.630         -13.213          -10.187
    3 (occ)   141          -5.572           3.033         -22.444         -18.079           -6.904
    4 (occ)   141          -5.349           2.969         -22.448         -18.175           -6.653
    5 (vir)   141           2.530          -2.323          -2.817          -6.559            3.949
    6 (vir)   141           3.806          -2.204          -2.878          -6.579            5.303
    7 (vir)   141           7.759          -4.270          -7.276         -14.299           10.512
    8 (vir)   141           8.233          -4.407          -7.305         -14.542           11.063
    9 (vir)   141           9.636          -4.720          -6.444         -13.263           11.735
   10 (vir)   141           9.931          -7.325          -5.037         -13.957           11.526
   11 (vir)   141          24.753          -6.494          -2.602         -10.213           25.870
   12 (vir)   141          27.438          -7.841          -3.589         -11.715           27.722
   13 (vir)   141          27.534          -7.679          -3.463         -11.713           28.106
   14 (vir)   141          38.296         -10.788          -4.057         -13.493           36.945
   15 (vir)   141          39.059         -10.611          -3.856         -13.242           37.833
   16 (vir)   141          41.803           5.328          -3.792         -14.726           58.065
   17 (vir)   141          43.223          -2.000          -3.288         -14.643           52.577
   18 (vir)   141          43.355           6.742          -3.869         -15.965           62.194
   19 (vir)   141          51.774           3.612          -2.292         -11.068           64.162
   20 (vir)   141          69.753           4.157          -3.019         -16.409           87.300
   21 (vir)   141          71.222           1.419          -4.409         -16.528           84.760
   22 (vir)   141          73.808           3.221          -2.334         -14.889           89.583
   23 (vir)   141          78.942           1.203          -2.941         -13.803           91.005
   24 (vir)   141          96.888           0.754         -16.737         -12.131           93.036
   25 (vir)   141         190.464          -1.112          58.329         -12.741          260.423
   26 (vir)   141         236.415           0.809          -5.966         -17.948          249.205
 
 
  kpoint:     142             coordinate:     0.0000    0.0612    0.0000
 
    n           k   ϵ_nk^DFT (eV)     Σ^c_nk (eV)     Σ^x_nk (eV)    v_nk^xc (eV)   ϵ_nk^G0W0 (eV)
 
    1 (occ)   142         -21.283           8.970         -26.935         -16.219          -23.028
    2 (occ)   142          -8.831           4.041         -18.635         -13.202          -10.222
    3 (occ)   142          -5.465           3.004         -22.453         -18.127           -6.787
    4 (occ)   142          -5.299           2.957         -22.458         -18.199           -6.601
    5 (vir)   142           2.512          -2.353          -2.865          -6.609            3.902
    6 (vir)   142           3.776          -2.195          -2.849          -6.538            5.270
    7 (vir)   142           7.769          -4.274          -7.287         -14.333           10.541
    8 (vir)   142           8.118          -4.382          -7.307         -14.512           10.940
    9 (vir)   142           9.571          -4.751          -6.474         -13.229           11.575
   10 (vir)   142          10.008          -7.394          -5.055         -14.026           11.584
   11 (vir)   142          24.736          -6.411          -2.569         -10.156           25.912
   12 (vir)   142          27.592          -7.843          -3.567         -11.711           27.892
   13 (vir)   142          27.671          -7.695          -3.470         -11.708           28.214
   14 (vir)   142          38.200         -10.671          -4.033         -13.428           36.924
   15 (vir)   142          38.767         -10.478          -3.879         -13.238           37.648
   16 (vir)   142          42.232           5.520          -3.894         -14.971           58.829
   17 (vir)   142          43.069          -2.965          -3.310         -14.692           51.486
   18 (vir)   142          43.420         -11.340          -3.853         -15.977           44.203
   19 (vir)   142          51.928           3.471          -2.247         -10.647           63.800
   20 (vir)   142          69.945           4.142          -2.935         -16.439           87.591
   21 (vir)   142          71.244           1.531          -4.512         -16.576           84.838
   22 (vir)   142          73.982           3.134          -2.278         -14.860           89.698
   23 (vir)   142          77.970           1.749          -3.370         -13.910           90.260
   24 (vir)   142         106.978          -0.033         -36.495         -12.356           82.805
   25 (vir)   142         191.105          -1.138          66.945         -12.795          269.707
   26 (vir)   142         235.450           0.534          -9.198         -17.871          244.658
 
 
  kpoint:     143             coordinate:     0.0000    0.0510    0.0000
 
    n           k   ϵ_nk^DFT (eV)     Σ^c_nk (eV)     Σ^x_nk (eV)    v_nk^xc (eV)   ϵ_nk^G0W0 (eV)
 
    1 (occ)   143         -21.302           9.005         -26.933         -16.211          -23.019
    2 (occ)   143          -8.860           4.053         -18.639         -13.193          -10.252
    3 (occ)   143          -5.373           2.979         -22.463         -18.169           -6.687
    4 (occ)   143          -5.256           2.947         -22.466         -18.220           -6.556
    5 (vir)   143           2.500          -2.356          -2.887          -6.661            3.918
    6 (vir)   143           3.751          -2.188          -2.825          -6.504            5.242
    7 (vir)   143           7.778          -4.283          -7.295         -14.361           10.561
    8 (vir)   143           8.020          -4.360          -7.309         -14.485           10.835
    9 (vir)   143           9.518          -4.684          -6.488         -13.201           11.546
   10 (vir)   143          10.074          -7.453          -5.070         -14.083           11.634
   11 (vir)   143          24.725          -6.513          -2.518         -10.108           25.801
   12 (vir)   143          27.730          -7.840          -3.546         -11.706           28.049
   13 (vir)   143          27.789          -7.714          -3.476         -11.703           28.302
   14 (vir)   143          38.115         -10.531          -4.012         -13.372           36.944
   15 (vir)   143          38.513         -10.360          -3.899         -13.236           37.490
   16 (vir)   143          42.619         -12.179          -3.891         -15.225           41.774
   17 (vir)   143          42.938          -3.808          -3.330         -14.735           50.534
   18 (vir)   143          43.474         -11.502          -3.848         -15.986           44.110
   19 (vir)   143          52.101           3.420          -2.107         -10.206           63.620
   20 (vir)   143          70.102           3.757          -2.899         -16.461           87.421
   21 (vir)   143          71.158           1.923          -4.321         -16.584           85.344
   22 (vir)   143          74.146           2.914          -2.251         -14.839           89.648
   23 (vir)   143          76.981           2.712          -3.301         -14.073           90.464
   24 (vir)   143         119.479           1.665         -47.307         -12.588           86.425
   25 (vir)   143         191.550          -1.267          66.832         -12.837          269.952
   26 (vir)   143         233.917          -0.062         -10.062         -17.758          241.550
 
 
  kpoint:     144             coordinate:     0.0000    0.0408    0.0000
 
    n           k   ϵ_nk^DFT (eV)     Σ^c_nk (eV)     Σ^x_nk (eV)    v_nk^xc (eV)   ϵ_nk^G0W0 (eV)
 
    1 (occ)   144         -21.317           9.110         -26.930         -16.203          -22.934
    2 (occ)   144          -8.884           4.063         -18.642         -13.186          -10.276
    3 (occ)   144          -5.297           2.959         -22.471         -18.205           -6.604
    4 (occ)   144          -5.221           2.938         -22.474         -18.238           -6.518
    5 (vir)   144           2.493          -2.362          -2.893          -6.709            3.947
    6 (vir)   144           3.730          -2.183          -2.806          -6.478            5.219
    7 (vir)   144           7.785          -4.292          -7.301         -14.384           10.575
    8 (vir)   144           7.939          -4.344          -7.311         -14.463           10.747
    9 (vir)   144           9.475          -4.613          -6.485         -13.178           11.555
   10 (vir)   144          10.129          -7.502          -5.082         -14.130           11.675
   11 (vir)   144          24.719          -6.140          -2.471         -10.068           26.176
   12 (vir)   144          27.847          -7.831          -3.528         -11.701           28.189
   13 (vir)   144          27.888          -7.734          -3.481         -11.698           28.371
   14 (vir)   144          38.044         -10.389          -3.992         -13.324           36.986
   15 (vir)   144          38.301         -10.261          -3.918         -13.235           37.357
   16 (vir)   144          42.831          -3.790          -3.348         -14.771           50.464
   17 (vir)   144          42.955         -10.658          -3.841         -15.470           43.925
   18 (vir)   144          43.517         -11.241          -3.850         -15.993           44.420
   19 (vir)   144          52.282           3.228          -1.907          -9.770           63.373
   20 (vir)   144          70.225           3.238          -2.909         -16.476           87.030
   21 (vir)   144          71.005           2.472          -3.970         -16.570           86.077
   22 (vir)   144          74.292           2.621          -2.252         -14.825           89.487
   23 (vir)   144          76.113           3.479          -2.951         -14.269           90.910
   24 (vir)   144         134.279          -1.906         -39.181         -12.841          106.033
   25 (vir)   144         191.846          -1.755          60.149         -12.868          263.107
   26 (vir)   144         231.576           0.001          -6.191         -17.601          242.987
 
 
  kpoint:     145             coordinate:     0.0000    0.0306    0.0000
 
    n           k   ϵ_nk^DFT (eV)     Σ^c_nk (eV)     Σ^x_nk (eV)    v_nk^xc (eV)   ϵ_nk^G0W0 (eV)
 
    1 (occ)   145         -21.329           9.183         -26.927         -16.197          -22.876
    2 (occ)   145          -8.903           4.071         -18.644         -13.181          -10.295
    3 (occ)   145          -5.237           2.944         -22.479         -18.233           -6.538
    4 (occ)   145          -5.193           2.931         -22.480         -18.252           -6.489
    5 (vir)   145           2.489          -2.399          -2.898          -6.751            3.943
    6 (vir)   145           3.713          -2.178          -2.791          -6.457            5.201
    7 (vir)   145           7.789          -4.299          -7.305         -14.401           10.586
    8 (vir)   145           7.875          -4.333          -7.311         -14.445           10.676
    9 (vir)   145           9.442          -4.644          -6.472         -13.161           11.487
   10 (vir)   145          10.172          -7.540          -5.091         -14.166           11.707
   11 (vir)   145          24.716          -6.215          -2.446         -10.037           26.091
   12 (vir)   145          27.942          -7.818          -3.513         -11.696           28.307
   13 (vir)   145          27.966          -7.751          -3.486         -11.695           28.424
   14 (vir)   145          37.987         -10.271          -3.976         -13.286           37.025
   15 (vir)   145          38.131         -10.183          -3.933         -13.235           37.251
   16 (vir)   145          42.748          -3.944          -3.362         -14.801           50.242
   17 (vir)   145          43.227         -11.565          -3.795         -15.688           43.555
   18 (vir)   145          43.551         -10.717          -3.857         -15.999           44.975
   19 (vir)   145          52.453           3.901          -1.718          -9.372           64.008
   20 (vir)   145          70.317           2.793          -2.951         -16.487           86.645
   21 (vir)   145          70.815           3.059          -3.492         -16.544           86.926
   22 (vir)   145          74.415           2.333          -2.270         -14.816           89.293
   23 (vir)   145          75.428           2.609          -2.469         -14.470           90.039
   24 (vir)   145         150.895          -0.340          -7.872         -13.120          155.803
   25 (vir)   145         192.032          -5.696          50.223         -12.890          249.449
   26 (vir)   145         228.069          -0.023           3.733         -17.401          249.181
 
 
  kpoint:     146             coordinate:     0.0000    0.0204    0.0000
 
    n           k   ϵ_nk^DFT (eV)     Σ^c_nk (eV)     Σ^x_nk (eV)    v_nk^xc (eV)   ϵ_nk^G0W0 (eV)
 
    1 (occ)   146         -21.337           9.195         -26.925         -16.192          -22.875
    2 (occ)   146          -8.916           4.077         -18.646         -13.177          -10.309
    3 (occ)   146          -5.193           2.932         -22.484         -18.254           -6.491
    4 (occ)   146          -5.172           2.927         -22.484         -18.263           -6.468
    5 (vir)   146           2.487          -2.401          -2.912          -6.784            3.959
    6 (vir)   146           3.701          -2.175          -2.781          -6.443            5.188
    7 (vir)   146           7.793          -4.333          -7.309         -14.413           10.564
    8 (vir)   146           7.830          -4.326          -7.312         -14.432           10.624
    9 (vir)   146           9.420          -4.593          -6.458         -13.149           11.517
   10 (vir)   146          10.202          -7.568          -5.097         -14.192           11.730
   11 (vir)   146          24.715          -5.962          -2.448         -10.015           26.319
   12 (vir)   146          28.012          -7.803          -3.502         -11.693           28.400
   13 (vir)   146          28.023          -7.765          -3.490         -11.692           28.461
   14 (vir)   146          37.945         -10.191          -3.964         -13.258           37.049
   15 (vir)   146          38.009         -10.128          -3.944         -13.235           37.171
   16 (vir)   146          42.688          -3.591          -3.373         -14.822           50.546
   17 (vir)   146          43.427         -11.925          -3.770         -15.859           43.591
   18 (vir)   146          43.574          -9.936          -3.867         -16.003           45.775
   19 (vir)   146          52.596           2.997          -1.597          -9.048           63.045
   20 (vir)   146          70.381           2.489          -3.009         -16.493           86.353
   21 (vir)   146          70.627           3.292          -2.947         -16.518           87.490
   22 (vir)   146          74.507           2.108          -2.290         -14.810           89.135
   23 (vir)   146          74.948           2.799          -2.020         -14.647           90.374
   24 (vir)   146         168.151          -0.280          40.712         -13.384          221.966
   25 (vir)   146         192.142           2.634          40.440         -12.904          248.121
   26 (vir)   146         222.938          -1.159          16.892         -17.202          255.873
 
 
  kpoint:     147             coordinate:     0.0000    0.0102    0.0000
 
    n           k   ϵ_nk^DFT (eV)     Σ^c_nk (eV)     Σ^x_nk (eV)    v_nk^xc (eV)   ϵ_nk^G0W0 (eV)
 
    1 (occ)   147         -21.342           9.184         -26.924         -16.189          -22.893
    2 (occ)   147          -8.924           4.080         -18.647         -13.174          -10.317
    3 (occ)   147          -5.167           2.926         -22.488         -18.267           -6.462
    4 (occ)   147          -5.160           2.924         -22.487         -18.269           -6.454
    5 (vir)   147           2.487          -2.406          -2.928          -6.805            3.958
    6 (vir)   147           3.694          -2.174          -2.775          -6.434            5.180
    7 (vir)   147           7.794          -4.338          -7.311         -14.420           10.566
    8 (vir)   147           7.803          -4.345          -7.312         -14.424           10.571
    9 (vir)   147           9.406          -4.583          -6.448         -13.141           11.516
   10 (vir)   147          10.221          -7.584          -5.100         -14.207           11.743
   11 (vir)   147          24.714          -5.800          -2.462         -10.001           26.453
   12 (vir)   147          28.055          -7.783          -3.495         -11.691           28.468
   13 (vir)   147          28.057          -7.780          -3.492         -11.690           28.475
   14 (vir)   147          37.920         -10.139          -3.956         -13.241           37.066
   15 (vir)   147          37.934         -10.108          -3.952         -13.236           37.111
   16 (vir)   147          42.652          -1.705          -3.380         -14.835           52.402
   17 (vir)   147          43.550           6.719          -3.760         -15.969           62.478
   18 (vir)   147          43.589           6.648          -3.878         -16.006           62.364
   19 (vir)   147          52.692           2.849          -1.549          -8.836           62.827
   20 (vir)   147          70.418           2.297          -3.085         -16.496           86.126
   21 (vir)   147          70.486           3.098          -2.463         -16.501           87.623
   22 (vir)   147          74.563           1.986          -2.265         -14.807           89.092
   23 (vir)   147          74.669           2.309          -1.759         -14.766           89.985
   24 (vir)   147         183.867           2.070          95.055         -13.422          294.414
   25 (vir)   147         192.199           1.152          33.484         -12.913          239.748
   26 (vir)   147         216.035           1.396          19.999         -17.208          254.639
 
 
  kpoint:     148             coordinate:     0.0000    0.0000    0.0000
 
    n           k   ϵ_nk^DFT (eV)     Σ^c_nk (eV)     Σ^x_nk (eV)    v_nk^xc (eV)   ϵ_nk^G0W0 (eV)
 
    1 (occ)   148         -21.343           9.176         -26.924         -16.188          -22.904
    2 (occ)   148          -8.927           4.081         -18.648         -13.174          -10.320
    3 (occ)   148          -5.159           2.924         -22.489         -18.271           -6.454
    4 (occ)   148          -5.155           2.922         -22.488         -18.271           -6.450
    5 (vir)   148           2.487          -2.409          -2.935          -6.812            3.954
    6 (vir)   148           3.692          -2.173          -2.773          -6.431            5.178
    7 (vir)   148           7.792          -4.319          -7.313         -14.422           10.582
    8 (vir)   148           7.797          -4.332          -7.311         -14.422           10.576
    9 (vir)   148           9.402          -4.581          -6.445         -13.139           11.515
   10 (vir)   148          10.227          -7.590          -5.102         -14.212           11.748
   11 (vir)   148          24.714          -5.734          -2.470          -9.997           26.507
   12 (vir)   148          28.068          -7.761          -3.493         -11.690           28.505
   13 (vir)   148          28.070          -7.801          -3.492         -11.689           28.467
   14 (vir)   148          37.908         -10.050          -3.954         -13.236           37.140
   15 (vir)   148          37.913         -10.154          -3.953         -13.235           37.041
   16 (vir)   148          42.640          -1.703          -3.382         -14.840           52.395
   17 (vir)   148          43.590           6.569          -3.713         -16.007           62.454
   18 (vir)   148          43.594           6.401          -3.927         -16.006           62.074
   19 (vir)   148          52.725           2.724          -1.540          -8.762           62.671
   20 (vir)   148          70.429           1.979          -3.426         -16.498           85.481
   21 (vir)   148          70.436           3.369          -1.961         -16.495           88.339
   22 (vir)   148          74.575           2.329          -1.215         -14.809           90.497
   23 (vir)   148          74.586           1.766          -2.710         -14.805           88.447
   24 (vir)   148         192.216           1.007          29.408         -12.915          235.546
   25 (vir)   148         192.267           2.307         142.050         -12.916          349.539
   26 (vir)   148         210.890           1.983          -1.761         -17.731          228.843
 
